[0.265s] Invoking command in '/repo/ws/build/px4': CMAKE_PREFIX_PATH=${CMAKE_PREFIX_PATH}:/opt/ros/jazzy /usr/bin/cmake /repo/ws/src/px4 -DAMENT_CMAKE_SYMLINK_INSTALL=1 -DCMAKE_INSTALL_PREFIX=/repo/ws/install
[0.288s] -- PX4_GIT_TAG: v1.16.0-1-g991a3f511b
[0.288s] [33mCMake Warning (dev) at CMakeLists.txt:176 (find_package):
[0.288s]   Policy CMP0148 is not set: The FindPythonInterp and FindPythonLibs modules
[0.288s]   are removed.  Run "cmake --help-policy CMP0148" for policy details.  Use
[0.288s]   the cmake_policy command to set the policy and suppress this warning.
[0.289s] 
[0.289s] This warning is for project developers.  Use -Wno-dev to suppress it.
[0.289s] [0m
[0.331s] -- Found PythonInterp: /opt/venv/bin/python3 (found suitable version "3.12.3", minimum required is "3") 
[0.386s] -- PX4 config file: /repo/ws/src/px4/boards/px4/ros2/default.px4board
[0.649s] -- PLATFORM ros2
[0.649s] -- ROMFSROOT px4fmu_common
[0.651s] -- ROOT_PATH /fs/microsd
[0.651s] -- PARAM_FILE /fs/mtd_params
[0.670s] -- PX4 config: px4_ros2_default
[0.670s] -- PX4 platform: ros2
[0.756s] -- The CXX compiler identification is GNU 13.3.0
[0.779s] -- Detecting CXX compiler ABI info
[0.928s] -- Detecting CXX compiler ABI info - done
[0.941s] -- Check for working CXX compiler: /usr/bin/c++ - skipped
[0.942s] -- Detecting CXX compile features
[0.943s] -- Detecting CXX compile features - done
[0.949s] -- Found ament_cmake: 2.5.4 (/opt/ros/jazzy/share/ament_cmake/cmake)
[1.139s] -- Found Python3: /opt/venv/bin/python3 (found version "3.12.3") found components: Interpreter 
[1.243s] -- Override CMake install command with custom implementation using symlinks instead of copying resources
[1.334s] -- Found rclcpp: 28.1.13 (/opt/ros/jazzy/share/rclcpp/cmake)
[1.422s] -- Found rosidl_generator_c: 4.6.6 (/opt/ros/jazzy/share/rosidl_generator_c/cmake)
[1.452s] -- Found rosidl_generator_cpp: 4.6.6 (/opt/ros/jazzy/share/rosidl_generator_cpp/cmake)
[1.488s] -- Using all available rosidl_typesupport_c: rosidl_typesupport_fastrtps_c;rosidl_typesupport_introspection_c
[1.523s] -- Using all available rosidl_typesupport_cpp: rosidl_typesupport_fastrtps_cpp;rosidl_typesupport_introspection_cpp
[1.672s] -- Found rmw_implementation_cmake: 7.3.2 (/opt/ros/jazzy/share/rmw_implementation_cmake/cmake)
[1.679s] -- Found rmw_fastrtps_cpp: 8.4.3 (/opt/ros/jazzy/share/rmw_fastrtps_cpp/cmake)
[1.829s] -- Found OpenSSL: /usr/lib/x86_64-linux-gnu/libcrypto.so (found version "3.0.13")  
[1.858s] -- Found FastRTPS: /opt/ros/jazzy/include (Required is at least version "2.13") 
[1.889s] -- Using RMW implementation 'rmw_fastrtps_cpp' as default
[2.018s] -- Found rosidl_default_generators: 1.6.0 (/opt/ros/jazzy/share/rosidl_default_generators/cmake)
[2.052s] -- Found rosidl_adapter: 4.6.6 (/opt/ros/jazzy/share/rosidl_adapter/cmake)
[2.060s] -- Found std_msgs: 5.3.6 (/opt/ros/jazzy/share/std_msgs/cmake)
[2.136s] -- The C compiler identification is GNU 13.3.0
[2.153s] -- The ASM compiler identification is GNU
[2.156s] -- Found assembler: /usr/bin/cc
[2.168s] -- Detecting C compiler ABI info
[2.291s] -- Detecting C compiler ABI info - done
[2.303s] -- Check for working C compiler: /usr/bin/cc - skipped
[2.303s] -- Detecting C compile features
[2.304s] -- Detecting C compile features - done
[2.317s] -- cmake build type: RelWithDebInfo
[2.424s] CMake Warning (dev) at /usr/share/cmake-3.28/Modules/ExternalProject.cmake:3195 (message):
[2.424s]   The DOWNLOAD_EXTRACT_TIMESTAMP option was not given and policy CMP0135 is
[2.424s]   not set.  The policy's OLD behavior will be used.  When using a URL
[2.424s]   download, the timestamps of extracted files should preferably be that of
[2.424s]   the time of extraction, otherwise code that depends on the extracted
[2.424s]   contents might not be rebuilt if the URL changes.  The OLD behavior
[2.425s]   preserves the timestamps from the archive instead, but this is usually not
[2.425s]   what you want.  Update your project to the NEW behavior or specify the
[2.425s]   DOWNLOAD_EXTRACT_TIMESTAMP option with a value of true to avoid this
[2.425s]   robustness issue.
[2.426s] Call Stack (most recent call first):
[2.426s]   /usr/share/cmake-3.28/Modules/ExternalProject.cmake:4418 (_ep_add_download_command)
[2.426s]   CMakeLists.txt:6 (ExternalProject_Add)
[2.426s] This warning is for project developers.  Use -Wno-dev to suppress it.
[2.426s] 
[2.433s] -- Configuring done (0.0s)
[2.436s] -- Generating done (0.0s)
[2.437s] -- Build files have been written to: /repo/ws/build/px4/googletest-download
[2.511s] [ 11%] Creating directories for 'googletest'
[2.550s] [ 22%] Performing download step (download, verify and extract) for 'googletest'
[3.543s] -- googletest download command succeeded.  See also /repo/ws/build/px4/googletest-download/googletest-prefix/src/googletest-stamp/googletest-download-*.log
[3.571s] [ 33%] No update step for 'googletest'
[3.619s] [ 44%] No patch step for 'googletest'
[3.664s] [ 55%] No configure step for 'googletest'
[3.704s] [ 66%] No build step for 'googletest'
[3.745s] [ 77%] No install step for 'googletest'
[3.786s] [ 88%] No test step for 'googletest'
[3.826s] [100%] Completed 'googletest'
[3.878s] [100%] Built target googletest
[4.104s] -- Found Python: /opt/venv/bin/python3 (found version "3.12.3") found components: Interpreter 
[4.104s] -- Performing Test CMAKE_HAVE_LIBC_PTHREAD
[4.227s] -- Performing Test CMAKE_HAVE_LIBC_PTHREAD - Success
[4.230s] -- Found Threads: TRUE  
[4.755s] -- ROS_VERSION: 2
[4.755s] -- AMENT_PREFIX_PATH: /opt/ros/jazzy
[7.205s] -- Found ament_cmake_ros: 0.12.0 (/opt/ros/jazzy/share/ament_cmake_ros/cmake)
[8.121s] -- Using all available rosidl_typesupport_c: rosidl_typesupport_fastrtps_c;rosidl_typesupport_introspection_c
[8.471s] -- Using all available rosidl_typesupport_cpp: rosidl_typesupport_fastrtps_cpp;rosidl_typesupport_introspection_cpp
[8.482s] -- Found python_cmake_module: 0.11.1 (/opt/ros/jazzy/share/python_cmake_module/cmake)
[8.631s] -- Found PythonExtra: /opt/venv/bin/python3  
[9.106s] -- Found Python3: /opt/venv/bin/python3 (found version "3.12.3") found components: Interpreter Development NumPy Development.Module Development.Embed 
[9.402s] [0mArchitecture:  amd64[0m
[9.402s] [0m==> CPACK_INSTALL_PREFIX = @DEB_INSTALL_PREFIX@[0m
[9.565s] -- Configuring done (9.3s)
[10.760s] -- Generating done (1.0s)
[10.944s] -- Build files have been written to: /repo/ws/build/px4
[11.019s] Invoked command in '/repo/ws/build/px4' returned '0': CMAKE_PREFIX_PATH=${CMAKE_PREFIX_PATH}:/opt/ros/jazzy /usr/bin/cmake /repo/ws/src/px4 -DAMENT_CMAKE_SYMLINK_INSTALL=1 -DCMAKE_INSTALL_PREFIX=/repo/ws/install
[11.020s] Invoking command in '/repo/ws/build/px4': CMAKE_PREFIX_PATH=${CMAKE_PREFIX_PATH}:/opt/ros/jazzy /usr/bin/cmake --build /repo/ws/build/px4 -- -j4 -l4
[11.113s] [  0%] [32mBuilding CXX object platforms/ros2/src/px4/common/CMakeFiles/px4_layer.dir/drv_hrt.cpp.o[0m
[11.228s] [  0%] [32mBuilding CXX object platforms/ros2/src/px4/common/CMakeFiles/px4_layer.dir/px4_sem.cpp.o[0m
[11.353s] [  0%] [32m[1mLinking CXX static library libpx4_layer.a[0m
[11.435s] [  0%] Built target px4_layer
[11.481s] [  0%] Built target ament_cmake_python_symlink_px4
[11.520s] [  0%] [34m[1mGenerating type hashes for ROS interfaces[0m
[48.732s] [  0%] Built target px4__rosidl_generator_type_description
[48.764s] [  0%] [32mBuilding CXX object boards/px4/ros2/src/CMakeFiles/drivers_board.dir/init.cpp.o[0m
[48.790s] [  0%] [34m[1mGenerating C code for ROS interfaces[0m
[48.821s] [  0%] [34m[1mGenerating C++ code for ROS interfaces[0m
[48.834s] [  0%] [32m[1mLinking CXX static library libdrivers_board.a[0m
[48.920s] [  0%] Built target drivers_board
[48.982s] running egg_info
[48.996s] creating px4.egg-info
[48.996s] writing px4.egg-info/PKG-INFO
[48.998s] writing dependency_links to px4.egg-info/dependency_links.txt
[48.998s] writing top-level names to px4.egg-info/top_level.txt
[48.998s] writing manifest file 'px4.egg-info/SOURCES.txt'
[49.046s] reading manifest file 'px4.egg-info/SOURCES.txt'
[49.046s] writing manifest file 'px4.egg-info/SOURCES.txt'
[49.132s] [  0%] Built target ament_cmake_python_build_px4_egg
[99.175s] [  0%] Built target px4__cpp
[103.337s] [  0%] [32mBuilding C object platforms/ros2/CMakeFiles/px4__rosidl_generator_c.dir/rosidl_generator_c/px4/msg/detail/ackermann_velocity_setpoint__description.c.o[0m
[103.337s] [  0%] [32mBuilding C object platforms/ros2/CMakeFiles/px4__rosidl_generator_c.dir/rosidl_generator_c/px4/msg/detail/ackermann_velocity_setpoint__type_support.c.o[0m
[103.337s] [  0%] [32mBuilding C object platforms/ros2/CMakeFiles/px4__rosidl_generator_c.dir/rosidl_generator_c/px4/msg/detail/action_request__description.c.o[0m
[103.337s] [  0%] [32mBuilding C object platforms/ros2/CMakeFiles/px4__rosidl_generator_c.dir/rosidl_generator_c/px4/msg/detail/ackermann_velocity_setpoint__functions.c.o[0m
[103.389s] [  0%] [32mBuilding C object platforms/ros2/CMakeFiles/px4__rosidl_generator_c.dir/rosidl_generator_c/px4/msg/detail/action_request__functions.c.o[0m
[103.409s] [  0%] [32mBuilding C object platforms/ros2/CMakeFiles/px4__rosidl_generator_c.dir/rosidl_generator_c/px4/msg/detail/action_request__type_support.c.o[0m
[103.412s] [  0%] [32mBuilding C object platforms/ros2/CMakeFiles/px4__rosidl_generator_c.dir/rosidl_generator_c/px4/msg/detail/actuator_armed__description.c.o[0m
[103.465s] [  0%] [32mBuilding C object platforms/ros2/CMakeFiles/px4__rosidl_generator_c.dir/rosidl_generator_c/px4/msg/detail/actuator_armed__functions.c.o[0m
[103.468s] [  0%] [32mBuilding C object platforms/ros2/CMakeFiles/px4__rosidl_generator_c.dir/rosidl_generator_c/px4/msg/detail/actuator_armed__type_support.c.o[0m
[103.480s] [  0%] [32mBuilding C object platforms/ros2/CMakeFiles/px4__rosidl_generator_c.dir/rosidl_generator_c/px4/msg/detail/actuator_controls_status__description.c.o[0m
[103.523s] [  0%] [32mBuilding C object platforms/ros2/CMakeFiles/px4__rosidl_generator_c.dir/rosidl_generator_c/px4/msg/detail/actuator_controls_status__functions.c.o[0m
[103.527s] [  0%] [32mBuilding C object platforms/ros2/CMakeFiles/px4__rosidl_generator_c.dir/rosidl_generator_c/px4/msg/detail/actuator_controls_status__type_support.c.o[0m
[103.551s] [  0%] [32mBuilding C object platforms/ros2/CMakeFiles/px4__rosidl_generator_c.dir/rosidl_generator_c/px4/msg/detail/actuator_outputs__description.c.o[0m
[103.594s] [  0%] [32mBuilding C object platforms/ros2/CMakeFiles/px4__rosidl_generator_c.dir/rosidl_generator_c/px4/msg/detail/actuator_outputs__functions.c.o[0m
[103.602s] [  0%] [32mBuilding C object platforms/ros2/CMakeFiles/px4__rosidl_generator_c.dir/rosidl_generator_c/px4/msg/detail/actuator_outputs__type_support.c.o[0m
[103.636s] [  0%] [32mBuilding C object platforms/ros2/CMakeFiles/px4__rosidl_generator_c.dir/rosidl_generator_c/px4/msg/detail/actuator_servos_trim__description.c.o[0m
[103.668s] [  0%] [32mBuilding C object platforms/ros2/CMakeFiles/px4__rosidl_generator_c.dir/rosidl_generator_c/px4/msg/detail/actuator_servos_trim__functions.c.o[0m
[103.675s] [  0%] [32mBuilding C object platforms/ros2/CMakeFiles/px4__rosidl_generator_c.dir/rosidl_generator_c/px4/msg/detail/actuator_servos_trim__type_support.c.o[0m
[103.701s] [  1%] [32mBuilding C object platforms/ros2/CMakeFiles/px4__rosidl_generator_c.dir/rosidl_generator_c/px4/msg/detail/actuator_test__description.c.o[0m
[103.734s] [  1%] [32mBuilding C object platforms/ros2/CMakeFiles/px4__rosidl_generator_c.dir/rosidl_generator_c/px4/msg/detail/actuator_test__functions.c.o[0m
[103.744s] [  1%] [32mBuilding C object platforms/ros2/CMakeFiles/px4__rosidl_generator_c.dir/rosidl_generator_c/px4/msg/detail/actuator_test__type_support.c.o[0m
[103.777s] [  1%] [32mBuilding C object platforms/ros2/CMakeFiles/px4__rosidl_generator_c.dir/rosidl_generator_c/px4/msg/detail/adc_report__description.c.o[0m
[103.798s] [  1%] [32mBuilding C object platforms/ros2/CMakeFiles/px4__rosidl_generator_c.dir/rosidl_generator_c/px4/msg/detail/adc_report__functions.c.o[0m
[103.813s] [  1%] [32mBuilding C object platforms/ros2/CMakeFiles/px4__rosidl_generator_c.dir/rosidl_generator_c/px4/msg/detail/adc_report__type_support.c.o[0m
[103.853s] [  1%] [32mBuilding C object platforms/ros2/CMakeFiles/px4__rosidl_generator_c.dir/rosidl_generator_c/px4/msg/detail/airspeed__description.c.o[0m
[103.907s] [  1%] [32mBuilding C object platforms/ros2/CMakeFiles/px4__rosidl_generator_c.dir/rosidl_generator_c/px4/msg/detail/airspeed__functions.c.o[0m
[103.916s] [  1%] [32mBuilding C object platforms/ros2/CMakeFiles/px4__rosidl_generator_c.dir/rosidl_generator_c/px4/msg/detail/airspeed__type_support.c.o[0m
[103.920s] [  1%] [32mBuilding C object platforms/ros2/CMakeFiles/px4__rosidl_generator_c.dir/rosidl_generator_c/px4/msg/detail/airspeed_wind__description.c.o[0m
[103.963s] [  1%] [32mBuilding C object platforms/ros2/CMakeFiles/px4__rosidl_generator_c.dir/rosidl_generator_c/px4/msg/detail/airspeed_wind__functions.c.o[0m
[103.973s] [  1%] [32mBuilding C object platforms/ros2/CMakeFiles/px4__rosidl_generator_c.dir/rosidl_generator_c/px4/msg/detail/airspeed_wind__type_support.c.o[0m
[103.993s] [  1%] [32mBuilding C object platforms/ros2/CMakeFiles/px4__rosidl_generator_c.dir/rosidl_generator_c/px4/msg/detail/autotune_attitude_control_status__description.c.o[0m
[104.029s] [  1%] [32mBuilding C object platforms/ros2/CMakeFiles/px4__rosidl_generator_c.dir/rosidl_generator_c/px4/msg/detail/autotune_attitude_control_status__functions.c.o[0m
[104.042s] [  1%] [32mBuilding C object platforms/ros2/CMakeFiles/px4__rosidl_generator_c.dir/rosidl_generator_c/px4/msg/detail/autotune_attitude_control_status__type_support.c.o[0m
[104.066s] [  1%] [32mBuilding C object platforms/ros2/CMakeFiles/px4__rosidl_generator_c.dir/rosidl_generator_c/px4/msg/detail/button_event__description.c.o[0m
[104.093s] [  1%] [32mBuilding C object platforms/ros2/CMakeFiles/px4__rosidl_generator_c.dir/rosidl_generator_c/px4/msg/detail/button_event__functions.c.o[0m
[104.114s] [  1%] [32mBuilding C object platforms/ros2/CMakeFiles/px4__rosidl_generator_c.dir/rosidl_generator_c/px4/msg/detail/button_event__type_support.c.o[0m
[104.129s] [  1%] [32mBuilding C object platforms/ros2/CMakeFiles/px4__rosidl_generator_c.dir/rosidl_generator_c/px4/msg/detail/camera_capture__description.c.o[0m
[104.168s] [  1%] [32mBuilding C object platforms/ros2/CMakeFiles/px4__rosidl_generator_c.dir/rosidl_generator_c/px4/msg/detail/camera_capture__functions.c.o[0m
[104.182s] [  1%] [32mBuilding C object platforms/ros2/CMakeFiles/px4__rosidl_generator_c.dir/rosidl_generator_c/px4/msg/detail/camera_capture__type_support.c.o[0m
[104.199s] [  1%] [32mBuilding C object platforms/ros2/CMakeFiles/px4__rosidl_generator_c.dir/rosidl_generator_c/px4/msg/detail/camera_status__description.c.o[0m
[104.222s] [  1%] [32mBuilding C object platforms/ros2/CMakeFiles/px4__rosidl_generator_c.dir/rosidl_generator_c/px4/msg/detail/camera_status__functions.c.o[0m
[104.241s] [  1%] [32mBuilding C object platforms/ros2/CMakeFiles/px4__rosidl_generator_c.dir/rosidl_generator_c/px4/msg/detail/camera_status__type_support.c.o[0m
[104.266s] [  1%] [32mBuilding C object platforms/ros2/CMakeFiles/px4__rosidl_generator_c.dir/rosidl_generator_c/px4/msg/detail/camera_trigger__description.c.o[0m
[104.298s] [  1%] [32mBuilding C object platforms/ros2/CMakeFiles/px4__rosidl_generator_c.dir/rosidl_generator_c/px4/msg/detail/camera_trigger__functions.c.o[0m
[104.306s] [  1%] [32mBuilding C object platforms/ros2/CMakeFiles/px4__rosidl_generator_c.dir/rosidl_generator_c/px4/msg/detail/camera_trigger__type_support.c.o[0m
[104.339s] [  1%] [32mBuilding C object platforms/ros2/CMakeFiles/px4__rosidl_generator_c.dir/rosidl_generator_c/px4/msg/detail/can_interface_status__description.c.o[0m
[104.354s] [  2%] [32mBuilding C object platforms/ros2/CMakeFiles/px4__rosidl_generator_c.dir/rosidl_generator_c/px4/msg/detail/can_interface_status__functions.c.o[0m
[104.363s] [  2%] [32mBuilding C object platforms/ros2/CMakeFiles/px4__rosidl_generator_c.dir/rosidl_generator_c/px4/msg/detail/can_interface_status__type_support.c.o[0m
[104.407s] [  2%] [32mBuilding C object platforms/ros2/CMakeFiles/px4__rosidl_generator_c.dir/rosidl_generator_c/px4/msg/detail/cellular_status__description.c.o[0m
[104.417s] [  2%] [32mBuilding C object platforms/ros2/CMakeFiles/px4__rosidl_generator_c.dir/rosidl_generator_c/px4/msg/detail/cellular_status__functions.c.o[0m
[104.446s] [  2%] [32mBuilding C object platforms/ros2/CMakeFiles/px4__rosidl_generator_c.dir/rosidl_generator_c/px4/msg/detail/cellular_status__type_support.c.o[0m
[104.476s] [  2%] [32mBuilding C object platforms/ros2/CMakeFiles/px4__rosidl_generator_c.dir/rosidl_generator_c/px4/msg/detail/collision_constraints__description.c.o[0m
[104.483s] [  2%] [32mBuilding C object platforms/ros2/CMakeFiles/px4__rosidl_generator_c.dir/rosidl_generator_c/px4/msg/detail/collision_constraints__functions.c.o[0m
[104.501s] [  2%] [32mBuilding C object platforms/ros2/CMakeFiles/px4__rosidl_generator_c.dir/rosidl_generator_c/px4/msg/detail/collision_constraints__type_support.c.o[0m
[104.547s] [  2%] [32mBuilding C object platforms/ros2/CMakeFiles/px4__rosidl_generator_c.dir/rosidl_generator_c/px4/msg/detail/control_allocator_status__description.c.o[0m
[104.554s] [  2%] [32mBuilding C object platforms/ros2/CMakeFiles/px4__rosidl_generator_c.dir/rosidl_generator_c/px4/msg/detail/control_allocator_status__functions.c.o[0m
[104.556s] [  2%] [32mBuilding C object platforms/ros2/CMakeFiles/px4__rosidl_generator_c.dir/rosidl_generator_c/px4/msg/detail/control_allocator_status__type_support.c.o[0m
[104.614s] [  2%] [32mBuilding C object platforms/ros2/CMakeFiles/px4__rosidl_generator_c.dir/rosidl_generator_c/px4/msg/detail/cpuload__description.c.o[0m
[104.615s] [  2%] [32mBuilding C object platforms/ros2/CMakeFiles/px4__rosidl_generator_c.dir/rosidl_generator_c/px4/msg/detail/cpuload__functions.c.o[0m
[104.617s] [  2%] [32mBuilding C object platforms/ros2/CMakeFiles/px4__rosidl_generator_c.dir/rosidl_generator_c/px4/msg/detail/cpuload__type_support.c.o[0m
[104.670s] [  2%] [32mBuilding C object platforms/ros2/CMakeFiles/px4__rosidl_generator_c.dir/rosidl_generator_c/px4/msg/detail/dataman_request__description.c.o[0m
[104.682s] [  2%] [32mBuilding C object platforms/ros2/CMakeFiles/px4__rosidl_generator_c.dir/rosidl_generator_c/px4/msg/detail/dataman_request__functions.c.o[0m
[104.708s] [  2%] [32mBuilding C object platforms/ros2/CMakeFiles/px4__rosidl_generator_c.dir/rosidl_generator_c/px4/msg/detail/dataman_request__type_support.c.o[0m
[104.739s] [  2%] [32mBuilding C object platforms/ros2/CMakeFiles/px4__rosidl_generator_c.dir/rosidl_generator_c/px4/msg/detail/dataman_response__description.c.o[0m
[104.747s] [  2%] [32mBuilding C object platforms/ros2/CMakeFiles/px4__rosidl_generator_c.dir/rosidl_generator_c/px4/msg/detail/dataman_response__functions.c.o[0m
[104.763s] [  2%] [32mBuilding C object platforms/ros2/CMakeFiles/px4__rosidl_generator_c.dir/rosidl_generator_c/px4/msg/detail/dataman_response__type_support.c.o[0m
[104.807s] [  2%] [32mBuilding C object platforms/ros2/CMakeFiles/px4__rosidl_generator_c.dir/rosidl_generator_c/px4/msg/detail/debug_array__description.c.o[0m
[104.823s] [  2%] [32mBuilding C object platforms/ros2/CMakeFiles/px4__rosidl_generator_c.dir/rosidl_generator_c/px4/msg/detail/debug_array__functions.c.o[0m
[104.824s] [  2%] [32mBuilding C object platforms/ros2/CMakeFiles/px4__rosidl_generator_c.dir/rosidl_generator_c/px4/msg/detail/debug_array__type_support.c.o[0m
[104.879s] [  2%] [32mBuilding C object platforms/ros2/CMakeFiles/px4__rosidl_generator_c.dir/rosidl_generator_c/px4/msg/detail/debug_key_value__description.c.o[0m
[104.879s] [  2%] [32mBuilding C object platforms/ros2/CMakeFiles/px4__rosidl_generator_c.dir/rosidl_generator_c/px4/msg/detail/debug_key_value__functions.c.o[0m
[104.883s] [  2%] [32mBuilding C object platforms/ros2/CMakeFiles/px4__rosidl_generator_c.dir/rosidl_generator_c/px4/msg/detail/debug_key_value__type_support.c.o[0m
[104.937s] [  2%] [32mBuilding C object platforms/ros2/CMakeFiles/px4__rosidl_generator_c.dir/rosidl_generator_c/px4/msg/detail/debug_value__description.c.o[0m
[104.947s] [  2%] [32mBuilding C object platforms/ros2/CMakeFiles/px4__rosidl_generator_c.dir/rosidl_generator_c/px4/msg/detail/debug_value__functions.c.o[0m
[104.964s] [  2%] [32mBuilding C object platforms/ros2/CMakeFiles/px4__rosidl_generator_c.dir/rosidl_generator_c/px4/msg/detail/debug_value__type_support.c.o[0m
[105.004s] [  3%] [32mBuilding C object platforms/ros2/CMakeFiles/px4__rosidl_generator_c.dir/rosidl_generator_c/px4/msg/detail/debug_vect__description.c.o[0m
[105.019s] [  3%] [32mBuilding C object platforms/ros2/CMakeFiles/px4__rosidl_generator_c.dir/rosidl_generator_c/px4/msg/detail/debug_vect__functions.c.o[0m
[105.026s] [  3%] [32mBuilding C object platforms/ros2/CMakeFiles/px4__rosidl_generator_c.dir/rosidl_generator_c/px4/msg/detail/debug_vect__type_support.c.o[0m
[105.079s] [  3%] [32mBuilding C object platforms/ros2/CMakeFiles/px4__rosidl_generator_c.dir/rosidl_generator_c/px4/msg/detail/differential_pressure__functions.c.o[0m
[105.092s] [  3%] [32mBuilding C object platforms/ros2/CMakeFiles/px4__rosidl_generator_c.dir/rosidl_generator_c/px4/msg/detail/differential_pressure__description.c.o[0m
[105.101s] [  3%] [32mBuilding C object platforms/ros2/CMakeFiles/px4__rosidl_generator_c.dir/rosidl_generator_c/px4/msg/detail/differential_pressure__type_support.c.o[0m
[105.163s] [  3%] [32mBuilding C object platforms/ros2/CMakeFiles/px4__rosidl_generator_c.dir/rosidl_generator_c/px4/msg/detail/differential_velocity_setpoint__description.c.o[0m
[105.164s] [  3%] [32mBuilding C object platforms/ros2/CMakeFiles/px4__rosidl_generator_c.dir/rosidl_generator_c/px4/msg/detail/differential_velocity_setpoint__functions.c.o[0m
[105.167s] [  3%] [32mBuilding C object platforms/ros2/CMakeFiles/px4__rosidl_generator_c.dir/rosidl_generator_c/px4/msg/detail/differential_velocity_setpoint__type_support.c.o[0m
[105.229s] [  3%] [32mBuilding C object platforms/ros2/CMakeFiles/px4__rosidl_generator_c.dir/rosidl_generator_c/px4/msg/detail/distance_sensor__description.c.o[0m
[105.236s] [  3%] [32mBuilding C object platforms/ros2/CMakeFiles/px4__rosidl_generator_c.dir/rosidl_generator_c/px4/msg/detail/distance_sensor__functions.c.o[0m
[105.255s] [  3%] [32mBuilding C object platforms/ros2/CMakeFiles/px4__rosidl_generator_c.dir/rosidl_generator_c/px4/msg/detail/distance_sensor__type_support.c.o[0m
[105.311s] [  3%] [32mBuilding C object platforms/ros2/CMakeFiles/px4__rosidl_generator_c.dir/rosidl_generator_c/px4/msg/detail/distance_sensor_mode_change_request__description.c.o[0m
[105.314s] [  3%] [32mBuilding C object platforms/ros2/CMakeFiles/px4__rosidl_generator_c.dir/rosidl_generator_c/px4/msg/detail/distance_sensor_mode_change_request__functions.c.o[0m
[105.333s] [  3%] [32mBuilding C object platforms/ros2/CMakeFiles/px4__rosidl_generator_c.dir/rosidl_generator_c/px4/msg/detail/distance_sensor_mode_change_request__type_support.c.o[0m
[105.381s] [  3%] [32mBuilding C object platforms/ros2/CMakeFiles/px4__rosidl_generator_c.dir/rosidl_generator_c/px4/msg/detail/ekf2_timestamps__description.c.o[0m
[105.387s] [  3%] [32mBuilding C object platforms/ros2/CMakeFiles/px4__rosidl_generator_c.dir/rosidl_generator_c/px4/msg/detail/ekf2_timestamps__functions.c.o[0m
[105.419s] [  3%] [32mBuilding C object platforms/ros2/CMakeFiles/px4__rosidl_generator_c.dir/rosidl_generator_c/px4/msg/detail/ekf2_timestamps__type_support.c.o[0m
[105.450s] [  3%] [32mBuilding C object platforms/ros2/CMakeFiles/px4__rosidl_generator_c.dir/rosidl_generator_c/px4/msg/detail/esc_report__description.c.o[0m
[105.452s] [  3%] [32mBuilding C object platforms/ros2/CMakeFiles/px4__rosidl_generator_c.dir/rosidl_generator_c/px4/msg/detail/esc_report__functions.c.o[0m
[105.475s] [  3%] [32mBuilding C object platforms/ros2/CMakeFiles/px4__rosidl_generator_c.dir/rosidl_generator_c/px4/msg/detail/esc_report__type_support.c.o[0m
[105.520s] [  3%] [32mBuilding C object platforms/ros2/CMakeFiles/px4__rosidl_generator_c.dir/rosidl_generator_c/px4/msg/detail/esc_status__description.c.o[0m
[105.527s] [  3%] [32mBuilding C object platforms/ros2/CMakeFiles/px4__rosidl_generator_c.dir/rosidl_generator_c/px4/msg/detail/esc_status__functions.c.o[0m
[105.535s] [  3%] [32mBuilding C object platforms/ros2/CMakeFiles/px4__rosidl_generator_c.dir/rosidl_generator_c/px4/msg/detail/esc_status__type_support.c.o[0m
[105.587s] [  3%] [32mBuilding C object platforms/ros2/CMakeFiles/px4__rosidl_generator_c.dir/rosidl_generator_c/px4/msg/detail/estimator_aid_source1d__description.c.o[0m
[105.593s] [  3%] [32mBuilding C object platforms/ros2/CMakeFiles/px4__rosidl_generator_c.dir/rosidl_generator_c/px4/msg/detail/estimator_aid_source1d__functions.c.o[0m
[105.614s] [  3%] [32mBuilding C object platforms/ros2/CMakeFiles/px4__rosidl_generator_c.dir/rosidl_generator_c/px4/msg/detail/estimator_aid_source1d__type_support.c.o[0m
[105.658s] [  3%] [32mBuilding C object platforms/ros2/CMakeFiles/px4__rosidl_generator_c.dir/rosidl_generator_c/px4/msg/detail/estimator_aid_source2d__description.c.o[0m
[105.669s] [  3%] [32mBuilding C object platforms/ros2/CMakeFiles/px4__rosidl_generator_c.dir/rosidl_generator_c/px4/msg/detail/estimator_aid_source2d__functions.c.o[0m
[105.683s] [  5%] [32mBuilding C object platforms/ros2/CMakeFiles/px4__rosidl_generator_c.dir/rosidl_generator_c/px4/msg/detail/estimator_aid_source2d__type_support.c.o[0m
[105.727s] [  5%] [32mBuilding C object platforms/ros2/CMakeFiles/px4__rosidl_generator_c.dir/rosidl_generator_c/px4/msg/detail/estimator_aid_source3d__description.c.o[0m
[105.730s] [  5%] [32mBuilding C object platforms/ros2/CMakeFiles/px4__rosidl_generator_c.dir/rosidl_generator_c/px4/msg/detail/estimator_aid_source3d__functions.c.o[0m
[105.739s] [  5%] [32mBuilding C object platforms/ros2/CMakeFiles/px4__rosidl_generator_c.dir/rosidl_generator_c/px4/msg/detail/estimator_aid_source3d__type_support.c.o[0m
[105.799s] [  5%] [32mBuilding C object platforms/ros2/CMakeFiles/px4__rosidl_generator_c.dir/rosidl_generator_c/px4/msg/detail/estimator_bias__description.c.o[0m
[105.807s] [  5%] [32mBuilding C object platforms/ros2/CMakeFiles/px4__rosidl_generator_c.dir/rosidl_generator_c/px4/msg/detail/estimator_bias__functions.c.o[0m
[105.820s] [  5%] [32mBuilding C object platforms/ros2/CMakeFiles/px4__rosidl_generator_c.dir/rosidl_generator_c/px4/msg/detail/estimator_bias__type_support.c.o[0m
[105.879s] [  5%] [32mBuilding C object platforms/ros2/CMakeFiles/px4__rosidl_generator_c.dir/rosidl_generator_c/px4/msg/detail/estimator_bias3d__description.c.o[0m
[105.897s] [  5%] [32mBuilding C object platforms/ros2/CMakeFiles/px4__rosidl_generator_c.dir/rosidl_generator_c/px4/msg/detail/estimator_bias3d__functions.c.o[0m
[105.906s] [  5%] [32mBuilding C object platforms/ros2/CMakeFiles/px4__rosidl_generator_c.dir/rosidl_generator_c/px4/msg/detail/estimator_bias3d__type_support.c.o[0m
[105.943s] [  5%] [32mBuilding C object platforms/ros2/CMakeFiles/px4__rosidl_generator_c.dir/rosidl_generator_c/px4/msg/detail/estimator_event_flags__description.c.o[0m
[105.952s] [  5%] [32mBuilding C object platforms/ros2/CMakeFiles/px4__rosidl_generator_c.dir/rosidl_generator_c/px4/msg/detail/estimator_event_flags__functions.c.o[0m
[105.965s] [  5%] [32mBuilding C object platforms/ros2/CMakeFiles/px4__rosidl_generator_c.dir/rosidl_generator_c/px4/msg/detail/estimator_event_flags__type_support.c.o[0m
[106.017s] [  5%] [32mBuilding C object platforms/ros2/CMakeFiles/px4__rosidl_generator_c.dir/rosidl_generator_c/px4/msg/detail/estimator_gps_status__functions.c.o[0m
[106.030s] [  5%] [32mBuilding C object platforms/ros2/CMakeFiles/px4__rosidl_generator_c.dir/rosidl_generator_c/px4/msg/detail/estimator_gps_status__description.c.o[0m
[106.050s] [  5%] [32mBuilding C object platforms/ros2/CMakeFiles/px4__rosidl_generator_c.dir/rosidl_generator_c/px4/msg/detail/estimator_gps_status__type_support.c.o[0m
[106.093s] [  5%] [32mBuilding C object platforms/ros2/CMakeFiles/px4__rosidl_generator_c.dir/rosidl_generator_c/px4/msg/detail/estimator_innovations__description.c.o[0m
[106.106s] [  5%] [32mBuilding C object platforms/ros2/CMakeFiles/px4__rosidl_generator_c.dir/rosidl_generator_c/px4/msg/detail/estimator_innovations__functions.c.o[0m
[106.109s] [  5%] [32mBuilding C object platforms/ros2/CMakeFiles/px4__rosidl_generator_c.dir/rosidl_generator_c/px4/msg/detail/estimator_innovations__type_support.c.o[0m
[106.157s] [  5%] [32mBuilding C object platforms/ros2/CMakeFiles/px4__rosidl_generator_c.dir/rosidl_generator_c/px4/msg/detail/estimator_selector_status__description.c.o[0m
[106.163s] [  5%] [32mBuilding C object platforms/ros2/CMakeFiles/px4__rosidl_generator_c.dir/rosidl_generator_c/px4/msg/detail/estimator_selector_status__functions.c.o[0m
[106.166s] [  5%] [32mBuilding C object platforms/ros2/CMakeFiles/px4__rosidl_generator_c.dir/rosidl_generator_c/px4/msg/detail/estimator_selector_status__type_support.c.o[0m
[106.223s] [  5%] [32mBuilding C object platforms/ros2/CMakeFiles/px4__rosidl_generator_c.dir/rosidl_generator_c/px4/msg/detail/estimator_sensor_bias__description.c.o[0m
[106.231s] [  5%] [32mBuilding C object platforms/ros2/CMakeFiles/px4__rosidl_generator_c.dir/rosidl_generator_c/px4/msg/detail/estimator_sensor_bias__functions.c.o[0m
[106.261s] [  5%] [32mBuilding C object platforms/ros2/CMakeFiles/px4__rosidl_generator_c.dir/rosidl_generator_c/px4/msg/detail/estimator_sensor_bias__type_support.c.o[0m
[106.293s] [  5%] [32mBuilding C object platforms/ros2/CMakeFiles/px4__rosidl_generator_c.dir/rosidl_generator_c/px4/msg/detail/estimator_states__description.c.o[0m
[106.314s] [  5%] [32mBuilding C object platforms/ros2/CMakeFiles/px4__rosidl_generator_c.dir/rosidl_generator_c/px4/msg/detail/estimator_states__functions.c.o[0m
[106.317s] [  5%] [32mBuilding C object platforms/ros2/CMakeFiles/px4__rosidl_generator_c.dir/rosidl_generator_c/px4/msg/detail/estimator_states__type_support.c.o[0m
[106.363s] [  5%] [32mBuilding C object platforms/ros2/CMakeFiles/px4__rosidl_generator_c.dir/rosidl_generator_c/px4/msg/detail/estimator_status__description.c.o[0m
[106.373s] [  6%] [32mBuilding C object platforms/ros2/CMakeFiles/px4__rosidl_generator_c.dir/rosidl_generator_c/px4/msg/detail/estimator_status__functions.c.o[0m
[106.384s] [  6%] [32mBuilding C object platforms/ros2/CMakeFiles/px4__rosidl_generator_c.dir/rosidl_generator_c/px4/msg/detail/estimator_status__type_support.c.o[0m
[106.437s] [  6%] [32mBuilding C object platforms/ros2/CMakeFiles/px4__rosidl_generator_c.dir/rosidl_generator_c/px4/msg/detail/estimator_status_flags__description.c.o[0m
[106.439s] [  6%] [32mBuilding C object platforms/ros2/CMakeFiles/px4__rosidl_generator_c.dir/rosidl_generator_c/px4/msg/detail/estimator_status_flags__functions.c.o[0m
[106.484s] [  6%] [32mBuilding C object platforms/ros2/CMakeFiles/px4__rosidl_generator_c.dir/rosidl_generator_c/px4/msg/detail/estimator_status_flags__type_support.c.o[0m
[106.513s] [  6%] [32mBuilding C object platforms/ros2/CMakeFiles/px4__rosidl_generator_c.dir/rosidl_generator_c/px4/msg/detail/event__description.c.o[0m
[106.558s] [  6%] [32mBuilding C object platforms/ros2/CMakeFiles/px4__rosidl_generator_c.dir/rosidl_generator_c/px4/msg/detail/event__functions.c.o[0m
[106.559s] [  6%] [32mBuilding C object platforms/ros2/CMakeFiles/px4__rosidl_generator_c.dir/rosidl_generator_c/px4/msg/detail/event__type_support.c.o[0m
[106.581s] [  6%] [32mBuilding C object platforms/ros2/CMakeFiles/px4__rosidl_generator_c.dir/rosidl_generator_c/px4/msg/detail/failsafe_flags__description.c.o[0m
[106.661s] [  6%] [32mBuilding C object platforms/ros2/CMakeFiles/px4__rosidl_generator_c.dir/rosidl_generator_c/px4/msg/detail/failsafe_flags__functions.c.o[0m
[106.667s] [  6%] [32mBuilding C object platforms/ros2/CMakeFiles/px4__rosidl_generator_c.dir/rosidl_generator_c/px4/msg/detail/failure_detector_status__description.c.o[0m
[106.668s] [  6%] [32mBuilding C object platforms/ros2/CMakeFiles/px4__rosidl_generator_c.dir/rosidl_generator_c/px4/msg/detail/failsafe_flags__type_support.c.o[0m
[106.699s] [  6%] [32mBuilding C object platforms/ros2/CMakeFiles/px4__rosidl_generator_c.dir/rosidl_generator_c/px4/msg/detail/failure_detector_status__functions.c.o[0m
[106.722s] [  6%] [32mBuilding C object platforms/ros2/CMakeFiles/px4__rosidl_generator_c.dir/rosidl_generator_c/px4/msg/detail/failure_detector_status__type_support.c.o[0m
[106.739s] [  6%] [32mBuilding C object platforms/ros2/CMakeFiles/px4__rosidl_generator_c.dir/rosidl_generator_c/px4/msg/detail/figure_eight_status__description.c.o[0m
[106.780s] [  6%] [32mBuilding C object platforms/ros2/CMakeFiles/px4__rosidl_generator_c.dir/rosidl_generator_c/px4/msg/detail/figure_eight_status__functions.c.o[0m
[106.810s] [  6%] [32mBuilding C object platforms/ros2/CMakeFiles/px4__rosidl_generator_c.dir/rosidl_generator_c/px4/msg/detail/figure_eight_status__type_support.c.o[0m
[106.833s] [  6%] [32mBuilding C object platforms/ros2/CMakeFiles/px4__rosidl_generator_c.dir/rosidl_generator_c/px4/msg/detail/flight_phase_estimation__description.c.o[0m
[106.846s] [  6%] [32mBuilding C object platforms/ros2/CMakeFiles/px4__rosidl_generator_c.dir/rosidl_generator_c/px4/msg/detail/flight_phase_estimation__functions.c.o[0m
[106.863s] [  6%] [32mBuilding C object platforms/ros2/CMakeFiles/px4__rosidl_generator_c.dir/rosidl_generator_c/px4/msg/detail/flight_phase_estimation__type_support.c.o[0m
[106.899s] [  6%] [32mBuilding C object platforms/ros2/CMakeFiles/px4__rosidl_generator_c.dir/rosidl_generator_c/px4/msg/detail/follow_target__description.c.o[0m
[106.912s] [  6%] [32mBuilding C object platforms/ros2/CMakeFiles/px4__rosidl_generator_c.dir/rosidl_generator_c/px4/msg/detail/follow_target__functions.c.o[0m
[106.918s] [  6%] [32mBuilding C object platforms/ros2/CMakeFiles/px4__rosidl_generator_c.dir/rosidl_generator_c/px4/msg/detail/follow_target__type_support.c.o[0m
[106.967s] [  6%] [32mBuilding C object platforms/ros2/CMakeFiles/px4__rosidl_generator_c.dir/rosidl_generator_c/px4/msg/detail/follow_target_estimator__description.c.o[0m
[106.978s] [  6%] [32mBuilding C object platforms/ros2/CMakeFiles/px4__rosidl_generator_c.dir/rosidl_generator_c/px4/msg/detail/follow_target_estimator__functions.c.o[0m
[106.982s] [  6%] [32mBuilding C object platforms/ros2/CMakeFiles/px4__rosidl_generator_c.dir/rosidl_generator_c/px4/msg/detail/follow_target_estimator__type_support.c.o[0m
[107.037s] [  6%] [32mBuilding C object platforms/ros2/CMakeFiles/px4__rosidl_generator_c.dir/rosidl_generator_c/px4/msg/detail/follow_target_status__description.c.o[0m
[107.038s] [  6%] [32mBuilding C object platforms/ros2/CMakeFiles/px4__rosidl_generator_c.dir/rosidl_generator_c/px4/msg/detail/follow_target_status__functions.c.o[0m
[107.047s] [  6%] [32mBuilding C object platforms/ros2/CMakeFiles/px4__rosidl_generator_c.dir/rosidl_generator_c/px4/msg/detail/follow_target_status__type_support.c.o[0m
[107.101s] [  7%] [32mBuilding C object platforms/ros2/CMakeFiles/px4__rosidl_generator_c.dir/rosidl_generator_c/px4/msg/detail/fuel_tank_status__description.c.o[0m
[107.105s] [  7%] [32mBuilding C object platforms/ros2/CMakeFiles/px4__rosidl_generator_c.dir/rosidl_generator_c/px4/msg/detail/fuel_tank_status__functions.c.o[0m
[107.179s] [  7%] [32mBuilding C object platforms/ros2/CMakeFiles/px4__rosidl_generator_c.dir/rosidl_generator_c/px4/msg/detail/fuel_tank_status__type_support.c.o[0m
[107.189s] [  7%] [32mBuilding C object platforms/ros2/CMakeFiles/px4__rosidl_generator_c.dir/rosidl_generator_c/px4/msg/detail/generator_status__description.c.o[0m
[107.213s] [  7%] [32mBuilding C object platforms/ros2/CMakeFiles/px4__rosidl_generator_c.dir/rosidl_generator_c/px4/msg/detail/generator_status__functions.c.o[0m
[107.229s] [  7%] [32mBuilding C object platforms/ros2/CMakeFiles/px4__rosidl_generator_c.dir/rosidl_generator_c/px4/msg/detail/generator_status__type_support.c.o[0m
[107.262s] [  7%] [32mBuilding C object platforms/ros2/CMakeFiles/px4__rosidl_generator_c.dir/rosidl_generator_c/px4/msg/detail/geofence_result__description.c.o[0m
[107.281s] [  7%] [32mBuilding C object platforms/ros2/CMakeFiles/px4__rosidl_generator_c.dir/rosidl_generator_c/px4/msg/detail/geofence_result__functions.c.o[0m
[107.286s] [  7%] [32mBuilding C object platforms/ros2/CMakeFiles/px4__rosidl_generator_c.dir/rosidl_generator_c/px4/msg/detail/geofence_result__type_support.c.o[0m
[107.335s] [  7%] [32mBuilding C object platforms/ros2/CMakeFiles/px4__rosidl_generator_c.dir/rosidl_generator_c/px4/msg/detail/geofence_status__description.c.o[0m
[107.340s] [  7%] [32mBuilding C object platforms/ros2/CMakeFiles/px4__rosidl_generator_c.dir/rosidl_generator_c/px4/msg/detail/geofence_status__functions.c.o[0m
[107.355s] [  7%] [32mBuilding C object platforms/ros2/CMakeFiles/px4__rosidl_generator_c.dir/rosidl_generator_c/px4/msg/detail/geofence_status__type_support.c.o[0m
[107.406s] [  7%] [32mBuilding C object platforms/ros2/CMakeFiles/px4__rosidl_generator_c.dir/rosidl_generator_c/px4/msg/detail/gimbal_controls__description.c.o[0m
[107.411s] [  7%] [32mBuilding C object platforms/ros2/CMakeFiles/px4__rosidl_generator_c.dir/rosidl_generator_c/px4/msg/detail/gimbal_controls__functions.c.o[0m
[107.415s] [  7%] [32mBuilding C object platforms/ros2/CMakeFiles/px4__rosidl_generator_c.dir/rosidl_generator_c/px4/msg/detail/gimbal_controls__type_support.c.o[0m
[107.472s] [  7%] [32mBuilding C object platforms/ros2/CMakeFiles/px4__rosidl_generator_c.dir/rosidl_generator_c/px4/msg/detail/gimbal_device_attitude_status__description.c.o[0m
[107.472s] [  7%] [32mBuilding C object platforms/ros2/CMakeFiles/px4__rosidl_generator_c.dir/rosidl_generator_c/px4/msg/detail/gimbal_device_attitude_status__functions.c.o[0m
[107.479s] [  7%] [32mBuilding C object platforms/ros2/CMakeFiles/px4__rosidl_generator_c.dir/rosidl_generator_c/px4/msg/detail/gimbal_device_attitude_status__type_support.c.o[0m
[107.536s] [  7%] [32mBuilding C object platforms/ros2/CMakeFiles/px4__rosidl_generator_c.dir/rosidl_generator_c/px4/msg/detail/gimbal_device_information__description.c.o[0m
[107.545s] [  7%] [32mBuilding C object platforms/ros2/CMakeFiles/px4__rosidl_generator_c.dir/rosidl_generator_c/px4/msg/detail/gimbal_device_information__functions.c.o[0m
[107.548s] [  7%] [32mBuilding C object platforms/ros2/CMakeFiles/px4__rosidl_generator_c.dir/rosidl_generator_c/px4/msg/detail/gimbal_device_information__type_support.c.o[0m
[107.612s] [  7%] [32mBuilding C object platforms/ros2/CMakeFiles/px4__rosidl_generator_c.dir/rosidl_generator_c/px4/msg/detail/gimbal_device_set_attitude__functions.c.o[0m
[107.615s] [  7%] [32mBuilding C object platforms/ros2/CMakeFiles/px4__rosidl_generator_c.dir/rosidl_generator_c/px4/msg/detail/gimbal_device_set_attitude__description.c.o[0m
[107.629s] [  7%] [32mBuilding C object platforms/ros2/CMakeFiles/px4__rosidl_generator_c.dir/rosidl_generator_c/px4/msg/detail/gimbal_device_set_attitude__type_support.c.o[0m
[107.682s] [  7%] [32mBuilding C object platforms/ros2/CMakeFiles/px4__rosidl_generator_c.dir/rosidl_generator_c/px4/msg/detail/gimbal_manager_information__description.c.o[0m
[107.687s] [  7%] [32mBuilding C object platforms/ros2/CMakeFiles/px4__rosidl_generator_c.dir/rosidl_generator_c/px4/msg/detail/gimbal_manager_information__functions.c.o[0m
[107.700s] [  7%] [32mBuilding C object platforms/ros2/CMakeFiles/px4__rosidl_generator_c.dir/rosidl_generator_c/px4/msg/detail/gimbal_manager_information__type_support.c.o[0m
[107.750s] [  7%] [32mBuilding C object platforms/ros2/CMakeFiles/px4__rosidl_generator_c.dir/rosidl_generator_c/px4/msg/detail/gimbal_manager_set_attitude__description.c.o[0m
[107.750s] [  7%] [32mBuilding C object platforms/ros2/CMakeFiles/px4__rosidl_generator_c.dir/rosidl_generator_c/px4/msg/detail/gimbal_manager_set_attitude__functions.c.o[0m
[107.756s] [  8%] [32mBuilding C object platforms/ros2/CMakeFiles/px4__rosidl_generator_c.dir/rosidl_generator_c/px4/msg/detail/gimbal_manager_set_attitude__type_support.c.o[0m
[107.812s] [  8%] [32mBuilding C object platforms/ros2/CMakeFiles/px4__rosidl_generator_c.dir/rosidl_generator_c/px4/msg/detail/gimbal_manager_set_manual_control__description.c.o[0m
[107.823s] [  8%] [32mBuilding C object platforms/ros2/CMakeFiles/px4__rosidl_generator_c.dir/rosidl_generator_c/px4/msg/detail/gimbal_manager_set_manual_control__functions.c.o[0m
[107.830s] [  8%] [32mBuilding C object platforms/ros2/CMakeFiles/px4__rosidl_generator_c.dir/rosidl_generator_c/px4/msg/detail/gimbal_manager_set_manual_control__type_support.c.o[0m
[107.884s] [  8%] [32mBuilding C object platforms/ros2/CMakeFiles/px4__rosidl_generator_c.dir/rosidl_generator_c/px4/msg/detail/gimbal_manager_status__description.c.o[0m
[107.885s] [  8%] [32mBuilding C object platforms/ros2/CMakeFiles/px4__rosidl_generator_c.dir/rosidl_generator_c/px4/msg/detail/gimbal_manager_status__functions.c.o[0m
[107.893s] [  8%] [32mBuilding C object platforms/ros2/CMakeFiles/px4__rosidl_generator_c.dir/rosidl_generator_c/px4/msg/detail/gimbal_manager_status__type_support.c.o[0m
[107.950s] [  8%] [32mBuilding C object platforms/ros2/CMakeFiles/px4__rosidl_generator_c.dir/rosidl_generator_c/px4/msg/detail/gpio_config__description.c.o[0m
[107.959s] [  8%] [32mBuilding C object platforms/ros2/CMakeFiles/px4__rosidl_generator_c.dir/rosidl_generator_c/px4/msg/detail/gpio_config__type_support.c.o[0m
[107.959s] [  8%] [32mBuilding C object platforms/ros2/CMakeFiles/px4__rosidl_generator_c.dir/rosidl_generator_c/px4/msg/detail/gpio_config__functions.c.o[0m
[108.014s] [  8%] [32mBuilding C object platforms/ros2/CMakeFiles/px4__rosidl_generator_c.dir/rosidl_generator_c/px4/msg/detail/gpio_in__description.c.o[0m
[108.018s] [  8%] [32mBuilding C object platforms/ros2/CMakeFiles/px4__rosidl_generator_c.dir/rosidl_generator_c/px4/msg/detail/gpio_in__functions.c.o[0m
[108.022s] [  8%] [32mBuilding C object platforms/ros2/CMakeFiles/px4__rosidl_generator_c.dir/rosidl_generator_c/px4/msg/detail/gpio_in__type_support.c.o[0m
[108.074s] [  8%] [32mBuilding C object platforms/ros2/CMakeFiles/px4__rosidl_generator_c.dir/rosidl_generator_c/px4/msg/detail/gpio_out__description.c.o[0m
[108.085s] [  8%] [32mBuilding C object platforms/ros2/CMakeFiles/px4__rosidl_generator_c.dir/rosidl_generator_c/px4/msg/detail/gpio_out__functions.c.o[0m
[108.094s] [  8%] [32mBuilding C object platforms/ros2/CMakeFiles/px4__rosidl_generator_c.dir/rosidl_generator_c/px4/msg/detail/gpio_out__type_support.c.o[0m
[108.141s] [  8%] [32mBuilding C object platforms/ros2/CMakeFiles/px4__rosidl_generator_c.dir/rosidl_generator_c/px4/msg/detail/gpio_request__description.c.o[0m
[108.151s] [  8%] [32mBuilding C object platforms/ros2/CMakeFiles/px4__rosidl_generator_c.dir/rosidl_generator_c/px4/msg/detail/gpio_request__functions.c.o[0m
[108.152s] [  8%] [32mBuilding C object platforms/ros2/CMakeFiles/px4__rosidl_generator_c.dir/rosidl_generator_c/px4/msg/detail/gpio_request__type_support.c.o[0m
[108.205s] [  8%] [32mBuilding C object platforms/ros2/CMakeFiles/px4__rosidl_generator_c.dir/rosidl_generator_c/px4/msg/detail/gps_dump__description.c.o[0m
[108.208s] [  8%] [32mBuilding C object platforms/ros2/CMakeFiles/px4__rosidl_generator_c.dir/rosidl_generator_c/px4/msg/detail/gps_dump__functions.c.o[0m
[108.238s] [  8%] [32mBuilding C object platforms/ros2/CMakeFiles/px4__rosidl_generator_c.dir/rosidl_generator_c/px4/msg/detail/gps_dump__type_support.c.o[0m
[108.278s] [  8%] [32mBuilding C object platforms/ros2/CMakeFiles/px4__rosidl_generator_c.dir/rosidl_generator_c/px4/msg/detail/gps_inject_data__description.c.o[0m
[108.285s] [  8%] [32mBuilding C object platforms/ros2/CMakeFiles/px4__rosidl_generator_c.dir/rosidl_generator_c/px4/msg/detail/gps_inject_data__type_support.c.o[0m
[108.286s] [  8%] [32mBuilding C object platforms/ros2/CMakeFiles/px4__rosidl_generator_c.dir/rosidl_generator_c/px4/msg/detail/gps_inject_data__functions.c.o[0m
[108.339s] [  8%] [32mBuilding C object platforms/ros2/CMakeFiles/px4__rosidl_generator_c.dir/rosidl_generator_c/px4/msg/detail/gripper__description.c.o[0m
[108.341s] [  8%] [32mBuilding C object platforms/ros2/CMakeFiles/px4__rosidl_generator_c.dir/rosidl_generator_c/px4/msg/detail/gripper__functions.c.o[0m
[108.348s] [  8%] [32mBuilding C object platforms/ros2/CMakeFiles/px4__rosidl_generator_c.dir/rosidl_generator_c/px4/msg/detail/gripper__type_support.c.o[0m
[108.406s] [  8%] [32mBuilding C object platforms/ros2/CMakeFiles/px4__rosidl_generator_c.dir/rosidl_generator_c/px4/msg/detail/health_report__description.c.o[0m
[108.406s] [ 10%] [32mBuilding C object platforms/ros2/CMakeFiles/px4__rosidl_generator_c.dir/rosidl_generator_c/px4/msg/detail/health_report__functions.c.o[0m
[108.435s] [ 10%] [32mBuilding C object platforms/ros2/CMakeFiles/px4__rosidl_generator_c.dir/rosidl_generator_c/px4/msg/detail/health_report__type_support.c.o[0m
[108.474s] [ 10%] [32mBuilding C object platforms/ros2/CMakeFiles/px4__rosidl_generator_c.dir/rosidl_generator_c/px4/msg/detail/heater_status__description.c.o[0m
[108.477s] [ 10%] [32mBuilding C object platforms/ros2/CMakeFiles/px4__rosidl_generator_c.dir/rosidl_generator_c/px4/msg/detail/heater_status__functions.c.o[0m
[108.486s] [ 10%] [32mBuilding C object platforms/ros2/CMakeFiles/px4__rosidl_generator_c.dir/rosidl_generator_c/px4/msg/detail/heater_status__type_support.c.o[0m
[108.536s] [ 10%] [32mBuilding C object platforms/ros2/CMakeFiles/px4__rosidl_generator_c.dir/rosidl_generator_c/px4/msg/detail/hover_thrust_estimate__description.c.o[0m
[108.543s] [ 10%] [32mBuilding C object platforms/ros2/CMakeFiles/px4__rosidl_generator_c.dir/rosidl_generator_c/px4/msg/detail/hover_thrust_estimate__functions.c.o[0m
[108.549s] [ 10%] [32mBuilding C object platforms/ros2/CMakeFiles/px4__rosidl_generator_c.dir/rosidl_generator_c/px4/msg/detail/hover_thrust_estimate__type_support.c.o[0m
[108.602s] [ 10%] [32mBuilding C object platforms/ros2/CMakeFiles/px4__rosidl_generator_c.dir/rosidl_generator_c/px4/msg/detail/input_rc__description.c.o[0m
[108.611s] [ 10%] [32mBuilding C object platforms/ros2/CMakeFiles/px4__rosidl_generator_c.dir/rosidl_generator_c/px4/msg/detail/input_rc__functions.c.o[0m
[108.612s] [ 10%] [32mBuilding C object platforms/ros2/CMakeFiles/px4__rosidl_generator_c.dir/rosidl_generator_c/px4/msg/detail/input_rc__type_support.c.o[0m
[108.671s] [ 10%] [32mBuilding C object platforms/ros2/CMakeFiles/px4__rosidl_generator_c.dir/rosidl_generator_c/px4/msg/detail/internal_combustion_engine_control__description.c.o[0m
[108.673s] [ 10%] [32mBuilding C object platforms/ros2/CMakeFiles/px4__rosidl_generator_c.dir/rosidl_generator_c/px4/msg/detail/internal_combustion_engine_control__functions.c.o[0m
[108.686s] [ 10%] [32mBuilding C object platforms/ros2/CMakeFiles/px4__rosidl_generator_c.dir/rosidl_generator_c/px4/msg/detail/internal_combustion_engine_control__type_support.c.o[0m
[108.741s] [ 10%] [32mBuilding C object platforms/ros2/CMakeFiles/px4__rosidl_generator_c.dir/rosidl_generator_c/px4/msg/detail/internal_combustion_engine_status__description.c.o[0m
[108.747s] [ 10%] [32mBuilding C object platforms/ros2/CMakeFiles/px4__rosidl_generator_c.dir/rosidl_generator_c/px4/msg/detail/internal_combustion_engine_status__functions.c.o[0m
[108.754s] [ 10%] [32mBuilding C object platforms/ros2/CMakeFiles/px4__rosidl_generator_c.dir/rosidl_generator_c/px4/msg/detail/internal_combustion_engine_status__type_support.c.o[0m
[108.804s] [ 10%] [32mBuilding C object platforms/ros2/CMakeFiles/px4__rosidl_generator_c.dir/rosidl_generator_c/px4/msg/detail/iridiumsbd_status__description.c.o[0m
[108.809s] [ 10%] [32mBuilding C object platforms/ros2/CMakeFiles/px4__rosidl_generator_c.dir/rosidl_generator_c/px4/msg/detail/iridiumsbd_status__functions.c.o[0m
[108.812s] [ 10%] [32mBuilding C object platforms/ros2/CMakeFiles/px4__rosidl_generator_c.dir/rosidl_generator_c/px4/msg/detail/iridiumsbd_status__type_support.c.o[0m
[108.868s] [ 10%] [32mBuilding C object platforms/ros2/CMakeFiles/px4__rosidl_generator_c.dir/rosidl_generator_c/px4/msg/detail/irlock_report__description.c.o[0m
[108.874s] [ 10%] [32mBuilding C object platforms/ros2/CMakeFiles/px4__rosidl_generator_c.dir/rosidl_generator_c/px4/msg/detail/irlock_report__functions.c.o[0m
[108.891s] [ 10%] [32mBuilding C object platforms/ros2/CMakeFiles/px4__rosidl_generator_c.dir/rosidl_generator_c/px4/msg/detail/irlock_report__type_support.c.o[0m
[108.933s] [ 10%] [32mBuilding C object platforms/ros2/CMakeFiles/px4__rosidl_generator_c.dir/rosidl_generator_c/px4/msg/detail/landing_gear__description.c.o[0m
[108.952s] [ 10%] [32mBuilding C object platforms/ros2/CMakeFiles/px4__rosidl_generator_c.dir/rosidl_generator_c/px4/msg/detail/landing_gear__functions.c.o[0m
[108.954s] [ 10%] [32mBuilding C object platforms/ros2/CMakeFiles/px4__rosidl_generator_c.dir/rosidl_generator_c/px4/msg/detail/landing_gear__type_support.c.o[0m
[109.004s] [ 10%] [32mBuilding C object platforms/ros2/CMakeFiles/px4__rosidl_generator_c.dir/rosidl_generator_c/px4/msg/detail/landing_gear_wheel__description.c.o[0m
[109.006s] [ 10%] [32mBuilding C object platforms/ros2/CMakeFiles/px4__rosidl_generator_c.dir/rosidl_generator_c/px4/msg/detail/landing_gear_wheel__functions.c.o[0m
[109.018s] [ 11%] [32mBuilding C object platforms/ros2/CMakeFiles/px4__rosidl_generator_c.dir/rosidl_generator_c/px4/msg/detail/landing_gear_wheel__type_support.c.o[0m
[109.076s] [ 11%] [32mBuilding C object platforms/ros2/CMakeFiles/px4__rosidl_generator_c.dir/rosidl_generator_c/px4/msg/detail/landing_target_innovations__description.c.o[0m
[109.077s] [ 11%] [32mBuilding C object platforms/ros2/CMakeFiles/px4__rosidl_generator_c.dir/rosidl_generator_c/px4/msg/detail/landing_target_innovations__functions.c.o[0m
[109.095s] [ 11%] [32mBuilding C object platforms/ros2/CMakeFiles/px4__rosidl_generator_c.dir/rosidl_generator_c/px4/msg/detail/landing_target_innovations__type_support.c.o[0m
[109.130s] [ 11%] [32mBuilding C object platforms/ros2/CMakeFiles/px4__rosidl_generator_c.dir/rosidl_generator_c/px4/msg/detail/landing_target_pose__description.c.o[0m
[109.150s] [ 11%] [32mBuilding C object platforms/ros2/CMakeFiles/px4__rosidl_generator_c.dir/rosidl_generator_c/px4/msg/detail/landing_target_pose__type_support.c.o[0m
[109.150s] [ 11%] [32mBuilding C object platforms/ros2/CMakeFiles/px4__rosidl_generator_c.dir/rosidl_generator_c/px4/msg/detail/landing_target_pose__functions.c.o[0m
[109.198s] [ 11%] [32mBuilding C object platforms/ros2/CMakeFiles/px4__rosidl_generator_c.dir/rosidl_generator_c/px4/msg/detail/launch_detection_status__description.c.o[0m
[109.204s] [ 11%] [32mBuilding C object platforms/ros2/CMakeFiles/px4__rosidl_generator_c.dir/rosidl_generator_c/px4/msg/detail/launch_detection_status__functions.c.o[0m
[109.219s] [ 11%] [32mBuilding C object platforms/ros2/CMakeFiles/px4__rosidl_generator_c.dir/rosidl_generator_c/px4/msg/detail/launch_detection_status__type_support.c.o[0m
[109.265s] [ 11%] [32mBuilding C object platforms/ros2/CMakeFiles/px4__rosidl_generator_c.dir/rosidl_generator_c/px4/msg/detail/led_control__description.c.o[0m
[109.278s] [ 11%] [32mBuilding C object platforms/ros2/CMakeFiles/px4__rosidl_generator_c.dir/rosidl_generator_c/px4/msg/detail/led_control__functions.c.o[0m
[109.284s] [ 11%] [32mBuilding C object platforms/ros2/CMakeFiles/px4__rosidl_generator_c.dir/rosidl_generator_c/px4/msg/detail/led_control__type_support.c.o[0m
[109.330s] [ 11%] [32mBuilding C object platforms/ros2/CMakeFiles/px4__rosidl_generator_c.dir/rosidl_generator_c/px4/msg/detail/log_message__description.c.o[0m
[109.334s] [ 11%] [32mBuilding C object platforms/ros2/CMakeFiles/px4__rosidl_generator_c.dir/rosidl_generator_c/px4/msg/detail/log_message__functions.c.o[0m
[109.337s] [ 11%] [32mBuilding C object platforms/ros2/CMakeFiles/px4__rosidl_generator_c.dir/rosidl_generator_c/px4/msg/detail/log_message__type_support.c.o[0m
[109.389s] [ 11%] [32mBuilding C object platforms/ros2/CMakeFiles/px4__rosidl_generator_c.dir/rosidl_generator_c/px4/msg/detail/logger_status__description.c.o[0m
[109.398s] [ 11%] [32mBuilding C object platforms/ros2/CMakeFiles/px4__rosidl_generator_c.dir/rosidl_generator_c/px4/msg/detail/logger_status__functions.c.o[0m
[109.418s] [ 11%] [32mBuilding C object platforms/ros2/CMakeFiles/px4__rosidl_generator_c.dir/rosidl_generator_c/px4/msg/detail/logger_status__type_support.c.o[0m
[109.459s] [ 11%] [32mBuilding C object platforms/ros2/CMakeFiles/px4__rosidl_generator_c.dir/rosidl_generator_c/px4/msg/detail/mag_worker_data__description.c.o[0m
[109.472s] [ 11%] [32mBuilding C object platforms/ros2/CMakeFiles/px4__rosidl_generator_c.dir/rosidl_generator_c/px4/msg/detail/mag_worker_data__functions.c.o[0m
[109.479s] [ 11%] [32mBuilding C object platforms/ros2/CMakeFiles/px4__rosidl_generator_c.dir/rosidl_generator_c/px4/msg/detail/mag_worker_data__type_support.c.o[0m
[109.525s] [ 11%] [32mBuilding C object platforms/ros2/CMakeFiles/px4__rosidl_generator_c.dir/rosidl_generator_c/px4/msg/detail/magnetometer_bias_estimate__description.c.o[0m
[109.527s] [ 11%] [32mBuilding C object platforms/ros2/CMakeFiles/px4__rosidl_generator_c.dir/rosidl_generator_c/px4/msg/detail/magnetometer_bias_estimate__functions.c.o[0m
[109.539s] [ 11%] [32mBuilding C object platforms/ros2/CMakeFiles/px4__rosidl_generator_c.dir/rosidl_generator_c/px4/msg/detail/magnetometer_bias_estimate__type_support.c.o[0m
[109.596s] [ 11%] [32mBuilding C object platforms/ros2/CMakeFiles/px4__rosidl_generator_c.dir/rosidl_generator_c/px4/msg/detail/manual_control_switches__description.c.o[0m
[109.598s] [ 11%] [32mBuilding C object platforms/ros2/CMakeFiles/px4__rosidl_generator_c.dir/rosidl_generator_c/px4/msg/detail/manual_control_switches__functions.c.o[0m
[109.627s] [ 11%] [32mBuilding C object platforms/ros2/CMakeFiles/px4__rosidl_generator_c.dir/rosidl_generator_c/px4/msg/detail/manual_control_switches__type_support.c.o[0m
[109.672s] [ 11%] [32mBuilding C object platforms/ros2/CMakeFiles/px4__rosidl_generator_c.dir/rosidl_generator_c/px4/msg/detail/mavlink_log__description.c.o[0m
[109.677s] [ 12%] [32mBuilding C object platforms/ros2/CMakeFiles/px4__rosidl_generator_c.dir/rosidl_generator_c/px4/msg/detail/mavlink_log__functions.c.o[0m
[109.685s] [ 12%] [32mBuilding C object platforms/ros2/CMakeFiles/px4__rosidl_generator_c.dir/rosidl_generator_c/px4/msg/detail/mavlink_log__type_support.c.o[0m
[109.735s] [ 12%] [32mBuilding C object platforms/ros2/CMakeFiles/px4__rosidl_generator_c.dir/rosidl_generator_c/px4/msg/detail/mavlink_tunnel__description.c.o[0m
[109.742s] [ 12%] [32mBuilding C object platforms/ros2/CMakeFiles/px4__rosidl_generator_c.dir/rosidl_generator_c/px4/msg/detail/mavlink_tunnel__functions.c.o[0m
[109.747s] [ 12%] [32mBuilding C object platforms/ros2/CMakeFiles/px4__rosidl_generator_c.dir/rosidl_generator_c/px4/msg/detail/mavlink_tunnel__type_support.c.o[0m
[109.804s] [ 12%] [32mBuilding C object platforms/ros2/CMakeFiles/px4__rosidl_generator_c.dir/rosidl_generator_c/px4/msg/detail/message_format_request__description.c.o[0m
[109.811s] [ 12%] [32mBuilding C object platforms/ros2/CMakeFiles/px4__rosidl_generator_c.dir/rosidl_generator_c/px4/msg/detail/message_format_request__functions.c.o[0m
[109.819s] [ 12%] [32mBuilding C object platforms/ros2/CMakeFiles/px4__rosidl_generator_c.dir/rosidl_generator_c/px4/msg/detail/message_format_request__type_support.c.o[0m
[109.882s] [ 12%] [32mBuilding C object platforms/ros2/CMakeFiles/px4__rosidl_generator_c.dir/rosidl_generator_c/px4/msg/detail/message_format_response__description.c.o[0m
[109.884s] [ 12%] [32mBuilding C object platforms/ros2/CMakeFiles/px4__rosidl_generator_c.dir/rosidl_generator_c/px4/msg/detail/message_format_response__functions.c.o[0m
[109.905s] [ 12%] [32mBuilding C object platforms/ros2/CMakeFiles/px4__rosidl_generator_c.dir/rosidl_generator_c/px4/msg/detail/message_format_response__type_support.c.o[0m
[109.953s] [ 12%] [32mBuilding C object platforms/ros2/CMakeFiles/px4__rosidl_generator_c.dir/rosidl_generator_c/px4/msg/detail/mission__description.c.o[0m
[109.957s] [ 12%] [32mBuilding C object platforms/ros2/CMakeFiles/px4__rosidl_generator_c.dir/rosidl_generator_c/px4/msg/detail/mission__functions.c.o[0m
[109.959s] [ 12%] [32mBuilding C object platforms/ros2/CMakeFiles/px4__rosidl_generator_c.dir/rosidl_generator_c/px4/msg/detail/mission__type_support.c.o[0m
[110.011s] [ 12%] [32mBuilding C object platforms/ros2/CMakeFiles/px4__rosidl_generator_c.dir/rosidl_generator_c/px4/msg/detail/mission_result__description.c.o[0m
[110.019s] [ 12%] [32mBuilding C object platforms/ros2/CMakeFiles/px4__rosidl_generator_c.dir/rosidl_generator_c/px4/msg/detail/mission_result__functions.c.o[0m
[110.024s] [ 12%] [32mBuilding C object platforms/ros2/CMakeFiles/px4__rosidl_generator_c.dir/rosidl_generator_c/px4/msg/detail/mission_result__type_support.c.o[0m
[110.079s] [ 12%] [32mBuilding C object platforms/ros2/CMakeFiles/px4__rosidl_generator_c.dir/rosidl_generator_c/px4/msg/detail/mount_orientation__description.c.o[0m
[110.079s] [ 12%] [32mBuilding C object platforms/ros2/CMakeFiles/px4__rosidl_generator_c.dir/rosidl_generator_c/px4/msg/detail/mount_orientation__functions.c.o[0m
[110.097s] [ 12%] [32mBuilding C object platforms/ros2/CMakeFiles/px4__rosidl_generator_c.dir/rosidl_generator_c/px4/msg/detail/mount_orientation__type_support.c.o[0m
[110.148s] [ 12%] [32mBuilding C object platforms/ros2/CMakeFiles/px4__rosidl_generator_c.dir/rosidl_generator_c/px4/msg/detail/navigator_mission_item__description.c.o[0m
[110.155s] [ 12%] [32mBuilding C object platforms/ros2/CMakeFiles/px4__rosidl_generator_c.dir/rosidl_generator_c/px4/msg/detail/navigator_mission_item__functions.c.o[0m
[110.167s] [ 12%] [32mBuilding C object platforms/ros2/CMakeFiles/px4__rosidl_generator_c.dir/rosidl_generator_c/px4/msg/detail/navigator_mission_item__type_support.c.o[0m
[110.210s] [ 12%] [32mBuilding C object platforms/ros2/CMakeFiles/px4__rosidl_generator_c.dir/rosidl_generator_c/px4/msg/detail/navigator_status__description.c.o[0m
[110.219s] [ 12%] [32mBuilding C object platforms/ros2/CMakeFiles/px4__rosidl_generator_c.dir/rosidl_generator_c/px4/msg/detail/navigator_status__functions.c.o[0m
[110.223s] [ 12%] [32mBuilding C object platforms/ros2/CMakeFiles/px4__rosidl_generator_c.dir/rosidl_generator_c/px4/msg/detail/navigator_status__type_support.c.o[0m
[110.275s] [ 12%] [32mBuilding C object platforms/ros2/CMakeFiles/px4__rosidl_generator_c.dir/rosidl_generator_c/px4/msg/detail/normalized_unsigned_setpoint__description.c.o[0m
[110.277s] [ 12%] [32mBuilding C object platforms/ros2/CMakeFiles/px4__rosidl_generator_c.dir/rosidl_generator_c/px4/msg/detail/normalized_unsigned_setpoint__functions.c.o[0m
[110.292s] [ 12%] [32mBuilding C object platforms/ros2/CMakeFiles/px4__rosidl_generator_c.dir/rosidl_generator_c/px4/msg/detail/normalized_unsigned_setpoint__type_support.c.o[0m
[110.344s] [ 13%] [32mBuilding C object platforms/ros2/CMakeFiles/px4__rosidl_generator_c.dir/rosidl_generator_c/px4/msg/detail/npfg_status__description.c.o[0m
[110.347s] [ 13%] [32mBuilding C object platforms/ros2/CMakeFiles/px4__rosidl_generator_c.dir/rosidl_generator_c/px4/msg/detail/npfg_status__functions.c.o[0m
[110.352s] [ 13%] [32mBuilding C object platforms/ros2/CMakeFiles/px4__rosidl_generator_c.dir/rosidl_generator_c/px4/msg/detail/npfg_status__type_support.c.o[0m
[110.407s] [ 13%] [32mBuilding C object platforms/ros2/CMakeFiles/px4__rosidl_generator_c.dir/rosidl_generator_c/px4/msg/detail/obstacle_distance__functions.c.o[0m
[110.407s] [ 13%] [32mBuilding C object platforms/ros2/CMakeFiles/px4__rosidl_generator_c.dir/rosidl_generator_c/px4/msg/detail/obstacle_distance__description.c.o[0m
[110.412s] [ 13%] [32mBuilding C object platforms/ros2/CMakeFiles/px4__rosidl_generator_c.dir/rosidl_generator_c/px4/msg/detail/obstacle_distance__type_support.c.o[0m
[110.473s] [ 13%] [32mBuilding C object platforms/ros2/CMakeFiles/px4__rosidl_generator_c.dir/rosidl_generator_c/px4/msg/detail/offboard_control_mode__description.c.o[0m
[110.480s] [ 13%] [32mBuilding C object platforms/ros2/CMakeFiles/px4__rosidl_generator_c.dir/rosidl_generator_c/px4/msg/detail/offboard_control_mode__functions.c.o[0m
[110.500s] [ 13%] [32mBuilding C object platforms/ros2/CMakeFiles/px4__rosidl_generator_c.dir/rosidl_generator_c/px4/msg/detail/offboard_control_mode__type_support.c.o[0m
[110.539s] [ 13%] [32mBuilding C object platforms/ros2/CMakeFiles/px4__rosidl_generator_c.dir/rosidl_generator_c/px4/msg/detail/onboard_computer_status__description.c.o[0m
[110.579s] [ 13%] [32mBuilding C object platforms/ros2/CMakeFiles/px4__rosidl_generator_c.dir/rosidl_generator_c/px4/msg/detail/onboard_computer_status__type_support.c.o[0m
[110.579s] [ 13%] [32mBuilding C object platforms/ros2/CMakeFiles/px4__rosidl_generator_c.dir/rosidl_generator_c/px4/msg/detail/onboard_computer_status__functions.c.o[0m
[110.610s] [ 13%] [32mBuilding C object platforms/ros2/CMakeFiles/px4__rosidl_generator_c.dir/rosidl_generator_c/px4/msg/detail/open_drone_id_arm_status__description.c.o[0m
[110.614s] [ 13%] [32mBuilding C object platforms/ros2/CMakeFiles/px4__rosidl_generator_c.dir/rosidl_generator_c/px4/msg/detail/open_drone_id_arm_status__functions.c.o[0m
[110.652s] [ 13%] [32mBuilding C object platforms/ros2/CMakeFiles/px4__rosidl_generator_c.dir/rosidl_generator_c/px4/msg/detail/open_drone_id_arm_status__type_support.c.o[0m
[110.680s] [ 13%] [32mBuilding C object platforms/ros2/CMakeFiles/px4__rosidl_generator_c.dir/rosidl_generator_c/px4/msg/detail/open_drone_id_operator_id__description.c.o[0m
[110.708s] [ 13%] [32mBuilding C object platforms/ros2/CMakeFiles/px4__rosidl_generator_c.dir/rosidl_generator_c/px4/msg/detail/open_drone_id_operator_id__functions.c.o[0m
[110.746s] [ 13%] [32mBuilding C object platforms/ros2/CMakeFiles/px4__rosidl_generator_c.dir/rosidl_generator_c/px4/msg/detail/open_drone_id_operator_id__type_support.c.o[0m
[110.769s] [ 13%] [32mBuilding C object platforms/ros2/CMakeFiles/px4__rosidl_generator_c.dir/rosidl_generator_c/px4/msg/detail/open_drone_id_self_id__description.c.o[0m
[110.777s] [ 13%] [32mBuilding C object platforms/ros2/CMakeFiles/px4__rosidl_generator_c.dir/rosidl_generator_c/px4/msg/detail/open_drone_id_self_id__functions.c.o[0m
[110.807s] [ 13%] [32mBuilding C object platforms/ros2/CMakeFiles/px4__rosidl_generator_c.dir/rosidl_generator_c/px4/msg/detail/open_drone_id_self_id__type_support.c.o[0m
[110.854s] [ 13%] [32mBuilding C object platforms/ros2/CMakeFiles/px4__rosidl_generator_c.dir/rosidl_generator_c/px4/msg/detail/open_drone_id_system__description.c.o[0m
[110.858s] [ 13%] [32mBuilding C object platforms/ros2/CMakeFiles/px4__rosidl_generator_c.dir/rosidl_generator_c/px4/msg/detail/open_drone_id_system__functions.c.o[0m
[110.871s] [ 13%] [32mBuilding C object platforms/ros2/CMakeFiles/px4__rosidl_generator_c.dir/rosidl_generator_c/px4/msg/detail/open_drone_id_system__type_support.c.o[0m
[110.922s] [ 13%] [32mBuilding C object platforms/ros2/CMakeFiles/px4__rosidl_generator_c.dir/rosidl_generator_c/px4/msg/detail/orb_test__description.c.o[0m
[110.925s] [ 13%] [32mBuilding C object platforms/ros2/CMakeFiles/px4__rosidl_generator_c.dir/rosidl_generator_c/px4/msg/detail/orb_test__functions.c.o[0m
[110.931s] [ 13%] [32mBuilding C object platforms/ros2/CMakeFiles/px4__rosidl_generator_c.dir/rosidl_generator_c/px4/msg/detail/orb_test__type_support.c.o[0m
[110.989s] [ 13%] [32mBuilding C object platforms/ros2/CMakeFiles/px4__rosidl_generator_c.dir/rosidl_generator_c/px4/msg/detail/orb_test_large__description.c.o[0m
[111.009s] [ 13%] [32mBuilding C object platforms/ros2/CMakeFiles/px4__rosidl_generator_c.dir/rosidl_generator_c/px4/msg/detail/orb_test_large__functions.c.o[0m
[111.024s] [ 15%] [32mBuilding C object platforms/ros2/CMakeFiles/px4__rosidl_generator_c.dir/rosidl_generator_c/px4/msg/detail/orb_test_large__type_support.c.o[0m
[111.073s] [ 15%] [32mBuilding C object platforms/ros2/CMakeFiles/px4__rosidl_generator_c.dir/rosidl_generator_c/px4/msg/detail/orb_test_medium__description.c.o[0m
[111.078s] [ 15%] [32mBuilding C object platforms/ros2/CMakeFiles/px4__rosidl_generator_c.dir/rosidl_generator_c/px4/msg/detail/orb_test_medium__functions.c.o[0m
[111.085s] [ 15%] [32mBuilding C object platforms/ros2/CMakeFiles/px4__rosidl_generator_c.dir/rosidl_generator_c/px4/msg/detail/orb_test_medium__type_support.c.o[0m
[111.138s] [ 15%] [32mBuilding C object platforms/ros2/CMakeFiles/px4__rosidl_generator_c.dir/rosidl_generator_c/px4/msg/detail/orbit_status__description.c.o[0m
[111.144s] [ 15%] [32mBuilding C object platforms/ros2/CMakeFiles/px4__rosidl_generator_c.dir/rosidl_generator_c/px4/msg/detail/orbit_status__functions.c.o[0m
[111.152s] [ 15%] [32mBuilding C object platforms/ros2/CMakeFiles/px4__rosidl_generator_c.dir/rosidl_generator_c/px4/msg/detail/orbit_status__type_support.c.o[0m
[111.206s] [ 15%] [32mBuilding C object platforms/ros2/CMakeFiles/px4__rosidl_generator_c.dir/rosidl_generator_c/px4/msg/detail/parameter_reset_request__description.c.o[0m
[111.212s] [ 15%] [32mBuilding C object platforms/ros2/CMakeFiles/px4__rosidl_generator_c.dir/rosidl_generator_c/px4/msg/detail/parameter_reset_request__functions.c.o[0m
[111.219s] [ 15%] [32mBuilding C object platforms/ros2/CMakeFiles/px4__rosidl_generator_c.dir/rosidl_generator_c/px4/msg/detail/parameter_reset_request__type_support.c.o[0m
[111.273s] [ 15%] [32mBuilding C object platforms/ros2/CMakeFiles/px4__rosidl_generator_c.dir/rosidl_generator_c/px4/msg/detail/parameter_set_used_request__description.c.o[0m
[111.277s] [ 15%] [32mBuilding C object platforms/ros2/CMakeFiles/px4__rosidl_generator_c.dir/rosidl_generator_c/px4/msg/detail/parameter_set_used_request__functions.c.o[0m
[111.279s] [ 15%] [32mBuilding C object platforms/ros2/CMakeFiles/px4__rosidl_generator_c.dir/rosidl_generator_c/px4/msg/detail/parameter_set_used_request__type_support.c.o[0m
[111.333s] [ 15%] [32mBuilding C object platforms/ros2/CMakeFiles/px4__rosidl_generator_c.dir/rosidl_generator_c/px4/msg/detail/parameter_set_value_request__description.c.o[0m
[111.345s] [ 15%] [32mBuilding C object platforms/ros2/CMakeFiles/px4__rosidl_generator_c.dir/rosidl_generator_c/px4/msg/detail/parameter_set_value_request__functions.c.o[0m
[111.347s] [ 15%] [32mBuilding C object platforms/ros2/CMakeFiles/px4__rosidl_generator_c.dir/rosidl_generator_c/px4/msg/detail/parameter_set_value_request__type_support.c.o[0m
[111.400s] [ 15%] [32mBuilding C object platforms/ros2/CMakeFiles/px4__rosidl_generator_c.dir/rosidl_generator_c/px4/msg/detail/parameter_set_value_response__description.c.o[0m
[111.407s] [ 15%] [32mBuilding C object platforms/ros2/CMakeFiles/px4__rosidl_generator_c.dir/rosidl_generator_c/px4/msg/detail/parameter_set_value_response__functions.c.o[0m
[111.408s] [ 15%] [32mBuilding C object platforms/ros2/CMakeFiles/px4__rosidl_generator_c.dir/rosidl_generator_c/px4/msg/detail/parameter_set_value_response__type_support.c.o[0m
[111.464s] [ 15%] [32mBuilding C object platforms/ros2/CMakeFiles/px4__rosidl_generator_c.dir/rosidl_generator_c/px4/msg/detail/parameter_update__description.c.o[0m
[111.470s] [ 15%] [32mBuilding C object platforms/ros2/CMakeFiles/px4__rosidl_generator_c.dir/rosidl_generator_c/px4/msg/detail/parameter_update__functions.c.o[0m
[111.479s] [ 15%] [32mBuilding C object platforms/ros2/CMakeFiles/px4__rosidl_generator_c.dir/rosidl_generator_c/px4/msg/detail/parameter_update__type_support.c.o[0m
[111.532s] [ 15%] [32mBuilding C object platforms/ros2/CMakeFiles/px4__rosidl_generator_c.dir/rosidl_generator_c/px4/msg/detail/ping__description.c.o[0m
[111.534s] [ 15%] [32mBuilding C object platforms/ros2/CMakeFiles/px4__rosidl_generator_c.dir/rosidl_generator_c/px4/msg/detail/ping__functions.c.o[0m
[111.542s] [ 15%] [32mBuilding C object platforms/ros2/CMakeFiles/px4__rosidl_generator_c.dir/rosidl_generator_c/px4/msg/detail/ping__type_support.c.o[0m
[111.601s] [ 15%] [32mBuilding C object platforms/ros2/CMakeFiles/px4__rosidl_generator_c.dir/rosidl_generator_c/px4/msg/detail/position_controller_landing_status__description.c.o[0m
[111.603s] [ 15%] [32mBuilding C object platforms/ros2/CMakeFiles/px4__rosidl_generator_c.dir/rosidl_generator_c/px4/msg/detail/position_controller_landing_status__functions.c.o[0m
[111.604s] [ 15%] [32mBuilding C object platforms/ros2/CMakeFiles/px4__rosidl_generator_c.dir/rosidl_generator_c/px4/msg/detail/position_controller_landing_status__type_support.c.o[0m
[111.669s] [ 15%] [32mBuilding C object platforms/ros2/CMakeFiles/px4__rosidl_generator_c.dir/rosidl_generator_c/px4/msg/detail/position_controller_status__description.c.o[0m
[111.670s] [ 16%] [32mBuilding C object platforms/ros2/CMakeFiles/px4__rosidl_generator_c.dir/rosidl_generator_c/px4/msg/detail/position_controller_status__functions.c.o[0m
[111.687s] [ 16%] [32mBuilding C object platforms/ros2/CMakeFiles/px4__rosidl_generator_c.dir/rosidl_generator_c/px4/msg/detail/position_controller_status__type_support.c.o[0m
[111.730s] [ 16%] [32mBuilding C object platforms/ros2/CMakeFiles/px4__rosidl_generator_c.dir/rosidl_generator_c/px4/msg/detail/position_setpoint__description.c.o[0m
[111.741s] [ 16%] [32mBuilding C object platforms/ros2/CMakeFiles/px4__rosidl_generator_c.dir/rosidl_generator_c/px4/msg/detail/position_setpoint__functions.c.o[0m
[111.742s] [ 16%] [32mBuilding C object platforms/ros2/CMakeFiles/px4__rosidl_generator_c.dir/rosidl_generator_c/px4/msg/detail/position_setpoint__type_support.c.o[0m
[111.799s] [ 16%] [32mBuilding C object platforms/ros2/CMakeFiles/px4__rosidl_generator_c.dir/rosidl_generator_c/px4/msg/detail/position_setpoint_triplet__functions.c.o[0m
[111.799s] [ 16%] [32mBuilding C object platforms/ros2/CMakeFiles/px4__rosidl_generator_c.dir/rosidl_generator_c/px4/msg/detail/position_setpoint_triplet__description.c.o[0m
[111.811s] [ 16%] [32mBuilding C object platforms/ros2/CMakeFiles/px4__rosidl_generator_c.dir/rosidl_generator_c/px4/msg/detail/position_setpoint_triplet__type_support.c.o[0m
[111.864s] [ 16%] [32mBuilding C object platforms/ros2/CMakeFiles/px4__rosidl_generator_c.dir/rosidl_generator_c/px4/msg/detail/power_button_state__description.c.o[0m
[111.867s] [ 16%] [32mBuilding C object platforms/ros2/CMakeFiles/px4__rosidl_generator_c.dir/rosidl_generator_c/px4/msg/detail/power_button_state__functions.c.o[0m
[111.889s] [ 16%] [32mBuilding C object platforms/ros2/CMakeFiles/px4__rosidl_generator_c.dir/rosidl_generator_c/px4/msg/detail/power_button_state__type_support.c.o[0m
[111.934s] [ 16%] [32mBuilding C object platforms/ros2/CMakeFiles/px4__rosidl_generator_c.dir/rosidl_generator_c/px4/msg/detail/power_monitor__description.c.o[0m
[111.945s] [ 16%] [32mBuilding C object platforms/ros2/CMakeFiles/px4__rosidl_generator_c.dir/rosidl_generator_c/px4/msg/detail/power_monitor__functions.c.o[0m
[111.951s] [ 16%] [32mBuilding C object platforms/ros2/CMakeFiles/px4__rosidl_generator_c.dir/rosidl_generator_c/px4/msg/detail/power_monitor__type_support.c.o[0m
[111.996s] [ 16%] [32mBuilding C object platforms/ros2/CMakeFiles/px4__rosidl_generator_c.dir/rosidl_generator_c/px4/msg/detail/pps_capture__description.c.o[0m
[112.001s] [ 16%] [32mBuilding C object platforms/ros2/CMakeFiles/px4__rosidl_generator_c.dir/rosidl_generator_c/px4/msg/detail/pps_capture__functions.c.o[0m
[112.006s] [ 16%] [32mBuilding C object platforms/ros2/CMakeFiles/px4__rosidl_generator_c.dir/rosidl_generator_c/px4/msg/detail/pps_capture__type_support.c.o[0m
[112.063s] [ 16%] [32mBuilding C object platforms/ros2/CMakeFiles/px4__rosidl_generator_c.dir/rosidl_generator_c/px4/msg/detail/pure_pursuit_status__description.c.o[0m
[112.066s] [ 16%] [32mBuilding C object platforms/ros2/CMakeFiles/px4__rosidl_generator_c.dir/rosidl_generator_c/px4/msg/detail/pure_pursuit_status__functions.c.o[0m
[112.084s] [ 16%] [32mBuilding C object platforms/ros2/CMakeFiles/px4__rosidl_generator_c.dir/rosidl_generator_c/px4/msg/detail/pure_pursuit_status__type_support.c.o[0m
[112.129s] [ 16%] [32mBuilding C object platforms/ros2/CMakeFiles/px4__rosidl_generator_c.dir/rosidl_generator_c/px4/msg/detail/pwm_input__description.c.o[0m
[112.134s] [ 16%] [32mBuilding C object platforms/ros2/CMakeFiles/px4__rosidl_generator_c.dir/rosidl_generator_c/px4/msg/detail/pwm_input__functions.c.o[0m
[112.142s] [ 16%] [32mBuilding C object platforms/ros2/CMakeFiles/px4__rosidl_generator_c.dir/rosidl_generator_c/px4/msg/detail/pwm_input__type_support.c.o[0m
[112.195s] [ 16%] [32mBuilding C object platforms/ros2/CMakeFiles/px4__rosidl_generator_c.dir/rosidl_generator_c/px4/msg/detail/px4io_status__description.c.o[0m
[112.200s] [ 16%] [32mBuilding C object platforms/ros2/CMakeFiles/px4__rosidl_generator_c.dir/rosidl_generator_c/px4/msg/detail/px4io_status__functions.c.o[0m
[112.206s] [ 16%] [32mBuilding C object platforms/ros2/CMakeFiles/px4__rosidl_generator_c.dir/rosidl_generator_c/px4/msg/detail/px4io_status__type_support.c.o[0m
[112.260s] [ 16%] [32mBuilding C object platforms/ros2/CMakeFiles/px4__rosidl_generator_c.dir/rosidl_generator_c/px4/msg/detail/qshell_req__description.c.o[0m
[112.264s] [ 16%] [32mBuilding C object platforms/ros2/CMakeFiles/px4__rosidl_generator_c.dir/rosidl_generator_c/px4/msg/detail/qshell_req__functions.c.o[0m
[112.268s] [ 16%] [32mBuilding C object platforms/ros2/CMakeFiles/px4__rosidl_generator_c.dir/rosidl_generator_c/px4/msg/detail/qshell_req__type_support.c.o[0m
[112.321s] [ 17%] [32mBuilding C object platforms/ros2/CMakeFiles/px4__rosidl_generator_c.dir/rosidl_generator_c/px4/msg/detail/qshell_retval__description.c.o[0m
[112.329s] [ 17%] [32mBuilding C object platforms/ros2/CMakeFiles/px4__rosidl_generator_c.dir/rosidl_generator_c/px4/msg/detail/qshell_retval__functions.c.o[0m
[112.366s] [ 17%] [32mBuilding C object platforms/ros2/CMakeFiles/px4__rosidl_generator_c.dir/rosidl_generator_c/px4/msg/detail/qshell_retval__type_support.c.o[0m
[112.390s] [ 17%] [32mBuilding C object platforms/ros2/CMakeFiles/px4__rosidl_generator_c.dir/rosidl_generator_c/px4/msg/detail/radio_status__description.c.o[0m
[112.395s] [ 17%] [32mBuilding C object platforms/ros2/CMakeFiles/px4__rosidl_generator_c.dir/rosidl_generator_c/px4/msg/detail/radio_status__functions.c.o[0m
[112.424s] [ 17%] [32mBuilding C object platforms/ros2/CMakeFiles/px4__rosidl_generator_c.dir/rosidl_generator_c/px4/msg/detail/radio_status__type_support.c.o[0m
[112.461s] [ 17%] [32mBuilding C object platforms/ros2/CMakeFiles/px4__rosidl_generator_c.dir/rosidl_generator_c/px4/msg/detail/rate_ctrl_status__functions.c.o[0m
[112.461s] [ 17%] [32mBuilding C object platforms/ros2/CMakeFiles/px4__rosidl_generator_c.dir/rosidl_generator_c/px4/msg/detail/rate_ctrl_status__description.c.o[0m
[112.481s] [ 17%] [32mBuilding C object platforms/ros2/CMakeFiles/px4__rosidl_generator_c.dir/rosidl_generator_c/px4/msg/detail/rate_ctrl_status__type_support.c.o[0m
[112.524s] [ 17%] [32mBuilding C object platforms/ros2/CMakeFiles/px4__rosidl_generator_c.dir/rosidl_generator_c/px4/msg/detail/rc_channels__description.c.o[0m
[112.529s] [ 17%] [32mBuilding C object platforms/ros2/CMakeFiles/px4__rosidl_generator_c.dir/rosidl_generator_c/px4/msg/detail/rc_channels__functions.c.o[0m
[112.540s] [ 17%] [32mBuilding C object platforms/ros2/CMakeFiles/px4__rosidl_generator_c.dir/rosidl_generator_c/px4/msg/detail/rc_channels__type_support.c.o[0m
[112.595s] [ 17%] [32mBuilding C object platforms/ros2/CMakeFiles/px4__rosidl_generator_c.dir/rosidl_generator_c/px4/msg/detail/rc_parameter_map__description.c.o[0m
[112.597s] [ 17%] [32mBuilding C object platforms/ros2/CMakeFiles/px4__rosidl_generator_c.dir/rosidl_generator_c/px4/msg/detail/rc_parameter_map__functions.c.o[0m
[112.598s] [ 17%] [32mBuilding C object platforms/ros2/CMakeFiles/px4__rosidl_generator_c.dir/rosidl_generator_c/px4/msg/detail/rc_parameter_map__type_support.c.o[0m
[112.654s] [ 17%] [32mBuilding C object platforms/ros2/CMakeFiles/px4__rosidl_generator_c.dir/rosidl_generator_c/px4/msg/detail/rover_attitude_setpoint__description.c.o[0m
[112.661s] [ 17%] [32mBuilding C object platforms/ros2/CMakeFiles/px4__rosidl_generator_c.dir/rosidl_generator_c/px4/msg/detail/rover_attitude_setpoint__functions.c.o[0m
[112.671s] [ 17%] [32mBuilding C object platforms/ros2/CMakeFiles/px4__rosidl_generator_c.dir/rosidl_generator_c/px4/msg/detail/rover_attitude_setpoint__type_support.c.o[0m
[112.744s] [ 17%] [32mBuilding C object platforms/ros2/CMakeFiles/px4__rosidl_generator_c.dir/rosidl_generator_c/px4/msg/detail/rover_attitude_status__description.c.o[0m
[112.777s] [ 17%] [32mBuilding C object platforms/ros2/CMakeFiles/px4__rosidl_generator_c.dir/rosidl_generator_c/px4/msg/detail/rover_attitude_status__functions.c.o[0m
[112.795s] [ 17%] [32mBuilding C object platforms/ros2/CMakeFiles/px4__rosidl_generator_c.dir/rosidl_generator_c/px4/msg/detail/rover_attitude_status__type_support.c.o[0m
[112.817s] [ 17%] [32mBuilding C object platforms/ros2/CMakeFiles/px4__rosidl_generator_c.dir/rosidl_generator_c/px4/msg/detail/rover_position_setpoint__description.c.o[0m
[112.851s] [ 17%] [32mBuilding C object platforms/ros2/CMakeFiles/px4__rosidl_generator_c.dir/rosidl_generator_c/px4/msg/detail/rover_position_setpoint__functions.c.o[0m
[112.900s] [ 17%] [32mBuilding C object platforms/ros2/CMakeFiles/px4__rosidl_generator_c.dir/rosidl_generator_c/px4/msg/detail/rover_position_setpoint__type_support.c.o[0m
[112.902s] [ 17%] [32mBuilding C object platforms/ros2/CMakeFiles/px4__rosidl_generator_c.dir/rosidl_generator_c/px4/msg/detail/rover_rate_setpoint__description.c.o[0m
[112.930s] [ 17%] [32mBuilding C object platforms/ros2/CMakeFiles/px4__rosidl_generator_c.dir/rosidl_generator_c/px4/msg/detail/rover_rate_setpoint__functions.c.o[0m
[112.963s] [ 17%] [32mBuilding C object platforms/ros2/CMakeFiles/px4__rosidl_generator_c.dir/rosidl_generator_c/px4/msg/detail/rover_rate_setpoint__type_support.c.o[0m
[113.023s] [ 17%] [32mBuilding C object platforms/ros2/CMakeFiles/px4__rosidl_generator_c.dir/rosidl_generator_c/px4/msg/detail/rover_rate_status__description.c.o[0m
[113.043s] [ 18%] [32mBuilding C object platforms/ros2/CMakeFiles/px4__rosidl_generator_c.dir/rosidl_generator_c/px4/msg/detail/rover_rate_status__functions.c.o[0m
[113.056s] [ 18%] [32mBuilding C object platforms/ros2/CMakeFiles/px4__rosidl_generator_c.dir/rosidl_generator_c/px4/msg/detail/rover_rate_status__type_support.c.o[0m
[113.073s] [ 18%] [32mBuilding C object platforms/ros2/CMakeFiles/px4__rosidl_generator_c.dir/rosidl_generator_c/px4/msg/detail/rover_steering_setpoint__description.c.o[0m
[113.098s] [ 18%] [32mBuilding C object platforms/ros2/CMakeFiles/px4__rosidl_generator_c.dir/rosidl_generator_c/px4/msg/detail/rover_steering_setpoint__functions.c.o[0m
[113.106s] [ 18%] [32mBuilding C object platforms/ros2/CMakeFiles/px4__rosidl_generator_c.dir/rosidl_generator_c/px4/msg/detail/rover_steering_setpoint__type_support.c.o[0m
[113.179s] [ 18%] [32mBuilding C object platforms/ros2/CMakeFiles/px4__rosidl_generator_c.dir/rosidl_generator_c/px4/msg/detail/rover_throttle_setpoint__description.c.o[0m
[113.194s] [ 18%] [32mBuilding C object platforms/ros2/CMakeFiles/px4__rosidl_generator_c.dir/rosidl_generator_c/px4/msg/detail/rover_throttle_setpoint__functions.c.o[0m
[113.243s] [ 18%] [32mBuilding C object platforms/ros2/CMakeFiles/px4__rosidl_generator_c.dir/rosidl_generator_c/px4/msg/detail/rover_throttle_setpoint__type_support.c.o[0m
[113.244s] [ 18%] [32mBuilding C object platforms/ros2/CMakeFiles/px4__rosidl_generator_c.dir/rosidl_generator_c/px4/msg/detail/rover_velocity_status__description.c.o[0m
[113.290s] [ 18%] [32mBuilding C object platforms/ros2/CMakeFiles/px4__rosidl_generator_c.dir/rosidl_generator_c/px4/msg/detail/rover_velocity_status__functions.c.o[0m
[113.316s] [ 18%] [32mBuilding C object platforms/ros2/CMakeFiles/px4__rosidl_generator_c.dir/rosidl_generator_c/px4/msg/detail/rover_velocity_status__type_support.c.o[0m
[113.323s] [ 18%] [32mBuilding C object platforms/ros2/CMakeFiles/px4__rosidl_generator_c.dir/rosidl_generator_c/px4/msg/detail/rpm__description.c.o[0m
[113.334s] [ 18%] [32mBuilding C object platforms/ros2/CMakeFiles/px4__rosidl_generator_c.dir/rosidl_generator_c/px4/msg/detail/rpm__functions.c.o[0m
[113.373s] [ 18%] [32mBuilding C object platforms/ros2/CMakeFiles/px4__rosidl_generator_c.dir/rosidl_generator_c/px4/msg/detail/rpm__type_support.c.o[0m
[113.394s] [ 18%] [32mBuilding C object platforms/ros2/CMakeFiles/px4__rosidl_generator_c.dir/rosidl_generator_c/px4/msg/detail/rtl_status__description.c.o[0m
[113.420s] [ 18%] [32mBuilding C object platforms/ros2/CMakeFiles/px4__rosidl_generator_c.dir/rosidl_generator_c/px4/msg/detail/rtl_status__functions.c.o[0m
[113.430s] [ 18%] [32mBuilding C object platforms/ros2/CMakeFiles/px4__rosidl_generator_c.dir/rosidl_generator_c/px4/msg/detail/rtl_status__type_support.c.o[0m
[113.466s] [ 18%] [32mBuilding C object platforms/ros2/CMakeFiles/px4__rosidl_generator_c.dir/rosidl_generator_c/px4/msg/detail/rtl_time_estimate__description.c.o[0m
[113.467s] [ 18%] [32mBuilding C object platforms/ros2/CMakeFiles/px4__rosidl_generator_c.dir/rosidl_generator_c/px4/msg/detail/rtl_time_estimate__functions.c.o[0m
[113.485s] [ 18%] [32mBuilding C object platforms/ros2/CMakeFiles/px4__rosidl_generator_c.dir/rosidl_generator_c/px4/msg/detail/rtl_time_estimate__type_support.c.o[0m
[113.537s] [ 18%] [32mBuilding C object platforms/ros2/CMakeFiles/px4__rosidl_generator_c.dir/rosidl_generator_c/px4/msg/detail/satellite_info__description.c.o[0m
[113.548s] [ 18%] [32mBuilding C object platforms/ros2/CMakeFiles/px4__rosidl_generator_c.dir/rosidl_generator_c/px4/msg/detail/satellite_info__functions.c.o[0m
[113.551s] [ 18%] [32mBuilding C object platforms/ros2/CMakeFiles/px4__rosidl_generator_c.dir/rosidl_generator_c/px4/msg/detail/satellite_info__type_support.c.o[0m
[113.600s] [ 18%] [32mBuilding C object platforms/ros2/CMakeFiles/px4__rosidl_generator_c.dir/rosidl_generator_c/px4/msg/detail/sensor_accel__description.c.o[0m
[113.606s] [ 18%] [32mBuilding C object platforms/ros2/CMakeFiles/px4__rosidl_generator_c.dir/rosidl_generator_c/px4/msg/detail/sensor_accel__functions.c.o[0m
[113.607s] [ 18%] [32mBuilding C object platforms/ros2/CMakeFiles/px4__rosidl_generator_c.dir/rosidl_generator_c/px4/msg/detail/sensor_accel__type_support.c.o[0m
[113.669s] [ 18%] [32mBuilding C object platforms/ros2/CMakeFiles/px4__rosidl_generator_c.dir/rosidl_generator_c/px4/msg/detail/sensor_accel_fifo__description.c.o[0m
[113.672s] [ 18%] [32mBuilding C object platforms/ros2/CMakeFiles/px4__rosidl_generator_c.dir/rosidl_generator_c/px4/msg/detail/sensor_accel_fifo__functions.c.o[0m
[113.699s] [ 18%] [32mBuilding C object platforms/ros2/CMakeFiles/px4__rosidl_generator_c.dir/rosidl_generator_c/px4/msg/detail/sensor_accel_fifo__type_support.c.o[0m
[113.742s] [ 20%] [32mBuilding C object platforms/ros2/CMakeFiles/px4__rosidl_generator_c.dir/rosidl_generator_c/px4/msg/detail/sensor_airflow__description.c.o[0m
[113.756s] [ 20%] [32mBuilding C object platforms/ros2/CMakeFiles/px4__rosidl_generator_c.dir/rosidl_generator_c/px4/msg/detail/sensor_airflow__functions.c.o[0m
[113.758s] [ 20%] [32mBuilding C object platforms/ros2/CMakeFiles/px4__rosidl_generator_c.dir/rosidl_generator_c/px4/msg/detail/sensor_airflow__type_support.c.o[0m
[113.812s] [ 20%] [32mBuilding C object platforms/ros2/CMakeFiles/px4__rosidl_generator_c.dir/rosidl_generator_c/px4/msg/detail/sensor_baro__description.c.o[0m
[113.812s] [ 20%] [32mBuilding C object platforms/ros2/CMakeFiles/px4__rosidl_generator_c.dir/rosidl_generator_c/px4/msg/detail/sensor_baro__functions.c.o[0m
[113.824s] [ 20%] [32mBuilding C object platforms/ros2/CMakeFiles/px4__rosidl_generator_c.dir/rosidl_generator_c/px4/msg/detail/sensor_baro__type_support.c.o[0m
[113.876s] [ 20%] [32mBuilding C object platforms/ros2/CMakeFiles/px4__rosidl_generator_c.dir/rosidl_generator_c/px4/msg/detail/sensor_combined__description.c.o[0m
[113.880s] [ 20%] [32mBuilding C object platforms/ros2/CMakeFiles/px4__rosidl_generator_c.dir/rosidl_generator_c/px4/msg/detail/sensor_combined__functions.c.o[0m
[113.888s] [ 20%] [32mBuilding C object platforms/ros2/CMakeFiles/px4__rosidl_generator_c.dir/rosidl_generator_c/px4/msg/detail/sensor_combined__type_support.c.o[0m
[113.943s] [ 20%] [32mBuilding C object platforms/ros2/CMakeFiles/px4__rosidl_generator_c.dir/rosidl_generator_c/px4/msg/detail/sensor_correction__description.c.o[0m
[113.947s] [ 20%] [32mBuilding C object platforms/ros2/CMakeFiles/px4__rosidl_generator_c.dir/rosidl_generator_c/px4/msg/detail/sensor_correction__functions.c.o[0m
[113.948s] [ 20%] [32mBuilding C object platforms/ros2/CMakeFiles/px4__rosidl_generator_c.dir/rosidl_generator_c/px4/msg/detail/sensor_correction__type_support.c.o[0m
[114.002s] [ 20%] [32mBuilding C object platforms/ros2/CMakeFiles/px4__rosidl_generator_c.dir/rosidl_generator_c/px4/msg/detail/sensor_gnss_relative__description.c.o[0m
[114.016s] [ 20%] [32mBuilding C object platforms/ros2/CMakeFiles/px4__rosidl_generator_c.dir/rosidl_generator_c/px4/msg/detail/sensor_gnss_relative__functions.c.o[0m
[114.020s] [ 20%] [32mBuilding C object platforms/ros2/CMakeFiles/px4__rosidl_generator_c.dir/rosidl_generator_c/px4/msg/detail/sensor_gnss_relative__type_support.c.o[0m
[114.070s] [ 20%] [32mBuilding C object platforms/ros2/CMakeFiles/px4__rosidl_generator_c.dir/rosidl_generator_c/px4/msg/detail/sensor_gps__description.c.o[0m
[114.081s] [ 20%] [32mBuilding C object platforms/ros2/CMakeFiles/px4__rosidl_generator_c.dir/rosidl_generator_c/px4/msg/detail/sensor_gps__functions.c.o[0m
[114.137s] [ 20%] [32mBuilding C object platforms/ros2/CMakeFiles/px4__rosidl_generator_c.dir/rosidl_generator_c/px4/msg/detail/sensor_gps__type_support.c.o[0m
[114.141s] [ 20%] [32mBuilding C object platforms/ros2/CMakeFiles/px4__rosidl_generator_c.dir/rosidl_generator_c/px4/msg/detail/sensor_gyro__description.c.o[0m
[114.163s] [ 20%] [32mBuilding C object platforms/ros2/CMakeFiles/px4__rosidl_generator_c.dir/rosidl_generator_c/px4/msg/detail/sensor_gyro__functions.c.o[0m
[114.191s] [ 20%] [32mBuilding C object platforms/ros2/CMakeFiles/px4__rosidl_generator_c.dir/rosidl_generator_c/px4/msg/detail/sensor_gyro__type_support.c.o[0m
[114.212s] [ 20%] [32mBuilding C object platforms/ros2/CMakeFiles/px4__rosidl_generator_c.dir/rosidl_generator_c/px4/msg/detail/sensor_gyro_fft__description.c.o[0m
[114.234s] [ 20%] [32mBuilding C object platforms/ros2/CMakeFiles/px4__rosidl_generator_c.dir/rosidl_generator_c/px4/msg/detail/sensor_gyro_fft__functions.c.o[0m
[114.246s] [ 20%] [32mBuilding C object platforms/ros2/CMakeFiles/px4__rosidl_generator_c.dir/rosidl_generator_c/px4/msg/detail/sensor_gyro_fft__type_support.c.o[0m
[114.281s] [ 20%] [32mBuilding C object platforms/ros2/CMakeFiles/px4__rosidl_generator_c.dir/rosidl_generator_c/px4/msg/detail/sensor_gyro_fifo__description.c.o[0m
[114.299s] [ 20%] [32mBuilding C object platforms/ros2/CMakeFiles/px4__rosidl_generator_c.dir/rosidl_generator_c/px4/msg/detail/sensor_gyro_fifo__functions.c.o[0m
[114.303s] [ 20%] [32mBuilding C object platforms/ros2/CMakeFiles/px4__rosidl_generator_c.dir/rosidl_generator_c/px4/msg/detail/sensor_gyro_fifo__type_support.c.o[0m
[114.348s] [ 20%] [32mBuilding C object platforms/ros2/CMakeFiles/px4__rosidl_generator_c.dir/rosidl_generator_c/px4/msg/detail/sensor_hygrometer__description.c.o[0m
[114.358s] [ 20%] [32mBuilding C object platforms/ros2/CMakeFiles/px4__rosidl_generator_c.dir/rosidl_generator_c/px4/msg/detail/sensor_hygrometer__functions.c.o[0m
[114.391s] [ 21%] [32mBuilding C object platforms/ros2/CMakeFiles/px4__rosidl_generator_c.dir/rosidl_generator_c/px4/msg/detail/sensor_hygrometer__type_support.c.o[0m
[114.415s] [ 21%] [32mBuilding C object platforms/ros2/CMakeFiles/px4__rosidl_generator_c.dir/rosidl_generator_c/px4/msg/detail/sensor_mag__description.c.o[0m
[114.442s] [ 21%] [32mBuilding C object platforms/ros2/CMakeFiles/px4__rosidl_generator_c.dir/rosidl_generator_c/px4/msg/detail/sensor_mag__functions.c.o[0m
[114.454s] [ 21%] [32mBuilding C object platforms/ros2/CMakeFiles/px4__rosidl_generator_c.dir/rosidl_generator_c/px4/msg/detail/sensor_mag__type_support.c.o[0m
[114.484s] [ 21%] [32mBuilding C object platforms/ros2/CMakeFiles/px4__rosidl_generator_c.dir/rosidl_generator_c/px4/msg/detail/sensor_optical_flow__description.c.o[0m
[114.488s] [ 21%] [32mBuilding C object platforms/ros2/CMakeFiles/px4__rosidl_generator_c.dir/rosidl_generator_c/px4/msg/detail/sensor_optical_flow__functions.c.o[0m
[114.508s] [ 21%] [32mBuilding C object platforms/ros2/CMakeFiles/px4__rosidl_generator_c.dir/rosidl_generator_c/px4/msg/detail/sensor_optical_flow__type_support.c.o[0m
[114.555s] [ 21%] [32mBuilding C object platforms/ros2/CMakeFiles/px4__rosidl_generator_c.dir/rosidl_generator_c/px4/msg/detail/sensor_preflight_mag__description.c.o[0m
[114.562s] [ 21%] [32mBuilding C object platforms/ros2/CMakeFiles/px4__rosidl_generator_c.dir/rosidl_generator_c/px4/msg/detail/sensor_preflight_mag__functions.c.o[0m
[114.601s] [ 21%] [32mBuilding C object platforms/ros2/CMakeFiles/px4__rosidl_generator_c.dir/rosidl_generator_c/px4/msg/detail/sensor_preflight_mag__type_support.c.o[0m
[114.624s] [ 21%] [32mBuilding C object platforms/ros2/CMakeFiles/px4__rosidl_generator_c.dir/rosidl_generator_c/px4/msg/detail/sensor_selection__description.c.o[0m
[114.637s] [ 21%] [32mBuilding C object platforms/ros2/CMakeFiles/px4__rosidl_generator_c.dir/rosidl_generator_c/px4/msg/detail/sensor_selection__functions.c.o[0m
[114.657s] [ 21%] [32mBuilding C object platforms/ros2/CMakeFiles/px4__rosidl_generator_c.dir/rosidl_generator_c/px4/msg/detail/sensor_selection__type_support.c.o[0m
[114.692s] [ 21%] [32mBuilding C object platforms/ros2/CMakeFiles/px4__rosidl_generator_c.dir/rosidl_generator_c/px4/msg/detail/sensor_uwb__description.c.o[0m
[114.696s] [ 21%] [32mBuilding C object platforms/ros2/CMakeFiles/px4__rosidl_generator_c.dir/rosidl_generator_c/px4/msg/detail/sensor_uwb__functions.c.o[0m
[114.709s] [ 21%] [32mBuilding C object platforms/ros2/CMakeFiles/px4__rosidl_generator_c.dir/rosidl_generator_c/px4/msg/detail/sensor_uwb__type_support.c.o[0m
[114.763s] [ 21%] [32mBuilding C object platforms/ros2/CMakeFiles/px4__rosidl_generator_c.dir/rosidl_generator_c/px4/msg/detail/sensors_status__description.c.o[0m
[114.767s] [ 21%] [32mBuilding C object platforms/ros2/CMakeFiles/px4__rosidl_generator_c.dir/rosidl_generator_c/px4/msg/detail/sensors_status__functions.c.o[0m
[114.768s] [ 21%] [32mBuilding C object platforms/ros2/CMakeFiles/px4__rosidl_generator_c.dir/rosidl_generator_c/px4/msg/detail/sensors_status__type_support.c.o[0m
[114.821s] [ 21%] [32mBuilding C object platforms/ros2/CMakeFiles/px4__rosidl_generator_c.dir/rosidl_generator_c/px4/msg/detail/sensors_status_imu__description.c.o[0m
[114.830s] [ 21%] [32mBuilding C object platforms/ros2/CMakeFiles/px4__rosidl_generator_c.dir/rosidl_generator_c/px4/msg/detail/sensors_status_imu__functions.c.o[0m
[114.839s] [ 21%] [32mBuilding C object platforms/ros2/CMakeFiles/px4__rosidl_generator_c.dir/rosidl_generator_c/px4/msg/detail/sensors_status_imu__type_support.c.o[0m
[114.893s] [ 21%] [32mBuilding C object platforms/ros2/CMakeFiles/px4__rosidl_generator_c.dir/rosidl_generator_c/px4/msg/detail/system_power__functions.c.o[0m
[114.893s] [ 21%] [32mBuilding C object platforms/ros2/CMakeFiles/px4__rosidl_generator_c.dir/rosidl_generator_c/px4/msg/detail/system_power__description.c.o[0m
[114.915s] [ 21%] [32mBuilding C object platforms/ros2/CMakeFiles/px4__rosidl_generator_c.dir/rosidl_generator_c/px4/msg/detail/system_power__type_support.c.o[0m
[114.963s] [ 21%] [32mBuilding C object platforms/ros2/CMakeFiles/px4__rosidl_generator_c.dir/rosidl_generator_c/px4/msg/detail/takeoff_status__description.c.o[0m
[114.970s] [ 21%] [32mBuilding C object platforms/ros2/CMakeFiles/px4__rosidl_generator_c.dir/rosidl_generator_c/px4/msg/detail/takeoff_status__functions.c.o[0m
[114.990s] [ 21%] [32mBuilding C object platforms/ros2/CMakeFiles/px4__rosidl_generator_c.dir/rosidl_generator_c/px4/msg/detail/takeoff_status__type_support.c.o[0m
[115.030s] [ 21%] [32mBuilding C object platforms/ros2/CMakeFiles/px4__rosidl_generator_c.dir/rosidl_generator_c/px4/msg/detail/task_stack_info__description.c.o[0m
[115.035s] [ 22%] [32mBuilding C object platforms/ros2/CMakeFiles/px4__rosidl_generator_c.dir/rosidl_generator_c/px4/msg/detail/task_stack_info__functions.c.o[0m
[115.045s] [ 22%] [32mBuilding C object platforms/ros2/CMakeFiles/px4__rosidl_generator_c.dir/rosidl_generator_c/px4/msg/detail/task_stack_info__type_support.c.o[0m
[115.106s] [ 22%] [32mBuilding C object platforms/ros2/CMakeFiles/px4__rosidl_generator_c.dir/rosidl_generator_c/px4/msg/detail/tecs_status__type_support.c.o[0m
[115.111s] [ 22%] [32mBuilding C object platforms/ros2/CMakeFiles/px4__rosidl_generator_c.dir/rosidl_generator_c/px4/msg/detail/tecs_status__description.c.o[0m
[115.118s] [ 22%] [32mBuilding C object platforms/ros2/CMakeFiles/px4__rosidl_generator_c.dir/rosidl_generator_c/px4/msg/detail/tecs_status__functions.c.o[0m
[115.162s] [ 22%] [32mBuilding C object platforms/ros2/CMakeFiles/px4__rosidl_generator_c.dir/rosidl_generator_c/px4/msg/detail/telemetry_status__description.c.o[0m
[115.171s] [ 22%] [32mBuilding C object platforms/ros2/CMakeFiles/px4__rosidl_generator_c.dir/rosidl_generator_c/px4/msg/detail/telemetry_status__functions.c.o[0m
[115.191s] [ 22%] [32mBuilding C object platforms/ros2/CMakeFiles/px4__rosidl_generator_c.dir/rosidl_generator_c/px4/msg/detail/telemetry_status__type_support.c.o[0m
[115.230s] [ 22%] [32mBuilding C object platforms/ros2/CMakeFiles/px4__rosidl_generator_c.dir/rosidl_generator_c/px4/msg/detail/tiltrotor_extra_controls__description.c.o[0m
[115.243s] [ 22%] [32mBuilding C object platforms/ros2/CMakeFiles/px4__rosidl_generator_c.dir/rosidl_generator_c/px4/msg/detail/tiltrotor_extra_controls__functions.c.o[0m
[115.268s] [ 22%] [32mBuilding C object platforms/ros2/CMakeFiles/px4__rosidl_generator_c.dir/rosidl_generator_c/px4/msg/detail/tiltrotor_extra_controls__type_support.c.o[0m
[115.297s] [ 22%] [32mBuilding C object platforms/ros2/CMakeFiles/px4__rosidl_generator_c.dir/rosidl_generator_c/px4/msg/detail/timesync_status__description.c.o[0m
[115.324s] [ 22%] [32mBuilding C object platforms/ros2/CMakeFiles/px4__rosidl_generator_c.dir/rosidl_generator_c/px4/msg/detail/timesync_status__functions.c.o[0m
[115.332s] [ 22%] [32mBuilding C object platforms/ros2/CMakeFiles/px4__rosidl_generator_c.dir/rosidl_generator_c/px4/msg/detail/timesync_status__type_support.c.o[0m
[115.365s] [ 22%] [32mBuilding C object platforms/ros2/CMakeFiles/px4__rosidl_generator_c.dir/rosidl_generator_c/px4/msg/detail/trajectory_setpoint6dof__description.c.o[0m
[115.371s] [ 22%] [32mBuilding C object platforms/ros2/CMakeFiles/px4__rosidl_generator_c.dir/rosidl_generator_c/px4/msg/detail/trajectory_setpoint6dof__functions.c.o[0m
[115.390s] [ 22%] [32mBuilding C object platforms/ros2/CMakeFiles/px4__rosidl_generator_c.dir/rosidl_generator_c/px4/msg/detail/trajectory_setpoint6dof__type_support.c.o[0m
[115.450s] [ 22%] [32mBuilding C object platforms/ros2/CMakeFiles/px4__rosidl_generator_c.dir/rosidl_generator_c/px4/msg/detail/transponder_report__description.c.o[0m
[115.450s] [ 22%] [32mBuilding C object platforms/ros2/CMakeFiles/px4__rosidl_generator_c.dir/rosidl_generator_c/px4/msg/detail/transponder_report__functions.c.o[0m
[115.492s] [ 22%] [32mBuilding C object platforms/ros2/CMakeFiles/px4__rosidl_generator_c.dir/rosidl_generator_c/px4/msg/detail/transponder_report__type_support.c.o[0m
[115.534s] [ 22%] [32mBuilding C object platforms/ros2/CMakeFiles/px4__rosidl_generator_c.dir/rosidl_generator_c/px4/msg/detail/tune_control__description.c.o[0m
[115.541s] [ 22%] [32mBuilding C object platforms/ros2/CMakeFiles/px4__rosidl_generator_c.dir/rosidl_generator_c/px4/msg/detail/tune_control__functions.c.o[0m
[115.558s] [ 22%] [32mBuilding C object platforms/ros2/CMakeFiles/px4__rosidl_generator_c.dir/rosidl_generator_c/px4/msg/detail/tune_control__type_support.c.o[0m
[115.610s] [ 22%] [32mBuilding C object platforms/ros2/CMakeFiles/px4__rosidl_generator_c.dir/rosidl_generator_c/px4/msg/detail/uavcan_parameter_request__description.c.o[0m
[115.670s] [ 22%] [32mBuilding C object platforms/ros2/CMakeFiles/px4__rosidl_generator_c.dir/rosidl_generator_c/px4/msg/detail/uavcan_parameter_request__functions.c.o[0m
[115.677s] [ 22%] [32mBuilding C object platforms/ros2/CMakeFiles/px4__rosidl_generator_c.dir/rosidl_generator_c/px4/msg/detail/uavcan_parameter_request__type_support.c.o[0m
[115.704s] [ 22%] [32mBuilding C object platforms/ros2/CMakeFiles/px4__rosidl_generator_c.dir/rosidl_generator_c/px4/msg/detail/uavcan_parameter_value__description.c.o[0m
[115.737s] [ 22%] [32mBuilding C object platforms/ros2/CMakeFiles/px4__rosidl_generator_c.dir/rosidl_generator_c/px4/msg/detail/uavcan_parameter_value__functions.c.o[0m
[115.772s] [ 22%] [32mBuilding C object platforms/ros2/CMakeFiles/px4__rosidl_generator_c.dir/rosidl_generator_c/px4/msg/detail/uavcan_parameter_value__type_support.c.o[0m
[115.781s] [ 24%] [32mBuilding C object platforms/ros2/CMakeFiles/px4__rosidl_generator_c.dir/rosidl_generator_c/px4/msg/detail/ulog_stream__description.c.o[0m
[115.832s] [ 24%] [32mBuilding C object platforms/ros2/CMakeFiles/px4__rosidl_generator_c.dir/rosidl_generator_c/px4/msg/detail/ulog_stream__functions.c.o[0m
[115.838s] [ 24%] [32mBuilding C object platforms/ros2/CMakeFiles/px4__rosidl_generator_c.dir/rosidl_generator_c/px4/msg/detail/ulog_stream__type_support.c.o[0m
[115.875s] [ 24%] [32mBuilding C object platforms/ros2/CMakeFiles/px4__rosidl_generator_c.dir/rosidl_generator_c/px4/msg/detail/ulog_stream_ack__description.c.o[0m
[115.877s] [ 24%] [32mBuilding C object platforms/ros2/CMakeFiles/px4__rosidl_generator_c.dir/rosidl_generator_c/px4/msg/detail/ulog_stream_ack__functions.c.o[0m
[115.929s] [ 24%] [32mBuilding C object platforms/ros2/CMakeFiles/px4__rosidl_generator_c.dir/rosidl_generator_c/px4/msg/detail/ulog_stream_ack__type_support.c.o[0m
[115.999s] [ 24%] [32mBuilding C object platforms/ros2/CMakeFiles/px4__rosidl_generator_c.dir/rosidl_generator_c/px4/msg/detail/vehicle_acceleration__description.c.o[0m
[116.010s] [ 24%] [32mBuilding C object platforms/ros2/CMakeFiles/px4__rosidl_generator_c.dir/rosidl_generator_c/px4/msg/detail/vehicle_acceleration__functions.c.o[0m
[116.017s] [ 24%] [32mBuilding C object platforms/ros2/CMakeFiles/px4__rosidl_generator_c.dir/rosidl_generator_c/px4/msg/detail/vehicle_air_data__description.c.o[0m
[116.017s] [ 24%] [32mBuilding C object platforms/ros2/CMakeFiles/px4__rosidl_generator_c.dir/rosidl_generator_c/px4/msg/detail/vehicle_acceleration__type_support.c.o[0m
[116.065s] [ 24%] [32mBuilding C object platforms/ros2/CMakeFiles/px4__rosidl_generator_c.dir/rosidl_generator_c/px4/msg/detail/vehicle_air_data__functions.c.o[0m
[116.073s] [ 24%] [32mBuilding C object platforms/ros2/CMakeFiles/px4__rosidl_generator_c.dir/rosidl_generator_c/px4/msg/detail/vehicle_air_data__type_support.c.o[0m
[116.085s] [ 24%] [32mBuilding C object platforms/ros2/CMakeFiles/px4__rosidl_generator_c.dir/rosidl_generator_c/px4/msg/detail/vehicle_angular_acceleration_setpoint__description.c.o[0m
[116.125s] [ 24%] [32mBuilding C object platforms/ros2/CMakeFiles/px4__rosidl_generator_c.dir/rosidl_generator_c/px4/msg/detail/vehicle_angular_acceleration_setpoint__functions.c.o[0m
[116.150s] [ 24%] [32mBuilding C object platforms/ros2/CMakeFiles/px4__rosidl_generator_c.dir/rosidl_generator_c/px4/msg/detail/vehicle_angular_acceleration_setpoint__type_support.c.o[0m
[116.156s] [ 24%] [32mBuilding C object platforms/ros2/CMakeFiles/px4__rosidl_generator_c.dir/rosidl_generator_c/px4/msg/detail/vehicle_constraints__description.c.o[0m
[116.198s] [ 24%] [32mBuilding C object platforms/ros2/CMakeFiles/px4__rosidl_generator_c.dir/rosidl_generator_c/px4/msg/detail/vehicle_constraints__functions.c.o[0m
[116.211s] [ 24%] [32mBuilding C object platforms/ros2/CMakeFiles/px4__rosidl_generator_c.dir/rosidl_generator_c/px4/msg/detail/vehicle_constraints__type_support.c.o[0m
[116.223s] [ 24%] [32mBuilding C object platforms/ros2/CMakeFiles/px4__rosidl_generator_c.dir/rosidl_generator_c/px4/msg/detail/vehicle_imu__description.c.o[0m
[116.261s] [ 24%] [32mBuilding C object platforms/ros2/CMakeFiles/px4__rosidl_generator_c.dir/rosidl_generator_c/px4/msg/detail/vehicle_imu__functions.c.o[0m
[116.270s] [ 24%] [32mBuilding C object platforms/ros2/CMakeFiles/px4__rosidl_generator_c.dir/rosidl_generator_c/px4/msg/detail/vehicle_imu__type_support.c.o[0m
[116.291s] [ 24%] [32mBuilding C object platforms/ros2/CMakeFiles/px4__rosidl_generator_c.dir/rosidl_generator_c/px4/msg/detail/vehicle_imu_status__description.c.o[0m
[116.327s] [ 24%] [32mBuilding C object platforms/ros2/CMakeFiles/px4__rosidl_generator_c.dir/rosidl_generator_c/px4/msg/detail/vehicle_imu_status__functions.c.o[0m
[116.332s] [ 24%] [32mBuilding C object platforms/ros2/CMakeFiles/px4__rosidl_generator_c.dir/rosidl_generator_c/px4/msg/detail/vehicle_imu_status__type_support.c.o[0m
[116.367s] [ 24%] [32mBuilding C object platforms/ros2/CMakeFiles/px4__rosidl_generator_c.dir/rosidl_generator_c/px4/msg/detail/vehicle_local_position_setpoint__description.c.o[0m
[116.394s] [ 24%] [32mBuilding C object platforms/ros2/CMakeFiles/px4__rosidl_generator_c.dir/rosidl_generator_c/px4/msg/detail/vehicle_local_position_setpoint__functions.c.o[0m
[116.397s] [ 24%] [32mBuilding C object platforms/ros2/CMakeFiles/px4__rosidl_generator_c.dir/rosidl_generator_c/px4/msg/detail/vehicle_local_position_setpoint__type_support.c.o[0m
[116.449s] [ 24%] [32mBuilding C object platforms/ros2/CMakeFiles/px4__rosidl_generator_c.dir/rosidl_generator_c/px4/msg/detail/vehicle_magnetometer__description.c.o[0m
[116.456s] [ 24%] [32mBuilding C object platforms/ros2/CMakeFiles/px4__rosidl_generator_c.dir/rosidl_generator_c/px4/msg/detail/vehicle_magnetometer__functions.c.o[0m
[116.486s] [ 25%] [32mBuilding C object platforms/ros2/CMakeFiles/px4__rosidl_generator_c.dir/rosidl_generator_c/px4/msg/detail/vehicle_magnetometer__type_support.c.o[0m
[116.534s] [ 25%] [32mBuilding C object platforms/ros2/CMakeFiles/px4__rosidl_generator_c.dir/rosidl_generator_c/px4/msg/detail/vehicle_optical_flow__description.c.o[0m
[116.537s] [ 25%] [32mBuilding C object platforms/ros2/CMakeFiles/px4__rosidl_generator_c.dir/rosidl_generator_c/px4/msg/detail/vehicle_optical_flow__type_support.c.o[0m
[116.538s] [ 25%] [32mBuilding C object platforms/ros2/CMakeFiles/px4__rosidl_generator_c.dir/rosidl_generator_c/px4/msg/detail/vehicle_optical_flow__functions.c.o[0m
[116.593s] [ 25%] [32mBuilding C object platforms/ros2/CMakeFiles/px4__rosidl_generator_c.dir/rosidl_generator_c/px4/msg/detail/vehicle_optical_flow_vel__description.c.o[0m
[116.597s] [ 25%] [32mBuilding C object platforms/ros2/CMakeFiles/px4__rosidl_generator_c.dir/rosidl_generator_c/px4/msg/detail/vehicle_optical_flow_vel__functions.c.o[0m
[116.610s] [ 25%] [32mBuilding C object platforms/ros2/CMakeFiles/px4__rosidl_generator_c.dir/rosidl_generator_c/px4/msg/detail/vehicle_optical_flow_vel__type_support.c.o[0m
[116.666s] [ 25%] [32mBuilding C object platforms/ros2/CMakeFiles/px4__rosidl_generator_c.dir/rosidl_generator_c/px4/msg/detail/vehicle_roi__description.c.o[0m
[116.668s] [ 25%] [32mBuilding C object platforms/ros2/CMakeFiles/px4__rosidl_generator_c.dir/rosidl_generator_c/px4/msg/detail/vehicle_roi__functions.c.o[0m
[116.676s] [ 25%] [32mBuilding C object platforms/ros2/CMakeFiles/px4__rosidl_generator_c.dir/rosidl_generator_c/px4/msg/detail/vehicle_roi__type_support.c.o[0m
[116.732s] [ 25%] [32mBuilding C object platforms/ros2/CMakeFiles/px4__rosidl_generator_c.dir/rosidl_generator_c/px4/msg/detail/vehicle_thrust_setpoint__description.c.o[0m
[116.733s] [ 25%] [32mBuilding C object platforms/ros2/CMakeFiles/px4__rosidl_generator_c.dir/rosidl_generator_c/px4/msg/detail/vehicle_thrust_setpoint__functions.c.o[0m
[116.764s] [ 25%] [32mBuilding C object platforms/ros2/CMakeFiles/px4__rosidl_generator_c.dir/rosidl_generator_c/px4/msg/detail/vehicle_thrust_setpoint__type_support.c.o[0m
[116.800s] [ 25%] [32mBuilding C object platforms/ros2/CMakeFiles/px4__rosidl_generator_c.dir/rosidl_generator_c/px4/msg/detail/vehicle_torque_setpoint__description.c.o[0m
[116.805s] [ 25%] [32mBuilding C object platforms/ros2/CMakeFiles/px4__rosidl_generator_c.dir/rosidl_generator_c/px4/msg/detail/vehicle_torque_setpoint__functions.c.o[0m
[116.816s] [ 25%] [32mBuilding C object platforms/ros2/CMakeFiles/px4__rosidl_generator_c.dir/rosidl_generator_c/px4/msg/detail/vehicle_torque_setpoint__type_support.c.o[0m
[116.864s] [ 25%] [32mBuilding C object platforms/ros2/CMakeFiles/px4__rosidl_generator_c.dir/rosidl_generator_c/px4/msg/detail/velocity_limits__description.c.o[0m
[116.868s] [ 25%] [32mBuilding C object platforms/ros2/CMakeFiles/px4__rosidl_generator_c.dir/rosidl_generator_c/px4/msg/detail/velocity_limits__functions.c.o[0m
[116.876s] [ 25%] [32mBuilding C object platforms/ros2/CMakeFiles/px4__rosidl_generator_c.dir/rosidl_generator_c/px4/msg/detail/velocity_limits__type_support.c.o[0m
[116.930s] [ 25%] [32mBuilding C object platforms/ros2/CMakeFiles/px4__rosidl_generator_c.dir/rosidl_generator_c/px4/msg/detail/wheel_encoders__description.c.o[0m
[116.934s] [ 25%] [32mBuilding C object platforms/ros2/CMakeFiles/px4__rosidl_generator_c.dir/rosidl_generator_c/px4/msg/detail/wheel_encoders__functions.c.o[0m
[116.944s] [ 25%] [32mBuilding C object platforms/ros2/CMakeFiles/px4__rosidl_generator_c.dir/rosidl_generator_c/px4/msg/detail/wheel_encoders__type_support.c.o[0m
[117.003s] [ 25%] [32mBuilding C object platforms/ros2/CMakeFiles/px4__rosidl_generator_c.dir/rosidl_generator_c/px4/msg/detail/wind__description.c.o[0m
[117.003s] [ 25%] [32mBuilding C object platforms/ros2/CMakeFiles/px4__rosidl_generator_c.dir/rosidl_generator_c/px4/msg/detail/wind__functions.c.o[0m
[117.008s] [ 25%] [32mBuilding C object platforms/ros2/CMakeFiles/px4__rosidl_generator_c.dir/rosidl_generator_c/px4/msg/detail/wind__type_support.c.o[0m
[117.064s] [ 25%] [32mBuilding C object platforms/ros2/CMakeFiles/px4__rosidl_generator_c.dir/rosidl_generator_c/px4/msg/detail/yaw_estimator_status__description.c.o[0m
[117.068s] [ 25%] [32mBuilding C object platforms/ros2/CMakeFiles/px4__rosidl_generator_c.dir/rosidl_generator_c/px4/msg/detail/yaw_estimator_status__functions.c.o[0m
[117.068s] [ 25%] [32mBuilding C object platforms/ros2/CMakeFiles/px4__rosidl_generator_c.dir/rosidl_generator_c/px4/msg/detail/yaw_estimator_status__type_support.c.o[0m
[117.123s] [ 25%] [32mBuilding C object platforms/ros2/CMakeFiles/px4__rosidl_generator_c.dir/rosidl_generator_c/px4/msg/detail/actuator_motors__description.c.o[0m
[117.130s] [ 26%] [32mBuilding C object platforms/ros2/CMakeFiles/px4__rosidl_generator_c.dir/rosidl_generator_c/px4/msg/detail/actuator_motors__functions.c.o[0m
[117.131s] [ 26%] [32mBuilding C object platforms/ros2/CMakeFiles/px4__rosidl_generator_c.dir/rosidl_generator_c/px4/msg/detail/actuator_motors__type_support.c.o[0m
[117.190s] [ 26%] [32mBuilding C object platforms/ros2/CMakeFiles/px4__rosidl_generator_c.dir/rosidl_generator_c/px4/msg/detail/actuator_servos__description.c.o[0m
[117.197s] [ 26%] [32mBuilding C object platforms/ros2/CMakeFiles/px4__rosidl_generator_c.dir/rosidl_generator_c/px4/msg/detail/actuator_servos__functions.c.o[0m
[117.218s] [ 26%] [32mBuilding C object platforms/ros2/CMakeFiles/px4__rosidl_generator_c.dir/rosidl_generator_c/px4/msg/detail/actuator_servos__type_support.c.o[0m
[117.262s] [ 26%] [32mBuilding C object platforms/ros2/CMakeFiles/px4__rosidl_generator_c.dir/rosidl_generator_c/px4/msg/detail/airspeed_validated__functions.c.o[0m
[117.264s] [ 26%] [32mBuilding C object platforms/ros2/CMakeFiles/px4__rosidl_generator_c.dir/rosidl_generator_c/px4/msg/detail/airspeed_validated__description.c.o[0m
[117.273s] [ 26%] [32mBuilding C object platforms/ros2/CMakeFiles/px4__rosidl_generator_c.dir/rosidl_generator_c/px4/msg/detail/airspeed_validated__type_support.c.o[0m
[117.327s] [ 26%] [32mBuilding C object platforms/ros2/CMakeFiles/px4__rosidl_generator_c.dir/rosidl_generator_c/px4/msg/detail/arming_check_reply__description.c.o[0m
[117.332s] [ 26%] [32mBuilding C object platforms/ros2/CMakeFiles/px4__rosidl_generator_c.dir/rosidl_generator_c/px4/msg/detail/arming_check_reply__functions.c.o[0m
[117.335s] [ 26%] [32mBuilding C object platforms/ros2/CMakeFiles/px4__rosidl_generator_c.dir/rosidl_generator_c/px4/msg/detail/arming_check_reply__type_support.c.o[0m
[117.389s] [ 26%] [32mBuilding C object platforms/ros2/CMakeFiles/px4__rosidl_generator_c.dir/rosidl_generator_c/px4/msg/detail/arming_check_request__description.c.o[0m
[117.394s] [ 26%] [32mBuilding C object platforms/ros2/CMakeFiles/px4__rosidl_generator_c.dir/rosidl_generator_c/px4/msg/detail/arming_check_request__functions.c.o[0m
[117.402s] [ 26%] [32mBuilding C object platforms/ros2/CMakeFiles/px4__rosidl_generator_c.dir/rosidl_generator_c/px4/msg/detail/arming_check_request__type_support.c.o[0m
[117.455s] [ 26%] [32mBuilding C object platforms/ros2/CMakeFiles/px4__rosidl_generator_c.dir/rosidl_generator_c/px4/msg/detail/battery_status__description.c.o[0m
[117.458s] [ 26%] [32mBuilding C object platforms/ros2/CMakeFiles/px4__rosidl_generator_c.dir/rosidl_generator_c/px4/msg/detail/battery_status__functions.c.o[0m
[117.486s] [ 26%] [32mBuilding C object platforms/ros2/CMakeFiles/px4__rosidl_generator_c.dir/rosidl_generator_c/px4/msg/detail/battery_status__type_support.c.o[0m
[117.528s] [ 26%] [32mBuilding C object platforms/ros2/CMakeFiles/px4__rosidl_generator_c.dir/rosidl_generator_c/px4/msg/detail/config_overrides__functions.c.o[0m
[117.528s] [ 26%] [32mBuilding C object platforms/ros2/CMakeFiles/px4__rosidl_generator_c.dir/rosidl_generator_c/px4/msg/detail/config_overrides__description.c.o[0m
[117.540s] [ 26%] [32mBuilding C object platforms/ros2/CMakeFiles/px4__rosidl_generator_c.dir/rosidl_generator_c/px4/msg/detail/config_overrides__type_support.c.o[0m
[117.596s] [ 26%] [32mBuilding C object platforms/ros2/CMakeFiles/px4__rosidl_generator_c.dir/rosidl_generator_c/px4/msg/detail/goto_setpoint__description.c.o[0m
[117.597s] [ 26%] [32mBuilding C object platforms/ros2/CMakeFiles/px4__rosidl_generator_c.dir/rosidl_generator_c/px4/msg/detail/goto_setpoint__functions.c.o[0m
[117.613s] [ 26%] [32mBuilding C object platforms/ros2/CMakeFiles/px4__rosidl_generator_c.dir/rosidl_generator_c/px4/msg/detail/goto_setpoint__type_support.c.o[0m
[117.665s] [ 26%] [32mBuilding C object platforms/ros2/CMakeFiles/px4__rosidl_generator_c.dir/rosidl_generator_c/px4/msg/detail/home_position__description.c.o[0m
[117.669s] [ 26%] [32mBuilding C object platforms/ros2/CMakeFiles/px4__rosidl_generator_c.dir/rosidl_generator_c/px4/msg/detail/home_position__functions.c.o[0m
[117.684s] [ 26%] [32mBuilding C object platforms/ros2/CMakeFiles/px4__rosidl_generator_c.dir/rosidl_generator_c/px4/msg/detail/home_position__type_support.c.o[0m
[117.729s] [ 26%] [32mBuilding C object platforms/ros2/CMakeFiles/px4__rosidl_generator_c.dir/rosidl_generator_c/px4/msg/detail/manual_control_setpoint__description.c.o[0m
[117.736s] [ 26%] [32mBuilding C object platforms/ros2/CMakeFiles/px4__rosidl_generator_c.dir/rosidl_generator_c/px4/msg/detail/manual_control_setpoint__functions.c.o[0m
[117.746s] [ 27%] [32mBuilding C object platforms/ros2/CMakeFiles/px4__rosidl_generator_c.dir/rosidl_generator_c/px4/msg/detail/manual_control_setpoint__type_support.c.o[0m
[117.802s] [ 27%] [32mBuilding C object platforms/ros2/CMakeFiles/px4__rosidl_generator_c.dir/rosidl_generator_c/px4/msg/detail/mode_completed__description.c.o[0m
[117.803s] [ 27%] [32mBuilding C object platforms/ros2/CMakeFiles/px4__rosidl_generator_c.dir/rosidl_generator_c/px4/msg/detail/mode_completed__functions.c.o[0m
[117.818s] [ 27%] [32mBuilding C object platforms/ros2/CMakeFiles/px4__rosidl_generator_c.dir/rosidl_generator_c/px4/msg/detail/mode_completed__type_support.c.o[0m
[117.871s] [ 27%] [32mBuilding C object platforms/ros2/CMakeFiles/px4__rosidl_generator_c.dir/rosidl_generator_c/px4/msg/detail/register_ext_component_reply__description.c.o[0m
[117.875s] [ 27%] [32mBuilding C object platforms/ros2/CMakeFiles/px4__rosidl_generator_c.dir/rosidl_generator_c/px4/msg/detail/register_ext_component_reply__functions.c.o[0m
[117.890s] [ 27%] [32mBuilding C object platforms/ros2/CMakeFiles/px4__rosidl_generator_c.dir/rosidl_generator_c/px4/msg/detail/register_ext_component_reply__type_support.c.o[0m
[117.933s] [ 27%] [32mBuilding C object platforms/ros2/CMakeFiles/px4__rosidl_generator_c.dir/rosidl_generator_c/px4/msg/detail/register_ext_component_request__description.c.o[0m
[117.943s] [ 27%] [32mBuilding C object platforms/ros2/CMakeFiles/px4__rosidl_generator_c.dir/rosidl_generator_c/px4/msg/detail/register_ext_component_request__functions.c.o[0m
[117.945s] [ 27%] [32mBuilding C object platforms/ros2/CMakeFiles/px4__rosidl_generator_c.dir/rosidl_generator_c/px4/msg/detail/register_ext_component_request__type_support.c.o[0m
[118.003s] [ 27%] [32mBuilding C object platforms/ros2/CMakeFiles/px4__rosidl_generator_c.dir/rosidl_generator_c/px4/msg/detail/trajectory_setpoint__description.c.o[0m
[118.004s] [ 27%] [32mBuilding C object platforms/ros2/CMakeFiles/px4__rosidl_generator_c.dir/rosidl_generator_c/px4/msg/detail/trajectory_setpoint__functions.c.o[0m
[118.014s] [ 27%] [32mBuilding C object platforms/ros2/CMakeFiles/px4__rosidl_generator_c.dir/rosidl_generator_c/px4/msg/detail/trajectory_setpoint__type_support.c.o[0m
[118.068s] [ 27%] [32mBuilding C object platforms/ros2/CMakeFiles/px4__rosidl_generator_c.dir/rosidl_generator_c/px4/msg/detail/unregister_ext_component__description.c.o[0m
[118.077s] [ 27%] [32mBuilding C object platforms/ros2/CMakeFiles/px4__rosidl_generator_c.dir/rosidl_generator_c/px4/msg/detail/unregister_ext_component__functions.c.o[0m
[118.088s] [ 27%] [32mBuilding C object platforms/ros2/CMakeFiles/px4__rosidl_generator_c.dir/rosidl_generator_c/px4/msg/detail/unregister_ext_component__type_support.c.o[0m
[118.134s] [ 27%] [32mBuilding C object platforms/ros2/CMakeFiles/px4__rosidl_generator_c.dir/rosidl_generator_c/px4/msg/detail/vehicle_angular_velocity__description.c.o[0m
[118.141s] [ 27%] [32mBuilding C object platforms/ros2/CMakeFiles/px4__rosidl_generator_c.dir/rosidl_generator_c/px4/msg/detail/vehicle_angular_velocity__functions.c.o[0m
[118.147s] [ 27%] [32mBuilding C object platforms/ros2/CMakeFiles/px4__rosidl_generator_c.dir/rosidl_generator_c/px4/msg/detail/vehicle_angular_velocity__type_support.c.o[0m
[118.203s] [ 27%] [32mBuilding C object platforms/ros2/CMakeFiles/px4__rosidl_generator_c.dir/rosidl_generator_c/px4/msg/detail/vehicle_attitude__description.c.o[0m
[118.210s] [ 27%] [32mBuilding C object platforms/ros2/CMakeFiles/px4__rosidl_generator_c.dir/rosidl_generator_c/px4/msg/detail/vehicle_attitude__functions.c.o[0m
[118.221s] [ 27%] [32mBuilding C object platforms/ros2/CMakeFiles/px4__rosidl_generator_c.dir/rosidl_generator_c/px4/msg/detail/vehicle_attitude__type_support.c.o[0m
[118.271s] [ 27%] [32mBuilding C object platforms/ros2/CMakeFiles/px4__rosidl_generator_c.dir/rosidl_generator_c/px4/msg/detail/vehicle_attitude_setpoint__description.c.o[0m
[118.277s] [ 27%] [32mBuilding C object platforms/ros2/CMakeFiles/px4__rosidl_generator_c.dir/rosidl_generator_c/px4/msg/detail/vehicle_attitude_setpoint__type_support.c.o[0m
[118.277s] [ 27%] [32mBuilding C object platforms/ros2/CMakeFiles/px4__rosidl_generator_c.dir/rosidl_generator_c/px4/msg/detail/vehicle_attitude_setpoint__functions.c.o[0m
[118.332s] [ 27%] [32mBuilding C object platforms/ros2/CMakeFiles/px4__rosidl_generator_c.dir/rosidl_generator_c/px4/msg/detail/vehicle_command__description.c.o[0m
[118.343s] [ 27%] [32mBuilding C object platforms/ros2/CMakeFiles/px4__rosidl_generator_c.dir/rosidl_generator_c/px4/msg/detail/vehicle_command__functions.c.o[0m
[118.347s] [ 27%] [32mBuilding C object platforms/ros2/CMakeFiles/px4__rosidl_generator_c.dir/rosidl_generator_c/px4/msg/detail/vehicle_command__type_support.c.o[0m
[118.401s] [ 27%] [32mBuilding C object platforms/ros2/CMakeFiles/px4__rosidl_generator_c.dir/rosidl_generator_c/px4/msg/detail/vehicle_command_ack__description.c.o[0m
[118.402s] [ 29%] [32mBuilding C object platforms/ros2/CMakeFiles/px4__rosidl_generator_c.dir/rosidl_generator_c/px4/msg/detail/vehicle_command_ack__functions.c.o[0m
[118.416s] [ 29%] [32mBuilding C object platforms/ros2/CMakeFiles/px4__rosidl_generator_c.dir/rosidl_generator_c/px4/msg/detail/vehicle_command_ack__type_support.c.o[0m
[118.470s] [ 29%] [32mBuilding C object platforms/ros2/CMakeFiles/px4__rosidl_generator_c.dir/rosidl_generator_c/px4/msg/detail/vehicle_control_mode__description.c.o[0m
[118.477s] [ 29%] [32mBuilding C object platforms/ros2/CMakeFiles/px4__rosidl_generator_c.dir/rosidl_generator_c/px4/msg/detail/vehicle_control_mode__functions.c.o[0m
[118.488s] [ 29%] [32mBuilding C object platforms/ros2/CMakeFiles/px4__rosidl_generator_c.dir/rosidl_generator_c/px4/msg/detail/vehicle_control_mode__type_support.c.o[0m
[118.537s] [ 29%] [32mBuilding C object platforms/ros2/CMakeFiles/px4__rosidl_generator_c.dir/rosidl_generator_c/px4/msg/detail/vehicle_global_position__description.c.o[0m
[118.544s] [ 29%] [32mBuilding C object platforms/ros2/CMakeFiles/px4__rosidl_generator_c.dir/rosidl_generator_c/px4/msg/detail/vehicle_global_position__functions.c.o[0m
[118.547s] [ 29%] [32mBuilding C object platforms/ros2/CMakeFiles/px4__rosidl_generator_c.dir/rosidl_generator_c/px4/msg/detail/vehicle_global_position__type_support.c.o[0m
[118.603s] [ 29%] [32mBuilding C object platforms/ros2/CMakeFiles/px4__rosidl_generator_c.dir/rosidl_generator_c/px4/msg/detail/vehicle_land_detected__description.c.o[0m
[118.607s] [ 29%] [32mBuilding C object platforms/ros2/CMakeFiles/px4__rosidl_generator_c.dir/rosidl_generator_c/px4/msg/detail/vehicle_land_detected__functions.c.o[0m
[118.613s] [ 29%] [32mBuilding C object platforms/ros2/CMakeFiles/px4__rosidl_generator_c.dir/rosidl_generator_c/px4/msg/detail/vehicle_land_detected__type_support.c.o[0m
[118.669s] [ 29%] [32mBuilding C object platforms/ros2/CMakeFiles/px4__rosidl_generator_c.dir/rosidl_generator_c/px4/msg/detail/vehicle_local_position__description.c.o[0m
[118.676s] [ 29%] [32mBuilding C object platforms/ros2/CMakeFiles/px4__rosidl_generator_c.dir/rosidl_generator_c/px4/msg/detail/vehicle_local_position__functions.c.o[0m
[118.694s] [ 29%] [32mBuilding C object platforms/ros2/CMakeFiles/px4__rosidl_generator_c.dir/rosidl_generator_c/px4/msg/detail/vehicle_local_position__type_support.c.o[0m
[118.754s] [ 29%] [32mBuilding C object platforms/ros2/CMakeFiles/px4__rosidl_generator_c.dir/rosidl_generator_c/px4/msg/detail/vehicle_odometry__description.c.o[0m
[118.761s] [ 29%] [32mBuilding C object platforms/ros2/CMakeFiles/px4__rosidl_generator_c.dir/rosidl_generator_c/px4/msg/detail/vehicle_odometry__functions.c.o[0m
[118.765s] [ 29%] [32mBuilding C object platforms/ros2/CMakeFiles/px4__rosidl_generator_c.dir/rosidl_generator_c/px4/msg/detail/vehicle_odometry__type_support.c.o[0m
[118.819s] [ 29%] [32mBuilding C object platforms/ros2/CMakeFiles/px4__rosidl_generator_c.dir/rosidl_generator_c/px4/msg/detail/vehicle_rates_setpoint__description.c.o[0m
[118.825s] [ 29%] [32mBuilding C object platforms/ros2/CMakeFiles/px4__rosidl_generator_c.dir/rosidl_generator_c/px4/msg/detail/vehicle_rates_setpoint__functions.c.o[0m
[118.838s] [ 29%] [32mBuilding C object platforms/ros2/CMakeFiles/px4__rosidl_generator_c.dir/rosidl_generator_c/px4/msg/detail/vehicle_rates_setpoint__type_support.c.o[0m
[118.890s] [ 29%] [32mBuilding C object platforms/ros2/CMakeFiles/px4__rosidl_generator_c.dir/rosidl_generator_c/px4/msg/detail/vehicle_status__description.c.o[0m
[118.897s] [ 29%] [32mBuilding C object platforms/ros2/CMakeFiles/px4__rosidl_generator_c.dir/rosidl_generator_c/px4/msg/detail/vehicle_status__functions.c.o[0m
[118.918s] [ 29%] [32mBuilding C object platforms/ros2/CMakeFiles/px4__rosidl_generator_c.dir/rosidl_generator_c/px4/msg/detail/vehicle_status__type_support.c.o[0m
[118.961s] [ 29%] [32mBuilding C object platforms/ros2/CMakeFiles/px4__rosidl_generator_c.dir/rosidl_generator_c/px4/msg/detail/vtol_vehicle_status__description.c.o[0m
[118.969s] [ 29%] [32mBuilding C object platforms/ros2/CMakeFiles/px4__rosidl_generator_c.dir/rosidl_generator_c/px4/msg/detail/vtol_vehicle_status__functions.c.o[0m
[118.974s] [ 29%] [32mBuilding C object platforms/ros2/CMakeFiles/px4__rosidl_generator_c.dir/rosidl_generator_c/px4/msg/detail/vtol_vehicle_status__type_support.c.o[0m
[119.092s] [ 29%] [32m[1mLinking C shared library libpx4__rosidl_generator_c.so[0m
[119.413s] [ 29%] Built target px4__rosidl_generator_c
[119.438s] [ 29%] [34m[1mGenerating C++ type support dispatch for ROS interfaces[0m
[119.443s] [ 29%] [34m[1mGenerating C type support for eProsima Fast-RTPS[0m
[119.443s] [ 29%] [34m[1mGenerating C++ type support for eProsima Fast-RTPS[0m
[120.445s] [ 29%] [34m[1mGenerating C introspection for ROS interfaces[0m
[175.443s] [ 29%] [32mBuilding CXX object platforms/ros2/CMakeFiles/px4__rosidl_typesupport_cpp.dir/rosidl_typesupport_cpp/px4/msg/ackermann_velocity_setpoint__type_support.cpp.o[0m
[176.034s] [ 29%] [32mBuilding CXX object platforms/ros2/CMakeFiles/px4__rosidl_typesupport_cpp.dir/rosidl_typesupport_cpp/px4/msg/action_request__type_support.cpp.o[0m
[177.040s] [ 29%] [32mBuilding CXX object platforms/ros2/CMakeFiles/px4__rosidl_typesupport_cpp.dir/rosidl_typesupport_cpp/px4/msg/actuator_armed__type_support.cpp.o[0m
[177.831s] [ 29%] [32mBuilding CXX object platforms/ros2/CMakeFiles/px4__rosidl_typesupport_cpp.dir/rosidl_typesupport_cpp/px4/msg/actuator_controls_status__type_support.cpp.o[0m
[178.439s] [ 29%] [32mBuilding CXX object platforms/ros2/CMakeFiles/px4__rosidl_typesupport_cpp.dir/rosidl_typesupport_cpp/px4/msg/actuator_outputs__type_support.cpp.o[0m
[178.971s] [ 29%] [32mBuilding CXX object platforms/ros2/CMakeFiles/px4__rosidl_typesupport_cpp.dir/rosidl_typesupport_cpp/px4/msg/actuator_servos_trim__type_support.cpp.o[0m
[179.546s] [ 29%] [32mBuilding CXX object platforms/ros2/CMakeFiles/px4__rosidl_typesupport_cpp.dir/rosidl_typesupport_cpp/px4/msg/actuator_test__type_support.cpp.o[0m
[180.089s] [ 30%] [32mBuilding CXX object platforms/ros2/CMakeFiles/px4__rosidl_typesupport_cpp.dir/rosidl_typesupport_cpp/px4/msg/adc_report__type_support.cpp.o[0m
[181.210s] [ 30%] [32mBuilding CXX object platforms/ros2/CMakeFiles/px4__rosidl_typesupport_cpp.dir/rosidl_typesupport_cpp/px4/msg/airspeed__type_support.cpp.o[0m
[181.795s] [ 30%] [32mBuilding CXX object platforms/ros2/CMakeFiles/px4__rosidl_typesupport_cpp.dir/rosidl_typesupport_cpp/px4/msg/airspeed_wind__type_support.cpp.o[0m
[182.339s] [ 30%] [32mBuilding CXX object platforms/ros2/CMakeFiles/px4__rosidl_typesupport_cpp.dir/rosidl_typesupport_cpp/px4/msg/autotune_attitude_control_status__type_support.cpp.o[0m
[183.012s] [ 30%] [32mBuilding CXX object platforms/ros2/CMakeFiles/px4__rosidl_typesupport_cpp.dir/rosidl_typesupport_cpp/px4/msg/button_event__type_support.cpp.o[0m
[183.593s] [ 30%] [32mBuilding CXX object platforms/ros2/CMakeFiles/px4__rosidl_typesupport_cpp.dir/rosidl_typesupport_cpp/px4/msg/camera_capture__type_support.cpp.o[0m
[184.249s] [ 30%] [32mBuilding CXX object platforms/ros2/CMakeFiles/px4__rosidl_typesupport_cpp.dir/rosidl_typesupport_cpp/px4/msg/camera_status__type_support.cpp.o[0m
[184.935s] [ 30%] [32mBuilding CXX object platforms/ros2/CMakeFiles/px4__rosidl_typesupport_cpp.dir/rosidl_typesupport_cpp/px4/msg/camera_trigger__type_support.cpp.o[0m
[185.540s] [ 30%] [32mBuilding CXX object platforms/ros2/CMakeFiles/px4__rosidl_typesupport_cpp.dir/rosidl_typesupport_cpp/px4/msg/can_interface_status__type_support.cpp.o[0m
[186.428s] [ 30%] [32mBuilding CXX object platforms/ros2/CMakeFiles/px4__rosidl_typesupport_cpp.dir/rosidl_typesupport_cpp/px4/msg/cellular_status__type_support.cpp.o[0m
[186.540s] [ 30%] [32mBuilding CXX object platforms/ros2/CMakeFiles/px4__rosidl_typesupport_fastrtps_cpp.dir/rosidl_typesupport_fastrtps_cpp/px4/msg/detail/dds_fastrtps/ackermann_velocity_setpoint__type_support.cpp.o[0m
[187.107s] [ 30%] [32mBuilding CXX object platforms/ros2/CMakeFiles/px4__rosidl_typesupport_cpp.dir/rosidl_typesupport_cpp/px4/msg/collision_constraints__type_support.cpp.o[0m
[187.539s] [ 30%] [32mBuilding CXX object platforms/ros2/CMakeFiles/px4__rosidl_typesupport_fastrtps_cpp.dir/rosidl_typesupport_fastrtps_cpp/px4/msg/detail/dds_fastrtps/action_request__type_support.cpp.o[0m
[187.608s] [ 30%] [32mBuilding CXX object platforms/ros2/CMakeFiles/px4__rosidl_typesupport_cpp.dir/rosidl_typesupport_cpp/px4/msg/control_allocator_status__type_support.cpp.o[0m
[188.100s] [ 30%] [32mBuilding CXX object platforms/ros2/CMakeFiles/px4__rosidl_typesupport_cpp.dir/rosidl_typesupport_cpp/px4/msg/cpuload__type_support.cpp.o[0m
[188.487s] [ 30%] [32mBuilding C object platforms/ros2/CMakeFiles/px4__rosidl_typesupport_introspection_c.dir/rosidl_typesupport_introspection_c/px4/msg/detail/ackermann_velocity_setpoint__type_support.c.o[0m
[188.495s] [ 30%] [32mBuilding CXX object platforms/ros2/CMakeFiles/px4__rosidl_typesupport_fastrtps_cpp.dir/rosidl_typesupport_fastrtps_cpp/px4/msg/detail/dds_fastrtps/actuator_armed__type_support.cpp.o[0m
[188.566s] [ 30%] [32mBuilding C object platforms/ros2/CMakeFiles/px4__rosidl_typesupport_introspection_c.dir/rosidl_typesupport_introspection_c/px4/msg/detail/action_request__type_support.c.o[0m
[188.627s] [ 30%] [32mBuilding CXX object platforms/ros2/CMakeFiles/px4__rosidl_typesupport_cpp.dir/rosidl_typesupport_cpp/px4/msg/dataman_request__type_support.cpp.o[0m
[188.638s] [ 30%] [32mBuilding C object platforms/ros2/CMakeFiles/px4__rosidl_typesupport_introspection_c.dir/rosidl_typesupport_introspection_c/px4/msg/detail/actuator_armed__type_support.c.o[0m
[188.737s] [ 30%] [32mBuilding C object platforms/ros2/CMakeFiles/px4__rosidl_typesupport_introspection_c.dir/rosidl_typesupport_introspection_c/px4/msg/detail/actuator_controls_status__type_support.c.o[0m
[188.846s] [ 30%] [32mBuilding C object platforms/ros2/CMakeFiles/px4__rosidl_typesupport_introspection_c.dir/rosidl_typesupport_introspection_c/px4/msg/detail/actuator_outputs__type_support.c.o[0m
[188.942s] [ 30%] [32mBuilding C object platforms/ros2/CMakeFiles/px4__rosidl_typesupport_introspection_c.dir/rosidl_typesupport_introspection_c/px4/msg/detail/actuator_servos_trim__type_support.c.o[0m
[189.039s] [ 30%] [32mBuilding C object platforms/ros2/CMakeFiles/px4__rosidl_typesupport_introspection_c.dir/rosidl_typesupport_introspection_c/px4/msg/detail/actuator_test__type_support.c.o[0m
[189.124s] [ 30%] [32mBuilding C object platforms/ros2/CMakeFiles/px4__rosidl_typesupport_introspection_c.dir/rosidl_typesupport_introspection_c/px4/msg/detail/adc_report__type_support.c.o[0m
[189.193s] [ 30%] [32mBuilding CXX object platforms/ros2/CMakeFiles/px4__rosidl_typesupport_cpp.dir/rosidl_typesupport_cpp/px4/msg/dataman_response__type_support.cpp.o[0m
[189.222s] [ 30%] [32mBuilding C object platforms/ros2/CMakeFiles/px4__rosidl_typesupport_introspection_c.dir/rosidl_typesupport_introspection_c/px4/msg/detail/airspeed__type_support.c.o[0m
[189.282s] [ 30%] [32mBuilding C object platforms/ros2/CMakeFiles/px4__rosidl_typesupport_introspection_c.dir/rosidl_typesupport_introspection_c/px4/msg/detail/airspeed_wind__type_support.c.o[0m
[189.374s] [ 30%] [32mBuilding C object platforms/ros2/CMakeFiles/px4__rosidl_typesupport_introspection_c.dir/rosidl_typesupport_introspection_c/px4/msg/detail/autotune_attitude_control_status__type_support.c.o[0m
[189.465s] [ 30%] [32mBuilding C object platforms/ros2/CMakeFiles/px4__rosidl_typesupport_introspection_c.dir/rosidl_typesupport_introspection_c/px4/msg/detail/button_event__type_support.c.o[0m
[189.536s] [ 30%] [32mBuilding C object platforms/ros2/CMakeFiles/px4__rosidl_typesupport_introspection_c.dir/rosidl_typesupport_introspection_c/px4/msg/detail/camera_capture__type_support.c.o[0m
[189.574s] [ 30%] [32mBuilding CXX object platforms/ros2/CMakeFiles/px4__rosidl_typesupport_fastrtps_cpp.dir/rosidl_typesupport_fastrtps_cpp/px4/msg/detail/dds_fastrtps/actuator_controls_status__type_support.cpp.o[0m
[189.608s] [ 30%] [32mBuilding C object platforms/ros2/CMakeFiles/px4__rosidl_typesupport_introspection_c.dir/rosidl_typesupport_introspection_c/px4/msg/detail/camera_status__type_support.c.o[0m
[189.681s] [ 30%] [32mBuilding C object platforms/ros2/CMakeFiles/px4__rosidl_typesupport_introspection_c.dir/rosidl_typesupport_introspection_c/px4/msg/detail/camera_trigger__type_support.c.o[0m
[189.759s] [ 31%] [32mBuilding C object platforms/ros2/CMakeFiles/px4__rosidl_typesupport_introspection_c.dir/rosidl_typesupport_introspection_c/px4/msg/detail/can_interface_status__type_support.c.o[0m
[189.811s] [ 31%] [32mBuilding CXX object platforms/ros2/CMakeFiles/px4__rosidl_typesupport_cpp.dir/rosidl_typesupport_cpp/px4/msg/debug_array__type_support.cpp.o[0m
[189.828s] [ 31%] [32mBuilding C object platforms/ros2/CMakeFiles/px4__rosidl_typesupport_introspection_c.dir/rosidl_typesupport_introspection_c/px4/msg/detail/cellular_status__type_support.c.o[0m
[189.894s] [ 31%] [32mBuilding C object platforms/ros2/CMakeFiles/px4__rosidl_typesupport_introspection_c.dir/rosidl_typesupport_introspection_c/px4/msg/detail/collision_constraints__type_support.c.o[0m
[189.988s] [ 31%] [32mBuilding C object platforms/ros2/CMakeFiles/px4__rosidl_typesupport_introspection_c.dir/rosidl_typesupport_introspection_c/px4/msg/detail/control_allocator_status__type_support.c.o[0m
[190.082s] [ 31%] [32mBuilding C object platforms/ros2/CMakeFiles/px4__rosidl_typesupport_introspection_c.dir/rosidl_typesupport_introspection_c/px4/msg/detail/cpuload__type_support.c.o[0m
[190.147s] [ 31%] [32mBuilding C object platforms/ros2/CMakeFiles/px4__rosidl_typesupport_introspection_c.dir/rosidl_typesupport_introspection_c/px4/msg/detail/dataman_request__type_support.c.o[0m
[190.220s] [ 31%] [32mBuilding C object platforms/ros2/CMakeFiles/px4__rosidl_typesupport_introspection_c.dir/rosidl_typesupport_introspection_c/px4/msg/detail/dataman_response__type_support.c.o[0m
[190.293s] [ 31%] [32mBuilding C object platforms/ros2/CMakeFiles/px4__rosidl_typesupport_introspection_c.dir/rosidl_typesupport_introspection_c/px4/msg/detail/debug_array__type_support.c.o[0m
[190.370s] [ 31%] [32mBuilding CXX object platforms/ros2/CMakeFiles/px4__rosidl_typesupport_fastrtps_cpp.dir/rosidl_typesupport_fastrtps_cpp/px4/msg/detail/dds_fastrtps/actuator_outputs__type_support.cpp.o[0m
[190.374s] [ 31%] [32mBuilding C object platforms/ros2/CMakeFiles/px4__rosidl_typesupport_introspection_c.dir/rosidl_typesupport_introspection_c/px4/msg/detail/debug_key_value__type_support.c.o[0m
[190.396s] [ 31%] [32mBuilding CXX object platforms/ros2/CMakeFiles/px4__rosidl_typesupport_cpp.dir/rosidl_typesupport_cpp/px4/msg/debug_key_value__type_support.cpp.o[0m
[190.443s] [ 31%] [32mBuilding C object platforms/ros2/CMakeFiles/px4__rosidl_typesupport_introspection_c.dir/rosidl_typesupport_introspection_c/px4/msg/detail/debug_value__type_support.c.o[0m
[190.627s] [ 31%] [32mBuilding C object platforms/ros2/CMakeFiles/px4__rosidl_typesupport_introspection_c.dir/rosidl_typesupport_introspection_c/px4/msg/detail/debug_vect__type_support.c.o[0m
[190.771s] [ 31%] [32mBuilding C object platforms/ros2/CMakeFiles/px4__rosidl_typesupport_introspection_c.dir/rosidl_typesupport_introspection_c/px4/msg/detail/differential_pressure__type_support.c.o[0m
[190.920s] [ 31%] [32mBuilding C object platforms/ros2/CMakeFiles/px4__rosidl_typesupport_introspection_c.dir/rosidl_typesupport_introspection_c/px4/msg/detail/differential_velocity_setpoint__type_support.c.o[0m
[191.055s] [ 31%] [32mBuilding C object platforms/ros2/CMakeFiles/px4__rosidl_typesupport_introspection_c.dir/rosidl_typesupport_introspection_c/px4/msg/detail/distance_sensor__type_support.c.o[0m
[191.085s] [ 31%] [32mBuilding CXX object platforms/ros2/CMakeFiles/px4__rosidl_typesupport_cpp.dir/rosidl_typesupport_cpp/px4/msg/debug_value__type_support.cpp.o[0m
[191.180s] [ 31%] [32mBuilding C object platforms/ros2/CMakeFiles/px4__rosidl_typesupport_introspection_c.dir/rosidl_typesupport_introspection_c/px4/msg/detail/distance_sensor_mode_change_request__type_support.c.o[0m
[191.223s] [ 31%] [32mBuilding CXX object platforms/ros2/CMakeFiles/px4__rosidl_typesupport_fastrtps_cpp.dir/rosidl_typesupport_fastrtps_cpp/px4/msg/detail/dds_fastrtps/actuator_servos_trim__type_support.cpp.o[0m
[191.277s] [ 31%] [32mBuilding C object platforms/ros2/CMakeFiles/px4__rosidl_typesupport_introspection_c.dir/rosidl_typesupport_introspection_c/px4/msg/detail/ekf2_timestamps__type_support.c.o[0m
[191.360s] [ 31%] [32mBuilding C object platforms/ros2/CMakeFiles/px4__rosidl_typesupport_introspection_c.dir/rosidl_typesupport_introspection_c/px4/msg/detail/esc_report__type_support.c.o[0m
[191.446s] [ 31%] [32mBuilding C object platforms/ros2/CMakeFiles/px4__rosidl_typesupport_introspection_c.dir/rosidl_typesupport_introspection_c/px4/msg/detail/esc_status__type_support.c.o[0m
[191.552s] [ 31%] [32mBuilding C object platforms/ros2/CMakeFiles/px4__rosidl_typesupport_introspection_c.dir/rosidl_typesupport_introspection_c/px4/msg/detail/estimator_aid_source1d__type_support.c.o[0m
[191.714s] [ 31%] [32mBuilding C object platforms/ros2/CMakeFiles/px4__rosidl_typesupport_introspection_c.dir/rosidl_typesupport_introspection_c/px4/msg/detail/estimator_aid_source2d__type_support.c.o[0m
[191.916s] [ 31%] [32mBuilding CXX object platforms/ros2/CMakeFiles/px4__rosidl_typesupport_cpp.dir/rosidl_typesupport_cpp/px4/msg/debug_vect__type_support.cpp.o[0m
[191.948s] [ 31%] [32mBuilding C object platforms/ros2/CMakeFiles/px4__rosidl_typesupport_introspection_c.dir/rosidl_typesupport_introspection_c/px4/msg/detail/estimator_aid_source3d__type_support.c.o[0m
[192.183s] [ 31%] [32mBuilding C object platforms/ros2/CMakeFiles/px4__rosidl_typesupport_introspection_c.dir/rosidl_typesupport_introspection_c/px4/msg/detail/estimator_bias__type_support.c.o[0m
[192.308s] [ 31%] [32mBuilding C object platforms/ros2/CMakeFiles/px4__rosidl_typesupport_introspection_c.dir/rosidl_typesupport_introspection_c/px4/msg/detail/estimator_bias3d__type_support.c.o[0m
[192.554s] [ 31%] [32mBuilding C object platforms/ros2/CMakeFiles/px4__rosidl_typesupport_introspection_c.dir/rosidl_typesupport_introspection_c/px4/msg/detail/estimator_event_flags__type_support.c.o[0m
[192.580s] [ 31%] [32mBuilding CXX object platforms/ros2/CMakeFiles/px4__rosidl_typesupport_cpp.dir/rosidl_typesupport_cpp/px4/msg/differential_pressure__type_support.cpp.o[0m
[192.680s] [ 31%] [32mBuilding CXX object platforms/ros2/CMakeFiles/px4__rosidl_typesupport_fastrtps_cpp.dir/rosidl_typesupport_fastrtps_cpp/px4/msg/detail/dds_fastrtps/actuator_test__type_support.cpp.o[0m
[192.694s] [ 31%] [32mBuilding C object platforms/ros2/CMakeFiles/px4__rosidl_typesupport_introspection_c.dir/rosidl_typesupport_introspection_c/px4/msg/detail/estimator_gps_status__type_support.c.o[0m
[192.844s] [ 31%] [32mBuilding C object platforms/ros2/CMakeFiles/px4__rosidl_typesupport_introspection_c.dir/rosidl_typesupport_introspection_c/px4/msg/detail/estimator_innovations__type_support.c.o[0m
[193.153s] [ 31%] [32mBuilding C object platforms/ros2/CMakeFiles/px4__rosidl_typesupport_introspection_c.dir/rosidl_typesupport_introspection_c/px4/msg/detail/estimator_selector_status__type_support.c.o[0m
[193.196s] [ 31%] [32mBuilding CXX object platforms/ros2/CMakeFiles/px4__rosidl_typesupport_cpp.dir/rosidl_typesupport_cpp/px4/msg/differential_velocity_setpoint__type_support.cpp.o[0m
[193.297s] [ 31%] [32mBuilding C object platforms/ros2/CMakeFiles/px4__rosidl_typesupport_introspection_c.dir/rosidl_typesupport_introspection_c/px4/msg/detail/estimator_sensor_bias__type_support.c.o[0m
[193.438s] [ 31%] [32mBuilding C object platforms/ros2/CMakeFiles/px4__rosidl_typesupport_introspection_c.dir/rosidl_typesupport_introspection_c/px4/msg/detail/estimator_states__type_support.c.o[0m
[193.641s] [ 32%] [32mBuilding C object platforms/ros2/CMakeFiles/px4__rosidl_typesupport_introspection_c.dir/rosidl_typesupport_introspection_c/px4/msg/detail/estimator_status__type_support.c.o[0m
[193.804s] [ 32%] [32mBuilding C object platforms/ros2/CMakeFiles/px4__rosidl_typesupport_introspection_c.dir/rosidl_typesupport_introspection_c/px4/msg/detail/estimator_status_flags__type_support.c.o[0m
[193.878s] [ 32%] [32mBuilding CXX object platforms/ros2/CMakeFiles/px4__rosidl_typesupport_fastrtps_cpp.dir/rosidl_typesupport_fastrtps_cpp/px4/msg/detail/dds_fastrtps/adc_report__type_support.cpp.o[0m
[193.953s] [ 32%] [32mBuilding C object platforms/ros2/CMakeFiles/px4__rosidl_typesupport_introspection_c.dir/rosidl_typesupport_introspection_c/px4/msg/detail/event__type_support.c.o[0m
[194.141s] [ 32%] [32mBuilding C object platforms/ros2/CMakeFiles/px4__rosidl_typesupport_introspection_c.dir/rosidl_typesupport_introspection_c/px4/msg/detail/failsafe_flags__type_support.c.o[0m
[194.314s] [ 32%] [32mBuilding C object platforms/ros2/CMakeFiles/px4__rosidl_typesupport_introspection_c.dir/rosidl_typesupport_introspection_c/px4/msg/detail/failure_detector_status__type_support.c.o[0m
[194.316s] [ 32%] [32mBuilding CXX object platforms/ros2/CMakeFiles/px4__rosidl_typesupport_cpp.dir/rosidl_typesupport_cpp/px4/msg/distance_sensor__type_support.cpp.o[0m
[194.423s] [ 32%] [32mBuilding C object platforms/ros2/CMakeFiles/px4__rosidl_typesupport_introspection_c.dir/rosidl_typesupport_introspection_c/px4/msg/detail/figure_eight_status__type_support.c.o[0m
[194.553s] [ 32%] [32mBuilding C object platforms/ros2/CMakeFiles/px4__rosidl_typesupport_introspection_c.dir/rosidl_typesupport_introspection_c/px4/msg/detail/flight_phase_estimation__type_support.c.o[0m
[194.695s] [ 32%] [32mBuilding C object platforms/ros2/CMakeFiles/px4__rosidl_typesupport_introspection_c.dir/rosidl_typesupport_introspection_c/px4/msg/detail/follow_target__type_support.c.o[0m
[194.854s] [ 32%] [32mBuilding C object platforms/ros2/CMakeFiles/px4__rosidl_typesupport_introspection_c.dir/rosidl_typesupport_introspection_c/px4/msg/detail/follow_target_estimator__type_support.c.o[0m
[194.974s] [ 32%] [32mBuilding C object platforms/ros2/CMakeFiles/px4__rosidl_typesupport_introspection_c.dir/rosidl_typesupport_introspection_c/px4/msg/detail/follow_target_status__type_support.c.o[0m
[195.022s] [ 32%] [32mBuilding CXX object platforms/ros2/CMakeFiles/px4__rosidl_typesupport_fastrtps_cpp.dir/rosidl_typesupport_fastrtps_cpp/px4/msg/detail/dds_fastrtps/airspeed__type_support.cpp.o[0m
[195.092s] [ 32%] [32mBuilding C object platforms/ros2/CMakeFiles/px4__rosidl_typesupport_introspection_c.dir/rosidl_typesupport_introspection_c/px4/msg/detail/fuel_tank_status__type_support.c.o[0m
[195.122s] [ 32%] [32mBuilding CXX object platforms/ros2/CMakeFiles/px4__rosidl_typesupport_cpp.dir/rosidl_typesupport_cpp/px4/msg/distance_sensor_mode_change_request__type_support.cpp.o[0m
[195.177s] [ 32%] [32mBuilding C object platforms/ros2/CMakeFiles/px4__rosidl_typesupport_introspection_c.dir/rosidl_typesupport_introspection_c/px4/msg/detail/generator_status__type_support.c.o[0m
[195.184s] [ 32%] [32mBuilding CXX object platforms/ros2/CMakeFiles/px4__rosidl_typesupport_fastrtps_c.dir/rosidl_typesupport_fastrtps_c/px4/msg/detail/ackermann_velocity_setpoint__type_support_c.cpp.o[0m
[195.258s] [ 32%] [32mBuilding C object platforms/ros2/CMakeFiles/px4__rosidl_typesupport_introspection_c.dir/rosidl_typesupport_introspection_c/px4/msg/detail/geofence_result__type_support.c.o[0m
[195.339s] [ 32%] [32mBuilding C object platforms/ros2/CMakeFiles/px4__rosidl_typesupport_introspection_c.dir/rosidl_typesupport_introspection_c/px4/msg/detail/geofence_status__type_support.c.o[0m
[195.453s] [ 32%] [32mBuilding C object platforms/ros2/CMakeFiles/px4__rosidl_typesupport_introspection_c.dir/rosidl_typesupport_introspection_c/px4/msg/detail/gimbal_controls__type_support.c.o[0m
[195.620s] [ 32%] [32mBuilding C object platforms/ros2/CMakeFiles/px4__rosidl_typesupport_introspection_c.dir/rosidl_typesupport_introspection_c/px4/msg/detail/gimbal_device_attitude_status__type_support.c.o[0m
[195.738s] [ 32%] [32mBuilding C object platforms/ros2/CMakeFiles/px4__rosidl_typesupport_introspection_c.dir/rosidl_typesupport_introspection_c/px4/msg/detail/gimbal_device_information__type_support.c.o[0m
[195.946s] [ 32%] [32mBuilding C object platforms/ros2/CMakeFiles/px4__rosidl_typesupport_introspection_c.dir/rosidl_typesupport_introspection_c/px4/msg/detail/gimbal_device_set_attitude__type_support.c.o[0m
[195.959s] [ 32%] [32mBuilding CXX object platforms/ros2/CMakeFiles/px4__rosidl_typesupport_cpp.dir/rosidl_typesupport_cpp/px4/msg/ekf2_timestamps__type_support.cpp.o[0m
[195.984s] [ 32%] [32mBuilding CXX object platforms/ros2/CMakeFiles/px4__rosidl_typesupport_fastrtps_cpp.dir/rosidl_typesupport_fastrtps_cpp/px4/msg/detail/dds_fastrtps/airspeed_wind__type_support.cpp.o[0m
[196.061s] [ 32%] [32mBuilding C object platforms/ros2/CMakeFiles/px4__rosidl_typesupport_introspection_c.dir/rosidl_typesupport_introspection_c/px4/msg/detail/gimbal_manager_information__type_support.c.o[0m
[196.173s] [ 32%] [32mBuilding C object platforms/ros2/CMakeFiles/px4__rosidl_typesupport_introspection_c.dir/rosidl_typesupport_introspection_c/px4/msg/detail/gimbal_manager_set_attitude__type_support.c.o[0m
[196.349s] [ 32%] [32mBuilding C object platforms/ros2/CMakeFiles/px4__rosidl_typesupport_introspection_c.dir/rosidl_typesupport_introspection_c/px4/msg/detail/gimbal_manager_set_manual_control__type_support.c.o[0m
[196.457s] [ 32%] [32mBuilding CXX object platforms/ros2/CMakeFiles/px4__rosidl_typesupport_fastrtps_c.dir/rosidl_typesupport_fastrtps_c/px4/msg/detail/action_request__type_support_c.cpp.o[0m
[196.474s] [ 32%] [32mBuilding C object platforms/ros2/CMakeFiles/px4__rosidl_typesupport_introspection_c.dir/rosidl_typesupport_introspection_c/px4/msg/detail/gimbal_manager_status__type_support.c.o[0m
[196.549s] [ 32%] [32mBuilding C object platforms/ros2/CMakeFiles/px4__rosidl_typesupport_introspection_c.dir/rosidl_typesupport_introspection_c/px4/msg/detail/gpio_config__type_support.c.o[0m
[196.619s] [ 32%] [32mBuilding C object platforms/ros2/CMakeFiles/px4__rosidl_typesupport_introspection_c.dir/rosidl_typesupport_introspection_c/px4/msg/detail/gpio_in__type_support.c.o[0m
[196.690s] [ 32%] [32mBuilding C object platforms/ros2/CMakeFiles/px4__rosidl_typesupport_introspection_c.dir/rosidl_typesupport_introspection_c/px4/msg/detail/gpio_out__type_support.c.o[0m
[196.760s] [ 32%] [32mBuilding C object platforms/ros2/CMakeFiles/px4__rosidl_typesupport_introspection_c.dir/rosidl_typesupport_introspection_c/px4/msg/detail/gpio_request__type_support.c.o[0m
[196.763s] [ 32%] [32mBuilding CXX object platforms/ros2/CMakeFiles/px4__rosidl_typesupport_cpp.dir/rosidl_typesupport_cpp/px4/msg/esc_report__type_support.cpp.o[0m
[196.831s] [ 32%] [32mBuilding C object platforms/ros2/CMakeFiles/px4__rosidl_typesupport_introspection_c.dir/rosidl_typesupport_introspection_c/px4/msg/detail/gps_dump__type_support.c.o[0m
[196.846s] [ 32%] [32mBuilding CXX object platforms/ros2/CMakeFiles/px4__rosidl_typesupport_fastrtps_cpp.dir/rosidl_typesupport_fastrtps_cpp/px4/msg/detail/dds_fastrtps/autotune_attitude_control_status__type_support.cpp.o[0m
[196.909s] [ 32%] [32mBuilding C object platforms/ros2/CMakeFiles/px4__rosidl_typesupport_introspection_c.dir/rosidl_typesupport_introspection_c/px4/msg/detail/gps_inject_data__type_support.c.o[0m
[196.989s] [ 32%] [32mBuilding C object platforms/ros2/CMakeFiles/px4__rosidl_typesupport_introspection_c.dir/rosidl_typesupport_introspection_c/px4/msg/detail/gripper__type_support.c.o[0m
[197.065s] [ 34%] [32mBuilding C object platforms/ros2/CMakeFiles/px4__rosidl_typesupport_introspection_c.dir/rosidl_typesupport_introspection_c/px4/msg/detail/health_report__type_support.c.o[0m
[197.137s] [ 34%] [32mBuilding C object platforms/ros2/CMakeFiles/px4__rosidl_typesupport_introspection_c.dir/rosidl_typesupport_introspection_c/px4/msg/detail/heater_status__type_support.c.o[0m
[197.212s] [ 34%] [32mBuilding C object platforms/ros2/CMakeFiles/px4__rosidl_typesupport_introspection_c.dir/rosidl_typesupport_introspection_c/px4/msg/detail/hover_thrust_estimate__type_support.c.o[0m
[197.226s] [ 34%] [32mBuilding CXX object platforms/ros2/CMakeFiles/px4__rosidl_typesupport_fastrtps_c.dir/rosidl_typesupport_fastrtps_c/px4/msg/detail/actuator_armed__type_support_c.cpp.o[0m
[197.288s] [ 34%] [32mBuilding C object platforms/ros2/CMakeFiles/px4__rosidl_typesupport_introspection_c.dir/rosidl_typesupport_introspection_c/px4/msg/detail/input_rc__type_support.c.o[0m
[197.329s] [ 34%] [32mBuilding CXX object platforms/ros2/CMakeFiles/px4__rosidl_typesupport_cpp.dir/rosidl_typesupport_cpp/px4/msg/esc_status__type_support.cpp.o[0m
[197.364s] [ 34%] [32mBuilding C object platforms/ros2/CMakeFiles/px4__rosidl_typesupport_introspection_c.dir/rosidl_typesupport_introspection_c/px4/msg/detail/internal_combustion_engine_control__type_support.c.o[0m
[197.432s] [ 34%] [32mBuilding C object platforms/ros2/CMakeFiles/px4__rosidl_typesupport_introspection_c.dir/rosidl_typesupport_introspection_c/px4/msg/detail/internal_combustion_engine_status__type_support.c.o[0m
[197.507s] [ 34%] [32mBuilding C object platforms/ros2/CMakeFiles/px4__rosidl_typesupport_introspection_c.dir/rosidl_typesupport_introspection_c/px4/msg/detail/iridiumsbd_status__type_support.c.o[0m
[197.575s] [ 34%] [32mBuilding C object platforms/ros2/CMakeFiles/px4__rosidl_typesupport_introspection_c.dir/rosidl_typesupport_introspection_c/px4/msg/detail/irlock_report__type_support.c.o[0m
[197.648s] [ 34%] [32mBuilding C object platforms/ros2/CMakeFiles/px4__rosidl_typesupport_introspection_c.dir/rosidl_typesupport_introspection_c/px4/msg/detail/landing_gear__type_support.c.o[0m
[197.698s] [ 34%] [32mBuilding CXX object platforms/ros2/CMakeFiles/px4__rosidl_typesupport_fastrtps_cpp.dir/rosidl_typesupport_fastrtps_cpp/px4/msg/detail/dds_fastrtps/button_event__type_support.cpp.o[0m
[197.729s] [ 34%] [32mBuilding C object platforms/ros2/CMakeFiles/px4__rosidl_typesupport_introspection_c.dir/rosidl_typesupport_introspection_c/px4/msg/detail/landing_gear_wheel__type_support.c.o[0m
[197.818s] [ 34%] [32mBuilding C object platforms/ros2/CMakeFiles/px4__rosidl_typesupport_introspection_c.dir/rosidl_typesupport_introspection_c/px4/msg/detail/landing_target_innovations__type_support.c.o[0m
[197.948s] [ 34%] [32mBuilding CXX object platforms/ros2/CMakeFiles/px4__rosidl_typesupport_cpp.dir/rosidl_typesupport_cpp/px4/msg/estimator_aid_source1d__type_support.cpp.o[0m
[197.971s] [ 34%] [32mBuilding C object platforms/ros2/CMakeFiles/px4__rosidl_typesupport_introspection_c.dir/rosidl_typesupport_introspection_c/px4/msg/detail/landing_target_pose__type_support.c.o[0m
[198.096s] [ 34%] [32mBuilding C object platforms/ros2/CMakeFiles/px4__rosidl_typesupport_introspection_c.dir/rosidl_typesupport_introspection_c/px4/msg/detail/launch_detection_status__type_support.c.o[0m
[198.167s] [ 34%] [32mBuilding C object platforms/ros2/CMakeFiles/px4__rosidl_typesupport_introspection_c.dir/rosidl_typesupport_introspection_c/px4/msg/detail/led_control__type_support.c.o[0m
[198.216s] [ 34%] [32mBuilding CXX object platforms/ros2/CMakeFiles/px4__rosidl_typesupport_fastrtps_c.dir/rosidl_typesupport_fastrtps_c/px4/msg/detail/actuator_controls_status__type_support_c.cpp.o[0m
[198.242s] [ 34%] [32mBuilding C object platforms/ros2/CMakeFiles/px4__rosidl_typesupport_introspection_c.dir/rosidl_typesupport_introspection_c/px4/msg/detail/log_message__type_support.c.o[0m
[198.421s] [ 34%] [32mBuilding C object platforms/ros2/CMakeFiles/px4__rosidl_typesupport_introspection_c.dir/rosidl_typesupport_introspection_c/px4/msg/detail/logger_status__type_support.c.o[0m
[198.504s] [ 34%] [32mBuilding CXX object platforms/ros2/CMakeFiles/px4__rosidl_typesupport_cpp.dir/rosidl_typesupport_cpp/px4/msg/estimator_aid_source2d__type_support.cpp.o[0m
[198.525s] [ 34%] [32mBuilding C object platforms/ros2/CMakeFiles/px4__rosidl_typesupport_introspection_c.dir/rosidl_typesupport_introspection_c/px4/msg/detail/mag_worker_data__type_support.c.o[0m
[198.638s] [ 34%] [32mBuilding C object platforms/ros2/CMakeFiles/px4__rosidl_typesupport_introspection_c.dir/rosidl_typesupport_introspection_c/px4/msg/detail/magnetometer_bias_estimate__type_support.c.o[0m
[198.735s] [ 35%] [32mBuilding CXX object platforms/ros2/CMakeFiles/px4__rosidl_typesupport_fastrtps_cpp.dir/rosidl_typesupport_fastrtps_cpp/px4/msg/detail/dds_fastrtps/camera_capture__type_support.cpp.o[0m
[198.809s] [ 35%] [32mBuilding C object platforms/ros2/CMakeFiles/px4__rosidl_typesupport_introspection_c.dir/rosidl_typesupport_introspection_c/px4/msg/detail/manual_control_switches__type_support.c.o[0m
[198.944s] [ 35%] [32mBuilding C object platforms/ros2/CMakeFiles/px4__rosidl_typesupport_introspection_c.dir/rosidl_typesupport_introspection_c/px4/msg/detail/mavlink_log__type_support.c.o[0m
[199.074s] [ 35%] [32mBuilding C object platforms/ros2/CMakeFiles/px4__rosidl_typesupport_introspection_c.dir/rosidl_typesupport_introspection_c/px4/msg/detail/mavlink_tunnel__type_support.c.o[0m
[199.142s] [ 35%] [32mBuilding CXX object platforms/ros2/CMakeFiles/px4__rosidl_typesupport_cpp.dir/rosidl_typesupport_cpp/px4/msg/estimator_aid_source3d__type_support.cpp.o[0m
[199.193s] [ 35%] [32mBuilding C object platforms/ros2/CMakeFiles/px4__rosidl_typesupport_introspection_c.dir/rosidl_typesupport_introspection_c/px4/msg/detail/message_format_request__type_support.c.o[0m
[199.301s] [ 35%] [32mBuilding CXX object platforms/ros2/CMakeFiles/px4__rosidl_typesupport_fastrtps_c.dir/rosidl_typesupport_fastrtps_c/px4/msg/detail/actuator_outputs__type_support_c.cpp.o[0m
[199.362s] [ 35%] [32mBuilding C object platforms/ros2/CMakeFiles/px4__rosidl_typesupport_introspection_c.dir/rosidl_typesupport_introspection_c/px4/msg/detail/message_format_response__type_support.c.o[0m
[199.497s] [ 35%] [32mBuilding C object platforms/ros2/CMakeFiles/px4__rosidl_typesupport_introspection_c.dir/rosidl_typesupport_introspection_c/px4/msg/detail/mission__type_support.c.o[0m
[199.578s] [ 35%] [32mBuilding C object platforms/ros2/CMakeFiles/px4__rosidl_typesupport_introspection_c.dir/rosidl_typesupport_introspection_c/px4/msg/detail/mission_result__type_support.c.o[0m
[199.647s] [ 35%] [32mBuilding C object platforms/ros2/CMakeFiles/px4__rosidl_typesupport_introspection_c.dir/rosidl_typesupport_introspection_c/px4/msg/detail/mount_orientation__type_support.c.o[0m
[199.700s] [ 36%] [32mBuilding CXX object platforms/ros2/CMakeFiles/px4__rosidl_typesupport_cpp.dir/rosidl_typesupport_cpp/px4/msg/estimator_bias__type_support.cpp.o[0m
[199.723s] [ 36%] [32mBuilding C object platforms/ros2/CMakeFiles/px4__rosidl_typesupport_introspection_c.dir/rosidl_typesupport_introspection_c/px4/msg/detail/navigator_mission_item__type_support.c.o[0m
[199.790s] [ 36%] [32mBuilding C object platforms/ros2/CMakeFiles/px4__rosidl_typesupport_introspection_c.dir/rosidl_typesupport_introspection_c/px4/msg/detail/navigator_status__type_support.c.o[0m
[199.815s] [ 36%] [32mBuilding CXX object platforms/ros2/CMakeFiles/px4__rosidl_typesupport_fastrtps_cpp.dir/rosidl_typesupport_fastrtps_cpp/px4/msg/detail/dds_fastrtps/camera_status__type_support.cpp.o[0m
[199.859s] [ 36%] [32mBuilding C object platforms/ros2/CMakeFiles/px4__rosidl_typesupport_introspection_c.dir/rosidl_typesupport_introspection_c/px4/msg/detail/normalized_unsigned_setpoint__type_support.c.o[0m
[199.929s] [ 37%] [32mBuilding C object platforms/ros2/CMakeFiles/px4__rosidl_typesupport_introspection_c.dir/rosidl_typesupport_introspection_c/px4/msg/detail/npfg_status__type_support.c.o[0m
[200.031s] [ 37%] [32mBuilding C object platforms/ros2/CMakeFiles/px4__rosidl_typesupport_introspection_c.dir/rosidl_typesupport_introspection_c/px4/msg/detail/obstacle_distance__type_support.c.o[0m
[200.109s] [ 37%] [32mBuilding C object platforms/ros2/CMakeFiles/px4__rosidl_typesupport_introspection_c.dir/rosidl_typesupport_introspection_c/px4/msg/detail/offboard_control_mode__type_support.c.o[0m
[200.112s] [ 37%] [32mBuilding CXX object platforms/ros2/CMakeFiles/px4__rosidl_typesupport_fastrtps_c.dir/rosidl_typesupport_fastrtps_c/px4/msg/detail/actuator_servos_trim__type_support_c.cpp.o[0m
[200.174s] [ 37%] [32mBuilding C object platforms/ros2/CMakeFiles/px4__rosidl_typesupport_introspection_c.dir/rosidl_typesupport_introspection_c/px4/msg/detail/onboard_computer_status__type_support.c.o[0m
[200.203s] [ 37%] [32mBuilding CXX object platforms/ros2/CMakeFiles/px4__rosidl_typesupport_cpp.dir/rosidl_typesupport_cpp/px4/msg/estimator_bias3d__type_support.cpp.o[0m
[200.343s] [ 37%] [32mBuilding C object platforms/ros2/CMakeFiles/px4__rosidl_typesupport_introspection_c.dir/rosidl_typesupport_introspection_c/px4/msg/detail/open_drone_id_arm_status__type_support.c.o[0m
[200.421s] [ 37%] [32mBuilding C object platforms/ros2/CMakeFiles/px4__rosidl_typesupport_introspection_c.dir/rosidl_typesupport_introspection_c/px4/msg/detail/open_drone_id_operator_id__type_support.c.o[0m
[200.502s] [ 37%] [32mBuilding C object platforms/ros2/CMakeFiles/px4__rosidl_typesupport_introspection_c.dir/rosidl_typesupport_introspection_c/px4/msg/detail/open_drone_id_self_id__type_support.c.o[0m
[200.584s] [ 37%] [32mBuilding C object platforms/ros2/CMakeFiles/px4__rosidl_typesupport_introspection_c.dir/rosidl_typesupport_introspection_c/px4/msg/detail/open_drone_id_system__type_support.c.o[0m
[200.604s] [ 37%] [32mBuilding CXX object platforms/ros2/CMakeFiles/px4__rosidl_typesupport_fastrtps_cpp.dir/rosidl_typesupport_fastrtps_cpp/px4/msg/detail/dds_fastrtps/camera_trigger__type_support.cpp.o[0m
[200.660s] [ 37%] [32mBuilding C object platforms/ros2/CMakeFiles/px4__rosidl_typesupport_introspection_c.dir/rosidl_typesupport_introspection_c/px4/msg/detail/orb_test__type_support.c.o[0m
[200.693s] [ 37%] [32mBuilding CXX object platforms/ros2/CMakeFiles/px4__rosidl_typesupport_cpp.dir/rosidl_typesupport_cpp/px4/msg/estimator_event_flags__type_support.cpp.o[0m
[200.730s] [ 37%] [32mBuilding C object platforms/ros2/CMakeFiles/px4__rosidl_typesupport_introspection_c.dir/rosidl_typesupport_introspection_c/px4/msg/detail/orb_test_large__type_support.c.o[0m
[200.804s] [ 37%] [32mBuilding C object platforms/ros2/CMakeFiles/px4__rosidl_typesupport_introspection_c.dir/rosidl_typesupport_introspection_c/px4/msg/detail/orb_test_medium__type_support.c.o[0m
[200.840s] [ 37%] [32mBuilding CXX object platforms/ros2/CMakeFiles/px4__rosidl_typesupport_fastrtps_c.dir/rosidl_typesupport_fastrtps_c/px4/msg/detail/actuator_test__type_support_c.cpp.o[0m
[200.889s] [ 37%] [32mBuilding C object platforms/ros2/CMakeFiles/px4__rosidl_typesupport_introspection_c.dir/rosidl_typesupport_introspection_c/px4/msg/detail/orbit_status__type_support.c.o[0m
[200.962s] [ 37%] [32mBuilding C object platforms/ros2/CMakeFiles/px4__rosidl_typesupport_introspection_c.dir/rosidl_typesupport_introspection_c/px4/msg/detail/parameter_reset_request__type_support.c.o[0m
[201.146s] [ 37%] [32mBuilding C object platforms/ros2/CMakeFiles/px4__rosidl_typesupport_introspection_c.dir/rosidl_typesupport_introspection_c/px4/msg/detail/parameter_set_used_request__type_support.c.o[0m
[201.281s] [ 37%] [32mBuilding CXX object platforms/ros2/CMakeFiles/px4__rosidl_typesupport_cpp.dir/rosidl_typesupport_cpp/px4/msg/estimator_gps_status__type_support.cpp.o[0m
[201.300s] [ 37%] [32mBuilding C object platforms/ros2/CMakeFiles/px4__rosidl_typesupport_introspection_c.dir/rosidl_typesupport_introspection_c/px4/msg/detail/parameter_set_value_request__type_support.c.o[0m
[201.390s] [ 37%] [32mBuilding C object platforms/ros2/CMakeFiles/px4__rosidl_typesupport_introspection_c.dir/rosidl_typesupport_introspection_c/px4/msg/detail/parameter_set_value_response__type_support.c.o[0m
[201.468s] [ 37%] [32mBuilding C object platforms/ros2/CMakeFiles/px4__rosidl_typesupport_introspection_c.dir/rosidl_typesupport_introspection_c/px4/msg/detail/parameter_update__type_support.c.o[0m
[201.550s] [ 37%] [32mBuilding C object platforms/ros2/CMakeFiles/px4__rosidl_typesupport_introspection_c.dir/rosidl_typesupport_introspection_c/px4/msg/detail/ping__type_support.c.o[0m
[201.631s] [ 37%] [32mBuilding C object platforms/ros2/CMakeFiles/px4__rosidl_typesupport_introspection_c.dir/rosidl_typesupport_introspection_c/px4/msg/detail/position_controller_landing_status__type_support.c.o[0m
[201.701s] [ 37%] [32mBuilding C object platforms/ros2/CMakeFiles/px4__rosidl_typesupport_introspection_c.dir/rosidl_typesupport_introspection_c/px4/msg/detail/position_controller_status__type_support.c.o[0m
[201.789s] [ 37%] [32mBuilding CXX object platforms/ros2/CMakeFiles/px4__rosidl_typesupport_cpp.dir/rosidl_typesupport_cpp/px4/msg/estimator_innovations__type_support.cpp.o[0m
[201.821s] [ 37%] [32mBuilding C object platforms/ros2/CMakeFiles/px4__rosidl_typesupport_introspection_c.dir/rosidl_typesupport_introspection_c/px4/msg/detail/position_setpoint__type_support.c.o[0m
[201.878s] [ 37%] [32mBuilding CXX object platforms/ros2/CMakeFiles/px4__rosidl_typesupport_fastrtps_cpp.dir/rosidl_typesupport_fastrtps_cpp/px4/msg/detail/dds_fastrtps/can_interface_status__type_support.cpp.o[0m
[201.890s] [ 37%] [32mBuilding C object platforms/ros2/CMakeFiles/px4__rosidl_typesupport_introspection_c.dir/rosidl_typesupport_introspection_c/px4/msg/detail/position_setpoint_triplet__type_support.c.o[0m
[201.967s] [ 37%] [32mBuilding C object platforms/ros2/CMakeFiles/px4__rosidl_typesupport_introspection_c.dir/rosidl_typesupport_introspection_c/px4/msg/detail/power_button_state__type_support.c.o[0m
[202.004s] [ 37%] [32mBuilding CXX object platforms/ros2/CMakeFiles/px4__rosidl_typesupport_fastrtps_c.dir/rosidl_typesupport_fastrtps_c/px4/msg/detail/adc_report__type_support_c.cpp.o[0m
[202.056s] [ 37%] [32mBuilding C object platforms/ros2/CMakeFiles/px4__rosidl_typesupport_introspection_c.dir/rosidl_typesupport_introspection_c/px4/msg/detail/power_monitor__type_support.c.o[0m
[202.137s] [ 37%] [32mBuilding C object platforms/ros2/CMakeFiles/px4__rosidl_typesupport_introspection_c.dir/rosidl_typesupport_introspection_c/px4/msg/detail/pps_capture__type_support.c.o[0m
[202.225s] [ 37%] [32mBuilding C object platforms/ros2/CMakeFiles/px4__rosidl_typesupport_introspection_c.dir/rosidl_typesupport_introspection_c/px4/msg/detail/pure_pursuit_status__type_support.c.o[0m
[202.340s] [ 37%] [32mBuilding CXX object platforms/ros2/CMakeFiles/px4__rosidl_typesupport_cpp.dir/rosidl_typesupport_cpp/px4/msg/estimator_selector_status__type_support.cpp.o[0m
[202.390s] [ 37%] [32mBuilding C object platforms/ros2/CMakeFiles/px4__rosidl_typesupport_introspection_c.dir/rosidl_typesupport_introspection_c/px4/msg/detail/pwm_input__type_support.c.o[0m
[202.492s] [ 37%] [32mBuilding C object platforms/ros2/CMakeFiles/px4__rosidl_typesupport_introspection_c.dir/rosidl_typesupport_introspection_c/px4/msg/detail/px4io_status__type_support.c.o[0m
[202.635s] [ 37%] [32mBuilding C object platforms/ros2/CMakeFiles/px4__rosidl_typesupport_introspection_c.dir/rosidl_typesupport_introspection_c/px4/msg/detail/qshell_req__type_support.c.o[0m
[202.747s] [ 39%] [32mBuilding C object platforms/ros2/CMakeFiles/px4__rosidl_typesupport_introspection_c.dir/rosidl_typesupport_introspection_c/px4/msg/detail/qshell_retval__type_support.c.o[0m
[202.816s] [ 39%] [32mBuilding C object platforms/ros2/CMakeFiles/px4__rosidl_typesupport_introspection_c.dir/rosidl_typesupport_introspection_c/px4/msg/detail/radio_status__type_support.c.o[0m
[202.874s] [ 39%] [32mBuilding CXX object platforms/ros2/CMakeFiles/px4__rosidl_typesupport_cpp.dir/rosidl_typesupport_cpp/px4/msg/estimator_sensor_bias__type_support.cpp.o[0m
[202.892s] [ 39%] [32mBuilding C object platforms/ros2/CMakeFiles/px4__rosidl_typesupport_introspection_c.dir/rosidl_typesupport_introspection_c/px4/msg/detail/rate_ctrl_status__type_support.c.o[0m
[202.898s] [ 39%] [32mBuilding CXX object platforms/ros2/CMakeFiles/px4__rosidl_typesupport_fastrtps_cpp.dir/rosidl_typesupport_fastrtps_cpp/px4/msg/detail/dds_fastrtps/cellular_status__type_support.cpp.o[0m
[202.963s] [ 39%] [32mBuilding C object platforms/ros2/CMakeFiles/px4__rosidl_typesupport_introspection_c.dir/rosidl_typesupport_introspection_c/px4/msg/detail/rc_channels__type_support.c.o[0m
[203.050s] [ 39%] [32mBuilding C object platforms/ros2/CMakeFiles/px4__rosidl_typesupport_introspection_c.dir/rosidl_typesupport_introspection_c/px4/msg/detail/rc_parameter_map__type_support.c.o[0m
[203.108s] [ 39%] [32mBuilding CXX object platforms/ros2/CMakeFiles/px4__rosidl_typesupport_fastrtps_c.dir/rosidl_typesupport_fastrtps_c/px4/msg/detail/airspeed__type_support_c.cpp.o[0m
[203.174s] [ 39%] [32mBuilding C object platforms/ros2/CMakeFiles/px4__rosidl_typesupport_introspection_c.dir/rosidl_typesupport_introspection_c/px4/msg/detail/rover_attitude_setpoint__type_support.c.o[0m
[203.247s] [ 39%] [32mBuilding C object platforms/ros2/CMakeFiles/px4__rosidl_typesupport_introspection_c.dir/rosidl_typesupport_introspection_c/px4/msg/detail/rover_attitude_status__type_support.c.o[0m
[203.327s] [ 39%] [32mBuilding C object platforms/ros2/CMakeFiles/px4__rosidl_typesupport_introspection_c.dir/rosidl_typesupport_introspection_c/px4/msg/detail/rover_position_setpoint__type_support.c.o[0m
[203.450s] [ 39%] [32mBuilding C object platforms/ros2/CMakeFiles/px4__rosidl_typesupport_introspection_c.dir/rosidl_typesupport_introspection_c/px4/msg/detail/rover_rate_setpoint__type_support.c.o[0m
[203.521s] [ 39%] [32mBuilding CXX object platforms/ros2/CMakeFiles/px4__rosidl_typesupport_cpp.dir/rosidl_typesupport_cpp/px4/msg/estimator_states__type_support.cpp.o[0m
[203.533s] [ 39%] [32mBuilding C object platforms/ros2/CMakeFiles/px4__rosidl_typesupport_introspection_c.dir/rosidl_typesupport_introspection_c/px4/msg/detail/rover_rate_status__type_support.c.o[0m
[203.615s] [ 39%] [32mBuilding C object platforms/ros2/CMakeFiles/px4__rosidl_typesupport_introspection_c.dir/rosidl_typesupport_introspection_c/px4/msg/detail/rover_steering_setpoint__type_support.c.o[0m
[203.729s] [ 39%] [32mBuilding C object platforms/ros2/CMakeFiles/px4__rosidl_typesupport_introspection_c.dir/rosidl_typesupport_introspection_c/px4/msg/detail/rover_throttle_setpoint__type_support.c.o[0m
[203.870s] [ 39%] [32mBuilding C object platforms/ros2/CMakeFiles/px4__rosidl_typesupport_introspection_c.dir/rosidl_typesupport_introspection_c/px4/msg/detail/rover_velocity_status__type_support.c.o[0m
[204.047s] [ 39%] [32mBuilding C object platforms/ros2/CMakeFiles/px4__rosidl_typesupport_introspection_c.dir/rosidl_typesupport_introspection_c/px4/msg/detail/rpm__type_support.c.o[0m
[204.056s] [ 39%] [32mBuilding CXX object platforms/ros2/CMakeFiles/px4__rosidl_typesupport_fastrtps_cpp.dir/rosidl_typesupport_fastrtps_cpp/px4/msg/detail/dds_fastrtps/collision_constraints__type_support.cpp.o[0m
[204.153s] [ 39%] [32mBuilding CXX object platforms/ros2/CMakeFiles/px4__rosidl_typesupport_cpp.dir/rosidl_typesupport_cpp/px4/msg/estimator_status__type_support.cpp.o[0m
[204.266s] [ 39%] [32mBuilding C object platforms/ros2/CMakeFiles/px4__rosidl_typesupport_introspection_c.dir/rosidl_typesupport_introspection_c/px4/msg/detail/rtl_status__type_support.c.o[0m
[204.354s] [ 39%] [32mBuilding C object platforms/ros2/CMakeFiles/px4__rosidl_typesupport_introspection_c.dir/rosidl_typesupport_introspection_c/px4/msg/detail/rtl_time_estimate__type_support.c.o[0m
[204.485s] [ 39%] [32mBuilding C object platforms/ros2/CMakeFiles/px4__rosidl_typesupport_introspection_c.dir/rosidl_typesupport_introspection_c/px4/msg/detail/satellite_info__type_support.c.o[0m
[204.496s] [ 39%] [32mBuilding CXX object platforms/ros2/CMakeFiles/px4__rosidl_typesupport_fastrtps_c.dir/rosidl_typesupport_fastrtps_c/px4/msg/detail/airspeed_wind__type_support_c.cpp.o[0m
[204.618s] [ 39%] [32mBuilding C object platforms/ros2/CMakeFiles/px4__rosidl_typesupport_introspection_c.dir/rosidl_typesupport_introspection_c/px4/msg/detail/sensor_accel__type_support.c.o[0m
[204.699s] [ 39%] [32mBuilding C object platforms/ros2/CMakeFiles/px4__rosidl_typesupport_introspection_c.dir/rosidl_typesupport_introspection_c/px4/msg/detail/sensor_accel_fifo__type_support.c.o[0m
[204.790s] [ 39%] [32mBuilding C object platforms/ros2/CMakeFiles/px4__rosidl_typesupport_introspection_c.dir/rosidl_typesupport_introspection_c/px4/msg/detail/sensor_airflow__type_support.c.o[0m
[204.809s] [ 39%] [32mBuilding CXX object platforms/ros2/CMakeFiles/px4__rosidl_typesupport_cpp.dir/rosidl_typesupport_cpp/px4/msg/estimator_status_flags__type_support.cpp.o[0m
[204.856s] [ 39%] [32mBuilding C object platforms/ros2/CMakeFiles/px4__rosidl_typesupport_introspection_c.dir/rosidl_typesupport_introspection_c/px4/msg/detail/sensor_baro__type_support.c.o[0m
[204.920s] [ 39%] [32mBuilding C object platforms/ros2/CMakeFiles/px4__rosidl_typesupport_introspection_c.dir/rosidl_typesupport_introspection_c/px4/msg/detail/sensor_combined__type_support.c.o[0m
[205.002s] [ 39%] [32mBuilding C object platforms/ros2/CMakeFiles/px4__rosidl_typesupport_introspection_c.dir/rosidl_typesupport_introspection_c/px4/msg/detail/sensor_correction__type_support.c.o[0m
[205.112s] [ 39%] [32mBuilding CXX object platforms/ros2/CMakeFiles/px4__rosidl_typesupport_fastrtps_cpp.dir/rosidl_typesupport_fastrtps_cpp/px4/msg/detail/dds_fastrtps/control_allocator_status__type_support.cpp.o[0m
[205.218s] [ 39%] [32mBuilding C object platforms/ros2/CMakeFiles/px4__rosidl_typesupport_introspection_c.dir/rosidl_typesupport_introspection_c/px4/msg/detail/sensor_gnss_relative__type_support.c.o[0m
[205.305s] [ 39%] [32mBuilding C object platforms/ros2/CMakeFiles/px4__rosidl_typesupport_introspection_c.dir/rosidl_typesupport_introspection_c/px4/msg/detail/sensor_gps__type_support.c.o[0m
[205.331s] [ 39%] [32mBuilding CXX object platforms/ros2/CMakeFiles/px4__rosidl_typesupport_cpp.dir/rosidl_typesupport_cpp/px4/msg/event__type_support.cpp.o[0m
[205.383s] [ 39%] [32mBuilding C object platforms/ros2/CMakeFiles/px4__rosidl_typesupport_introspection_c.dir/rosidl_typesupport_introspection_c/px4/msg/detail/sensor_gyro__type_support.c.o[0m
[205.428s] [ 40%] [32mBuilding CXX object platforms/ros2/CMakeFiles/px4__rosidl_typesupport_fastrtps_c.dir/rosidl_typesupport_fastrtps_c/px4/msg/detail/autotune_attitude_control_status__type_support_c.cpp.o[0m
[205.463s] [ 40%] [32mBuilding C object platforms/ros2/CMakeFiles/px4__rosidl_typesupport_introspection_c.dir/rosidl_typesupport_introspection_c/px4/msg/detail/sensor_gyro_fft__type_support.c.o[0m
[205.636s] [ 40%] [32mBuilding C object platforms/ros2/CMakeFiles/px4__rosidl_typesupport_introspection_c.dir/rosidl_typesupport_introspection_c/px4/msg/detail/sensor_gyro_fifo__type_support.c.o[0m
[205.861s] [ 41%] [32mBuilding C object platforms/ros2/CMakeFiles/px4__rosidl_typesupport_introspection_c.dir/rosidl_typesupport_introspection_c/px4/msg/detail/sensor_hygrometer__type_support.c.o[0m
[205.974s] [ 41%] [32mBuilding CXX object platforms/ros2/CMakeFiles/px4__rosidl_typesupport_fastrtps_cpp.dir/rosidl_typesupport_fastrtps_cpp/px4/msg/detail/dds_fastrtps/cpuload__type_support.cpp.o[0m
[205.995s] [ 41%] [32mBuilding C object platforms/ros2/CMakeFiles/px4__rosidl_typesupport_introspection_c.dir/rosidl_typesupport_introspection_c/px4/msg/detail/sensor_mag__type_support.c.o[0m
[206.012s] [ 41%] [32mBuilding CXX object platforms/ros2/CMakeFiles/px4__rosidl_typesupport_cpp.dir/rosidl_typesupport_cpp/px4/msg/failsafe_flags__type_support.cpp.o[0m
[206.154s] [ 41%] [32mBuilding C object platforms/ros2/CMakeFiles/px4__rosidl_typesupport_introspection_c.dir/rosidl_typesupport_introspection_c/px4/msg/detail/sensor_optical_flow__type_support.c.o[0m
[206.318s] [ 41%] [32mBuilding C object platforms/ros2/CMakeFiles/px4__rosidl_typesupport_introspection_c.dir/rosidl_typesupport_introspection_c/px4/msg/detail/sensor_preflight_mag__type_support.c.o[0m
[206.474s] [ 41%] [32mBuilding C object platforms/ros2/CMakeFiles/px4__rosidl_typesupport_introspection_c.dir/rosidl_typesupport_introspection_c/px4/msg/detail/sensor_selection__type_support.c.o[0m
[206.531s] [ 41%] [32mBuilding CXX object platforms/ros2/CMakeFiles/px4__rosidl_typesupport_fastrtps_c.dir/rosidl_typesupport_fastrtps_c/px4/msg/detail/button_event__type_support_c.cpp.o[0m
[206.629s] [ 41%] [32mBuilding C object platforms/ros2/CMakeFiles/px4__rosidl_typesupport_introspection_c.dir/rosidl_typesupport_introspection_c/px4/msg/detail/sensor_uwb__type_support.c.o[0m
[206.789s] [ 41%] [32mBuilding C object platforms/ros2/CMakeFiles/px4__rosidl_typesupport_introspection_c.dir/rosidl_typesupport_introspection_c/px4/msg/detail/sensors_status__type_support.c.o[0m
[206.829s] [ 41%] [32mBuilding CXX object platforms/ros2/CMakeFiles/px4__rosidl_typesupport_cpp.dir/rosidl_typesupport_cpp/px4/msg/failure_detector_status__type_support.cpp.o[0m
[206.956s] [ 41%] [32mBuilding CXX object platforms/ros2/CMakeFiles/px4__rosidl_typesupport_fastrtps_cpp.dir/rosidl_typesupport_fastrtps_cpp/px4/msg/detail/dds_fastrtps/dataman_request__type_support.cpp.o[0m
[207.012s] [ 41%] [32mBuilding C object platforms/ros2/CMakeFiles/px4__rosidl_typesupport_introspection_c.dir/rosidl_typesupport_introspection_c/px4/msg/detail/sensors_status_imu__type_support.c.o[0m
[207.189s] [ 41%] [32mBuilding C object platforms/ros2/CMakeFiles/px4__rosidl_typesupport_introspection_c.dir/rosidl_typesupport_introspection_c/px4/msg/detail/system_power__type_support.c.o[0m
[207.354s] [ 41%] [32mBuilding C object platforms/ros2/CMakeFiles/px4__rosidl_typesupport_introspection_c.dir/rosidl_typesupport_introspection_c/px4/msg/detail/takeoff_status__type_support.c.o[0m
[207.457s] [ 41%] [32mBuilding C object platforms/ros2/CMakeFiles/px4__rosidl_typesupport_introspection_c.dir/rosidl_typesupport_introspection_c/px4/msg/detail/task_stack_info__type_support.c.o[0m
[207.575s] [ 41%] [32mBuilding C object platforms/ros2/CMakeFiles/px4__rosidl_typesupport_introspection_c.dir/rosidl_typesupport_introspection_c/px4/msg/detail/tecs_status__type_support.c.o[0m
[207.709s] [ 41%] [32mBuilding C object platforms/ros2/CMakeFiles/px4__rosidl_typesupport_introspection_c.dir/rosidl_typesupport_introspection_c/px4/msg/detail/telemetry_status__type_support.c.o[0m
[207.794s] [ 41%] [32mBuilding CXX object platforms/ros2/CMakeFiles/px4__rosidl_typesupport_fastrtps_c.dir/rosidl_typesupport_fastrtps_c/px4/msg/detail/camera_capture__type_support_c.cpp.o[0m
[207.802s] [ 41%] [32mBuilding C object platforms/ros2/CMakeFiles/px4__rosidl_typesupport_introspection_c.dir/rosidl_typesupport_introspection_c/px4/msg/detail/tiltrotor_extra_controls__type_support.c.o[0m
[207.805s] [ 41%] [32mBuilding CXX object platforms/ros2/CMakeFiles/px4__rosidl_typesupport_cpp.dir/rosidl_typesupport_cpp/px4/msg/figure_eight_status__type_support.cpp.o[0m
[207.920s] [ 41%] [32mBuilding C object platforms/ros2/CMakeFiles/px4__rosidl_typesupport_introspection_c.dir/rosidl_typesupport_introspection_c/px4/msg/detail/timesync_status__type_support.c.o[0m
[207.997s] [ 41%] [32mBuilding C object platforms/ros2/CMakeFiles/px4__rosidl_typesupport_introspection_c.dir/rosidl_typesupport_introspection_c/px4/msg/detail/trajectory_setpoint6dof__type_support.c.o[0m
[208.202s] [ 41%] [32mBuilding C object platforms/ros2/CMakeFiles/px4__rosidl_typesupport_introspection_c.dir/rosidl_typesupport_introspection_c/px4/msg/detail/transponder_report__type_support.c.o[0m
[208.214s] [ 41%] [32mBuilding CXX object platforms/ros2/CMakeFiles/px4__rosidl_typesupport_fastrtps_cpp.dir/rosidl_typesupport_fastrtps_cpp/px4/msg/detail/dds_fastrtps/dataman_response__type_support.cpp.o[0m
[208.424s] [ 41%] [32mBuilding C object platforms/ros2/CMakeFiles/px4__rosidl_typesupport_introspection_c.dir/rosidl_typesupport_introspection_c/px4/msg/detail/tune_control__type_support.c.o[0m
[208.512s] [ 41%] [32mBuilding CXX object platforms/ros2/CMakeFiles/px4__rosidl_typesupport_cpp.dir/rosidl_typesupport_cpp/px4/msg/flight_phase_estimation__type_support.cpp.o[0m
[208.606s] [ 41%] [32mBuilding C object platforms/ros2/CMakeFiles/px4__rosidl_typesupport_introspection_c.dir/rosidl_typesupport_introspection_c/px4/msg/detail/uavcan_parameter_request__type_support.c.o[0m
[208.742s] [ 41%] [32mBuilding C object platforms/ros2/CMakeFiles/px4__rosidl_typesupport_introspection_c.dir/rosidl_typesupport_introspection_c/px4/msg/detail/uavcan_parameter_value__type_support.c.o[0m
[208.970s] [ 41%] [32mBuilding C object platforms/ros2/CMakeFiles/px4__rosidl_typesupport_introspection_c.dir/rosidl_typesupport_introspection_c/px4/msg/detail/ulog_stream__type_support.c.o[0m
[209.136s] [ 41%] [32mBuilding C object platforms/ros2/CMakeFiles/px4__rosidl_typesupport_introspection_c.dir/rosidl_typesupport_introspection_c/px4/msg/detail/ulog_stream_ack__type_support.c.o[0m
[209.198s] [ 41%] [32mBuilding CXX object platforms/ros2/CMakeFiles/px4__rosidl_typesupport_fastrtps_c.dir/rosidl_typesupport_fastrtps_c/px4/msg/detail/camera_status__type_support_c.cpp.o[0m
[209.229s] [ 41%] [32mBuilding C object platforms/ros2/CMakeFiles/px4__rosidl_typesupport_introspection_c.dir/rosidl_typesupport_introspection_c/px4/msg/detail/vehicle_acceleration__type_support.c.o[0m
[209.306s] [ 41%] [32mBuilding C object platforms/ros2/CMakeFiles/px4__rosidl_typesupport_introspection_c.dir/rosidl_typesupport_introspection_c/px4/msg/detail/vehicle_air_data__type_support.c.o[0m
[209.317s] [ 41%] [32mBuilding CXX object platforms/ros2/CMakeFiles/px4__rosidl_typesupport_cpp.dir/rosidl_typesupport_cpp/px4/msg/follow_target__type_support.cpp.o[0m
[209.396s] [ 41%] [32mBuilding C object platforms/ros2/CMakeFiles/px4__rosidl_typesupport_introspection_c.dir/rosidl_typesupport_introspection_c/px4/msg/detail/vehicle_angular_acceleration_setpoint__type_support.c.o[0m
[209.487s] [ 41%] [32mBuilding C object platforms/ros2/CMakeFiles/px4__rosidl_typesupport_introspection_c.dir/rosidl_typesupport_introspection_c/px4/msg/detail/vehicle_constraints__type_support.c.o[0m
[209.595s] [ 41%] [32mBuilding C object platforms/ros2/CMakeFiles/px4__rosidl_typesupport_introspection_c.dir/rosidl_typesupport_introspection_c/px4/msg/detail/vehicle_imu__type_support.c.o[0m
[209.705s] [ 41%] [32mBuilding C object platforms/ros2/CMakeFiles/px4__rosidl_typesupport_introspection_c.dir/rosidl_typesupport_introspection_c/px4/msg/detail/vehicle_imu_status__type_support.c.o[0m
[209.778s] [ 41%] [32mBuilding CXX object platforms/ros2/CMakeFiles/px4__rosidl_typesupport_fastrtps_cpp.dir/rosidl_typesupport_fastrtps_cpp/px4/msg/detail/dds_fastrtps/debug_array__type_support.cpp.o[0m
[209.870s] [ 41%] [32mBuilding C object platforms/ros2/CMakeFiles/px4__rosidl_typesupport_introspection_c.dir/rosidl_typesupport_introspection_c/px4/msg/detail/vehicle_local_position_setpoint__type_support.c.o[0m
[209.968s] [ 43%] [32mBuilding C object platforms/ros2/CMakeFiles/px4__rosidl_typesupport_introspection_c.dir/rosidl_typesupport_introspection_c/px4/msg/detail/vehicle_magnetometer__type_support.c.o[0m
[210.055s] [ 43%] [32mBuilding C object platforms/ros2/CMakeFiles/px4__rosidl_typesupport_introspection_c.dir/rosidl_typesupport_introspection_c/px4/msg/detail/vehicle_optical_flow__type_support.c.o[0m
[210.056s] [ 43%] [32mBuilding CXX object platforms/ros2/CMakeFiles/px4__rosidl_typesupport_cpp.dir/rosidl_typesupport_cpp/px4/msg/follow_target_estimator__type_support.cpp.o[0m
[210.160s] [ 43%] [32mBuilding C object platforms/ros2/CMakeFiles/px4__rosidl_typesupport_introspection_c.dir/rosidl_typesupport_introspection_c/px4/msg/detail/vehicle_optical_flow_vel__type_support.c.o[0m
[210.309s] [ 43%] [32mBuilding CXX object platforms/ros2/CMakeFiles/px4__rosidl_typesupport_fastrtps_c.dir/rosidl_typesupport_fastrtps_c/px4/msg/detail/camera_trigger__type_support_c.cpp.o[0m
[210.333s] [ 43%] [32mBuilding C object platforms/ros2/CMakeFiles/px4__rosidl_typesupport_introspection_c.dir/rosidl_typesupport_introspection_c/px4/msg/detail/vehicle_roi__type_support.c.o[0m
[210.441s] [ 43%] [32mBuilding C object platforms/ros2/CMakeFiles/px4__rosidl_typesupport_introspection_c.dir/rosidl_typesupport_introspection_c/px4/msg/detail/vehicle_thrust_setpoint__type_support.c.o[0m
[210.524s] [ 43%] [32mBuilding C object platforms/ros2/CMakeFiles/px4__rosidl_typesupport_introspection_c.dir/rosidl_typesupport_introspection_c/px4/msg/detail/vehicle_torque_setpoint__type_support.c.o[0m
[210.583s] [ 43%] [32mBuilding CXX object platforms/ros2/CMakeFiles/px4__rosidl_typesupport_cpp.dir/rosidl_typesupport_cpp/px4/msg/follow_target_status__type_support.cpp.o[0m
[210.607s] [ 43%] [32mBuilding C object platforms/ros2/CMakeFiles/px4__rosidl_typesupport_introspection_c.dir/rosidl_typesupport_introspection_c/px4/msg/detail/velocity_limits__type_support.c.o[0m
[210.689s] [ 43%] [32mBuilding C object platforms/ros2/CMakeFiles/px4__rosidl_typesupport_introspection_c.dir/rosidl_typesupport_introspection_c/px4/msg/detail/wheel_encoders__type_support.c.o[0m
[210.796s] [ 43%] [32mBuilding C object platforms/ros2/CMakeFiles/px4__rosidl_typesupport_introspection_c.dir/rosidl_typesupport_introspection_c/px4/msg/detail/wind__type_support.c.o[0m
[210.821s] [ 43%] [32mBuilding CXX object platforms/ros2/CMakeFiles/px4__rosidl_typesupport_fastrtps_cpp.dir/rosidl_typesupport_fastrtps_cpp/px4/msg/detail/dds_fastrtps/debug_key_value__type_support.cpp.o[0m
[210.871s] [ 43%] [32mBuilding C object platforms/ros2/CMakeFiles/px4__rosidl_typesupport_introspection_c.dir/rosidl_typesupport_introspection_c/px4/msg/detail/yaw_estimator_status__type_support.c.o[0m
[210.972s] [ 43%] [32mBuilding C object platforms/ros2/CMakeFiles/px4__rosidl_typesupport_introspection_c.dir/rosidl_typesupport_introspection_c/px4/msg/detail/actuator_motors__type_support.c.o[0m
[211.050s] [ 43%] [32mBuilding C object platforms/ros2/CMakeFiles/px4__rosidl_typesupport_introspection_c.dir/rosidl_typesupport_introspection_c/px4/msg/detail/actuator_servos__type_support.c.o[0m
[211.053s] [ 43%] [32mBuilding CXX object platforms/ros2/CMakeFiles/px4__rosidl_typesupport_cpp.dir/rosidl_typesupport_cpp/px4/msg/fuel_tank_status__type_support.cpp.o[0m
[211.146s] [ 43%] [32mBuilding C object platforms/ros2/CMakeFiles/px4__rosidl_typesupport_introspection_c.dir/rosidl_typesupport_introspection_c/px4/msg/detail/airspeed_validated__type_support.c.o[0m
[211.240s] [ 43%] [32mBuilding C object platforms/ros2/CMakeFiles/px4__rosidl_typesupport_introspection_c.dir/rosidl_typesupport_introspection_c/px4/msg/detail/arming_check_reply__type_support.c.o[0m
[211.369s] [ 43%] [32mBuilding CXX object platforms/ros2/CMakeFiles/px4__rosidl_typesupport_fastrtps_c.dir/rosidl_typesupport_fastrtps_c/px4/msg/detail/can_interface_status__type_support_c.cpp.o[0m
[211.427s] [ 43%] [32mBuilding C object platforms/ros2/CMakeFiles/px4__rosidl_typesupport_introspection_c.dir/rosidl_typesupport_introspection_c/px4/msg/detail/arming_check_request__type_support.c.o[0m
[211.671s] [ 43%] [32mBuilding C object platforms/ros2/CMakeFiles/px4__rosidl_typesupport_introspection_c.dir/rosidl_typesupport_introspection_c/px4/msg/detail/battery_status__type_support.c.o[0m
[211.744s] [ 43%] [32mBuilding CXX object platforms/ros2/CMakeFiles/px4__rosidl_typesupport_cpp.dir/rosidl_typesupport_cpp/px4/msg/generator_status__type_support.cpp.o[0m
[211.797s] [ 43%] [32mBuilding C object platforms/ros2/CMakeFiles/px4__rosidl_typesupport_introspection_c.dir/rosidl_typesupport_introspection_c/px4/msg/detail/config_overrides__type_support.c.o[0m
[211.940s] [ 43%] [32mBuilding C object platforms/ros2/CMakeFiles/px4__rosidl_typesupport_introspection_c.dir/rosidl_typesupport_introspection_c/px4/msg/detail/goto_setpoint__type_support.c.o[0m
[211.982s] [ 43%] [32mBuilding CXX object platforms/ros2/CMakeFiles/px4__rosidl_typesupport_fastrtps_cpp.dir/rosidl_typesupport_fastrtps_cpp/px4/msg/detail/dds_fastrtps/debug_value__type_support.cpp.o[0m
[212.014s] [ 43%] [32mBuilding C object platforms/ros2/CMakeFiles/px4__rosidl_typesupport_introspection_c.dir/rosidl_typesupport_introspection_c/px4/msg/detail/home_position__type_support.c.o[0m
[212.138s] [ 43%] [32mBuilding C object platforms/ros2/CMakeFiles/px4__rosidl_typesupport_introspection_c.dir/rosidl_typesupport_introspection_c/px4/msg/detail/manual_control_setpoint__type_support.c.o[0m
[212.267s] [ 43%] [32mBuilding CXX object platforms/ros2/CMakeFiles/px4__rosidl_typesupport_cpp.dir/rosidl_typesupport_cpp/px4/msg/geofence_result__type_support.cpp.o[0m
[212.294s] [ 43%] [32mBuilding C object platforms/ros2/CMakeFiles/px4__rosidl_typesupport_introspection_c.dir/rosidl_typesupport_introspection_c/px4/msg/detail/mode_completed__type_support.c.o[0m
[212.453s] [ 43%] [32mBuilding C object platforms/ros2/CMakeFiles/px4__rosidl_typesupport_introspection_c.dir/rosidl_typesupport_introspection_c/px4/msg/detail/register_ext_component_reply__type_support.c.o[0m
[212.600s] [ 43%] [32mBuilding C object platforms/ros2/CMakeFiles/px4__rosidl_typesupport_introspection_c.dir/rosidl_typesupport_introspection_c/px4/msg/detail/register_ext_component_request__type_support.c.o[0m
[212.607s] [ 43%] [32mBuilding CXX object platforms/ros2/CMakeFiles/px4__rosidl_typesupport_fastrtps_c.dir/rosidl_typesupport_fastrtps_c/px4/msg/detail/cellular_status__type_support_c.cpp.o[0m
[212.686s] [ 43%] [32mBuilding C object platforms/ros2/CMakeFiles/px4__rosidl_typesupport_introspection_c.dir/rosidl_typesupport_introspection_c/px4/msg/detail/trajectory_setpoint__type_support.c.o[0m
[212.806s] [ 43%] [32mBuilding C object platforms/ros2/CMakeFiles/px4__rosidl_typesupport_introspection_c.dir/rosidl_typesupport_introspection_c/px4/msg/detail/unregister_ext_component__type_support.c.o[0m
[212.910s] [ 43%] [32mBuilding CXX object platforms/ros2/CMakeFiles/px4__rosidl_typesupport_cpp.dir/rosidl_typesupport_cpp/px4/msg/geofence_status__type_support.cpp.o[0m
[212.957s] [ 43%] [32mBuilding C object platforms/ros2/CMakeFiles/px4__rosidl_typesupport_introspection_c.dir/rosidl_typesupport_introspection_c/px4/msg/detail/vehicle_angular_velocity__type_support.c.o[0m
[213.087s] [ 43%] [32mBuilding C object platforms/ros2/CMakeFiles/px4__rosidl_typesupport_introspection_c.dir/rosidl_typesupport_introspection_c/px4/msg/detail/vehicle_attitude__type_support.c.o[0m
[213.134s] [ 43%] [32mBuilding CXX object platforms/ros2/CMakeFiles/px4__rosidl_typesupport_fastrtps_cpp.dir/rosidl_typesupport_fastrtps_cpp/px4/msg/detail/dds_fastrtps/debug_vect__type_support.cpp.o[0m
[213.195s] [ 43%] [32mBuilding C object platforms/ros2/CMakeFiles/px4__rosidl_typesupport_introspection_c.dir/rosidl_typesupport_introspection_c/px4/msg/detail/vehicle_attitude_setpoint__type_support.c.o[0m
[213.277s] [ 43%] [32mBuilding C object platforms/ros2/CMakeFiles/px4__rosidl_typesupport_introspection_c.dir/rosidl_typesupport_introspection_c/px4/msg/detail/vehicle_command__type_support.c.o[0m
[213.365s] [ 44%] [32mBuilding C object platforms/ros2/CMakeFiles/px4__rosidl_typesupport_introspection_c.dir/rosidl_typesupport_introspection_c/px4/msg/detail/vehicle_command_ack__type_support.c.o[0m
[213.425s] [ 44%] [32mBuilding C object platforms/ros2/CMakeFiles/px4__rosidl_typesupport_introspection_c.dir/rosidl_typesupport_introspection_c/px4/msg/detail/vehicle_control_mode__type_support.c.o[0m
[213.491s] [ 44%] [32mBuilding C object platforms/ros2/CMakeFiles/px4__rosidl_typesupport_introspection_c.dir/rosidl_typesupport_introspection_c/px4/msg/detail/vehicle_global_position__type_support.c.o[0m
[213.561s] [ 44%] [32mBuilding C object platforms/ros2/CMakeFiles/px4__rosidl_typesupport_introspection_c.dir/rosidl_typesupport_introspection_c/px4/msg/detail/vehicle_land_detected__type_support.c.o[0m
[213.624s] [ 44%] [32mBuilding C object platforms/ros2/CMakeFiles/px4__rosidl_typesupport_introspection_c.dir/rosidl_typesupport_introspection_c/px4/msg/detail/vehicle_local_position__type_support.c.o[0m
[213.709s] [ 44%] [32mBuilding CXX object platforms/ros2/CMakeFiles/px4__rosidl_typesupport_fastrtps_c.dir/rosidl_typesupport_fastrtps_c/px4/msg/detail/collision_constraints__type_support_c.cpp.o[0m
[213.724s] [ 44%] [32mBuilding CXX object platforms/ros2/CMakeFiles/px4__rosidl_typesupport_cpp.dir/rosidl_typesupport_cpp/px4/msg/gimbal_controls__type_support.cpp.o[0m
[213.740s] [ 44%] [32mBuilding C object platforms/ros2/CMakeFiles/px4__rosidl_typesupport_introspection_c.dir/rosidl_typesupport_introspection_c/px4/msg/detail/vehicle_odometry__type_support.c.o[0m
[213.869s] [ 44%] [32mBuilding C object platforms/ros2/CMakeFiles/px4__rosidl_typesupport_introspection_c.dir/rosidl_typesupport_introspection_c/px4/msg/detail/vehicle_rates_setpoint__type_support.c.o[0m
[213.939s] [ 44%] [32mBuilding C object platforms/ros2/CMakeFiles/px4__rosidl_typesupport_introspection_c.dir/rosidl_typesupport_introspection_c/px4/msg/detail/vehicle_status__type_support.c.o[0m
[214.013s] [ 44%] [32mBuilding C object platforms/ros2/CMakeFiles/px4__rosidl_typesupport_introspection_c.dir/rosidl_typesupport_introspection_c/px4/msg/detail/vtol_vehicle_status__type_support.c.o[0m
[214.080s] [ 44%] [32m[1mLinking C shared library libpx4__rosidl_typesupport_introspection_c.so[0m
[214.338s] [ 44%] Built target px4__rosidl_typesupport_introspection_c
[214.661s] [ 44%] [32mBuilding CXX object platforms/ros2/CMakeFiles/px4__rosidl_typesupport_fastrtps_c.dir/rosidl_typesupport_fastrtps_c/px4/msg/detail/control_allocator_status__type_support_c.cpp.o[0m
[214.737s] [ 44%] [32mBuilding CXX object platforms/ros2/CMakeFiles/px4__rosidl_typesupport_cpp.dir/rosidl_typesupport_cpp/px4/msg/gimbal_device_attitude_status__type_support.cpp.o[0m
[214.868s] [ 44%] [32mBuilding CXX object platforms/ros2/CMakeFiles/px4__rosidl_typesupport_fastrtps_cpp.dir/rosidl_typesupport_fastrtps_cpp/px4/msg/detail/dds_fastrtps/differential_pressure__type_support.cpp.o[0m
[215.255s] [ 44%] [32mBuilding CXX object platforms/ros2/CMakeFiles/px4__rosidl_typesupport_cpp.dir/rosidl_typesupport_cpp/px4/msg/gimbal_device_information__type_support.cpp.o[0m
[215.692s] [ 44%] [32mBuilding CXX object platforms/ros2/CMakeFiles/px4__rosidl_typesupport_fastrtps_cpp.dir/rosidl_typesupport_fastrtps_cpp/px4/msg/detail/dds_fastrtps/differential_velocity_setpoint__type_support.cpp.o[0m
[215.759s] [ 44%] [32mBuilding CXX object platforms/ros2/CMakeFiles/px4__rosidl_typesupport_cpp.dir/rosidl_typesupport_cpp/px4/msg/gimbal_device_set_attitude__type_support.cpp.o[0m
[215.951s] [ 44%] [32mBuilding CXX object platforms/ros2/CMakeFiles/px4__rosidl_typesupport_fastrtps_c.dir/rosidl_typesupport_fastrtps_c/px4/msg/detail/cpuload__type_support_c.cpp.o[0m
[216.241s] [ 44%] [32mBuilding CXX object platforms/ros2/CMakeFiles/px4__rosidl_typesupport_cpp.dir/rosidl_typesupport_cpp/px4/msg/gimbal_manager_information__type_support.cpp.o[0m
[216.497s] [ 44%] [32mBuilding CXX object platforms/ros2/CMakeFiles/px4__rosidl_typesupport_fastrtps_cpp.dir/rosidl_typesupport_fastrtps_cpp/px4/msg/detail/dds_fastrtps/distance_sensor__type_support.cpp.o[0m
[216.728s] [ 44%] [32mBuilding CXX object platforms/ros2/CMakeFiles/px4__rosidl_typesupport_cpp.dir/rosidl_typesupport_cpp/px4/msg/gimbal_manager_set_attitude__type_support.cpp.o[0m
[216.887s] [ 44%] [32mBuilding CXX object platforms/ros2/CMakeFiles/px4__rosidl_typesupport_fastrtps_c.dir/rosidl_typesupport_fastrtps_c/px4/msg/detail/dataman_request__type_support_c.cpp.o[0m
[217.225s] [ 45%] [32mBuilding CXX object platforms/ros2/CMakeFiles/px4__rosidl_typesupport_cpp.dir/rosidl_typesupport_cpp/px4/msg/gimbal_manager_set_manual_control__type_support.cpp.o[0m
[217.493s] [ 45%] [32mBuilding CXX object platforms/ros2/CMakeFiles/px4__rosidl_typesupport_fastrtps_cpp.dir/rosidl_typesupport_fastrtps_cpp/px4/msg/detail/dds_fastrtps/distance_sensor_mode_change_request__type_support.cpp.o[0m
[217.869s] [ 45%] [32mBuilding CXX object platforms/ros2/CMakeFiles/px4__rosidl_typesupport_cpp.dir/rosidl_typesupport_cpp/px4/msg/gimbal_manager_status__type_support.cpp.o[0m
[217.927s] [ 45%] [32mBuilding CXX object platforms/ros2/CMakeFiles/px4__rosidl_typesupport_fastrtps_c.dir/rosidl_typesupport_fastrtps_c/px4/msg/detail/dataman_response__type_support_c.cpp.o[0m
[218.428s] [ 45%] [32mBuilding CXX object platforms/ros2/CMakeFiles/px4__rosidl_typesupport_fastrtps_cpp.dir/rosidl_typesupport_fastrtps_cpp/px4/msg/detail/dds_fastrtps/ekf2_timestamps__type_support.cpp.o[0m
[218.488s] [ 45%] [32mBuilding CXX object platforms/ros2/CMakeFiles/px4__rosidl_typesupport_cpp.dir/rosidl_typesupport_cpp/px4/msg/gpio_config__type_support.cpp.o[0m
[219.000s] [ 45%] [32mBuilding CXX object platforms/ros2/CMakeFiles/px4__rosidl_typesupport_fastrtps_c.dir/rosidl_typesupport_fastrtps_c/px4/msg/detail/debug_array__type_support_c.cpp.o[0m
[219.050s] [ 45%] [32mBuilding CXX object platforms/ros2/CMakeFiles/px4__rosidl_typesupport_cpp.dir/rosidl_typesupport_cpp/px4/msg/gpio_in__type_support.cpp.o[0m
[219.302s] [ 45%] [32mBuilding CXX object platforms/ros2/CMakeFiles/px4__rosidl_typesupport_fastrtps_cpp.dir/rosidl_typesupport_fastrtps_cpp/px4/msg/detail/dds_fastrtps/esc_report__type_support.cpp.o[0m
[219.776s] [ 45%] [32mBuilding CXX object platforms/ros2/CMakeFiles/px4__rosidl_typesupport_cpp.dir/rosidl_typesupport_cpp/px4/msg/gpio_out__type_support.cpp.o[0m
[219.777s] [ 45%] [32mBuilding CXX object platforms/ros2/CMakeFiles/px4__rosidl_typesupport_fastrtps_c.dir/rosidl_typesupport_fastrtps_c/px4/msg/detail/debug_key_value__type_support_c.cpp.o[0m
[220.210s] [ 45%] [32mBuilding CXX object platforms/ros2/CMakeFiles/px4__rosidl_typesupport_fastrtps_cpp.dir/rosidl_typesupport_fastrtps_cpp/px4/msg/detail/dds_fastrtps/esc_status__type_support.cpp.o[0m
[220.268s] [ 45%] [32mBuilding CXX object platforms/ros2/CMakeFiles/px4__rosidl_typesupport_cpp.dir/rosidl_typesupport_cpp/px4/msg/gpio_request__type_support.cpp.o[0m
[220.680s] [ 45%] [32mBuilding CXX object platforms/ros2/CMakeFiles/px4__rosidl_typesupport_fastrtps_c.dir/rosidl_typesupport_fastrtps_c/px4/msg/detail/debug_value__type_support_c.cpp.o[0m
[220.793s] [ 45%] [32mBuilding CXX object platforms/ros2/CMakeFiles/px4__rosidl_typesupport_cpp.dir/rosidl_typesupport_cpp/px4/msg/gps_dump__type_support.cpp.o[0m
[221.090s] [ 45%] [32mBuilding CXX object platforms/ros2/CMakeFiles/px4__rosidl_typesupport_fastrtps_cpp.dir/rosidl_typesupport_fastrtps_cpp/px4/msg/detail/dds_fastrtps/estimator_aid_source1d__type_support.cpp.o[0m
[221.291s] [ 45%] [32mBuilding CXX object platforms/ros2/CMakeFiles/px4__rosidl_typesupport_cpp.dir/rosidl_typesupport_cpp/px4/msg/gps_inject_data__type_support.cpp.o[0m
[221.457s] [ 45%] [32mBuilding CXX object platforms/ros2/CMakeFiles/px4__rosidl_typesupport_fastrtps_c.dir/rosidl_typesupport_fastrtps_c/px4/msg/detail/debug_vect__type_support_c.cpp.o[0m
[221.766s] [ 45%] [32mBuilding CXX object platforms/ros2/CMakeFiles/px4__rosidl_typesupport_cpp.dir/rosidl_typesupport_cpp/px4/msg/gripper__type_support.cpp.o[0m
[221.967s] [ 45%] [32mBuilding CXX object platforms/ros2/CMakeFiles/px4__rosidl_typesupport_fastrtps_cpp.dir/rosidl_typesupport_fastrtps_cpp/px4/msg/detail/dds_fastrtps/estimator_aid_source2d__type_support.cpp.o[0m
[222.239s] [ 45%] [32mBuilding CXX object platforms/ros2/CMakeFiles/px4__rosidl_typesupport_cpp.dir/rosidl_typesupport_cpp/px4/msg/health_report__type_support.cpp.o[0m
[222.239s] [ 45%] [32mBuilding CXX object platforms/ros2/CMakeFiles/px4__rosidl_typesupport_fastrtps_c.dir/rosidl_typesupport_fastrtps_c/px4/msg/detail/differential_pressure__type_support_c.cpp.o[0m
[222.757s] [ 45%] [32mBuilding CXX object platforms/ros2/CMakeFiles/px4__rosidl_typesupport_cpp.dir/rosidl_typesupport_cpp/px4/msg/heater_status__type_support.cpp.o[0m
[222.902s] [ 45%] [32mBuilding CXX object platforms/ros2/CMakeFiles/px4__rosidl_typesupport_fastrtps_cpp.dir/rosidl_typesupport_fastrtps_cpp/px4/msg/detail/dds_fastrtps/estimator_aid_source3d__type_support.cpp.o[0m
[223.146s] [ 45%] [32mBuilding CXX object platforms/ros2/CMakeFiles/px4__rosidl_typesupport_fastrtps_c.dir/rosidl_typesupport_fastrtps_c/px4/msg/detail/differential_velocity_setpoint__type_support_c.cpp.o[0m
[223.312s] [ 45%] [32mBuilding CXX object platforms/ros2/CMakeFiles/px4__rosidl_typesupport_cpp.dir/rosidl_typesupport_cpp/px4/msg/hover_thrust_estimate__type_support.cpp.o[0m
[223.839s] [ 45%] [32mBuilding CXX object platforms/ros2/CMakeFiles/px4__rosidl_typesupport_cpp.dir/rosidl_typesupport_cpp/px4/msg/input_rc__type_support.cpp.o[0m
[224.171s] [ 45%] [32mBuilding CXX object platforms/ros2/CMakeFiles/px4__rosidl_typesupport_fastrtps_cpp.dir/rosidl_typesupport_fastrtps_cpp/px4/msg/detail/dds_fastrtps/estimator_bias__type_support.cpp.o[0m
[224.258s] [ 45%] [32mBuilding CXX object platforms/ros2/CMakeFiles/px4__rosidl_typesupport_fastrtps_c.dir/rosidl_typesupport_fastrtps_c/px4/msg/detail/distance_sensor__type_support_c.cpp.o[0m
[224.434s] [ 45%] [32mBuilding CXX object platforms/ros2/CMakeFiles/px4__rosidl_typesupport_cpp.dir/rosidl_typesupport_cpp/px4/msg/internal_combustion_engine_control__type_support.cpp.o[0m
[225.352s] [ 45%] [32mBuilding CXX object platforms/ros2/CMakeFiles/px4__rosidl_typesupport_fastrtps_c.dir/rosidl_typesupport_fastrtps_c/px4/msg/detail/distance_sensor_mode_change_request__type_support_c.cpp.o[0m
[225.363s] [ 45%] [32mBuilding CXX object platforms/ros2/CMakeFiles/px4__rosidl_typesupport_fastrtps_cpp.dir/rosidl_typesupport_fastrtps_cpp/px4/msg/detail/dds_fastrtps/estimator_bias3d__type_support.cpp.o[0m
[225.408s] [ 45%] [32mBuilding CXX object platforms/ros2/CMakeFiles/px4__rosidl_typesupport_cpp.dir/rosidl_typesupport_cpp/px4/msg/internal_combustion_engine_status__type_support.cpp.o[0m
[226.228s] [ 45%] [32mBuilding CXX object platforms/ros2/CMakeFiles/px4__rosidl_typesupport_fastrtps_c.dir/rosidl_typesupport_fastrtps_c/px4/msg/detail/ekf2_timestamps__type_support_c.cpp.o[0m
[226.271s] [ 45%] [32mBuilding CXX object platforms/ros2/CMakeFiles/px4__rosidl_typesupport_cpp.dir/rosidl_typesupport_cpp/px4/msg/iridiumsbd_status__type_support.cpp.o[0m
[227.100s] [ 45%] [32mBuilding CXX object platforms/ros2/CMakeFiles/px4__rosidl_typesupport_fastrtps_cpp.dir/rosidl_typesupport_fastrtps_cpp/px4/msg/detail/dds_fastrtps/estimator_event_flags__type_support.cpp.o[0m
[227.151s] [ 45%] [32mBuilding CXX object platforms/ros2/CMakeFiles/px4__rosidl_typesupport_cpp.dir/rosidl_typesupport_cpp/px4/msg/irlock_report__type_support.cpp.o[0m
[227.407s] [ 45%] [32mBuilding CXX object platforms/ros2/CMakeFiles/px4__rosidl_typesupport_fastrtps_c.dir/rosidl_typesupport_fastrtps_c/px4/msg/detail/esc_report__type_support_c.cpp.o[0m
[227.771s] [ 45%] [32mBuilding CXX object platforms/ros2/CMakeFiles/px4__rosidl_typesupport_cpp.dir/rosidl_typesupport_cpp/px4/msg/landing_gear__type_support.cpp.o[0m
[228.352s] [ 45%] [32mBuilding CXX object platforms/ros2/CMakeFiles/px4__rosidl_typesupport_fastrtps_c.dir/rosidl_typesupport_fastrtps_c/px4/msg/detail/esc_status__type_support_c.cpp.o[0m
[228.369s] [ 45%] [32mBuilding CXX object platforms/ros2/CMakeFiles/px4__rosidl_typesupport_fastrtps_cpp.dir/rosidl_typesupport_fastrtps_cpp/px4/msg/detail/dds_fastrtps/estimator_gps_status__type_support.cpp.o[0m
[228.409s] [ 45%] [32mBuilding CXX object platforms/ros2/CMakeFiles/px4__rosidl_typesupport_cpp.dir/rosidl_typesupport_cpp/px4/msg/landing_gear_wheel__type_support.cpp.o[0m
[229.360s] [ 45%] [32mBuilding CXX object platforms/ros2/CMakeFiles/px4__rosidl_typesupport_cpp.dir/rosidl_typesupport_cpp/px4/msg/landing_target_innovations__type_support.cpp.o[0m
[229.461s] [ 45%] [32mBuilding CXX object platforms/ros2/CMakeFiles/px4__rosidl_typesupport_fastrtps_c.dir/rosidl_typesupport_fastrtps_c/px4/msg/detail/estimator_aid_source1d__type_support_c.cpp.o[0m
[229.927s] [ 45%] [32mBuilding CXX object platforms/ros2/CMakeFiles/px4__rosidl_typesupport_fastrtps_cpp.dir/rosidl_typesupport_fastrtps_cpp/px4/msg/detail/dds_fastrtps/estimator_innovations__type_support.cpp.o[0m
[229.943s] [ 45%] [32mBuilding CXX object platforms/ros2/CMakeFiles/px4__rosidl_typesupport_cpp.dir/rosidl_typesupport_cpp/px4/msg/landing_target_pose__type_support.cpp.o[0m
[230.424s] [ 45%] [32mBuilding CXX object platforms/ros2/CMakeFiles/px4__rosidl_typesupport_fastrtps_c.dir/rosidl_typesupport_fastrtps_c/px4/msg/detail/estimator_aid_source2d__type_support_c.cpp.o[0m
[230.863s] [ 45%] [32mBuilding CXX object platforms/ros2/CMakeFiles/px4__rosidl_typesupport_cpp.dir/rosidl_typesupport_cpp/px4/msg/launch_detection_status__type_support.cpp.o[0m
[231.051s] [ 46%] [32mBuilding CXX object platforms/ros2/CMakeFiles/px4__rosidl_typesupport_fastrtps_cpp.dir/rosidl_typesupport_fastrtps_cpp/px4/msg/detail/dds_fastrtps/estimator_selector_status__type_support.cpp.o[0m
[231.525s] [ 46%] [32mBuilding CXX object platforms/ros2/CMakeFiles/px4__rosidl_typesupport_fastrtps_c.dir/rosidl_typesupport_fastrtps_c/px4/msg/detail/estimator_aid_source3d__type_support_c.cpp.o[0m
[231.839s] [ 46%] [32mBuilding CXX object platforms/ros2/CMakeFiles/px4__rosidl_typesupport_cpp.dir/rosidl_typesupport_cpp/px4/msg/led_control__type_support.cpp.o[0m
[232.122s] [ 46%] [32mBuilding CXX object platforms/ros2/CMakeFiles/px4__rosidl_typesupport_fastrtps_cpp.dir/rosidl_typesupport_fastrtps_cpp/px4/msg/detail/dds_fastrtps/estimator_sensor_bias__type_support.cpp.o[0m
[232.446s] [ 46%] [32mBuilding CXX object platforms/ros2/CMakeFiles/px4__rosidl_typesupport_fastrtps_c.dir/rosidl_typesupport_fastrtps_c/px4/msg/detail/estimator_bias__type_support_c.cpp.o[0m
[233.003s] [ 46%] [32mBuilding CXX object platforms/ros2/CMakeFiles/px4__rosidl_typesupport_cpp.dir/rosidl_typesupport_cpp/px4/msg/log_message__type_support.cpp.o[0m
[233.290s] [ 46%] [32mBuilding CXX object platforms/ros2/CMakeFiles/px4__rosidl_typesupport_fastrtps_cpp.dir/rosidl_typesupport_fastrtps_cpp/px4/msg/detail/dds_fastrtps/estimator_states__type_support.cpp.o[0m
[233.707s] [ 46%] [32mBuilding CXX object platforms/ros2/CMakeFiles/px4__rosidl_typesupport_fastrtps_c.dir/rosidl_typesupport_fastrtps_c/px4/msg/detail/estimator_bias3d__type_support_c.cpp.o[0m
[233.770s] [ 46%] [32mBuilding CXX object platforms/ros2/CMakeFiles/px4__rosidl_typesupport_cpp.dir/rosidl_typesupport_cpp/px4/msg/logger_status__type_support.cpp.o[0m
[234.477s] [ 46%] [32mBuilding CXX object platforms/ros2/CMakeFiles/px4__rosidl_typesupport_cpp.dir/rosidl_typesupport_cpp/px4/msg/mag_worker_data__type_support.cpp.o[0m
[234.579s] [ 48%] [32mBuilding CXX object platforms/ros2/CMakeFiles/px4__rosidl_typesupport_fastrtps_c.dir/rosidl_typesupport_fastrtps_c/px4/msg/detail/estimator_event_flags__type_support_c.cpp.o[0m
[235.021s] [ 48%] [32mBuilding CXX object platforms/ros2/CMakeFiles/px4__rosidl_typesupport_fastrtps_cpp.dir/rosidl_typesupport_fastrtps_cpp/px4/msg/detail/dds_fastrtps/estimator_status__type_support.cpp.o[0m
[235.093s] [ 48%] [32mBuilding CXX object platforms/ros2/CMakeFiles/px4__rosidl_typesupport_cpp.dir/rosidl_typesupport_cpp/px4/msg/magnetometer_bias_estimate__type_support.cpp.o[0m
[235.667s] [ 48%] [32mBuilding CXX object platforms/ros2/CMakeFiles/px4__rosidl_typesupport_fastrtps_c.dir/rosidl_typesupport_fastrtps_c/px4/msg/detail/estimator_gps_status__type_support_c.cpp.o[0m
[235.674s] [ 48%] [32mBuilding CXX object platforms/ros2/CMakeFiles/px4__rosidl_typesupport_cpp.dir/rosidl_typesupport_cpp/px4/msg/manual_control_switches__type_support.cpp.o[0m
[236.322s] [ 48%] [32mBuilding CXX object platforms/ros2/CMakeFiles/px4__rosidl_typesupport_cpp.dir/rosidl_typesupport_cpp/px4/msg/mavlink_log__type_support.cpp.o[0m
[236.519s] [ 48%] [32mBuilding CXX object platforms/ros2/CMakeFiles/px4__rosidl_typesupport_fastrtps_cpp.dir/rosidl_typesupport_fastrtps_cpp/px4/msg/detail/dds_fastrtps/estimator_status_flags__type_support.cpp.o[0m
[236.992s] [ 49%] [32mBuilding CXX object platforms/ros2/CMakeFiles/px4__rosidl_typesupport_cpp.dir/rosidl_typesupport_cpp/px4/msg/mavlink_tunnel__type_support.cpp.o[0m
[237.018s] [ 49%] [32mBuilding CXX object platforms/ros2/CMakeFiles/px4__rosidl_typesupport_fastrtps_c.dir/rosidl_typesupport_fastrtps_c/px4/msg/detail/estimator_innovations__type_support_c.cpp.o[0m
[237.545s] [ 49%] [32mBuilding CXX object platforms/ros2/CMakeFiles/px4__rosidl_typesupport_cpp.dir/rosidl_typesupport_cpp/px4/msg/message_format_request__type_support.cpp.o[0m
[237.827s] [ 49%] [32mBuilding CXX object platforms/ros2/CMakeFiles/px4__rosidl_typesupport_fastrtps_cpp.dir/rosidl_typesupport_fastrtps_cpp/px4/msg/detail/dds_fastrtps/event__type_support.cpp.o[0m
[238.041s] [ 49%] [32mBuilding CXX object platforms/ros2/CMakeFiles/px4__rosidl_typesupport_fastrtps_c.dir/rosidl_typesupport_fastrtps_c/px4/msg/detail/estimator_selector_status__type_support_c.cpp.o[0m
[238.110s] [ 49%] [32mBuilding CXX object platforms/ros2/CMakeFiles/px4__rosidl_typesupport_cpp.dir/rosidl_typesupport_cpp/px4/msg/message_format_response__type_support.cpp.o[0m
[238.814s] [ 49%] [32mBuilding CXX object platforms/ros2/CMakeFiles/px4__rosidl_typesupport_cpp.dir/rosidl_typesupport_cpp/px4/msg/mission__type_support.cpp.o[0m
[238.916s] [ 49%] [32mBuilding CXX object platforms/ros2/CMakeFiles/px4__rosidl_typesupport_fastrtps_cpp.dir/rosidl_typesupport_fastrtps_cpp/px4/msg/detail/dds_fastrtps/failsafe_flags__type_support.cpp.o[0m
[239.032s] [ 49%] [32mBuilding CXX object platforms/ros2/CMakeFiles/px4__rosidl_typesupport_fastrtps_c.dir/rosidl_typesupport_fastrtps_c/px4/msg/detail/estimator_sensor_bias__type_support_c.cpp.o[0m
[239.371s] [ 49%] [32mBuilding CXX object platforms/ros2/CMakeFiles/px4__rosidl_typesupport_cpp.dir/rosidl_typesupport_cpp/px4/msg/mission_result__type_support.cpp.o[0m
[239.840s] [ 49%] [32mBuilding CXX object platforms/ros2/CMakeFiles/px4__rosidl_typesupport_cpp.dir/rosidl_typesupport_cpp/px4/msg/mount_orientation__type_support.cpp.o[0m
[239.908s] [ 49%] [32mBuilding CXX object platforms/ros2/CMakeFiles/px4__rosidl_typesupport_fastrtps_c.dir/rosidl_typesupport_fastrtps_c/px4/msg/detail/estimator_states__type_support_c.cpp.o[0m
[240.095s] [ 49%] [32mBuilding CXX object platforms/ros2/CMakeFiles/px4__rosidl_typesupport_fastrtps_cpp.dir/rosidl_typesupport_fastrtps_cpp/px4/msg/detail/dds_fastrtps/failure_detector_status__type_support.cpp.o[0m
[240.338s] [ 49%] [32mBuilding CXX object platforms/ros2/CMakeFiles/px4__rosidl_typesupport_cpp.dir/rosidl_typesupport_cpp/px4/msg/navigator_mission_item__type_support.cpp.o[0m
[240.923s] [ 49%] [32mBuilding CXX object platforms/ros2/CMakeFiles/px4__rosidl_typesupport_cpp.dir/rosidl_typesupport_cpp/px4/msg/navigator_status__type_support.cpp.o[0m
[240.956s] [ 49%] [32mBuilding CXX object platforms/ros2/CMakeFiles/px4__rosidl_typesupport_fastrtps_c.dir/rosidl_typesupport_fastrtps_c/px4/msg/detail/estimator_status__type_support_c.cpp.o[0m
[241.122s] [ 49%] [32mBuilding CXX object platforms/ros2/CMakeFiles/px4__rosidl_typesupport_fastrtps_cpp.dir/rosidl_typesupport_fastrtps_cpp/px4/msg/detail/dds_fastrtps/figure_eight_status__type_support.cpp.o[0m
[241.569s] [ 49%] [32mBuilding CXX object platforms/ros2/CMakeFiles/px4__rosidl_typesupport_cpp.dir/rosidl_typesupport_cpp/px4/msg/normalized_unsigned_setpoint__type_support.cpp.o[0m
[242.218s] [ 49%] [32mBuilding CXX object platforms/ros2/CMakeFiles/px4__rosidl_typesupport_cpp.dir/rosidl_typesupport_cpp/px4/msg/npfg_status__type_support.cpp.o[0m
[242.246s] [ 49%] [32mBuilding CXX object platforms/ros2/CMakeFiles/px4__rosidl_typesupport_fastrtps_cpp.dir/rosidl_typesupport_fastrtps_cpp/px4/msg/detail/dds_fastrtps/flight_phase_estimation__type_support.cpp.o[0m
[242.484s] [ 49%] [32mBuilding CXX object platforms/ros2/CMakeFiles/px4__rosidl_typesupport_fastrtps_c.dir/rosidl_typesupport_fastrtps_c/px4/msg/detail/estimator_status_flags__type_support_c.cpp.o[0m
[242.847s] [ 49%] [32mBuilding CXX object platforms/ros2/CMakeFiles/px4__rosidl_typesupport_cpp.dir/rosidl_typesupport_cpp/px4/msg/obstacle_distance__type_support.cpp.o[0m
[243.219s] [ 49%] [32mBuilding CXX object platforms/ros2/CMakeFiles/px4__rosidl_typesupport_fastrtps_cpp.dir/rosidl_typesupport_fastrtps_cpp/px4/msg/detail/dds_fastrtps/follow_target__type_support.cpp.o[0m
[243.517s] [ 49%] [32mBuilding CXX object platforms/ros2/CMakeFiles/px4__rosidl_typesupport_cpp.dir/rosidl_typesupport_cpp/px4/msg/offboard_control_mode__type_support.cpp.o[0m
[244.080s] [ 49%] [32mBuilding CXX object platforms/ros2/CMakeFiles/px4__rosidl_typesupport_fastrtps_c.dir/rosidl_typesupport_fastrtps_c/px4/msg/detail/event__type_support_c.cpp.o[0m
[244.161s] [ 49%] [32mBuilding CXX object platforms/ros2/CMakeFiles/px4__rosidl_typesupport_cpp.dir/rosidl_typesupport_cpp/px4/msg/onboard_computer_status__type_support.cpp.o[0m
[244.276s] [ 49%] [32mBuilding CXX object platforms/ros2/CMakeFiles/px4__rosidl_typesupport_fastrtps_cpp.dir/rosidl_typesupport_fastrtps_cpp/px4/msg/detail/dds_fastrtps/follow_target_estimator__type_support.cpp.o[0m
[244.794s] [ 49%] [32mBuilding CXX object platforms/ros2/CMakeFiles/px4__rosidl_typesupport_cpp.dir/rosidl_typesupport_cpp/px4/msg/open_drone_id_arm_status__type_support.cpp.o[0m
[245.048s] [ 49%] [32mBuilding CXX object platforms/ros2/CMakeFiles/px4__rosidl_typesupport_fastrtps_c.dir/rosidl_typesupport_fastrtps_c/px4/msg/detail/failsafe_flags__type_support_c.cpp.o[0m
[245.382s] [ 49%] [32mBuilding CXX object platforms/ros2/CMakeFiles/px4__rosidl_typesupport_cpp.dir/rosidl_typesupport_cpp/px4/msg/open_drone_id_operator_id__type_support.cpp.o[0m
[245.432s] [ 49%] [32mBuilding CXX object platforms/ros2/CMakeFiles/px4__rosidl_typesupport_fastrtps_cpp.dir/rosidl_typesupport_fastrtps_cpp/px4/msg/detail/dds_fastrtps/follow_target_status__type_support.cpp.o[0m
[246.004s] [ 49%] [32mBuilding CXX object platforms/ros2/CMakeFiles/px4__rosidl_typesupport_cpp.dir/rosidl_typesupport_cpp/px4/msg/open_drone_id_self_id__type_support.cpp.o[0m
[246.461s] [ 49%] [32mBuilding CXX object platforms/ros2/CMakeFiles/px4__rosidl_typesupport_fastrtps_c.dir/rosidl_typesupport_fastrtps_c/px4/msg/detail/failure_detector_status__type_support_c.cpp.o[0m
[246.481s] [ 49%] [32mBuilding CXX object platforms/ros2/CMakeFiles/px4__rosidl_typesupport_fastrtps_cpp.dir/rosidl_typesupport_fastrtps_cpp/px4/msg/detail/dds_fastrtps/fuel_tank_status__type_support.cpp.o[0m
[246.618s] [ 49%] [32mBuilding CXX object platforms/ros2/CMakeFiles/px4__rosidl_typesupport_cpp.dir/rosidl_typesupport_cpp/px4/msg/open_drone_id_system__type_support.cpp.o[0m
[247.240s] [ 49%] [32mBuilding CXX object platforms/ros2/CMakeFiles/px4__rosidl_typesupport_cpp.dir/rosidl_typesupport_cpp/px4/msg/orb_test__type_support.cpp.o[0m
[247.436s] [ 49%] [32mBuilding CXX object platforms/ros2/CMakeFiles/px4__rosidl_typesupport_fastrtps_c.dir/rosidl_typesupport_fastrtps_c/px4/msg/detail/figure_eight_status__type_support_c.cpp.o[0m
[247.475s] [ 49%] [32mBuilding CXX object platforms/ros2/CMakeFiles/px4__rosidl_typesupport_fastrtps_cpp.dir/rosidl_typesupport_fastrtps_cpp/px4/msg/detail/dds_fastrtps/generator_status__type_support.cpp.o[0m
[247.851s] [ 49%] [32mBuilding CXX object platforms/ros2/CMakeFiles/px4__rosidl_typesupport_cpp.dir/rosidl_typesupport_cpp/px4/msg/orb_test_large__type_support.cpp.o[0m
[248.480s] [ 49%] [32mBuilding CXX object platforms/ros2/CMakeFiles/px4__rosidl_typesupport_cpp.dir/rosidl_typesupport_cpp/px4/msg/orb_test_medium__type_support.cpp.o[0m
[248.508s] [ 49%] [32mBuilding CXX object platforms/ros2/CMakeFiles/px4__rosidl_typesupport_fastrtps_cpp.dir/rosidl_typesupport_fastrtps_cpp/px4/msg/detail/dds_fastrtps/geofence_result__type_support.cpp.o[0m
[248.535s] [ 49%] [32mBuilding CXX object platforms/ros2/CMakeFiles/px4__rosidl_typesupport_fastrtps_c.dir/rosidl_typesupport_fastrtps_c/px4/msg/detail/flight_phase_estimation__type_support_c.cpp.o[0m
[249.088s] [ 49%] [32mBuilding CXX object platforms/ros2/CMakeFiles/px4__rosidl_typesupport_cpp.dir/rosidl_typesupport_cpp/px4/msg/orbit_status__type_support.cpp.o[0m
[249.457s] [ 49%] [32mBuilding CXX object platforms/ros2/CMakeFiles/px4__rosidl_typesupport_fastrtps_c.dir/rosidl_typesupport_fastrtps_c/px4/msg/detail/follow_target__type_support_c.cpp.o[0m
[249.533s] [ 49%] [32mBuilding CXX object platforms/ros2/CMakeFiles/px4__rosidl_typesupport_fastrtps_cpp.dir/rosidl_typesupport_fastrtps_cpp/px4/msg/detail/dds_fastrtps/geofence_status__type_support.cpp.o[0m
[249.840s] [ 49%] [32mBuilding CXX object platforms/ros2/CMakeFiles/px4__rosidl_typesupport_cpp.dir/rosidl_typesupport_cpp/px4/msg/parameter_reset_request__type_support.cpp.o[0m
[250.542s] [ 49%] [32mBuilding CXX object platforms/ros2/CMakeFiles/px4__rosidl_typesupport_cpp.dir/rosidl_typesupport_cpp/px4/msg/parameter_set_used_request__type_support.cpp.o[0m
[250.633s] [ 49%] [32mBuilding CXX object platforms/ros2/CMakeFiles/px4__rosidl_typesupport_fastrtps_c.dir/rosidl_typesupport_fastrtps_c/px4/msg/detail/follow_target_estimator__type_support_c.cpp.o[0m
[250.643s] [ 49%] [32mBuilding CXX object platforms/ros2/CMakeFiles/px4__rosidl_typesupport_fastrtps_cpp.dir/rosidl_typesupport_fastrtps_cpp/px4/msg/detail/dds_fastrtps/gimbal_controls__type_support.cpp.o[0m
[251.199s] [ 49%] [32mBuilding CXX object platforms/ros2/CMakeFiles/px4__rosidl_typesupport_cpp.dir/rosidl_typesupport_cpp/px4/msg/parameter_set_value_request__type_support.cpp.o[0m
[251.697s] [ 49%] [32mBuilding CXX object platforms/ros2/CMakeFiles/px4__rosidl_typesupport_fastrtps_cpp.dir/rosidl_typesupport_fastrtps_cpp/px4/msg/detail/dds_fastrtps/gimbal_device_attitude_status__type_support.cpp.o[0m
[251.717s] [ 49%] [32mBuilding CXX object platforms/ros2/CMakeFiles/px4__rosidl_typesupport_fastrtps_c.dir/rosidl_typesupport_fastrtps_c/px4/msg/detail/follow_target_status__type_support_c.cpp.o[0m
[251.841s] [ 49%] [32mBuilding CXX object platforms/ros2/CMakeFiles/px4__rosidl_typesupport_cpp.dir/rosidl_typesupport_cpp/px4/msg/parameter_set_value_response__type_support.cpp.o[0m
[252.520s] [ 49%] [32mBuilding CXX object platforms/ros2/CMakeFiles/px4__rosidl_typesupport_cpp.dir/rosidl_typesupport_cpp/px4/msg/parameter_update__type_support.cpp.o[0m
[252.755s] [ 49%] [32mBuilding CXX object platforms/ros2/CMakeFiles/px4__rosidl_typesupport_fastrtps_c.dir/rosidl_typesupport_fastrtps_c/px4/msg/detail/fuel_tank_status__type_support_c.cpp.o[0m
[252.866s] [ 49%] [32mBuilding CXX object platforms/ros2/CMakeFiles/px4__rosidl_typesupport_fastrtps_cpp.dir/rosidl_typesupport_fastrtps_cpp/px4/msg/detail/dds_fastrtps/gimbal_device_information__type_support.cpp.o[0m
[253.219s] [ 49%] [32mBuilding CXX object platforms/ros2/CMakeFiles/px4__rosidl_typesupport_cpp.dir/rosidl_typesupport_cpp/px4/msg/ping__type_support.cpp.o[0m
[253.873s] [ 49%] [32mBuilding CXX object platforms/ros2/CMakeFiles/px4__rosidl_typesupport_cpp.dir/rosidl_typesupport_cpp/px4/msg/position_controller_landing_status__type_support.cpp.o[0m
[253.928s] [ 49%] [32mBuilding CXX object platforms/ros2/CMakeFiles/px4__rosidl_typesupport_fastrtps_c.dir/rosidl_typesupport_fastrtps_c/px4/msg/detail/generator_status__type_support_c.cpp.o[0m
[254.002s] [ 49%] [32mBuilding CXX object platforms/ros2/CMakeFiles/px4__rosidl_typesupport_fastrtps_cpp.dir/rosidl_typesupport_fastrtps_cpp/px4/msg/detail/dds_fastrtps/gimbal_device_set_attitude__type_support.cpp.o[0m
[254.481s] [ 49%] [32mBuilding CXX object platforms/ros2/CMakeFiles/px4__rosidl_typesupport_cpp.dir/rosidl_typesupport_cpp/px4/msg/position_controller_status__type_support.cpp.o[0m
[254.945s] [ 49%] [32mBuilding CXX object platforms/ros2/CMakeFiles/px4__rosidl_typesupport_fastrtps_c.dir/rosidl_typesupport_fastrtps_c/px4/msg/detail/geofence_result__type_support_c.cpp.o[0m
[255.116s] [ 50%] [32mBuilding CXX object platforms/ros2/CMakeFiles/px4__rosidl_typesupport_cpp.dir/rosidl_typesupport_cpp/px4/msg/position_setpoint__type_support.cpp.o[0m
[255.138s] [ 50%] [32mBuilding CXX object platforms/ros2/CMakeFiles/px4__rosidl_typesupport_fastrtps_cpp.dir/rosidl_typesupport_fastrtps_cpp/px4/msg/detail/dds_fastrtps/gimbal_manager_information__type_support.cpp.o[0m
[255.791s] [ 50%] [32mBuilding CXX object platforms/ros2/CMakeFiles/px4__rosidl_typesupport_cpp.dir/rosidl_typesupport_cpp/px4/msg/position_setpoint_triplet__type_support.cpp.o[0m
[255.919s] [ 50%] [32mBuilding CXX object platforms/ros2/CMakeFiles/px4__rosidl_typesupport_fastrtps_c.dir/rosidl_typesupport_fastrtps_c/px4/msg/detail/geofence_status__type_support_c.cpp.o[0m
[256.235s] [ 50%] [32mBuilding CXX object platforms/ros2/CMakeFiles/px4__rosidl_typesupport_fastrtps_cpp.dir/rosidl_typesupport_fastrtps_cpp/px4/msg/detail/dds_fastrtps/gimbal_manager_set_attitude__type_support.cpp.o[0m
[256.444s] [ 50%] [32mBuilding CXX object platforms/ros2/CMakeFiles/px4__rosidl_typesupport_cpp.dir/rosidl_typesupport_cpp/px4/msg/power_button_state__type_support.cpp.o[0m
[256.929s] [ 50%] [32mBuilding CXX object platforms/ros2/CMakeFiles/px4__rosidl_typesupport_fastrtps_c.dir/rosidl_typesupport_fastrtps_c/px4/msg/detail/gimbal_controls__type_support_c.cpp.o[0m
[257.208s] [ 50%] [32mBuilding CXX object platforms/ros2/CMakeFiles/px4__rosidl_typesupport_cpp.dir/rosidl_typesupport_cpp/px4/msg/power_monitor__type_support.cpp.o[0m
[257.346s] [ 50%] [32mBuilding CXX object platforms/ros2/CMakeFiles/px4__rosidl_typesupport_fastrtps_cpp.dir/rosidl_typesupport_fastrtps_cpp/px4/msg/detail/dds_fastrtps/gimbal_manager_set_manual_control__type_support.cpp.o[0m
[257.816s] [ 50%] [32mBuilding CXX object platforms/ros2/CMakeFiles/px4__rosidl_typesupport_cpp.dir/rosidl_typesupport_cpp/px4/msg/pps_capture__type_support.cpp.o[0m
[257.840s] [ 50%] [32mBuilding CXX object platforms/ros2/CMakeFiles/px4__rosidl_typesupport_fastrtps_c.dir/rosidl_typesupport_fastrtps_c/px4/msg/detail/gimbal_device_attitude_status__type_support_c.cpp.o[0m
[258.417s] [ 50%] [32mBuilding CXX object platforms/ros2/CMakeFiles/px4__rosidl_typesupport_cpp.dir/rosidl_typesupport_cpp/px4/msg/pure_pursuit_status__type_support.cpp.o[0m
[258.478s] [ 50%] [32mBuilding CXX object platforms/ros2/CMakeFiles/px4__rosidl_typesupport_fastrtps_cpp.dir/rosidl_typesupport_fastrtps_cpp/px4/msg/detail/dds_fastrtps/gimbal_manager_status__type_support.cpp.o[0m
[258.912s] [ 50%] [32mBuilding CXX object platforms/ros2/CMakeFiles/px4__rosidl_typesupport_fastrtps_c.dir/rosidl_typesupport_fastrtps_c/px4/msg/detail/gimbal_device_information__type_support_c.cpp.o[0m
[258.990s] [ 50%] [32mBuilding CXX object platforms/ros2/CMakeFiles/px4__rosidl_typesupport_cpp.dir/rosidl_typesupport_cpp/px4/msg/pwm_input__type_support.cpp.o[0m
[259.606s] [ 50%] [32mBuilding CXX object platforms/ros2/CMakeFiles/px4__rosidl_typesupport_fastrtps_cpp.dir/rosidl_typesupport_fastrtps_cpp/px4/msg/detail/dds_fastrtps/gpio_config__type_support.cpp.o[0m
[259.627s] [ 50%] [32mBuilding CXX object platforms/ros2/CMakeFiles/px4__rosidl_typesupport_cpp.dir/rosidl_typesupport_cpp/px4/msg/px4io_status__type_support.cpp.o[0m
[260.078s] [ 50%] [32mBuilding CXX object platforms/ros2/CMakeFiles/px4__rosidl_typesupport_fastrtps_c.dir/rosidl_typesupport_fastrtps_c/px4/msg/detail/gimbal_device_set_attitude__type_support_c.cpp.o[0m
[260.479s] [ 50%] [32mBuilding CXX object platforms/ros2/CMakeFiles/px4__rosidl_typesupport_cpp.dir/rosidl_typesupport_cpp/px4/msg/qshell_req__type_support.cpp.o[0m
[260.739s] [ 50%] [32mBuilding CXX object platforms/ros2/CMakeFiles/px4__rosidl_typesupport_fastrtps_cpp.dir/rosidl_typesupport_fastrtps_cpp/px4/msg/detail/dds_fastrtps/gpio_in__type_support.cpp.o[0m
[261.184s] [ 50%] [32mBuilding CXX object platforms/ros2/CMakeFiles/px4__rosidl_typesupport_cpp.dir/rosidl_typesupport_cpp/px4/msg/qshell_retval__type_support.cpp.o[0m
[261.379s] [ 50%] [32mBuilding CXX object platforms/ros2/CMakeFiles/px4__rosidl_typesupport_fastrtps_c.dir/rosidl_typesupport_fastrtps_c/px4/msg/detail/gimbal_manager_information__type_support_c.cpp.o[0m
[261.855s] [ 50%] [32mBuilding CXX object platforms/ros2/CMakeFiles/px4__rosidl_typesupport_cpp.dir/rosidl_typesupport_cpp/px4/msg/radio_status__type_support.cpp.o[0m
[261.889s] [ 50%] [32mBuilding CXX object platforms/ros2/CMakeFiles/px4__rosidl_typesupport_fastrtps_cpp.dir/rosidl_typesupport_fastrtps_cpp/px4/msg/detail/dds_fastrtps/gpio_out__type_support.cpp.o[0m
[262.496s] [ 50%] [32mBuilding CXX object platforms/ros2/CMakeFiles/px4__rosidl_typesupport_fastrtps_c.dir/rosidl_typesupport_fastrtps_c/px4/msg/detail/gimbal_manager_set_attitude__type_support_c.cpp.o[0m
[262.650s] [ 50%] [32mBuilding CXX object platforms/ros2/CMakeFiles/px4__rosidl_typesupport_cpp.dir/rosidl_typesupport_cpp/px4/msg/rate_ctrl_status__type_support.cpp.o[0m
[262.924s] [ 50%] [32mBuilding CXX object platforms/ros2/CMakeFiles/px4__rosidl_typesupport_fastrtps_cpp.dir/rosidl_typesupport_fastrtps_cpp/px4/msg/detail/dds_fastrtps/gpio_request__type_support.cpp.o[0m
[263.296s] [ 50%] [32mBuilding CXX object platforms/ros2/CMakeFiles/px4__rosidl_typesupport_cpp.dir/rosidl_typesupport_cpp/px4/msg/rc_channels__type_support.cpp.o[0m
[263.677s] [ 50%] [32mBuilding CXX object platforms/ros2/CMakeFiles/px4__rosidl_typesupport_fastrtps_c.dir/rosidl_typesupport_fastrtps_c/px4/msg/detail/gimbal_manager_set_manual_control__type_support_c.cpp.o[0m
[263.981s] [ 51%] [32mBuilding CXX object platforms/ros2/CMakeFiles/px4__rosidl_typesupport_fastrtps_cpp.dir/rosidl_typesupport_fastrtps_cpp/px4/msg/detail/dds_fastrtps/gps_dump__type_support.cpp.o[0m
[264.009s] [ 51%] [32mBuilding CXX object platforms/ros2/CMakeFiles/px4__rosidl_typesupport_cpp.dir/rosidl_typesupport_cpp/px4/msg/rc_parameter_map__type_support.cpp.o[0m
[264.660s] [ 51%] [32mBuilding CXX object platforms/ros2/CMakeFiles/px4__rosidl_typesupport_cpp.dir/rosidl_typesupport_cpp/px4/msg/rover_attitude_setpoint__type_support.cpp.o[0m
[264.812s] [ 51%] [32mBuilding CXX object platforms/ros2/CMakeFiles/px4__rosidl_typesupport_fastrtps_c.dir/rosidl_typesupport_fastrtps_c/px4/msg/detail/gimbal_manager_status__type_support_c.cpp.o[0m
[265.133s] [ 51%] [32mBuilding CXX object platforms/ros2/CMakeFiles/px4__rosidl_typesupport_fastrtps_cpp.dir/rosidl_typesupport_fastrtps_cpp/px4/msg/detail/dds_fastrtps/gps_inject_data__type_support.cpp.o[0m
[265.398s] [ 51%] [32mBuilding CXX object platforms/ros2/CMakeFiles/px4__rosidl_typesupport_cpp.dir/rosidl_typesupport_cpp/px4/msg/rover_attitude_status__type_support.cpp.o[0m
[266.028s] [ 51%] [32mBuilding CXX object platforms/ros2/CMakeFiles/px4__rosidl_typesupport_fastrtps_c.dir/rosidl_typesupport_fastrtps_c/px4/msg/detail/gpio_config__type_support_c.cpp.o[0m
[266.093s] [ 51%] [32mBuilding CXX object platforms/ros2/CMakeFiles/px4__rosidl_typesupport_cpp.dir/rosidl_typesupport_cpp/px4/msg/rover_position_setpoint__type_support.cpp.o[0m
[266.214s] [ 51%] [32mBuilding CXX object platforms/ros2/CMakeFiles/px4__rosidl_typesupport_fastrtps_cpp.dir/rosidl_typesupport_fastrtps_cpp/px4/msg/detail/dds_fastrtps/gripper__type_support.cpp.o[0m
[266.758s] [ 51%] [32mBuilding CXX object platforms/ros2/CMakeFiles/px4__rosidl_typesupport_cpp.dir/rosidl_typesupport_cpp/px4/msg/rover_rate_setpoint__type_support.cpp.o[0m
[267.083s] [ 53%] [32mBuilding CXX object platforms/ros2/CMakeFiles/px4__rosidl_typesupport_fastrtps_c.dir/rosidl_typesupport_fastrtps_c/px4/msg/detail/gpio_in__type_support_c.cpp.o[0m
[267.341s] [ 53%] [32mBuilding CXX object platforms/ros2/CMakeFiles/px4__rosidl_typesupport_fastrtps_cpp.dir/rosidl_typesupport_fastrtps_cpp/px4/msg/detail/dds_fastrtps/health_report__type_support.cpp.o[0m
[267.405s] [ 53%] [32mBuilding CXX object platforms/ros2/CMakeFiles/px4__rosidl_typesupport_cpp.dir/rosidl_typesupport_cpp/px4/msg/rover_rate_status__type_support.cpp.o[0m
[268.121s] [ 53%] [32mBuilding CXX object platforms/ros2/CMakeFiles/px4__rosidl_typesupport_cpp.dir/rosidl_typesupport_cpp/px4/msg/rover_steering_setpoint__type_support.cpp.o[0m
[268.207s] [ 53%] [32mBuilding CXX object platforms/ros2/CMakeFiles/px4__rosidl_typesupport_fastrtps_c.dir/rosidl_typesupport_fastrtps_c/px4/msg/detail/gpio_out__type_support_c.cpp.o[0m
[268.376s] [ 53%] [32mBuilding CXX object platforms/ros2/CMakeFiles/px4__rosidl_typesupport_fastrtps_cpp.dir/rosidl_typesupport_fastrtps_cpp/px4/msg/detail/dds_fastrtps/heater_status__type_support.cpp.o[0m
[268.769s] [ 53%] [32mBuilding CXX object platforms/ros2/CMakeFiles/px4__rosidl_typesupport_cpp.dir/rosidl_typesupport_cpp/px4/msg/rover_throttle_setpoint__type_support.cpp.o[0m
[269.288s] [ 53%] [32mBuilding CXX object platforms/ros2/CMakeFiles/px4__rosidl_typesupport_fastrtps_c.dir/rosidl_typesupport_fastrtps_c/px4/msg/detail/gpio_request__type_support_c.cpp.o[0m
[269.383s] [ 53%] [32mBuilding CXX object platforms/ros2/CMakeFiles/px4__rosidl_typesupport_cpp.dir/rosidl_typesupport_cpp/px4/msg/rover_velocity_status__type_support.cpp.o[0m
[269.494s] [ 53%] [32mBuilding CXX object platforms/ros2/CMakeFiles/px4__rosidl_typesupport_fastrtps_cpp.dir/rosidl_typesupport_fastrtps_cpp/px4/msg/detail/dds_fastrtps/hover_thrust_estimate__type_support.cpp.o[0m
[270.110s] [ 53%] [32mBuilding CXX object platforms/ros2/CMakeFiles/px4__rosidl_typesupport_cpp.dir/rosidl_typesupport_cpp/px4/msg/rpm__type_support.cpp.o[0m
[270.264s] [ 53%] [32mBuilding CXX object platforms/ros2/CMakeFiles/px4__rosidl_typesupport_fastrtps_c.dir/rosidl_typesupport_fastrtps_c/px4/msg/detail/gps_dump__type_support_c.cpp.o[0m
[270.587s] [ 53%] [32mBuilding CXX object platforms/ros2/CMakeFiles/px4__rosidl_typesupport_fastrtps_cpp.dir/rosidl_typesupport_fastrtps_cpp/px4/msg/detail/dds_fastrtps/input_rc__type_support.cpp.o[0m
[270.772s] [ 53%] [32mBuilding CXX object platforms/ros2/CMakeFiles/px4__rosidl_typesupport_cpp.dir/rosidl_typesupport_cpp/px4/msg/rtl_status__type_support.cpp.o[0m
[271.219s] [ 53%] [32mBuilding CXX object platforms/ros2/CMakeFiles/px4__rosidl_typesupport_fastrtps_c.dir/rosidl_typesupport_fastrtps_c/px4/msg/detail/gps_inject_data__type_support_c.cpp.o[0m
[271.481s] [ 53%] [32mBuilding CXX object platforms/ros2/CMakeFiles/px4__rosidl_typesupport_cpp.dir/rosidl_typesupport_cpp/px4/msg/rtl_time_estimate__type_support.cpp.o[0m
[271.799s] [ 53%] [32mBuilding CXX object platforms/ros2/CMakeFiles/px4__rosidl_typesupport_fastrtps_cpp.dir/rosidl_typesupport_fastrtps_cpp/px4/msg/detail/dds_fastrtps/internal_combustion_engine_control__type_support.cpp.o[0m
[272.185s] [ 53%] [32mBuilding CXX object platforms/ros2/CMakeFiles/px4__rosidl_typesupport_fastrtps_c.dir/rosidl_typesupport_fastrtps_c/px4/msg/detail/gripper__type_support_c.cpp.o[0m
[272.333s] [ 53%] [32mBuilding CXX object platforms/ros2/CMakeFiles/px4__rosidl_typesupport_cpp.dir/rosidl_typesupport_cpp/px4/msg/satellite_info__type_support.cpp.o[0m
[272.929s] [ 53%] [32mBuilding CXX object platforms/ros2/CMakeFiles/px4__rosidl_typesupport_fastrtps_cpp.dir/rosidl_typesupport_fastrtps_cpp/px4/msg/detail/dds_fastrtps/internal_combustion_engine_status__type_support.cpp.o[0m
[273.013s] [ 53%] [32mBuilding CXX object platforms/ros2/CMakeFiles/px4__rosidl_typesupport_cpp.dir/rosidl_typesupport_cpp/px4/msg/sensor_accel__type_support.cpp.o[0m
[273.115s] [ 53%] [32mBuilding CXX object platforms/ros2/CMakeFiles/px4__rosidl_typesupport_fastrtps_c.dir/rosidl_typesupport_fastrtps_c/px4/msg/detail/health_report__type_support_c.cpp.o[0m
[273.670s] [ 53%] [32mBuilding CXX object platforms/ros2/CMakeFiles/px4__rosidl_typesupport_cpp.dir/rosidl_typesupport_cpp/px4/msg/sensor_accel_fifo__type_support.cpp.o[0m
[274.138s] [ 53%] [32mBuilding CXX object platforms/ros2/CMakeFiles/px4__rosidl_typesupport_fastrtps_cpp.dir/rosidl_typesupport_fastrtps_cpp/px4/msg/detail/dds_fastrtps/iridiumsbd_status__type_support.cpp.o[0m
[274.212s] [ 53%] [32mBuilding CXX object platforms/ros2/CMakeFiles/px4__rosidl_typesupport_fastrtps_c.dir/rosidl_typesupport_fastrtps_c/px4/msg/detail/heater_status__type_support_c.cpp.o[0m
[274.321s] [ 53%] [32mBuilding CXX object platforms/ros2/CMakeFiles/px4__rosidl_typesupport_cpp.dir/rosidl_typesupport_cpp/px4/msg/sensor_airflow__type_support.cpp.o[0m
[274.946s] [ 54%] [32mBuilding CXX object platforms/ros2/CMakeFiles/px4__rosidl_typesupport_cpp.dir/rosidl_typesupport_cpp/px4/msg/sensor_baro__type_support.cpp.o[0m
[275.235s] [ 54%] [32mBuilding CXX object platforms/ros2/CMakeFiles/px4__rosidl_typesupport_fastrtps_cpp.dir/rosidl_typesupport_fastrtps_cpp/px4/msg/detail/dds_fastrtps/irlock_report__type_support.cpp.o[0m
[275.260s] [ 54%] [32mBuilding CXX object platforms/ros2/CMakeFiles/px4__rosidl_typesupport_fastrtps_c.dir/rosidl_typesupport_fastrtps_c/px4/msg/detail/hover_thrust_estimate__type_support_c.cpp.o[0m
[275.564s] [ 54%] [32mBuilding CXX object platforms/ros2/CMakeFiles/px4__rosidl_typesupport_cpp.dir/rosidl_typesupport_cpp/px4/msg/sensor_combined__type_support.cpp.o[0m
[276.200s] [ 54%] [32mBuilding CXX object platforms/ros2/CMakeFiles/px4__rosidl_typesupport_fastrtps_cpp.dir/rosidl_typesupport_fastrtps_cpp/px4/msg/detail/dds_fastrtps/landing_gear__type_support.cpp.o[0m
[276.273s] [ 54%] [32mBuilding CXX object platforms/ros2/CMakeFiles/px4__rosidl_typesupport_fastrtps_c.dir/rosidl_typesupport_fastrtps_c/px4/msg/detail/input_rc__type_support_c.cpp.o[0m
[276.324s] [ 54%] [32mBuilding CXX object platforms/ros2/CMakeFiles/px4__rosidl_typesupport_cpp.dir/rosidl_typesupport_cpp/px4/msg/sensor_correction__type_support.cpp.o[0m
[276.985s] [ 54%] [32mBuilding CXX object platforms/ros2/CMakeFiles/px4__rosidl_typesupport_cpp.dir/rosidl_typesupport_cpp/px4/msg/sensor_gnss_relative__type_support.cpp.o[0m
[277.168s] [ 54%] [32mBuilding CXX object platforms/ros2/CMakeFiles/px4__rosidl_typesupport_fastrtps_cpp.dir/rosidl_typesupport_fastrtps_cpp/px4/msg/detail/dds_fastrtps/landing_gear_wheel__type_support.cpp.o[0m
[277.384s] [ 54%] [32mBuilding CXX object platforms/ros2/CMakeFiles/px4__rosidl_typesupport_fastrtps_c.dir/rosidl_typesupport_fastrtps_c/px4/msg/detail/internal_combustion_engine_control__type_support_c.cpp.o[0m
[277.610s] [ 54%] [32mBuilding CXX object platforms/ros2/CMakeFiles/px4__rosidl_typesupport_cpp.dir/rosidl_typesupport_cpp/px4/msg/sensor_gps__type_support.cpp.o[0m
[278.243s] [ 54%] [32mBuilding CXX object platforms/ros2/CMakeFiles/px4__rosidl_typesupport_fastrtps_cpp.dir/rosidl_typesupport_fastrtps_cpp/px4/msg/detail/dds_fastrtps/landing_target_innovations__type_support.cpp.o[0m
[278.269s] [ 54%] [32mBuilding CXX object platforms/ros2/CMakeFiles/px4__rosidl_typesupport_cpp.dir/rosidl_typesupport_cpp/px4/msg/sensor_gyro__type_support.cpp.o[0m
[278.480s] [ 54%] [32mBuilding CXX object platforms/ros2/CMakeFiles/px4__rosidl_typesupport_fastrtps_c.dir/rosidl_typesupport_fastrtps_c/px4/msg/detail/internal_combustion_engine_status__type_support_c.cpp.o[0m
[279.111s] [ 54%] [32mBuilding CXX object platforms/ros2/CMakeFiles/px4__rosidl_typesupport_cpp.dir/rosidl_typesupport_cpp/px4/msg/sensor_gyro_fft__type_support.cpp.o[0m
[279.273s] [ 54%] [32mBuilding CXX object platforms/ros2/CMakeFiles/px4__rosidl_typesupport_fastrtps_cpp.dir/rosidl_typesupport_fastrtps_cpp/px4/msg/detail/dds_fastrtps/landing_target_pose__type_support.cpp.o[0m
[279.695s] [ 54%] [32mBuilding CXX object platforms/ros2/CMakeFiles/px4__rosidl_typesupport_fastrtps_c.dir/rosidl_typesupport_fastrtps_c/px4/msg/detail/iridiumsbd_status__type_support_c.cpp.o[0m
[279.818s] [ 54%] [32mBuilding CXX object platforms/ros2/CMakeFiles/px4__rosidl_typesupport_cpp.dir/rosidl_typesupport_cpp/px4/msg/sensor_gyro_fifo__type_support.cpp.o[0m
[280.420s] [ 54%] [32mBuilding CXX object platforms/ros2/CMakeFiles/px4__rosidl_typesupport_fastrtps_cpp.dir/rosidl_typesupport_fastrtps_cpp/px4/msg/detail/dds_fastrtps/launch_detection_status__type_support.cpp.o[0m
[280.538s] [ 54%] [32mBuilding CXX object platforms/ros2/CMakeFiles/px4__rosidl_typesupport_cpp.dir/rosidl_typesupport_cpp/px4/msg/sensor_hygrometer__type_support.cpp.o[0m
[280.891s] [ 54%] [32mBuilding CXX object platforms/ros2/CMakeFiles/px4__rosidl_typesupport_fastrtps_c.dir/rosidl_typesupport_fastrtps_c/px4/msg/detail/irlock_report__type_support_c.cpp.o[0m
[281.142s] [ 54%] [32mBuilding CXX object platforms/ros2/CMakeFiles/px4__rosidl_typesupport_cpp.dir/rosidl_typesupport_cpp/px4/msg/sensor_mag__type_support.cpp.o[0m
[281.556s] [ 54%] [32mBuilding CXX object platforms/ros2/CMakeFiles/px4__rosidl_typesupport_fastrtps_cpp.dir/rosidl_typesupport_fastrtps_cpp/px4/msg/detail/dds_fastrtps/led_control__type_support.cpp.o[0m
[281.763s] [ 54%] [32mBuilding CXX object platforms/ros2/CMakeFiles/px4__rosidl_typesupport_cpp.dir/rosidl_typesupport_cpp/px4/msg/sensor_optical_flow__type_support.cpp.o[0m
[282.059s] [ 54%] [32mBuilding CXX object platforms/ros2/CMakeFiles/px4__rosidl_typesupport_fastrtps_c.dir/rosidl_typesupport_fastrtps_c/px4/msg/detail/landing_gear__type_support_c.cpp.o[0m
[282.424s] [ 54%] [32mBuilding CXX object platforms/ros2/CMakeFiles/px4__rosidl_typesupport_cpp.dir/rosidl_typesupport_cpp/px4/msg/sensor_preflight_mag__type_support.cpp.o[0m
[282.601s] [ 54%] [32mBuilding CXX object platforms/ros2/CMakeFiles/px4__rosidl_typesupport_fastrtps_cpp.dir/rosidl_typesupport_fastrtps_cpp/px4/msg/detail/dds_fastrtps/log_message__type_support.cpp.o[0m
[283.053s] [ 54%] [32mBuilding CXX object platforms/ros2/CMakeFiles/px4__rosidl_typesupport_cpp.dir/rosidl_typesupport_cpp/px4/msg/sensor_selection__type_support.cpp.o[0m
[283.164s] [ 54%] [32mBuilding CXX object platforms/ros2/CMakeFiles/px4__rosidl_typesupport_fastrtps_c.dir/rosidl_typesupport_fastrtps_c/px4/msg/detail/landing_gear_wheel__type_support_c.cpp.o[0m
[283.734s] [ 54%] [32mBuilding CXX object platforms/ros2/CMakeFiles/px4__rosidl_typesupport_cpp.dir/rosidl_typesupport_cpp/px4/msg/sensor_uwb__type_support.cpp.o[0m
[283.781s] [ 54%] [32mBuilding CXX object platforms/ros2/CMakeFiles/px4__rosidl_typesupport_fastrtps_cpp.dir/rosidl_typesupport_fastrtps_cpp/px4/msg/detail/dds_fastrtps/logger_status__type_support.cpp.o[0m
[284.193s] [ 54%] [32mBuilding CXX object platforms/ros2/CMakeFiles/px4__rosidl_typesupport_fastrtps_c.dir/rosidl_typesupport_fastrtps_c/px4/msg/detail/landing_target_innovations__type_support_c.cpp.o[0m
[284.351s] [ 54%] [32mBuilding CXX object platforms/ros2/CMakeFiles/px4__rosidl_typesupport_cpp.dir/rosidl_typesupport_cpp/px4/msg/sensors_status__type_support.cpp.o[0m
[284.937s] [ 54%] [32mBuilding CXX object platforms/ros2/CMakeFiles/px4__rosidl_typesupport_fastrtps_cpp.dir/rosidl_typesupport_fastrtps_cpp/px4/msg/detail/dds_fastrtps/mag_worker_data__type_support.cpp.o[0m
[284.986s] [ 54%] [32mBuilding CXX object platforms/ros2/CMakeFiles/px4__rosidl_typesupport_cpp.dir/rosidl_typesupport_cpp/px4/msg/sensors_status_imu__type_support.cpp.o[0m
[285.495s] [ 54%] [32mBuilding CXX object platforms/ros2/CMakeFiles/px4__rosidl_typesupport_fastrtps_c.dir/rosidl_typesupport_fastrtps_c/px4/msg/detail/landing_target_pose__type_support_c.cpp.o[0m
[285.613s] [ 54%] [32mBuilding CXX object platforms/ros2/CMakeFiles/px4__rosidl_typesupport_cpp.dir/rosidl_typesupport_cpp/px4/msg/system_power__type_support.cpp.o[0m
[286.001s] [ 54%] [32mBuilding CXX object platforms/ros2/CMakeFiles/px4__rosidl_typesupport_fastrtps_cpp.dir/rosidl_typesupport_fastrtps_cpp/px4/msg/detail/dds_fastrtps/magnetometer_bias_estimate__type_support.cpp.o[0m
[286.209s] [ 54%] [32mBuilding CXX object platforms/ros2/CMakeFiles/px4__rosidl_typesupport_cpp.dir/rosidl_typesupport_cpp/px4/msg/takeoff_status__type_support.cpp.o[0m
[286.578s] [ 54%] [32mBuilding CXX object platforms/ros2/CMakeFiles/px4__rosidl_typesupport_fastrtps_c.dir/rosidl_typesupport_fastrtps_c/px4/msg/detail/launch_detection_status__type_support_c.cpp.o[0m
[286.773s] [ 54%] [32mBuilding CXX object platforms/ros2/CMakeFiles/px4__rosidl_typesupport_cpp.dir/rosidl_typesupport_cpp/px4/msg/task_stack_info__type_support.cpp.o[0m
[287.018s] [ 54%] [32mBuilding CXX object platforms/ros2/CMakeFiles/px4__rosidl_typesupport_fastrtps_cpp.dir/rosidl_typesupport_fastrtps_cpp/px4/msg/detail/dds_fastrtps/manual_control_switches__type_support.cpp.o[0m
[287.363s] [ 54%] [32mBuilding CXX object platforms/ros2/CMakeFiles/px4__rosidl_typesupport_cpp.dir/rosidl_typesupport_cpp/px4/msg/tecs_status__type_support.cpp.o[0m
[287.559s] [ 54%] [32mBuilding CXX object platforms/ros2/CMakeFiles/px4__rosidl_typesupport_fastrtps_c.dir/rosidl_typesupport_fastrtps_c/px4/msg/detail/led_control__type_support_c.cpp.o[0m
[288.213s] [ 54%] [32mBuilding CXX object platforms/ros2/CMakeFiles/px4__rosidl_typesupport_cpp.dir/rosidl_typesupport_cpp/px4/msg/telemetry_status__type_support.cpp.o[0m
[288.250s] [ 54%] [32mBuilding CXX object platforms/ros2/CMakeFiles/px4__rosidl_typesupport_fastrtps_cpp.dir/rosidl_typesupport_fastrtps_cpp/px4/msg/detail/dds_fastrtps/mavlink_log__type_support.cpp.o[0m
[288.702s] [ 54%] [32mBuilding CXX object platforms/ros2/CMakeFiles/px4__rosidl_typesupport_fastrtps_c.dir/rosidl_typesupport_fastrtps_c/px4/msg/detail/log_message__type_support_c.cpp.o[0m
[288.846s] [ 54%] [32mBuilding CXX object platforms/ros2/CMakeFiles/px4__rosidl_typesupport_cpp.dir/rosidl_typesupport_cpp/px4/msg/tiltrotor_extra_controls__type_support.cpp.o[0m
[289.220s] [ 54%] [32mBuilding CXX object platforms/ros2/CMakeFiles/px4__rosidl_typesupport_fastrtps_cpp.dir/rosidl_typesupport_fastrtps_cpp/px4/msg/detail/dds_fastrtps/mavlink_tunnel__type_support.cpp.o[0m
[289.490s] [ 54%] [32mBuilding CXX object platforms/ros2/CMakeFiles/px4__rosidl_typesupport_cpp.dir/rosidl_typesupport_cpp/px4/msg/timesync_status__type_support.cpp.o[0m
[289.661s] [ 54%] [32mBuilding CXX object platforms/ros2/CMakeFiles/px4__rosidl_typesupport_fastrtps_c.dir/rosidl_typesupport_fastrtps_c/px4/msg/detail/logger_status__type_support_c.cpp.o[0m
[290.188s] [ 54%] [32mBuilding CXX object platforms/ros2/CMakeFiles/px4__rosidl_typesupport_cpp.dir/rosidl_typesupport_cpp/px4/msg/trajectory_setpoint6dof__type_support.cpp.o[0m
[290.294s] [ 54%] [32mBuilding CXX object platforms/ros2/CMakeFiles/px4__rosidl_typesupport_fastrtps_cpp.dir/rosidl_typesupport_fastrtps_cpp/px4/msg/detail/dds_fastrtps/message_format_request__type_support.cpp.o[0m
[290.791s] [ 54%] [32mBuilding CXX object platforms/ros2/CMakeFiles/px4__rosidl_typesupport_fastrtps_c.dir/rosidl_typesupport_fastrtps_c/px4/msg/detail/mag_worker_data__type_support_c.cpp.o[0m
[290.837s] [ 54%] [32mBuilding CXX object platforms/ros2/CMakeFiles/px4__rosidl_typesupport_cpp.dir/rosidl_typesupport_cpp/px4/msg/transponder_report__type_support.cpp.o[0m
[291.325s] [ 54%] [32mBuilding CXX object platforms/ros2/CMakeFiles/px4__rosidl_typesupport_fastrtps_cpp.dir/rosidl_typesupport_fastrtps_cpp/px4/msg/detail/dds_fastrtps/message_format_response__type_support.cpp.o[0m
[291.496s] [ 54%] [32mBuilding CXX object platforms/ros2/CMakeFiles/px4__rosidl_typesupport_cpp.dir/rosidl_typesupport_cpp/px4/msg/tune_control__type_support.cpp.o[0m
[291.886s] [ 54%] [32mBuilding CXX object platforms/ros2/CMakeFiles/px4__rosidl_typesupport_fastrtps_c.dir/rosidl_typesupport_fastrtps_c/px4/msg/detail/magnetometer_bias_estimate__type_support_c.cpp.o[0m
[292.102s] [ 54%] [32mBuilding CXX object platforms/ros2/CMakeFiles/px4__rosidl_typesupport_cpp.dir/rosidl_typesupport_cpp/px4/msg/uavcan_parameter_request__type_support.cpp.o[0m
[292.455s] [ 54%] [32mBuilding CXX object platforms/ros2/CMakeFiles/px4__rosidl_typesupport_fastrtps_cpp.dir/rosidl_typesupport_fastrtps_cpp/px4/msg/detail/dds_fastrtps/mission__type_support.cpp.o[0m
[292.735s] [ 54%] [32mBuilding CXX object platforms/ros2/CMakeFiles/px4__rosidl_typesupport_cpp.dir/rosidl_typesupport_cpp/px4/msg/uavcan_parameter_value__type_support.cpp.o[0m
[292.988s] [ 54%] [32mBuilding CXX object platforms/ros2/CMakeFiles/px4__rosidl_typesupport_fastrtps_c.dir/rosidl_typesupport_fastrtps_c/px4/msg/detail/manual_control_switches__type_support_c.cpp.o[0m
[293.420s] [ 54%] [32mBuilding CXX object platforms/ros2/CMakeFiles/px4__rosidl_typesupport_cpp.dir/rosidl_typesupport_cpp/px4/msg/ulog_stream__type_support.cpp.o[0m
[293.537s] [ 54%] [32mBuilding CXX object platforms/ros2/CMakeFiles/px4__rosidl_typesupport_fastrtps_cpp.dir/rosidl_typesupport_fastrtps_cpp/px4/msg/detail/dds_fastrtps/mission_result__type_support.cpp.o[0m
[294.011s] [ 55%] [32mBuilding CXX object platforms/ros2/CMakeFiles/px4__rosidl_typesupport_cpp.dir/rosidl_typesupport_cpp/px4/msg/ulog_stream_ack__type_support.cpp.o[0m
[294.403s] [ 55%] [32mBuilding CXX object platforms/ros2/CMakeFiles/px4__rosidl_typesupport_fastrtps_c.dir/rosidl_typesupport_fastrtps_c/px4/msg/detail/mavlink_log__type_support_c.cpp.o[0m
[294.663s] [ 55%] [32mBuilding CXX object platforms/ros2/CMakeFiles/px4__rosidl_typesupport_fastrtps_cpp.dir/rosidl_typesupport_fastrtps_cpp/px4/msg/detail/dds_fastrtps/mount_orientation__type_support.cpp.o[0m
[294.683s] [ 55%] [32mBuilding CXX object platforms/ros2/CMakeFiles/px4__rosidl_typesupport_cpp.dir/rosidl_typesupport_cpp/px4/msg/vehicle_acceleration__type_support.cpp.o[0m
[295.248s] [ 55%] [32mBuilding CXX object platforms/ros2/CMakeFiles/px4__rosidl_typesupport_cpp.dir/rosidl_typesupport_cpp/px4/msg/vehicle_air_data__type_support.cpp.o[0m
[295.361s] [ 55%] [32mBuilding CXX object platforms/ros2/CMakeFiles/px4__rosidl_typesupport_fastrtps_c.dir/rosidl_typesupport_fastrtps_c/px4/msg/detail/mavlink_tunnel__type_support_c.cpp.o[0m
[295.710s] [ 56%] [32mBuilding CXX object platforms/ros2/CMakeFiles/px4__rosidl_typesupport_fastrtps_cpp.dir/rosidl_typesupport_fastrtps_cpp/px4/msg/detail/dds_fastrtps/navigator_mission_item__type_support.cpp.o[0m
[295.888s] [ 56%] [32mBuilding CXX object platforms/ros2/CMakeFiles/px4__rosidl_typesupport_cpp.dir/rosidl_typesupport_cpp/px4/msg/vehicle_angular_acceleration_setpoint__type_support.cpp.o[0m
[296.457s] [ 56%] [32mBuilding CXX object platforms/ros2/CMakeFiles/px4__rosidl_typesupport_fastrtps_c.dir/rosidl_typesupport_fastrtps_c/px4/msg/detail/message_format_request__type_support_c.cpp.o[0m
[296.568s] [ 56%] [32mBuilding CXX object platforms/ros2/CMakeFiles/px4__rosidl_typesupport_cpp.dir/rosidl_typesupport_cpp/px4/msg/vehicle_constraints__type_support.cpp.o[0m
[296.837s] [ 56%] [32mBuilding CXX object platforms/ros2/CMakeFiles/px4__rosidl_typesupport_fastrtps_cpp.dir/rosidl_typesupport_fastrtps_cpp/px4/msg/detail/dds_fastrtps/navigator_status__type_support.cpp.o[0m
[297.151s] [ 56%] [32mBuilding CXX object platforms/ros2/CMakeFiles/px4__rosidl_typesupport_cpp.dir/rosidl_typesupport_cpp/px4/msg/vehicle_imu__type_support.cpp.o[0m
[297.409s] [ 56%] [32mBuilding CXX object platforms/ros2/CMakeFiles/px4__rosidl_typesupport_fastrtps_c.dir/rosidl_typesupport_fastrtps_c/px4/msg/detail/message_format_response__type_support_c.cpp.o[0m
[297.759s] [ 56%] [32mBuilding CXX object platforms/ros2/CMakeFiles/px4__rosidl_typesupport_cpp.dir/rosidl_typesupport_cpp/px4/msg/vehicle_imu_status__type_support.cpp.o[0m
[297.846s] [ 56%] [32mBuilding CXX object platforms/ros2/CMakeFiles/px4__rosidl_typesupport_fastrtps_cpp.dir/rosidl_typesupport_fastrtps_cpp/px4/msg/detail/dds_fastrtps/normalized_unsigned_setpoint__type_support.cpp.o[0m
[298.330s] [ 58%] [32mBuilding CXX object platforms/ros2/CMakeFiles/px4__rosidl_typesupport_fastrtps_c.dir/rosidl_typesupport_fastrtps_c/px4/msg/detail/mission__type_support_c.cpp.o[0m
[298.448s] [ 58%] [32mBuilding CXX object platforms/ros2/CMakeFiles/px4__rosidl_typesupport_cpp.dir/rosidl_typesupport_cpp/px4/msg/vehicle_local_position_setpoint__type_support.cpp.o[0m
[298.831s] [ 58%] [32mBuilding CXX object platforms/ros2/CMakeFiles/px4__rosidl_typesupport_fastrtps_cpp.dir/rosidl_typesupport_fastrtps_cpp/px4/msg/detail/dds_fastrtps/npfg_status__type_support.cpp.o[0m
[299.111s] [ 58%] [32mBuilding CXX object platforms/ros2/CMakeFiles/px4__rosidl_typesupport_cpp.dir/rosidl_typesupport_cpp/px4/msg/vehicle_magnetometer__type_support.cpp.o[0m
[299.368s] [ 58%] [32mBuilding CXX object platforms/ros2/CMakeFiles/px4__rosidl_typesupport_fastrtps_c.dir/rosidl_typesupport_fastrtps_c/px4/msg/detail/mission_result__type_support_c.cpp.o[0m
[299.725s] [ 58%] [32mBuilding CXX object platforms/ros2/CMakeFiles/px4__rosidl_typesupport_cpp.dir/rosidl_typesupport_cpp/px4/msg/vehicle_optical_flow__type_support.cpp.o[0m
[299.919s] [ 58%] [32mBuilding CXX object platforms/ros2/CMakeFiles/px4__rosidl_typesupport_fastrtps_cpp.dir/rosidl_typesupport_fastrtps_cpp/px4/msg/detail/dds_fastrtps/obstacle_distance__type_support.cpp.o[0m
[300.477s] [ 58%] [32mBuilding CXX object platforms/ros2/CMakeFiles/px4__rosidl_typesupport_cpp.dir/rosidl_typesupport_cpp/px4/msg/vehicle_optical_flow_vel__type_support.cpp.o[0m
[300.596s] [ 58%] [32mBuilding CXX object platforms/ros2/CMakeFiles/px4__rosidl_typesupport_fastrtps_c.dir/rosidl_typesupport_fastrtps_c/px4/msg/detail/mount_orientation__type_support_c.cpp.o[0m
[301.127s] [ 58%] [32mBuilding CXX object platforms/ros2/CMakeFiles/px4__rosidl_typesupport_fastrtps_cpp.dir/rosidl_typesupport_fastrtps_cpp/px4/msg/detail/dds_fastrtps/offboard_control_mode__type_support.cpp.o[0m
[301.148s] [ 58%] [32mBuilding CXX object platforms/ros2/CMakeFiles/px4__rosidl_typesupport_cpp.dir/rosidl_typesupport_cpp/px4/msg/vehicle_roi__type_support.cpp.o[0m
[301.676s] [ 58%] [32mBuilding CXX object platforms/ros2/CMakeFiles/px4__rosidl_typesupport_fastrtps_c.dir/rosidl_typesupport_fastrtps_c/px4/msg/detail/navigator_mission_item__type_support_c.cpp.o[0m
[301.811s] [ 58%] [32mBuilding CXX object platforms/ros2/CMakeFiles/px4__rosidl_typesupport_cpp.dir/rosidl_typesupport_cpp/px4/msg/vehicle_thrust_setpoint__type_support.cpp.o[0m
[302.194s] [ 58%] [32mBuilding CXX object platforms/ros2/CMakeFiles/px4__rosidl_typesupport_fastrtps_cpp.dir/rosidl_typesupport_fastrtps_cpp/px4/msg/detail/dds_fastrtps/onboard_computer_status__type_support.cpp.o[0m
[302.459s] [ 58%] [32mBuilding CXX object platforms/ros2/CMakeFiles/px4__rosidl_typesupport_cpp.dir/rosidl_typesupport_cpp/px4/msg/vehicle_torque_setpoint__type_support.cpp.o[0m
[302.794s] [ 58%] [32mBuilding CXX object platforms/ros2/CMakeFiles/px4__rosidl_typesupport_fastrtps_c.dir/rosidl_typesupport_fastrtps_c/px4/msg/detail/navigator_status__type_support_c.cpp.o[0m
[303.229s] [ 58%] [32mBuilding CXX object platforms/ros2/CMakeFiles/px4__rosidl_typesupport_cpp.dir/rosidl_typesupport_cpp/px4/msg/velocity_limits__type_support.cpp.o[0m
[303.507s] [ 58%] [32mBuilding CXX object platforms/ros2/CMakeFiles/px4__rosidl_typesupport_fastrtps_cpp.dir/rosidl_typesupport_fastrtps_cpp/px4/msg/detail/dds_fastrtps/open_drone_id_arm_status__type_support.cpp.o[0m
[303.775s] [ 58%] [32mBuilding CXX object platforms/ros2/CMakeFiles/px4__rosidl_typesupport_fastrtps_c.dir/rosidl_typesupport_fastrtps_c/px4/msg/detail/normalized_unsigned_setpoint__type_support_c.cpp.o[0m
[303.897s] [ 58%] [32mBuilding CXX object platforms/ros2/CMakeFiles/px4__rosidl_typesupport_cpp.dir/rosidl_typesupport_cpp/px4/msg/wheel_encoders__type_support.cpp.o[0m
[304.532s] [ 58%] [32mBuilding CXX object platforms/ros2/CMakeFiles/px4__rosidl_typesupport_cpp.dir/rosidl_typesupport_cpp/px4/msg/wind__type_support.cpp.o[0m
[304.661s] [ 58%] [32mBuilding CXX object platforms/ros2/CMakeFiles/px4__rosidl_typesupport_fastrtps_cpp.dir/rosidl_typesupport_fastrtps_cpp/px4/msg/detail/dds_fastrtps/open_drone_id_operator_id__type_support.cpp.o[0m
[304.916s] [ 58%] [32mBuilding CXX object platforms/ros2/CMakeFiles/px4__rosidl_typesupport_fastrtps_c.dir/rosidl_typesupport_fastrtps_c/px4/msg/detail/npfg_status__type_support_c.cpp.o[0m
[305.155s] [ 58%] [32mBuilding CXX object platforms/ros2/CMakeFiles/px4__rosidl_typesupport_cpp.dir/rosidl_typesupport_cpp/px4/msg/yaw_estimator_status__type_support.cpp.o[0m
[305.606s] [ 58%] [32mBuilding CXX object platforms/ros2/CMakeFiles/px4__rosidl_typesupport_fastrtps_cpp.dir/rosidl_typesupport_fastrtps_cpp/px4/msg/detail/dds_fastrtps/open_drone_id_self_id__type_support.cpp.o[0m
[305.760s] [ 58%] [32mBuilding CXX object platforms/ros2/CMakeFiles/px4__rosidl_typesupport_cpp.dir/rosidl_typesupport_cpp/px4/msg/actuator_motors__type_support.cpp.o[0m
[306.025s] [ 58%] [32mBuilding CXX object platforms/ros2/CMakeFiles/px4__rosidl_typesupport_fastrtps_c.dir/rosidl_typesupport_fastrtps_c/px4/msg/detail/obstacle_distance__type_support_c.cpp.o[0m
[306.381s] [ 58%] [32mBuilding CXX object platforms/ros2/CMakeFiles/px4__rosidl_typesupport_cpp.dir/rosidl_typesupport_cpp/px4/msg/actuator_servos__type_support.cpp.o[0m
[306.860s] [ 58%] [32mBuilding CXX object platforms/ros2/CMakeFiles/px4__rosidl_typesupport_fastrtps_cpp.dir/rosidl_typesupport_fastrtps_cpp/px4/msg/detail/dds_fastrtps/open_drone_id_system__type_support.cpp.o[0m
[307.063s] [ 58%] [32mBuilding CXX object platforms/ros2/CMakeFiles/px4__rosidl_typesupport_cpp.dir/rosidl_typesupport_cpp/px4/msg/airspeed_validated__type_support.cpp.o[0m
[307.068s] [ 58%] [32mBuilding CXX object platforms/ros2/CMakeFiles/px4__rosidl_typesupport_fastrtps_c.dir/rosidl_typesupport_fastrtps_c/px4/msg/detail/offboard_control_mode__type_support_c.cpp.o[0m
[307.698s] [ 58%] [32mBuilding CXX object platforms/ros2/CMakeFiles/px4__rosidl_typesupport_cpp.dir/rosidl_typesupport_cpp/px4/msg/arming_check_reply__type_support.cpp.o[0m
[308.118s] [ 58%] [32mBuilding CXX object platforms/ros2/CMakeFiles/px4__rosidl_typesupport_fastrtps_cpp.dir/rosidl_typesupport_fastrtps_cpp/px4/msg/detail/dds_fastrtps/orb_test__type_support.cpp.o[0m
[308.219s] [ 58%] [32mBuilding CXX object platforms/ros2/CMakeFiles/px4__rosidl_typesupport_fastrtps_c.dir/rosidl_typesupport_fastrtps_c/px4/msg/detail/onboard_computer_status__type_support_c.cpp.o[0m
[308.361s] [ 58%] [32mBuilding CXX object platforms/ros2/CMakeFiles/px4__rosidl_typesupport_cpp.dir/rosidl_typesupport_cpp/px4/msg/arming_check_request__type_support.cpp.o[0m
[309.018s] [ 58%] [32mBuilding CXX object platforms/ros2/CMakeFiles/px4__rosidl_typesupport_cpp.dir/rosidl_typesupport_cpp/px4/msg/battery_status__type_support.cpp.o[0m
[309.098s] [ 58%] [32mBuilding CXX object platforms/ros2/CMakeFiles/px4__rosidl_typesupport_fastrtps_cpp.dir/rosidl_typesupport_fastrtps_cpp/px4/msg/detail/dds_fastrtps/orb_test_large__type_support.cpp.o[0m
[309.297s] [ 58%] [32mBuilding CXX object platforms/ros2/CMakeFiles/px4__rosidl_typesupport_fastrtps_c.dir/rosidl_typesupport_fastrtps_c/px4/msg/detail/open_drone_id_arm_status__type_support_c.cpp.o[0m
[309.666s] [ 58%] [32mBuilding CXX object platforms/ros2/CMakeFiles/px4__rosidl_typesupport_cpp.dir/rosidl_typesupport_cpp/px4/msg/config_overrides__type_support.cpp.o[0m
[310.190s] [ 58%] [32mBuilding CXX object platforms/ros2/CMakeFiles/px4__rosidl_typesupport_fastrtps_cpp.dir/rosidl_typesupport_fastrtps_cpp/px4/msg/detail/dds_fastrtps/orb_test_medium__type_support.cpp.o[0m
[310.332s] [ 58%] [32mBuilding CXX object platforms/ros2/CMakeFiles/px4__rosidl_typesupport_cpp.dir/rosidl_typesupport_cpp/px4/msg/goto_setpoint__type_support.cpp.o[0m
[310.345s] [ 58%] [32mBuilding CXX object platforms/ros2/CMakeFiles/px4__rosidl_typesupport_fastrtps_c.dir/rosidl_typesupport_fastrtps_c/px4/msg/detail/open_drone_id_operator_id__type_support_c.cpp.o[0m
[310.963s] [ 58%] [32mBuilding CXX object platforms/ros2/CMakeFiles/px4__rosidl_typesupport_cpp.dir/rosidl_typesupport_cpp/px4/msg/home_position__type_support.cpp.o[0m
[311.461s] [ 58%] [32mBuilding CXX object platforms/ros2/CMakeFiles/px4__rosidl_typesupport_fastrtps_c.dir/rosidl_typesupport_fastrtps_c/px4/msg/detail/open_drone_id_self_id__type_support_c.cpp.o[0m
[311.479s] [ 58%] [32mBuilding CXX object platforms/ros2/CMakeFiles/px4__rosidl_typesupport_fastrtps_cpp.dir/rosidl_typesupport_fastrtps_cpp/px4/msg/detail/dds_fastrtps/orbit_status__type_support.cpp.o[0m
[311.638s] [ 58%] [32mBuilding CXX object platforms/ros2/CMakeFiles/px4__rosidl_typesupport_cpp.dir/rosidl_typesupport_cpp/px4/msg/manual_control_setpoint__type_support.cpp.o[0m
[312.220s] [ 58%] [32mBuilding CXX object platforms/ros2/CMakeFiles/px4__rosidl_typesupport_cpp.dir/rosidl_typesupport_cpp/px4/msg/mode_completed__type_support.cpp.o[0m
[312.452s] [ 58%] [32mBuilding CXX object platforms/ros2/CMakeFiles/px4__rosidl_typesupport_fastrtps_c.dir/rosidl_typesupport_fastrtps_c/px4/msg/detail/open_drone_id_system__type_support_c.cpp.o[0m
[312.522s] [ 58%] [32mBuilding CXX object platforms/ros2/CMakeFiles/px4__rosidl_typesupport_fastrtps_cpp.dir/rosidl_typesupport_fastrtps_cpp/px4/msg/detail/dds_fastrtps/parameter_reset_request__type_support.cpp.o[0m
[312.868s] [ 59%] [32mBuilding CXX object platforms/ros2/CMakeFiles/px4__rosidl_typesupport_cpp.dir/rosidl_typesupport_cpp/px4/msg/register_ext_component_reply__type_support.cpp.o[0m
[313.601s] [ 59%] [32mBuilding CXX object platforms/ros2/CMakeFiles/px4__rosidl_typesupport_fastrtps_c.dir/rosidl_typesupport_fastrtps_c/px4/msg/detail/orb_test__type_support_c.cpp.o[0m
[313.673s] [ 59%] [32mBuilding CXX object platforms/ros2/CMakeFiles/px4__rosidl_typesupport_fastrtps_cpp.dir/rosidl_typesupport_fastrtps_cpp/px4/msg/detail/dds_fastrtps/parameter_set_used_request__type_support.cpp.o[0m
[313.706s] [ 59%] [32mBuilding CXX object platforms/ros2/CMakeFiles/px4__rosidl_typesupport_cpp.dir/rosidl_typesupport_cpp/px4/msg/register_ext_component_request__type_support.cpp.o[0m
[314.325s] [ 59%] [32mBuilding CXX object platforms/ros2/CMakeFiles/px4__rosidl_typesupport_cpp.dir/rosidl_typesupport_cpp/px4/msg/trajectory_setpoint__type_support.cpp.o[0m
[314.591s] [ 59%] [32mBuilding CXX object platforms/ros2/CMakeFiles/px4__rosidl_typesupport_fastrtps_c.dir/rosidl_typesupport_fastrtps_c/px4/msg/detail/orb_test_large__type_support_c.cpp.o[0m
[314.861s] [ 59%] [32mBuilding CXX object platforms/ros2/CMakeFiles/px4__rosidl_typesupport_fastrtps_cpp.dir/rosidl_typesupport_fastrtps_cpp/px4/msg/detail/dds_fastrtps/parameter_set_value_request__type_support.cpp.o[0m
[314.926s] [ 59%] [32mBuilding CXX object platforms/ros2/CMakeFiles/px4__rosidl_typesupport_cpp.dir/rosidl_typesupport_cpp/px4/msg/unregister_ext_component__type_support.cpp.o[0m
[315.538s] [ 59%] [32mBuilding CXX object platforms/ros2/CMakeFiles/px4__rosidl_typesupport_cpp.dir/rosidl_typesupport_cpp/px4/msg/vehicle_angular_velocity__type_support.cpp.o[0m
[315.592s] [ 59%] [32mBuilding CXX object platforms/ros2/CMakeFiles/px4__rosidl_typesupport_fastrtps_c.dir/rosidl_typesupport_fastrtps_c/px4/msg/detail/orb_test_medium__type_support_c.cpp.o[0m
[315.876s] [ 59%] [32mBuilding CXX object platforms/ros2/CMakeFiles/px4__rosidl_typesupport_fastrtps_cpp.dir/rosidl_typesupport_fastrtps_cpp/px4/msg/detail/dds_fastrtps/parameter_set_value_response__type_support.cpp.o[0m
[316.143s] [ 59%] [32mBuilding CXX object platforms/ros2/CMakeFiles/px4__rosidl_typesupport_cpp.dir/rosidl_typesupport_cpp/px4/msg/vehicle_attitude__type_support.cpp.o[0m
[316.628s] [ 59%] [32mBuilding CXX object platforms/ros2/CMakeFiles/px4__rosidl_typesupport_fastrtps_c.dir/rosidl_typesupport_fastrtps_c/px4/msg/detail/orbit_status__type_support_c.cpp.o[0m
[316.818s] [ 59%] [32mBuilding CXX object platforms/ros2/CMakeFiles/px4__rosidl_typesupport_cpp.dir/rosidl_typesupport_cpp/px4/msg/vehicle_attitude_setpoint__type_support.cpp.o[0m
[316.826s] [ 59%] [32mBuilding CXX object platforms/ros2/CMakeFiles/px4__rosidl_typesupport_fastrtps_cpp.dir/rosidl_typesupport_fastrtps_cpp/px4/msg/detail/dds_fastrtps/parameter_update__type_support.cpp.o[0m
[317.425s] [ 59%] [32mBuilding CXX object platforms/ros2/CMakeFiles/px4__rosidl_typesupport_cpp.dir/rosidl_typesupport_cpp/px4/msg/vehicle_command__type_support.cpp.o[0m
[317.703s] [ 59%] [32mBuilding CXX object platforms/ros2/CMakeFiles/px4__rosidl_typesupport_fastrtps_c.dir/rosidl_typesupport_fastrtps_c/px4/msg/detail/parameter_reset_request__type_support_c.cpp.o[0m
[317.839s] [ 59%] [32mBuilding CXX object platforms/ros2/CMakeFiles/px4__rosidl_typesupport_fastrtps_cpp.dir/rosidl_typesupport_fastrtps_cpp/px4/msg/detail/dds_fastrtps/ping__type_support.cpp.o[0m
[318.058s] [ 59%] [32mBuilding CXX object platforms/ros2/CMakeFiles/px4__rosidl_typesupport_cpp.dir/rosidl_typesupport_cpp/px4/msg/vehicle_command_ack__type_support.cpp.o[0m
[318.710s] [ 59%] [32mBuilding CXX object platforms/ros2/CMakeFiles/px4__rosidl_typesupport_cpp.dir/rosidl_typesupport_cpp/px4/msg/vehicle_control_mode__type_support.cpp.o[0m
[318.751s] [ 59%] [32mBuilding CXX object platforms/ros2/CMakeFiles/px4__rosidl_typesupport_fastrtps_c.dir/rosidl_typesupport_fastrtps_c/px4/msg/detail/parameter_set_used_request__type_support_c.cpp.o[0m
[318.953s] [ 59%] [32mBuilding CXX object platforms/ros2/CMakeFiles/px4__rosidl_typesupport_fastrtps_cpp.dir/rosidl_typesupport_fastrtps_cpp/px4/msg/detail/dds_fastrtps/position_controller_landing_status__type_support.cpp.o[0m
[319.352s] [ 59%] [32mBuilding CXX object platforms/ros2/CMakeFiles/px4__rosidl_typesupport_cpp.dir/rosidl_typesupport_cpp/px4/msg/vehicle_global_position__type_support.cpp.o[0m
[319.742s] [ 59%] [32mBuilding CXX object platforms/ros2/CMakeFiles/px4__rosidl_typesupport_fastrtps_c.dir/rosidl_typesupport_fastrtps_c/px4/msg/detail/parameter_set_value_request__type_support_c.cpp.o[0m
[319.959s] [ 59%] [32mBuilding CXX object platforms/ros2/CMakeFiles/px4__rosidl_typesupport_cpp.dir/rosidl_typesupport_cpp/px4/msg/vehicle_land_detected__type_support.cpp.o[0m
[320.155s] [ 59%] [32mBuilding CXX object platforms/ros2/CMakeFiles/px4__rosidl_typesupport_fastrtps_cpp.dir/rosidl_typesupport_fastrtps_cpp/px4/msg/detail/dds_fastrtps/position_controller_status__type_support.cpp.o[0m
[320.590s] [ 59%] [32mBuilding CXX object platforms/ros2/CMakeFiles/px4__rosidl_typesupport_cpp.dir/rosidl_typesupport_cpp/px4/msg/vehicle_local_position__type_support.cpp.o[0m
[320.810s] [ 59%] [32mBuilding CXX object platforms/ros2/CMakeFiles/px4__rosidl_typesupport_fastrtps_c.dir/rosidl_typesupport_fastrtps_c/px4/msg/detail/parameter_set_value_response__type_support_c.cpp.o[0m
[321.274s] [ 59%] [32mBuilding CXX object platforms/ros2/CMakeFiles/px4__rosidl_typesupport_fastrtps_cpp.dir/rosidl_typesupport_fastrtps_cpp/px4/msg/detail/dds_fastrtps/position_setpoint__type_support.cpp.o[0m
[321.307s] [ 59%] [32mBuilding CXX object platforms/ros2/CMakeFiles/px4__rosidl_typesupport_cpp.dir/rosidl_typesupport_cpp/px4/msg/vehicle_odometry__type_support.cpp.o[0m
[321.843s] [ 59%] [32mBuilding CXX object platforms/ros2/CMakeFiles/px4__rosidl_typesupport_fastrtps_c.dir/rosidl_typesupport_fastrtps_c/px4/msg/detail/parameter_update__type_support_c.cpp.o[0m
[321.993s] [ 59%] [32mBuilding CXX object platforms/ros2/CMakeFiles/px4__rosidl_typesupport_cpp.dir/rosidl_typesupport_cpp/px4/msg/vehicle_rates_setpoint__type_support.cpp.o[0m
[322.480s] [ 59%] [32mBuilding CXX object platforms/ros2/CMakeFiles/px4__rosidl_typesupport_fastrtps_cpp.dir/rosidl_typesupport_fastrtps_cpp/px4/msg/detail/dds_fastrtps/position_setpoint_triplet__type_support.cpp.o[0m
[322.645s] [ 59%] [32mBuilding CXX object platforms/ros2/CMakeFiles/px4__rosidl_typesupport_cpp.dir/rosidl_typesupport_cpp/px4/msg/vehicle_status__type_support.cpp.o[0m
[323.064s] [ 59%] [32mBuilding CXX object platforms/ros2/CMakeFiles/px4__rosidl_typesupport_fastrtps_c.dir/rosidl_typesupport_fastrtps_c/px4/msg/detail/ping__type_support_c.cpp.o[0m
[323.329s] [ 59%] [32mBuilding CXX object platforms/ros2/CMakeFiles/px4__rosidl_typesupport_cpp.dir/rosidl_typesupport_cpp/px4/msg/vtol_vehicle_status__type_support.cpp.o[0m
[323.667s] [ 59%] [32mBuilding CXX object platforms/ros2/CMakeFiles/px4__rosidl_typesupport_fastrtps_cpp.dir/rosidl_typesupport_fastrtps_cpp/px4/msg/detail/dds_fastrtps/power_button_state__type_support.cpp.o[0m
[324.001s] [ 59%] [32m[1mLinking CXX shared library libpx4__rosidl_typesupport_cpp.so[0m
[324.176s] [ 59%] [32mBuilding CXX object platforms/ros2/CMakeFiles/px4__rosidl_typesupport_fastrtps_c.dir/rosidl_typesupport_fastrtps_c/px4/msg/detail/position_controller_landing_status__type_support_c.cpp.o[0m
[324.345s] [ 59%] Built target px4__rosidl_typesupport_cpp
[324.755s] [ 59%] [32mBuilding CXX object platforms/ros2/CMakeFiles/px4__rosidl_typesupport_fastrtps_cpp.dir/rosidl_typesupport_fastrtps_cpp/px4/msg/detail/dds_fastrtps/power_monitor__type_support.cpp.o[0m
[325.143s] [ 59%] [32mBuilding CXX object platforms/ros2/CMakeFiles/px4__rosidl_typesupport_fastrtps_c.dir/rosidl_typesupport_fastrtps_c/px4/msg/detail/position_controller_status__type_support_c.cpp.o[0m
[325.770s] [ 59%] [32mBuilding CXX object platforms/ros2/CMakeFiles/px4__rosidl_typesupport_fastrtps_cpp.dir/rosidl_typesupport_fastrtps_cpp/px4/msg/detail/dds_fastrtps/pps_capture__type_support.cpp.o[0m
[326.114s] [ 59%] [32mBuilding CXX object platforms/ros2/CMakeFiles/px4__rosidl_typesupport_fastrtps_c.dir/rosidl_typesupport_fastrtps_c/px4/msg/detail/position_setpoint__type_support_c.cpp.o[0m
[326.706s] [ 59%] [32mBuilding CXX object platforms/ros2/CMakeFiles/px4__rosidl_typesupport_fastrtps_cpp.dir/rosidl_typesupport_fastrtps_cpp/px4/msg/detail/dds_fastrtps/pure_pursuit_status__type_support.cpp.o[0m
[327.209s] [ 59%] [32mBuilding CXX object platforms/ros2/CMakeFiles/px4__rosidl_typesupport_fastrtps_c.dir/rosidl_typesupport_fastrtps_c/px4/msg/detail/position_setpoint_triplet__type_support_c.cpp.o[0m
[327.759s] [ 60%] [32mBuilding CXX object platforms/ros2/CMakeFiles/px4__rosidl_typesupport_fastrtps_cpp.dir/rosidl_typesupport_fastrtps_cpp/px4/msg/detail/dds_fastrtps/pwm_input__type_support.cpp.o[0m
[328.130s] [ 60%] [32mBuilding CXX object platforms/ros2/CMakeFiles/px4__rosidl_typesupport_fastrtps_c.dir/rosidl_typesupport_fastrtps_c/px4/msg/detail/power_button_state__type_support_c.cpp.o[0m
[328.716s] [ 60%] [32mBuilding CXX object platforms/ros2/CMakeFiles/px4__rosidl_typesupport_fastrtps_cpp.dir/rosidl_typesupport_fastrtps_cpp/px4/msg/detail/dds_fastrtps/px4io_status__type_support.cpp.o[0m
[329.009s] [ 62%] [32mBuilding CXX object platforms/ros2/CMakeFiles/px4__rosidl_typesupport_fastrtps_c.dir/rosidl_typesupport_fastrtps_c/px4/msg/detail/power_monitor__type_support_c.cpp.o[0m
[329.924s] [ 62%] [32mBuilding CXX object platforms/ros2/CMakeFiles/px4__rosidl_typesupport_fastrtps_cpp.dir/rosidl_typesupport_fastrtps_cpp/px4/msg/detail/dds_fastrtps/qshell_req__type_support.cpp.o[0m
[329.982s] [ 62%] [32mBuilding CXX object platforms/ros2/CMakeFiles/px4__rosidl_typesupport_fastrtps_c.dir/rosidl_typesupport_fastrtps_c/px4/msg/detail/pps_capture__type_support_c.cpp.o[0m
[330.932s] [ 62%] [32mBuilding CXX object platforms/ros2/CMakeFiles/px4__rosidl_typesupport_fastrtps_c.dir/rosidl_typesupport_fastrtps_c/px4/msg/detail/pure_pursuit_status__type_support_c.cpp.o[0m
[330.934s] [ 62%] [32mBuilding CXX object platforms/ros2/CMakeFiles/px4__rosidl_typesupport_fastrtps_cpp.dir/rosidl_typesupport_fastrtps_cpp/px4/msg/detail/dds_fastrtps/qshell_retval__type_support.cpp.o[0m
[331.947s] [ 62%] [32mBuilding CXX object platforms/ros2/CMakeFiles/px4__rosidl_typesupport_fastrtps_c.dir/rosidl_typesupport_fastrtps_c/px4/msg/detail/pwm_input__type_support_c.cpp.o[0m
[332.003s] [ 62%] [32mBuilding CXX object platforms/ros2/CMakeFiles/px4__rosidl_typesupport_fastrtps_cpp.dir/rosidl_typesupport_fastrtps_cpp/px4/msg/detail/dds_fastrtps/radio_status__type_support.cpp.o[0m
[333.036s] [ 62%] [32mBuilding CXX object platforms/ros2/CMakeFiles/px4__rosidl_typesupport_fastrtps_c.dir/rosidl_typesupport_fastrtps_c/px4/msg/detail/px4io_status__type_support_c.cpp.o[0m
[333.074s] [ 62%] [32mBuilding CXX object platforms/ros2/CMakeFiles/px4__rosidl_typesupport_fastrtps_cpp.dir/rosidl_typesupport_fastrtps_cpp/px4/msg/detail/dds_fastrtps/rate_ctrl_status__type_support.cpp.o[0m
[334.155s] [ 62%] [32mBuilding CXX object platforms/ros2/CMakeFiles/px4__rosidl_typesupport_fastrtps_cpp.dir/rosidl_typesupport_fastrtps_cpp/px4/msg/detail/dds_fastrtps/rc_channels__type_support.cpp.o[0m
[334.260s] [ 62%] [32mBuilding CXX object platforms/ros2/CMakeFiles/px4__rosidl_typesupport_fastrtps_c.dir/rosidl_typesupport_fastrtps_c/px4/msg/detail/qshell_req__type_support_c.cpp.o[0m
[335.208s] [ 62%] [32mBuilding CXX object platforms/ros2/CMakeFiles/px4__rosidl_typesupport_fastrtps_cpp.dir/rosidl_typesupport_fastrtps_cpp/px4/msg/detail/dds_fastrtps/rc_parameter_map__type_support.cpp.o[0m
[335.257s] [ 62%] [32mBuilding CXX object platforms/ros2/CMakeFiles/px4__rosidl_typesupport_fastrtps_c.dir/rosidl_typesupport_fastrtps_c/px4/msg/detail/qshell_retval__type_support_c.cpp.o[0m
[336.205s] [ 62%] [32mBuilding CXX object platforms/ros2/CMakeFiles/px4__rosidl_typesupport_fastrtps_c.dir/rosidl_typesupport_fastrtps_c/px4/msg/detail/radio_status__type_support_c.cpp.o[0m
[336.242s] [ 62%] [32mBuilding CXX object platforms/ros2/CMakeFiles/px4__rosidl_typesupport_fastrtps_cpp.dir/rosidl_typesupport_fastrtps_cpp/px4/msg/detail/dds_fastrtps/rover_attitude_setpoint__type_support.cpp.o[0m
[337.237s] [ 62%] [32mBuilding CXX object platforms/ros2/CMakeFiles/px4__rosidl_typesupport_fastrtps_c.dir/rosidl_typesupport_fastrtps_c/px4/msg/detail/rate_ctrl_status__type_support_c.cpp.o[0m
[337.292s] [ 62%] [32mBuilding CXX object platforms/ros2/CMakeFiles/px4__rosidl_typesupport_fastrtps_cpp.dir/rosidl_typesupport_fastrtps_cpp/px4/msg/detail/dds_fastrtps/rover_attitude_status__type_support.cpp.o[0m
[338.190s] [ 62%] [32mBuilding CXX object platforms/ros2/CMakeFiles/px4__rosidl_typesupport_fastrtps_c.dir/rosidl_typesupport_fastrtps_c/px4/msg/detail/rc_channels__type_support_c.cpp.o[0m
[338.285s] [ 62%] [32mBuilding CXX object platforms/ros2/CMakeFiles/px4__rosidl_typesupport_fastrtps_cpp.dir/rosidl_typesupport_fastrtps_cpp/px4/msg/detail/dds_fastrtps/rover_position_setpoint__type_support.cpp.o[0m
[339.139s] [ 62%] [32mBuilding CXX object platforms/ros2/CMakeFiles/px4__rosidl_typesupport_fastrtps_c.dir/rosidl_typesupport_fastrtps_c/px4/msg/detail/rc_parameter_map__type_support_c.cpp.o[0m
[339.269s] [ 62%] [32mBuilding CXX object platforms/ros2/CMakeFiles/px4__rosidl_typesupport_fastrtps_cpp.dir/rosidl_typesupport_fastrtps_cpp/px4/msg/detail/dds_fastrtps/rover_rate_setpoint__type_support.cpp.o[0m
[340.069s] [ 62%] [32mBuilding CXX object platforms/ros2/CMakeFiles/px4__rosidl_typesupport_fastrtps_c.dir/rosidl_typesupport_fastrtps_c/px4/msg/detail/rover_attitude_setpoint__type_support_c.cpp.o[0m
[340.201s] [ 62%] [32mBuilding CXX object platforms/ros2/CMakeFiles/px4__rosidl_typesupport_fastrtps_cpp.dir/rosidl_typesupport_fastrtps_cpp/px4/msg/detail/dds_fastrtps/rover_rate_status__type_support.cpp.o[0m
[340.990s] [ 62%] [32mBuilding CXX object platforms/ros2/CMakeFiles/px4__rosidl_typesupport_fastrtps_c.dir/rosidl_typesupport_fastrtps_c/px4/msg/detail/rover_attitude_status__type_support_c.cpp.o[0m
[341.185s] [ 62%] [32mBuilding CXX object platforms/ros2/CMakeFiles/px4__rosidl_typesupport_fastrtps_cpp.dir/rosidl_typesupport_fastrtps_cpp/px4/msg/detail/dds_fastrtps/rover_steering_setpoint__type_support.cpp.o[0m
[342.021s] [ 62%] [32mBuilding CXX object platforms/ros2/CMakeFiles/px4__rosidl_typesupport_fastrtps_c.dir/rosidl_typesupport_fastrtps_c/px4/msg/detail/rover_position_setpoint__type_support_c.cpp.o[0m
[342.189s] [ 62%] [32mBuilding CXX object platforms/ros2/CMakeFiles/px4__rosidl_typesupport_fastrtps_cpp.dir/rosidl_typesupport_fastrtps_cpp/px4/msg/detail/dds_fastrtps/rover_throttle_setpoint__type_support.cpp.o[0m
[343.008s] [ 62%] [32mBuilding CXX object platforms/ros2/CMakeFiles/px4__rosidl_typesupport_fastrtps_c.dir/rosidl_typesupport_fastrtps_c/px4/msg/detail/rover_rate_setpoint__type_support_c.cpp.o[0m
[343.183s] [ 62%] [32mBuilding CXX object platforms/ros2/CMakeFiles/px4__rosidl_typesupport_fastrtps_cpp.dir/rosidl_typesupport_fastrtps_cpp/px4/msg/detail/dds_fastrtps/rover_velocity_status__type_support.cpp.o[0m
[343.993s] [ 62%] [32mBuilding CXX object platforms/ros2/CMakeFiles/px4__rosidl_typesupport_fastrtps_c.dir/rosidl_typesupport_fastrtps_c/px4/msg/detail/rover_rate_status__type_support_c.cpp.o[0m
[344.206s] [ 62%] [32mBuilding CXX object platforms/ros2/CMakeFiles/px4__rosidl_typesupport_fastrtps_cpp.dir/rosidl_typesupport_fastrtps_cpp/px4/msg/detail/dds_fastrtps/rpm__type_support.cpp.o[0m
[344.948s] [ 62%] [32mBuilding CXX object platforms/ros2/CMakeFiles/px4__rosidl_typesupport_fastrtps_c.dir/rosidl_typesupport_fastrtps_c/px4/msg/detail/rover_steering_setpoint__type_support_c.cpp.o[0m
[345.217s] [ 62%] [32mBuilding CXX object platforms/ros2/CMakeFiles/px4__rosidl_typesupport_fastrtps_cpp.dir/rosidl_typesupport_fastrtps_cpp/px4/msg/detail/dds_fastrtps/rtl_status__type_support.cpp.o[0m
[345.889s] [ 62%] [32mBuilding CXX object platforms/ros2/CMakeFiles/px4__rosidl_typesupport_fastrtps_c.dir/rosidl_typesupport_fastrtps_c/px4/msg/detail/rover_throttle_setpoint__type_support_c.cpp.o[0m
[346.268s] [ 62%] [32mBuilding CXX object platforms/ros2/CMakeFiles/px4__rosidl_typesupport_fastrtps_cpp.dir/rosidl_typesupport_fastrtps_cpp/px4/msg/detail/dds_fastrtps/rtl_time_estimate__type_support.cpp.o[0m
[346.815s] [ 62%] [32mBuilding CXX object platforms/ros2/CMakeFiles/px4__rosidl_typesupport_fastrtps_c.dir/rosidl_typesupport_fastrtps_c/px4/msg/detail/rover_velocity_status__type_support_c.cpp.o[0m
[347.269s] [ 62%] [32mBuilding CXX object platforms/ros2/CMakeFiles/px4__rosidl_typesupport_fastrtps_cpp.dir/rosidl_typesupport_fastrtps_cpp/px4/msg/detail/dds_fastrtps/satellite_info__type_support.cpp.o[0m
[347.802s] [ 62%] [32mBuilding CXX object platforms/ros2/CMakeFiles/px4__rosidl_typesupport_fastrtps_c.dir/rosidl_typesupport_fastrtps_c/px4/msg/detail/rpm__type_support_c.cpp.o[0m
[348.259s] [ 62%] [32mBuilding CXX object platforms/ros2/CMakeFiles/px4__rosidl_typesupport_fastrtps_cpp.dir/rosidl_typesupport_fastrtps_cpp/px4/msg/detail/dds_fastrtps/sensor_accel__type_support.cpp.o[0m
[348.707s] [ 62%] [32mBuilding CXX object platforms/ros2/CMakeFiles/px4__rosidl_typesupport_fastrtps_c.dir/rosidl_typesupport_fastrtps_c/px4/msg/detail/rtl_status__type_support_c.cpp.o[0m
[349.267s] [ 62%] [32mBuilding CXX object platforms/ros2/CMakeFiles/px4__rosidl_typesupport_fastrtps_cpp.dir/rosidl_typesupport_fastrtps_cpp/px4/msg/detail/dds_fastrtps/sensor_accel_fifo__type_support.cpp.o[0m
[349.666s] [ 62%] [32mBuilding CXX object platforms/ros2/CMakeFiles/px4__rosidl_typesupport_fastrtps_c.dir/rosidl_typesupport_fastrtps_c/px4/msg/detail/rtl_time_estimate__type_support_c.cpp.o[0m
[350.367s] [ 62%] [32mBuilding CXX object platforms/ros2/CMakeFiles/px4__rosidl_typesupport_fastrtps_cpp.dir/rosidl_typesupport_fastrtps_cpp/px4/msg/detail/dds_fastrtps/sensor_airflow__type_support.cpp.o[0m
[350.627s] [ 62%] [32mBuilding CXX object platforms/ros2/CMakeFiles/px4__rosidl_typesupport_fastrtps_c.dir/rosidl_typesupport_fastrtps_c/px4/msg/detail/satellite_info__type_support_c.cpp.o[0m
[351.357s] [ 62%] [32mBuilding CXX object platforms/ros2/CMakeFiles/px4__rosidl_typesupport_fastrtps_cpp.dir/rosidl_typesupport_fastrtps_cpp/px4/msg/detail/dds_fastrtps/sensor_baro__type_support.cpp.o[0m
[351.585s] [ 62%] [32mBuilding CXX object platforms/ros2/CMakeFiles/px4__rosidl_typesupport_fastrtps_c.dir/rosidl_typesupport_fastrtps_c/px4/msg/detail/sensor_accel__type_support_c.cpp.o[0m
[352.363s] [ 62%] [32mBuilding CXX object platforms/ros2/CMakeFiles/px4__rosidl_typesupport_fastrtps_cpp.dir/rosidl_typesupport_fastrtps_cpp/px4/msg/detail/dds_fastrtps/sensor_combined__type_support.cpp.o[0m
[352.643s] [ 62%] [32mBuilding CXX object platforms/ros2/CMakeFiles/px4__rosidl_typesupport_fastrtps_c.dir/rosidl_typesupport_fastrtps_c/px4/msg/detail/sensor_accel_fifo__type_support_c.cpp.o[0m
[353.494s] [ 62%] [32mBuilding CXX object platforms/ros2/CMakeFiles/px4__rosidl_typesupport_fastrtps_cpp.dir/rosidl_typesupport_fastrtps_cpp/px4/msg/detail/dds_fastrtps/sensor_correction__type_support.cpp.o[0m
[353.669s] [ 62%] [32mBuilding CXX object platforms/ros2/CMakeFiles/px4__rosidl_typesupport_fastrtps_c.dir/rosidl_typesupport_fastrtps_c/px4/msg/detail/sensor_airflow__type_support_c.cpp.o[0m
[354.697s] [ 62%] [32mBuilding CXX object platforms/ros2/CMakeFiles/px4__rosidl_typesupport_fastrtps_c.dir/rosidl_typesupport_fastrtps_c/px4/msg/detail/sensor_baro__type_support_c.cpp.o[0m
[354.701s] [ 62%] [32mBuilding CXX object platforms/ros2/CMakeFiles/px4__rosidl_typesupport_fastrtps_cpp.dir/rosidl_typesupport_fastrtps_cpp/px4/msg/detail/dds_fastrtps/sensor_gnss_relative__type_support.cpp.o[0m
[355.743s] [ 62%] [32mBuilding CXX object platforms/ros2/CMakeFiles/px4__rosidl_typesupport_fastrtps_c.dir/rosidl_typesupport_fastrtps_c/px4/msg/detail/sensor_combined__type_support_c.cpp.o[0m
[355.936s] [ 62%] [32mBuilding CXX object platforms/ros2/CMakeFiles/px4__rosidl_typesupport_fastrtps_cpp.dir/rosidl_typesupport_fastrtps_cpp/px4/msg/detail/dds_fastrtps/sensor_gps__type_support.cpp.o[0m
[356.915s] [ 62%] [32mBuilding CXX object platforms/ros2/CMakeFiles/px4__rosidl_typesupport_fastrtps_c.dir/rosidl_typesupport_fastrtps_c/px4/msg/detail/sensor_correction__type_support_c.cpp.o[0m
[357.259s] [ 62%] [32mBuilding CXX object platforms/ros2/CMakeFiles/px4__rosidl_typesupport_fastrtps_cpp.dir/rosidl_typesupport_fastrtps_cpp/px4/msg/detail/dds_fastrtps/sensor_gyro__type_support.cpp.o[0m
[357.915s] [ 63%] [32mBuilding CXX object platforms/ros2/CMakeFiles/px4__rosidl_typesupport_fastrtps_c.dir/rosidl_typesupport_fastrtps_c/px4/msg/detail/sensor_gnss_relative__type_support_c.cpp.o[0m
[358.320s] [ 64%] [32mBuilding CXX object platforms/ros2/CMakeFiles/px4__rosidl_typesupport_fastrtps_cpp.dir/rosidl_typesupport_fastrtps_cpp/px4/msg/detail/dds_fastrtps/sensor_gyro_fft__type_support.cpp.o[0m
[359.022s] [ 64%] [32mBuilding CXX object platforms/ros2/CMakeFiles/px4__rosidl_typesupport_fastrtps_c.dir/rosidl_typesupport_fastrtps_c/px4/msg/detail/sensor_gps__type_support_c.cpp.o[0m
[359.360s] [ 64%] [32mBuilding CXX object platforms/ros2/CMakeFiles/px4__rosidl_typesupport_fastrtps_cpp.dir/rosidl_typesupport_fastrtps_cpp/px4/msg/detail/dds_fastrtps/sensor_gyro_fifo__type_support.cpp.o[0m
[360.311s] [ 64%] [32mBuilding CXX object platforms/ros2/CMakeFiles/px4__rosidl_typesupport_fastrtps_c.dir/rosidl_typesupport_fastrtps_c/px4/msg/detail/sensor_gyro__type_support_c.cpp.o[0m
[360.458s] [ 64%] [32mBuilding CXX object platforms/ros2/CMakeFiles/px4__rosidl_typesupport_fastrtps_cpp.dir/rosidl_typesupport_fastrtps_cpp/px4/msg/detail/dds_fastrtps/sensor_hygrometer__type_support.cpp.o[0m
[361.343s] [ 64%] [32mBuilding CXX object platforms/ros2/CMakeFiles/px4__rosidl_typesupport_fastrtps_c.dir/rosidl_typesupport_fastrtps_c/px4/msg/detail/sensor_gyro_fft__type_support_c.cpp.o[0m
[361.510s] [ 64%] [32mBuilding CXX object platforms/ros2/CMakeFiles/px4__rosidl_typesupport_fastrtps_cpp.dir/rosidl_typesupport_fastrtps_cpp/px4/msg/detail/dds_fastrtps/sensor_mag__type_support.cpp.o[0m
[362.504s] [ 64%] [32mBuilding CXX object platforms/ros2/CMakeFiles/px4__rosidl_typesupport_fastrtps_c.dir/rosidl_typesupport_fastrtps_c/px4/msg/detail/sensor_gyro_fifo__type_support_c.cpp.o[0m
[362.576s] [ 64%] [32mBuilding CXX object platforms/ros2/CMakeFiles/px4__rosidl_typesupport_fastrtps_cpp.dir/rosidl_typesupport_fastrtps_cpp/px4/msg/detail/dds_fastrtps/sensor_optical_flow__type_support.cpp.o[0m
[363.547s] [ 64%] [32mBuilding CXX object platforms/ros2/CMakeFiles/px4__rosidl_typesupport_fastrtps_c.dir/rosidl_typesupport_fastrtps_c/px4/msg/detail/sensor_hygrometer__type_support_c.cpp.o[0m
[363.764s] [ 64%] [32mBuilding CXX object platforms/ros2/CMakeFiles/px4__rosidl_typesupport_fastrtps_cpp.dir/rosidl_typesupport_fastrtps_cpp/px4/msg/detail/dds_fastrtps/sensor_preflight_mag__type_support.cpp.o[0m
[364.582s] [ 64%] [32mBuilding CXX object platforms/ros2/CMakeFiles/px4__rosidl_typesupport_fastrtps_c.dir/rosidl_typesupport_fastrtps_c/px4/msg/detail/sensor_mag__type_support_c.cpp.o[0m
[364.728s] [ 64%] [32mBuilding CXX object platforms/ros2/CMakeFiles/px4__rosidl_typesupport_fastrtps_cpp.dir/rosidl_typesupport_fastrtps_cpp/px4/msg/detail/dds_fastrtps/sensor_selection__type_support.cpp.o[0m
[365.578s] [ 64%] [32mBuilding CXX object platforms/ros2/CMakeFiles/px4__rosidl_typesupport_fastrtps_c.dir/rosidl_typesupport_fastrtps_c/px4/msg/detail/sensor_optical_flow__type_support_c.cpp.o[0m
[365.693s] [ 64%] [32mBuilding CXX object platforms/ros2/CMakeFiles/px4__rosidl_typesupport_fastrtps_cpp.dir/rosidl_typesupport_fastrtps_cpp/px4/msg/detail/dds_fastrtps/sensor_uwb__type_support.cpp.o[0m
[366.596s] [ 64%] [32mBuilding CXX object platforms/ros2/CMakeFiles/px4__rosidl_typesupport_fastrtps_c.dir/rosidl_typesupport_fastrtps_c/px4/msg/detail/sensor_preflight_mag__type_support_c.cpp.o[0m
[366.773s] [ 64%] [32mBuilding CXX object platforms/ros2/CMakeFiles/px4__rosidl_typesupport_fastrtps_cpp.dir/rosidl_typesupport_fastrtps_cpp/px4/msg/detail/dds_fastrtps/sensors_status__type_support.cpp.o[0m
[367.556s] [ 64%] [32mBuilding CXX object platforms/ros2/CMakeFiles/px4__rosidl_typesupport_fastrtps_c.dir/rosidl_typesupport_fastrtps_c/px4/msg/detail/sensor_selection__type_support_c.cpp.o[0m
[367.845s] [ 64%] [32mBuilding CXX object platforms/ros2/CMakeFiles/px4__rosidl_typesupport_fastrtps_cpp.dir/rosidl_typesupport_fastrtps_cpp/px4/msg/detail/dds_fastrtps/sensors_status_imu__type_support.cpp.o[0m
[368.480s] [ 64%] [32mBuilding CXX object platforms/ros2/CMakeFiles/px4__rosidl_typesupport_fastrtps_c.dir/rosidl_typesupport_fastrtps_c/px4/msg/detail/sensor_uwb__type_support_c.cpp.o[0m
[368.912s] [ 64%] [32mBuilding CXX object platforms/ros2/CMakeFiles/px4__rosidl_typesupport_fastrtps_cpp.dir/rosidl_typesupport_fastrtps_cpp/px4/msg/detail/dds_fastrtps/system_power__type_support.cpp.o[0m
[369.531s] [ 64%] [32mBuilding CXX object platforms/ros2/CMakeFiles/px4__rosidl_typesupport_fastrtps_c.dir/rosidl_typesupport_fastrtps_c/px4/msg/detail/sensors_status__type_support_c.cpp.o[0m
[369.962s] [ 64%] [32mBuilding CXX object platforms/ros2/CMakeFiles/px4__rosidl_typesupport_fastrtps_cpp.dir/rosidl_typesupport_fastrtps_cpp/px4/msg/detail/dds_fastrtps/takeoff_status__type_support.cpp.o[0m
[370.467s] [ 64%] [32mBuilding CXX object platforms/ros2/CMakeFiles/px4__rosidl_typesupport_fastrtps_c.dir/rosidl_typesupport_fastrtps_c/px4/msg/detail/sensors_status_imu__type_support_c.cpp.o[0m
[370.898s] [ 64%] [32mBuilding CXX object platforms/ros2/CMakeFiles/px4__rosidl_typesupport_fastrtps_cpp.dir/rosidl_typesupport_fastrtps_cpp/px4/msg/detail/dds_fastrtps/task_stack_info__type_support.cpp.o[0m
[371.425s] [ 64%] [32mBuilding CXX object platforms/ros2/CMakeFiles/px4__rosidl_typesupport_fastrtps_c.dir/rosidl_typesupport_fastrtps_c/px4/msg/detail/system_power__type_support_c.cpp.o[0m
[371.902s] [ 64%] [32mBuilding CXX object platforms/ros2/CMakeFiles/px4__rosidl_typesupport_fastrtps_cpp.dir/rosidl_typesupport_fastrtps_cpp/px4/msg/detail/dds_fastrtps/tecs_status__type_support.cpp.o[0m
[372.547s] [ 64%] [32mBuilding CXX object platforms/ros2/CMakeFiles/px4__rosidl_typesupport_fastrtps_c.dir/rosidl_typesupport_fastrtps_c/px4/msg/detail/takeoff_status__type_support_c.cpp.o[0m
[373.121s] [ 64%] [32mBuilding CXX object platforms/ros2/CMakeFiles/px4__rosidl_typesupport_fastrtps_cpp.dir/rosidl_typesupport_fastrtps_cpp/px4/msg/detail/dds_fastrtps/telemetry_status__type_support.cpp.o[0m
[373.526s] [ 64%] [32mBuilding CXX object platforms/ros2/CMakeFiles/px4__rosidl_typesupport_fastrtps_c.dir/rosidl_typesupport_fastrtps_c/px4/msg/detail/task_stack_info__type_support_c.cpp.o[0m
[374.505s] [ 64%] [32mBuilding CXX object platforms/ros2/CMakeFiles/px4__rosidl_typesupport_fastrtps_c.dir/rosidl_typesupport_fastrtps_c/px4/msg/detail/tecs_status__type_support_c.cpp.o[0m
[374.515s] [ 64%] [32mBuilding CXX object platforms/ros2/CMakeFiles/px4__rosidl_typesupport_fastrtps_cpp.dir/rosidl_typesupport_fastrtps_cpp/px4/msg/detail/dds_fastrtps/tiltrotor_extra_controls__type_support.cpp.o[0m
[375.558s] [ 64%] [32mBuilding CXX object platforms/ros2/CMakeFiles/px4__rosidl_typesupport_fastrtps_cpp.dir/rosidl_typesupport_fastrtps_cpp/px4/msg/detail/dds_fastrtps/timesync_status__type_support.cpp.o[0m
[375.675s] [ 64%] [32mBuilding CXX object platforms/ros2/CMakeFiles/px4__rosidl_typesupport_fastrtps_c.dir/rosidl_typesupport_fastrtps_c/px4/msg/detail/telemetry_status__type_support_c.cpp.o[0m
[376.576s] [ 64%] [32mBuilding CXX object platforms/ros2/CMakeFiles/px4__rosidl_typesupport_fastrtps_cpp.dir/rosidl_typesupport_fastrtps_cpp/px4/msg/detail/dds_fastrtps/trajectory_setpoint6dof__type_support.cpp.o[0m
[376.947s] [ 64%] [32mBuilding CXX object platforms/ros2/CMakeFiles/px4__rosidl_typesupport_fastrtps_c.dir/rosidl_typesupport_fastrtps_c/px4/msg/detail/tiltrotor_extra_controls__type_support_c.cpp.o[0m
[377.607s] [ 64%] [32mBuilding CXX object platforms/ros2/CMakeFiles/px4__rosidl_typesupport_fastrtps_cpp.dir/rosidl_typesupport_fastrtps_cpp/px4/msg/detail/dds_fastrtps/transponder_report__type_support.cpp.o[0m
[377.925s] [ 64%] [32mBuilding CXX object platforms/ros2/CMakeFiles/px4__rosidl_typesupport_fastrtps_c.dir/rosidl_typesupport_fastrtps_c/px4/msg/detail/timesync_status__type_support_c.cpp.o[0m
[378.737s] [ 64%] [32mBuilding CXX object platforms/ros2/CMakeFiles/px4__rosidl_typesupport_fastrtps_cpp.dir/rosidl_typesupport_fastrtps_cpp/px4/msg/detail/dds_fastrtps/tune_control__type_support.cpp.o[0m
[378.921s] [ 64%] [32mBuilding CXX object platforms/ros2/CMakeFiles/px4__rosidl_typesupport_fastrtps_c.dir/rosidl_typesupport_fastrtps_c/px4/msg/detail/trajectory_setpoint6dof__type_support_c.cpp.o[0m
[379.845s] [ 64%] [32mBuilding CXX object platforms/ros2/CMakeFiles/px4__rosidl_typesupport_fastrtps_cpp.dir/rosidl_typesupport_fastrtps_cpp/px4/msg/detail/dds_fastrtps/uavcan_parameter_request__type_support.cpp.o[0m
[379.944s] [ 64%] [32mBuilding CXX object platforms/ros2/CMakeFiles/px4__rosidl_typesupport_fastrtps_c.dir/rosidl_typesupport_fastrtps_c/px4/msg/detail/transponder_report__type_support_c.cpp.o[0m
[380.991s] [ 64%] [32mBuilding CXX object platforms/ros2/CMakeFiles/px4__rosidl_typesupport_fastrtps_cpp.dir/rosidl_typesupport_fastrtps_cpp/px4/msg/detail/dds_fastrtps/uavcan_parameter_value__type_support.cpp.o[0m
[381.042s] [ 64%] [32mBuilding CXX object platforms/ros2/CMakeFiles/px4__rosidl_typesupport_fastrtps_c.dir/rosidl_typesupport_fastrtps_c/px4/msg/detail/tune_control__type_support_c.cpp.o[0m
[382.029s] [ 64%] [32mBuilding CXX object platforms/ros2/CMakeFiles/px4__rosidl_typesupport_fastrtps_c.dir/rosidl_typesupport_fastrtps_c/px4/msg/detail/uavcan_parameter_request__type_support_c.cpp.o[0m
[382.055s] [ 64%] [32mBuilding CXX object platforms/ros2/CMakeFiles/px4__rosidl_typesupport_fastrtps_cpp.dir/rosidl_typesupport_fastrtps_cpp/px4/msg/detail/dds_fastrtps/ulog_stream__type_support.cpp.o[0m
[383.044s] [ 64%] [32mBuilding CXX object platforms/ros2/CMakeFiles/px4__rosidl_typesupport_fastrtps_cpp.dir/rosidl_typesupport_fastrtps_cpp/px4/msg/detail/dds_fastrtps/ulog_stream_ack__type_support.cpp.o[0m
[383.046s] [ 64%] [32mBuilding CXX object platforms/ros2/CMakeFiles/px4__rosidl_typesupport_fastrtps_c.dir/rosidl_typesupport_fastrtps_c/px4/msg/detail/uavcan_parameter_value__type_support_c.cpp.o[0m
[384.032s] [ 64%] [32mBuilding CXX object platforms/ros2/CMakeFiles/px4__rosidl_typesupport_fastrtps_cpp.dir/rosidl_typesupport_fastrtps_cpp/px4/msg/detail/dds_fastrtps/vehicle_acceleration__type_support.cpp.o[0m
[384.057s] [ 64%] [32mBuilding CXX object platforms/ros2/CMakeFiles/px4__rosidl_typesupport_fastrtps_c.dir/rosidl_typesupport_fastrtps_c/px4/msg/detail/ulog_stream__type_support_c.cpp.o[0m
[385.009s] [ 64%] [32mBuilding CXX object platforms/ros2/CMakeFiles/px4__rosidl_typesupport_fastrtps_c.dir/rosidl_typesupport_fastrtps_c/px4/msg/detail/ulog_stream_ack__type_support_c.cpp.o[0m
[385.019s] [ 64%] [32mBuilding CXX object platforms/ros2/CMakeFiles/px4__rosidl_typesupport_fastrtps_cpp.dir/rosidl_typesupport_fastrtps_cpp/px4/msg/detail/dds_fastrtps/vehicle_air_data__type_support.cpp.o[0m
[385.910s] [ 64%] [32mBuilding CXX object platforms/ros2/CMakeFiles/px4__rosidl_typesupport_fastrtps_c.dir/rosidl_typesupport_fastrtps_c/px4/msg/detail/vehicle_acceleration__type_support_c.cpp.o[0m
[386.028s] [ 64%] [32mBuilding CXX object platforms/ros2/CMakeFiles/px4__rosidl_typesupport_fastrtps_cpp.dir/rosidl_typesupport_fastrtps_cpp/px4/msg/detail/dds_fastrtps/vehicle_angular_acceleration_setpoint__type_support.cpp.o[0m
[386.826s] [ 64%] [32mBuilding CXX object platforms/ros2/CMakeFiles/px4__rosidl_typesupport_fastrtps_c.dir/rosidl_typesupport_fastrtps_c/px4/msg/detail/vehicle_air_data__type_support_c.cpp.o[0m
[386.986s] [ 64%] [32mBuilding CXX object platforms/ros2/CMakeFiles/px4__rosidl_typesupport_fastrtps_cpp.dir/rosidl_typesupport_fastrtps_cpp/px4/msg/detail/dds_fastrtps/vehicle_constraints__type_support.cpp.o[0m
[387.820s] [ 65%] [32mBuilding CXX object platforms/ros2/CMakeFiles/px4__rosidl_typesupport_fastrtps_c.dir/rosidl_typesupport_fastrtps_c/px4/msg/detail/vehicle_angular_acceleration_setpoint__type_support_c.cpp.o[0m
[387.968s] [ 67%] [32mBuilding CXX object platforms/ros2/CMakeFiles/px4__rosidl_typesupport_fastrtps_cpp.dir/rosidl_typesupport_fastrtps_cpp/px4/msg/detail/dds_fastrtps/vehicle_imu__type_support.cpp.o[0m
[388.781s] [ 67%] [32mBuilding CXX object platforms/ros2/CMakeFiles/px4__rosidl_typesupport_fastrtps_c.dir/rosidl_typesupport_fastrtps_c/px4/msg/detail/vehicle_constraints__type_support_c.cpp.o[0m
[389.037s] [ 67%] [32mBuilding CXX object platforms/ros2/CMakeFiles/px4__rosidl_typesupport_fastrtps_cpp.dir/rosidl_typesupport_fastrtps_cpp/px4/msg/detail/dds_fastrtps/vehicle_imu_status__type_support.cpp.o[0m
[389.753s] [ 67%] [32mBuilding CXX object platforms/ros2/CMakeFiles/px4__rosidl_typesupport_fastrtps_c.dir/rosidl_typesupport_fastrtps_c/px4/msg/detail/vehicle_imu__type_support_c.cpp.o[0m
[390.162s] [ 67%] [32mBuilding CXX object platforms/ros2/CMakeFiles/px4__rosidl_typesupport_fastrtps_cpp.dir/rosidl_typesupport_fastrtps_cpp/px4/msg/detail/dds_fastrtps/vehicle_local_position_setpoint__type_support.cpp.o[0m
[390.737s] [ 67%] [32mBuilding CXX object platforms/ros2/CMakeFiles/px4__rosidl_typesupport_fastrtps_c.dir/rosidl_typesupport_fastrtps_c/px4/msg/detail/vehicle_imu_status__type_support_c.cpp.o[0m
[391.219s] [ 67%] [32mBuilding CXX object platforms/ros2/CMakeFiles/px4__rosidl_typesupport_fastrtps_cpp.dir/rosidl_typesupport_fastrtps_cpp/px4/msg/detail/dds_fastrtps/vehicle_magnetometer__type_support.cpp.o[0m
[391.801s] [ 67%] [32mBuilding CXX object platforms/ros2/CMakeFiles/px4__rosidl_typesupport_fastrtps_c.dir/rosidl_typesupport_fastrtps_c/px4/msg/detail/vehicle_local_position_setpoint__type_support_c.cpp.o[0m
[392.271s] [ 67%] [32mBuilding CXX object platforms/ros2/CMakeFiles/px4__rosidl_typesupport_fastrtps_cpp.dir/rosidl_typesupport_fastrtps_cpp/px4/msg/detail/dds_fastrtps/vehicle_optical_flow__type_support.cpp.o[0m
[392.817s] [ 67%] [32mBuilding CXX object platforms/ros2/CMakeFiles/px4__rosidl_typesupport_fastrtps_c.dir/rosidl_typesupport_fastrtps_c/px4/msg/detail/vehicle_magnetometer__type_support_c.cpp.o[0m
[393.396s] [ 67%] [32mBuilding CXX object platforms/ros2/CMakeFiles/px4__rosidl_typesupport_fastrtps_cpp.dir/rosidl_typesupport_fastrtps_cpp/px4/msg/detail/dds_fastrtps/vehicle_optical_flow_vel__type_support.cpp.o[0m
[393.818s] [ 67%] [32mBuilding CXX object platforms/ros2/CMakeFiles/px4__rosidl_typesupport_fastrtps_c.dir/rosidl_typesupport_fastrtps_c/px4/msg/detail/vehicle_optical_flow__type_support_c.cpp.o[0m
[394.545s] [ 67%] [32mBuilding CXX object platforms/ros2/CMakeFiles/px4__rosidl_typesupport_fastrtps_cpp.dir/rosidl_typesupport_fastrtps_cpp/px4/msg/detail/dds_fastrtps/vehicle_roi__type_support.cpp.o[0m
[394.851s] [ 67%] [32mBuilding CXX object platforms/ros2/CMakeFiles/px4__rosidl_typesupport_fastrtps_c.dir/rosidl_typesupport_fastrtps_c/px4/msg/detail/vehicle_optical_flow_vel__type_support_c.cpp.o[0m
[395.565s] [ 67%] [32mBuilding CXX object platforms/ros2/CMakeFiles/px4__rosidl_typesupport_fastrtps_cpp.dir/rosidl_typesupport_fastrtps_cpp/px4/msg/detail/dds_fastrtps/vehicle_thrust_setpoint__type_support.cpp.o[0m
[395.882s] [ 67%] [32mBuilding CXX object platforms/ros2/CMakeFiles/px4__rosidl_typesupport_fastrtps_c.dir/rosidl_typesupport_fastrtps_c/px4/msg/detail/vehicle_roi__type_support_c.cpp.o[0m
[396.552s] [ 67%] [32mBuilding CXX object platforms/ros2/CMakeFiles/px4__rosidl_typesupport_fastrtps_cpp.dir/rosidl_typesupport_fastrtps_cpp/px4/msg/detail/dds_fastrtps/vehicle_torque_setpoint__type_support.cpp.o[0m
[396.929s] [ 67%] [32mBuilding CXX object platforms/ros2/CMakeFiles/px4__rosidl_typesupport_fastrtps_c.dir/rosidl_typesupport_fastrtps_c/px4/msg/detail/vehicle_thrust_setpoint__type_support_c.cpp.o[0m
[397.539s] [ 67%] [32mBuilding CXX object platforms/ros2/CMakeFiles/px4__rosidl_typesupport_fastrtps_cpp.dir/rosidl_typesupport_fastrtps_cpp/px4/msg/detail/dds_fastrtps/velocity_limits__type_support.cpp.o[0m
[397.857s] [ 67%] [32mBuilding CXX object platforms/ros2/CMakeFiles/px4__rosidl_typesupport_fastrtps_c.dir/rosidl_typesupport_fastrtps_c/px4/msg/detail/vehicle_torque_setpoint__type_support_c.cpp.o[0m
[398.480s] [ 67%] [32mBuilding CXX object platforms/ros2/CMakeFiles/px4__rosidl_typesupport_fastrtps_cpp.dir/rosidl_typesupport_fastrtps_cpp/px4/msg/detail/dds_fastrtps/wheel_encoders__type_support.cpp.o[0m
[398.812s] [ 67%] [32mBuilding CXX object platforms/ros2/CMakeFiles/px4__rosidl_typesupport_fastrtps_c.dir/rosidl_typesupport_fastrtps_c/px4/msg/detail/velocity_limits__type_support_c.cpp.o[0m
[399.460s] [ 67%] [32mBuilding CXX object platforms/ros2/CMakeFiles/px4__rosidl_typesupport_fastrtps_cpp.dir/rosidl_typesupport_fastrtps_cpp/px4/msg/detail/dds_fastrtps/wind__type_support.cpp.o[0m
[399.762s] [ 67%] [32mBuilding CXX object platforms/ros2/CMakeFiles/px4__rosidl_typesupport_fastrtps_c.dir/rosidl_typesupport_fastrtps_c/px4/msg/detail/wheel_encoders__type_support_c.cpp.o[0m
[400.472s] [ 67%] [32mBuilding CXX object platforms/ros2/CMakeFiles/px4__rosidl_typesupport_fastrtps_cpp.dir/rosidl_typesupport_fastrtps_cpp/px4/msg/detail/dds_fastrtps/yaw_estimator_status__type_support.cpp.o[0m
[400.695s] [ 67%] [32mBuilding CXX object platforms/ros2/CMakeFiles/px4__rosidl_typesupport_fastrtps_c.dir/rosidl_typesupport_fastrtps_c/px4/msg/detail/wind__type_support_c.cpp.o[0m
[401.593s] [ 67%] [32mBuilding CXX object platforms/ros2/CMakeFiles/px4__rosidl_typesupport_fastrtps_cpp.dir/rosidl_typesupport_fastrtps_cpp/px4/msg/detail/dds_fastrtps/actuator_motors__type_support.cpp.o[0m
[401.689s] [ 67%] [32mBuilding CXX object platforms/ros2/CMakeFiles/px4__rosidl_typesupport_fastrtps_c.dir/rosidl_typesupport_fastrtps_c/px4/msg/detail/yaw_estimator_status__type_support_c.cpp.o[0m
[402.596s] [ 67%] [32mBuilding CXX object platforms/ros2/CMakeFiles/px4__rosidl_typesupport_fastrtps_cpp.dir/rosidl_typesupport_fastrtps_cpp/px4/msg/detail/dds_fastrtps/actuator_servos__type_support.cpp.o[0m
[402.729s] [ 67%] [32mBuilding CXX object platforms/ros2/CMakeFiles/px4__rosidl_typesupport_fastrtps_c.dir/rosidl_typesupport_fastrtps_c/px4/msg/detail/actuator_motors__type_support_c.cpp.o[0m
[403.623s] [ 67%] [32mBuilding CXX object platforms/ros2/CMakeFiles/px4__rosidl_typesupport_fastrtps_cpp.dir/rosidl_typesupport_fastrtps_cpp/px4/msg/detail/dds_fastrtps/airspeed_validated__type_support.cpp.o[0m
[403.753s] [ 67%] [32mBuilding CXX object platforms/ros2/CMakeFiles/px4__rosidl_typesupport_fastrtps_c.dir/rosidl_typesupport_fastrtps_c/px4/msg/detail/actuator_servos__type_support_c.cpp.o[0m
[404.802s] [ 67%] [32mBuilding CXX object platforms/ros2/CMakeFiles/px4__rosidl_typesupport_fastrtps_c.dir/rosidl_typesupport_fastrtps_c/px4/msg/detail/airspeed_validated__type_support_c.cpp.o[0m
[404.887s] [ 67%] [32mBuilding CXX object platforms/ros2/CMakeFiles/px4__rosidl_typesupport_fastrtps_cpp.dir/rosidl_typesupport_fastrtps_cpp/px4/msg/detail/dds_fastrtps/arming_check_reply__type_support.cpp.o[0m
[405.821s] [ 67%] [32mBuilding CXX object platforms/ros2/CMakeFiles/px4__rosidl_typesupport_fastrtps_c.dir/rosidl_typesupport_fastrtps_c/px4/msg/detail/arming_check_reply__type_support_c.cpp.o[0m
[406.166s] [ 67%] [32mBuilding CXX object platforms/ros2/CMakeFiles/px4__rosidl_typesupport_fastrtps_cpp.dir/rosidl_typesupport_fastrtps_cpp/px4/msg/detail/dds_fastrtps/arming_check_request__type_support.cpp.o[0m
[407.110s] [ 67%] [32mBuilding CXX object platforms/ros2/CMakeFiles/px4__rosidl_typesupport_fastrtps_c.dir/rosidl_typesupport_fastrtps_c/px4/msg/detail/arming_check_request__type_support_c.cpp.o[0m
[407.181s] [ 67%] [32mBuilding CXX object platforms/ros2/CMakeFiles/px4__rosidl_typesupport_fastrtps_cpp.dir/rosidl_typesupport_fastrtps_cpp/px4/msg/detail/dds_fastrtps/battery_status__type_support.cpp.o[0m
[408.036s] [ 67%] [32mBuilding CXX object platforms/ros2/CMakeFiles/px4__rosidl_typesupport_fastrtps_c.dir/rosidl_typesupport_fastrtps_c/px4/msg/detail/battery_status__type_support_c.cpp.o[0m
[408.515s] [ 67%] [32mBuilding CXX object platforms/ros2/CMakeFiles/px4__rosidl_typesupport_fastrtps_cpp.dir/rosidl_typesupport_fastrtps_cpp/px4/msg/detail/dds_fastrtps/config_overrides__type_support.cpp.o[0m
[409.318s] [ 67%] [32mBuilding CXX object platforms/ros2/CMakeFiles/px4__rosidl_typesupport_fastrtps_c.dir/rosidl_typesupport_fastrtps_c/px4/msg/detail/config_overrides__type_support_c.cpp.o[0m
[409.523s] [ 67%] [32mBuilding CXX object platforms/ros2/CMakeFiles/px4__rosidl_typesupport_fastrtps_cpp.dir/rosidl_typesupport_fastrtps_cpp/px4/msg/detail/dds_fastrtps/goto_setpoint__type_support.cpp.o[0m
[410.292s] [ 67%] [32mBuilding CXX object platforms/ros2/CMakeFiles/px4__rosidl_typesupport_fastrtps_c.dir/rosidl_typesupport_fastrtps_c/px4/msg/detail/goto_setpoint__type_support_c.cpp.o[0m
[410.551s] [ 67%] [32mBuilding CXX object platforms/ros2/CMakeFiles/px4__rosidl_typesupport_fastrtps_cpp.dir/rosidl_typesupport_fastrtps_cpp/px4/msg/detail/dds_fastrtps/home_position__type_support.cpp.o[0m
[411.253s] [ 67%] [32mBuilding CXX object platforms/ros2/CMakeFiles/px4__rosidl_typesupport_fastrtps_c.dir/rosidl_typesupport_fastrtps_c/px4/msg/detail/home_position__type_support_c.cpp.o[0m
[411.584s] [ 67%] [32mBuilding CXX object platforms/ros2/CMakeFiles/px4__rosidl_typesupport_fastrtps_cpp.dir/rosidl_typesupport_fastrtps_cpp/px4/msg/detail/dds_fastrtps/manual_control_setpoint__type_support.cpp.o[0m
[412.285s] [ 67%] [32mBuilding CXX object platforms/ros2/CMakeFiles/px4__rosidl_typesupport_fastrtps_c.dir/rosidl_typesupport_fastrtps_c/px4/msg/detail/manual_control_setpoint__type_support_c.cpp.o[0m
[412.773s] [ 67%] [32mBuilding CXX object platforms/ros2/CMakeFiles/px4__rosidl_typesupport_fastrtps_cpp.dir/rosidl_typesupport_fastrtps_cpp/px4/msg/detail/dds_fastrtps/mode_completed__type_support.cpp.o[0m
[413.366s] [ 67%] [32mBuilding CXX object platforms/ros2/CMakeFiles/px4__rosidl_typesupport_fastrtps_c.dir/rosidl_typesupport_fastrtps_c/px4/msg/detail/mode_completed__type_support_c.cpp.o[0m
[413.725s] [ 67%] [32mBuilding CXX object platforms/ros2/CMakeFiles/px4__rosidl_typesupport_fastrtps_cpp.dir/rosidl_typesupport_fastrtps_cpp/px4/msg/detail/dds_fastrtps/register_ext_component_reply__type_support.cpp.o[0m
[414.300s] [ 67%] [32mBuilding CXX object platforms/ros2/CMakeFiles/px4__rosidl_typesupport_fastrtps_c.dir/rosidl_typesupport_fastrtps_c/px4/msg/detail/register_ext_component_reply__type_support_c.cpp.o[0m
[414.810s] [ 67%] [32mBuilding CXX object platforms/ros2/CMakeFiles/px4__rosidl_typesupport_fastrtps_cpp.dir/rosidl_typesupport_fastrtps_cpp/px4/msg/detail/dds_fastrtps/register_ext_component_request__type_support.cpp.o[0m
[415.412s] [ 67%] [32mBuilding CXX object platforms/ros2/CMakeFiles/px4__rosidl_typesupport_fastrtps_c.dir/rosidl_typesupport_fastrtps_c/px4/msg/detail/register_ext_component_request__type_support_c.cpp.o[0m
[415.872s] [ 67%] [32mBuilding CXX object platforms/ros2/CMakeFiles/px4__rosidl_typesupport_fastrtps_cpp.dir/rosidl_typesupport_fastrtps_cpp/px4/msg/detail/dds_fastrtps/trajectory_setpoint__type_support.cpp.o[0m
[416.443s] [ 68%] [32mBuilding CXX object platforms/ros2/CMakeFiles/px4__rosidl_typesupport_fastrtps_c.dir/rosidl_typesupport_fastrtps_c/px4/msg/detail/trajectory_setpoint__type_support_c.cpp.o[0m
[416.901s] [ 68%] [32mBuilding CXX object platforms/ros2/CMakeFiles/px4__rosidl_typesupport_fastrtps_cpp.dir/rosidl_typesupport_fastrtps_cpp/px4/msg/detail/dds_fastrtps/unregister_ext_component__type_support.cpp.o[0m
[417.427s] [ 68%] [32mBuilding CXX object platforms/ros2/CMakeFiles/px4__rosidl_typesupport_fastrtps_c.dir/rosidl_typesupport_fastrtps_c/px4/msg/detail/unregister_ext_component__type_support_c.cpp.o[0m
[417.892s] [ 68%] [32mBuilding CXX object platforms/ros2/CMakeFiles/px4__rosidl_typesupport_fastrtps_cpp.dir/rosidl_typesupport_fastrtps_cpp/px4/msg/detail/dds_fastrtps/vehicle_angular_velocity__type_support.cpp.o[0m
[418.411s] [ 68%] [32mBuilding CXX object platforms/ros2/CMakeFiles/px4__rosidl_typesupport_fastrtps_c.dir/rosidl_typesupport_fastrtps_c/px4/msg/detail/vehicle_angular_velocity__type_support_c.cpp.o[0m
[418.903s] [ 69%] [32mBuilding CXX object platforms/ros2/CMakeFiles/px4__rosidl_typesupport_fastrtps_cpp.dir/rosidl_typesupport_fastrtps_cpp/px4/msg/detail/dds_fastrtps/vehicle_attitude__type_support.cpp.o[0m
[419.345s] [ 69%] [32mBuilding CXX object platforms/ros2/CMakeFiles/px4__rosidl_typesupport_fastrtps_c.dir/rosidl_typesupport_fastrtps_c/px4/msg/detail/vehicle_attitude__type_support_c.cpp.o[0m
[419.922s] [ 69%] [32mBuilding CXX object platforms/ros2/CMakeFiles/px4__rosidl_typesupport_fastrtps_cpp.dir/rosidl_typesupport_fastrtps_cpp/px4/msg/detail/dds_fastrtps/vehicle_attitude_setpoint__type_support.cpp.o[0m
[420.308s] [ 69%] [32mBuilding CXX object platforms/ros2/CMakeFiles/px4__rosidl_typesupport_fastrtps_c.dir/rosidl_typesupport_fastrtps_c/px4/msg/detail/vehicle_attitude_setpoint__type_support_c.cpp.o[0m
[420.954s] [ 69%] [32mBuilding CXX object platforms/ros2/CMakeFiles/px4__rosidl_typesupport_fastrtps_cpp.dir/rosidl_typesupport_fastrtps_cpp/px4/msg/detail/dds_fastrtps/vehicle_command__type_support.cpp.o[0m
[421.310s] [ 69%] [32mBuilding CXX object platforms/ros2/CMakeFiles/px4__rosidl_typesupport_fastrtps_c.dir/rosidl_typesupport_fastrtps_c/px4/msg/detail/vehicle_command__type_support_c.cpp.o[0m
[422.082s] [ 69%] [32mBuilding CXX object platforms/ros2/CMakeFiles/px4__rosidl_typesupport_fastrtps_cpp.dir/rosidl_typesupport_fastrtps_cpp/px4/msg/detail/dds_fastrtps/vehicle_command_ack__type_support.cpp.o[0m
[422.408s] [ 69%] [32mBuilding CXX object platforms/ros2/CMakeFiles/px4__rosidl_typesupport_fastrtps_c.dir/rosidl_typesupport_fastrtps_c/px4/msg/detail/vehicle_command_ack__type_support_c.cpp.o[0m
[423.124s] [ 69%] [32mBuilding CXX object platforms/ros2/CMakeFiles/px4__rosidl_typesupport_fastrtps_cpp.dir/rosidl_typesupport_fastrtps_cpp/px4/msg/detail/dds_fastrtps/vehicle_control_mode__type_support.cpp.o[0m
[423.445s] [ 69%] [32mBuilding CXX object platforms/ros2/CMakeFiles/px4__rosidl_typesupport_fastrtps_c.dir/rosidl_typesupport_fastrtps_c/px4/msg/detail/vehicle_control_mode__type_support_c.cpp.o[0m
[424.203s] [ 69%] [32mBuilding CXX object platforms/ros2/CMakeFiles/px4__rosidl_typesupport_fastrtps_cpp.dir/rosidl_typesupport_fastrtps_cpp/px4/msg/detail/dds_fastrtps/vehicle_global_position__type_support.cpp.o[0m
[424.531s] [ 69%] [32mBuilding CXX object platforms/ros2/CMakeFiles/px4__rosidl_typesupport_fastrtps_c.dir/rosidl_typesupport_fastrtps_c/px4/msg/detail/vehicle_global_position__type_support_c.cpp.o[0m
[425.314s] [ 69%] [32mBuilding CXX object platforms/ros2/CMakeFiles/px4__rosidl_typesupport_fastrtps_cpp.dir/rosidl_typesupport_fastrtps_cpp/px4/msg/detail/dds_fastrtps/vehicle_land_detected__type_support.cpp.o[0m
[425.647s] [ 69%] [32mBuilding CXX object platforms/ros2/CMakeFiles/px4__rosidl_typesupport_fastrtps_c.dir/rosidl_typesupport_fastrtps_c/px4/msg/detail/vehicle_land_detected__type_support_c.cpp.o[0m
[426.485s] [ 69%] [32mBuilding CXX object platforms/ros2/CMakeFiles/px4__rosidl_typesupport_fastrtps_cpp.dir/rosidl_typesupport_fastrtps_cpp/px4/msg/detail/dds_fastrtps/vehicle_local_position__type_support.cpp.o[0m
[426.701s] [ 69%] [32mBuilding CXX object platforms/ros2/CMakeFiles/px4__rosidl_typesupport_fastrtps_c.dir/rosidl_typesupport_fastrtps_c/px4/msg/detail/vehicle_local_position__type_support_c.cpp.o[0m
[427.976s] [ 69%] [32mBuilding CXX object platforms/ros2/CMakeFiles/px4__rosidl_typesupport_fastrtps_cpp.dir/rosidl_typesupport_fastrtps_cpp/px4/msg/detail/dds_fastrtps/vehicle_odometry__type_support.cpp.o[0m
[428.113s] [ 69%] [32mBuilding CXX object platforms/ros2/CMakeFiles/px4__rosidl_typesupport_fastrtps_c.dir/rosidl_typesupport_fastrtps_c/px4/msg/detail/vehicle_odometry__type_support_c.cpp.o[0m
[429.094s] [ 69%] [32mBuilding CXX object platforms/ros2/CMakeFiles/px4__rosidl_typesupport_fastrtps_cpp.dir/rosidl_typesupport_fastrtps_cpp/px4/msg/detail/dds_fastrtps/vehicle_rates_setpoint__type_support.cpp.o[0m
[429.138s] [ 69%] [32mBuilding CXX object platforms/ros2/CMakeFiles/px4__rosidl_typesupport_fastrtps_c.dir/rosidl_typesupport_fastrtps_c/px4/msg/detail/vehicle_rates_setpoint__type_support_c.cpp.o[0m
[430.054s] [ 69%] [32mBuilding CXX object platforms/ros2/CMakeFiles/px4__rosidl_typesupport_fastrtps_c.dir/rosidl_typesupport_fastrtps_c/px4/msg/detail/vehicle_status__type_support_c.cpp.o[0m
[430.090s] [ 69%] [32mBuilding CXX object platforms/ros2/CMakeFiles/px4__rosidl_typesupport_fastrtps_cpp.dir/rosidl_typesupport_fastrtps_cpp/px4/msg/detail/dds_fastrtps/vehicle_status__type_support.cpp.o[0m
[431.341s] [ 69%] [32mBuilding CXX object platforms/ros2/CMakeFiles/px4__rosidl_typesupport_fastrtps_c.dir/rosidl_typesupport_fastrtps_c/px4/msg/detail/vtol_vehicle_status__type_support_c.cpp.o[0m
[431.352s] [ 69%] [32mBuilding CXX object platforms/ros2/CMakeFiles/px4__rosidl_typesupport_fastrtps_cpp.dir/rosidl_typesupport_fastrtps_cpp/px4/msg/detail/dds_fastrtps/vtol_vehicle_status__type_support.cpp.o[0m
[432.310s] [ 69%] [32m[1mLinking CXX shared library libpx4__rosidl_typesupport_fastrtps_c.so[0m
[432.311s] [ 69%] [32m[1mLinking CXX shared library libpx4__rosidl_typesupport_fastrtps_cpp.so[0m
[432.884s] [ 69%] Built target px4__rosidl_typesupport_fastrtps_c
[432.924s] [ 69%] Built target px4__rosidl_typesupport_fastrtps_cpp
[432.963s] [ 69%] [34m[1mGenerating C++ introspection for ROS interfaces[0m
[491.282s] [ 69%] [32mBuilding CXX object platforms/ros2/CMakeFiles/px4__rosidl_typesupport_introspection_cpp.dir/rosidl_typesupport_introspection_cpp/px4/msg/detail/action_request__type_support.cpp.o[0m
[491.283s] [ 69%] [32mBuilding CXX object platforms/ros2/CMakeFiles/px4__rosidl_typesupport_introspection_cpp.dir/rosidl_typesupport_introspection_cpp/px4/msg/detail/ackermann_velocity_setpoint__type_support.cpp.o[0m
[491.880s] [ 69%] [32mBuilding CXX object platforms/ros2/CMakeFiles/px4__rosidl_typesupport_introspection_cpp.dir/rosidl_typesupport_introspection_cpp/px4/msg/detail/actuator_armed__type_support.cpp.o[0m
[491.886s] [ 69%] [32mBuilding CXX object platforms/ros2/CMakeFiles/px4__rosidl_typesupport_introspection_cpp.dir/rosidl_typesupport_introspection_cpp/px4/msg/detail/actuator_controls_status__type_support.cpp.o[0m
[492.484s] [ 69%] [32mBuilding CXX object platforms/ros2/CMakeFiles/px4__rosidl_typesupport_introspection_cpp.dir/rosidl_typesupport_introspection_cpp/px4/msg/detail/actuator_outputs__type_support.cpp.o[0m
[492.501s] [ 69%] [32mBuilding CXX object platforms/ros2/CMakeFiles/px4__rosidl_typesupport_introspection_cpp.dir/rosidl_typesupport_introspection_cpp/px4/msg/detail/actuator_servos_trim__type_support.cpp.o[0m
[493.101s] [ 69%] [32mBuilding CXX object platforms/ros2/CMakeFiles/px4__rosidl_typesupport_introspection_cpp.dir/rosidl_typesupport_introspection_cpp/px4/msg/detail/actuator_test__type_support.cpp.o[0m
[493.117s] [ 69%] [32mBuilding CXX object platforms/ros2/CMakeFiles/px4__rosidl_typesupport_introspection_cpp.dir/rosidl_typesupport_introspection_cpp/px4/msg/detail/adc_report__type_support.cpp.o[0m
[493.722s] [ 69%] [32mBuilding CXX object platforms/ros2/CMakeFiles/px4__rosidl_typesupport_introspection_cpp.dir/rosidl_typesupport_introspection_cpp/px4/msg/detail/airspeed__type_support.cpp.o[0m
[493.736s] [ 69%] [32mBuilding CXX object platforms/ros2/CMakeFiles/px4__rosidl_typesupport_introspection_cpp.dir/rosidl_typesupport_introspection_cpp/px4/msg/detail/airspeed_wind__type_support.cpp.o[0m
[494.337s] [ 69%] [32mBuilding CXX object platforms/ros2/CMakeFiles/px4__rosidl_typesupport_introspection_cpp.dir/rosidl_typesupport_introspection_cpp/px4/msg/detail/autotune_attitude_control_status__type_support.cpp.o[0m
[494.369s] [ 69%] [32mBuilding CXX object platforms/ros2/CMakeFiles/px4__rosidl_typesupport_introspection_cpp.dir/rosidl_typesupport_introspection_cpp/px4/msg/detail/button_event__type_support.cpp.o[0m
[495.081s] [ 69%] [32mBuilding CXX object platforms/ros2/CMakeFiles/px4__rosidl_typesupport_introspection_cpp.dir/rosidl_typesupport_introspection_cpp/px4/msg/detail/camera_status__type_support.cpp.o[0m
[495.671s] [ 69%] [32mBuilding CXX object platforms/ros2/CMakeFiles/px4__rosidl_typesupport_introspection_cpp.dir/rosidl_typesupport_introspection_cpp/px4/msg/detail/camera_trigger__type_support.cpp.o[0m
[496.264s] [ 69%] [32mBuilding CXX object platforms/ros2/CMakeFiles/px4__rosidl_typesupport_introspection_cpp.dir/rosidl_typesupport_introspection_cpp/px4/msg/detail/can_interface_status__type_support.cpp.o[0m
[496.849s] [ 69%] [32mBuilding CXX object platforms/ros2/CMakeFiles/px4__rosidl_typesupport_introspection_cpp.dir/rosidl_typesupport_introspection_cpp/px4/msg/detail/cellular_status__type_support.cpp.o[0m
[497.426s] [ 69%] [32mBuilding CXX object platforms/ros2/CMakeFiles/px4__rosidl_typesupport_introspection_cpp.dir/rosidl_typesupport_introspection_cpp/px4/msg/detail/collision_constraints__type_support.cpp.o[0m
[498.050s] [ 70%] [32mBuilding CXX object platforms/ros2/CMakeFiles/px4__rosidl_typesupport_introspection_cpp.dir/rosidl_typesupport_introspection_cpp/px4/msg/detail/control_allocator_status__type_support.cpp.o[0m
[498.693s] [ 70%] [32mBuilding CXX object platforms/ros2/CMakeFiles/px4__rosidl_typesupport_introspection_cpp.dir/rosidl_typesupport_introspection_cpp/px4/msg/detail/cpuload__type_support.cpp.o[0m
[499.278s] [ 70%] [32mBuilding CXX object platforms/ros2/CMakeFiles/px4__rosidl_typesupport_introspection_cpp.dir/rosidl_typesupport_introspection_cpp/px4/msg/detail/dataman_request__type_support.cpp.o[0m
[499.882s] [ 70%] [32mBuilding CXX object platforms/ros2/CMakeFiles/px4__rosidl_typesupport_introspection_cpp.dir/rosidl_typesupport_introspection_cpp/px4/msg/detail/dataman_response__type_support.cpp.o[0m
[500.478s] [ 70%] [32mBuilding CXX object platforms/ros2/CMakeFiles/px4__rosidl_typesupport_introspection_cpp.dir/rosidl_typesupport_introspection_cpp/px4/msg/detail/debug_array__type_support.cpp.o[0m
[501.130s] [ 70%] [32mBuilding CXX object platforms/ros2/CMakeFiles/px4__rosidl_typesupport_introspection_cpp.dir/rosidl_typesupport_introspection_cpp/px4/msg/detail/debug_key_value__type_support.cpp.o[0m
[501.743s] [ 70%] [32mBuilding CXX object platforms/ros2/CMakeFiles/px4__rosidl_typesupport_introspection_cpp.dir/rosidl_typesupport_introspection_cpp/px4/msg/detail/debug_value__type_support.cpp.o[0m
[502.343s] [ 70%] [32mBuilding CXX object platforms/ros2/CMakeFiles/px4__rosidl_typesupport_introspection_cpp.dir/rosidl_typesupport_introspection_cpp/px4/msg/detail/debug_vect__type_support.cpp.o[0m
[502.940s] [ 70%] [32mBuilding CXX object platforms/ros2/CMakeFiles/px4__rosidl_typesupport_introspection_cpp.dir/rosidl_typesupport_introspection_cpp/px4/msg/detail/differential_pressure__type_support.cpp.o[0m
[503.525s] [ 70%] [32mBuilding CXX object platforms/ros2/CMakeFiles/px4__rosidl_typesupport_introspection_cpp.dir/rosidl_typesupport_introspection_cpp/px4/msg/detail/differential_velocity_setpoint__type_support.cpp.o[0m
[504.142s] [ 70%] [32mBuilding CXX object platforms/ros2/CMakeFiles/px4__rosidl_typesupport_introspection_cpp.dir/rosidl_typesupport_introspection_cpp/px4/msg/detail/distance_sensor__type_support.cpp.o[0m
[504.759s] [ 70%] [32mBuilding CXX object platforms/ros2/CMakeFiles/px4__rosidl_typesupport_introspection_cpp.dir/rosidl_typesupport_introspection_cpp/px4/msg/detail/distance_sensor_mode_change_request__type_support.cpp.o[0m
[505.333s] [ 70%] [32mBuilding CXX object platforms/ros2/CMakeFiles/px4__rosidl_typesupport_introspection_cpp.dir/rosidl_typesupport_introspection_cpp/px4/msg/detail/ekf2_timestamps__type_support.cpp.o[0m
[505.909s] [ 70%] [32mBuilding CXX object platforms/ros2/CMakeFiles/px4__rosidl_typesupport_introspection_cpp.dir/rosidl_typesupport_introspection_cpp/px4/msg/detail/esc_report__type_support.cpp.o[0m
[506.514s] [ 70%] [32mBuilding CXX object platforms/ros2/CMakeFiles/px4__rosidl_typesupport_introspection_cpp.dir/rosidl_typesupport_introspection_cpp/px4/msg/detail/esc_status__type_support.cpp.o[0m
[507.177s] [ 70%] [32mBuilding CXX object platforms/ros2/CMakeFiles/px4__rosidl_typesupport_introspection_cpp.dir/rosidl_typesupport_introspection_cpp/px4/msg/detail/estimator_aid_source1d__type_support.cpp.o[0m
[507.785s] [ 70%] [32mBuilding CXX object platforms/ros2/CMakeFiles/px4__rosidl_typesupport_introspection_cpp.dir/rosidl_typesupport_introspection_cpp/px4/msg/detail/estimator_aid_source2d__type_support.cpp.o[0m
[508.517s] [ 70%] [32mBuilding CXX object platforms/ros2/CMakeFiles/px4__rosidl_typesupport_introspection_cpp.dir/rosidl_typesupport_introspection_cpp/px4/msg/detail/estimator_aid_source3d__type_support.cpp.o[0m
[509.211s] [ 70%] [32mBuilding CXX object platforms/ros2/CMakeFiles/px4__rosidl_typesupport_introspection_cpp.dir/rosidl_typesupport_introspection_cpp/px4/msg/detail/estimator_bias__type_support.cpp.o[0m
[509.829s] [ 70%] [32mBuilding CXX object platforms/ros2/CMakeFiles/px4__rosidl_typesupport_introspection_cpp.dir/rosidl_typesupport_introspection_cpp/px4/msg/detail/camera_capture__type_support.cpp.o[0m
[509.829s] [ 70%] [32mBuilding CXX object platforms/ros2/CMakeFiles/px4__rosidl_typesupport_introspection_cpp.dir/rosidl_typesupport_introspection_cpp/px4/msg/detail/estimator_bias3d__type_support.cpp.o[0m
[510.481s] [ 70%] [32mBuilding CXX object platforms/ros2/CMakeFiles/px4__rosidl_typesupport_introspection_cpp.dir/rosidl_typesupport_introspection_cpp/px4/msg/detail/estimator_event_flags__type_support.cpp.o[0m
[510.495s] [ 70%] [32mBuilding CXX object platforms/ros2/CMakeFiles/px4__rosidl_typesupport_introspection_cpp.dir/rosidl_typesupport_introspection_cpp/px4/msg/detail/estimator_gps_status__type_support.cpp.o[0m
[511.098s] [ 70%] [32mBuilding CXX object platforms/ros2/CMakeFiles/px4__rosidl_typesupport_introspection_cpp.dir/rosidl_typesupport_introspection_cpp/px4/msg/detail/estimator_innovations__type_support.cpp.o[0m
[511.116s] [ 70%] [32mBuilding CXX object platforms/ros2/CMakeFiles/px4__rosidl_typesupport_introspection_cpp.dir/rosidl_typesupport_introspection_cpp/px4/msg/detail/estimator_selector_status__type_support.cpp.o[0m
[511.783s] [ 70%] [32mBuilding CXX object platforms/ros2/CMakeFiles/px4__rosidl_typesupport_introspection_cpp.dir/rosidl_typesupport_introspection_cpp/px4/msg/detail/estimator_sensor_bias__type_support.cpp.o[0m
[511.799s] [ 70%] [32mBuilding CXX object platforms/ros2/CMakeFiles/px4__rosidl_typesupport_introspection_cpp.dir/rosidl_typesupport_introspection_cpp/px4/msg/detail/estimator_states__type_support.cpp.o[0m
[512.407s] [ 70%] [32mBuilding CXX object platforms/ros2/CMakeFiles/px4__rosidl_typesupport_introspection_cpp.dir/rosidl_typesupport_introspection_cpp/px4/msg/detail/estimator_status__type_support.cpp.o[0m
[512.455s] [ 70%] [32mBuilding CXX object platforms/ros2/CMakeFiles/px4__rosidl_typesupport_introspection_cpp.dir/rosidl_typesupport_introspection_cpp/px4/msg/detail/estimator_status_flags__type_support.cpp.o[0m
[513.004s] [ 70%] [32mBuilding CXX object platforms/ros2/CMakeFiles/px4__rosidl_typesupport_introspection_cpp.dir/rosidl_typesupport_introspection_cpp/px4/msg/detail/event__type_support.cpp.o[0m
[513.071s] [ 72%] [32mBuilding CXX object platforms/ros2/CMakeFiles/px4__rosidl_typesupport_introspection_cpp.dir/rosidl_typesupport_introspection_cpp/px4/msg/detail/failsafe_flags__type_support.cpp.o[0m
[513.596s] [ 72%] [32mBuilding CXX object platforms/ros2/CMakeFiles/px4__rosidl_typesupport_introspection_cpp.dir/rosidl_typesupport_introspection_cpp/px4/msg/detail/failure_detector_status__type_support.cpp.o[0m
[513.656s] [ 72%] [32mBuilding CXX object platforms/ros2/CMakeFiles/px4__rosidl_typesupport_introspection_cpp.dir/rosidl_typesupport_introspection_cpp/px4/msg/detail/figure_eight_status__type_support.cpp.o[0m
[514.208s] [ 72%] [32mBuilding CXX object platforms/ros2/CMakeFiles/px4__rosidl_typesupport_introspection_cpp.dir/rosidl_typesupport_introspection_cpp/px4/msg/detail/flight_phase_estimation__type_support.cpp.o[0m
[514.231s] [ 72%] [32mBuilding CXX object platforms/ros2/CMakeFiles/px4__rosidl_typesupport_introspection_cpp.dir/rosidl_typesupport_introspection_cpp/px4/msg/detail/follow_target__type_support.cpp.o[0m
[514.832s] [ 72%] [32mBuilding CXX object platforms/ros2/CMakeFiles/px4__rosidl_typesupport_introspection_cpp.dir/rosidl_typesupport_introspection_cpp/px4/msg/detail/follow_target_status__type_support.cpp.o[0m
[515.404s] [ 72%] [32mBuilding CXX object platforms/ros2/CMakeFiles/px4__rosidl_typesupport_introspection_cpp.dir/rosidl_typesupport_introspection_cpp/px4/msg/detail/fuel_tank_status__type_support.cpp.o[0m
[515.969s] [ 72%] [32mBuilding CXX object platforms/ros2/CMakeFiles/px4__rosidl_typesupport_introspection_cpp.dir/rosidl_typesupport_introspection_cpp/px4/msg/detail/generator_status__type_support.cpp.o[0m
[516.542s] [ 72%] [32mBuilding CXX object platforms/ros2/CMakeFiles/px4__rosidl_typesupport_introspection_cpp.dir/rosidl_typesupport_introspection_cpp/px4/msg/detail/geofence_result__type_support.cpp.o[0m
[517.171s] [ 72%] [32mBuilding CXX object platforms/ros2/CMakeFiles/px4__rosidl_typesupport_introspection_cpp.dir/rosidl_typesupport_introspection_cpp/px4/msg/detail/geofence_status__type_support.cpp.o[0m
[517.802s] [ 72%] [32mBuilding CXX object platforms/ros2/CMakeFiles/px4__rosidl_typesupport_introspection_cpp.dir/rosidl_typesupport_introspection_cpp/px4/msg/detail/gimbal_controls__type_support.cpp.o[0m
[518.407s] [ 72%] [32mBuilding CXX object platforms/ros2/CMakeFiles/px4__rosidl_typesupport_introspection_cpp.dir/rosidl_typesupport_introspection_cpp/px4/msg/detail/gimbal_device_attitude_status__type_support.cpp.o[0m
[519.015s] [ 72%] [32mBuilding CXX object platforms/ros2/CMakeFiles/px4__rosidl_typesupport_introspection_cpp.dir/rosidl_typesupport_introspection_cpp/px4/msg/detail/gimbal_device_information__type_support.cpp.o[0m
[519.654s] [ 72%] [32mBuilding CXX object platforms/ros2/CMakeFiles/px4__rosidl_typesupport_introspection_cpp.dir/rosidl_typesupport_introspection_cpp/px4/msg/detail/gimbal_device_set_attitude__type_support.cpp.o[0m
[520.261s] [ 72%] [32mBuilding CXX object platforms/ros2/CMakeFiles/px4__rosidl_typesupport_introspection_cpp.dir/rosidl_typesupport_introspection_cpp/px4/msg/detail/gimbal_manager_information__type_support.cpp.o[0m
[520.856s] [ 72%] [32mBuilding CXX object platforms/ros2/CMakeFiles/px4__rosidl_typesupport_introspection_cpp.dir/rosidl_typesupport_introspection_cpp/px4/msg/detail/gimbal_manager_set_attitude__type_support.cpp.o[0m
[521.495s] [ 72%] [32mBuilding CXX object platforms/ros2/CMakeFiles/px4__rosidl_typesupport_introspection_cpp.dir/rosidl_typesupport_introspection_cpp/px4/msg/detail/gimbal_manager_set_manual_control__type_support.cpp.o[0m
[522.072s] [ 72%] [32mBuilding CXX object platforms/ros2/CMakeFiles/px4__rosidl_typesupport_introspection_cpp.dir/rosidl_typesupport_introspection_cpp/px4/msg/detail/gimbal_manager_status__type_support.cpp.o[0m
[522.638s] [ 72%] [32mBuilding CXX object platforms/ros2/CMakeFiles/px4__rosidl_typesupport_introspection_cpp.dir/rosidl_typesupport_introspection_cpp/px4/msg/detail/gpio_config__type_support.cpp.o[0m
[523.190s] [ 72%] [32mBuilding CXX object platforms/ros2/CMakeFiles/px4__rosidl_typesupport_introspection_cpp.dir/rosidl_typesupport_introspection_cpp/px4/msg/detail/gpio_in__type_support.cpp.o[0m
[523.775s] [ 72%] [32mBuilding CXX object platforms/ros2/CMakeFiles/px4__rosidl_typesupport_introspection_cpp.dir/rosidl_typesupport_introspection_cpp/px4/msg/detail/gpio_out__type_support.cpp.o[0m
[524.329s] [ 72%] [32mBuilding CXX object platforms/ros2/CMakeFiles/px4__rosidl_typesupport_introspection_cpp.dir/rosidl_typesupport_introspection_cpp/px4/msg/detail/gpio_request__type_support.cpp.o[0m
[524.888s] [ 72%] [32mBuilding CXX object platforms/ros2/CMakeFiles/px4__rosidl_typesupport_introspection_cpp.dir/rosidl_typesupport_introspection_cpp/px4/msg/detail/gps_dump__type_support.cpp.o[0m
[524.888s] [ 72%] [32mBuilding CXX object platforms/ros2/CMakeFiles/px4__rosidl_typesupport_introspection_cpp.dir/rosidl_typesupport_introspection_cpp/px4/msg/detail/follow_target_estimator__type_support.cpp.o[0m
[525.482s] [ 72%] [32mBuilding CXX object platforms/ros2/CMakeFiles/px4__rosidl_typesupport_introspection_cpp.dir/rosidl_typesupport_introspection_cpp/px4/msg/detail/gps_inject_data__type_support.cpp.o[0m
[525.541s] [ 72%] [32mBuilding CXX object platforms/ros2/CMakeFiles/px4__rosidl_typesupport_introspection_cpp.dir/rosidl_typesupport_introspection_cpp/px4/msg/detail/gripper__type_support.cpp.o[0m
[526.079s] [ 72%] [32mBuilding CXX object platforms/ros2/CMakeFiles/px4__rosidl_typesupport_introspection_cpp.dir/rosidl_typesupport_introspection_cpp/px4/msg/detail/health_report__type_support.cpp.o[0m
[526.137s] [ 72%] [32mBuilding CXX object platforms/ros2/CMakeFiles/px4__rosidl_typesupport_introspection_cpp.dir/rosidl_typesupport_introspection_cpp/px4/msg/detail/heater_status__type_support.cpp.o[0m
[526.686s] [ 72%] [32mBuilding CXX object platforms/ros2/CMakeFiles/px4__rosidl_typesupport_introspection_cpp.dir/rosidl_typesupport_introspection_cpp/px4/msg/detail/hover_thrust_estimate__type_support.cpp.o[0m
[526.802s] [ 73%] [32mBuilding CXX object platforms/ros2/CMakeFiles/px4__rosidl_typesupport_introspection_cpp.dir/rosidl_typesupport_introspection_cpp/px4/msg/detail/input_rc__type_support.cpp.o[0m
[527.331s] [ 73%] [32mBuilding CXX object platforms/ros2/CMakeFiles/px4__rosidl_typesupport_introspection_cpp.dir/rosidl_typesupport_introspection_cpp/px4/msg/detail/internal_combustion_engine_control__type_support.cpp.o[0m
[527.423s] [ 73%] [32mBuilding CXX object platforms/ros2/CMakeFiles/px4__rosidl_typesupport_introspection_cpp.dir/rosidl_typesupport_introspection_cpp/px4/msg/detail/internal_combustion_engine_status__type_support.cpp.o[0m
[527.954s] [ 73%] [32mBuilding CXX object platforms/ros2/CMakeFiles/px4__rosidl_typesupport_introspection_cpp.dir/rosidl_typesupport_introspection_cpp/px4/msg/detail/iridiumsbd_status__type_support.cpp.o[0m
[528.022s] [ 73%] [32mBuilding CXX object platforms/ros2/CMakeFiles/px4__rosidl_typesupport_introspection_cpp.dir/rosidl_typesupport_introspection_cpp/px4/msg/detail/irlock_report__type_support.cpp.o[0m
[528.562s] [ 73%] [32mBuilding CXX object platforms/ros2/CMakeFiles/px4__rosidl_typesupport_introspection_cpp.dir/rosidl_typesupport_introspection_cpp/px4/msg/detail/landing_gear__type_support.cpp.o[0m
[528.645s] [ 73%] [32mBuilding CXX object platforms/ros2/CMakeFiles/px4__rosidl_typesupport_introspection_cpp.dir/rosidl_typesupport_introspection_cpp/px4/msg/detail/landing_gear_wheel__type_support.cpp.o[0m
[529.196s] [ 73%] [32mBuilding CXX object platforms/ros2/CMakeFiles/px4__rosidl_typesupport_introspection_cpp.dir/rosidl_typesupport_introspection_cpp/px4/msg/detail/landing_target_innovations__type_support.cpp.o[0m
[529.245s] [ 73%] [32mBuilding CXX object platforms/ros2/CMakeFiles/px4__rosidl_typesupport_introspection_cpp.dir/rosidl_typesupport_introspection_cpp/px4/msg/detail/landing_target_pose__type_support.cpp.o[0m
[529.859s] [ 73%] [32mBuilding CXX object platforms/ros2/CMakeFiles/px4__rosidl_typesupport_introspection_cpp.dir/rosidl_typesupport_introspection_cpp/px4/msg/detail/launch_detection_status__type_support.cpp.o[0m
[529.870s] [ 73%] [32mBuilding CXX object platforms/ros2/CMakeFiles/px4__rosidl_typesupport_introspection_cpp.dir/rosidl_typesupport_introspection_cpp/px4/msg/detail/led_control__type_support.cpp.o[0m
[530.494s] [ 73%] [32mBuilding CXX object platforms/ros2/CMakeFiles/px4__rosidl_typesupport_introspection_cpp.dir/rosidl_typesupport_introspection_cpp/px4/msg/detail/log_message__type_support.cpp.o[0m
[530.539s] [ 73%] [32mBuilding CXX object platforms/ros2/CMakeFiles/px4__rosidl_typesupport_introspection_cpp.dir/rosidl_typesupport_introspection_cpp/px4/msg/detail/logger_status__type_support.cpp.o[0m
[531.216s] [ 73%] [32mBuilding CXX object platforms/ros2/CMakeFiles/px4__rosidl_typesupport_introspection_cpp.dir/rosidl_typesupport_introspection_cpp/px4/msg/detail/mag_worker_data__type_support.cpp.o[0m
[531.246s] [ 73%] [32mBuilding CXX object platforms/ros2/CMakeFiles/px4__rosidl_typesupport_introspection_cpp.dir/rosidl_typesupport_introspection_cpp/px4/msg/detail/magnetometer_bias_estimate__type_support.cpp.o[0m
[531.878s] [ 73%] [32mBuilding CXX object platforms/ros2/CMakeFiles/px4__rosidl_typesupport_introspection_cpp.dir/rosidl_typesupport_introspection_cpp/px4/msg/detail/manual_control_switches__type_support.cpp.o[0m
[531.884s] [ 73%] [32mBuilding CXX object platforms/ros2/CMakeFiles/px4__rosidl_typesupport_introspection_cpp.dir/rosidl_typesupport_introspection_cpp/px4/msg/detail/mavlink_log__type_support.cpp.o[0m
[532.488s] [ 73%] [32mBuilding CXX object platforms/ros2/CMakeFiles/px4__rosidl_typesupport_introspection_cpp.dir/rosidl_typesupport_introspection_cpp/px4/msg/detail/mavlink_tunnel__type_support.cpp.o[0m
[532.583s] [ 73%] [32mBuilding CXX object platforms/ros2/CMakeFiles/px4__rosidl_typesupport_introspection_cpp.dir/rosidl_typesupport_introspection_cpp/px4/msg/detail/message_format_request__type_support.cpp.o[0m
[533.032s] [ 73%] [32mBuilding CXX object platforms/ros2/CMakeFiles/px4__rosidl_typesupport_introspection_cpp.dir/rosidl_typesupport_introspection_cpp/px4/msg/detail/message_format_response__type_support.cpp.o[0m
[533.147s] [ 73%] [32mBuilding CXX object platforms/ros2/CMakeFiles/px4__rosidl_typesupport_introspection_cpp.dir/rosidl_typesupport_introspection_cpp/px4/msg/detail/mission__type_support.cpp.o[0m
[533.572s] [ 73%] [32mBuilding CXX object platforms/ros2/CMakeFiles/px4__rosidl_typesupport_introspection_cpp.dir/rosidl_typesupport_introspection_cpp/px4/msg/detail/mission_result__type_support.cpp.o[0m
[533.741s] [ 73%] [32mBuilding CXX object platforms/ros2/CMakeFiles/px4__rosidl_typesupport_introspection_cpp.dir/rosidl_typesupport_introspection_cpp/px4/msg/detail/mount_orientation__type_support.cpp.o[0m
[534.190s] [ 73%] [32mBuilding CXX object platforms/ros2/CMakeFiles/px4__rosidl_typesupport_introspection_cpp.dir/rosidl_typesupport_introspection_cpp/px4/msg/detail/navigator_mission_item__type_support.cpp.o[0m
[534.363s] [ 73%] [32mBuilding CXX object platforms/ros2/CMakeFiles/px4__rosidl_typesupport_introspection_cpp.dir/rosidl_typesupport_introspection_cpp/px4/msg/detail/navigator_status__type_support.cpp.o[0m
[534.943s] [ 73%] [32mBuilding CXX object platforms/ros2/CMakeFiles/px4__rosidl_typesupport_introspection_cpp.dir/rosidl_typesupport_introspection_cpp/px4/msg/detail/npfg_status__type_support.cpp.o[0m
[535.516s] [ 73%] [32mBuilding CXX object platforms/ros2/CMakeFiles/px4__rosidl_typesupport_introspection_cpp.dir/rosidl_typesupport_introspection_cpp/px4/msg/detail/obstacle_distance__type_support.cpp.o[0m
[536.106s] [ 74%] [32mBuilding CXX object platforms/ros2/CMakeFiles/px4__rosidl_typesupport_introspection_cpp.dir/rosidl_typesupport_introspection_cpp/px4/msg/detail/offboard_control_mode__type_support.cpp.o[0m
[536.683s] [ 74%] [32mBuilding CXX object platforms/ros2/CMakeFiles/px4__rosidl_typesupport_introspection_cpp.dir/rosidl_typesupport_introspection_cpp/px4/msg/detail/onboard_computer_status__type_support.cpp.o[0m
[537.441s] [ 74%] [32mBuilding CXX object platforms/ros2/CMakeFiles/px4__rosidl_typesupport_introspection_cpp.dir/rosidl_typesupport_introspection_cpp/px4/msg/detail/open_drone_id_arm_status__type_support.cpp.o[0m
[538.034s] [ 74%] [32mBuilding CXX object platforms/ros2/CMakeFiles/px4__rosidl_typesupport_introspection_cpp.dir/rosidl_typesupport_introspection_cpp/px4/msg/detail/open_drone_id_operator_id__type_support.cpp.o[0m
[538.637s] [ 74%] [32mBuilding CXX object platforms/ros2/CMakeFiles/px4__rosidl_typesupport_introspection_cpp.dir/rosidl_typesupport_introspection_cpp/px4/msg/detail/open_drone_id_self_id__type_support.cpp.o[0m
[539.244s] [ 74%] [32mBuilding CXX object platforms/ros2/CMakeFiles/px4__rosidl_typesupport_introspection_cpp.dir/rosidl_typesupport_introspection_cpp/px4/msg/detail/open_drone_id_system__type_support.cpp.o[0m
[539.841s] [ 74%] [32mBuilding CXX object platforms/ros2/CMakeFiles/px4__rosidl_typesupport_introspection_cpp.dir/rosidl_typesupport_introspection_cpp/px4/msg/detail/orb_test__type_support.cpp.o[0m
[540.401s] [ 74%] [32mBuilding CXX object platforms/ros2/CMakeFiles/px4__rosidl_typesupport_introspection_cpp.dir/rosidl_typesupport_introspection_cpp/px4/msg/detail/orb_test_large__type_support.cpp.o[0m
[540.986s] [ 74%] [32mBuilding CXX object platforms/ros2/CMakeFiles/px4__rosidl_typesupport_introspection_cpp.dir/rosidl_typesupport_introspection_cpp/px4/msg/detail/orb_test_medium__type_support.cpp.o[0m
[541.590s] [ 74%] [32mBuilding CXX object platforms/ros2/CMakeFiles/px4__rosidl_typesupport_introspection_cpp.dir/rosidl_typesupport_introspection_cpp/px4/msg/detail/orbit_status__type_support.cpp.o[0m
[542.169s] [ 74%] [32mBuilding CXX object platforms/ros2/CMakeFiles/px4__rosidl_typesupport_introspection_cpp.dir/rosidl_typesupport_introspection_cpp/px4/msg/detail/parameter_reset_request__type_support.cpp.o[0m
[542.748s] [ 74%] [32mBuilding CXX object platforms/ros2/CMakeFiles/px4__rosidl_typesupport_introspection_cpp.dir/rosidl_typesupport_introspection_cpp/px4/msg/detail/parameter_set_used_request__type_support.cpp.o[0m
[543.298s] [ 74%] [32mBuilding CXX object platforms/ros2/CMakeFiles/px4__rosidl_typesupport_introspection_cpp.dir/rosidl_typesupport_introspection_cpp/px4/msg/detail/parameter_set_value_request__type_support.cpp.o[0m
[543.865s] [ 74%] [32mBuilding CXX object platforms/ros2/CMakeFiles/px4__rosidl_typesupport_introspection_cpp.dir/rosidl_typesupport_introspection_cpp/px4/msg/detail/parameter_set_value_response__type_support.cpp.o[0m
[544.434s] [ 74%] [32mBuilding CXX object platforms/ros2/CMakeFiles/px4__rosidl_typesupport_introspection_cpp.dir/rosidl_typesupport_introspection_cpp/px4/msg/detail/parameter_update__type_support.cpp.o[0m
[545.006s] [ 74%] [32mBuilding CXX object platforms/ros2/CMakeFiles/px4__rosidl_typesupport_introspection_cpp.dir/rosidl_typesupport_introspection_cpp/px4/msg/detail/ping__type_support.cpp.o[0m
[545.565s] [ 74%] [32mBuilding CXX object platforms/ros2/CMakeFiles/px4__rosidl_typesupport_introspection_cpp.dir/rosidl_typesupport_introspection_cpp/px4/msg/detail/position_controller_landing_status__type_support.cpp.o[0m
[546.135s] [ 74%] [32mBuilding CXX object platforms/ros2/CMakeFiles/px4__rosidl_typesupport_introspection_cpp.dir/rosidl_typesupport_introspection_cpp/px4/msg/detail/position_controller_status__type_support.cpp.o[0m
[546.700s] [ 74%] [32mBuilding CXX object platforms/ros2/CMakeFiles/px4__rosidl_typesupport_introspection_cpp.dir/rosidl_typesupport_introspection_cpp/px4/msg/detail/position_setpoint__type_support.cpp.o[0m
[547.279s] [ 74%] [32mBuilding CXX object platforms/ros2/CMakeFiles/px4__rosidl_typesupport_introspection_cpp.dir/rosidl_typesupport_introspection_cpp/px4/msg/detail/position_setpoint_triplet__type_support.cpp.o[0m
[547.876s] [ 74%] [32mBuilding CXX object platforms/ros2/CMakeFiles/px4__rosidl_typesupport_introspection_cpp.dir/rosidl_typesupport_introspection_cpp/px4/msg/detail/power_button_state__type_support.cpp.o[0m
[548.464s] [ 74%] [32mBuilding CXX object platforms/ros2/CMakeFiles/px4__rosidl_typesupport_introspection_cpp.dir/rosidl_typesupport_introspection_cpp/px4/msg/detail/power_monitor__type_support.cpp.o[0m
[549.045s] [ 74%] [32mBuilding CXX object platforms/ros2/CMakeFiles/px4__rosidl_typesupport_introspection_cpp.dir/rosidl_typesupport_introspection_cpp/px4/msg/detail/pps_capture__type_support.cpp.o[0m
[549.624s] [ 74%] [32mBuilding CXX object platforms/ros2/CMakeFiles/px4__rosidl_typesupport_introspection_cpp.dir/rosidl_typesupport_introspection_cpp/px4/msg/detail/pure_pursuit_status__type_support.cpp.o[0m
[550.198s] [ 74%] [32mBuilding CXX object platforms/ros2/CMakeFiles/px4__rosidl_typesupport_introspection_cpp.dir/rosidl_typesupport_introspection_cpp/px4/msg/detail/pwm_input__type_support.cpp.o[0m
[550.791s] [ 74%] [32mBuilding CXX object platforms/ros2/CMakeFiles/px4__rosidl_typesupport_introspection_cpp.dir/rosidl_typesupport_introspection_cpp/px4/msg/detail/px4io_status__type_support.cpp.o[0m
[551.448s] [ 74%] [32mBuilding CXX object platforms/ros2/CMakeFiles/px4__rosidl_typesupport_introspection_cpp.dir/rosidl_typesupport_introspection_cpp/px4/msg/detail/qshell_req__type_support.cpp.o[0m
[552.045s] [ 74%] [32mBuilding CXX object platforms/ros2/CMakeFiles/px4__rosidl_typesupport_introspection_cpp.dir/rosidl_typesupport_introspection_cpp/px4/msg/detail/qshell_retval__type_support.cpp.o[0m
[552.623s] [ 74%] [32mBuilding CXX object platforms/ros2/CMakeFiles/px4__rosidl_typesupport_introspection_cpp.dir/rosidl_typesupport_introspection_cpp/px4/msg/detail/radio_status__type_support.cpp.o[0m
[553.230s] [ 75%] [32mBuilding CXX object platforms/ros2/CMakeFiles/px4__rosidl_typesupport_introspection_cpp.dir/rosidl_typesupport_introspection_cpp/px4/msg/detail/rate_ctrl_status__type_support.cpp.o[0m
[553.817s] [ 75%] [32mBuilding CXX object platforms/ros2/CMakeFiles/px4__rosidl_typesupport_introspection_cpp.dir/rosidl_typesupport_introspection_cpp/px4/msg/detail/rc_channels__type_support.cpp.o[0m
[554.449s] [ 75%] [32mBuilding CXX object platforms/ros2/CMakeFiles/px4__rosidl_typesupport_introspection_cpp.dir/rosidl_typesupport_introspection_cpp/px4/msg/detail/rc_parameter_map__type_support.cpp.o[0m
[555.126s] [ 75%] [32mBuilding CXX object platforms/ros2/CMakeFiles/px4__rosidl_typesupport_introspection_cpp.dir/rosidl_typesupport_introspection_cpp/px4/msg/detail/rover_attitude_setpoint__type_support.cpp.o[0m
[555.700s] [ 75%] [32mBuilding CXX object platforms/ros2/CMakeFiles/px4__rosidl_typesupport_introspection_cpp.dir/rosidl_typesupport_introspection_cpp/px4/msg/detail/rover_attitude_status__type_support.cpp.o[0m
[556.270s] [ 75%] [32mBuilding CXX object platforms/ros2/CMakeFiles/px4__rosidl_typesupport_introspection_cpp.dir/rosidl_typesupport_introspection_cpp/px4/msg/detail/rover_position_setpoint__type_support.cpp.o[0m
[556.851s] [ 75%] [32mBuilding CXX object platforms/ros2/CMakeFiles/px4__rosidl_typesupport_introspection_cpp.dir/rosidl_typesupport_introspection_cpp/px4/msg/detail/rover_rate_setpoint__type_support.cpp.o[0m
[557.423s] [ 75%] [32mBuilding CXX object platforms/ros2/CMakeFiles/px4__rosidl_typesupport_introspection_cpp.dir/rosidl_typesupport_introspection_cpp/px4/msg/detail/rover_rate_status__type_support.cpp.o[0m
[558.011s] [ 75%] [32mBuilding CXX object platforms/ros2/CMakeFiles/px4__rosidl_typesupport_introspection_cpp.dir/rosidl_typesupport_introspection_cpp/px4/msg/detail/rover_steering_setpoint__type_support.cpp.o[0m
[558.569s] [ 75%] [32mBuilding CXX object platforms/ros2/CMakeFiles/px4__rosidl_typesupport_introspection_cpp.dir/rosidl_typesupport_introspection_cpp/px4/msg/detail/rover_throttle_setpoint__type_support.cpp.o[0m
[559.154s] [ 75%] [32mBuilding CXX object platforms/ros2/CMakeFiles/px4__rosidl_typesupport_introspection_cpp.dir/rosidl_typesupport_introspection_cpp/px4/msg/detail/rover_velocity_status__type_support.cpp.o[0m
[559.714s] [ 75%] [32mBuilding CXX object platforms/ros2/CMakeFiles/px4__rosidl_typesupport_introspection_cpp.dir/rosidl_typesupport_introspection_cpp/px4/msg/detail/rpm__type_support.cpp.o[0m
[560.265s] [ 75%] [32mBuilding CXX object platforms/ros2/CMakeFiles/px4__rosidl_typesupport_introspection_cpp.dir/rosidl_typesupport_introspection_cpp/px4/msg/detail/rtl_status__type_support.cpp.o[0m
[560.823s] [ 75%] [32mBuilding CXX object platforms/ros2/CMakeFiles/px4__rosidl_typesupport_introspection_cpp.dir/rosidl_typesupport_introspection_cpp/px4/msg/detail/rtl_time_estimate__type_support.cpp.o[0m
[561.411s] [ 75%] [32mBuilding CXX object platforms/ros2/CMakeFiles/px4__rosidl_typesupport_introspection_cpp.dir/rosidl_typesupport_introspection_cpp/px4/msg/detail/satellite_info__type_support.cpp.o[0m
[562.047s] [ 75%] [32mBuilding CXX object platforms/ros2/CMakeFiles/px4__rosidl_typesupport_introspection_cpp.dir/rosidl_typesupport_introspection_cpp/px4/msg/detail/sensor_accel__type_support.cpp.o[0m
[562.651s] [ 75%] [32mBuilding CXX object platforms/ros2/CMakeFiles/px4__rosidl_typesupport_introspection_cpp.dir/rosidl_typesupport_introspection_cpp/px4/msg/detail/sensor_accel_fifo__type_support.cpp.o[0m
[563.273s] [ 75%] [32mBuilding CXX object platforms/ros2/CMakeFiles/px4__rosidl_typesupport_introspection_cpp.dir/rosidl_typesupport_introspection_cpp/px4/msg/detail/sensor_airflow__type_support.cpp.o[0m
[563.861s] [ 75%] [32mBuilding CXX object platforms/ros2/CMakeFiles/px4__rosidl_typesupport_introspection_cpp.dir/rosidl_typesupport_introspection_cpp/px4/msg/detail/sensor_baro__type_support.cpp.o[0m
[564.437s] [ 75%] [32mBuilding CXX object platforms/ros2/CMakeFiles/px4__rosidl_typesupport_introspection_cpp.dir/rosidl_typesupport_introspection_cpp/px4/msg/detail/sensor_combined__type_support.cpp.o[0m
[565.053s] [ 75%] [32mBuilding CXX object platforms/ros2/CMakeFiles/px4__rosidl_typesupport_introspection_cpp.dir/rosidl_typesupport_introspection_cpp/px4/msg/detail/sensor_correction__type_support.cpp.o[0m
[565.871s] [ 75%] [32mBuilding CXX object platforms/ros2/CMakeFiles/px4__rosidl_typesupport_introspection_cpp.dir/rosidl_typesupport_introspection_cpp/px4/msg/detail/sensor_gnss_relative__type_support.cpp.o[0m
[566.475s] [ 75%] [32mBuilding CXX object platforms/ros2/CMakeFiles/px4__rosidl_typesupport_introspection_cpp.dir/rosidl_typesupport_introspection_cpp/px4/msg/detail/sensor_gps__type_support.cpp.o[0m
[567.059s] [ 75%] [32mBuilding CXX object platforms/ros2/CMakeFiles/px4__rosidl_typesupport_introspection_cpp.dir/rosidl_typesupport_introspection_cpp/px4/msg/detail/sensor_gyro__type_support.cpp.o[0m
[567.663s] [ 75%] [32mBuilding CXX object platforms/ros2/CMakeFiles/px4__rosidl_typesupport_introspection_cpp.dir/rosidl_typesupport_introspection_cpp/px4/msg/detail/sensor_gyro_fft__type_support.cpp.o[0m
[568.335s] [ 75%] [32mBuilding CXX object platforms/ros2/CMakeFiles/px4__rosidl_typesupport_introspection_cpp.dir/rosidl_typesupport_introspection_cpp/px4/msg/detail/sensor_gyro_fifo__type_support.cpp.o[0m
[568.950s] [ 75%] [32mBuilding CXX object platforms/ros2/CMakeFiles/px4__rosidl_typesupport_introspection_cpp.dir/rosidl_typesupport_introspection_cpp/px4/msg/detail/sensor_hygrometer__type_support.cpp.o[0m
[569.518s] [ 75%] [32mBuilding CXX object platforms/ros2/CMakeFiles/px4__rosidl_typesupport_introspection_cpp.dir/rosidl_typesupport_introspection_cpp/px4/msg/detail/sensor_mag__type_support.cpp.o[0m
[570.099s] [ 75%] [32mBuilding CXX object platforms/ros2/CMakeFiles/px4__rosidl_typesupport_introspection_cpp.dir/rosidl_typesupport_introspection_cpp/px4/msg/detail/sensor_optical_flow__type_support.cpp.o[0m
[570.701s] [ 77%] [32mBuilding CXX object platforms/ros2/CMakeFiles/px4__rosidl_typesupport_introspection_cpp.dir/rosidl_typesupport_introspection_cpp/px4/msg/detail/sensor_preflight_mag__type_support.cpp.o[0m
[571.261s] [ 77%] [32mBuilding CXX object platforms/ros2/CMakeFiles/px4__rosidl_typesupport_introspection_cpp.dir/rosidl_typesupport_introspection_cpp/px4/msg/detail/sensor_selection__type_support.cpp.o[0m
[571.854s] [ 77%] [32mBuilding CXX object platforms/ros2/CMakeFiles/px4__rosidl_typesupport_introspection_cpp.dir/rosidl_typesupport_introspection_cpp/px4/msg/detail/sensor_uwb__type_support.cpp.o[0m
[572.419s] [ 77%] [32mBuilding CXX object platforms/ros2/CMakeFiles/px4__rosidl_typesupport_introspection_cpp.dir/rosidl_typesupport_introspection_cpp/px4/msg/detail/sensors_status__type_support.cpp.o[0m
[573.084s] [ 77%] [32mBuilding CXX object platforms/ros2/CMakeFiles/px4__rosidl_typesupport_introspection_cpp.dir/rosidl_typesupport_introspection_cpp/px4/msg/detail/sensors_status_imu__type_support.cpp.o[0m
[573.775s] [ 77%] [32mBuilding CXX object platforms/ros2/CMakeFiles/px4__rosidl_typesupport_introspection_cpp.dir/rosidl_typesupport_introspection_cpp/px4/msg/detail/system_power__type_support.cpp.o[0m
[574.348s] [ 77%] [32mBuilding CXX object platforms/ros2/CMakeFiles/px4__rosidl_typesupport_introspection_cpp.dir/rosidl_typesupport_introspection_cpp/px4/msg/detail/takeoff_status__type_support.cpp.o[0m
[574.921s] [ 77%] [32mBuilding CXX object platforms/ros2/CMakeFiles/px4__rosidl_typesupport_introspection_cpp.dir/rosidl_typesupport_introspection_cpp/px4/msg/detail/task_stack_info__type_support.cpp.o[0m
[575.521s] [ 77%] [32mBuilding CXX object platforms/ros2/CMakeFiles/px4__rosidl_typesupport_introspection_cpp.dir/rosidl_typesupport_introspection_cpp/px4/msg/detail/tecs_status__type_support.cpp.o[0m
[576.097s] [ 77%] [32mBuilding CXX object platforms/ros2/CMakeFiles/px4__rosidl_typesupport_introspection_cpp.dir/rosidl_typesupport_introspection_cpp/px4/msg/detail/telemetry_status__type_support.cpp.o[0m
[576.661s] [ 77%] [32mBuilding CXX object platforms/ros2/CMakeFiles/px4__rosidl_typesupport_introspection_cpp.dir/rosidl_typesupport_introspection_cpp/px4/msg/detail/tiltrotor_extra_controls__type_support.cpp.o[0m
[577.229s] [ 77%] [32mBuilding CXX object platforms/ros2/CMakeFiles/px4__rosidl_typesupport_introspection_cpp.dir/rosidl_typesupport_introspection_cpp/px4/msg/detail/timesync_status__type_support.cpp.o[0m
[577.814s] [ 77%] [32mBuilding CXX object platforms/ros2/CMakeFiles/px4__rosidl_typesupport_introspection_cpp.dir/rosidl_typesupport_introspection_cpp/px4/msg/detail/trajectory_setpoint6dof__type_support.cpp.o[0m
[578.472s] [ 77%] [32mBuilding CXX object platforms/ros2/CMakeFiles/px4__rosidl_typesupport_introspection_cpp.dir/rosidl_typesupport_introspection_cpp/px4/msg/detail/transponder_report__type_support.cpp.o[0m
[579.079s] [ 77%] [32mBuilding CXX object platforms/ros2/CMakeFiles/px4__rosidl_typesupport_introspection_cpp.dir/rosidl_typesupport_introspection_cpp/px4/msg/detail/tune_control__type_support.cpp.o[0m
[579.657s] [ 77%] [32mBuilding CXX object platforms/ros2/CMakeFiles/px4__rosidl_typesupport_introspection_cpp.dir/rosidl_typesupport_introspection_cpp/px4/msg/detail/uavcan_parameter_request__type_support.cpp.o[0m
[580.238s] [ 77%] [32mBuilding CXX object platforms/ros2/CMakeFiles/px4__rosidl_typesupport_introspection_cpp.dir/rosidl_typesupport_introspection_cpp/px4/msg/detail/uavcan_parameter_value__type_support.cpp.o[0m
[580.829s] [ 77%] [32mBuilding CXX object platforms/ros2/CMakeFiles/px4__rosidl_typesupport_introspection_cpp.dir/rosidl_typesupport_introspection_cpp/px4/msg/detail/ulog_stream__type_support.cpp.o[0m
[581.418s] [ 77%] [32mBuilding CXX object platforms/ros2/CMakeFiles/px4__rosidl_typesupport_introspection_cpp.dir/rosidl_typesupport_introspection_cpp/px4/msg/detail/ulog_stream_ack__type_support.cpp.o[0m
[581.992s] [ 77%] [32mBuilding CXX object platforms/ros2/CMakeFiles/px4__rosidl_typesupport_introspection_cpp.dir/rosidl_typesupport_introspection_cpp/px4/msg/detail/vehicle_acceleration__type_support.cpp.o[0m
[582.586s] [ 77%] [32mBuilding CXX object platforms/ros2/CMakeFiles/px4__rosidl_typesupport_introspection_cpp.dir/rosidl_typesupport_introspection_cpp/px4/msg/detail/vehicle_air_data__type_support.cpp.o[0m
[583.136s] [ 77%] [32mBuilding CXX object platforms/ros2/CMakeFiles/px4__rosidl_typesupport_introspection_cpp.dir/rosidl_typesupport_introspection_cpp/px4/msg/detail/vehicle_angular_acceleration_setpoint__type_support.cpp.o[0m
[583.715s] [ 77%] [32mBuilding CXX object platforms/ros2/CMakeFiles/px4__rosidl_typesupport_introspection_cpp.dir/rosidl_typesupport_introspection_cpp/px4/msg/detail/vehicle_constraints__type_support.cpp.o[0m
[584.276s] [ 77%] [32mBuilding CXX object platforms/ros2/CMakeFiles/px4__rosidl_typesupport_introspection_cpp.dir/rosidl_typesupport_introspection_cpp/px4/msg/detail/vehicle_imu__type_support.cpp.o[0m
[584.875s] [ 77%] [32mBuilding CXX object platforms/ros2/CMakeFiles/px4__rosidl_typesupport_introspection_cpp.dir/rosidl_typesupport_introspection_cpp/px4/msg/detail/vehicle_imu_status__type_support.cpp.o[0m
[585.525s] [ 77%] [32mBuilding CXX object platforms/ros2/CMakeFiles/px4__rosidl_typesupport_introspection_cpp.dir/rosidl_typesupport_introspection_cpp/px4/msg/detail/vehicle_local_position_setpoint__type_support.cpp.o[0m
[586.115s] [ 77%] [32mBuilding CXX object platforms/ros2/CMakeFiles/px4__rosidl_typesupport_introspection_cpp.dir/rosidl_typesupport_introspection_cpp/px4/msg/detail/vehicle_magnetometer__type_support.cpp.o[0m
[586.721s] [ 77%] [32mBuilding CXX object platforms/ros2/CMakeFiles/px4__rosidl_typesupport_introspection_cpp.dir/rosidl_typesupport_introspection_cpp/px4/msg/detail/vehicle_optical_flow__type_support.cpp.o[0m
[587.323s] [ 77%] [32mBuilding CXX object platforms/ros2/CMakeFiles/px4__rosidl_typesupport_introspection_cpp.dir/rosidl_typesupport_introspection_cpp/px4/msg/detail/vehicle_optical_flow_vel__type_support.cpp.o[0m
[587.961s] [ 78%] [32mBuilding CXX object platforms/ros2/CMakeFiles/px4__rosidl_typesupport_introspection_cpp.dir/rosidl_typesupport_introspection_cpp/px4/msg/detail/vehicle_roi__type_support.cpp.o[0m
[588.527s] [ 78%] [32mBuilding CXX object platforms/ros2/CMakeFiles/px4__rosidl_typesupport_introspection_cpp.dir/rosidl_typesupport_introspection_cpp/px4/msg/detail/vehicle_thrust_setpoint__type_support.cpp.o[0m
[589.086s] [ 78%] [32mBuilding CXX object platforms/ros2/CMakeFiles/px4__rosidl_typesupport_introspection_cpp.dir/rosidl_typesupport_introspection_cpp/px4/msg/detail/vehicle_torque_setpoint__type_support.cpp.o[0m
[589.671s] [ 78%] [32mBuilding CXX object platforms/ros2/CMakeFiles/px4__rosidl_typesupport_introspection_cpp.dir/rosidl_typesupport_introspection_cpp/px4/msg/detail/velocity_limits__type_support.cpp.o[0m
[590.186s] [ 78%] [32mBuilding CXX object platforms/ros2/CMakeFiles/px4__rosidl_typesupport_introspection_cpp.dir/rosidl_typesupport_introspection_cpp/px4/msg/detail/wheel_encoders__type_support.cpp.o[0m
[590.814s] [ 78%] [32mBuilding CXX object platforms/ros2/CMakeFiles/px4__rosidl_typesupport_introspection_cpp.dir/rosidl_typesupport_introspection_cpp/px4/msg/detail/wind__type_support.cpp.o[0m
[591.383s] [ 78%] [32mBuilding CXX object platforms/ros2/CMakeFiles/px4__rosidl_typesupport_introspection_cpp.dir/rosidl_typesupport_introspection_cpp/px4/msg/detail/yaw_estimator_status__type_support.cpp.o[0m
[592.007s] [ 78%] [32mBuilding CXX object platforms/ros2/CMakeFiles/px4__rosidl_typesupport_introspection_cpp.dir/rosidl_typesupport_introspection_cpp/px4/msg/detail/actuator_motors__type_support.cpp.o[0m
[592.597s] [ 78%] [32mBuilding CXX object platforms/ros2/CMakeFiles/px4__rosidl_typesupport_introspection_cpp.dir/rosidl_typesupport_introspection_cpp/px4/msg/detail/actuator_servos__type_support.cpp.o[0m
[593.161s] [ 78%] [32mBuilding CXX object platforms/ros2/CMakeFiles/px4__rosidl_typesupport_introspection_cpp.dir/rosidl_typesupport_introspection_cpp/px4/msg/detail/airspeed_validated__type_support.cpp.o[0m
[593.730s] [ 78%] [32mBuilding CXX object platforms/ros2/CMakeFiles/px4__rosidl_typesupport_introspection_cpp.dir/rosidl_typesupport_introspection_cpp/px4/msg/detail/arming_check_reply__type_support.cpp.o[0m
[594.347s] [ 78%] [32mBuilding CXX object platforms/ros2/CMakeFiles/px4__rosidl_typesupport_introspection_cpp.dir/rosidl_typesupport_introspection_cpp/px4/msg/detail/arming_check_request__type_support.cpp.o[0m
[594.931s] [ 78%] [32mBuilding CXX object platforms/ros2/CMakeFiles/px4__rosidl_typesupport_introspection_cpp.dir/rosidl_typesupport_introspection_cpp/px4/msg/detail/battery_status__type_support.cpp.o[0m
[595.534s] [ 78%] [32mBuilding CXX object platforms/ros2/CMakeFiles/px4__rosidl_typesupport_introspection_cpp.dir/rosidl_typesupport_introspection_cpp/px4/msg/detail/config_overrides__type_support.cpp.o[0m
[596.106s] [ 78%] [32mBuilding CXX object platforms/ros2/CMakeFiles/px4__rosidl_typesupport_introspection_cpp.dir/rosidl_typesupport_introspection_cpp/px4/msg/detail/goto_setpoint__type_support.cpp.o[0m
[596.677s] [ 78%] [32mBuilding CXX object platforms/ros2/CMakeFiles/px4__rosidl_typesupport_introspection_cpp.dir/rosidl_typesupport_introspection_cpp/px4/msg/detail/home_position__type_support.cpp.o[0m
[597.233s] [ 78%] [32mBuilding CXX object platforms/ros2/CMakeFiles/px4__rosidl_typesupport_introspection_cpp.dir/rosidl_typesupport_introspection_cpp/px4/msg/detail/manual_control_setpoint__type_support.cpp.o[0m
[597.805s] [ 78%] [32mBuilding CXX object platforms/ros2/CMakeFiles/px4__rosidl_typesupport_introspection_cpp.dir/rosidl_typesupport_introspection_cpp/px4/msg/detail/mode_completed__type_support.cpp.o[0m
[598.353s] [ 78%] [32mBuilding CXX object platforms/ros2/CMakeFiles/px4__rosidl_typesupport_introspection_cpp.dir/rosidl_typesupport_introspection_cpp/px4/msg/detail/register_ext_component_reply__type_support.cpp.o[0m
[598.929s] [ 78%] [32mBuilding CXX object platforms/ros2/CMakeFiles/px4__rosidl_typesupport_introspection_cpp.dir/rosidl_typesupport_introspection_cpp/px4/msg/detail/register_ext_component_request__type_support.cpp.o[0m
[599.512s] [ 78%] [32mBuilding CXX object platforms/ros2/CMakeFiles/px4__rosidl_typesupport_introspection_cpp.dir/rosidl_typesupport_introspection_cpp/px4/msg/detail/trajectory_setpoint__type_support.cpp.o[0m
[600.141s] [ 78%] [32mBuilding CXX object platforms/ros2/CMakeFiles/px4__rosidl_typesupport_introspection_cpp.dir/rosidl_typesupport_introspection_cpp/px4/msg/detail/unregister_ext_component__type_support.cpp.o[0m
[600.718s] [ 78%] [32mBuilding CXX object platforms/ros2/CMakeFiles/px4__rosidl_typesupport_introspection_cpp.dir/rosidl_typesupport_introspection_cpp/px4/msg/detail/vehicle_angular_velocity__type_support.cpp.o[0m
[601.298s] [ 78%] [32mBuilding CXX object platforms/ros2/CMakeFiles/px4__rosidl_typesupport_introspection_cpp.dir/rosidl_typesupport_introspection_cpp/px4/msg/detail/vehicle_attitude__type_support.cpp.o[0m
[601.865s] [ 78%] [32mBuilding CXX object platforms/ros2/CMakeFiles/px4__rosidl_typesupport_introspection_cpp.dir/rosidl_typesupport_introspection_cpp/px4/msg/detail/vehicle_attitude_setpoint__type_support.cpp.o[0m
[602.458s] [ 78%] [32mBuilding CXX object platforms/ros2/CMakeFiles/px4__rosidl_typesupport_introspection_cpp.dir/rosidl_typesupport_introspection_cpp/px4/msg/detail/vehicle_command__type_support.cpp.o[0m
[603.040s] [ 78%] [32mBuilding CXX object platforms/ros2/CMakeFiles/px4__rosidl_typesupport_introspection_cpp.dir/rosidl_typesupport_introspection_cpp/px4/msg/detail/vehicle_command_ack__type_support.cpp.o[0m
[603.616s] [ 78%] [32mBuilding CXX object platforms/ros2/CMakeFiles/px4__rosidl_typesupport_introspection_cpp.dir/rosidl_typesupport_introspection_cpp/px4/msg/detail/vehicle_control_mode__type_support.cpp.o[0m
[604.114s] [ 78%] [32mBuilding CXX object platforms/ros2/CMakeFiles/px4__rosidl_typesupport_introspection_cpp.dir/rosidl_typesupport_introspection_cpp/px4/msg/detail/vehicle_global_position__type_support.cpp.o[0m
[604.696s] [ 79%] [32mBuilding CXX object platforms/ros2/CMakeFiles/px4__rosidl_typesupport_introspection_cpp.dir/rosidl_typesupport_introspection_cpp/px4/msg/detail/vehicle_land_detected__type_support.cpp.o[0m
[605.280s] [ 79%] [32mBuilding CXX object platforms/ros2/CMakeFiles/px4__rosidl_typesupport_introspection_cpp.dir/rosidl_typesupport_introspection_cpp/px4/msg/detail/vehicle_local_position__type_support.cpp.o[0m
[605.917s] [ 79%] [32mBuilding CXX object platforms/ros2/CMakeFiles/px4__rosidl_typesupport_introspection_cpp.dir/rosidl_typesupport_introspection_cpp/px4/msg/detail/vehicle_odometry__type_support.cpp.o[0m
[606.599s] [ 79%] [32mBuilding CXX object platforms/ros2/CMakeFiles/px4__rosidl_typesupport_introspection_cpp.dir/rosidl_typesupport_introspection_cpp/px4/msg/detail/vehicle_rates_setpoint__type_support.cpp.o[0m
[607.207s] [ 79%] [32mBuilding CXX object platforms/ros2/CMakeFiles/px4__rosidl_typesupport_introspection_cpp.dir/rosidl_typesupport_introspection_cpp/px4/msg/detail/vehicle_status__type_support.cpp.o[0m
[607.808s] [ 79%] [32mBuilding CXX object platforms/ros2/CMakeFiles/px4__rosidl_typesupport_introspection_cpp.dir/rosidl_typesupport_introspection_cpp/px4/msg/detail/vtol_vehicle_status__type_support.cpp.o[0m
[608.381s] [ 79%] [32mBuilding CXX object platforms/ros2/CMakeFiles/px4__rosidl_typesupport_introspection_cpp.dir/rosidl_typesupport_introspection_cpp/px4/msg/detail/normalized_unsigned_setpoint__type_support.cpp.o[0m
[608.966s] [ 79%] [32m[1mLinking CXX shared library libpx4__rosidl_typesupport_introspection_cpp.so[0m
[609.325s] [ 79%] Built target px4__rosidl_typesupport_introspection_cpp
[609.359s] [ 79%] [34m[1mGenerating C type support dispatch for ROS interfaces[0m
[661.076s] [ 79%] [32mBuilding CXX object platforms/ros2/CMakeFiles/px4__rosidl_typesupport_c.dir/rosidl_typesupport_c/px4/msg/ackermann_velocity_setpoint__type_support.cpp.o[0m
[661.168s] [ 79%] [32mBuilding CXX object platforms/ros2/CMakeFiles/px4__rosidl_typesupport_c.dir/rosidl_typesupport_c/px4/msg/actuator_controls_status__type_support.cpp.o[0m
[661.262s] [ 81%] [32mBuilding CXX object platforms/ros2/CMakeFiles/px4__rosidl_typesupport_c.dir/rosidl_typesupport_c/px4/msg/actuator_outputs__type_support.cpp.o[0m
[661.358s] [ 81%] [32mBuilding CXX object platforms/ros2/CMakeFiles/px4__rosidl_typesupport_c.dir/rosidl_typesupport_c/px4/msg/actuator_servos_trim__type_support.cpp.o[0m
[661.448s] [ 81%] [32mBuilding CXX object platforms/ros2/CMakeFiles/px4__rosidl_typesupport_c.dir/rosidl_typesupport_c/px4/msg/actuator_test__type_support.cpp.o[0m
[661.545s] [ 81%] [32mBuilding CXX object platforms/ros2/CMakeFiles/px4__rosidl_typesupport_c.dir/rosidl_typesupport_c/px4/msg/adc_report__type_support.cpp.o[0m
[661.638s] [ 81%] [32mBuilding CXX object platforms/ros2/CMakeFiles/px4__rosidl_typesupport_c.dir/rosidl_typesupport_c/px4/msg/airspeed__type_support.cpp.o[0m
[661.729s] [ 81%] [32mBuilding CXX object platforms/ros2/CMakeFiles/px4__rosidl_typesupport_c.dir/rosidl_typesupport_c/px4/msg/airspeed_wind__type_support.cpp.o[0m
[661.822s] [ 81%] [32mBuilding CXX object platforms/ros2/CMakeFiles/px4__rosidl_typesupport_c.dir/rosidl_typesupport_c/px4/msg/autotune_attitude_control_status__type_support.cpp.o[0m
[661.918s] [ 81%] [32mBuilding CXX object platforms/ros2/CMakeFiles/px4__rosidl_typesupport_c.dir/rosidl_typesupport_c/px4/msg/button_event__type_support.cpp.o[0m
[662.010s] [ 81%] [32mBuilding CXX object platforms/ros2/CMakeFiles/px4__rosidl_typesupport_c.dir/rosidl_typesupport_c/px4/msg/camera_capture__type_support.cpp.o[0m
[662.104s] [ 81%] [32mBuilding CXX object platforms/ros2/CMakeFiles/px4__rosidl_typesupport_c.dir/rosidl_typesupport_c/px4/msg/camera_status__type_support.cpp.o[0m
[662.199s] [ 81%] [32mBuilding CXX object platforms/ros2/CMakeFiles/px4__rosidl_typesupport_c.dir/rosidl_typesupport_c/px4/msg/camera_trigger__type_support.cpp.o[0m
[662.294s] [ 81%] [32mBuilding CXX object platforms/ros2/CMakeFiles/px4__rosidl_typesupport_c.dir/rosidl_typesupport_c/px4/msg/can_interface_status__type_support.cpp.o[0m
[662.387s] [ 81%] [32mBuilding CXX object platforms/ros2/CMakeFiles/px4__rosidl_typesupport_c.dir/rosidl_typesupport_c/px4/msg/cellular_status__type_support.cpp.o[0m
[662.477s] [ 81%] [32mBuilding CXX object platforms/ros2/CMakeFiles/px4__rosidl_typesupport_c.dir/rosidl_typesupport_c/px4/msg/collision_constraints__type_support.cpp.o[0m
[662.571s] [ 81%] [32mBuilding CXX object platforms/ros2/CMakeFiles/px4__rosidl_typesupport_c.dir/rosidl_typesupport_c/px4/msg/control_allocator_status__type_support.cpp.o[0m
[662.669s] [ 81%] [32mBuilding CXX object platforms/ros2/CMakeFiles/px4__rosidl_typesupport_c.dir/rosidl_typesupport_c/px4/msg/cpuload__type_support.cpp.o[0m
[662.761s] [ 81%] [32mBuilding CXX object platforms/ros2/CMakeFiles/px4__rosidl_typesupport_c.dir/rosidl_typesupport_c/px4/msg/dataman_request__type_support.cpp.o[0m
[662.856s] [ 81%] [32mBuilding CXX object platforms/ros2/CMakeFiles/px4__rosidl_typesupport_c.dir/rosidl_typesupport_c/px4/msg/dataman_response__type_support.cpp.o[0m
[662.953s] [ 81%] [32mBuilding CXX object platforms/ros2/CMakeFiles/px4__rosidl_typesupport_c.dir/rosidl_typesupport_c/px4/msg/debug_array__type_support.cpp.o[0m
[663.052s] [ 81%] [32mBuilding CXX object platforms/ros2/CMakeFiles/px4__rosidl_typesupport_c.dir/rosidl_typesupport_c/px4/msg/debug_key_value__type_support.cpp.o[0m
[663.148s] [ 81%] [32mBuilding CXX object platforms/ros2/CMakeFiles/px4__rosidl_typesupport_c.dir/rosidl_typesupport_c/px4/msg/debug_value__type_support.cpp.o[0m
[663.243s] [ 81%] [32mBuilding CXX object platforms/ros2/CMakeFiles/px4__rosidl_typesupport_c.dir/rosidl_typesupport_c/px4/msg/debug_vect__type_support.cpp.o[0m
[663.334s] [ 81%] [32mBuilding CXX object platforms/ros2/CMakeFiles/px4__rosidl_typesupport_c.dir/rosidl_typesupport_c/px4/msg/differential_pressure__type_support.cpp.o[0m
[663.431s] [ 81%] [32mBuilding CXX object platforms/ros2/CMakeFiles/px4__rosidl_typesupport_c.dir/rosidl_typesupport_c/px4/msg/differential_velocity_setpoint__type_support.cpp.o[0m
[663.523s] [ 81%] [32mBuilding CXX object platforms/ros2/CMakeFiles/px4__rosidl_typesupport_c.dir/rosidl_typesupport_c/px4/msg/distance_sensor__type_support.cpp.o[0m
[663.618s] [ 81%] [32mBuilding CXX object platforms/ros2/CMakeFiles/px4__rosidl_typesupport_c.dir/rosidl_typesupport_c/px4/msg/distance_sensor_mode_change_request__type_support.cpp.o[0m
[663.711s] [ 81%] [32mBuilding CXX object platforms/ros2/CMakeFiles/px4__rosidl_typesupport_c.dir/rosidl_typesupport_c/px4/msg/ekf2_timestamps__type_support.cpp.o[0m
[663.796s] [ 81%] [32mBuilding CXX object platforms/ros2/CMakeFiles/px4__rosidl_typesupport_c.dir/rosidl_typesupport_c/px4/msg/esc_report__type_support.cpp.o[0m
[663.884s] [ 81%] [32mBuilding CXX object platforms/ros2/CMakeFiles/px4__rosidl_typesupport_c.dir/rosidl_typesupport_c/px4/msg/esc_status__type_support.cpp.o[0m
[663.970s] [ 82%] [32mBuilding CXX object platforms/ros2/CMakeFiles/px4__rosidl_typesupport_c.dir/rosidl_typesupport_c/px4/msg/estimator_aid_source1d__type_support.cpp.o[0m
[664.057s] [ 82%] [32mBuilding CXX object platforms/ros2/CMakeFiles/px4__rosidl_typesupport_c.dir/rosidl_typesupport_c/px4/msg/estimator_aid_source2d__type_support.cpp.o[0m
[664.143s] [ 82%] [32mBuilding CXX object platforms/ros2/CMakeFiles/px4__rosidl_typesupport_c.dir/rosidl_typesupport_c/px4/msg/estimator_aid_source3d__type_support.cpp.o[0m
[664.233s] [ 82%] [32mBuilding CXX object platforms/ros2/CMakeFiles/px4__rosidl_typesupport_c.dir/rosidl_typesupport_c/px4/msg/estimator_bias__type_support.cpp.o[0m
[664.317s] [ 82%] [32mBuilding CXX object platforms/ros2/CMakeFiles/px4__rosidl_typesupport_c.dir/rosidl_typesupport_c/px4/msg/estimator_bias3d__type_support.cpp.o[0m
[664.407s] [ 82%] [32mBuilding CXX object platforms/ros2/CMakeFiles/px4__rosidl_typesupport_c.dir/rosidl_typesupport_c/px4/msg/estimator_event_flags__type_support.cpp.o[0m
[664.506s] [ 82%] [32mBuilding CXX object platforms/ros2/CMakeFiles/px4__rosidl_typesupport_c.dir/rosidl_typesupport_c/px4/msg/estimator_gps_status__type_support.cpp.o[0m
[664.603s] [ 82%] [32mBuilding CXX object platforms/ros2/CMakeFiles/px4__rosidl_typesupport_c.dir/rosidl_typesupport_c/px4/msg/estimator_innovations__type_support.cpp.o[0m
[664.698s] [ 82%] [32mBuilding CXX object platforms/ros2/CMakeFiles/px4__rosidl_typesupport_c.dir/rosidl_typesupport_c/px4/msg/estimator_selector_status__type_support.cpp.o[0m
[664.798s] [ 82%] [32mBuilding CXX object platforms/ros2/CMakeFiles/px4__rosidl_typesupport_c.dir/rosidl_typesupport_c/px4/msg/estimator_sensor_bias__type_support.cpp.o[0m
[664.892s] [ 82%] [32mBuilding CXX object platforms/ros2/CMakeFiles/px4__rosidl_typesupport_c.dir/rosidl_typesupport_c/px4/msg/estimator_states__type_support.cpp.o[0m
[664.982s] [ 82%] [32mBuilding CXX object platforms/ros2/CMakeFiles/px4__rosidl_typesupport_c.dir/rosidl_typesupport_c/px4/msg/estimator_status__type_support.cpp.o[0m
[665.074s] [ 82%] [32mBuilding CXX object platforms/ros2/CMakeFiles/px4__rosidl_typesupport_c.dir/rosidl_typesupport_c/px4/msg/estimator_status_flags__type_support.cpp.o[0m
[665.163s] [ 82%] [32mBuilding CXX object platforms/ros2/CMakeFiles/px4__rosidl_typesupport_c.dir/rosidl_typesupport_c/px4/msg/event__type_support.cpp.o[0m
[665.255s] [ 82%] [32mBuilding CXX object platforms/ros2/CMakeFiles/px4__rosidl_typesupport_c.dir/rosidl_typesupport_c/px4/msg/failsafe_flags__type_support.cpp.o[0m
[665.355s] [ 82%] [32mBuilding CXX object platforms/ros2/CMakeFiles/px4__rosidl_typesupport_c.dir/rosidl_typesupport_c/px4/msg/failure_detector_status__type_support.cpp.o[0m
[665.451s] [ 82%] [32mBuilding CXX object platforms/ros2/CMakeFiles/px4__rosidl_typesupport_c.dir/rosidl_typesupport_c/px4/msg/figure_eight_status__type_support.cpp.o[0m
[665.543s] [ 82%] [32mBuilding CXX object platforms/ros2/CMakeFiles/px4__rosidl_typesupport_c.dir/rosidl_typesupport_c/px4/msg/flight_phase_estimation__type_support.cpp.o[0m
[665.634s] [ 82%] [32mBuilding CXX object platforms/ros2/CMakeFiles/px4__rosidl_typesupport_c.dir/rosidl_typesupport_c/px4/msg/follow_target__type_support.cpp.o[0m
[665.733s] [ 82%] [32mBuilding CXX object platforms/ros2/CMakeFiles/px4__rosidl_typesupport_c.dir/rosidl_typesupport_c/px4/msg/follow_target_estimator__type_support.cpp.o[0m
[665.821s] [ 82%] [32mBuilding CXX object platforms/ros2/CMakeFiles/px4__rosidl_typesupport_c.dir/rosidl_typesupport_c/px4/msg/follow_target_status__type_support.cpp.o[0m
[665.915s] [ 82%] [32mBuilding CXX object platforms/ros2/CMakeFiles/px4__rosidl_typesupport_c.dir/rosidl_typesupport_c/px4/msg/fuel_tank_status__type_support.cpp.o[0m
[666.006s] [ 82%] [32mBuilding CXX object platforms/ros2/CMakeFiles/px4__rosidl_typesupport_c.dir/rosidl_typesupport_c/px4/msg/generator_status__type_support.cpp.o[0m
[666.100s] [ 82%] [32mBuilding CXX object platforms/ros2/CMakeFiles/px4__rosidl_typesupport_c.dir/rosidl_typesupport_c/px4/msg/geofence_result__type_support.cpp.o[0m
[666.200s] [ 82%] [32mBuilding CXX object platforms/ros2/CMakeFiles/px4__rosidl_typesupport_c.dir/rosidl_typesupport_c/px4/msg/geofence_status__type_support.cpp.o[0m
[666.295s] [ 82%] [32mBuilding CXX object platforms/ros2/CMakeFiles/px4__rosidl_typesupport_c.dir/rosidl_typesupport_c/px4/msg/gimbal_controls__type_support.cpp.o[0m
[666.388s] [ 82%] [32mBuilding CXX object platforms/ros2/CMakeFiles/px4__rosidl_typesupport_c.dir/rosidl_typesupport_c/px4/msg/gimbal_device_attitude_status__type_support.cpp.o[0m
[666.477s] [ 82%] [32mBuilding CXX object platforms/ros2/CMakeFiles/px4__rosidl_typesupport_c.dir/rosidl_typesupport_c/px4/msg/gimbal_device_information__type_support.cpp.o[0m
[666.556s] [ 82%] [32mBuilding CXX object platforms/ros2/CMakeFiles/px4__rosidl_typesupport_c.dir/rosidl_typesupport_c/px4/msg/gimbal_device_set_attitude__type_support.cpp.o[0m
[666.652s] [ 83%] [32mBuilding CXX object platforms/ros2/CMakeFiles/px4__rosidl_typesupport_c.dir/rosidl_typesupport_c/px4/msg/gimbal_manager_information__type_support.cpp.o[0m
[666.746s] [ 83%] [32mBuilding CXX object platforms/ros2/CMakeFiles/px4__rosidl_typesupport_c.dir/rosidl_typesupport_c/px4/msg/gimbal_manager_set_attitude__type_support.cpp.o[0m
[666.839s] [ 83%] [32mBuilding CXX object platforms/ros2/CMakeFiles/px4__rosidl_typesupport_c.dir/rosidl_typesupport_c/px4/msg/gimbal_manager_set_manual_control__type_support.cpp.o[0m
[666.932s] [ 83%] [32mBuilding CXX object platforms/ros2/CMakeFiles/px4__rosidl_typesupport_c.dir/rosidl_typesupport_c/px4/msg/gimbal_manager_status__type_support.cpp.o[0m
[667.026s] [ 83%] [32mBuilding CXX object platforms/ros2/CMakeFiles/px4__rosidl_typesupport_c.dir/rosidl_typesupport_c/px4/msg/gpio_config__type_support.cpp.o[0m
[667.119s] [ 83%] [32mBuilding CXX object platforms/ros2/CMakeFiles/px4__rosidl_typesupport_c.dir/rosidl_typesupport_c/px4/msg/gpio_in__type_support.cpp.o[0m
[667.208s] [ 83%] [32mBuilding CXX object platforms/ros2/CMakeFiles/px4__rosidl_typesupport_c.dir/rosidl_typesupport_c/px4/msg/gpio_out__type_support.cpp.o[0m
[667.299s] [ 83%] [32mBuilding CXX object platforms/ros2/CMakeFiles/px4__rosidl_typesupport_c.dir/rosidl_typesupport_c/px4/msg/gpio_request__type_support.cpp.o[0m
[667.389s] [ 83%] [32mBuilding CXX object platforms/ros2/CMakeFiles/px4__rosidl_typesupport_c.dir/rosidl_typesupport_c/px4/msg/gps_dump__type_support.cpp.o[0m
[667.486s] [ 83%] [32mBuilding CXX object platforms/ros2/CMakeFiles/px4__rosidl_typesupport_c.dir/rosidl_typesupport_c/px4/msg/gps_inject_data__type_support.cpp.o[0m
[667.575s] [ 83%] [32mBuilding CXX object platforms/ros2/CMakeFiles/px4__rosidl_typesupport_c.dir/rosidl_typesupport_c/px4/msg/gripper__type_support.cpp.o[0m
[667.666s] [ 83%] [32mBuilding CXX object platforms/ros2/CMakeFiles/px4__rosidl_typesupport_c.dir/rosidl_typesupport_c/px4/msg/health_report__type_support.cpp.o[0m
[667.763s] [ 83%] [32mBuilding CXX object platforms/ros2/CMakeFiles/px4__rosidl_typesupport_c.dir/rosidl_typesupport_c/px4/msg/heater_status__type_support.cpp.o[0m
[667.854s] [ 83%] [32mBuilding CXX object platforms/ros2/CMakeFiles/px4__rosidl_typesupport_c.dir/rosidl_typesupport_c/px4/msg/hover_thrust_estimate__type_support.cpp.o[0m
[667.943s] [ 83%] [32mBuilding CXX object platforms/ros2/CMakeFiles/px4__rosidl_typesupport_c.dir/rosidl_typesupport_c/px4/msg/input_rc__type_support.cpp.o[0m
[668.037s] [ 83%] [32mBuilding CXX object platforms/ros2/CMakeFiles/px4__rosidl_typesupport_c.dir/rosidl_typesupport_c/px4/msg/internal_combustion_engine_control__type_support.cpp.o[0m
[668.125s] [ 83%] [32mBuilding CXX object platforms/ros2/CMakeFiles/px4__rosidl_typesupport_c.dir/rosidl_typesupport_c/px4/msg/internal_combustion_engine_status__type_support.cpp.o[0m
[668.215s] [ 83%] [32mBuilding CXX object platforms/ros2/CMakeFiles/px4__rosidl_typesupport_c.dir/rosidl_typesupport_c/px4/msg/iridiumsbd_status__type_support.cpp.o[0m
[668.314s] [ 83%] [32mBuilding CXX object platforms/ros2/CMakeFiles/px4__rosidl_typesupport_c.dir/rosidl_typesupport_c/px4/msg/irlock_report__type_support.cpp.o[0m
[668.406s] [ 83%] [32mBuilding CXX object platforms/ros2/CMakeFiles/px4__rosidl_typesupport_c.dir/rosidl_typesupport_c/px4/msg/landing_gear__type_support.cpp.o[0m
[668.500s] [ 83%] [32mBuilding CXX object platforms/ros2/CMakeFiles/px4__rosidl_typesupport_c.dir/rosidl_typesupport_c/px4/msg/landing_gear_wheel__type_support.cpp.o[0m
[668.593s] [ 83%] [32mBuilding CXX object platforms/ros2/CMakeFiles/px4__rosidl_typesupport_c.dir/rosidl_typesupport_c/px4/msg/landing_target_innovations__type_support.cpp.o[0m
[668.684s] [ 83%] [32mBuilding CXX object platforms/ros2/CMakeFiles/px4__rosidl_typesupport_c.dir/rosidl_typesupport_c/px4/msg/landing_target_pose__type_support.cpp.o[0m
[668.782s] [ 83%] [32mBuilding CXX object platforms/ros2/CMakeFiles/px4__rosidl_typesupport_c.dir/rosidl_typesupport_c/px4/msg/launch_detection_status__type_support.cpp.o[0m
[668.882s] [ 83%] [32mBuilding CXX object platforms/ros2/CMakeFiles/px4__rosidl_typesupport_c.dir/rosidl_typesupport_c/px4/msg/led_control__type_support.cpp.o[0m
[668.977s] [ 83%] [32mBuilding CXX object platforms/ros2/CMakeFiles/px4__rosidl_typesupport_c.dir/rosidl_typesupport_c/px4/msg/log_message__type_support.cpp.o[0m
[669.073s] [ 83%] [32mBuilding CXX object platforms/ros2/CMakeFiles/px4__rosidl_typesupport_c.dir/rosidl_typesupport_c/px4/msg/logger_status__type_support.cpp.o[0m
[669.162s] [ 83%] [32mBuilding CXX object platforms/ros2/CMakeFiles/px4__rosidl_typesupport_c.dir/rosidl_typesupport_c/px4/msg/mag_worker_data__type_support.cpp.o[0m
[669.249s] [ 84%] [32mBuilding CXX object platforms/ros2/CMakeFiles/px4__rosidl_typesupport_c.dir/rosidl_typesupport_c/px4/msg/magnetometer_bias_estimate__type_support.cpp.o[0m
[669.344s] [ 84%] [32mBuilding CXX object platforms/ros2/CMakeFiles/px4__rosidl_typesupport_c.dir/rosidl_typesupport_c/px4/msg/manual_control_switches__type_support.cpp.o[0m
[669.436s] [ 84%] [32mBuilding CXX object platforms/ros2/CMakeFiles/px4__rosidl_typesupport_c.dir/rosidl_typesupport_c/px4/msg/mavlink_log__type_support.cpp.o[0m
[669.532s] [ 84%] [32mBuilding CXX object platforms/ros2/CMakeFiles/px4__rosidl_typesupport_c.dir/rosidl_typesupport_c/px4/msg/mavlink_tunnel__type_support.cpp.o[0m
[669.626s] [ 84%] [32mBuilding CXX object platforms/ros2/CMakeFiles/px4__rosidl_typesupport_c.dir/rosidl_typesupport_c/px4/msg/message_format_request__type_support.cpp.o[0m
[669.717s] [ 84%] [32mBuilding CXX object platforms/ros2/CMakeFiles/px4__rosidl_typesupport_c.dir/rosidl_typesupport_c/px4/msg/message_format_response__type_support.cpp.o[0m
[669.808s] [ 84%] [32mBuilding CXX object platforms/ros2/CMakeFiles/px4__rosidl_typesupport_c.dir/rosidl_typesupport_c/px4/msg/mission__type_support.cpp.o[0m
[669.893s] [ 84%] [32mBuilding CXX object platforms/ros2/CMakeFiles/px4__rosidl_typesupport_c.dir/rosidl_typesupport_c/px4/msg/mission_result__type_support.cpp.o[0m
[669.985s] [ 84%] [32mBuilding CXX object platforms/ros2/CMakeFiles/px4__rosidl_typesupport_c.dir/rosidl_typesupport_c/px4/msg/mount_orientation__type_support.cpp.o[0m
[670.082s] [ 84%] [32mBuilding CXX object platforms/ros2/CMakeFiles/px4__rosidl_typesupport_c.dir/rosidl_typesupport_c/px4/msg/navigator_mission_item__type_support.cpp.o[0m
[670.176s] [ 84%] [32mBuilding CXX object platforms/ros2/CMakeFiles/px4__rosidl_typesupport_c.dir/rosidl_typesupport_c/px4/msg/navigator_status__type_support.cpp.o[0m
[670.266s] [ 84%] [32mBuilding CXX object platforms/ros2/CMakeFiles/px4__rosidl_typesupport_c.dir/rosidl_typesupport_c/px4/msg/normalized_unsigned_setpoint__type_support.cpp.o[0m
[670.362s] [ 84%] [32mBuilding CXX object platforms/ros2/CMakeFiles/px4__rosidl_typesupport_c.dir/rosidl_typesupport_c/px4/msg/npfg_status__type_support.cpp.o[0m
[670.461s] [ 84%] [32mBuilding CXX object platforms/ros2/CMakeFiles/px4__rosidl_typesupport_c.dir/rosidl_typesupport_c/px4/msg/obstacle_distance__type_support.cpp.o[0m
[670.549s] [ 84%] [32mBuilding CXX object platforms/ros2/CMakeFiles/px4__rosidl_typesupport_c.dir/rosidl_typesupport_c/px4/msg/offboard_control_mode__type_support.cpp.o[0m
[670.641s] [ 84%] [32mBuilding CXX object platforms/ros2/CMakeFiles/px4__rosidl_typesupport_c.dir/rosidl_typesupport_c/px4/msg/onboard_computer_status__type_support.cpp.o[0m
[670.729s] [ 84%] [32mBuilding CXX object platforms/ros2/CMakeFiles/px4__rosidl_typesupport_c.dir/rosidl_typesupport_c/px4/msg/open_drone_id_arm_status__type_support.cpp.o[0m
[670.829s] [ 84%] [32mBuilding CXX object platforms/ros2/CMakeFiles/px4__rosidl_typesupport_c.dir/rosidl_typesupport_c/px4/msg/open_drone_id_operator_id__type_support.cpp.o[0m
[670.922s] [ 84%] [32mBuilding CXX object platforms/ros2/CMakeFiles/px4__rosidl_typesupport_c.dir/rosidl_typesupport_c/px4/msg/open_drone_id_self_id__type_support.cpp.o[0m
[671.014s] [ 84%] [32mBuilding CXX object platforms/ros2/CMakeFiles/px4__rosidl_typesupport_c.dir/rosidl_typesupport_c/px4/msg/open_drone_id_system__type_support.cpp.o[0m
[671.096s] [ 84%] [32mBuilding CXX object platforms/ros2/CMakeFiles/px4__rosidl_typesupport_c.dir/rosidl_typesupport_c/px4/msg/orb_test__type_support.cpp.o[0m
[671.184s] [ 84%] [32mBuilding CXX object platforms/ros2/CMakeFiles/px4__rosidl_typesupport_c.dir/rosidl_typesupport_c/px4/msg/orb_test_large__type_support.cpp.o[0m
[671.277s] [ 84%] [32mBuilding CXX object platforms/ros2/CMakeFiles/px4__rosidl_typesupport_c.dir/rosidl_typesupport_c/px4/msg/orb_test_medium__type_support.cpp.o[0m
[671.362s] [ 84%] [32mBuilding CXX object platforms/ros2/CMakeFiles/px4__rosidl_typesupport_c.dir/rosidl_typesupport_c/px4/msg/orbit_status__type_support.cpp.o[0m
[671.440s] [ 84%] [32mBuilding CXX object platforms/ros2/CMakeFiles/px4__rosidl_typesupport_c.dir/rosidl_typesupport_c/px4/msg/parameter_reset_request__type_support.cpp.o[0m
[671.530s] [ 84%] [32mBuilding CXX object platforms/ros2/CMakeFiles/px4__rosidl_typesupport_c.dir/rosidl_typesupport_c/px4/msg/parameter_set_used_request__type_support.cpp.o[0m
[671.616s] [ 84%] [32mBuilding CXX object platforms/ros2/CMakeFiles/px4__rosidl_typesupport_c.dir/rosidl_typesupport_c/px4/msg/parameter_set_value_request__type_support.cpp.o[0m
[671.706s] [ 84%] [32mBuilding CXX object platforms/ros2/CMakeFiles/px4__rosidl_typesupport_c.dir/rosidl_typesupport_c/px4/msg/parameter_set_value_response__type_support.cpp.o[0m
[671.802s] [ 84%] [32mBuilding CXX object platforms/ros2/CMakeFiles/px4__rosidl_typesupport_c.dir/rosidl_typesupport_c/px4/msg/parameter_update__type_support.cpp.o[0m
[671.892s] [ 86%] [32mBuilding CXX object platforms/ros2/CMakeFiles/px4__rosidl_typesupport_c.dir/rosidl_typesupport_c/px4/msg/ping__type_support.cpp.o[0m
[671.981s] [ 86%] [32mBuilding CXX object platforms/ros2/CMakeFiles/px4__rosidl_typesupport_c.dir/rosidl_typesupport_c/px4/msg/position_controller_landing_status__type_support.cpp.o[0m
[672.071s] [ 86%] [32mBuilding CXX object platforms/ros2/CMakeFiles/px4__rosidl_typesupport_c.dir/rosidl_typesupport_c/px4/msg/position_controller_status__type_support.cpp.o[0m
[672.159s] [ 86%] [32mBuilding CXX object platforms/ros2/CMakeFiles/px4__rosidl_typesupport_c.dir/rosidl_typesupport_c/px4/msg/position_setpoint__type_support.cpp.o[0m
[672.250s] [ 86%] [32mBuilding CXX object platforms/ros2/CMakeFiles/px4__rosidl_typesupport_c.dir/rosidl_typesupport_c/px4/msg/position_setpoint_triplet__type_support.cpp.o[0m
[672.338s] [ 86%] [32mBuilding CXX object platforms/ros2/CMakeFiles/px4__rosidl_typesupport_c.dir/rosidl_typesupport_c/px4/msg/power_button_state__type_support.cpp.o[0m
[672.432s] [ 86%] [32mBuilding CXX object platforms/ros2/CMakeFiles/px4__rosidl_typesupport_c.dir/rosidl_typesupport_c/px4/msg/power_monitor__type_support.cpp.o[0m
[672.526s] [ 86%] [32mBuilding CXX object platforms/ros2/CMakeFiles/px4__rosidl_typesupport_c.dir/rosidl_typesupport_c/px4/msg/pps_capture__type_support.cpp.o[0m
[672.617s] [ 86%] [32mBuilding CXX object platforms/ros2/CMakeFiles/px4__rosidl_typesupport_c.dir/rosidl_typesupport_c/px4/msg/pure_pursuit_status__type_support.cpp.o[0m
[672.712s] [ 86%] [32mBuilding CXX object platforms/ros2/CMakeFiles/px4__rosidl_typesupport_c.dir/rosidl_typesupport_c/px4/msg/pwm_input__type_support.cpp.o[0m
[672.807s] [ 86%] [32mBuilding CXX object platforms/ros2/CMakeFiles/px4__rosidl_typesupport_c.dir/rosidl_typesupport_c/px4/msg/px4io_status__type_support.cpp.o[0m
[672.908s] [ 86%] [32mBuilding CXX object platforms/ros2/CMakeFiles/px4__rosidl_typesupport_c.dir/rosidl_typesupport_c/px4/msg/qshell_req__type_support.cpp.o[0m
[673.019s] [ 86%] [32mBuilding CXX object platforms/ros2/CMakeFiles/px4__rosidl_typesupport_c.dir/rosidl_typesupport_c/px4/msg/qshell_retval__type_support.cpp.o[0m
[673.103s] [ 86%] [32mBuilding CXX object platforms/ros2/CMakeFiles/px4__rosidl_typesupport_c.dir/rosidl_typesupport_c/px4/msg/radio_status__type_support.cpp.o[0m
[673.195s] [ 86%] [32mBuilding CXX object platforms/ros2/CMakeFiles/px4__rosidl_typesupport_c.dir/rosidl_typesupport_c/px4/msg/rate_ctrl_status__type_support.cpp.o[0m
[673.283s] [ 86%] [32mBuilding CXX object platforms/ros2/CMakeFiles/px4__rosidl_typesupport_c.dir/rosidl_typesupport_c/px4/msg/rc_channels__type_support.cpp.o[0m
[673.373s] [ 86%] [32mBuilding CXX object platforms/ros2/CMakeFiles/px4__rosidl_typesupport_c.dir/rosidl_typesupport_c/px4/msg/rc_parameter_map__type_support.cpp.o[0m
[673.450s] [ 86%] [32mBuilding CXX object platforms/ros2/CMakeFiles/px4__rosidl_typesupport_c.dir/rosidl_typesupport_c/px4/msg/rover_attitude_setpoint__type_support.cpp.o[0m
[673.526s] [ 86%] [32mBuilding CXX object platforms/ros2/CMakeFiles/px4__rosidl_typesupport_c.dir/rosidl_typesupport_c/px4/msg/rover_attitude_status__type_support.cpp.o[0m
[673.604s] [ 86%] [32mBuilding CXX object platforms/ros2/CMakeFiles/px4__rosidl_typesupport_c.dir/rosidl_typesupport_c/px4/msg/rover_position_setpoint__type_support.cpp.o[0m
[673.678s] [ 86%] [32mBuilding CXX object platforms/ros2/CMakeFiles/px4__rosidl_typesupport_c.dir/rosidl_typesupport_c/px4/msg/rover_rate_setpoint__type_support.cpp.o[0m
[673.752s] [ 86%] [32mBuilding CXX object platforms/ros2/CMakeFiles/px4__rosidl_typesupport_c.dir/rosidl_typesupport_c/px4/msg/rover_rate_status__type_support.cpp.o[0m
[673.826s] [ 86%] [32mBuilding CXX object platforms/ros2/CMakeFiles/px4__rosidl_typesupport_c.dir/rosidl_typesupport_c/px4/msg/rover_steering_setpoint__type_support.cpp.o[0m
[673.899s] [ 86%] [32mBuilding CXX object platforms/ros2/CMakeFiles/px4__rosidl_typesupport_c.dir/rosidl_typesupport_c/px4/msg/rover_throttle_setpoint__type_support.cpp.o[0m
[673.982s] [ 86%] [32mBuilding CXX object platforms/ros2/CMakeFiles/px4__rosidl_typesupport_c.dir/rosidl_typesupport_c/px4/msg/rover_velocity_status__type_support.cpp.o[0m
[674.072s] [ 86%] [32mBuilding CXX object platforms/ros2/CMakeFiles/px4__rosidl_typesupport_c.dir/rosidl_typesupport_c/px4/msg/rpm__type_support.cpp.o[0m
[674.166s] [ 86%] [32mBuilding CXX object platforms/ros2/CMakeFiles/px4__rosidl_typesupport_c.dir/rosidl_typesupport_c/px4/msg/rtl_status__type_support.cpp.o[0m
[674.255s] [ 86%] [32mBuilding CXX object platforms/ros2/CMakeFiles/px4__rosidl_typesupport_c.dir/rosidl_typesupport_c/px4/msg/rtl_time_estimate__type_support.cpp.o[0m
[674.343s] [ 86%] [32mBuilding CXX object platforms/ros2/CMakeFiles/px4__rosidl_typesupport_c.dir/rosidl_typesupport_c/px4/msg/satellite_info__type_support.cpp.o[0m
[674.433s] [ 87%] [32mBuilding CXX object platforms/ros2/CMakeFiles/px4__rosidl_typesupport_c.dir/rosidl_typesupport_c/px4/msg/sensor_accel__type_support.cpp.o[0m
[674.527s] [ 87%] [32mBuilding CXX object platforms/ros2/CMakeFiles/px4__rosidl_typesupport_c.dir/rosidl_typesupport_c/px4/msg/sensor_accel_fifo__type_support.cpp.o[0m
[674.624s] [ 87%] [32mBuilding CXX object platforms/ros2/CMakeFiles/px4__rosidl_typesupport_c.dir/rosidl_typesupport_c/px4/msg/sensor_airflow__type_support.cpp.o[0m
[674.714s] [ 87%] [32mBuilding CXX object platforms/ros2/CMakeFiles/px4__rosidl_typesupport_c.dir/rosidl_typesupport_c/px4/msg/sensor_baro__type_support.cpp.o[0m
[674.810s] [ 87%] [32mBuilding CXX object platforms/ros2/CMakeFiles/px4__rosidl_typesupport_c.dir/rosidl_typesupport_c/px4/msg/sensor_combined__type_support.cpp.o[0m
[674.907s] [ 87%] [32mBuilding CXX object platforms/ros2/CMakeFiles/px4__rosidl_typesupport_c.dir/rosidl_typesupport_c/px4/msg/sensor_correction__type_support.cpp.o[0m
[675.001s] [ 87%] [32mBuilding CXX object platforms/ros2/CMakeFiles/px4__rosidl_typesupport_c.dir/rosidl_typesupport_c/px4/msg/sensor_gnss_relative__type_support.cpp.o[0m
[675.093s] [ 87%] [32mBuilding CXX object platforms/ros2/CMakeFiles/px4__rosidl_typesupport_c.dir/rosidl_typesupport_c/px4/msg/sensor_gps__type_support.cpp.o[0m
[675.184s] [ 87%] [32mBuilding CXX object platforms/ros2/CMakeFiles/px4__rosidl_typesupport_c.dir/rosidl_typesupport_c/px4/msg/sensor_gyro__type_support.cpp.o[0m
[675.278s] [ 87%] [32mBuilding CXX object platforms/ros2/CMakeFiles/px4__rosidl_typesupport_c.dir/rosidl_typesupport_c/px4/msg/sensor_gyro_fft__type_support.cpp.o[0m
[675.372s] [ 87%] [32mBuilding CXX object platforms/ros2/CMakeFiles/px4__rosidl_typesupport_c.dir/rosidl_typesupport_c/px4/msg/sensor_gyro_fifo__type_support.cpp.o[0m
[675.461s] [ 87%] [32mBuilding CXX object platforms/ros2/CMakeFiles/px4__rosidl_typesupport_c.dir/rosidl_typesupport_c/px4/msg/sensor_hygrometer__type_support.cpp.o[0m
[675.555s] [ 87%] [32mBuilding CXX object platforms/ros2/CMakeFiles/px4__rosidl_typesupport_c.dir/rosidl_typesupport_c/px4/msg/sensor_mag__type_support.cpp.o[0m
[675.649s] [ 87%] [32mBuilding CXX object platforms/ros2/CMakeFiles/px4__rosidl_typesupport_c.dir/rosidl_typesupport_c/px4/msg/sensor_optical_flow__type_support.cpp.o[0m
[675.743s] [ 87%] [32mBuilding CXX object platforms/ros2/CMakeFiles/px4__rosidl_typesupport_c.dir/rosidl_typesupport_c/px4/msg/sensor_preflight_mag__type_support.cpp.o[0m
[675.835s] [ 87%] [32mBuilding CXX object platforms/ros2/CMakeFiles/px4__rosidl_typesupport_c.dir/rosidl_typesupport_c/px4/msg/sensor_selection__type_support.cpp.o[0m
[675.931s] [ 87%] [32mBuilding CXX object platforms/ros2/CMakeFiles/px4__rosidl_typesupport_c.dir/rosidl_typesupport_c/px4/msg/sensor_uwb__type_support.cpp.o[0m
[676.024s] [ 87%] [32mBuilding CXX object platforms/ros2/CMakeFiles/px4__rosidl_typesupport_c.dir/rosidl_typesupport_c/px4/msg/sensors_status__type_support.cpp.o[0m
[676.119s] [ 87%] [32mBuilding CXX object platforms/ros2/CMakeFiles/px4__rosidl_typesupport_c.dir/rosidl_typesupport_c/px4/msg/sensors_status_imu__type_support.cpp.o[0m
[676.213s] [ 87%] [32mBuilding CXX object platforms/ros2/CMakeFiles/px4__rosidl_typesupport_c.dir/rosidl_typesupport_c/px4/msg/system_power__type_support.cpp.o[0m
[676.303s] [ 87%] [32mBuilding CXX object platforms/ros2/CMakeFiles/px4__rosidl_typesupport_c.dir/rosidl_typesupport_c/px4/msg/takeoff_status__type_support.cpp.o[0m
[676.393s] [ 87%] [32mBuilding CXX object platforms/ros2/CMakeFiles/px4__rosidl_typesupport_c.dir/rosidl_typesupport_c/px4/msg/task_stack_info__type_support.cpp.o[0m
[676.491s] [ 87%] [32mBuilding CXX object platforms/ros2/CMakeFiles/px4__rosidl_typesupport_c.dir/rosidl_typesupport_c/px4/msg/tecs_status__type_support.cpp.o[0m
[676.589s] [ 87%] [32mBuilding CXX object platforms/ros2/CMakeFiles/px4__rosidl_typesupport_c.dir/rosidl_typesupport_c/px4/msg/telemetry_status__type_support.cpp.o[0m
[676.683s] [ 87%] [32mBuilding CXX object platforms/ros2/CMakeFiles/px4__rosidl_typesupport_c.dir/rosidl_typesupport_c/px4/msg/tiltrotor_extra_controls__type_support.cpp.o[0m
[676.778s] [ 87%] [32mBuilding CXX object platforms/ros2/CMakeFiles/px4__rosidl_typesupport_c.dir/rosidl_typesupport_c/px4/msg/timesync_status__type_support.cpp.o[0m
[676.870s] [ 87%] [32mBuilding CXX object platforms/ros2/CMakeFiles/px4__rosidl_typesupport_c.dir/rosidl_typesupport_c/px4/msg/trajectory_setpoint6dof__type_support.cpp.o[0m
[676.964s] [ 87%] [32mBuilding CXX object platforms/ros2/CMakeFiles/px4__rosidl_typesupport_c.dir/rosidl_typesupport_c/px4/msg/transponder_report__type_support.cpp.o[0m
[677.059s] [ 87%] [32mBuilding CXX object platforms/ros2/CMakeFiles/px4__rosidl_typesupport_c.dir/rosidl_typesupport_c/px4/msg/tune_control__type_support.cpp.o[0m
[677.152s] [ 88%] [32mBuilding CXX object platforms/ros2/CMakeFiles/px4__rosidl_typesupport_c.dir/rosidl_typesupport_c/px4/msg/uavcan_parameter_request__type_support.cpp.o[0m
[677.245s] [ 88%] [32mBuilding CXX object platforms/ros2/CMakeFiles/px4__rosidl_typesupport_c.dir/rosidl_typesupport_c/px4/msg/uavcan_parameter_value__type_support.cpp.o[0m
[677.335s] [ 88%] [32mBuilding CXX object platforms/ros2/CMakeFiles/px4__rosidl_typesupport_c.dir/rosidl_typesupport_c/px4/msg/ulog_stream__type_support.cpp.o[0m
[677.428s] [ 88%] [32mBuilding CXX object platforms/ros2/CMakeFiles/px4__rosidl_typesupport_c.dir/rosidl_typesupport_c/px4/msg/ulog_stream_ack__type_support.cpp.o[0m
[677.519s] [ 88%] [32mBuilding CXX object platforms/ros2/CMakeFiles/px4__rosidl_typesupport_c.dir/rosidl_typesupport_c/px4/msg/vehicle_acceleration__type_support.cpp.o[0m
[677.611s] [ 88%] [32mBuilding CXX object platforms/ros2/CMakeFiles/px4__rosidl_typesupport_c.dir/rosidl_typesupport_c/px4/msg/vehicle_air_data__type_support.cpp.o[0m
[677.706s] [ 88%] [32mBuilding CXX object platforms/ros2/CMakeFiles/px4__rosidl_typesupport_c.dir/rosidl_typesupport_c/px4/msg/vehicle_angular_acceleration_setpoint__type_support.cpp.o[0m
[677.801s] [ 88%] [32mBuilding CXX object platforms/ros2/CMakeFiles/px4__rosidl_typesupport_c.dir/rosidl_typesupport_c/px4/msg/vehicle_constraints__type_support.cpp.o[0m
[677.886s] [ 88%] [32mBuilding CXX object platforms/ros2/CMakeFiles/px4__rosidl_typesupport_c.dir/rosidl_typesupport_c/px4/msg/vehicle_imu__type_support.cpp.o[0m
[677.984s] [ 88%] [32mBuilding CXX object platforms/ros2/CMakeFiles/px4__rosidl_typesupport_c.dir/rosidl_typesupport_c/px4/msg/vehicle_imu_status__type_support.cpp.o[0m
[678.075s] [ 88%] [32mBuilding CXX object platforms/ros2/CMakeFiles/px4__rosidl_typesupport_c.dir/rosidl_typesupport_c/px4/msg/vehicle_local_position_setpoint__type_support.cpp.o[0m
[678.169s] [ 88%] [32mBuilding CXX object platforms/ros2/CMakeFiles/px4__rosidl_typesupport_c.dir/rosidl_typesupport_c/px4/msg/vehicle_magnetometer__type_support.cpp.o[0m
[678.269s] [ 88%] [32mBuilding CXX object platforms/ros2/CMakeFiles/px4__rosidl_typesupport_c.dir/rosidl_typesupport_c/px4/msg/vehicle_optical_flow__type_support.cpp.o[0m
[678.361s] [ 88%] [32mBuilding CXX object platforms/ros2/CMakeFiles/px4__rosidl_typesupport_c.dir/rosidl_typesupport_c/px4/msg/vehicle_optical_flow_vel__type_support.cpp.o[0m
[678.457s] [ 88%] [32mBuilding CXX object platforms/ros2/CMakeFiles/px4__rosidl_typesupport_c.dir/rosidl_typesupport_c/px4/msg/vehicle_roi__type_support.cpp.o[0m
[678.553s] [ 88%] [32mBuilding CXX object platforms/ros2/CMakeFiles/px4__rosidl_typesupport_c.dir/rosidl_typesupport_c/px4/msg/vehicle_thrust_setpoint__type_support.cpp.o[0m
[678.648s] [ 88%] [32mBuilding CXX object platforms/ros2/CMakeFiles/px4__rosidl_typesupport_c.dir/rosidl_typesupport_c/px4/msg/vehicle_torque_setpoint__type_support.cpp.o[0m
[678.740s] [ 88%] [32mBuilding CXX object platforms/ros2/CMakeFiles/px4__rosidl_typesupport_c.dir/rosidl_typesupport_c/px4/msg/velocity_limits__type_support.cpp.o[0m
[678.828s] [ 88%] [32mBuilding CXX object platforms/ros2/CMakeFiles/px4__rosidl_typesupport_c.dir/rosidl_typesupport_c/px4/msg/wheel_encoders__type_support.cpp.o[0m
[678.924s] [ 88%] [32mBuilding CXX object platforms/ros2/CMakeFiles/px4__rosidl_typesupport_c.dir/rosidl_typesupport_c/px4/msg/wind__type_support.cpp.o[0m
[679.015s] [ 88%] [32mBuilding CXX object platforms/ros2/CMakeFiles/px4__rosidl_typesupport_c.dir/rosidl_typesupport_c/px4/msg/yaw_estimator_status__type_support.cpp.o[0m
[679.108s] [ 88%] [32mBuilding CXX object platforms/ros2/CMakeFiles/px4__rosidl_typesupport_c.dir/rosidl_typesupport_c/px4/msg/actuator_motors__type_support.cpp.o[0m
[679.210s] [ 88%] [32mBuilding CXX object platforms/ros2/CMakeFiles/px4__rosidl_typesupport_c.dir/rosidl_typesupport_c/px4/msg/actuator_servos__type_support.cpp.o[0m
[679.305s] [ 88%] [32mBuilding CXX object platforms/ros2/CMakeFiles/px4__rosidl_typesupport_c.dir/rosidl_typesupport_c/px4/msg/airspeed_validated__type_support.cpp.o[0m
[679.397s] [ 88%] [32mBuilding CXX object platforms/ros2/CMakeFiles/px4__rosidl_typesupport_c.dir/rosidl_typesupport_c/px4/msg/arming_check_reply__type_support.cpp.o[0m
[679.492s] [ 88%] [32mBuilding CXX object platforms/ros2/CMakeFiles/px4__rosidl_typesupport_c.dir/rosidl_typesupport_c/px4/msg/arming_check_request__type_support.cpp.o[0m
[679.588s] [ 88%] [32mBuilding CXX object platforms/ros2/CMakeFiles/px4__rosidl_typesupport_c.dir/rosidl_typesupport_c/px4/msg/battery_status__type_support.cpp.o[0m
[679.681s] [ 88%] [32mBuilding CXX object platforms/ros2/CMakeFiles/px4__rosidl_typesupport_c.dir/rosidl_typesupport_c/px4/msg/config_overrides__type_support.cpp.o[0m
[679.769s] [ 88%] [32mBuilding CXX object platforms/ros2/CMakeFiles/px4__rosidl_typesupport_c.dir/rosidl_typesupport_c/px4/msg/goto_setpoint__type_support.cpp.o[0m
[679.868s] [ 89%] [32mBuilding CXX object platforms/ros2/CMakeFiles/px4__rosidl_typesupport_c.dir/rosidl_typesupport_c/px4/msg/home_position__type_support.cpp.o[0m
[679.959s] [ 89%] [32mBuilding CXX object platforms/ros2/CMakeFiles/px4__rosidl_typesupport_c.dir/rosidl_typesupport_c/px4/msg/manual_control_setpoint__type_support.cpp.o[0m
[680.055s] [ 89%] [32mBuilding CXX object platforms/ros2/CMakeFiles/px4__rosidl_typesupport_c.dir/rosidl_typesupport_c/px4/msg/mode_completed__type_support.cpp.o[0m
[680.148s] [ 89%] [32mBuilding CXX object platforms/ros2/CMakeFiles/px4__rosidl_typesupport_c.dir/rosidl_typesupport_c/px4/msg/register_ext_component_reply__type_support.cpp.o[0m
[680.248s] [ 89%] [32mBuilding CXX object platforms/ros2/CMakeFiles/px4__rosidl_typesupport_c.dir/rosidl_typesupport_c/px4/msg/register_ext_component_request__type_support.cpp.o[0m
[680.345s] [ 89%] [32mBuilding CXX object platforms/ros2/CMakeFiles/px4__rosidl_typesupport_c.dir/rosidl_typesupport_c/px4/msg/trajectory_setpoint__type_support.cpp.o[0m
[680.437s] [ 89%] [32mBuilding CXX object platforms/ros2/CMakeFiles/px4__rosidl_typesupport_c.dir/rosidl_typesupport_c/px4/msg/unregister_ext_component__type_support.cpp.o[0m
[680.531s] [ 89%] [32mBuilding CXX object platforms/ros2/CMakeFiles/px4__rosidl_typesupport_c.dir/rosidl_typesupport_c/px4/msg/vehicle_angular_velocity__type_support.cpp.o[0m
[680.624s] [ 89%] [32mBuilding CXX object platforms/ros2/CMakeFiles/px4__rosidl_typesupport_c.dir/rosidl_typesupport_c/px4/msg/vehicle_attitude__type_support.cpp.o[0m
[680.719s] [ 89%] [32mBuilding CXX object platforms/ros2/CMakeFiles/px4__rosidl_typesupport_c.dir/rosidl_typesupport_c/px4/msg/vehicle_attitude_setpoint__type_support.cpp.o[0m
[680.799s] [ 89%] [32mBuilding CXX object platforms/ros2/CMakeFiles/px4__rosidl_typesupport_c.dir/rosidl_typesupport_c/px4/msg/vehicle_command__type_support.cpp.o[0m
[680.890s] [ 89%] [32mBuilding CXX object platforms/ros2/CMakeFiles/px4__rosidl_typesupport_c.dir/rosidl_typesupport_c/px4/msg/vehicle_command_ack__type_support.cpp.o[0m
[680.984s] [ 89%] [32mBuilding CXX object platforms/ros2/CMakeFiles/px4__rosidl_typesupport_c.dir/rosidl_typesupport_c/px4/msg/vehicle_control_mode__type_support.cpp.o[0m
[681.073s] [ 89%] [32mBuilding CXX object platforms/ros2/CMakeFiles/px4__rosidl_typesupport_c.dir/rosidl_typesupport_c/px4/msg/vehicle_global_position__type_support.cpp.o[0m
[681.161s] [ 89%] [32mBuilding CXX object platforms/ros2/CMakeFiles/px4__rosidl_typesupport_c.dir/rosidl_typesupport_c/px4/msg/vehicle_land_detected__type_support.cpp.o[0m
[681.257s] [ 89%] [32mBuilding CXX object platforms/ros2/CMakeFiles/px4__rosidl_typesupport_c.dir/rosidl_typesupport_c/px4/msg/vehicle_local_position__type_support.cpp.o[0m
[681.349s] [ 89%] [32mBuilding CXX object platforms/ros2/CMakeFiles/px4__rosidl_typesupport_c.dir/rosidl_typesupport_c/px4/msg/vehicle_odometry__type_support.cpp.o[0m
[681.447s] [ 89%] [32mBuilding CXX object platforms/ros2/CMakeFiles/px4__rosidl_typesupport_c.dir/rosidl_typesupport_c/px4/msg/vehicle_rates_setpoint__type_support.cpp.o[0m
[681.544s] [ 89%] [32mBuilding CXX object platforms/ros2/CMakeFiles/px4__rosidl_typesupport_c.dir/rosidl_typesupport_c/px4/msg/vehicle_status__type_support.cpp.o[0m
[681.638s] [ 89%] [32mBuilding CXX object platforms/ros2/CMakeFiles/px4__rosidl_typesupport_c.dir/rosidl_typesupport_c/px4/msg/vtol_vehicle_status__type_support.cpp.o[0m
[681.731s] [ 89%] [32mBuilding CXX object platforms/ros2/CMakeFiles/px4__rosidl_typesupport_c.dir/rosidl_typesupport_c/px4/msg/actuator_armed__type_support.cpp.o[0m
[681.826s] [ 89%] [32mBuilding CXX object platforms/ros2/CMakeFiles/px4__rosidl_typesupport_c.dir/rosidl_typesupport_c/px4/msg/action_request__type_support.cpp.o[0m
[681.925s] [ 89%] [32m[1mLinking CXX shared library libpx4__rosidl_typesupport_c.so[0m
[682.160s] [ 89%] Built target px4__rosidl_typesupport_c
[682.205s] [ 89%] Built target px4
[682.265s] [ 89%] [34m[1mGenerating Python code for ROS interfaces[0m
[772.230s] [ 89%] Built target px4__py
[772.280s] [ 89%] [32mBuilding C object platforms/ros2/CMakeFiles/px4__rosidl_generator_py.dir/rosidl_generator_py/px4/msg/_ackermann_velocity_setpoint_s.c.o[0m
[772.280s] [ 89%] [32mBuilding C object platforms/ros2/CMakeFiles/px4__rosidl_generator_py.dir/rosidl_generator_py/px4/msg/_actuator_controls_status_s.c.o[0m
[772.281s] [ 89%] [32mBuilding C object platforms/ros2/CMakeFiles/px4__rosidl_generator_py.dir/rosidl_generator_py/px4/msg/_action_request_s.c.o[0m
[772.281s] [ 91%] [32mBuilding C object platforms/ros2/CMakeFiles/px4__rosidl_generator_py.dir/rosidl_generator_py/px4/msg/_actuator_armed_s.c.o[0m
[772.500s] [ 91%] [32mBuilding C object platforms/ros2/CMakeFiles/px4__rosidl_generator_py.dir/rosidl_generator_py/px4/msg/_actuator_outputs_s.c.o[0m
[772.505s] [ 91%] [32mBuilding C object platforms/ros2/CMakeFiles/px4__rosidl_generator_py.dir/rosidl_generator_py/px4/msg/_actuator_servos_trim_s.c.o[0m
[772.508s] [ 91%] [32mBuilding C object platforms/ros2/CMakeFiles/px4__rosidl_generator_py.dir/rosidl_generator_py/px4/msg/_actuator_test_s.c.o[0m
[772.540s] [ 91%] [32mBuilding C object platforms/ros2/CMakeFiles/px4__rosidl_generator_py.dir/rosidl_generator_py/px4/msg/_adc_report_s.c.o[0m
[772.734s] [ 91%] [32mBuilding C object platforms/ros2/CMakeFiles/px4__rosidl_generator_py.dir/rosidl_generator_py/px4/msg/_airspeed_s.c.o[0m
[772.758s] [ 91%] [32mBuilding C object platforms/ros2/CMakeFiles/px4__rosidl_generator_py.dir/rosidl_generator_py/px4/msg/_airspeed_wind_s.c.o[0m
[772.765s] [ 91%] [32mBuilding C object platforms/ros2/CMakeFiles/px4__rosidl_generator_py.dir/rosidl_generator_py/px4/msg/_autotune_attitude_control_status_s.c.o[0m
[772.801s] [ 91%] [32mBuilding C object platforms/ros2/CMakeFiles/px4__rosidl_generator_py.dir/rosidl_generator_py/px4/msg/_button_event_s.c.o[0m
[772.960s] [ 91%] [32mBuilding C object platforms/ros2/CMakeFiles/px4__rosidl_generator_py.dir/rosidl_generator_py/px4/msg/_camera_capture_s.c.o[0m
[773.057s] [ 91%] [32mBuilding C object platforms/ros2/CMakeFiles/px4__rosidl_generator_py.dir/rosidl_generator_py/px4/msg/_camera_trigger_s.c.o[0m
[773.063s] [ 91%] [32mBuilding C object platforms/ros2/CMakeFiles/px4__rosidl_generator_py.dir/rosidl_generator_py/px4/msg/_camera_status_s.c.o[0m
[773.168s] [ 91%] [32mBuilding C object platforms/ros2/CMakeFiles/px4__rosidl_generator_py.dir/rosidl_generator_py/px4/msg/_can_interface_status_s.c.o[0m
[773.320s] [ 91%] [32mBuilding C object platforms/ros2/CMakeFiles/px4__rosidl_generator_py.dir/rosidl_generator_py/px4/msg/_collision_constraints_s.c.o[0m
[773.326s] [ 91%] [32mBuilding C object platforms/ros2/CMakeFiles/px4__rosidl_generator_py.dir/rosidl_generator_py/px4/msg/_cellular_status_s.c.o[0m
[773.521s] [ 91%] [32mBuilding C object platforms/ros2/CMakeFiles/px4__rosidl_generator_py.dir/rosidl_generator_py/px4/msg/_control_allocator_status_s.c.o[0m
[773.598s] [ 91%] [32mBuilding C object platforms/ros2/CMakeFiles/px4__rosidl_generator_py.dir/rosidl_generator_py/px4/msg/_dataman_request_s.c.o[0m
[773.602s] [ 91%] [32mBuilding C object platforms/ros2/CMakeFiles/px4__rosidl_generator_py.dir/rosidl_generator_py/px4/msg/_cpuload_s.c.o[0m
[773.607s] [ 91%] [32mBuilding C object platforms/ros2/CMakeFiles/px4__rosidl_generator_py.dir/rosidl_generator_py/px4/msg/_dataman_response_s.c.o[0m
[773.821s] [ 91%] [32mBuilding C object platforms/ros2/CMakeFiles/px4__rosidl_generator_py.dir/rosidl_generator_py/px4/msg/_debug_array_s.c.o[0m
[773.833s] [ 91%] [32mBuilding C object platforms/ros2/CMakeFiles/px4__rosidl_generator_py.dir/rosidl_generator_py/px4/msg/_debug_key_value_s.c.o[0m
[773.946s] [ 91%] [32mBuilding C object platforms/ros2/CMakeFiles/px4__rosidl_generator_py.dir/rosidl_generator_py/px4/msg/_debug_value_s.c.o[0m
[773.950s] [ 91%] [32mBuilding C object platforms/ros2/CMakeFiles/px4__rosidl_generator_py.dir/rosidl_generator_py/px4/msg/_debug_vect_s.c.o[0m
[774.063s] [ 91%] [32mBuilding C object platforms/ros2/CMakeFiles/px4__rosidl_generator_py.dir/rosidl_generator_py/px4/msg/_differential_pressure_s.c.o[0m
[774.067s] [ 91%] [32mBuilding C object platforms/ros2/CMakeFiles/px4__rosidl_generator_py.dir/rosidl_generator_py/px4/msg/_differential_velocity_setpoint_s.c.o[0m
[774.160s] [ 91%] [32mBuilding C object platforms/ros2/CMakeFiles/px4__rosidl_generator_py.dir/rosidl_generator_py/px4/msg/_distance_sensor_s.c.o[0m
[774.210s] [ 91%] [32mBuilding C object platforms/ros2/CMakeFiles/px4__rosidl_generator_py.dir/rosidl_generator_py/px4/msg/_distance_sensor_mode_change_request_s.c.o[0m
[774.282s] [ 91%] [32mBuilding C object platforms/ros2/CMakeFiles/px4__rosidl_generator_py.dir/rosidl_generator_py/px4/msg/_ekf2_timestamps_s.c.o[0m
[774.286s] [ 92%] [32mBuilding C object platforms/ros2/CMakeFiles/px4__rosidl_generator_py.dir/rosidl_generator_py/px4/msg/_esc_report_s.c.o[0m
[774.425s] [ 92%] [32mBuilding C object platforms/ros2/CMakeFiles/px4__rosidl_generator_py.dir/rosidl_generator_py/px4/msg/_estimator_aid_source1d_s.c.o[0m
[774.425s] [ 92%] [32mBuilding C object platforms/ros2/CMakeFiles/px4__rosidl_generator_py.dir/rosidl_generator_py/px4/msg/_esc_status_s.c.o[0m
[774.531s] [ 92%] [32mBuilding C object platforms/ros2/CMakeFiles/px4__rosidl_generator_py.dir/rosidl_generator_py/px4/msg/_estimator_aid_source2d_s.c.o[0m
[774.539s] [ 92%] [32mBuilding C object platforms/ros2/CMakeFiles/px4__rosidl_generator_py.dir/rosidl_generator_py/px4/msg/_estimator_aid_source3d_s.c.o[0m
[774.678s] [ 92%] [32mBuilding C object platforms/ros2/CMakeFiles/px4__rosidl_generator_py.dir/rosidl_generator_py/px4/msg/_estimator_bias_s.c.o[0m
[774.685s] [ 92%] [32mBuilding C object platforms/ros2/CMakeFiles/px4__rosidl_generator_py.dir/rosidl_generator_py/px4/msg/_estimator_bias3d_s.c.o[0m
[774.834s] [ 92%] [32mBuilding C object platforms/ros2/CMakeFiles/px4__rosidl_generator_py.dir/rosidl_generator_py/px4/msg/_estimator_event_flags_s.c.o[0m
[774.848s] [ 92%] [32mBuilding C object platforms/ros2/CMakeFiles/px4__rosidl_generator_py.dir/rosidl_generator_py/px4/msg/_estimator_gps_status_s.c.o[0m
[774.922s] [ 92%] [32mBuilding C object platforms/ros2/CMakeFiles/px4__rosidl_generator_py.dir/rosidl_generator_py/px4/msg/_estimator_innovations_s.c.o[0m
[774.964s] [ 92%] [32mBuilding C object platforms/ros2/CMakeFiles/px4__rosidl_generator_py.dir/rosidl_generator_py/px4/msg/_estimator_selector_status_s.c.o[0m
[775.128s] [ 92%] [32mBuilding C object platforms/ros2/CMakeFiles/px4__rosidl_generator_py.dir/rosidl_generator_py/px4/msg/_estimator_sensor_bias_s.c.o[0m
[775.129s] [ 92%] [32mBuilding C object platforms/ros2/CMakeFiles/px4__rosidl_generator_py.dir/rosidl_generator_py/px4/msg/_estimator_states_s.c.o[0m
[775.279s] [ 92%] [32mBuilding C object platforms/ros2/CMakeFiles/px4__rosidl_generator_py.dir/rosidl_generator_py/px4/msg/_estimator_status_s.c.o[0m
[775.302s] [ 92%] [32mBuilding C object platforms/ros2/CMakeFiles/px4__rosidl_generator_py.dir/rosidl_generator_py/px4/msg/_estimator_status_flags_s.c.o[0m
[775.370s] [ 92%] [32mBuilding C object platforms/ros2/CMakeFiles/px4__rosidl_generator_py.dir/rosidl_generator_py/px4/msg/_event_s.c.o[0m
[775.469s] [ 92%] [32mBuilding C object platforms/ros2/CMakeFiles/px4__rosidl_generator_py.dir/rosidl_generator_py/px4/msg/_failsafe_flags_s.c.o[0m
[775.603s] [ 92%] [32mBuilding C object platforms/ros2/CMakeFiles/px4__rosidl_generator_py.dir/rosidl_generator_py/px4/msg/_failure_detector_status_s.c.o[0m
[775.675s] [ 92%] [32mBuilding C object platforms/ros2/CMakeFiles/px4__rosidl_generator_py.dir/rosidl_generator_py/px4/msg/_figure_eight_status_s.c.o[0m
[775.854s] [ 92%] [32mBuilding C object platforms/ros2/CMakeFiles/px4__rosidl_generator_py.dir/rosidl_generator_py/px4/msg/_flight_phase_estimation_s.c.o[0m
[775.868s] [ 92%] [32mBuilding C object platforms/ros2/CMakeFiles/px4__rosidl_generator_py.dir/rosidl_generator_py/px4/msg/_follow_target_s.c.o[0m
[775.884s] [ 92%] [32mBuilding C object platforms/ros2/CMakeFiles/px4__rosidl_generator_py.dir/rosidl_generator_py/px4/msg/_follow_target_estimator_s.c.o[0m
[775.921s] [ 92%] [32mBuilding C object platforms/ros2/CMakeFiles/px4__rosidl_generator_py.dir/rosidl_generator_py/px4/msg/_follow_target_status_s.c.o[0m
[776.062s] [ 92%] [32mBuilding C object platforms/ros2/CMakeFiles/px4__rosidl_generator_py.dir/rosidl_generator_py/px4/msg/_fuel_tank_status_s.c.o[0m
[776.119s] [ 92%] [32mBuilding C object platforms/ros2/CMakeFiles/px4__rosidl_generator_py.dir/rosidl_generator_py/px4/msg/_generator_status_s.c.o[0m
[776.162s] [ 92%] [32mBuilding C object platforms/ros2/CMakeFiles/px4__rosidl_generator_py.dir/rosidl_generator_py/px4/msg/_geofence_result_s.c.o[0m
[776.165s] [ 92%] [32mBuilding C object platforms/ros2/CMakeFiles/px4__rosidl_generator_py.dir/rosidl_generator_py/px4/msg/_geofence_status_s.c.o[0m
[776.303s] [ 92%] [32mBuilding C object platforms/ros2/CMakeFiles/px4__rosidl_generator_py.dir/rosidl_generator_py/px4/msg/_gimbal_controls_s.c.o[0m
[776.376s] [ 92%] [32mBuilding C object platforms/ros2/CMakeFiles/px4__rosidl_generator_py.dir/rosidl_generator_py/px4/msg/_gimbal_device_attitude_status_s.c.o[0m
[776.394s] [ 92%] [32mBuilding C object platforms/ros2/CMakeFiles/px4__rosidl_generator_py.dir/rosidl_generator_py/px4/msg/_gimbal_device_set_attitude_s.c.o[0m
[776.397s] [ 93%] [32mBuilding C object platforms/ros2/CMakeFiles/px4__rosidl_generator_py.dir/rosidl_generator_py/px4/msg/_gimbal_device_information_s.c.o[0m
[776.531s] [ 93%] [32mBuilding C object platforms/ros2/CMakeFiles/px4__rosidl_generator_py.dir/rosidl_generator_py/px4/msg/_gimbal_manager_information_s.c.o[0m
[776.642s] [ 93%] [32mBuilding C object platforms/ros2/CMakeFiles/px4__rosidl_generator_py.dir/rosidl_generator_py/px4/msg/_gimbal_manager_set_attitude_s.c.o[0m
[776.650s] [ 93%] [32mBuilding C object platforms/ros2/CMakeFiles/px4__rosidl_generator_py.dir/rosidl_generator_py/px4/msg/_gimbal_manager_set_manual_control_s.c.o[0m
[776.708s] [ 93%] [32mBuilding C object platforms/ros2/CMakeFiles/px4__rosidl_generator_py.dir/rosidl_generator_py/px4/msg/_gimbal_manager_status_s.c.o[0m
[776.771s] [ 93%] [32mBuilding C object platforms/ros2/CMakeFiles/px4__rosidl_generator_py.dir/rosidl_generator_py/px4/msg/_gpio_config_s.c.o[0m
[776.893s] [ 93%] [32mBuilding C object platforms/ros2/CMakeFiles/px4__rosidl_generator_py.dir/rosidl_generator_py/px4/msg/_gpio_in_s.c.o[0m
[776.895s] [ 93%] [32mBuilding C object platforms/ros2/CMakeFiles/px4__rosidl_generator_py.dir/rosidl_generator_py/px4/msg/_gpio_out_s.c.o[0m
[776.946s] [ 93%] [32mBuilding C object platforms/ros2/CMakeFiles/px4__rosidl_generator_py.dir/rosidl_generator_py/px4/msg/_gpio_request_s.c.o[0m
[777.001s] [ 93%] [32mBuilding C object platforms/ros2/CMakeFiles/px4__rosidl_generator_py.dir/rosidl_generator_py/px4/msg/_gps_dump_s.c.o[0m
[777.105s] [ 93%] [32mBuilding C object platforms/ros2/CMakeFiles/px4__rosidl_generator_py.dir/rosidl_generator_py/px4/msg/_gps_inject_data_s.c.o[0m
[777.111s] [ 93%] [32mBuilding C object platforms/ros2/CMakeFiles/px4__rosidl_generator_py.dir/rosidl_generator_py/px4/msg/_gripper_s.c.o[0m
[777.162s] [ 93%] [32mBuilding C object platforms/ros2/CMakeFiles/px4__rosidl_generator_py.dir/rosidl_generator_py/px4/msg/_health_report_s.c.o[0m
[777.236s] [ 93%] [32mBuilding C object platforms/ros2/CMakeFiles/px4__rosidl_generator_py.dir/rosidl_generator_py/px4/msg/_heater_status_s.c.o[0m
[777.343s] [ 93%] [32mBuilding C object platforms/ros2/CMakeFiles/px4__rosidl_generator_py.dir/rosidl_generator_py/px4/msg/_hover_thrust_estimate_s.c.o[0m
[777.343s] [ 93%] [32mBuilding C object platforms/ros2/CMakeFiles/px4__rosidl_generator_py.dir/rosidl_generator_py/px4/msg/_input_rc_s.c.o[0m
[777.533s] [ 93%] [32mBuilding C object platforms/ros2/CMakeFiles/px4__rosidl_generator_py.dir/rosidl_generator_py/px4/msg/_internal_combustion_engine_control_s.c.o[0m
[777.569s] [ 93%] [32mBuilding C object platforms/ros2/CMakeFiles/px4__rosidl_generator_py.dir/rosidl_generator_py/px4/msg/_internal_combustion_engine_status_s.c.o[0m
[777.648s] [ 93%] [32mBuilding C object platforms/ros2/CMakeFiles/px4__rosidl_generator_py.dir/rosidl_generator_py/px4/msg/_iridiumsbd_status_s.c.o[0m
[777.682s] [ 93%] [32mBuilding C object platforms/ros2/CMakeFiles/px4__rosidl_generator_py.dir/rosidl_generator_py/px4/msg/_irlock_report_s.c.o[0m
[777.785s] [ 93%] [32mBuilding C object platforms/ros2/CMakeFiles/px4__rosidl_generator_py.dir/rosidl_generator_py/px4/msg/_landing_gear_s.c.o[0m
[777.860s] [ 93%] [32mBuilding C object platforms/ros2/CMakeFiles/px4__rosidl_generator_py.dir/rosidl_generator_py/px4/msg/_landing_gear_wheel_s.c.o[0m
[777.910s] [ 93%] [32mBuilding C object platforms/ros2/CMakeFiles/px4__rosidl_generator_py.dir/rosidl_generator_py/px4/msg/_landing_target_innovations_s.c.o[0m
[777.927s] [ 93%] [32mBuilding C object platforms/ros2/CMakeFiles/px4__rosidl_generator_py.dir/rosidl_generator_py/px4/msg/_landing_target_pose_s.c.o[0m
[778.004s] [ 93%] [32mBuilding C object platforms/ros2/CMakeFiles/px4__rosidl_generator_py.dir/rosidl_generator_py/px4/msg/_launch_detection_status_s.c.o[0m
[778.066s] [ 93%] [32mBuilding C object platforms/ros2/CMakeFiles/px4__rosidl_generator_py.dir/rosidl_generator_py/px4/msg/_led_control_s.c.o[0m
[778.167s] [ 93%] [32mBuilding C object platforms/ros2/CMakeFiles/px4__rosidl_generator_py.dir/rosidl_generator_py/px4/msg/_log_message_s.c.o[0m
[778.251s] [ 93%] [32mBuilding C object platforms/ros2/CMakeFiles/px4__rosidl_generator_py.dir/rosidl_generator_py/px4/msg/_logger_status_s.c.o[0m
[778.260s] [ 94%] [32mBuilding C object platforms/ros2/CMakeFiles/px4__rosidl_generator_py.dir/rosidl_generator_py/px4/msg/_mag_worker_data_s.c.o[0m
[778.305s] [ 94%] [32mBuilding C object platforms/ros2/CMakeFiles/px4__rosidl_generator_py.dir/rosidl_generator_py/px4/msg/_magnetometer_bias_estimate_s.c.o[0m
[778.421s] [ 94%] [32mBuilding C object platforms/ros2/CMakeFiles/px4__rosidl_generator_py.dir/rosidl_generator_py/px4/msg/_manual_control_switches_s.c.o[0m
[778.561s] [ 94%] [32mBuilding C object platforms/ros2/CMakeFiles/px4__rosidl_generator_py.dir/rosidl_generator_py/px4/msg/_mavlink_log_s.c.o[0m
[778.582s] [ 94%] [32mBuilding C object platforms/ros2/CMakeFiles/px4__rosidl_generator_py.dir/rosidl_generator_py/px4/msg/_mavlink_tunnel_s.c.o[0m
[778.625s] [ 94%] [32mBuilding C object platforms/ros2/CMakeFiles/px4__rosidl_generator_py.dir/rosidl_generator_py/px4/msg/_message_format_request_s.c.o[0m
[778.711s] [ 94%] [32mBuilding C object platforms/ros2/CMakeFiles/px4__rosidl_generator_py.dir/rosidl_generator_py/px4/msg/_message_format_response_s.c.o[0m
[778.817s] [ 94%] [32mBuilding C object platforms/ros2/CMakeFiles/px4__rosidl_generator_py.dir/rosidl_generator_py/px4/msg/_mission_s.c.o[0m
[778.857s] [ 94%] [32mBuilding C object platforms/ros2/CMakeFiles/px4__rosidl_generator_py.dir/rosidl_generator_py/px4/msg/_mission_result_s.c.o[0m
[778.857s] [ 94%] [32mBuilding C object platforms/ros2/CMakeFiles/px4__rosidl_generator_py.dir/rosidl_generator_py/px4/msg/_mount_orientation_s.c.o[0m
[778.971s] [ 94%] [32mBuilding C object platforms/ros2/CMakeFiles/px4__rosidl_generator_py.dir/rosidl_generator_py/px4/msg/_navigator_mission_item_s.c.o[0m
[779.060s] [ 94%] [32mBuilding C object platforms/ros2/CMakeFiles/px4__rosidl_generator_py.dir/rosidl_generator_py/px4/msg/_navigator_status_s.c.o[0m
[779.084s] [ 94%] [32mBuilding C object platforms/ros2/CMakeFiles/px4__rosidl_generator_py.dir/rosidl_generator_py/px4/msg/_normalized_unsigned_setpoint_s.c.o[0m
[779.124s] [ 94%] [32mBuilding C object platforms/ros2/CMakeFiles/px4__rosidl_generator_py.dir/rosidl_generator_py/px4/msg/_npfg_status_s.c.o[0m
[779.246s] [ 94%] [32mBuilding C object platforms/ros2/CMakeFiles/px4__rosidl_generator_py.dir/rosidl_generator_py/px4/msg/_obstacle_distance_s.c.o[0m
[779.290s] [ 94%] [32mBuilding C object platforms/ros2/CMakeFiles/px4__rosidl_generator_py.dir/rosidl_generator_py/px4/msg/_offboard_control_mode_s.c.o[0m
[779.297s] [ 94%] [32mBuilding C object platforms/ros2/CMakeFiles/px4__rosidl_generator_py.dir/rosidl_generator_py/px4/msg/_onboard_computer_status_s.c.o[0m
[779.389s] [ 94%] [32mBuilding C object platforms/ros2/CMakeFiles/px4__rosidl_generator_py.dir/rosidl_generator_py/px4/msg/_open_drone_id_arm_status_s.c.o[0m
[779.498s] [ 94%] [32mBuilding C object platforms/ros2/CMakeFiles/px4__rosidl_generator_py.dir/rosidl_generator_py/px4/msg/_open_drone_id_operator_id_s.c.o[0m
[779.536s] [ 94%] [32mBuilding C object platforms/ros2/CMakeFiles/px4__rosidl_generator_py.dir/rosidl_generator_py/px4/msg/_open_drone_id_self_id_s.c.o[0m
[779.617s] [ 94%] [32mBuilding C object platforms/ros2/CMakeFiles/px4__rosidl_generator_py.dir/rosidl_generator_py/px4/msg/_open_drone_id_system_s.c.o[0m
[779.677s] [ 94%] [32mBuilding C object platforms/ros2/CMakeFiles/px4__rosidl_generator_py.dir/rosidl_generator_py/px4/msg/_orb_test_s.c.o[0m
[779.747s] [ 94%] [32mBuilding C object platforms/ros2/CMakeFiles/px4__rosidl_generator_py.dir/rosidl_generator_py/px4/msg/_orb_test_large_s.c.o[0m
[779.793s] [ 94%] [32mBuilding C object platforms/ros2/CMakeFiles/px4__rosidl_generator_py.dir/rosidl_generator_py/px4/msg/_orb_test_medium_s.c.o[0m
[779.888s] [ 94%] [32mBuilding C object platforms/ros2/CMakeFiles/px4__rosidl_generator_py.dir/rosidl_generator_py/px4/msg/_orbit_status_s.c.o[0m
[779.894s] [ 94%] [32mBuilding C object platforms/ros2/CMakeFiles/px4__rosidl_generator_py.dir/rosidl_generator_py/px4/msg/_parameter_reset_request_s.c.o[0m
[779.982s] [ 94%] [32mBuilding C object platforms/ros2/CMakeFiles/px4__rosidl_generator_py.dir/rosidl_generator_py/px4/msg/_parameter_set_used_request_s.c.o[0m
[780.023s] [ 94%] [32mBuilding C object platforms/ros2/CMakeFiles/px4__rosidl_generator_py.dir/rosidl_generator_py/px4/msg/_parameter_set_value_request_s.c.o[0m
[780.110s] [ 94%] [32mBuilding C object platforms/ros2/CMakeFiles/px4__rosidl_generator_py.dir/rosidl_generator_py/px4/msg/_parameter_set_value_response_s.c.o[0m
[780.125s] [ 96%] [32mBuilding C object platforms/ros2/CMakeFiles/px4__rosidl_generator_py.dir/rosidl_generator_py/px4/msg/_parameter_update_s.c.o[0m
[780.194s] [ 96%] [32mBuilding C object platforms/ros2/CMakeFiles/px4__rosidl_generator_py.dir/rosidl_generator_py/px4/msg/_ping_s.c.o[0m
[780.252s] [ 96%] [32mBuilding C object platforms/ros2/CMakeFiles/px4__rosidl_generator_py.dir/rosidl_generator_py/px4/msg/_position_controller_landing_status_s.c.o[0m
[780.332s] [ 96%] [32mBuilding C object platforms/ros2/CMakeFiles/px4__rosidl_generator_py.dir/rosidl_generator_py/px4/msg/_position_controller_status_s.c.o[0m
[780.363s] [ 96%] [32mBuilding C object platforms/ros2/CMakeFiles/px4__rosidl_generator_py.dir/rosidl_generator_py/px4/msg/_position_setpoint_s.c.o[0m
[780.426s] [ 96%] [32mBuilding C object platforms/ros2/CMakeFiles/px4__rosidl_generator_py.dir/rosidl_generator_py/px4/msg/_position_setpoint_triplet_s.c.o[0m
[780.473s] [ 96%] [32mBuilding C object platforms/ros2/CMakeFiles/px4__rosidl_generator_py.dir/rosidl_generator_py/px4/msg/_power_button_state_s.c.o[0m
[780.570s] [ 96%] [32mBuilding C object platforms/ros2/CMakeFiles/px4__rosidl_generator_py.dir/rosidl_generator_py/px4/msg/_power_monitor_s.c.o[0m
[780.660s] [ 96%] [32mBuilding C object platforms/ros2/CMakeFiles/px4__rosidl_generator_py.dir/rosidl_generator_py/px4/msg/_pps_capture_s.c.o[0m
[780.677s] [ 96%] [32mBuilding C object platforms/ros2/CMakeFiles/px4__rosidl_generator_py.dir/rosidl_generator_py/px4/msg/_pure_pursuit_status_s.c.o[0m
[780.688s] [ 96%] [32mBuilding C object platforms/ros2/CMakeFiles/px4__rosidl_generator_py.dir/rosidl_generator_py/px4/msg/_pwm_input_s.c.o[0m
[780.820s] [ 96%] [32mBuilding C object platforms/ros2/CMakeFiles/px4__rosidl_generator_py.dir/rosidl_generator_py/px4/msg/_px4io_status_s.c.o[0m
[780.884s] [ 96%] [32mBuilding C object platforms/ros2/CMakeFiles/px4__rosidl_generator_py.dir/rosidl_generator_py/px4/msg/_qshell_req_s.c.o[0m
[780.903s] [ 96%] [32mBuilding C object platforms/ros2/CMakeFiles/px4__rosidl_generator_py.dir/rosidl_generator_py/px4/msg/_qshell_retval_s.c.o[0m
[780.910s] [ 96%] [32mBuilding C object platforms/ros2/CMakeFiles/px4__rosidl_generator_py.dir/rosidl_generator_py/px4/msg/_radio_status_s.c.o[0m
[781.119s] [ 96%] [32mBuilding C object platforms/ros2/CMakeFiles/px4__rosidl_generator_py.dir/rosidl_generator_py/px4/msg/_rate_ctrl_status_s.c.o[0m
[781.128s] [ 96%] [32mBuilding C object platforms/ros2/CMakeFiles/px4__rosidl_generator_py.dir/rosidl_generator_py/px4/msg/_rc_channels_s.c.o[0m
[781.168s] [ 96%] [32mBuilding C object platforms/ros2/CMakeFiles/px4__rosidl_generator_py.dir/rosidl_generator_py/px4/msg/_rc_parameter_map_s.c.o[0m
[781.198s] [ 96%] [32mBuilding C object platforms/ros2/CMakeFiles/px4__rosidl_generator_py.dir/rosidl_generator_py/px4/msg/_rover_attitude_setpoint_s.c.o[0m
[781.349s] [ 96%] [32mBuilding C object platforms/ros2/CMakeFiles/px4__rosidl_generator_py.dir/rosidl_generator_py/px4/msg/_rover_attitude_status_s.c.o[0m
[781.389s] [ 96%] [32mBuilding C object platforms/ros2/CMakeFiles/px4__rosidl_generator_py.dir/rosidl_generator_py/px4/msg/_rover_position_setpoint_s.c.o[0m
[781.402s] [ 96%] [32mBuilding C object platforms/ros2/CMakeFiles/px4__rosidl_generator_py.dir/rosidl_generator_py/px4/msg/_rover_rate_setpoint_s.c.o[0m
[781.547s] [ 96%] [32mBuilding C object platforms/ros2/CMakeFiles/px4__rosidl_generator_py.dir/rosidl_generator_py/px4/msg/_rover_rate_status_s.c.o[0m
[781.575s] [ 96%] [32mBuilding C object platforms/ros2/CMakeFiles/px4__rosidl_generator_py.dir/rosidl_generator_py/px4/msg/_rover_steering_setpoint_s.c.o[0m
[781.610s] [ 96%] [32mBuilding C object platforms/ros2/CMakeFiles/px4__rosidl_generator_py.dir/rosidl_generator_py/px4/msg/_rover_throttle_setpoint_s.c.o[0m
[781.631s] [ 96%] [32mBuilding C object platforms/ros2/CMakeFiles/px4__rosidl_generator_py.dir/rosidl_generator_py/px4/msg/_rover_velocity_status_s.c.o[0m
[781.766s] [ 96%] [32mBuilding C object platforms/ros2/CMakeFiles/px4__rosidl_generator_py.dir/rosidl_generator_py/px4/msg/_rpm_s.c.o[0m
[781.796s] [ 96%] [32mBuilding C object platforms/ros2/CMakeFiles/px4__rosidl_generator_py.dir/rosidl_generator_py/px4/msg/_rtl_status_s.c.o[0m
[781.834s] [ 97%] [32mBuilding C object platforms/ros2/CMakeFiles/px4__rosidl_generator_py.dir/rosidl_generator_py/px4/msg/_rtl_time_estimate_s.c.o[0m
[781.879s] [ 97%] [32mBuilding C object platforms/ros2/CMakeFiles/px4__rosidl_generator_py.dir/rosidl_generator_py/px4/msg/_satellite_info_s.c.o[0m
[781.987s] [ 97%] [32mBuilding C object platforms/ros2/CMakeFiles/px4__rosidl_generator_py.dir/rosidl_generator_py/px4/msg/_sensor_accel_s.c.o[0m
[782.015s] [ 97%] [32mBuilding C object platforms/ros2/CMakeFiles/px4__rosidl_generator_py.dir/rosidl_generator_py/px4/msg/_sensor_accel_fifo_s.c.o[0m
[782.058s] [ 97%] [32mBuilding C object platforms/ros2/CMakeFiles/px4__rosidl_generator_py.dir/rosidl_generator_py/px4/msg/_sensor_airflow_s.c.o[0m
[782.178s] [ 97%] [32mBuilding C object platforms/ros2/CMakeFiles/px4__rosidl_generator_py.dir/rosidl_generator_py/px4/msg/_sensor_baro_s.c.o[0m
[782.261s] [ 97%] [32mBuilding C object platforms/ros2/CMakeFiles/px4__rosidl_generator_py.dir/rosidl_generator_py/px4/msg/_sensor_combined_s.c.o[0m
[782.286s] [ 97%] [32mBuilding C object platforms/ros2/CMakeFiles/px4__rosidl_generator_py.dir/rosidl_generator_py/px4/msg/_sensor_correction_s.c.o[0m
[782.419s] [ 97%] [32mBuilding C object platforms/ros2/CMakeFiles/px4__rosidl_generator_py.dir/rosidl_generator_py/px4/msg/_sensor_gnss_relative_s.c.o[0m
[782.443s] [ 97%] [32mBuilding C object platforms/ros2/CMakeFiles/px4__rosidl_generator_py.dir/rosidl_generator_py/px4/msg/_sensor_gps_s.c.o[0m
[782.543s] [ 97%] [32mBuilding C object platforms/ros2/CMakeFiles/px4__rosidl_generator_py.dir/rosidl_generator_py/px4/msg/_sensor_gyro_s.c.o[0m
[782.748s] [ 97%] [32mBuilding C object platforms/ros2/CMakeFiles/px4__rosidl_generator_py.dir/rosidl_generator_py/px4/msg/_sensor_gyro_fft_s.c.o[0m
[782.764s] [ 97%] [32mBuilding C object platforms/ros2/CMakeFiles/px4__rosidl_generator_py.dir/rosidl_generator_py/px4/msg/_sensor_gyro_fifo_s.c.o[0m
[782.801s] [ 97%] [32mBuilding C object platforms/ros2/CMakeFiles/px4__rosidl_generator_py.dir/rosidl_generator_py/px4/msg/_sensor_hygrometer_s.c.o[0m
[782.811s] [ 97%] [32mBuilding C object platforms/ros2/CMakeFiles/px4__rosidl_generator_py.dir/rosidl_generator_py/px4/msg/_sensor_mag_s.c.o[0m
[783.032s] [ 97%] [32mBuilding C object platforms/ros2/CMakeFiles/px4__rosidl_generator_py.dir/rosidl_generator_py/px4/msg/_sensor_optical_flow_s.c.o[0m
[783.033s] [ 97%] [32mBuilding C object platforms/ros2/CMakeFiles/px4__rosidl_generator_py.dir/rosidl_generator_py/px4/msg/_sensor_preflight_mag_s.c.o[0m
[783.041s] [ 97%] [32mBuilding C object platforms/ros2/CMakeFiles/px4__rosidl_generator_py.dir/rosidl_generator_py/px4/msg/_sensor_uwb_s.c.o[0m
[783.042s] [ 97%] [32mBuilding C object platforms/ros2/CMakeFiles/px4__rosidl_generator_py.dir/rosidl_generator_py/px4/msg/_sensor_selection_s.c.o[0m
[783.256s] [ 97%] [32mBuilding C object platforms/ros2/CMakeFiles/px4__rosidl_generator_py.dir/rosidl_generator_py/px4/msg/_sensors_status_s.c.o[0m
[783.260s] [ 97%] [32mBuilding C object platforms/ros2/CMakeFiles/px4__rosidl_generator_py.dir/rosidl_generator_py/px4/msg/_sensors_status_imu_s.c.o[0m
[783.309s] [ 97%] [32mBuilding C object platforms/ros2/CMakeFiles/px4__rosidl_generator_py.dir/rosidl_generator_py/px4/msg/_system_power_s.c.o[0m
[783.325s] [ 97%] [32mBuilding C object platforms/ros2/CMakeFiles/px4__rosidl_generator_py.dir/rosidl_generator_py/px4/msg/_takeoff_status_s.c.o[0m
[783.542s] [ 97%] [32mBuilding C object platforms/ros2/CMakeFiles/px4__rosidl_generator_py.dir/rosidl_generator_py/px4/msg/_task_stack_info_s.c.o[0m
[783.580s] [ 97%] [32mBuilding C object platforms/ros2/CMakeFiles/px4__rosidl_generator_py.dir/rosidl_generator_py/px4/msg/_telemetry_status_s.c.o[0m
[783.588s] [ 97%] [32mBuilding C object platforms/ros2/CMakeFiles/px4__rosidl_generator_py.dir/rosidl_generator_py/px4/msg/_tecs_status_s.c.o[0m
[783.595s] [ 97%] [32mBuilding C object platforms/ros2/CMakeFiles/px4__rosidl_generator_py.dir/rosidl_generator_py/px4/msg/_tiltrotor_extra_controls_s.c.o[0m
[783.777s] [ 97%] [32mBuilding C object platforms/ros2/CMakeFiles/px4__rosidl_generator_py.dir/rosidl_generator_py/px4/msg/_timesync_status_s.c.o[0m
[783.810s] [ 97%] [32mBuilding C object platforms/ros2/CMakeFiles/px4__rosidl_generator_py.dir/rosidl_generator_py/px4/msg/_trajectory_setpoint6dof_s.c.o[0m
[783.899s] [ 98%] [32mBuilding C object platforms/ros2/CMakeFiles/px4__rosidl_generator_py.dir/rosidl_generator_py/px4/msg/_transponder_report_s.c.o[0m
[783.972s] [ 98%] [32mBuilding C object platforms/ros2/CMakeFiles/px4__rosidl_generator_py.dir/rosidl_generator_py/px4/msg/_tune_control_s.c.o[0m
[784.015s] [ 98%] [32mBuilding C object platforms/ros2/CMakeFiles/px4__rosidl_generator_py.dir/rosidl_generator_py/px4/msg/_uavcan_parameter_request_s.c.o[0m
[784.088s] [ 98%] [32mBuilding C object platforms/ros2/CMakeFiles/px4__rosidl_generator_py.dir/rosidl_generator_py/px4/msg/_uavcan_parameter_value_s.c.o[0m
[784.179s] [ 98%] [32mBuilding C object platforms/ros2/CMakeFiles/px4__rosidl_generator_py.dir/rosidl_generator_py/px4/msg/_ulog_stream_s.c.o[0m
[784.217s] [ 98%] [32mBuilding C object platforms/ros2/CMakeFiles/px4__rosidl_generator_py.dir/rosidl_generator_py/px4/msg/_ulog_stream_ack_s.c.o[0m
[784.274s] [ 98%] [32mBuilding C object platforms/ros2/CMakeFiles/px4__rosidl_generator_py.dir/rosidl_generator_py/px4/msg/_vehicle_acceleration_s.c.o[0m
[784.334s] [ 98%] [32mBuilding C object platforms/ros2/CMakeFiles/px4__rosidl_generator_py.dir/rosidl_generator_py/px4/msg/_vehicle_air_data_s.c.o[0m
[784.417s] [ 98%] [32mBuilding C object platforms/ros2/CMakeFiles/px4__rosidl_generator_py.dir/rosidl_generator_py/px4/msg/_vehicle_angular_acceleration_setpoint_s.c.o[0m
[784.443s] [ 98%] [32mBuilding C object platforms/ros2/CMakeFiles/px4__rosidl_generator_py.dir/rosidl_generator_py/px4/msg/_vehicle_constraints_s.c.o[0m
[784.512s] [ 98%] [32mBuilding C object platforms/ros2/CMakeFiles/px4__rosidl_generator_py.dir/rosidl_generator_py/px4/msg/_vehicle_imu_s.c.o[0m
[784.587s] [ 98%] [32mBuilding C object platforms/ros2/CMakeFiles/px4__rosidl_generator_py.dir/rosidl_generator_py/px4/msg/_vehicle_imu_status_s.c.o[0m
[784.647s] [ 98%] [32mBuilding C object platforms/ros2/CMakeFiles/px4__rosidl_generator_py.dir/rosidl_generator_py/px4/msg/_vehicle_local_position_setpoint_s.c.o[0m
[784.663s] [ 98%] [32mBuilding C object platforms/ros2/CMakeFiles/px4__rosidl_generator_py.dir/rosidl_generator_py/px4/msg/_vehicle_magnetometer_s.c.o[0m
[784.790s] [ 98%] [32mBuilding C object platforms/ros2/CMakeFiles/px4__rosidl_generator_py.dir/rosidl_generator_py/px4/msg/_vehicle_optical_flow_s.c.o[0m
[784.891s] [ 98%] [32mBuilding C object platforms/ros2/CMakeFiles/px4__rosidl_generator_py.dir/rosidl_generator_py/px4/msg/_vehicle_optical_flow_vel_s.c.o[0m
[784.918s] [ 98%] [32mBuilding C object platforms/ros2/CMakeFiles/px4__rosidl_generator_py.dir/rosidl_generator_py/px4/msg/_vehicle_roi_s.c.o[0m
[784.930s] [ 98%] [32mBuilding C object platforms/ros2/CMakeFiles/px4__rosidl_generator_py.dir/rosidl_generator_py/px4/msg/_vehicle_thrust_setpoint_s.c.o[0m
[785.061s] [ 98%] [32mBuilding C object platforms/ros2/CMakeFiles/px4__rosidl_generator_py.dir/rosidl_generator_py/px4/msg/_vehicle_torque_setpoint_s.c.o[0m
[785.147s] [ 98%] [32mBuilding C object platforms/ros2/CMakeFiles/px4__rosidl_generator_py.dir/rosidl_generator_py/px4/msg/_velocity_limits_s.c.o[0m
[785.171s] [ 98%] [32mBuilding C object platforms/ros2/CMakeFiles/px4__rosidl_generator_py.dir/rosidl_generator_py/px4/msg/_wheel_encoders_s.c.o[0m
[785.217s] [ 98%] [32mBuilding C object platforms/ros2/CMakeFiles/px4__rosidl_generator_py.dir/rosidl_generator_py/px4/msg/_wind_s.c.o[0m
[785.296s] [ 98%] [32mBuilding C object platforms/ros2/CMakeFiles/px4__rosidl_generator_py.dir/rosidl_generator_py/px4/msg/_yaw_estimator_status_s.c.o[0m
[785.470s] [ 98%] [32mBuilding C object platforms/ros2/CMakeFiles/px4__rosidl_generator_py.dir/rosidl_generator_py/px4/msg/_actuator_motors_s.c.o[0m
[785.472s] [ 98%] [32mBuilding C object platforms/ros2/CMakeFiles/px4__rosidl_generator_py.dir/rosidl_generator_py/px4/msg/_actuator_servos_s.c.o[0m
[785.503s] [ 98%] [32mBuilding C object platforms/ros2/CMakeFiles/px4__rosidl_generator_py.dir/rosidl_generator_py/px4/msg/_airspeed_validated_s.c.o[0m
[785.574s] [ 98%] [32mBuilding C object platforms/ros2/CMakeFiles/px4__rosidl_generator_py.dir/rosidl_generator_py/px4/msg/_arming_check_reply_s.c.o[0m
[785.704s] [ 98%] [32mBuilding C object platforms/ros2/CMakeFiles/px4__rosidl_generator_py.dir/rosidl_generator_py/px4/msg/_arming_check_request_s.c.o[0m
[785.750s] [ 98%] [32mBuilding C object platforms/ros2/CMakeFiles/px4__rosidl_generator_py.dir/rosidl_generator_py/px4/msg/_battery_status_s.c.o[0m
[785.762s] [100%] [32mBuilding C object platforms/ros2/CMakeFiles/px4__rosidl_generator_py.dir/rosidl_generator_py/px4/msg/_config_overrides_s.c.o[0m
[785.892s] [100%] [32mBuilding C object platforms/ros2/CMakeFiles/px4__rosidl_generator_py.dir/rosidl_generator_py/px4/msg/_goto_setpoint_s.c.o[0m
[785.937s] [100%] [32mBuilding C object platforms/ros2/CMakeFiles/px4__rosidl_generator_py.dir/rosidl_generator_py/px4/msg/_home_position_s.c.o[0m
[785.997s] [100%] [32mBuilding C object platforms/ros2/CMakeFiles/px4__rosidl_generator_py.dir/rosidl_generator_py/px4/msg/_manual_control_setpoint_s.c.o[0m
[786.144s] [100%] [32mBuilding C object platforms/ros2/CMakeFiles/px4__rosidl_generator_py.dir/rosidl_generator_py/px4/msg/_mode_completed_s.c.o[0m
[786.160s] [100%] [32mBuilding C object platforms/ros2/CMakeFiles/px4__rosidl_generator_py.dir/rosidl_generator_py/px4/msg/_register_ext_component_reply_s.c.o[0m
[786.199s] [100%] [32mBuilding C object platforms/ros2/CMakeFiles/px4__rosidl_generator_py.dir/rosidl_generator_py/px4/msg/_register_ext_component_request_s.c.o[0m
[786.271s] [100%] [32mBuilding C object platforms/ros2/CMakeFiles/px4__rosidl_generator_py.dir/rosidl_generator_py/px4/msg/_trajectory_setpoint_s.c.o[0m
[786.373s] [100%] [32mBuilding C object platforms/ros2/CMakeFiles/px4__rosidl_generator_py.dir/rosidl_generator_py/px4/msg/_unregister_ext_component_s.c.o[0m
[786.403s] [100%] [32mBuilding C object platforms/ros2/CMakeFiles/px4__rosidl_generator_py.dir/rosidl_generator_py/px4/msg/_vehicle_angular_velocity_s.c.o[0m
[786.463s] [100%] [32mBuilding C object platforms/ros2/CMakeFiles/px4__rosidl_generator_py.dir/rosidl_generator_py/px4/msg/_vehicle_attitude_s.c.o[0m
[786.533s] [100%] [32mBuilding C object platforms/ros2/CMakeFiles/px4__rosidl_generator_py.dir/rosidl_generator_py/px4/msg/_vehicle_attitude_setpoint_s.c.o[0m
[786.614s] [100%] [32mBuilding C object platforms/ros2/CMakeFiles/px4__rosidl_generator_py.dir/rosidl_generator_py/px4/msg/_vehicle_command_s.c.o[0m
[786.640s] [100%] [32mBuilding C object platforms/ros2/CMakeFiles/px4__rosidl_generator_py.dir/rosidl_generator_py/px4/msg/_vehicle_command_ack_s.c.o[0m
[786.705s] [100%] [32mBuilding C object platforms/ros2/CMakeFiles/px4__rosidl_generator_py.dir/rosidl_generator_py/px4/msg/_vehicle_control_mode_s.c.o[0m
[786.782s] [100%] [32mBuilding C object platforms/ros2/CMakeFiles/px4__rosidl_generator_py.dir/rosidl_generator_py/px4/msg/_vehicle_global_position_s.c.o[0m
[786.871s] [100%] [32mBuilding C object platforms/ros2/CMakeFiles/px4__rosidl_generator_py.dir/rosidl_generator_py/px4/msg/_vehicle_land_detected_s.c.o[0m
[786.889s] [100%] [32mBuilding C object platforms/ros2/CMakeFiles/px4__rosidl_generator_py.dir/rosidl_generator_py/px4/msg/_vehicle_local_position_s.c.o[0m
[786.976s] [100%] [32mBuilding C object platforms/ros2/CMakeFiles/px4__rosidl_generator_py.dir/rosidl_generator_py/px4/msg/_vehicle_odometry_s.c.o[0m
[787.067s] [100%] [32mBuilding C object platforms/ros2/CMakeFiles/px4__rosidl_generator_py.dir/rosidl_generator_py/px4/msg/_vehicle_rates_setpoint_s.c.o[0m
[787.131s] [100%] [32mBuilding C object platforms/ros2/CMakeFiles/px4__rosidl_generator_py.dir/rosidl_generator_py/px4/msg/_vehicle_status_s.c.o[0m
[787.287s] [100%] [32mBuilding C object platforms/ros2/CMakeFiles/px4__rosidl_generator_py.dir/rosidl_generator_py/px4/msg/_vtol_vehicle_status_s.c.o[0m
[787.515s] [100%] [32m[1mLinking C shared library libpx4__rosidl_generator_py.so[0m
[787.707s] [100%] Built target px4__rosidl_generator_py
[787.739s] [100%] [32mBuilding C object platforms/ros2/CMakeFiles/px4_s__rosidl_typesupport_introspection_c.dir/rosidl_generator_py/px4/_px4_s.ep.rosidl_typesupport_introspection_c.c.o[0m
[787.740s] [100%] [32mBuilding C object platforms/ros2/CMakeFiles/px4_s__rosidl_typesupport_fastrtps_c.dir/rosidl_generator_py/px4/_px4_s.ep.rosidl_typesupport_fastrtps_c.c.o[0m
[787.740s] [100%] [32mBuilding C object platforms/ros2/CMakeFiles/px4_s__rosidl_typesupport_c.dir/rosidl_generator_py/px4/_px4_s.ep.rosidl_typesupport_c.c.o[0m
[791.696s] [100%] [32m[1mLinking C shared module rosidl_generator_py/px4/px4_s__rosidl_typesupport_fastrtps_c.so[0m
[791.762s] [100%] [32m[1mLinking C shared module rosidl_generator_py/px4/px4_s__rosidl_typesupport_introspection_c.so[0m
[791.772s] [100%] Built target px4_s__rosidl_typesupport_fastrtps_c
[791.795s] [100%] [32m[1mLinking C shared module rosidl_generator_py/px4/px4_s__rosidl_typesupport_c.so[0m
[791.832s] [100%] Built target px4_s__rosidl_typesupport_introspection_c
[791.862s] [100%] Built target px4_s__rosidl_typesupport_c
[791.886s] Invoked command in '/repo/ws/build/px4' returned '0': CMAKE_PREFIX_PATH=${CMAKE_PREFIX_PATH}:/opt/ros/jazzy /usr/bin/cmake --build /repo/ws/build/px4 -- -j4 -l4
[791.890s] Invoking command in '/repo/ws/build/px4': CMAKE_PREFIX_PATH=${CMAKE_PREFIX_PATH}:/opt/ros/jazzy /usr/bin/cmake --install /repo/ws/build/px4
[791.902s] -- Install configuration: "RelWithDebInfo"
[791.905s] -- Execute custom install script
[791.906s] -- Symlinking: /repo/ws/install/lib/cmake/GTest/GTestConfigVersion.cmake
[791.920s] -- Symlinking: /repo/ws/install/lib/cmake/GTest/GTestConfig.cmake
[791.934s] -- Symlinking: /repo/ws/install/include/gtest/gtest-assertion-result.h
[791.948s] -- Symlinking: /repo/ws/install/include/gtest/gtest-death-test.h
[791.961s] -- Symlinking: /repo/ws/install/include/gtest/gtest-matchers.h
[791.974s] -- Symlinking: /repo/ws/install/include/gtest/gtest-message.h
[791.987s] -- Symlinking: /repo/ws/install/include/gtest/gtest-param-test.h
[792.002s] -- Symlinking: /repo/ws/install/include/gtest/gtest-printers.h
[792.015s] -- Symlinking: /repo/ws/install/include/gtest/gtest-spi.h
[792.028s] -- Symlinking: /repo/ws/install/include/gtest/gtest-test-part.h
[792.041s] -- Symlinking: /repo/ws/install/include/gtest/gtest-typed-test.h
[792.054s] -- Symlinking: /repo/ws/install/include/gtest/gtest.h
[792.067s] -- Symlinking: /repo/ws/install/include/gtest/gtest_pred_impl.h
[792.083s] -- Symlinking: /repo/ws/install/include/gtest/gtest_prod.h
[792.096s] -- Symlinking: /repo/ws/install/include/gtest/internal/custom/README.md
[792.110s] -- Symlinking: /repo/ws/install/include/gtest/internal/custom/gtest-port.h
[792.123s] -- Symlinking: /repo/ws/install/include/gtest/internal/custom/gtest-printers.h
[792.136s] -- Symlinking: /repo/ws/install/include/gtest/internal/custom/gtest.h
[792.149s] -- Symlinking: /repo/ws/install/include/gtest/internal/gtest-death-test-internal.h
[792.162s] -- Symlinking: /repo/ws/install/include/gtest/internal/gtest-filepath.h
[792.175s] -- Symlinking: /repo/ws/install/include/gtest/internal/gtest-internal.h
[792.189s] -- Symlinking: /repo/ws/install/include/gtest/internal/gtest-param-util.h
[792.203s] -- Symlinking: /repo/ws/install/include/gtest/internal/gtest-port-arch.h
[792.216s] -- Symlinking: /repo/ws/install/include/gtest/internal/gtest-port.h
[792.229s] -- Symlinking: /repo/ws/install/include/gtest/internal/gtest-string.h
[792.244s] -- Symlinking: /repo/ws/install/include/gtest/internal/gtest-type-util.h
[792.258s] -- Symlinking: /repo/ws/install/lib/pkgconfig/gtest.pc
[792.272s] -- Symlinking: /repo/ws/install/lib/pkgconfig/gtest_main.pc
[792.285s] -- Symlinking: /repo/ws/install/include/gmock/gmock-actions.h
[792.299s] -- Symlinking: /repo/ws/install/include/gmock/gmock-cardinalities.h
[792.312s] -- Symlinking: /repo/ws/install/include/gmock/gmock-function-mocker.h
[792.325s] -- Symlinking: /repo/ws/install/include/gmock/gmock-matchers.h
[792.339s] -- Symlinking: /repo/ws/install/include/gmock/gmock-more-actions.h
[792.353s] -- Symlinking: /repo/ws/install/include/gmock/gmock-more-matchers.h
[792.367s] -- Symlinking: /repo/ws/install/include/gmock/gmock-nice-strict.h
[792.379s] -- Symlinking: /repo/ws/install/include/gmock/gmock-spec-builders.h
[792.395s] -- Symlinking: /repo/ws/install/include/gmock/gmock.h
[792.410s] -- Symlinking: /repo/ws/install/include/gmock/internal/custom/README.md
[792.424s] -- Symlinking: /repo/ws/install/include/gmock/internal/custom/gmock-generated-actions.h
[792.438s] -- Symlinking: /repo/ws/install/include/gmock/internal/custom/gmock-matchers.h
[792.452s] -- Symlinking: /repo/ws/install/include/gmock/internal/custom/gmock-port.h
[792.465s] -- Symlinking: /repo/ws/install/include/gmock/internal/gmock-internal-utils.h
[792.478s] -- Symlinking: /repo/ws/install/include/gmock/internal/gmock-port.h
[792.492s] -- Symlinking: /repo/ws/install/include/gmock/internal/gmock-pp.h
[792.506s] -- Symlinking: /repo/ws/install/lib/pkgconfig/gmock.pc
[792.519s] -- Symlinking: /repo/ws/install/lib/pkgconfig/gmock_main.pc
[792.532s] -- Symlinking: /repo/ws/install/share/ament_index/resource_index/rosidl_interfaces/px4
[792.545s] -- Symlinking: /repo/ws/install/share/px4/msg/AckermannVelocitySetpoint.json
[792.558s] -- Symlinking: /repo/ws/install/share/px4/msg/ActionRequest.json
[792.571s] -- Symlinking: /repo/ws/install/share/px4/msg/ActuatorArmed.json
[792.584s] -- Symlinking: /repo/ws/install/share/px4/msg/ActuatorControlsStatus.json
[792.599s] -- Symlinking: /repo/ws/install/share/px4/msg/ActuatorOutputs.json
[792.612s] -- Symlinking: /repo/ws/install/share/px4/msg/ActuatorServosTrim.json
[792.625s] -- Symlinking: /repo/ws/install/share/px4/msg/ActuatorTest.json
[792.638s] -- Symlinking: /repo/ws/install/share/px4/msg/AdcReport.json
[792.652s] -- Symlinking: /repo/ws/install/share/px4/msg/Airspeed.json
[792.665s] -- Symlinking: /repo/ws/install/share/px4/msg/AirspeedWind.json
[792.679s] -- Symlinking: /repo/ws/install/share/px4/msg/AutotuneAttitudeControlStatus.json
[792.693s] -- Symlinking: /repo/ws/install/share/px4/msg/ButtonEvent.json
[792.706s] -- Symlinking: /repo/ws/install/share/px4/msg/CameraCapture.json
[792.719s] -- Symlinking: /repo/ws/install/share/px4/msg/CameraStatus.json
[792.733s] -- Symlinking: /repo/ws/install/share/px4/msg/CameraTrigger.json
[792.746s] -- Symlinking: /repo/ws/install/share/px4/msg/CanInterfaceStatus.json
[792.759s] -- Symlinking: /repo/ws/install/share/px4/msg/CellularStatus.json
[792.772s] -- Symlinking: /repo/ws/install/share/px4/msg/CollisionConstraints.json
[792.785s] -- Symlinking: /repo/ws/install/share/px4/msg/ControlAllocatorStatus.json
[792.799s] -- Symlinking: /repo/ws/install/share/px4/msg/Cpuload.json
[792.813s] -- Symlinking: /repo/ws/install/share/px4/msg/DatamanRequest.json
[792.825s] -- Symlinking: /repo/ws/install/share/px4/msg/DatamanResponse.json
[792.839s] -- Symlinking: /repo/ws/install/share/px4/msg/DebugArray.json
[792.852s] -- Symlinking: /repo/ws/install/share/px4/msg/DebugKeyValue.json
[792.866s] -- Symlinking: /repo/ws/install/share/px4/msg/DebugValue.json
[792.879s] -- Symlinking: /repo/ws/install/share/px4/msg/DebugVect.json
[792.894s] -- Symlinking: /repo/ws/install/share/px4/msg/DifferentialPressure.json
[792.907s] -- Symlinking: /repo/ws/install/share/px4/msg/DifferentialVelocitySetpoint.json
[792.920s] -- Symlinking: /repo/ws/install/share/px4/msg/DistanceSensor.json
[792.933s] -- Symlinking: /repo/ws/install/share/px4/msg/DistanceSensorModeChangeRequest.json
[792.947s] -- Symlinking: /repo/ws/install/share/px4/msg/Ekf2Timestamps.json
[792.960s] -- Symlinking: /repo/ws/install/share/px4/msg/EscReport.json
[792.973s] -- Symlinking: /repo/ws/install/share/px4/msg/EscStatus.json
[792.986s] -- Symlinking: /repo/ws/install/share/px4/msg/EstimatorAidSource1d.json
[793.001s] -- Symlinking: /repo/ws/install/share/px4/msg/EstimatorAidSource2d.json
[793.014s] -- Symlinking: /repo/ws/install/share/px4/msg/EstimatorAidSource3d.json
[793.028s] -- Symlinking: /repo/ws/install/share/px4/msg/EstimatorBias.json
[793.041s] -- Symlinking: /repo/ws/install/share/px4/msg/EstimatorBias3d.json
[793.054s] -- Symlinking: /repo/ws/install/share/px4/msg/EstimatorEventFlags.json
[793.067s] -- Symlinking: /repo/ws/install/share/px4/msg/EstimatorGpsStatus.json
[793.080s] -- Symlinking: /repo/ws/install/share/px4/msg/EstimatorInnovations.json
[793.095s] -- Symlinking: /repo/ws/install/share/px4/msg/EstimatorSelectorStatus.json
[793.109s] -- Symlinking: /repo/ws/install/share/px4/msg/EstimatorSensorBias.json
[793.122s] -- Symlinking: /repo/ws/install/share/px4/msg/EstimatorStates.json
[793.135s] -- Symlinking: /repo/ws/install/share/px4/msg/EstimatorStatus.json
[793.148s] -- Symlinking: /repo/ws/install/share/px4/msg/EstimatorStatusFlags.json
[793.162s] -- Symlinking: /repo/ws/install/share/px4/msg/Event.json
[793.175s] -- Symlinking: /repo/ws/install/share/px4/msg/FailsafeFlags.json
[793.188s] -- Symlinking: /repo/ws/install/share/px4/msg/FailureDetectorStatus.json
[793.202s] -- Symlinking: /repo/ws/install/share/px4/msg/FigureEightStatus.json
[793.215s] -- Symlinking: /repo/ws/install/share/px4/msg/FlightPhaseEstimation.json
[793.228s] -- Symlinking: /repo/ws/install/share/px4/msg/FollowTarget.json
[793.241s] -- Symlinking: /repo/ws/install/share/px4/msg/FollowTargetEstimator.json
[793.255s] -- Symlinking: /repo/ws/install/share/px4/msg/FollowTargetStatus.json
[793.268s] -- Symlinking: /repo/ws/install/share/px4/msg/FuelTankStatus.json
[793.281s] -- Symlinking: /repo/ws/install/share/px4/msg/GeneratorStatus.json
[793.296s] -- Symlinking: /repo/ws/install/share/px4/msg/GeofenceResult.json
[793.310s] -- Symlinking: /repo/ws/install/share/px4/msg/GeofenceStatus.json
[793.323s] -- Symlinking: /repo/ws/install/share/px4/msg/GimbalControls.json
[793.336s] -- Symlinking: /repo/ws/install/share/px4/msg/GimbalDeviceAttitudeStatus.json
[793.349s] -- Symlinking: /repo/ws/install/share/px4/msg/GimbalDeviceInformation.json
[793.363s] -- Symlinking: /repo/ws/install/share/px4/msg/GimbalDeviceSetAttitude.json
[793.376s] -- Symlinking: /repo/ws/install/share/px4/msg/GimbalManagerInformation.json
[793.389s] -- Symlinking: /repo/ws/install/share/px4/msg/GimbalManagerSetAttitude.json
[793.403s] -- Symlinking: /repo/ws/install/share/px4/msg/GimbalManagerSetManualControl.json
[793.417s] -- Symlinking: /repo/ws/install/share/px4/msg/GimbalManagerStatus.json
[793.430s] -- Symlinking: /repo/ws/install/share/px4/msg/GpioConfig.json
[793.443s] -- Symlinking: /repo/ws/install/share/px4/msg/GpioIn.json
[793.457s] -- Symlinking: /repo/ws/install/share/px4/msg/GpioOut.json
[793.470s] -- Symlinking: /repo/ws/install/share/px4/msg/GpioRequest.json
[793.483s] -- Symlinking: /repo/ws/install/share/px4/msg/GpsDump.json
[793.498s] -- Symlinking: /repo/ws/install/share/px4/msg/GpsInjectData.json
[793.511s] -- Symlinking: /repo/ws/install/share/px4/msg/Gripper.json
[793.524s] -- Symlinking: /repo/ws/install/share/px4/msg/HealthReport.json
[793.538s] -- Symlinking: /repo/ws/install/share/px4/msg/HeaterStatus.json
[793.551s] -- Symlinking: /repo/ws/install/share/px4/msg/HoverThrustEstimate.json
[793.564s] -- Symlinking: /repo/ws/install/share/px4/msg/InputRc.json
[793.577s] -- Symlinking: /repo/ws/install/share/px4/msg/InternalCombustionEngineControl.json
[793.592s] -- Symlinking: /repo/ws/install/share/px4/msg/InternalCombustionEngineStatus.json
[793.605s] -- Symlinking: /repo/ws/install/share/px4/msg/IridiumsbdStatus.json
[793.619s] -- Symlinking: /repo/ws/install/share/px4/msg/IrlockReport.json
[793.632s] -- Symlinking: /repo/ws/install/share/px4/msg/LandingGear.json
[793.645s] -- Symlinking: /repo/ws/install/share/px4/msg/LandingGearWheel.json
[793.659s] -- Symlinking: /repo/ws/install/share/px4/msg/LandingTargetInnovations.json
[793.672s] -- Symlinking: /repo/ws/install/share/px4/msg/LandingTargetPose.json
[793.685s] -- Symlinking: /repo/ws/install/share/px4/msg/LaunchDetectionStatus.json
[793.699s] -- Symlinking: /repo/ws/install/share/px4/msg/LedControl.json
[793.713s] -- Symlinking: /repo/ws/install/share/px4/msg/LogMessage.json
[793.725s] -- Symlinking: /repo/ws/install/share/px4/msg/LoggerStatus.json
[793.739s] -- Symlinking: /repo/ws/install/share/px4/msg/MagWorkerData.json
[793.752s] -- Symlinking: /repo/ws/install/share/px4/msg/MagnetometerBiasEstimate.json
[793.765s] -- Symlinking: /repo/ws/install/share/px4/msg/ManualControlSwitches.json
[793.778s] -- Symlinking: /repo/ws/install/share/px4/msg/MavlinkLog.json
[793.792s] -- Symlinking: /repo/ws/install/share/px4/msg/MavlinkTunnel.json
[793.806s] -- Symlinking: /repo/ws/install/share/px4/msg/MessageFormatRequest.json
[793.819s] -- Symlinking: /repo/ws/install/share/px4/msg/MessageFormatResponse.json
[793.833s] -- Symlinking: /repo/ws/install/share/px4/msg/Mission.json
[793.846s] -- Symlinking: /repo/ws/install/share/px4/msg/MissionResult.json
[793.860s] -- Symlinking: /repo/ws/install/share/px4/msg/MountOrientation.json
[793.874s] -- Symlinking: /repo/ws/install/share/px4/msg/NavigatorMissionItem.json
[793.888s] -- Symlinking: /repo/ws/install/share/px4/msg/NavigatorStatus.json
[793.902s] -- Symlinking: /repo/ws/install/share/px4/msg/NormalizedUnsignedSetpoint.json
[793.916s] -- Symlinking: /repo/ws/install/share/px4/msg/NpfgStatus.json
[793.931s] -- Symlinking: /repo/ws/install/share/px4/msg/ObstacleDistance.json
[793.943s] -- Symlinking: /repo/ws/install/share/px4/msg/OffboardControlMode.json
[793.956s] -- Symlinking: /repo/ws/install/share/px4/msg/OnboardComputerStatus.json
[793.970s] -- Symlinking: /repo/ws/install/share/px4/msg/OpenDroneIdArmStatus.json
[793.986s] -- Symlinking: /repo/ws/install/share/px4/msg/OpenDroneIdOperatorId.json
[794.000s] -- Symlinking: /repo/ws/install/share/px4/msg/OpenDroneIdSelfId.json
[794.014s] -- Symlinking: /repo/ws/install/share/px4/msg/OpenDroneIdSystem.json
[794.027s] -- Symlinking: /repo/ws/install/share/px4/msg/OrbTest.json
[794.040s] -- Symlinking: /repo/ws/install/share/px4/msg/OrbTestLarge.json
[794.053s] -- Symlinking: /repo/ws/install/share/px4/msg/OrbTestMedium.json
[794.067s] -- Symlinking: /repo/ws/install/share/px4/msg/OrbitStatus.json
[794.080s] -- Symlinking: /repo/ws/install/share/px4/msg/ParameterResetRequest.json
[794.094s] -- Symlinking: /repo/ws/install/share/px4/msg/ParameterSetUsedRequest.json
[794.107s] -- Symlinking: /repo/ws/install/share/px4/msg/ParameterSetValueRequest.json
[794.121s] -- Symlinking: /repo/ws/install/share/px4/msg/ParameterSetValueResponse.json
[794.133s] -- Symlinking: /repo/ws/install/share/px4/msg/ParameterUpdate.json
[794.147s] -- Symlinking: /repo/ws/install/share/px4/msg/Ping.json
[794.160s] -- Symlinking: /repo/ws/install/share/px4/msg/PositionControllerLandingStatus.json
[794.173s] -- Symlinking: /repo/ws/install/share/px4/msg/PositionControllerStatus.json
[794.186s] -- Symlinking: /repo/ws/install/share/px4/msg/PositionSetpoint.json
[794.200s] -- Symlinking: /repo/ws/install/share/px4/msg/PositionSetpointTriplet.json
[794.213s] -- Symlinking: /repo/ws/install/share/px4/msg/PowerButtonState.json
[794.226s] -- Symlinking: /repo/ws/install/share/px4/msg/PowerMonitor.json
[794.239s] -- Symlinking: /repo/ws/install/share/px4/msg/PpsCapture.json
[794.252s] -- Symlinking: /repo/ws/install/share/px4/msg/PurePursuitStatus.json
[794.266s] -- Symlinking: /repo/ws/install/share/px4/msg/PwmInput.json
[794.279s] -- Symlinking: /repo/ws/install/share/px4/msg/Px4ioStatus.json
[794.293s] -- Symlinking: /repo/ws/install/share/px4/msg/QshellReq.json
[794.307s] -- Symlinking: /repo/ws/install/share/px4/msg/QshellRetval.json
[794.321s] -- Symlinking: /repo/ws/install/share/px4/msg/RadioStatus.json
[794.334s] -- Symlinking: /repo/ws/install/share/px4/msg/RateCtrlStatus.json
[794.347s] -- Symlinking: /repo/ws/install/share/px4/msg/RcChannels.json
[794.361s] -- Symlinking: /repo/ws/install/share/px4/msg/RcParameterMap.json
[794.374s] -- Symlinking: /repo/ws/install/share/px4/msg/RoverAttitudeSetpoint.json
[794.387s] -- Symlinking: /repo/ws/install/share/px4/msg/RoverAttitudeStatus.json
[794.401s] -- Symlinking: /repo/ws/install/share/px4/msg/RoverPositionSetpoint.json
[794.414s] -- Symlinking: /repo/ws/install/share/px4/msg/RoverRateSetpoint.json
[794.427s] -- Symlinking: /repo/ws/install/share/px4/msg/RoverRateStatus.json
[794.440s] -- Symlinking: /repo/ws/install/share/px4/msg/RoverSteeringSetpoint.json
[794.453s] -- Symlinking: /repo/ws/install/share/px4/msg/RoverThrottleSetpoint.json
[794.467s] -- Symlinking: /repo/ws/install/share/px4/msg/RoverVelocityStatus.json
[794.480s] -- Symlinking: /repo/ws/install/share/px4/msg/Rpm.json
[794.493s] -- Symlinking: /repo/ws/install/share/px4/msg/RtlStatus.json
[794.507s] -- Symlinking: /repo/ws/install/share/px4/msg/RtlTimeEstimate.json
[794.520s] -- Symlinking: /repo/ws/install/share/px4/msg/SatelliteInfo.json
[794.533s] -- Symlinking: /repo/ws/install/share/px4/msg/SensorAccel.json
[794.546s] -- Symlinking: /repo/ws/install/share/px4/msg/SensorAccelFifo.json
[794.559s] -- Symlinking: /repo/ws/install/share/px4/msg/SensorAirflow.json
[794.572s] -- Symlinking: /repo/ws/install/share/px4/msg/SensorBaro.json
[794.586s] -- Symlinking: /repo/ws/install/share/px4/msg/SensorCombined.json
[794.600s] -- Symlinking: /repo/ws/install/share/px4/msg/SensorCorrection.json
[794.613s] -- Symlinking: /repo/ws/install/share/px4/msg/SensorGnssRelative.json
[794.626s] -- Symlinking: /repo/ws/install/share/px4/msg/SensorGps.json
[794.640s] -- Symlinking: /repo/ws/install/share/px4/msg/SensorGyro.json
[794.652s] -- Symlinking: /repo/ws/install/share/px4/msg/SensorGyroFft.json
[794.667s] -- Symlinking: /repo/ws/install/share/px4/msg/SensorGyroFifo.json
[794.680s] -- Symlinking: /repo/ws/install/share/px4/msg/SensorHygrometer.json
[794.694s] -- Symlinking: /repo/ws/install/share/px4/msg/SensorMag.json
[794.708s] -- Symlinking: /repo/ws/install/share/px4/msg/SensorOpticalFlow.json
[794.721s] -- Symlinking: /repo/ws/install/share/px4/msg/SensorPreflightMag.json
[794.733s] -- Symlinking: /repo/ws/install/share/px4/msg/SensorSelection.json
[794.746s] -- Symlinking: /repo/ws/install/share/px4/msg/SensorUwb.json
[794.760s] -- Symlinking: /repo/ws/install/share/px4/msg/SensorsStatus.json
[794.773s] -- Symlinking: /repo/ws/install/share/px4/msg/SensorsStatusImu.json
[794.786s] -- Symlinking: /repo/ws/install/share/px4/msg/SystemPower.json
[794.800s] -- Symlinking: /repo/ws/install/share/px4/msg/TakeoffStatus.json
[794.814s] -- Symlinking: /repo/ws/install/share/px4/msg/TaskStackInfo.json
[794.827s] -- Symlinking: /repo/ws/install/share/px4/msg/TecsStatus.json
[794.840s] -- Symlinking: /repo/ws/install/share/px4/msg/TelemetryStatus.json
[794.853s] -- Symlinking: /repo/ws/install/share/px4/msg/TiltrotorExtraControls.json
[794.866s] -- Symlinking: /repo/ws/install/share/px4/msg/TimesyncStatus.json
[794.880s] -- Symlinking: /repo/ws/install/share/px4/msg/TrajectorySetpoint6dof.json
[794.893s] -- Symlinking: /repo/ws/install/share/px4/msg/TransponderReport.json
[794.907s] -- Symlinking: /repo/ws/install/share/px4/msg/TuneControl.json
[794.920s] -- Symlinking: /repo/ws/install/share/px4/msg/UavcanParameterRequest.json
[794.933s] -- Symlinking: /repo/ws/install/share/px4/msg/UavcanParameterValue.json
[794.947s] -- Symlinking: /repo/ws/install/share/px4/msg/UlogStream.json
[794.960s] -- Symlinking: /repo/ws/install/share/px4/msg/UlogStreamAck.json
[794.973s] -- Symlinking: /repo/ws/install/share/px4/msg/VehicleAcceleration.json
[794.987s] -- Symlinking: /repo/ws/install/share/px4/msg/VehicleAirData.json
[795.001s] -- Symlinking: /repo/ws/install/share/px4/msg/VehicleAngularAccelerationSetpoint.json
[795.014s] -- Symlinking: /repo/ws/install/share/px4/msg/VehicleConstraints.json
[795.027s] -- Symlinking: /repo/ws/install/share/px4/msg/VehicleImu.json
[795.040s] -- Symlinking: /repo/ws/install/share/px4/msg/VehicleImuStatus.json
[795.052s] -- Symlinking: /repo/ws/install/share/px4/msg/VehicleLocalPositionSetpoint.json
[795.066s] -- Symlinking: /repo/ws/install/share/px4/msg/VehicleMagnetometer.json
[795.079s] -- Symlinking: /repo/ws/install/share/px4/msg/VehicleOpticalFlow.json
[795.092s] -- Symlinking: /repo/ws/install/share/px4/msg/VehicleOpticalFlowVel.json
[795.106s] -- Symlinking: /repo/ws/install/share/px4/msg/VehicleRoi.json
[795.119s] -- Symlinking: /repo/ws/install/share/px4/msg/VehicleThrustSetpoint.json
[795.132s] -- Symlinking: /repo/ws/install/share/px4/msg/VehicleTorqueSetpoint.json
[795.145s] -- Symlinking: /repo/ws/install/share/px4/msg/VelocityLimits.json
[795.158s] -- Symlinking: /repo/ws/install/share/px4/msg/WheelEncoders.json
[795.171s] -- Symlinking: /repo/ws/install/share/px4/msg/Wind.json
[795.185s] -- Symlinking: /repo/ws/install/share/px4/msg/YawEstimatorStatus.json
[795.199s] -- Symlinking: /repo/ws/install/share/px4/msg/ActuatorMotors.json
[795.212s] -- Symlinking: /repo/ws/install/share/px4/msg/ActuatorServos.json
[795.225s] -- Symlinking: /repo/ws/install/share/px4/msg/AirspeedValidated.json
[795.238s] -- Symlinking: /repo/ws/install/share/px4/msg/ArmingCheckReply.json
[795.251s] -- Symlinking: /repo/ws/install/share/px4/msg/ArmingCheckRequest.json
[795.265s] -- Symlinking: /repo/ws/install/share/px4/msg/BatteryStatus.json
[795.278s] -- Symlinking: /repo/ws/install/share/px4/msg/ConfigOverrides.json
[795.292s] -- Symlinking: /repo/ws/install/share/px4/msg/GotoSetpoint.json
[795.306s] -- Symlinking: /repo/ws/install/share/px4/msg/HomePosition.json
[795.319s] -- Symlinking: /repo/ws/install/share/px4/msg/ManualControlSetpoint.json
[795.332s] -- Symlinking: /repo/ws/install/share/px4/msg/ModeCompleted.json
[795.346s] -- Symlinking: /repo/ws/install/share/px4/msg/RegisterExtComponentReply.json
[795.359s] -- Symlinking: /repo/ws/install/share/px4/msg/RegisterExtComponentRequest.json
[795.372s] -- Symlinking: /repo/ws/install/share/px4/msg/TrajectorySetpoint.json
[795.385s] -- Symlinking: /repo/ws/install/share/px4/msg/UnregisterExtComponent.json
[795.399s] -- Symlinking: /repo/ws/install/share/px4/msg/VehicleAngularVelocity.json
[795.412s] -- Symlinking: /repo/ws/install/share/px4/msg/VehicleAttitude.json
[795.426s] -- Symlinking: /repo/ws/install/share/px4/msg/VehicleAttitudeSetpoint.json
[795.439s] -- Symlinking: /repo/ws/install/share/px4/msg/VehicleCommand.json
[795.452s] -- Symlinking: /repo/ws/install/share/px4/msg/VehicleCommandAck.json
[795.465s] -- Symlinking: /repo/ws/install/share/px4/msg/VehicleControlMode.json
[795.479s] -- Symlinking: /repo/ws/install/share/px4/msg/VehicleGlobalPosition.json
[795.492s] -- Symlinking: /repo/ws/install/share/px4/msg/VehicleLandDetected.json
[795.506s] -- Symlinking: /repo/ws/install/share/px4/msg/VehicleLocalPosition.json
[795.520s] -- Symlinking: /repo/ws/install/share/px4/msg/VehicleOdometry.json
[795.532s] -- Symlinking: /repo/ws/install/share/px4/msg/VehicleRatesSetpoint.json
[795.546s] -- Symlinking: /repo/ws/install/share/px4/msg/VehicleStatus.json
[795.559s] -- Symlinking: /repo/ws/install/share/px4/msg/VtolVehicleStatus.json
[795.592s] -- Symlinking: /repo/ws/install/include/px4/px4/msg/ackermann_velocity_setpoint.h
[795.606s] -- Symlinking: /repo/ws/install/include/px4/px4/msg/action_request.h
[795.619s] -- Symlinking: /repo/ws/install/include/px4/px4/msg/actuator_armed.h
[795.632s] -- Symlinking: /repo/ws/install/include/px4/px4/msg/actuator_controls_status.h
[795.645s] -- Symlinking: /repo/ws/install/include/px4/px4/msg/actuator_motors.h
[795.658s] -- Symlinking: /repo/ws/install/include/px4/px4/msg/actuator_outputs.h
[795.671s] -- Symlinking: /repo/ws/install/include/px4/px4/msg/actuator_servos.h
[795.684s] -- Symlinking: /repo/ws/install/include/px4/px4/msg/actuator_servos_trim.h
[795.698s] -- Symlinking: /repo/ws/install/include/px4/px4/msg/actuator_test.h
[795.712s] -- Symlinking: /repo/ws/install/include/px4/px4/msg/adc_report.h
[795.725s] -- Symlinking: /repo/ws/install/include/px4/px4/msg/airspeed.h
[795.738s] -- Symlinking: /repo/ws/install/include/px4/px4/msg/airspeed_validated.h
[795.751s] -- Symlinking: /repo/ws/install/include/px4/px4/msg/airspeed_wind.h
[795.764s] -- Symlinking: /repo/ws/install/include/px4/px4/msg/arming_check_reply.h
[795.777s] -- Symlinking: /repo/ws/install/include/px4/px4/msg/arming_check_request.h
[795.791s] -- Symlinking: /repo/ws/install/include/px4/px4/msg/autotune_attitude_control_status.h
[795.805s] -- Symlinking: /repo/ws/install/include/px4/px4/msg/battery_status.h
[795.818s] -- Symlinking: /repo/ws/install/include/px4/px4/msg/button_event.h
[795.831s] -- Symlinking: /repo/ws/install/include/px4/px4/msg/camera_capture.h
[795.844s] -- Symlinking: /repo/ws/install/include/px4/px4/msg/camera_status.h
[795.857s] -- Symlinking: /repo/ws/install/include/px4/px4/msg/camera_trigger.h
[795.870s] -- Symlinking: /repo/ws/install/include/px4/px4/msg/can_interface_status.h
[795.884s] -- Symlinking: /repo/ws/install/include/px4/px4/msg/cellular_status.h
[795.897s] -- Symlinking: /repo/ws/install/include/px4/px4/msg/collision_constraints.h
[795.911s] -- Symlinking: /repo/ws/install/include/px4/px4/msg/config_overrides.h
[795.925s] -- Symlinking: /repo/ws/install/include/px4/px4/msg/control_allocator_status.h
[795.938s] -- Symlinking: /repo/ws/install/include/px4/px4/msg/cpuload.h
[795.951s] -- Symlinking: /repo/ws/install/include/px4/px4/msg/dataman_request.h
[795.964s] -- Symlinking: /repo/ws/install/include/px4/px4/msg/dataman_response.h
[795.977s] -- Symlinking: /repo/ws/install/include/px4/px4/msg/debug_array.h
[795.990s] -- Symlinking: /repo/ws/install/include/px4/px4/msg/debug_key_value.h
[796.005s] -- Symlinking: /repo/ws/install/include/px4/px4/msg/debug_value.h
[796.018s] -- Symlinking: /repo/ws/install/include/px4/px4/msg/debug_vect.h
[796.031s] -- Symlinking: /repo/ws/install/include/px4/px4/msg/detail/ackermann_velocity_setpoint__functions.h
[796.044s] -- Symlinking: /repo/ws/install/include/px4/px4/msg/detail/ackermann_velocity_setpoint__struct.h
[796.057s] -- Symlinking: /repo/ws/install/include/px4/px4/msg/detail/ackermann_velocity_setpoint__type_support.h
[796.070s] -- Symlinking: /repo/ws/install/include/px4/px4/msg/detail/action_request__functions.h
[796.083s] -- Symlinking: /repo/ws/install/include/px4/px4/msg/detail/action_request__struct.h
[796.098s] -- Symlinking: /repo/ws/install/include/px4/px4/msg/detail/action_request__type_support.h
[796.111s] -- Symlinking: /repo/ws/install/include/px4/px4/msg/detail/actuator_armed__functions.h
[796.124s] -- Symlinking: /repo/ws/install/include/px4/px4/msg/detail/actuator_armed__struct.h
[796.137s] -- Symlinking: /repo/ws/install/include/px4/px4/msg/detail/actuator_armed__type_support.h
[796.150s] -- Symlinking: /repo/ws/install/include/px4/px4/msg/detail/actuator_controls_status__functions.h
[796.163s] -- Symlinking: /repo/ws/install/include/px4/px4/msg/detail/actuator_controls_status__struct.h
[796.176s] -- Symlinking: /repo/ws/install/include/px4/px4/msg/detail/actuator_controls_status__type_support.h
[796.189s] -- Symlinking: /repo/ws/install/include/px4/px4/msg/detail/actuator_motors__functions.h
[796.203s] -- Symlinking: /repo/ws/install/include/px4/px4/msg/detail/actuator_motors__struct.h
[796.217s] -- Symlinking: /repo/ws/install/include/px4/px4/msg/detail/actuator_motors__type_support.h
[796.230s] -- Symlinking: /repo/ws/install/include/px4/px4/msg/detail/actuator_outputs__functions.h
[796.243s] -- Symlinking: /repo/ws/install/include/px4/px4/msg/detail/actuator_outputs__struct.h
[796.256s] -- Symlinking: /repo/ws/install/include/px4/px4/msg/detail/actuator_outputs__type_support.h
[796.269s] -- Symlinking: /repo/ws/install/include/px4/px4/msg/detail/actuator_servos__functions.h
[796.283s] -- Symlinking: /repo/ws/install/include/px4/px4/msg/detail/actuator_servos__struct.h
[796.298s] -- Symlinking: /repo/ws/install/include/px4/px4/msg/detail/actuator_servos__type_support.h
[796.312s] -- Symlinking: /repo/ws/install/include/px4/px4/msg/detail/actuator_servos_trim__functions.h
[796.325s] -- Symlinking: /repo/ws/install/include/px4/px4/msg/detail/actuator_servos_trim__struct.h
[796.338s] -- Symlinking: /repo/ws/install/include/px4/px4/msg/detail/actuator_servos_trim__type_support.h
[796.351s] -- Symlinking: /repo/ws/install/include/px4/px4/msg/detail/actuator_test__functions.h
[796.365s] -- Symlinking: /repo/ws/install/include/px4/px4/msg/detail/actuator_test__struct.h
[796.378s] -- Symlinking: /repo/ws/install/include/px4/px4/msg/detail/actuator_test__type_support.h
[796.393s] -- Symlinking: /repo/ws/install/include/px4/px4/msg/detail/adc_report__functions.h
[796.407s] -- Symlinking: /repo/ws/install/include/px4/px4/msg/detail/adc_report__struct.h
[796.420s] -- Symlinking: /repo/ws/install/include/px4/px4/msg/detail/adc_report__type_support.h
[796.435s] -- Symlinking: /repo/ws/install/include/px4/px4/msg/detail/airspeed__functions.h
[796.450s] -- Symlinking: /repo/ws/install/include/px4/px4/msg/detail/airspeed__struct.h
[796.463s] -- Symlinking: /repo/ws/install/include/px4/px4/msg/detail/airspeed__type_support.h
[796.477s] -- Symlinking: /repo/ws/install/include/px4/px4/msg/detail/airspeed_validated__functions.h
[796.491s] -- Symlinking: /repo/ws/install/include/px4/px4/msg/detail/airspeed_validated__struct.h
[796.506s] -- Symlinking: /repo/ws/install/include/px4/px4/msg/detail/airspeed_validated__type_support.h
[796.519s] -- Symlinking: /repo/ws/install/include/px4/px4/msg/detail/airspeed_wind__functions.h
[796.532s] -- Symlinking: /repo/ws/install/include/px4/px4/msg/detail/airspeed_wind__struct.h
[796.545s] -- Symlinking: /repo/ws/install/include/px4/px4/msg/detail/airspeed_wind__type_support.h
[796.558s] -- Symlinking: /repo/ws/install/include/px4/px4/msg/detail/arming_check_reply__functions.h
[796.571s] -- Symlinking: /repo/ws/install/include/px4/px4/msg/detail/arming_check_reply__struct.h
[796.584s] -- Symlinking: /repo/ws/install/include/px4/px4/msg/detail/arming_check_reply__type_support.h
[796.599s] -- Symlinking: /repo/ws/install/include/px4/px4/msg/detail/arming_check_request__functions.h
[796.612s] -- Symlinking: /repo/ws/install/include/px4/px4/msg/detail/arming_check_request__struct.h
[796.625s] -- Symlinking: /repo/ws/install/include/px4/px4/msg/detail/arming_check_request__type_support.h
[796.639s] -- Symlinking: /repo/ws/install/include/px4/px4/msg/detail/autotune_attitude_control_status__functions.h
[796.652s] -- Symlinking: /repo/ws/install/include/px4/px4/msg/detail/autotune_attitude_control_status__struct.h
[796.665s] -- Symlinking: /repo/ws/install/include/px4/px4/msg/detail/autotune_attitude_control_status__type_support.h
[796.679s] -- Symlinking: /repo/ws/install/include/px4/px4/msg/detail/battery_status__functions.h
[796.694s] -- Symlinking: /repo/ws/install/include/px4/px4/msg/detail/battery_status__struct.h
[796.707s] -- Symlinking: /repo/ws/install/include/px4/px4/msg/detail/battery_status__type_support.h
[796.721s] -- Symlinking: /repo/ws/install/include/px4/px4/msg/detail/button_event__functions.h
[796.734s] -- Symlinking: /repo/ws/install/include/px4/px4/msg/detail/button_event__struct.h
[796.747s] -- Symlinking: /repo/ws/install/include/px4/px4/msg/detail/button_event__type_support.h
[796.760s] -- Symlinking: /repo/ws/install/include/px4/px4/msg/detail/camera_capture__functions.h
[796.773s] -- Symlinking: /repo/ws/install/include/px4/px4/msg/detail/camera_capture__struct.h
[796.786s] -- Symlinking: /repo/ws/install/include/px4/px4/msg/detail/camera_capture__type_support.h
[796.800s] -- Symlinking: /repo/ws/install/include/px4/px4/msg/detail/camera_status__functions.h
[796.813s] -- Symlinking: /repo/ws/install/include/px4/px4/msg/detail/camera_status__struct.h
[796.827s] -- Symlinking: /repo/ws/install/include/px4/px4/msg/detail/camera_status__type_support.h
[796.840s] -- Symlinking: /repo/ws/install/include/px4/px4/msg/detail/camera_trigger__functions.h
[796.853s] -- Symlinking: /repo/ws/install/include/px4/px4/msg/detail/camera_trigger__struct.h
[796.866s] -- Symlinking: /repo/ws/install/include/px4/px4/msg/detail/camera_trigger__type_support.h
[796.880s] -- Symlinking: /repo/ws/install/include/px4/px4/msg/detail/can_interface_status__functions.h
[796.893s] -- Symlinking: /repo/ws/install/include/px4/px4/msg/detail/can_interface_status__struct.h
[796.907s] -- Symlinking: /repo/ws/install/include/px4/px4/msg/detail/can_interface_status__type_support.h
[796.920s] -- Symlinking: /repo/ws/install/include/px4/px4/msg/detail/cellular_status__functions.h
[796.933s] -- Symlinking: /repo/ws/install/include/px4/px4/msg/detail/cellular_status__struct.h
[796.946s] -- Symlinking: /repo/ws/install/include/px4/px4/msg/detail/cellular_status__type_support.h
[796.960s] -- Symlinking: /repo/ws/install/include/px4/px4/msg/detail/collision_constraints__functions.h
[796.973s] -- Symlinking: /repo/ws/install/include/px4/px4/msg/detail/collision_constraints__struct.h
[796.986s] -- Symlinking: /repo/ws/install/include/px4/px4/msg/detail/collision_constraints__type_support.h
[797.000s] -- Symlinking: /repo/ws/install/include/px4/px4/msg/detail/config_overrides__functions.h
[797.013s] -- Symlinking: /repo/ws/install/include/px4/px4/msg/detail/config_overrides__struct.h
[797.026s] -- Symlinking: /repo/ws/install/include/px4/px4/msg/detail/config_overrides__type_support.h
[797.039s] -- Symlinking: /repo/ws/install/include/px4/px4/msg/detail/control_allocator_status__functions.h
[797.052s] -- Symlinking: /repo/ws/install/include/px4/px4/msg/detail/control_allocator_status__struct.h
[797.065s] -- Symlinking: /repo/ws/install/include/px4/px4/msg/detail/control_allocator_status__type_support.h
[797.078s] -- Symlinking: /repo/ws/install/include/px4/px4/msg/detail/cpuload__functions.h
[797.092s] -- Symlinking: /repo/ws/install/include/px4/px4/msg/detail/cpuload__struct.h
[797.106s] -- Symlinking: /repo/ws/install/include/px4/px4/msg/detail/cpuload__type_support.h
[797.119s] -- Symlinking: /repo/ws/install/include/px4/px4/msg/detail/dataman_request__functions.h
[797.132s] -- Symlinking: /repo/ws/install/include/px4/px4/msg/detail/dataman_request__struct.h
[797.145s] -- Symlinking: /repo/ws/install/include/px4/px4/msg/detail/dataman_request__type_support.h
[797.158s] -- Symlinking: /repo/ws/install/include/px4/px4/msg/detail/dataman_response__functions.h
[797.172s] -- Symlinking: /repo/ws/install/include/px4/px4/msg/detail/dataman_response__struct.h
[797.185s] -- Symlinking: /repo/ws/install/include/px4/px4/msg/detail/dataman_response__type_support.h
[797.199s] -- Symlinking: /repo/ws/install/include/px4/px4/msg/detail/debug_array__functions.h
[797.212s] -- Symlinking: /repo/ws/install/include/px4/px4/msg/detail/debug_array__struct.h
[797.225s] -- Symlinking: /repo/ws/install/include/px4/px4/msg/detail/debug_array__type_support.h
[797.239s] -- Symlinking: /repo/ws/install/include/px4/px4/msg/detail/debug_key_value__functions.h
[797.252s] -- Symlinking: /repo/ws/install/include/px4/px4/msg/detail/debug_key_value__struct.h
[797.265s] -- Symlinking: /repo/ws/install/include/px4/px4/msg/detail/debug_key_value__type_support.h
[797.278s] -- Symlinking: /repo/ws/install/include/px4/px4/msg/detail/debug_value__functions.h
[797.291s] -- Symlinking: /repo/ws/install/include/px4/px4/msg/detail/debug_value__struct.h
[797.305s] -- Symlinking: /repo/ws/install/include/px4/px4/msg/detail/debug_value__type_support.h
[797.318s] -- Symlinking: /repo/ws/install/include/px4/px4/msg/detail/debug_vect__functions.h
[797.331s] -- Symlinking: /repo/ws/install/include/px4/px4/msg/detail/debug_vect__struct.h
[797.345s] -- Symlinking: /repo/ws/install/include/px4/px4/msg/detail/debug_vect__type_support.h
[797.358s] -- Symlinking: /repo/ws/install/include/px4/px4/msg/detail/differential_pressure__functions.h
[797.371s] -- Symlinking: /repo/ws/install/include/px4/px4/msg/detail/differential_pressure__struct.h
[797.384s] -- Symlinking: /repo/ws/install/include/px4/px4/msg/detail/differential_pressure__type_support.h
[797.398s] -- Symlinking: /repo/ws/install/include/px4/px4/msg/detail/differential_velocity_setpoint__functions.h
[797.411s] -- Symlinking: /repo/ws/install/include/px4/px4/msg/detail/differential_velocity_setpoint__struct.h
[797.425s] -- Symlinking: /repo/ws/install/include/px4/px4/msg/detail/differential_velocity_setpoint__type_support.h
[797.438s] -- Symlinking: /repo/ws/install/include/px4/px4/msg/detail/distance_sensor__functions.h
[797.451s] -- Symlinking: /repo/ws/install/include/px4/px4/msg/detail/distance_sensor__struct.h
[797.464s] -- Symlinking: /repo/ws/install/include/px4/px4/msg/detail/distance_sensor__type_support.h
[797.477s] -- Symlinking: /repo/ws/install/include/px4/px4/msg/detail/distance_sensor_mode_change_request__functions.h
[797.490s] -- Symlinking: /repo/ws/install/include/px4/px4/msg/detail/distance_sensor_mode_change_request__struct.h
[797.504s] -- Symlinking: /repo/ws/install/include/px4/px4/msg/detail/distance_sensor_mode_change_request__type_support.h
[797.517s] -- Symlinking: /repo/ws/install/include/px4/px4/msg/detail/ekf2_timestamps__functions.h
[797.531s] -- Symlinking: /repo/ws/install/include/px4/px4/msg/detail/ekf2_timestamps__struct.h
[797.544s] -- Symlinking: /repo/ws/install/include/px4/px4/msg/detail/ekf2_timestamps__type_support.h
[797.557s] -- Symlinking: /repo/ws/install/include/px4/px4/msg/detail/esc_report__functions.h
[797.570s] -- Symlinking: /repo/ws/install/include/px4/px4/msg/detail/esc_report__struct.h
[797.583s] -- Symlinking: /repo/ws/install/include/px4/px4/msg/detail/esc_report__type_support.h
[797.597s] -- Symlinking: /repo/ws/install/include/px4/px4/msg/detail/esc_status__functions.h
[797.610s] -- Symlinking: /repo/ws/install/include/px4/px4/msg/detail/esc_status__struct.h
[797.624s] -- Symlinking: /repo/ws/install/include/px4/px4/msg/detail/esc_status__type_support.h
[797.637s] -- Symlinking: /repo/ws/install/include/px4/px4/msg/detail/estimator_aid_source1d__functions.h
[797.650s] -- Symlinking: /repo/ws/install/include/px4/px4/msg/detail/estimator_aid_source1d__struct.h
[797.664s] -- Symlinking: /repo/ws/install/include/px4/px4/msg/detail/estimator_aid_source1d__type_support.h
[797.677s] -- Symlinking: /repo/ws/install/include/px4/px4/msg/detail/estimator_aid_source2d__functions.h
[797.690s] -- Symlinking: /repo/ws/install/include/px4/px4/msg/detail/estimator_aid_source2d__struct.h
[797.704s] -- Symlinking: /repo/ws/install/include/px4/px4/msg/detail/estimator_aid_source2d__type_support.h
[797.718s] -- Symlinking: /repo/ws/install/include/px4/px4/msg/detail/estimator_aid_source3d__functions.h
[797.731s] -- Symlinking: /repo/ws/install/include/px4/px4/msg/detail/estimator_aid_source3d__struct.h
[797.744s] -- Symlinking: /repo/ws/install/include/px4/px4/msg/detail/estimator_aid_source3d__type_support.h
[797.758s] -- Symlinking: /repo/ws/install/include/px4/px4/msg/detail/estimator_bias3d__functions.h
[797.771s] -- Symlinking: /repo/ws/install/include/px4/px4/msg/detail/estimator_bias3d__struct.h
[797.784s] -- Symlinking: /repo/ws/install/include/px4/px4/msg/detail/estimator_bias3d__type_support.h
[797.798s] -- Symlinking: /repo/ws/install/include/px4/px4/msg/detail/estimator_bias__functions.h
[797.812s] -- Symlinking: /repo/ws/install/include/px4/px4/msg/detail/estimator_bias__struct.h
[797.825s] -- Symlinking: /repo/ws/install/include/px4/px4/msg/detail/estimator_bias__type_support.h
[797.838s] -- Symlinking: /repo/ws/install/include/px4/px4/msg/detail/estimator_event_flags__functions.h
[797.851s] -- Symlinking: /repo/ws/install/include/px4/px4/msg/detail/estimator_event_flags__struct.h
[797.864s] -- Symlinking: /repo/ws/install/include/px4/px4/msg/detail/estimator_event_flags__type_support.h
[797.877s] -- Symlinking: /repo/ws/install/include/px4/px4/msg/detail/estimator_gps_status__functions.h
[797.890s] -- Symlinking: /repo/ws/install/include/px4/px4/msg/detail/estimator_gps_status__struct.h
[797.904s] -- Symlinking: /repo/ws/install/include/px4/px4/msg/detail/estimator_gps_status__type_support.h
[797.917s] -- Symlinking: /repo/ws/install/include/px4/px4/msg/detail/estimator_innovations__functions.h
[797.931s] -- Symlinking: /repo/ws/install/include/px4/px4/msg/detail/estimator_innovations__struct.h
[797.945s] -- Symlinking: /repo/ws/install/include/px4/px4/msg/detail/estimator_innovations__type_support.h
[797.958s] -- Symlinking: /repo/ws/install/include/px4/px4/msg/detail/estimator_selector_status__functions.h
[797.971s] -- Symlinking: /repo/ws/install/include/px4/px4/msg/detail/estimator_selector_status__struct.h
[797.984s] -- Symlinking: /repo/ws/install/include/px4/px4/msg/detail/estimator_selector_status__type_support.h
[797.999s] -- Symlinking: /repo/ws/install/include/px4/px4/msg/detail/estimator_sensor_bias__functions.h
[798.013s] -- Symlinking: /repo/ws/install/include/px4/px4/msg/detail/estimator_sensor_bias__struct.h
[798.026s] -- Symlinking: /repo/ws/install/include/px4/px4/msg/detail/estimator_sensor_bias__type_support.h
[798.040s] -- Symlinking: /repo/ws/install/include/px4/px4/msg/detail/estimator_states__functions.h
[798.053s] -- Symlinking: /repo/ws/install/include/px4/px4/msg/detail/estimator_states__struct.h
[798.066s] -- Symlinking: /repo/ws/install/include/px4/px4/msg/detail/estimator_states__type_support.h
[798.079s] -- Symlinking: /repo/ws/install/include/px4/px4/msg/detail/estimator_status__functions.h
[798.093s] -- Symlinking: /repo/ws/install/include/px4/px4/msg/detail/estimator_status__struct.h
[798.106s] -- Symlinking: /repo/ws/install/include/px4/px4/msg/detail/estimator_status__type_support.h
[798.120s] -- Symlinking: /repo/ws/install/include/px4/px4/msg/detail/estimator_status_flags__functions.h
[798.133s] -- Symlinking: /repo/ws/install/include/px4/px4/msg/detail/estimator_status_flags__struct.h
[798.146s] -- Symlinking: /repo/ws/install/include/px4/px4/msg/detail/estimator_status_flags__type_support.h
[798.159s] -- Symlinking: /repo/ws/install/include/px4/px4/msg/detail/event__functions.h
[798.172s] -- Symlinking: /repo/ws/install/include/px4/px4/msg/detail/event__struct.h
[798.185s] -- Symlinking: /repo/ws/install/include/px4/px4/msg/detail/event__type_support.h
[798.199s] -- Symlinking: /repo/ws/install/include/px4/px4/msg/detail/failsafe_flags__functions.h
[798.213s] -- Symlinking: /repo/ws/install/include/px4/px4/msg/detail/failsafe_flags__struct.h
[798.226s] -- Symlinking: /repo/ws/install/include/px4/px4/msg/detail/failsafe_flags__type_support.h
[798.239s] -- Symlinking: /repo/ws/install/include/px4/px4/msg/detail/failure_detector_status__functions.h
[798.252s] -- Symlinking: /repo/ws/install/include/px4/px4/msg/detail/failure_detector_status__struct.h
[798.265s] -- Symlinking: /repo/ws/install/include/px4/px4/msg/detail/failure_detector_status__type_support.h
[798.278s] -- Symlinking: /repo/ws/install/include/px4/px4/msg/detail/figure_eight_status__functions.h
[798.292s] -- Symlinking: /repo/ws/install/include/px4/px4/msg/detail/figure_eight_status__struct.h
[798.306s] -- Symlinking: /repo/ws/install/include/px4/px4/msg/detail/figure_eight_status__type_support.h
[798.319s] -- Symlinking: /repo/ws/install/include/px4/px4/msg/detail/flight_phase_estimation__functions.h
[798.332s] -- Symlinking: /repo/ws/install/include/px4/px4/msg/detail/flight_phase_estimation__struct.h
[798.345s] -- Symlinking: /repo/ws/install/include/px4/px4/msg/detail/flight_phase_estimation__type_support.h
[798.359s] -- Symlinking: /repo/ws/install/include/px4/px4/msg/detail/follow_target__functions.h
[798.372s] -- Symlinking: /repo/ws/install/include/px4/px4/msg/detail/follow_target__struct.h
[798.385s] -- Symlinking: /repo/ws/install/include/px4/px4/msg/detail/follow_target__type_support.h
[798.400s] -- Symlinking: /repo/ws/install/include/px4/px4/msg/detail/follow_target_estimator__functions.h
[798.413s] -- Symlinking: /repo/ws/install/include/px4/px4/msg/detail/follow_target_estimator__struct.h
[798.427s] -- Symlinking: /repo/ws/install/include/px4/px4/msg/detail/follow_target_estimator__type_support.h
[798.441s] -- Symlinking: /repo/ws/install/include/px4/px4/msg/detail/follow_target_status__functions.h
[798.454s] -- Symlinking: /repo/ws/install/include/px4/px4/msg/detail/follow_target_status__struct.h
[798.467s] -- Symlinking: /repo/ws/install/include/px4/px4/msg/detail/follow_target_status__type_support.h
[798.480s] -- Symlinking: /repo/ws/install/include/px4/px4/msg/detail/fuel_tank_status__functions.h
[798.494s] -- Symlinking: /repo/ws/install/include/px4/px4/msg/detail/fuel_tank_status__struct.h
[798.507s] -- Symlinking: /repo/ws/install/include/px4/px4/msg/detail/fuel_tank_status__type_support.h
[798.521s] -- Symlinking: /repo/ws/install/include/px4/px4/msg/detail/generator_status__functions.h
[798.534s] -- Symlinking: /repo/ws/install/include/px4/px4/msg/detail/generator_status__struct.h
[798.547s] -- Symlinking: /repo/ws/install/include/px4/px4/msg/detail/generator_status__type_support.h
[798.560s] -- Symlinking: /repo/ws/install/include/px4/px4/msg/detail/geofence_result__functions.h
[798.573s] -- Symlinking: /repo/ws/install/include/px4/px4/msg/detail/geofence_result__struct.h
[798.586s] -- Symlinking: /repo/ws/install/include/px4/px4/msg/detail/geofence_result__type_support.h
[798.600s] -- Symlinking: /repo/ws/install/include/px4/px4/msg/detail/geofence_status__functions.h
[798.613s] -- Symlinking: /repo/ws/install/include/px4/px4/msg/detail/geofence_status__struct.h
[798.627s] -- Symlinking: /repo/ws/install/include/px4/px4/msg/detail/geofence_status__type_support.h
[798.641s] -- Symlinking: /repo/ws/install/include/px4/px4/msg/detail/gimbal_controls__functions.h
[798.654s] -- Symlinking: /repo/ws/install/include/px4/px4/msg/detail/gimbal_controls__struct.h
[798.667s] -- Symlinking: /repo/ws/install/include/px4/px4/msg/detail/gimbal_controls__type_support.h
[798.680s] -- Symlinking: /repo/ws/install/include/px4/px4/msg/detail/gimbal_device_attitude_status__functions.h
[798.693s] -- Symlinking: /repo/ws/install/include/px4/px4/msg/detail/gimbal_device_attitude_status__struct.h
[798.707s] -- Symlinking: /repo/ws/install/include/px4/px4/msg/detail/gimbal_device_attitude_status__type_support.h
[798.720s] -- Symlinking: /repo/ws/install/include/px4/px4/msg/detail/gimbal_device_information__functions.h
[798.734s] -- Symlinking: /repo/ws/install/include/px4/px4/msg/detail/gimbal_device_information__struct.h
[798.747s] -- Symlinking: /repo/ws/install/include/px4/px4/msg/detail/gimbal_device_information__type_support.h
[798.760s] -- Symlinking: /repo/ws/install/include/px4/px4/msg/detail/gimbal_device_set_attitude__functions.h
[798.773s] -- Symlinking: /repo/ws/install/include/px4/px4/msg/detail/gimbal_device_set_attitude__struct.h
[798.786s] -- Symlinking: /repo/ws/install/include/px4/px4/msg/detail/gimbal_device_set_attitude__type_support.h
[798.801s] -- Symlinking: /repo/ws/install/include/px4/px4/msg/detail/gimbal_manager_information__functions.h
[798.814s] -- Symlinking: /repo/ws/install/include/px4/px4/msg/detail/gimbal_manager_information__struct.h
[798.827s] -- Symlinking: /repo/ws/install/include/px4/px4/msg/detail/gimbal_manager_information__type_support.h
[798.840s] -- Symlinking: /repo/ws/install/include/px4/px4/msg/detail/gimbal_manager_set_attitude__functions.h
[798.853s] -- Symlinking: /repo/ws/install/include/px4/px4/msg/detail/gimbal_manager_set_attitude__struct.h
[798.867s] -- Symlinking: /repo/ws/install/include/px4/px4/msg/detail/gimbal_manager_set_attitude__type_support.h
[798.879s] -- Symlinking: /repo/ws/install/include/px4/px4/msg/detail/gimbal_manager_set_manual_control__functions.h
[798.892s] -- Symlinking: /repo/ws/install/include/px4/px4/msg/detail/gimbal_manager_set_manual_control__struct.h
[798.906s] -- Symlinking: /repo/ws/install/include/px4/px4/msg/detail/gimbal_manager_set_manual_control__type_support.h
[798.920s] -- Symlinking: /repo/ws/install/include/px4/px4/msg/detail/gimbal_manager_status__functions.h
[798.932s] -- Symlinking: /repo/ws/install/include/px4/px4/msg/detail/gimbal_manager_status__struct.h
[798.946s] -- Symlinking: /repo/ws/install/include/px4/px4/msg/detail/gimbal_manager_status__type_support.h
[798.959s] -- Symlinking: /repo/ws/install/include/px4/px4/msg/detail/goto_setpoint__functions.h
[798.972s] -- Symlinking: /repo/ws/install/include/px4/px4/msg/detail/goto_setpoint__struct.h
[798.986s] -- Symlinking: /repo/ws/install/include/px4/px4/msg/detail/goto_setpoint__type_support.h
[799.000s] -- Symlinking: /repo/ws/install/include/px4/px4/msg/detail/gpio_config__functions.h
[799.013s] -- Symlinking: /repo/ws/install/include/px4/px4/msg/detail/gpio_config__struct.h
[799.027s] -- Symlinking: /repo/ws/install/include/px4/px4/msg/detail/gpio_config__type_support.h
[799.040s] -- Symlinking: /repo/ws/install/include/px4/px4/msg/detail/gpio_in__functions.h
[799.052s] -- Symlinking: /repo/ws/install/include/px4/px4/msg/detail/gpio_in__struct.h
[799.066s] -- Symlinking: /repo/ws/install/include/px4/px4/msg/detail/gpio_in__type_support.h
[799.079s] -- Symlinking: /repo/ws/install/include/px4/px4/msg/detail/gpio_out__functions.h
[799.092s] -- Symlinking: /repo/ws/install/include/px4/px4/msg/detail/gpio_out__struct.h
[799.105s] -- Symlinking: /repo/ws/install/include/px4/px4/msg/detail/gpio_out__type_support.h
[799.119s] -- Symlinking: /repo/ws/install/include/px4/px4/msg/detail/gpio_request__functions.h
[799.131s] -- Symlinking: /repo/ws/install/include/px4/px4/msg/detail/gpio_request__struct.h
[799.144s] -- Symlinking: /repo/ws/install/include/px4/px4/msg/detail/gpio_request__type_support.h
[799.157s] -- Symlinking: /repo/ws/install/include/px4/px4/msg/detail/gps_dump__functions.h
[799.170s] -- Symlinking: /repo/ws/install/include/px4/px4/msg/detail/gps_dump__struct.h
[799.183s] -- Symlinking: /repo/ws/install/include/px4/px4/msg/detail/gps_dump__type_support.h
[799.197s] -- Symlinking: /repo/ws/install/include/px4/px4/msg/detail/gps_inject_data__functions.h
[799.210s] -- Symlinking: /repo/ws/install/include/px4/px4/msg/detail/gps_inject_data__struct.h
[799.224s] -- Symlinking: /repo/ws/install/include/px4/px4/msg/detail/gps_inject_data__type_support.h
[799.237s] -- Symlinking: /repo/ws/install/include/px4/px4/msg/detail/gripper__functions.h
[799.250s] -- Symlinking: /repo/ws/install/include/px4/px4/msg/detail/gripper__struct.h
[799.263s] -- Symlinking: /repo/ws/install/include/px4/px4/msg/detail/gripper__type_support.h
[799.276s] -- Symlinking: /repo/ws/install/include/px4/px4/msg/detail/health_report__functions.h
[799.289s] -- Symlinking: /repo/ws/install/include/px4/px4/msg/detail/health_report__struct.h
[799.303s] -- Symlinking: /repo/ws/install/include/px4/px4/msg/detail/health_report__type_support.h
[799.317s] -- Symlinking: /repo/ws/install/include/px4/px4/msg/detail/heater_status__functions.h
[799.329s] -- Symlinking: /repo/ws/install/include/px4/px4/msg/detail/heater_status__struct.h
[799.343s] -- Symlinking: /repo/ws/install/include/px4/px4/msg/detail/heater_status__type_support.h
[799.356s] -- Symlinking: /repo/ws/install/include/px4/px4/msg/detail/home_position__functions.h
[799.369s] -- Symlinking: /repo/ws/install/include/px4/px4/msg/detail/home_position__struct.h
[799.383s] -- Symlinking: /repo/ws/install/include/px4/px4/msg/detail/home_position__type_support.h
[799.397s] -- Symlinking: /repo/ws/install/include/px4/px4/msg/detail/hover_thrust_estimate__functions.h
[799.410s] -- Symlinking: /repo/ws/install/include/px4/px4/msg/detail/hover_thrust_estimate__struct.h
[799.424s] -- Symlinking: /repo/ws/install/include/px4/px4/msg/detail/hover_thrust_estimate__type_support.h
[799.436s] -- Symlinking: /repo/ws/install/include/px4/px4/msg/detail/input_rc__functions.h
[799.449s] -- Symlinking: /repo/ws/install/include/px4/px4/msg/detail/input_rc__struct.h
[799.462s] -- Symlinking: /repo/ws/install/include/px4/px4/msg/detail/input_rc__type_support.h
[799.475s] -- Symlinking: /repo/ws/install/include/px4/px4/msg/detail/internal_combustion_engine_control__functions.h
[799.488s] -- Symlinking: /repo/ws/install/include/px4/px4/msg/detail/internal_combustion_engine_control__struct.h
[799.502s] -- Symlinking: /repo/ws/install/include/px4/px4/msg/detail/internal_combustion_engine_control__type_support.h
[799.516s] -- Symlinking: /repo/ws/install/include/px4/px4/msg/detail/internal_combustion_engine_status__functions.h
[799.528s] -- Symlinking: /repo/ws/install/include/px4/px4/msg/detail/internal_combustion_engine_status__struct.h
[799.541s] -- Symlinking: /repo/ws/install/include/px4/px4/msg/detail/internal_combustion_engine_status__type_support.h
[799.554s] -- Symlinking: /repo/ws/install/include/px4/px4/msg/detail/iridiumsbd_status__functions.h
[799.567s] -- Symlinking: /repo/ws/install/include/px4/px4/msg/detail/iridiumsbd_status__struct.h
[799.580s] -- Symlinking: /repo/ws/install/include/px4/px4/msg/detail/iridiumsbd_status__type_support.h
[799.594s] -- Symlinking: /repo/ws/install/include/px4/px4/msg/detail/irlock_report__functions.h
[799.608s] -- Symlinking: /repo/ws/install/include/px4/px4/msg/detail/irlock_report__struct.h
[799.621s] -- Symlinking: /repo/ws/install/include/px4/px4/msg/detail/irlock_report__type_support.h
[799.634s] -- Symlinking: /repo/ws/install/include/px4/px4/msg/detail/landing_gear__functions.h
[799.647s] -- Symlinking: /repo/ws/install/include/px4/px4/msg/detail/landing_gear__struct.h
[799.660s] -- Symlinking: /repo/ws/install/include/px4/px4/msg/detail/landing_gear__type_support.h
[799.673s] -- Symlinking: /repo/ws/install/include/px4/px4/msg/detail/landing_gear_wheel__functions.h
[799.686s] -- Symlinking: /repo/ws/install/include/px4/px4/msg/detail/landing_gear_wheel__struct.h
[799.700s] -- Symlinking: /repo/ws/install/include/px4/px4/msg/detail/landing_gear_wheel__type_support.h
[799.714s] -- Symlinking: /repo/ws/install/include/px4/px4/msg/detail/landing_target_innovations__functions.h
[799.726s] -- Symlinking: /repo/ws/install/include/px4/px4/msg/detail/landing_target_innovations__struct.h
[799.739s] -- Symlinking: /repo/ws/install/include/px4/px4/msg/detail/landing_target_innovations__type_support.h
[799.753s] -- Symlinking: /repo/ws/install/include/px4/px4/msg/detail/landing_target_pose__functions.h
[799.766s] -- Symlinking: /repo/ws/install/include/px4/px4/msg/detail/landing_target_pose__struct.h
[799.779s] -- Symlinking: /repo/ws/install/include/px4/px4/msg/detail/landing_target_pose__type_support.h
[799.792s] -- Symlinking: /repo/ws/install/include/px4/px4/msg/detail/launch_detection_status__functions.h
[799.806s] -- Symlinking: /repo/ws/install/include/px4/px4/msg/detail/launch_detection_status__struct.h
[799.819s] -- Symlinking: /repo/ws/install/include/px4/px4/msg/detail/launch_detection_status__type_support.h
[799.832s] -- Symlinking: /repo/ws/install/include/px4/px4/msg/detail/led_control__functions.h
[799.845s] -- Symlinking: /repo/ws/install/include/px4/px4/msg/detail/led_control__struct.h
[799.858s] -- Symlinking: /repo/ws/install/include/px4/px4/msg/detail/led_control__type_support.h
[799.871s] -- Symlinking: /repo/ws/install/include/px4/px4/msg/detail/log_message__functions.h
[799.884s] -- Symlinking: /repo/ws/install/include/px4/px4/msg/detail/log_message__struct.h
[799.898s] -- Symlinking: /repo/ws/install/include/px4/px4/msg/detail/log_message__type_support.h
[799.912s] -- Symlinking: /repo/ws/install/include/px4/px4/msg/detail/logger_status__functions.h
[799.925s] -- Symlinking: /repo/ws/install/include/px4/px4/msg/detail/logger_status__struct.h
[799.937s] -- Symlinking: /repo/ws/install/include/px4/px4/msg/detail/logger_status__type_support.h
[799.951s] -- Symlinking: /repo/ws/install/include/px4/px4/msg/detail/mag_worker_data__functions.h
[799.964s] -- Symlinking: /repo/ws/install/include/px4/px4/msg/detail/mag_worker_data__struct.h
[799.977s] -- Symlinking: /repo/ws/install/include/px4/px4/msg/detail/mag_worker_data__type_support.h
[799.991s] -- Symlinking: /repo/ws/install/include/px4/px4/msg/detail/magnetometer_bias_estimate__functions.h
[800.005s] -- Symlinking: /repo/ws/install/include/px4/px4/msg/detail/magnetometer_bias_estimate__struct.h
[800.018s] -- Symlinking: /repo/ws/install/include/px4/px4/msg/detail/magnetometer_bias_estimate__type_support.h
[800.032s] -- Symlinking: /repo/ws/install/include/px4/px4/msg/detail/manual_control_setpoint__functions.h
[800.046s] -- Symlinking: /repo/ws/install/include/px4/px4/msg/detail/manual_control_setpoint__struct.h
[800.059s] -- Symlinking: /repo/ws/install/include/px4/px4/msg/detail/manual_control_setpoint__type_support.h
[800.072s] -- Symlinking: /repo/ws/install/include/px4/px4/msg/detail/manual_control_switches__functions.h
[800.085s] -- Symlinking: /repo/ws/install/include/px4/px4/msg/detail/manual_control_switches__struct.h
[800.098s] -- Symlinking: /repo/ws/install/include/px4/px4/msg/detail/manual_control_switches__type_support.h
[800.112s] -- Symlinking: /repo/ws/install/include/px4/px4/msg/detail/mavlink_log__functions.h
[800.125s] -- Symlinking: /repo/ws/install/include/px4/px4/msg/detail/mavlink_log__struct.h
[800.138s] -- Symlinking: /repo/ws/install/include/px4/px4/msg/detail/mavlink_log__type_support.h
[800.151s] -- Symlinking: /repo/ws/install/include/px4/px4/msg/detail/mavlink_tunnel__functions.h
[800.164s] -- Symlinking: /repo/ws/install/include/px4/px4/msg/detail/mavlink_tunnel__struct.h
[800.177s] -- Symlinking: /repo/ws/install/include/px4/px4/msg/detail/mavlink_tunnel__type_support.h
[800.190s] -- Symlinking: /repo/ws/install/include/px4/px4/msg/detail/message_format_request__functions.h
[800.205s] -- Symlinking: /repo/ws/install/include/px4/px4/msg/detail/message_format_request__struct.h
[800.218s] -- Symlinking: /repo/ws/install/include/px4/px4/msg/detail/message_format_request__type_support.h
[800.231s] -- Symlinking: /repo/ws/install/include/px4/px4/msg/detail/message_format_response__functions.h
[800.244s] -- Symlinking: /repo/ws/install/include/px4/px4/msg/detail/message_format_response__struct.h
[800.257s] -- Symlinking: /repo/ws/install/include/px4/px4/msg/detail/message_format_response__type_support.h
[800.270s] -- Symlinking: /repo/ws/install/include/px4/px4/msg/detail/mission__functions.h
[800.284s] -- Symlinking: /repo/ws/install/include/px4/px4/msg/detail/mission__struct.h
[800.297s] -- Symlinking: /repo/ws/install/include/px4/px4/msg/detail/mission__type_support.h
[800.311s] -- Symlinking: /repo/ws/install/include/px4/px4/msg/detail/mission_result__functions.h
[800.325s] -- Symlinking: /repo/ws/install/include/px4/px4/msg/detail/mission_result__struct.h
[800.339s] -- Symlinking: /repo/ws/install/include/px4/px4/msg/detail/mission_result__type_support.h
[800.352s] -- Symlinking: /repo/ws/install/include/px4/px4/msg/detail/mode_completed__functions.h
[800.366s] -- Symlinking: /repo/ws/install/include/px4/px4/msg/detail/mode_completed__struct.h
[800.379s] -- Symlinking: /repo/ws/install/include/px4/px4/msg/detail/mode_completed__type_support.h
[800.392s] -- Symlinking: /repo/ws/install/include/px4/px4/msg/detail/mount_orientation__functions.h
[800.406s] -- Symlinking: /repo/ws/install/include/px4/px4/msg/detail/mount_orientation__struct.h
[800.419s] -- Symlinking: /repo/ws/install/include/px4/px4/msg/detail/mount_orientation__type_support.h
[800.432s] -- Symlinking: /repo/ws/install/include/px4/px4/msg/detail/navigator_mission_item__functions.h
[800.447s] -- Symlinking: /repo/ws/install/include/px4/px4/msg/detail/navigator_mission_item__struct.h
[800.460s] -- Symlinking: /repo/ws/install/include/px4/px4/msg/detail/navigator_mission_item__type_support.h
[800.474s] -- Symlinking: /repo/ws/install/include/px4/px4/msg/detail/navigator_status__functions.h
[800.489s] -- Symlinking: /repo/ws/install/include/px4/px4/msg/detail/navigator_status__struct.h
[800.505s] -- Symlinking: /repo/ws/install/include/px4/px4/msg/detail/navigator_status__type_support.h
[800.520s] -- Symlinking: /repo/ws/install/include/px4/px4/msg/detail/normalized_unsigned_setpoint__functions.h
[800.533s] -- Symlinking: /repo/ws/install/include/px4/px4/msg/detail/normalized_unsigned_setpoint__struct.h
[800.547s] -- Symlinking: /repo/ws/install/include/px4/px4/msg/detail/normalized_unsigned_setpoint__type_support.h
[800.560s] -- Symlinking: /repo/ws/install/include/px4/px4/msg/detail/npfg_status__functions.h
[800.573s] -- Symlinking: /repo/ws/install/include/px4/px4/msg/detail/npfg_status__struct.h
[800.587s] -- Symlinking: /repo/ws/install/include/px4/px4/msg/detail/npfg_status__type_support.h
[800.601s] -- Symlinking: /repo/ws/install/include/px4/px4/msg/detail/obstacle_distance__functions.h
[800.614s] -- Symlinking: /repo/ws/install/include/px4/px4/msg/detail/obstacle_distance__struct.h
[800.627s] -- Symlinking: /repo/ws/install/include/px4/px4/msg/detail/obstacle_distance__type_support.h
[800.640s] -- Symlinking: /repo/ws/install/include/px4/px4/msg/detail/offboard_control_mode__functions.h
[800.653s] -- Symlinking: /repo/ws/install/include/px4/px4/msg/detail/offboard_control_mode__struct.h
[800.666s] -- Symlinking: /repo/ws/install/include/px4/px4/msg/detail/offboard_control_mode__type_support.h
[800.680s] -- Symlinking: /repo/ws/install/include/px4/px4/msg/detail/onboard_computer_status__functions.h
[800.693s] -- Symlinking: /repo/ws/install/include/px4/px4/msg/detail/onboard_computer_status__struct.h
[800.706s] -- Symlinking: /repo/ws/install/include/px4/px4/msg/detail/onboard_computer_status__type_support.h
[800.720s] -- Symlinking: /repo/ws/install/include/px4/px4/msg/detail/open_drone_id_arm_status__functions.h
[800.733s] -- Symlinking: /repo/ws/install/include/px4/px4/msg/detail/open_drone_id_arm_status__struct.h
[800.747s] -- Symlinking: /repo/ws/install/include/px4/px4/msg/detail/open_drone_id_arm_status__type_support.h
[800.760s] -- Symlinking: /repo/ws/install/include/px4/px4/msg/detail/open_drone_id_operator_id__functions.h
[800.773s] -- Symlinking: /repo/ws/install/include/px4/px4/msg/detail/open_drone_id_operator_id__struct.h
[800.787s] -- Symlinking: /repo/ws/install/include/px4/px4/msg/detail/open_drone_id_operator_id__type_support.h
[800.801s] -- Symlinking: /repo/ws/install/include/px4/px4/msg/detail/open_drone_id_self_id__functions.h
[800.815s] -- Symlinking: /repo/ws/install/include/px4/px4/msg/detail/open_drone_id_self_id__struct.h
[800.828s] -- Symlinking: /repo/ws/install/include/px4/px4/msg/detail/open_drone_id_self_id__type_support.h
[800.842s] -- Symlinking: /repo/ws/install/include/px4/px4/msg/detail/open_drone_id_system__functions.h
[800.855s] -- Symlinking: /repo/ws/install/include/px4/px4/msg/detail/open_drone_id_system__struct.h
[800.868s] -- Symlinking: /repo/ws/install/include/px4/px4/msg/detail/open_drone_id_system__type_support.h
[800.882s] -- Symlinking: /repo/ws/install/include/px4/px4/msg/detail/orb_test__functions.h
[800.894s] -- Symlinking: /repo/ws/install/include/px4/px4/msg/detail/orb_test__struct.h
[800.908s] -- Symlinking: /repo/ws/install/include/px4/px4/msg/detail/orb_test__type_support.h
[800.921s] -- Symlinking: /repo/ws/install/include/px4/px4/msg/detail/orb_test_large__functions.h
[800.934s] -- Symlinking: /repo/ws/install/include/px4/px4/msg/detail/orb_test_large__struct.h
[800.946s] -- Symlinking: /repo/ws/install/include/px4/px4/msg/detail/orb_test_large__type_support.h
[800.960s] -- Symlinking: /repo/ws/install/include/px4/px4/msg/detail/orb_test_medium__functions.h
[800.973s] -- Symlinking: /repo/ws/install/include/px4/px4/msg/detail/orb_test_medium__struct.h
[800.986s] -- Symlinking: /repo/ws/install/include/px4/px4/msg/detail/orb_test_medium__type_support.h
[801.001s] -- Symlinking: /repo/ws/install/include/px4/px4/msg/detail/orbit_status__functions.h
[801.014s] -- Symlinking: /repo/ws/install/include/px4/px4/msg/detail/orbit_status__struct.h
[801.027s] -- Symlinking: /repo/ws/install/include/px4/px4/msg/detail/orbit_status__type_support.h
[801.040s] -- Symlinking: /repo/ws/install/include/px4/px4/msg/detail/parameter_reset_request__functions.h
[801.053s] -- Symlinking: /repo/ws/install/include/px4/px4/msg/detail/parameter_reset_request__struct.h
[801.066s] -- Symlinking: /repo/ws/install/include/px4/px4/msg/detail/parameter_reset_request__type_support.h
[801.079s] -- Symlinking: /repo/ws/install/include/px4/px4/msg/detail/parameter_set_used_request__functions.h
[801.092s] -- Symlinking: /repo/ws/install/include/px4/px4/msg/detail/parameter_set_used_request__struct.h
[801.106s] -- Symlinking: /repo/ws/install/include/px4/px4/msg/detail/parameter_set_used_request__type_support.h
[801.120s] -- Symlinking: /repo/ws/install/include/px4/px4/msg/detail/parameter_set_value_request__functions.h
[801.132s] -- Symlinking: /repo/ws/install/include/px4/px4/msg/detail/parameter_set_value_request__struct.h
[801.146s] -- Symlinking: /repo/ws/install/include/px4/px4/msg/detail/parameter_set_value_request__type_support.h
[801.159s] -- Symlinking: /repo/ws/install/include/px4/px4/msg/detail/parameter_set_value_response__functions.h
[801.172s] -- Symlinking: /repo/ws/install/include/px4/px4/msg/detail/parameter_set_value_response__struct.h
[801.185s] -- Symlinking: /repo/ws/install/include/px4/px4/msg/detail/parameter_set_value_response__type_support.h
[801.199s] -- Symlinking: /repo/ws/install/include/px4/px4/msg/detail/parameter_update__functions.h
[801.213s] -- Symlinking: /repo/ws/install/include/px4/px4/msg/detail/parameter_update__struct.h
[801.226s] -- Symlinking: /repo/ws/install/include/px4/px4/msg/detail/parameter_update__type_support.h
[801.239s] -- Symlinking: /repo/ws/install/include/px4/px4/msg/detail/ping__functions.h
[801.252s] -- Symlinking: /repo/ws/install/include/px4/px4/msg/detail/ping__struct.h
[801.265s] -- Symlinking: /repo/ws/install/include/px4/px4/msg/detail/ping__type_support.h
[801.278s] -- Symlinking: /repo/ws/install/include/px4/px4/msg/detail/position_controller_landing_status__functions.h
[801.292s] -- Symlinking: /repo/ws/install/include/px4/px4/msg/detail/position_controller_landing_status__struct.h
[801.306s] -- Symlinking: /repo/ws/install/include/px4/px4/msg/detail/position_controller_landing_status__type_support.h
[801.319s] -- Symlinking: /repo/ws/install/include/px4/px4/msg/detail/position_controller_status__functions.h
[801.333s] -- Symlinking: /repo/ws/install/include/px4/px4/msg/detail/position_controller_status__struct.h
[801.346s] -- Symlinking: /repo/ws/install/include/px4/px4/msg/detail/position_controller_status__type_support.h
[801.359s] -- Symlinking: /repo/ws/install/include/px4/px4/msg/detail/position_setpoint__functions.h
[801.372s] -- Symlinking: /repo/ws/install/include/px4/px4/msg/detail/position_setpoint__struct.h
[801.386s] -- Symlinking: /repo/ws/install/include/px4/px4/msg/detail/position_setpoint__type_support.h
[801.400s] -- Symlinking: /repo/ws/install/include/px4/px4/msg/detail/position_setpoint_triplet__functions.h
[801.414s] -- Symlinking: /repo/ws/install/include/px4/px4/msg/detail/position_setpoint_triplet__struct.h
[801.427s] -- Symlinking: /repo/ws/install/include/px4/px4/msg/detail/position_setpoint_triplet__type_support.h
[801.440s] -- Symlinking: /repo/ws/install/include/px4/px4/msg/detail/power_button_state__functions.h
[801.453s] -- Symlinking: /repo/ws/install/include/px4/px4/msg/detail/power_button_state__struct.h
[801.466s] -- Symlinking: /repo/ws/install/include/px4/px4/msg/detail/power_button_state__type_support.h
[801.479s] -- Symlinking: /repo/ws/install/include/px4/px4/msg/detail/power_monitor__functions.h
[801.492s] -- Symlinking: /repo/ws/install/include/px4/px4/msg/detail/power_monitor__struct.h
[801.506s] -- Symlinking: /repo/ws/install/include/px4/px4/msg/detail/power_monitor__type_support.h
[801.520s] -- Symlinking: /repo/ws/install/include/px4/px4/msg/detail/pps_capture__functions.h
[801.533s] -- Symlinking: /repo/ws/install/include/px4/px4/msg/detail/pps_capture__struct.h
[801.546s] -- Symlinking: /repo/ws/install/include/px4/px4/msg/detail/pps_capture__type_support.h
[801.559s] -- Symlinking: /repo/ws/install/include/px4/px4/msg/detail/pure_pursuit_status__functions.h
[801.572s] -- Symlinking: /repo/ws/install/include/px4/px4/msg/detail/pure_pursuit_status__struct.h
[801.585s] -- Symlinking: /repo/ws/install/include/px4/px4/msg/detail/pure_pursuit_status__type_support.h
[801.599s] -- Symlinking: /repo/ws/install/include/px4/px4/msg/detail/pwm_input__functions.h
[801.613s] -- Symlinking: /repo/ws/install/include/px4/px4/msg/detail/pwm_input__struct.h
[801.626s] -- Symlinking: /repo/ws/install/include/px4/px4/msg/detail/pwm_input__type_support.h
[801.639s] -- Symlinking: /repo/ws/install/include/px4/px4/msg/detail/px4io_status__functions.h
[801.652s] -- Symlinking: /repo/ws/install/include/px4/px4/msg/detail/px4io_status__struct.h
[801.665s] -- Symlinking: /repo/ws/install/include/px4/px4/msg/detail/px4io_status__type_support.h
[801.679s] -- Symlinking: /repo/ws/install/include/px4/px4/msg/detail/qshell_req__functions.h
[801.691s] -- Symlinking: /repo/ws/install/include/px4/px4/msg/detail/qshell_req__struct.h
[801.706s] -- Symlinking: /repo/ws/install/include/px4/px4/msg/detail/qshell_req__type_support.h
[801.719s] -- Symlinking: /repo/ws/install/include/px4/px4/msg/detail/qshell_retval__functions.h
[801.732s] -- Symlinking: /repo/ws/install/include/px4/px4/msg/detail/qshell_retval__struct.h
[801.745s] -- Symlinking: /repo/ws/install/include/px4/px4/msg/detail/qshell_retval__type_support.h
[801.759s] -- Symlinking: /repo/ws/install/include/px4/px4/msg/detail/radio_status__functions.h
[801.772s] -- Symlinking: /repo/ws/install/include/px4/px4/msg/detail/radio_status__struct.h
[801.785s] -- Symlinking: /repo/ws/install/include/px4/px4/msg/detail/radio_status__type_support.h
[801.799s] -- Symlinking: /repo/ws/install/include/px4/px4/msg/detail/rate_ctrl_status__functions.h
[801.813s] -- Symlinking: /repo/ws/install/include/px4/px4/msg/detail/rate_ctrl_status__struct.h
[801.826s] -- Symlinking: /repo/ws/install/include/px4/px4/msg/detail/rate_ctrl_status__type_support.h
[801.839s] -- Symlinking: /repo/ws/install/include/px4/px4/msg/detail/rc_channels__functions.h
[801.853s] -- Symlinking: /repo/ws/install/include/px4/px4/msg/detail/rc_channels__struct.h
[801.866s] -- Symlinking: /repo/ws/install/include/px4/px4/msg/detail/rc_channels__type_support.h
[801.879s] -- Symlinking: /repo/ws/install/include/px4/px4/msg/detail/rc_parameter_map__functions.h
[801.892s] -- Symlinking: /repo/ws/install/include/px4/px4/msg/detail/rc_parameter_map__struct.h
[801.906s] -- Symlinking: /repo/ws/install/include/px4/px4/msg/detail/rc_parameter_map__type_support.h
[801.920s] -- Symlinking: /repo/ws/install/include/px4/px4/msg/detail/register_ext_component_reply__functions.h
[801.933s] -- Symlinking: /repo/ws/install/include/px4/px4/msg/detail/register_ext_component_reply__struct.h
[801.946s] -- Symlinking: /repo/ws/install/include/px4/px4/msg/detail/register_ext_component_reply__type_support.h
[801.958s] -- Symlinking: /repo/ws/install/include/px4/px4/msg/detail/register_ext_component_request__functions.h
[801.971s] -- Symlinking: /repo/ws/install/include/px4/px4/msg/detail/register_ext_component_request__struct.h
[801.985s] -- Symlinking: /repo/ws/install/include/px4/px4/msg/detail/register_ext_component_request__type_support.h
[801.999s] -- Symlinking: /repo/ws/install/include/px4/px4/msg/detail/rover_attitude_setpoint__functions.h
[802.013s] -- Symlinking: /repo/ws/install/include/px4/px4/msg/detail/rover_attitude_setpoint__struct.h
[802.026s] -- Symlinking: /repo/ws/install/include/px4/px4/msg/detail/rover_attitude_setpoint__type_support.h
[802.039s] -- Symlinking: /repo/ws/install/include/px4/px4/msg/detail/rover_attitude_status__functions.h
[802.052s] -- Symlinking: /repo/ws/install/include/px4/px4/msg/detail/rover_attitude_status__struct.h
[802.066s] -- Symlinking: /repo/ws/install/include/px4/px4/msg/detail/rover_attitude_status__type_support.h
[802.080s] -- Symlinking: /repo/ws/install/include/px4/px4/msg/detail/rover_position_setpoint__functions.h
[802.093s] -- Symlinking: /repo/ws/install/include/px4/px4/msg/detail/rover_position_setpoint__struct.h
[802.107s] -- Symlinking: /repo/ws/install/include/px4/px4/msg/detail/rover_position_setpoint__type_support.h
[802.120s] -- Symlinking: /repo/ws/install/include/px4/px4/msg/detail/rover_rate_setpoint__functions.h
[802.134s] -- Symlinking: /repo/ws/install/include/px4/px4/msg/detail/rover_rate_setpoint__struct.h
[802.146s] -- Symlinking: /repo/ws/install/include/px4/px4/msg/detail/rover_rate_setpoint__type_support.h
[802.159s] -- Symlinking: /repo/ws/install/include/px4/px4/msg/detail/rover_rate_status__functions.h
[802.173s] -- Symlinking: /repo/ws/install/include/px4/px4/msg/detail/rover_rate_status__struct.h
[802.186s] -- Symlinking: /repo/ws/install/include/px4/px4/msg/detail/rover_rate_status__type_support.h
[802.199s] -- Symlinking: /repo/ws/install/include/px4/px4/msg/detail/rover_steering_setpoint__functions.h
[802.213s] -- Symlinking: /repo/ws/install/include/px4/px4/msg/detail/rover_steering_setpoint__struct.h
[802.227s] -- Symlinking: /repo/ws/install/include/px4/px4/msg/detail/rover_steering_setpoint__type_support.h
[802.240s] -- Symlinking: /repo/ws/install/include/px4/px4/msg/detail/rover_throttle_setpoint__functions.h
[802.253s] -- Symlinking: /repo/ws/install/include/px4/px4/msg/detail/rover_throttle_setpoint__struct.h
[802.266s] -- Symlinking: /repo/ws/install/include/px4/px4/msg/detail/rover_throttle_setpoint__type_support.h
[802.279s] -- Symlinking: /repo/ws/install/include/px4/px4/msg/detail/rover_velocity_status__functions.h
[802.292s] -- Symlinking: /repo/ws/install/include/px4/px4/msg/detail/rover_velocity_status__struct.h
[802.306s] -- Symlinking: /repo/ws/install/include/px4/px4/msg/detail/rover_velocity_status__type_support.h
[802.320s] -- Symlinking: /repo/ws/install/include/px4/px4/msg/detail/rpm__functions.h
[802.334s] -- Symlinking: /repo/ws/install/include/px4/px4/msg/detail/rpm__struct.h
[802.347s] -- Symlinking: /repo/ws/install/include/px4/px4/msg/detail/rpm__type_support.h
[802.360s] -- Symlinking: /repo/ws/install/include/px4/px4/msg/detail/rtl_status__functions.h
[802.374s] -- Symlinking: /repo/ws/install/include/px4/px4/msg/detail/rtl_status__struct.h
[802.387s] -- Symlinking: /repo/ws/install/include/px4/px4/msg/detail/rtl_status__type_support.h
[802.401s] -- Symlinking: /repo/ws/install/include/px4/px4/msg/detail/rtl_time_estimate__functions.h
[802.416s] -- Symlinking: /repo/ws/install/include/px4/px4/msg/detail/rtl_time_estimate__struct.h
[802.429s] -- Symlinking: /repo/ws/install/include/px4/px4/msg/detail/rtl_time_estimate__type_support.h
[802.442s] -- Symlinking: /repo/ws/install/include/px4/px4/msg/detail/satellite_info__functions.h
[802.456s] -- Symlinking: /repo/ws/install/include/px4/px4/msg/detail/satellite_info__struct.h
[802.469s] -- Symlinking: /repo/ws/install/include/px4/px4/msg/detail/satellite_info__type_support.h
[802.482s] -- Symlinking: /repo/ws/install/include/px4/px4/msg/detail/sensor_accel__functions.h
[802.495s] -- Symlinking: /repo/ws/install/include/px4/px4/msg/detail/sensor_accel__struct.h
[802.509s] -- Symlinking: /repo/ws/install/include/px4/px4/msg/detail/sensor_accel__type_support.h
[802.522s] -- Symlinking: /repo/ws/install/include/px4/px4/msg/detail/sensor_accel_fifo__functions.h
[802.535s] -- Symlinking: /repo/ws/install/include/px4/px4/msg/detail/sensor_accel_fifo__struct.h
[802.548s] -- Symlinking: /repo/ws/install/include/px4/px4/msg/detail/sensor_accel_fifo__type_support.h
[802.561s] -- Symlinking: /repo/ws/install/include/px4/px4/msg/detail/sensor_airflow__functions.h
[802.575s] -- Symlinking: /repo/ws/install/include/px4/px4/msg/detail/sensor_airflow__struct.h
[802.588s] -- Symlinking: /repo/ws/install/include/px4/px4/msg/detail/sensor_airflow__type_support.h
[802.603s] -- Symlinking: /repo/ws/install/include/px4/px4/msg/detail/sensor_baro__functions.h
[802.616s] -- Symlinking: /repo/ws/install/include/px4/px4/msg/detail/sensor_baro__struct.h
[802.630s] -- Symlinking: /repo/ws/install/include/px4/px4/msg/detail/sensor_baro__type_support.h
[802.642s] -- Symlinking: /repo/ws/install/include/px4/px4/msg/detail/sensor_combined__functions.h
[802.656s] -- Symlinking: /repo/ws/install/include/px4/px4/msg/detail/sensor_combined__struct.h
[802.669s] -- Symlinking: /repo/ws/install/include/px4/px4/msg/detail/sensor_combined__type_support.h
[802.682s] -- Symlinking: /repo/ws/install/include/px4/px4/msg/detail/sensor_correction__functions.h
[802.695s] -- Symlinking: /repo/ws/install/include/px4/px4/msg/detail/sensor_correction__struct.h
[802.709s] -- Symlinking: /repo/ws/install/include/px4/px4/msg/detail/sensor_correction__type_support.h
[802.722s] -- Symlinking: /repo/ws/install/include/px4/px4/msg/detail/sensor_gnss_relative__functions.h
[802.735s] -- Symlinking: /repo/ws/install/include/px4/px4/msg/detail/sensor_gnss_relative__struct.h
[802.749s] -- Symlinking: /repo/ws/install/include/px4/px4/msg/detail/sensor_gnss_relative__type_support.h
[802.763s] -- Symlinking: /repo/ws/install/include/px4/px4/msg/detail/sensor_gps__functions.h
[802.776s] -- Symlinking: /repo/ws/install/include/px4/px4/msg/detail/sensor_gps__struct.h
[802.789s] -- Symlinking: /repo/ws/install/include/px4/px4/msg/detail/sensor_gps__type_support.h
[802.803s] -- Symlinking: /repo/ws/install/include/px4/px4/msg/detail/sensor_gyro__functions.h
[802.817s] -- Symlinking: /repo/ws/install/include/px4/px4/msg/detail/sensor_gyro__struct.h
[802.831s] -- Symlinking: /repo/ws/install/include/px4/px4/msg/detail/sensor_gyro__type_support.h
[802.843s] -- Symlinking: /repo/ws/install/include/px4/px4/msg/detail/sensor_gyro_fft__functions.h
[802.856s] -- Symlinking: /repo/ws/install/include/px4/px4/msg/detail/sensor_gyro_fft__struct.h
[802.870s] -- Symlinking: /repo/ws/install/include/px4/px4/msg/detail/sensor_gyro_fft__type_support.h
[802.883s] -- Symlinking: /repo/ws/install/include/px4/px4/msg/detail/sensor_gyro_fifo__functions.h
[802.896s] -- Symlinking: /repo/ws/install/include/px4/px4/msg/detail/sensor_gyro_fifo__struct.h
[802.910s] -- Symlinking: /repo/ws/install/include/px4/px4/msg/detail/sensor_gyro_fifo__type_support.h
[802.923s] -- Symlinking: /repo/ws/install/include/px4/px4/msg/detail/sensor_hygrometer__functions.h
[802.936s] -- Symlinking: /repo/ws/install/include/px4/px4/msg/detail/sensor_hygrometer__struct.h
[802.949s] -- Symlinking: /repo/ws/install/include/px4/px4/msg/detail/sensor_hygrometer__type_support.h
[802.962s] -- Symlinking: /repo/ws/install/include/px4/px4/msg/detail/sensor_mag__functions.h
[802.975s] -- Symlinking: /repo/ws/install/include/px4/px4/msg/detail/sensor_mag__struct.h
[802.988s] -- Symlinking: /repo/ws/install/include/px4/px4/msg/detail/sensor_mag__type_support.h
[803.002s] -- Symlinking: /repo/ws/install/include/px4/px4/msg/detail/sensor_optical_flow__functions.h
[803.016s] -- Symlinking: /repo/ws/install/include/px4/px4/msg/detail/sensor_optical_flow__struct.h
[803.029s] -- Symlinking: /repo/ws/install/include/px4/px4/msg/detail/sensor_optical_flow__type_support.h
[803.042s] -- Symlinking: /repo/ws/install/include/px4/px4/msg/detail/sensor_preflight_mag__functions.h
[803.055s] -- Symlinking: /repo/ws/install/include/px4/px4/msg/detail/sensor_preflight_mag__struct.h
[803.069s] -- Symlinking: /repo/ws/install/include/px4/px4/msg/detail/sensor_preflight_mag__type_support.h
[803.082s] -- Symlinking: /repo/ws/install/include/px4/px4/msg/detail/sensor_selection__functions.h
[803.095s] -- Symlinking: /repo/ws/install/include/px4/px4/msg/detail/sensor_selection__struct.h
[803.109s] -- Symlinking: /repo/ws/install/include/px4/px4/msg/detail/sensor_selection__type_support.h
[803.122s] -- Symlinking: /repo/ws/install/include/px4/px4/msg/detail/sensor_uwb__functions.h
[803.135s] -- Symlinking: /repo/ws/install/include/px4/px4/msg/detail/sensor_uwb__struct.h
[803.148s] -- Symlinking: /repo/ws/install/include/px4/px4/msg/detail/sensor_uwb__type_support.h
[803.161s] -- Symlinking: /repo/ws/install/include/px4/px4/msg/detail/sensors_status__functions.h
[803.174s] -- Symlinking: /repo/ws/install/include/px4/px4/msg/detail/sensors_status__struct.h
[803.187s] -- Symlinking: /repo/ws/install/include/px4/px4/msg/detail/sensors_status__type_support.h
[803.202s] -- Symlinking: /repo/ws/install/include/px4/px4/msg/detail/sensors_status_imu__functions.h
[803.215s] -- Symlinking: /repo/ws/install/include/px4/px4/msg/detail/sensors_status_imu__struct.h
[803.228s] -- Symlinking: /repo/ws/install/include/px4/px4/msg/detail/sensors_status_imu__type_support.h
[803.241s] -- Symlinking: /repo/ws/install/include/px4/px4/msg/detail/system_power__functions.h
[803.254s] -- Symlinking: /repo/ws/install/include/px4/px4/msg/detail/system_power__struct.h
[803.267s] -- Symlinking: /repo/ws/install/include/px4/px4/msg/detail/system_power__type_support.h
[803.281s] -- Symlinking: /repo/ws/install/include/px4/px4/msg/detail/takeoff_status__functions.h
[803.294s] -- Symlinking: /repo/ws/install/include/px4/px4/msg/detail/takeoff_status__struct.h
[803.310s] -- Symlinking: /repo/ws/install/include/px4/px4/msg/detail/takeoff_status__type_support.h
[803.323s] -- Symlinking: /repo/ws/install/include/px4/px4/msg/detail/task_stack_info__functions.h
[803.337s] -- Symlinking: /repo/ws/install/include/px4/px4/msg/detail/task_stack_info__struct.h
[803.350s] -- Symlinking: /repo/ws/install/include/px4/px4/msg/detail/task_stack_info__type_support.h
[803.364s] -- Symlinking: /repo/ws/install/include/px4/px4/msg/detail/tecs_status__functions.h
[803.377s] -- Symlinking: /repo/ws/install/include/px4/px4/msg/detail/tecs_status__struct.h
[803.390s] -- Symlinking: /repo/ws/install/include/px4/px4/msg/detail/tecs_status__type_support.h
[803.405s] -- Symlinking: /repo/ws/install/include/px4/px4/msg/detail/telemetry_status__functions.h
[803.418s] -- Symlinking: /repo/ws/install/include/px4/px4/msg/detail/telemetry_status__struct.h
[803.431s] -- Symlinking: /repo/ws/install/include/px4/px4/msg/detail/telemetry_status__type_support.h
[803.445s] -- Symlinking: /repo/ws/install/include/px4/px4/msg/detail/tiltrotor_extra_controls__functions.h
[803.458s] -- Symlinking: /repo/ws/install/include/px4/px4/msg/detail/tiltrotor_extra_controls__struct.h
[803.472s] -- Symlinking: /repo/ws/install/include/px4/px4/msg/detail/tiltrotor_extra_controls__type_support.h
[803.485s] -- Symlinking: /repo/ws/install/include/px4/px4/msg/detail/timesync_status__functions.h
[803.498s] -- Symlinking: /repo/ws/install/include/px4/px4/msg/detail/timesync_status__struct.h
[803.512s] -- Symlinking: /repo/ws/install/include/px4/px4/msg/detail/timesync_status__type_support.h
[803.525s] -- Symlinking: /repo/ws/install/include/px4/px4/msg/detail/trajectory_setpoint6dof__functions.h
[803.539s] -- Symlinking: /repo/ws/install/include/px4/px4/msg/detail/trajectory_setpoint6dof__struct.h
[803.552s] -- Symlinking: /repo/ws/install/include/px4/px4/msg/detail/trajectory_setpoint6dof__type_support.h
[803.565s] -- Symlinking: /repo/ws/install/include/px4/px4/msg/detail/trajectory_setpoint__functions.h
[803.579s] -- Symlinking: /repo/ws/install/include/px4/px4/msg/detail/trajectory_setpoint__struct.h
[803.591s] -- Symlinking: /repo/ws/install/include/px4/px4/msg/detail/trajectory_setpoint__type_support.h
[803.606s] -- Symlinking: /repo/ws/install/include/px4/px4/msg/detail/transponder_report__functions.h
[803.620s] -- Symlinking: /repo/ws/install/include/px4/px4/msg/detail/transponder_report__struct.h
[803.633s] -- Symlinking: /repo/ws/install/include/px4/px4/msg/detail/transponder_report__type_support.h
[803.645s] -- Symlinking: /repo/ws/install/include/px4/px4/msg/detail/tune_control__functions.h
[803.658s] -- Symlinking: /repo/ws/install/include/px4/px4/msg/detail/tune_control__struct.h
[803.671s] -- Symlinking: /repo/ws/install/include/px4/px4/msg/detail/tune_control__type_support.h
[803.684s] -- Symlinking: /repo/ws/install/include/px4/px4/msg/detail/uavcan_parameter_request__functions.h
[803.698s] -- Symlinking: /repo/ws/install/include/px4/px4/msg/detail/uavcan_parameter_request__struct.h
[803.712s] -- Symlinking: /repo/ws/install/include/px4/px4/msg/detail/uavcan_parameter_request__type_support.h
[803.725s] -- Symlinking: /repo/ws/install/include/px4/px4/msg/detail/uavcan_parameter_value__functions.h
[803.739s] -- Symlinking: /repo/ws/install/include/px4/px4/msg/detail/uavcan_parameter_value__struct.h
[803.752s] -- Symlinking: /repo/ws/install/include/px4/px4/msg/detail/uavcan_parameter_value__type_support.h
[803.765s] -- Symlinking: /repo/ws/install/include/px4/px4/msg/detail/ulog_stream__functions.h
[803.778s] -- Symlinking: /repo/ws/install/include/px4/px4/msg/detail/ulog_stream__struct.h
[803.791s] -- Symlinking: /repo/ws/install/include/px4/px4/msg/detail/ulog_stream__type_support.h
[803.805s] -- Symlinking: /repo/ws/install/include/px4/px4/msg/detail/ulog_stream_ack__functions.h
[803.819s] -- Symlinking: /repo/ws/install/include/px4/px4/msg/detail/ulog_stream_ack__struct.h
[803.832s] -- Symlinking: /repo/ws/install/include/px4/px4/msg/detail/ulog_stream_ack__type_support.h
[803.845s] -- Symlinking: /repo/ws/install/include/px4/px4/msg/detail/unregister_ext_component__functions.h
[803.859s] -- Symlinking: /repo/ws/install/include/px4/px4/msg/detail/unregister_ext_component__struct.h
[803.872s] -- Symlinking: /repo/ws/install/include/px4/px4/msg/detail/unregister_ext_component__type_support.h
[803.885s] -- Symlinking: /repo/ws/install/include/px4/px4/msg/detail/vehicle_acceleration__functions.h
[803.898s] -- Symlinking: /repo/ws/install/include/px4/px4/msg/detail/vehicle_acceleration__struct.h
[803.912s] -- Symlinking: /repo/ws/install/include/px4/px4/msg/detail/vehicle_acceleration__type_support.h
[803.925s] -- Symlinking: /repo/ws/install/include/px4/px4/msg/detail/vehicle_air_data__functions.h
[803.938s] -- Symlinking: /repo/ws/install/include/px4/px4/msg/detail/vehicle_air_data__struct.h
[803.951s] -- Symlinking: /repo/ws/install/include/px4/px4/msg/detail/vehicle_air_data__type_support.h
[803.964s] -- Symlinking: /repo/ws/install/include/px4/px4/msg/detail/vehicle_angular_acceleration_setpoint__functions.h
[803.977s] -- Symlinking: /repo/ws/install/include/px4/px4/msg/detail/vehicle_angular_acceleration_setpoint__struct.h
[803.991s] -- Symlinking: /repo/ws/install/include/px4/px4/msg/detail/vehicle_angular_acceleration_setpoint__type_support.h
[804.005s] -- Symlinking: /repo/ws/install/include/px4/px4/msg/detail/vehicle_angular_velocity__functions.h
[804.018s] -- Symlinking: /repo/ws/install/include/px4/px4/msg/detail/vehicle_angular_velocity__struct.h
[804.031s] -- Symlinking: /repo/ws/install/include/px4/px4/msg/detail/vehicle_angular_velocity__type_support.h
[804.044s] -- Symlinking: /repo/ws/install/include/px4/px4/msg/detail/vehicle_attitude__functions.h
[804.057s] -- Symlinking: /repo/ws/install/include/px4/px4/msg/detail/vehicle_attitude__struct.h
[804.070s] -- Symlinking: /repo/ws/install/include/px4/px4/msg/detail/vehicle_attitude__type_support.h
[804.084s] -- Symlinking: /repo/ws/install/include/px4/px4/msg/detail/vehicle_attitude_setpoint__functions.h
[804.097s] -- Symlinking: /repo/ws/install/include/px4/px4/msg/detail/vehicle_attitude_setpoint__struct.h
[804.111s] -- Symlinking: /repo/ws/install/include/px4/px4/msg/detail/vehicle_attitude_setpoint__type_support.h
[804.124s] -- Symlinking: /repo/ws/install/include/px4/px4/msg/detail/vehicle_command__functions.h
[804.137s] -- Symlinking: /repo/ws/install/include/px4/px4/msg/detail/vehicle_command__struct.h
[804.150s] -- Symlinking: /repo/ws/install/include/px4/px4/msg/detail/vehicle_command__type_support.h
[804.162s] -- Symlinking: /repo/ws/install/include/px4/px4/msg/detail/vehicle_command_ack__functions.h
[804.176s] -- Symlinking: /repo/ws/install/include/px4/px4/msg/detail/vehicle_command_ack__struct.h
[804.189s] -- Symlinking: /repo/ws/install/include/px4/px4/msg/detail/vehicle_command_ack__type_support.h
[804.203s] -- Symlinking: /repo/ws/install/include/px4/px4/msg/detail/vehicle_constraints__functions.h
[804.217s] -- Symlinking: /repo/ws/install/include/px4/px4/msg/detail/vehicle_constraints__struct.h
[804.230s] -- Symlinking: /repo/ws/install/include/px4/px4/msg/detail/vehicle_constraints__type_support.h
[804.243s] -- Symlinking: /repo/ws/install/include/px4/px4/msg/detail/vehicle_control_mode__functions.h
[804.256s] -- Symlinking: /repo/ws/install/include/px4/px4/msg/detail/vehicle_control_mode__struct.h
[804.269s] -- Symlinking: /repo/ws/install/include/px4/px4/msg/detail/vehicle_control_mode__type_support.h
[804.282s] -- Symlinking: /repo/ws/install/include/px4/px4/msg/detail/vehicle_global_position__functions.h
[804.294s] -- Symlinking: /repo/ws/install/include/px4/px4/msg/detail/vehicle_global_position__struct.h
[804.309s] -- Symlinking: /repo/ws/install/include/px4/px4/msg/detail/vehicle_global_position__type_support.h
[804.322s] -- Symlinking: /repo/ws/install/include/px4/px4/msg/detail/vehicle_imu__functions.h
[804.335s] -- Symlinking: /repo/ws/install/include/px4/px4/msg/detail/vehicle_imu__struct.h
[804.349s] -- Symlinking: /repo/ws/install/include/px4/px4/msg/detail/vehicle_imu__type_support.h
[804.363s] -- Symlinking: /repo/ws/install/include/px4/px4/msg/detail/vehicle_imu_status__functions.h
[804.376s] -- Symlinking: /repo/ws/install/include/px4/px4/msg/detail/vehicle_imu_status__struct.h
[804.390s] -- Symlinking: /repo/ws/install/include/px4/px4/msg/detail/vehicle_imu_status__type_support.h
[804.405s] -- Symlinking: /repo/ws/install/include/px4/px4/msg/detail/vehicle_land_detected__functions.h
[804.417s] -- Symlinking: /repo/ws/install/include/px4/px4/msg/detail/vehicle_land_detected__struct.h
[804.431s] -- Symlinking: /repo/ws/install/include/px4/px4/msg/detail/vehicle_land_detected__type_support.h
[804.444s] -- Symlinking: /repo/ws/install/include/px4/px4/msg/detail/vehicle_local_position__functions.h
[804.456s] -- Symlinking: /repo/ws/install/include/px4/px4/msg/detail/vehicle_local_position__struct.h
[804.470s] -- Symlinking: /repo/ws/install/include/px4/px4/msg/detail/vehicle_local_position__type_support.h
[804.483s] -- Symlinking: /repo/ws/install/include/px4/px4/msg/detail/vehicle_local_position_setpoint__functions.h
[804.495s] -- Symlinking: /repo/ws/install/include/px4/px4/msg/detail/vehicle_local_position_setpoint__struct.h
[804.509s] -- Symlinking: /repo/ws/install/include/px4/px4/msg/detail/vehicle_local_position_setpoint__type_support.h
[804.522s] -- Symlinking: /repo/ws/install/include/px4/px4/msg/detail/vehicle_magnetometer__functions.h
[804.535s] -- Symlinking: /repo/ws/install/include/px4/px4/msg/detail/vehicle_magnetometer__struct.h
[804.549s] -- Symlinking: /repo/ws/install/include/px4/px4/msg/detail/vehicle_magnetometer__type_support.h
[804.561s] -- Symlinking: /repo/ws/install/include/px4/px4/msg/detail/vehicle_odometry__functions.h
[804.576s] -- Symlinking: /repo/ws/install/include/px4/px4/msg/detail/vehicle_odometry__struct.h
[804.590s] -- Symlinking: /repo/ws/install/include/px4/px4/msg/detail/vehicle_odometry__type_support.h
[804.605s] -- Symlinking: /repo/ws/install/include/px4/px4/msg/detail/vehicle_optical_flow__functions.h
[804.620s] -- Symlinking: /repo/ws/install/include/px4/px4/msg/detail/vehicle_optical_flow__struct.h
[804.634s] -- Symlinking: /repo/ws/install/include/px4/px4/msg/detail/vehicle_optical_flow__type_support.h
[804.647s] -- Symlinking: /repo/ws/install/include/px4/px4/msg/detail/vehicle_optical_flow_vel__functions.h
[804.660s] -- Symlinking: /repo/ws/install/include/px4/px4/msg/detail/vehicle_optical_flow_vel__struct.h
[804.674s] -- Symlinking: /repo/ws/install/include/px4/px4/msg/detail/vehicle_optical_flow_vel__type_support.h
[804.686s] -- Symlinking: /repo/ws/install/include/px4/px4/msg/detail/vehicle_rates_setpoint__functions.h
[804.700s] -- Symlinking: /repo/ws/install/include/px4/px4/msg/detail/vehicle_rates_setpoint__struct.h
[804.714s] -- Symlinking: /repo/ws/install/include/px4/px4/msg/detail/vehicle_rates_setpoint__type_support.h
[804.728s] -- Symlinking: /repo/ws/install/include/px4/px4/msg/detail/vehicle_roi__functions.h
[804.742s] -- Symlinking: /repo/ws/install/include/px4/px4/msg/detail/vehicle_roi__struct.h
[804.755s] -- Symlinking: /repo/ws/install/include/px4/px4/msg/detail/vehicle_roi__type_support.h
[804.768s] -- Symlinking: /repo/ws/install/include/px4/px4/msg/detail/vehicle_status__functions.h
[804.782s] -- Symlinking: /repo/ws/install/include/px4/px4/msg/detail/vehicle_status__struct.h
[804.795s] -- Symlinking: /repo/ws/install/include/px4/px4/msg/detail/vehicle_status__type_support.h
[804.810s] -- Symlinking: /repo/ws/install/include/px4/px4/msg/detail/vehicle_thrust_setpoint__functions.h
[804.823s] -- Symlinking: /repo/ws/install/include/px4/px4/msg/detail/vehicle_thrust_setpoint__struct.h
[804.836s] -- Symlinking: /repo/ws/install/include/px4/px4/msg/detail/vehicle_thrust_setpoint__type_support.h
[804.850s] -- Symlinking: /repo/ws/install/include/px4/px4/msg/detail/vehicle_torque_setpoint__functions.h
[804.863s] -- Symlinking: /repo/ws/install/include/px4/px4/msg/detail/vehicle_torque_setpoint__struct.h
[804.876s] -- Symlinking: /repo/ws/install/include/px4/px4/msg/detail/vehicle_torque_setpoint__type_support.h
[804.889s] -- Symlinking: /repo/ws/install/include/px4/px4/msg/detail/velocity_limits__functions.h
[804.903s] -- Symlinking: /repo/ws/install/include/px4/px4/msg/detail/velocity_limits__struct.h
[804.916s] -- Symlinking: /repo/ws/install/include/px4/px4/msg/detail/velocity_limits__type_support.h
[804.929s] -- Symlinking: /repo/ws/install/include/px4/px4/msg/detail/vtol_vehicle_status__functions.h
[804.942s] -- Symlinking: /repo/ws/install/include/px4/px4/msg/detail/vtol_vehicle_status__struct.h
[804.955s] -- Symlinking: /repo/ws/install/include/px4/px4/msg/detail/vtol_vehicle_status__type_support.h
[804.968s] -- Symlinking: /repo/ws/install/include/px4/px4/msg/detail/wheel_encoders__functions.h
[804.982s] -- Symlinking: /repo/ws/install/include/px4/px4/msg/detail/wheel_encoders__struct.h
[804.995s] -- Symlinking: /repo/ws/install/include/px4/px4/msg/detail/wheel_encoders__type_support.h
[805.010s] -- Symlinking: /repo/ws/install/include/px4/px4/msg/detail/wind__functions.h
[805.023s] -- Symlinking: /repo/ws/install/include/px4/px4/msg/detail/wind__struct.h
[805.037s] -- Symlinking: /repo/ws/install/include/px4/px4/msg/detail/wind__type_support.h
[805.049s] -- Symlinking: /repo/ws/install/include/px4/px4/msg/detail/yaw_estimator_status__functions.h
[805.062s] -- Symlinking: /repo/ws/install/include/px4/px4/msg/detail/yaw_estimator_status__struct.h
[805.076s] -- Symlinking: /repo/ws/install/include/px4/px4/msg/detail/yaw_estimator_status__type_support.h
[805.089s] -- Symlinking: /repo/ws/install/include/px4/px4/msg/differential_pressure.h
[805.104s] -- Symlinking: /repo/ws/install/include/px4/px4/msg/differential_velocity_setpoint.h
[805.117s] -- Symlinking: /repo/ws/install/include/px4/px4/msg/distance_sensor.h
[805.130s] -- Symlinking: /repo/ws/install/include/px4/px4/msg/distance_sensor_mode_change_request.h
[805.144s] -- Symlinking: /repo/ws/install/include/px4/px4/msg/ekf2_timestamps.h
[805.156s] -- Symlinking: /repo/ws/install/include/px4/px4/msg/esc_report.h
[805.169s] -- Symlinking: /repo/ws/install/include/px4/px4/msg/esc_status.h
[805.183s] -- Symlinking: /repo/ws/install/include/px4/px4/msg/estimator_aid_source1d.h
[805.196s] -- Symlinking: /repo/ws/install/include/px4/px4/msg/estimator_aid_source2d.h
[805.210s] -- Symlinking: /repo/ws/install/include/px4/px4/msg/estimator_aid_source3d.h
[805.223s] -- Symlinking: /repo/ws/install/include/px4/px4/msg/estimator_bias.h
[805.236s] -- Symlinking: /repo/ws/install/include/px4/px4/msg/estimator_bias3d.h
[805.249s] -- Symlinking: /repo/ws/install/include/px4/px4/msg/estimator_event_flags.h
[805.263s] -- Symlinking: /repo/ws/install/include/px4/px4/msg/estimator_gps_status.h
[805.276s] -- Symlinking: /repo/ws/install/include/px4/px4/msg/estimator_innovations.h
[805.289s] -- Symlinking: /repo/ws/install/include/px4/px4/msg/estimator_selector_status.h
[805.302s] -- Symlinking: /repo/ws/install/include/px4/px4/msg/estimator_sensor_bias.h
[805.316s] -- Symlinking: /repo/ws/install/include/px4/px4/msg/estimator_states.h
[805.329s] -- Symlinking: /repo/ws/install/include/px4/px4/msg/estimator_status.h
[805.343s] -- Symlinking: /repo/ws/install/include/px4/px4/msg/estimator_status_flags.h
[805.356s] -- Symlinking: /repo/ws/install/include/px4/px4/msg/event.h
[805.369s] -- Symlinking: /repo/ws/install/include/px4/px4/msg/failsafe_flags.h
[805.383s] -- Symlinking: /repo/ws/install/include/px4/px4/msg/failure_detector_status.h
[805.396s] -- Symlinking: /repo/ws/install/include/px4/px4/msg/figure_eight_status.h
[805.410s] -- Symlinking: /repo/ws/install/include/px4/px4/msg/flight_phase_estimation.h
[805.423s] -- Symlinking: /repo/ws/install/include/px4/px4/msg/follow_target.h
[805.436s] -- Symlinking: /repo/ws/install/include/px4/px4/msg/follow_target_estimator.h
[805.450s] -- Symlinking: /repo/ws/install/include/px4/px4/msg/follow_target_status.h
[805.463s] -- Symlinking: /repo/ws/install/include/px4/px4/msg/fuel_tank_status.h
[805.476s] -- Symlinking: /repo/ws/install/include/px4/px4/msg/generator_status.h
[805.489s] -- Symlinking: /repo/ws/install/include/px4/px4/msg/geofence_result.h
[805.502s] -- Symlinking: /repo/ws/install/include/px4/px4/msg/geofence_status.h
[805.516s] -- Symlinking: /repo/ws/install/include/px4/px4/msg/gimbal_controls.h
[805.529s] -- Symlinking: /repo/ws/install/include/px4/px4/msg/gimbal_device_attitude_status.h
[805.542s] -- Symlinking: /repo/ws/install/include/px4/px4/msg/gimbal_device_information.h
[805.556s] -- Symlinking: /repo/ws/install/include/px4/px4/msg/gimbal_device_set_attitude.h
[805.569s] -- Symlinking: /repo/ws/install/include/px4/px4/msg/gimbal_manager_information.h
[805.582s] -- Symlinking: /repo/ws/install/include/px4/px4/msg/gimbal_manager_set_attitude.h
[805.595s] -- Symlinking: /repo/ws/install/include/px4/px4/msg/gimbal_manager_set_manual_control.h
[805.610s] -- Symlinking: /repo/ws/install/include/px4/px4/msg/gimbal_manager_status.h
[805.623s] -- Symlinking: /repo/ws/install/include/px4/px4/msg/goto_setpoint.h
[805.636s] -- Symlinking: /repo/ws/install/include/px4/px4/msg/gpio_config.h
[805.649s] -- Symlinking: /repo/ws/install/include/px4/px4/msg/gpio_in.h
[805.662s] -- Symlinking: /repo/ws/install/include/px4/px4/msg/gpio_out.h
[805.675s] -- Symlinking: /repo/ws/install/include/px4/px4/msg/gpio_request.h
[805.689s] -- Symlinking: /repo/ws/install/include/px4/px4/msg/gps_dump.h
[805.702s] -- Symlinking: /repo/ws/install/include/px4/px4/msg/gps_inject_data.h
[805.717s] -- Symlinking: /repo/ws/install/include/px4/px4/msg/gripper.h
[805.730s] -- Symlinking: /repo/ws/install/include/px4/px4/msg/health_report.h
[805.743s] -- Symlinking: /repo/ws/install/include/px4/px4/msg/heater_status.h
[805.756s] -- Symlinking: /repo/ws/install/include/px4/px4/msg/home_position.h
[805.770s] -- Symlinking: /repo/ws/install/include/px4/px4/msg/hover_thrust_estimate.h
[805.783s] -- Symlinking: /repo/ws/install/include/px4/px4/msg/input_rc.h
[805.796s] -- Symlinking: /repo/ws/install/include/px4/px4/msg/internal_combustion_engine_control.h
[805.810s] -- Symlinking: /repo/ws/install/include/px4/px4/msg/internal_combustion_engine_status.h
[805.824s] -- Symlinking: /repo/ws/install/include/px4/px4/msg/iridiumsbd_status.h
[805.837s] -- Symlinking: /repo/ws/install/include/px4/px4/msg/irlock_report.h
[805.851s] -- Symlinking: /repo/ws/install/include/px4/px4/msg/landing_gear.h
[805.864s] -- Symlinking: /repo/ws/install/include/px4/px4/msg/landing_gear_wheel.h
[805.877s] -- Symlinking: /repo/ws/install/include/px4/px4/msg/landing_target_innovations.h
[805.890s] -- Symlinking: /repo/ws/install/include/px4/px4/msg/landing_target_pose.h
[805.905s] -- Symlinking: /repo/ws/install/include/px4/px4/msg/launch_detection_status.h
[805.918s] -- Symlinking: /repo/ws/install/include/px4/px4/msg/led_control.h
[805.931s] -- Symlinking: /repo/ws/install/include/px4/px4/msg/log_message.h
[805.944s] -- Symlinking: /repo/ws/install/include/px4/px4/msg/logger_status.h
[805.957s] -- Symlinking: /repo/ws/install/include/px4/px4/msg/mag_worker_data.h
[805.970s] -- Symlinking: /repo/ws/install/include/px4/px4/msg/magnetometer_bias_estimate.h
[805.983s] -- Symlinking: /repo/ws/install/include/px4/px4/msg/manual_control_setpoint.h
[805.997s] -- Symlinking: /repo/ws/install/include/px4/px4/msg/manual_control_switches.h
[806.011s] -- Symlinking: /repo/ws/install/include/px4/px4/msg/mavlink_log.h
[806.024s] -- Symlinking: /repo/ws/install/include/px4/px4/msg/mavlink_tunnel.h
[806.038s] -- Symlinking: /repo/ws/install/include/px4/px4/msg/message_format_request.h
[806.050s] -- Symlinking: /repo/ws/install/include/px4/px4/msg/message_format_response.h
[806.063s] -- Symlinking: /repo/ws/install/include/px4/px4/msg/mission.h
[806.076s] -- Symlinking: /repo/ws/install/include/px4/px4/msg/mission_result.h
[806.089s] -- Symlinking: /repo/ws/install/include/px4/px4/msg/mode_completed.h
[806.104s] -- Symlinking: /repo/ws/install/include/px4/px4/msg/mount_orientation.h
[806.118s] -- Symlinking: /repo/ws/install/include/px4/px4/msg/navigator_mission_item.h
[806.131s] -- Symlinking: /repo/ws/install/include/px4/px4/msg/navigator_status.h
[806.144s] -- Symlinking: /repo/ws/install/include/px4/px4/msg/normalized_unsigned_setpoint.h
[806.157s] -- Symlinking: /repo/ws/install/include/px4/px4/msg/npfg_status.h
[806.170s] -- Symlinking: /repo/ws/install/include/px4/px4/msg/obstacle_distance.h
[806.184s] -- Symlinking: /repo/ws/install/include/px4/px4/msg/offboard_control_mode.h
[806.197s] -- Symlinking: /repo/ws/install/include/px4/px4/msg/onboard_computer_status.h
[806.211s] -- Symlinking: /repo/ws/install/include/px4/px4/msg/open_drone_id_arm_status.h
[806.224s] -- Symlinking: /repo/ws/install/include/px4/px4/msg/open_drone_id_operator_id.h
[806.237s] -- Symlinking: /repo/ws/install/include/px4/px4/msg/open_drone_id_self_id.h
[806.250s] -- Symlinking: /repo/ws/install/include/px4/px4/msg/open_drone_id_system.h
[806.263s] -- Symlinking: /repo/ws/install/include/px4/px4/msg/orb_test.h
[806.276s] -- Symlinking: /repo/ws/install/include/px4/px4/msg/orb_test_large.h
[806.289s] -- Symlinking: /repo/ws/install/include/px4/px4/msg/orb_test_medium.h
[806.303s] -- Symlinking: /repo/ws/install/include/px4/px4/msg/orbit_status.h
[806.317s] -- Symlinking: /repo/ws/install/include/px4/px4/msg/parameter_reset_request.h
[806.330s] -- Symlinking: /repo/ws/install/include/px4/px4/msg/parameter_set_used_request.h
[806.344s] -- Symlinking: /repo/ws/install/include/px4/px4/msg/parameter_set_value_request.h
[806.358s] -- Symlinking: /repo/ws/install/include/px4/px4/msg/parameter_set_value_response.h
[806.371s] -- Symlinking: /repo/ws/install/include/px4/px4/msg/parameter_update.h
[806.385s] -- Symlinking: /repo/ws/install/include/px4/px4/msg/ping.h
[806.399s] -- Symlinking: /repo/ws/install/include/px4/px4/msg/position_controller_landing_status.h
[806.413s] -- Symlinking: /repo/ws/install/include/px4/px4/msg/position_controller_status.h
[806.426s] -- Symlinking: /repo/ws/install/include/px4/px4/msg/position_setpoint.h
[806.440s] -- Symlinking: /repo/ws/install/include/px4/px4/msg/position_setpoint_triplet.h
[806.452s] -- Symlinking: /repo/ws/install/include/px4/px4/msg/power_button_state.h
[806.466s] -- Symlinking: /repo/ws/install/include/px4/px4/msg/power_monitor.h
[806.479s] -- Symlinking: /repo/ws/install/include/px4/px4/msg/pps_capture.h
[806.492s] -- Symlinking: /repo/ws/install/include/px4/px4/msg/pure_pursuit_status.h
[806.507s] -- Symlinking: /repo/ws/install/include/px4/px4/msg/pwm_input.h
[806.520s] -- Symlinking: /repo/ws/install/include/px4/px4/msg/px4io_status.h
[806.533s] -- Symlinking: /repo/ws/install/include/px4/px4/msg/qshell_req.h
[806.546s] -- Symlinking: /repo/ws/install/include/px4/px4/msg/qshell_retval.h
[806.559s] -- Symlinking: /repo/ws/install/include/px4/px4/msg/radio_status.h
[806.572s] -- Symlinking: /repo/ws/install/include/px4/px4/msg/rate_ctrl_status.h
[806.586s] -- Symlinking: /repo/ws/install/include/px4/px4/msg/rc_channels.h
[806.599s] -- Symlinking: /repo/ws/install/include/px4/px4/msg/rc_parameter_map.h
[806.613s] -- Symlinking: /repo/ws/install/include/px4/px4/msg/register_ext_component_reply.h
[806.627s] -- Symlinking: /repo/ws/install/include/px4/px4/msg/register_ext_component_request.h
[806.640s] -- Symlinking: /repo/ws/install/include/px4/px4/msg/rosidl_generator_c__visibility_control.h
[806.653s] -- Symlinking: /repo/ws/install/include/px4/px4/msg/rover_attitude_setpoint.h
[806.666s] -- Symlinking: /repo/ws/install/include/px4/px4/msg/rover_attitude_status.h
[806.679s] -- Symlinking: /repo/ws/install/include/px4/px4/msg/rover_position_setpoint.h
[806.692s] -- Symlinking: /repo/ws/install/include/px4/px4/msg/rover_rate_setpoint.h
[806.707s] -- Symlinking: /repo/ws/install/include/px4/px4/msg/rover_rate_status.h
[806.720s] -- Symlinking: /repo/ws/install/include/px4/px4/msg/rover_steering_setpoint.h
[806.733s] -- Symlinking: /repo/ws/install/include/px4/px4/msg/rover_throttle_setpoint.h
[806.746s] -- Symlinking: /repo/ws/install/include/px4/px4/msg/rover_velocity_status.h
[806.760s] -- Symlinking: /repo/ws/install/include/px4/px4/msg/rpm.h
[806.773s] -- Symlinking: /repo/ws/install/include/px4/px4/msg/rtl_status.h
[806.786s] -- Symlinking: /repo/ws/install/include/px4/px4/msg/rtl_time_estimate.h
[806.799s] -- Symlinking: /repo/ws/install/include/px4/px4/msg/satellite_info.h
[806.813s] -- Symlinking: /repo/ws/install/include/px4/px4/msg/sensor_accel.h
[806.827s] -- Symlinking: /repo/ws/install/include/px4/px4/msg/sensor_accel_fifo.h
[806.840s] -- Symlinking: /repo/ws/install/include/px4/px4/msg/sensor_airflow.h
[806.854s] -- Symlinking: /repo/ws/install/include/px4/px4/msg/sensor_baro.h
[806.867s] -- Symlinking: /repo/ws/install/include/px4/px4/msg/sensor_combined.h
[806.880s] -- Symlinking: /repo/ws/install/include/px4/px4/msg/sensor_correction.h
[806.893s] -- Symlinking: /repo/ws/install/include/px4/px4/msg/sensor_gnss_relative.h
[806.907s] -- Symlinking: /repo/ws/install/include/px4/px4/msg/sensor_gps.h
[806.921s] -- Symlinking: /repo/ws/install/include/px4/px4/msg/sensor_gyro.h
[806.934s] -- Symlinking: /repo/ws/install/include/px4/px4/msg/sensor_gyro_fft.h
[806.947s] -- Symlinking: /repo/ws/install/include/px4/px4/msg/sensor_gyro_fifo.h
[806.960s] -- Symlinking: /repo/ws/install/include/px4/px4/msg/sensor_hygrometer.h
[806.973s] -- Symlinking: /repo/ws/install/include/px4/px4/msg/sensor_mag.h
[806.986s] -- Symlinking: /repo/ws/install/include/px4/px4/msg/sensor_optical_flow.h
[807.000s] -- Symlinking: /repo/ws/install/include/px4/px4/msg/sensor_preflight_mag.h
[807.014s] -- Symlinking: /repo/ws/install/include/px4/px4/msg/sensor_selection.h
[807.027s] -- Symlinking: /repo/ws/install/include/px4/px4/msg/sensor_uwb.h
[807.041s] -- Symlinking: /repo/ws/install/include/px4/px4/msg/sensors_status.h
[807.053s] -- Symlinking: /repo/ws/install/include/px4/px4/msg/sensors_status_imu.h
[807.067s] -- Symlinking: /repo/ws/install/include/px4/px4/msg/system_power.h
[807.080s] -- Symlinking: /repo/ws/install/include/px4/px4/msg/takeoff_status.h
[807.093s] -- Symlinking: /repo/ws/install/include/px4/px4/msg/task_stack_info.h
[807.107s] -- Symlinking: /repo/ws/install/include/px4/px4/msg/tecs_status.h
[807.121s] -- Symlinking: /repo/ws/install/include/px4/px4/msg/telemetry_status.h
[807.134s] -- Symlinking: /repo/ws/install/include/px4/px4/msg/tiltrotor_extra_controls.h
[807.147s] -- Symlinking: /repo/ws/install/include/px4/px4/msg/timesync_status.h
[807.160s] -- Symlinking: /repo/ws/install/include/px4/px4/msg/trajectory_setpoint.h
[807.173s] -- Symlinking: /repo/ws/install/include/px4/px4/msg/trajectory_setpoint6dof.h
[807.186s] -- Symlinking: /repo/ws/install/include/px4/px4/msg/transponder_report.h
[807.199s] -- Symlinking: /repo/ws/install/include/px4/px4/msg/tune_control.h
[807.213s] -- Symlinking: /repo/ws/install/include/px4/px4/msg/uavcan_parameter_request.h
[807.227s] -- Symlinking: /repo/ws/install/include/px4/px4/msg/uavcan_parameter_value.h
[807.240s] -- Symlinking: /repo/ws/install/include/px4/px4/msg/ulog_stream.h
[807.252s] -- Symlinking: /repo/ws/install/include/px4/px4/msg/ulog_stream_ack.h
[807.266s] -- Symlinking: /repo/ws/install/include/px4/px4/msg/unregister_ext_component.h
[807.279s] -- Symlinking: /repo/ws/install/include/px4/px4/msg/vehicle_acceleration.h
[807.292s] -- Symlinking: /repo/ws/install/include/px4/px4/msg/vehicle_air_data.h
[807.307s] -- Symlinking: /repo/ws/install/include/px4/px4/msg/vehicle_angular_acceleration_setpoint.h
[807.320s] -- Symlinking: /repo/ws/install/include/px4/px4/msg/vehicle_angular_velocity.h
[807.333s] -- Symlinking: /repo/ws/install/include/px4/px4/msg/vehicle_attitude.h
[807.346s] -- Symlinking: /repo/ws/install/include/px4/px4/msg/vehicle_attitude_setpoint.h
[807.359s] -- Symlinking: /repo/ws/install/include/px4/px4/msg/vehicle_command.h
[807.373s] -- Symlinking: /repo/ws/install/include/px4/px4/msg/vehicle_command_ack.h
[807.386s] -- Symlinking: /repo/ws/install/include/px4/px4/msg/vehicle_constraints.h
[807.399s] -- Symlinking: /repo/ws/install/include/px4/px4/msg/vehicle_control_mode.h
[807.413s] -- Symlinking: /repo/ws/install/include/px4/px4/msg/vehicle_global_position.h
[807.427s] -- Symlinking: /repo/ws/install/include/px4/px4/msg/vehicle_imu.h
[807.440s] -- Symlinking: /repo/ws/install/include/px4/px4/msg/vehicle_imu_status.h
[807.453s] -- Symlinking: /repo/ws/install/include/px4/px4/msg/vehicle_land_detected.h
[807.466s] -- Symlinking: /repo/ws/install/include/px4/px4/msg/vehicle_local_position.h
[807.479s] -- Symlinking: /repo/ws/install/include/px4/px4/msg/vehicle_local_position_setpoint.h
[807.492s] -- Symlinking: /repo/ws/install/include/px4/px4/msg/vehicle_magnetometer.h
[807.507s] -- Symlinking: /repo/ws/install/include/px4/px4/msg/vehicle_odometry.h
[807.520s] -- Symlinking: /repo/ws/install/include/px4/px4/msg/vehicle_optical_flow.h
[807.533s] -- Symlinking: /repo/ws/install/include/px4/px4/msg/vehicle_optical_flow_vel.h
[807.546s] -- Symlinking: /repo/ws/install/include/px4/px4/msg/vehicle_rates_setpoint.h
[807.559s] -- Symlinking: /repo/ws/install/include/px4/px4/msg/vehicle_roi.h
[807.573s] -- Symlinking: /repo/ws/install/include/px4/px4/msg/vehicle_status.h
[807.586s] -- Symlinking: /repo/ws/install/include/px4/px4/msg/vehicle_thrust_setpoint.h
[807.599s] -- Symlinking: /repo/ws/install/include/px4/px4/msg/vehicle_torque_setpoint.h
[807.614s] -- Symlinking: /repo/ws/install/include/px4/px4/msg/velocity_limits.h
[807.627s] -- Symlinking: /repo/ws/install/include/px4/px4/msg/vtol_vehicle_status.h
[807.641s] -- Symlinking: /repo/ws/install/include/px4/px4/msg/wheel_encoders.h
[807.654s] -- Symlinking: /repo/ws/install/include/px4/px4/msg/wind.h
[807.667s] -- Symlinking: /repo/ws/install/include/px4/px4/msg/yaw_estimator_status.h
[807.680s] -- Symlinking: /repo/ws/install/share/px4/environment/library_path.sh
[807.694s] -- Symlinking: /repo/ws/install/share/px4/environment/library_path.dsv
[807.721s] -- Symlinking: /repo/ws/install/include/px4/px4/msg/detail/ackermann_velocity_setpoint__rosidl_typesupport_fastrtps_c.h
[807.734s] -- Symlinking: /repo/ws/install/include/px4/px4/msg/detail/action_request__rosidl_typesupport_fastrtps_c.h
[807.747s] -- Symlinking: /repo/ws/install/include/px4/px4/msg/detail/actuator_armed__rosidl_typesupport_fastrtps_c.h
[807.760s] -- Symlinking: /repo/ws/install/include/px4/px4/msg/detail/actuator_controls_status__rosidl_typesupport_fastrtps_c.h
[807.774s] -- Symlinking: /repo/ws/install/include/px4/px4/msg/detail/actuator_motors__rosidl_typesupport_fastrtps_c.h
[807.788s] -- Symlinking: /repo/ws/install/include/px4/px4/msg/detail/actuator_outputs__rosidl_typesupport_fastrtps_c.h
[807.801s] -- Symlinking: /repo/ws/install/include/px4/px4/msg/detail/actuator_servos__rosidl_typesupport_fastrtps_c.h
[807.815s] -- Symlinking: /repo/ws/install/include/px4/px4/msg/detail/actuator_servos_trim__rosidl_typesupport_fastrtps_c.h
[807.828s] -- Symlinking: /repo/ws/install/include/px4/px4/msg/detail/actuator_test__rosidl_typesupport_fastrtps_c.h
[807.842s] -- Symlinking: /repo/ws/install/include/px4/px4/msg/detail/adc_report__rosidl_typesupport_fastrtps_c.h
[807.855s] -- Symlinking: /repo/ws/install/include/px4/px4/msg/detail/airspeed__rosidl_typesupport_fastrtps_c.h
[807.868s] -- Symlinking: /repo/ws/install/include/px4/px4/msg/detail/airspeed_validated__rosidl_typesupport_fastrtps_c.h
[807.882s] -- Symlinking: /repo/ws/install/include/px4/px4/msg/detail/airspeed_wind__rosidl_typesupport_fastrtps_c.h
[807.895s] -- Symlinking: /repo/ws/install/include/px4/px4/msg/detail/arming_check_reply__rosidl_typesupport_fastrtps_c.h
[807.909s] -- Symlinking: /repo/ws/install/include/px4/px4/msg/detail/arming_check_request__rosidl_typesupport_fastrtps_c.h
[807.922s] -- Symlinking: /repo/ws/install/include/px4/px4/msg/detail/autotune_attitude_control_status__rosidl_typesupport_fastrtps_c.h
[807.935s] -- Symlinking: /repo/ws/install/include/px4/px4/msg/detail/battery_status__rosidl_typesupport_fastrtps_c.h
[807.948s] -- Symlinking: /repo/ws/install/include/px4/px4/msg/detail/button_event__rosidl_typesupport_fastrtps_c.h
[807.961s] -- Symlinking: /repo/ws/install/include/px4/px4/msg/detail/camera_capture__rosidl_typesupport_fastrtps_c.h
[807.974s] -- Symlinking: /repo/ws/install/include/px4/px4/msg/detail/camera_status__rosidl_typesupport_fastrtps_c.h
[807.988s] -- Symlinking: /repo/ws/install/include/px4/px4/msg/detail/camera_trigger__rosidl_typesupport_fastrtps_c.h
[808.000s] -- Symlinking: /repo/ws/install/include/px4/px4/msg/detail/can_interface_status__rosidl_typesupport_fastrtps_c.h
[808.015s] -- Symlinking: /repo/ws/install/include/px4/px4/msg/detail/cellular_status__rosidl_typesupport_fastrtps_c.h
[808.028s] -- Symlinking: /repo/ws/install/include/px4/px4/msg/detail/collision_constraints__rosidl_typesupport_fastrtps_c.h
[808.042s] -- Symlinking: /repo/ws/install/include/px4/px4/msg/detail/config_overrides__rosidl_typesupport_fastrtps_c.h
[808.055s] -- Symlinking: /repo/ws/install/include/px4/px4/msg/detail/control_allocator_status__rosidl_typesupport_fastrtps_c.h
[808.068s] -- Symlinking: /repo/ws/install/include/px4/px4/msg/detail/cpuload__rosidl_typesupport_fastrtps_c.h
[808.081s] -- Symlinking: /repo/ws/install/include/px4/px4/msg/detail/dataman_request__rosidl_typesupport_fastrtps_c.h
[808.094s] -- Symlinking: /repo/ws/install/include/px4/px4/msg/detail/dataman_response__rosidl_typesupport_fastrtps_c.h
[808.110s] -- Symlinking: /repo/ws/install/include/px4/px4/msg/detail/debug_array__rosidl_typesupport_fastrtps_c.h
[808.123s] -- Symlinking: /repo/ws/install/include/px4/px4/msg/detail/debug_key_value__rosidl_typesupport_fastrtps_c.h
[808.137s] -- Symlinking: /repo/ws/install/include/px4/px4/msg/detail/debug_value__rosidl_typesupport_fastrtps_c.h
[808.149s] -- Symlinking: /repo/ws/install/include/px4/px4/msg/detail/debug_vect__rosidl_typesupport_fastrtps_c.h
[808.162s] -- Symlinking: /repo/ws/install/include/px4/px4/msg/detail/differential_pressure__rosidl_typesupport_fastrtps_c.h
[808.175s] -- Symlinking: /repo/ws/install/include/px4/px4/msg/detail/differential_velocity_setpoint__rosidl_typesupport_fastrtps_c.h
[808.188s] -- Symlinking: /repo/ws/install/include/px4/px4/msg/detail/distance_sensor__rosidl_typesupport_fastrtps_c.h
[808.201s] -- Symlinking: /repo/ws/install/include/px4/px4/msg/detail/distance_sensor_mode_change_request__rosidl_typesupport_fastrtps_c.h
[808.216s] -- Symlinking: /repo/ws/install/include/px4/px4/msg/detail/ekf2_timestamps__rosidl_typesupport_fastrtps_c.h
[808.229s] -- Symlinking: /repo/ws/install/include/px4/px4/msg/detail/esc_report__rosidl_typesupport_fastrtps_c.h
[808.242s] -- Symlinking: /repo/ws/install/include/px4/px4/msg/detail/esc_status__rosidl_typesupport_fastrtps_c.h
[808.255s] -- Symlinking: /repo/ws/install/include/px4/px4/msg/detail/estimator_aid_source1d__rosidl_typesupport_fastrtps_c.h
[808.269s] -- Symlinking: /repo/ws/install/include/px4/px4/msg/detail/estimator_aid_source2d__rosidl_typesupport_fastrtps_c.h
[808.282s] -- Symlinking: /repo/ws/install/include/px4/px4/msg/detail/estimator_aid_source3d__rosidl_typesupport_fastrtps_c.h
[808.295s] -- Symlinking: /repo/ws/install/include/px4/px4/msg/detail/estimator_bias3d__rosidl_typesupport_fastrtps_c.h
[808.310s] -- Symlinking: /repo/ws/install/include/px4/px4/msg/detail/estimator_bias__rosidl_typesupport_fastrtps_c.h
[808.323s] -- Symlinking: /repo/ws/install/include/px4/px4/msg/detail/estimator_event_flags__rosidl_typesupport_fastrtps_c.h
[808.337s] -- Symlinking: /repo/ws/install/include/px4/px4/msg/detail/estimator_gps_status__rosidl_typesupport_fastrtps_c.h
[808.350s] -- Symlinking: /repo/ws/install/include/px4/px4/msg/detail/estimator_innovations__rosidl_typesupport_fastrtps_c.h
[808.363s] -- Symlinking: /repo/ws/install/include/px4/px4/msg/detail/estimator_selector_status__rosidl_typesupport_fastrtps_c.h
[808.376s] -- Symlinking: /repo/ws/install/include/px4/px4/msg/detail/estimator_sensor_bias__rosidl_typesupport_fastrtps_c.h
[808.389s] -- Symlinking: /repo/ws/install/include/px4/px4/msg/detail/estimator_states__rosidl_typesupport_fastrtps_c.h
[808.402s] -- Symlinking: /repo/ws/install/include/px4/px4/msg/detail/estimator_status__rosidl_typesupport_fastrtps_c.h
[808.418s] -- Symlinking: /repo/ws/install/include/px4/px4/msg/detail/estimator_status_flags__rosidl_typesupport_fastrtps_c.h
[808.432s] -- Symlinking: /repo/ws/install/include/px4/px4/msg/detail/event__rosidl_typesupport_fastrtps_c.h
[808.444s] -- Symlinking: /repo/ws/install/include/px4/px4/msg/detail/failsafe_flags__rosidl_typesupport_fastrtps_c.h
[808.458s] -- Symlinking: /repo/ws/install/include/px4/px4/msg/detail/failure_detector_status__rosidl_typesupport_fastrtps_c.h
[808.471s] -- Symlinking: /repo/ws/install/include/px4/px4/msg/detail/figure_eight_status__rosidl_typesupport_fastrtps_c.h
[808.484s] -- Symlinking: /repo/ws/install/include/px4/px4/msg/detail/flight_phase_estimation__rosidl_typesupport_fastrtps_c.h
[808.497s] -- Symlinking: /repo/ws/install/include/px4/px4/msg/detail/follow_target__rosidl_typesupport_fastrtps_c.h
[808.512s] -- Symlinking: /repo/ws/install/include/px4/px4/msg/detail/follow_target_estimator__rosidl_typesupport_fastrtps_c.h
[808.526s] -- Symlinking: /repo/ws/install/include/px4/px4/msg/detail/follow_target_status__rosidl_typesupport_fastrtps_c.h
[808.540s] -- Symlinking: /repo/ws/install/include/px4/px4/msg/detail/fuel_tank_status__rosidl_typesupport_fastrtps_c.h
[808.553s] -- Symlinking: /repo/ws/install/include/px4/px4/msg/detail/generator_status__rosidl_typesupport_fastrtps_c.h
[808.566s] -- Symlinking: /repo/ws/install/include/px4/px4/msg/detail/geofence_result__rosidl_typesupport_fastrtps_c.h
[808.580s] -- Symlinking: /repo/ws/install/include/px4/px4/msg/detail/geofence_status__rosidl_typesupport_fastrtps_c.h
[808.593s] -- Symlinking: /repo/ws/install/include/px4/px4/msg/detail/gimbal_controls__rosidl_typesupport_fastrtps_c.h
[808.609s] -- Symlinking: /repo/ws/install/include/px4/px4/msg/detail/gimbal_device_attitude_status__rosidl_typesupport_fastrtps_c.h
[808.622s] -- Symlinking: /repo/ws/install/include/px4/px4/msg/detail/gimbal_device_information__rosidl_typesupport_fastrtps_c.h
[808.636s] -- Symlinking: /repo/ws/install/include/px4/px4/msg/detail/gimbal_device_set_attitude__rosidl_typesupport_fastrtps_c.h
[808.651s] -- Symlinking: /repo/ws/install/include/px4/px4/msg/detail/gimbal_manager_information__rosidl_typesupport_fastrtps_c.h
[808.665s] -- Symlinking: /repo/ws/install/include/px4/px4/msg/detail/gimbal_manager_set_attitude__rosidl_typesupport_fastrtps_c.h
[808.679s] -- Symlinking: /repo/ws/install/include/px4/px4/msg/detail/gimbal_manager_set_manual_control__rosidl_typesupport_fastrtps_c.h
[808.692s] -- Symlinking: /repo/ws/install/include/px4/px4/msg/detail/gimbal_manager_status__rosidl_typesupport_fastrtps_c.h
[808.707s] -- Symlinking: /repo/ws/install/include/px4/px4/msg/detail/goto_setpoint__rosidl_typesupport_fastrtps_c.h
[808.720s] -- Symlinking: /repo/ws/install/include/px4/px4/msg/detail/gpio_config__rosidl_typesupport_fastrtps_c.h
[808.734s] -- Symlinking: /repo/ws/install/include/px4/px4/msg/detail/gpio_in__rosidl_typesupport_fastrtps_c.h
[808.747s] -- Symlinking: /repo/ws/install/include/px4/px4/msg/detail/gpio_out__rosidl_typesupport_fastrtps_c.h
[808.760s] -- Symlinking: /repo/ws/install/include/px4/px4/msg/detail/gpio_request__rosidl_typesupport_fastrtps_c.h
[808.773s] -- Symlinking: /repo/ws/install/include/px4/px4/msg/detail/gps_dump__rosidl_typesupport_fastrtps_c.h
[808.787s] -- Symlinking: /repo/ws/install/include/px4/px4/msg/detail/gps_inject_data__rosidl_typesupport_fastrtps_c.h
[808.800s] -- Symlinking: /repo/ws/install/include/px4/px4/msg/detail/gripper__rosidl_typesupport_fastrtps_c.h
[808.815s] -- Symlinking: /repo/ws/install/include/px4/px4/msg/detail/health_report__rosidl_typesupport_fastrtps_c.h
[808.829s] -- Symlinking: /repo/ws/install/include/px4/px4/msg/detail/heater_status__rosidl_typesupport_fastrtps_c.h
[808.842s] -- Symlinking: /repo/ws/install/include/px4/px4/msg/detail/home_position__rosidl_typesupport_fastrtps_c.h
[808.856s] -- Symlinking: /repo/ws/install/include/px4/px4/msg/detail/hover_thrust_estimate__rosidl_typesupport_fastrtps_c.h
[808.869s] -- Symlinking: /repo/ws/install/include/px4/px4/msg/detail/input_rc__rosidl_typesupport_fastrtps_c.h
[808.882s] -- Symlinking: /repo/ws/install/include/px4/px4/msg/detail/internal_combustion_engine_control__rosidl_typesupport_fastrtps_c.h
[808.895s] -- Symlinking: /repo/ws/install/include/px4/px4/msg/detail/internal_combustion_engine_status__rosidl_typesupport_fastrtps_c.h
[808.910s] -- Symlinking: /repo/ws/install/include/px4/px4/msg/detail/iridiumsbd_status__rosidl_typesupport_fastrtps_c.h
[808.924s] -- Symlinking: /repo/ws/install/include/px4/px4/msg/detail/irlock_report__rosidl_typesupport_fastrtps_c.h
[808.937s] -- Symlinking: /repo/ws/install/include/px4/px4/msg/detail/landing_gear__rosidl_typesupport_fastrtps_c.h
[808.950s] -- Symlinking: /repo/ws/install/include/px4/px4/msg/detail/landing_gear_wheel__rosidl_typesupport_fastrtps_c.h
[808.963s] -- Symlinking: /repo/ws/install/include/px4/px4/msg/detail/landing_target_innovations__rosidl_typesupport_fastrtps_c.h
[808.976s] -- Symlinking: /repo/ws/install/include/px4/px4/msg/detail/landing_target_pose__rosidl_typesupport_fastrtps_c.h
[808.989s] -- Symlinking: /repo/ws/install/include/px4/px4/msg/detail/launch_detection_status__rosidl_typesupport_fastrtps_c.h
[809.002s] -- Symlinking: /repo/ws/install/include/px4/px4/msg/detail/led_control__rosidl_typesupport_fastrtps_c.h
[809.017s] -- Symlinking: /repo/ws/install/include/px4/px4/msg/detail/log_message__rosidl_typesupport_fastrtps_c.h
[809.031s] -- Symlinking: /repo/ws/install/include/px4/px4/msg/detail/logger_status__rosidl_typesupport_fastrtps_c.h
[809.044s] -- Symlinking: /repo/ws/install/include/px4/px4/msg/detail/mag_worker_data__rosidl_typesupport_fastrtps_c.h
[809.057s] -- Symlinking: /repo/ws/install/include/px4/px4/msg/detail/magnetometer_bias_estimate__rosidl_typesupport_fastrtps_c.h
[809.070s] -- Symlinking: /repo/ws/install/include/px4/px4/msg/detail/manual_control_setpoint__rosidl_typesupport_fastrtps_c.h
[809.083s] -- Symlinking: /repo/ws/install/include/px4/px4/msg/detail/manual_control_switches__rosidl_typesupport_fastrtps_c.h
[809.096s] -- Symlinking: /repo/ws/install/include/px4/px4/msg/detail/mavlink_log__rosidl_typesupport_fastrtps_c.h
[809.111s] -- Symlinking: /repo/ws/install/include/px4/px4/msg/detail/mavlink_tunnel__rosidl_typesupport_fastrtps_c.h
[809.124s] -- Symlinking: /repo/ws/install/include/px4/px4/msg/detail/message_format_request__rosidl_typesupport_fastrtps_c.h
[809.137s] -- Symlinking: /repo/ws/install/include/px4/px4/msg/detail/message_format_response__rosidl_typesupport_fastrtps_c.h
[809.150s] -- Symlinking: /repo/ws/install/include/px4/px4/msg/detail/mission__rosidl_typesupport_fastrtps_c.h
[809.162s] -- Symlinking: /repo/ws/install/include/px4/px4/msg/detail/mission_result__rosidl_typesupport_fastrtps_c.h
[809.176s] -- Symlinking: /repo/ws/install/include/px4/px4/msg/detail/mode_completed__rosidl_typesupport_fastrtps_c.h
[809.189s] -- Symlinking: /repo/ws/install/include/px4/px4/msg/detail/mount_orientation__rosidl_typesupport_fastrtps_c.h
[809.202s] -- Symlinking: /repo/ws/install/include/px4/px4/msg/detail/navigator_mission_item__rosidl_typesupport_fastrtps_c.h
[809.216s] -- Symlinking: /repo/ws/install/include/px4/px4/msg/detail/navigator_status__rosidl_typesupport_fastrtps_c.h
[809.229s] -- Symlinking: /repo/ws/install/include/px4/px4/msg/detail/normalized_unsigned_setpoint__rosidl_typesupport_fastrtps_c.h
[809.242s] -- Symlinking: /repo/ws/install/include/px4/px4/msg/detail/npfg_status__rosidl_typesupport_fastrtps_c.h
[809.255s] -- Symlinking: /repo/ws/install/include/px4/px4/msg/detail/obstacle_distance__rosidl_typesupport_fastrtps_c.h
[809.268s] -- Symlinking: /repo/ws/install/include/px4/px4/msg/detail/offboard_control_mode__rosidl_typesupport_fastrtps_c.h
[809.281s] -- Symlinking: /repo/ws/install/include/px4/px4/msg/detail/onboard_computer_status__rosidl_typesupport_fastrtps_c.h
[809.295s] -- Symlinking: /repo/ws/install/include/px4/px4/msg/detail/open_drone_id_arm_status__rosidl_typesupport_fastrtps_c.h
[809.310s] -- Symlinking: /repo/ws/install/include/px4/px4/msg/detail/open_drone_id_operator_id__rosidl_typesupport_fastrtps_c.h
[809.323s] -- Symlinking: /repo/ws/install/include/px4/px4/msg/detail/open_drone_id_self_id__rosidl_typesupport_fastrtps_c.h
[809.336s] -- Symlinking: /repo/ws/install/include/px4/px4/msg/detail/open_drone_id_system__rosidl_typesupport_fastrtps_c.h
[809.349s] -- Symlinking: /repo/ws/install/include/px4/px4/msg/detail/orb_test__rosidl_typesupport_fastrtps_c.h
[809.362s] -- Symlinking: /repo/ws/install/include/px4/px4/msg/detail/orb_test_large__rosidl_typesupport_fastrtps_c.h
[809.375s] -- Symlinking: /repo/ws/install/include/px4/px4/msg/detail/orb_test_medium__rosidl_typesupport_fastrtps_c.h
[809.388s] -- Symlinking: /repo/ws/install/include/px4/px4/msg/detail/orbit_status__rosidl_typesupport_fastrtps_c.h
[809.401s] -- Symlinking: /repo/ws/install/include/px4/px4/msg/detail/parameter_reset_request__rosidl_typesupport_fastrtps_c.h
[809.416s] -- Symlinking: /repo/ws/install/include/px4/px4/msg/detail/parameter_set_used_request__rosidl_typesupport_fastrtps_c.h
[809.429s] -- Symlinking: /repo/ws/install/include/px4/px4/msg/detail/parameter_set_value_request__rosidl_typesupport_fastrtps_c.h
[809.442s] -- Symlinking: /repo/ws/install/include/px4/px4/msg/detail/parameter_set_value_response__rosidl_typesupport_fastrtps_c.h
[809.455s] -- Symlinking: /repo/ws/install/include/px4/px4/msg/detail/parameter_update__rosidl_typesupport_fastrtps_c.h
[809.468s] -- Symlinking: /repo/ws/install/include/px4/px4/msg/detail/ping__rosidl_typesupport_fastrtps_c.h
[809.481s] -- Symlinking: /repo/ws/install/include/px4/px4/msg/detail/position_controller_landing_status__rosidl_typesupport_fastrtps_c.h
[809.494s] -- Symlinking: /repo/ws/install/include/px4/px4/msg/detail/position_controller_status__rosidl_typesupport_fastrtps_c.h
[809.509s] -- Symlinking: /repo/ws/install/include/px4/px4/msg/detail/position_setpoint__rosidl_typesupport_fastrtps_c.h
[809.522s] -- Symlinking: /repo/ws/install/include/px4/px4/msg/detail/position_setpoint_triplet__rosidl_typesupport_fastrtps_c.h
[809.535s] -- Symlinking: /repo/ws/install/include/px4/px4/msg/detail/power_button_state__rosidl_typesupport_fastrtps_c.h
[809.549s] -- Symlinking: /repo/ws/install/include/px4/px4/msg/detail/power_monitor__rosidl_typesupport_fastrtps_c.h
[809.561s] -- Symlinking: /repo/ws/install/include/px4/px4/msg/detail/pps_capture__rosidl_typesupport_fastrtps_c.h
[809.577s] -- Symlinking: /repo/ws/install/include/px4/px4/msg/detail/pure_pursuit_status__rosidl_typesupport_fastrtps_c.h
[809.590s] -- Symlinking: /repo/ws/install/include/px4/px4/msg/detail/pwm_input__rosidl_typesupport_fastrtps_c.h
[809.604s] -- Symlinking: /repo/ws/install/include/px4/px4/msg/detail/px4io_status__rosidl_typesupport_fastrtps_c.h
[809.618s] -- Symlinking: /repo/ws/install/include/px4/px4/msg/detail/qshell_req__rosidl_typesupport_fastrtps_c.h
[809.631s] -- Symlinking: /repo/ws/install/include/px4/px4/msg/detail/qshell_retval__rosidl_typesupport_fastrtps_c.h
[809.644s] -- Symlinking: /repo/ws/install/include/px4/px4/msg/detail/radio_status__rosidl_typesupport_fastrtps_c.h
[809.657s] -- Symlinking: /repo/ws/install/include/px4/px4/msg/detail/rate_ctrl_status__rosidl_typesupport_fastrtps_c.h
[809.671s] -- Symlinking: /repo/ws/install/include/px4/px4/msg/detail/rc_channels__rosidl_typesupport_fastrtps_c.h
[809.683s] -- Symlinking: /repo/ws/install/include/px4/px4/msg/detail/rc_parameter_map__rosidl_typesupport_fastrtps_c.h
[809.696s] -- Symlinking: /repo/ws/install/include/px4/px4/msg/detail/register_ext_component_reply__rosidl_typesupport_fastrtps_c.h
[809.712s] -- Symlinking: /repo/ws/install/include/px4/px4/msg/detail/register_ext_component_request__rosidl_typesupport_fastrtps_c.h
[809.725s] -- Symlinking: /repo/ws/install/include/px4/px4/msg/detail/rover_attitude_setpoint__rosidl_typesupport_fastrtps_c.h
[809.738s] -- Symlinking: /repo/ws/install/include/px4/px4/msg/detail/rover_attitude_status__rosidl_typesupport_fastrtps_c.h
[809.751s] -- Symlinking: /repo/ws/install/include/px4/px4/msg/detail/rover_position_setpoint__rosidl_typesupport_fastrtps_c.h
[809.764s] -- Symlinking: /repo/ws/install/include/px4/px4/msg/detail/rover_rate_setpoint__rosidl_typesupport_fastrtps_c.h
[809.777s] -- Symlinking: /repo/ws/install/include/px4/px4/msg/detail/rover_rate_status__rosidl_typesupport_fastrtps_c.h
[809.791s] -- Symlinking: /repo/ws/install/include/px4/px4/msg/detail/rover_steering_setpoint__rosidl_typesupport_fastrtps_c.h
[809.803s] -- Symlinking: /repo/ws/install/include/px4/px4/msg/detail/rover_throttle_setpoint__rosidl_typesupport_fastrtps_c.h
[809.818s] -- Symlinking: /repo/ws/install/include/px4/px4/msg/detail/rover_velocity_status__rosidl_typesupport_fastrtps_c.h
[809.833s] -- Symlinking: /repo/ws/install/include/px4/px4/msg/detail/rpm__rosidl_typesupport_fastrtps_c.h
[809.846s] -- Symlinking: /repo/ws/install/include/px4/px4/msg/detail/rtl_status__rosidl_typesupport_fastrtps_c.h
[809.860s] -- Symlinking: /repo/ws/install/include/px4/px4/msg/detail/rtl_time_estimate__rosidl_typesupport_fastrtps_c.h
[809.873s] -- Symlinking: /repo/ws/install/include/px4/px4/msg/detail/satellite_info__rosidl_typesupport_fastrtps_c.h
[809.886s] -- Symlinking: /repo/ws/install/include/px4/px4/msg/detail/sensor_accel__rosidl_typesupport_fastrtps_c.h
[809.899s] -- Symlinking: /repo/ws/install/include/px4/px4/msg/detail/sensor_accel_fifo__rosidl_typesupport_fastrtps_c.h
[809.914s] -- Symlinking: /repo/ws/install/include/px4/px4/msg/detail/sensor_airflow__rosidl_typesupport_fastrtps_c.h
[809.927s] -- Symlinking: /repo/ws/install/include/px4/px4/msg/detail/sensor_baro__rosidl_typesupport_fastrtps_c.h
[809.939s] -- Symlinking: /repo/ws/install/include/px4/px4/msg/detail/sensor_combined__rosidl_typesupport_fastrtps_c.h
[809.952s] -- Symlinking: /repo/ws/install/include/px4/px4/msg/detail/sensor_correction__rosidl_typesupport_fastrtps_c.h
[809.966s] -- Symlinking: /repo/ws/install/include/px4/px4/msg/detail/sensor_gnss_relative__rosidl_typesupport_fastrtps_c.h
[809.978s] -- Symlinking: /repo/ws/install/include/px4/px4/msg/detail/sensor_gps__rosidl_typesupport_fastrtps_c.h
[809.991s] -- Symlinking: /repo/ws/install/include/px4/px4/msg/detail/sensor_gyro__rosidl_typesupport_fastrtps_c.h
[810.004s] -- Symlinking: /repo/ws/install/include/px4/px4/msg/detail/sensor_gyro_fft__rosidl_typesupport_fastrtps_c.h
[810.018s] -- Symlinking: /repo/ws/install/include/px4/px4/msg/detail/sensor_gyro_fifo__rosidl_typesupport_fastrtps_c.h
[810.032s] -- Symlinking: /repo/ws/install/include/px4/px4/msg/detail/sensor_hygrometer__rosidl_typesupport_fastrtps_c.h
[810.045s] -- Symlinking: /repo/ws/install/include/px4/px4/msg/detail/sensor_mag__rosidl_typesupport_fastrtps_c.h
[810.057s] -- Symlinking: /repo/ws/install/include/px4/px4/msg/detail/sensor_optical_flow__rosidl_typesupport_fastrtps_c.h
[810.070s] -- Symlinking: /repo/ws/install/include/px4/px4/msg/detail/sensor_preflight_mag__rosidl_typesupport_fastrtps_c.h
[810.084s] -- Symlinking: /repo/ws/install/include/px4/px4/msg/detail/sensor_selection__rosidl_typesupport_fastrtps_c.h
[810.097s] -- Symlinking: /repo/ws/install/include/px4/px4/msg/detail/sensor_uwb__rosidl_typesupport_fastrtps_c.h
[810.113s] -- Symlinking: /repo/ws/install/include/px4/px4/msg/detail/sensors_status__rosidl_typesupport_fastrtps_c.h
[810.126s] -- Symlinking: /repo/ws/install/include/px4/px4/msg/detail/sensors_status_imu__rosidl_typesupport_fastrtps_c.h
[810.140s] -- Symlinking: /repo/ws/install/include/px4/px4/msg/detail/system_power__rosidl_typesupport_fastrtps_c.h
[810.153s] -- Symlinking: /repo/ws/install/include/px4/px4/msg/detail/takeoff_status__rosidl_typesupport_fastrtps_c.h
[810.166s] -- Symlinking: /repo/ws/install/include/px4/px4/msg/detail/task_stack_info__rosidl_typesupport_fastrtps_c.h
[810.179s] -- Symlinking: /repo/ws/install/include/px4/px4/msg/detail/tecs_status__rosidl_typesupport_fastrtps_c.h
[810.192s] -- Symlinking: /repo/ws/install/include/px4/px4/msg/detail/telemetry_status__rosidl_typesupport_fastrtps_c.h
[810.205s] -- Symlinking: /repo/ws/install/include/px4/px4/msg/detail/tiltrotor_extra_controls__rosidl_typesupport_fastrtps_c.h
[810.219s] -- Symlinking: /repo/ws/install/include/px4/px4/msg/detail/timesync_status__rosidl_typesupport_fastrtps_c.h
[810.233s] -- Symlinking: /repo/ws/install/include/px4/px4/msg/detail/trajectory_setpoint6dof__rosidl_typesupport_fastrtps_c.h
[810.246s] -- Symlinking: /repo/ws/install/include/px4/px4/msg/detail/trajectory_setpoint__rosidl_typesupport_fastrtps_c.h
[810.259s] -- Symlinking: /repo/ws/install/include/px4/px4/msg/detail/transponder_report__rosidl_typesupport_fastrtps_c.h
[810.273s] -- Symlinking: /repo/ws/install/include/px4/px4/msg/detail/tune_control__rosidl_typesupport_fastrtps_c.h
[810.285s] -- Symlinking: /repo/ws/install/include/px4/px4/msg/detail/uavcan_parameter_request__rosidl_typesupport_fastrtps_c.h
[810.298s] -- Symlinking: /repo/ws/install/include/px4/px4/msg/detail/uavcan_parameter_value__rosidl_typesupport_fastrtps_c.h
[810.313s] -- Symlinking: /repo/ws/install/include/px4/px4/msg/detail/ulog_stream__rosidl_typesupport_fastrtps_c.h
[810.326s] -- Symlinking: /repo/ws/install/include/px4/px4/msg/detail/ulog_stream_ack__rosidl_typesupport_fastrtps_c.h
[810.339s] -- Symlinking: /repo/ws/install/include/px4/px4/msg/detail/unregister_ext_component__rosidl_typesupport_fastrtps_c.h
[810.352s] -- Symlinking: /repo/ws/install/include/px4/px4/msg/detail/vehicle_acceleration__rosidl_typesupport_fastrtps_c.h
[810.365s] -- Symlinking: /repo/ws/install/include/px4/px4/msg/detail/vehicle_air_data__rosidl_typesupport_fastrtps_c.h
[810.378s] -- Symlinking: /repo/ws/install/include/px4/px4/msg/detail/vehicle_angular_acceleration_setpoint__rosidl_typesupport_fastrtps_c.h
[810.392s] -- Symlinking: /repo/ws/install/include/px4/px4/msg/detail/vehicle_angular_velocity__rosidl_typesupport_fastrtps_c.h
[810.405s] -- Symlinking: /repo/ws/install/include/px4/px4/msg/detail/vehicle_attitude__rosidl_typesupport_fastrtps_c.h
[810.419s] -- Symlinking: /repo/ws/install/include/px4/px4/msg/detail/vehicle_attitude_setpoint__rosidl_typesupport_fastrtps_c.h
[810.433s] -- Symlinking: /repo/ws/install/include/px4/px4/msg/detail/vehicle_command__rosidl_typesupport_fastrtps_c.h
[810.446s] -- Symlinking: /repo/ws/install/include/px4/px4/msg/detail/vehicle_command_ack__rosidl_typesupport_fastrtps_c.h
[810.459s] -- Symlinking: /repo/ws/install/include/px4/px4/msg/detail/vehicle_constraints__rosidl_typesupport_fastrtps_c.h
[810.472s] -- Symlinking: /repo/ws/install/include/px4/px4/msg/detail/vehicle_control_mode__rosidl_typesupport_fastrtps_c.h
[810.486s] -- Symlinking: /repo/ws/install/include/px4/px4/msg/detail/vehicle_global_position__rosidl_typesupport_fastrtps_c.h
[810.499s] -- Symlinking: /repo/ws/install/include/px4/px4/msg/detail/vehicle_imu__rosidl_typesupport_fastrtps_c.h
[810.514s] -- Symlinking: /repo/ws/install/include/px4/px4/msg/detail/vehicle_imu_status__rosidl_typesupport_fastrtps_c.h
[810.527s] -- Symlinking: /repo/ws/install/include/px4/px4/msg/detail/vehicle_land_detected__rosidl_typesupport_fastrtps_c.h
[810.540s] -- Symlinking: /repo/ws/install/include/px4/px4/msg/detail/vehicle_local_position__rosidl_typesupport_fastrtps_c.h
[810.553s] -- Symlinking: /repo/ws/install/include/px4/px4/msg/detail/vehicle_local_position_setpoint__rosidl_typesupport_fastrtps_c.h
[810.566s] -- Symlinking: /repo/ws/install/include/px4/px4/msg/detail/vehicle_magnetometer__rosidl_typesupport_fastrtps_c.h
[810.579s] -- Symlinking: /repo/ws/install/include/px4/px4/msg/detail/vehicle_odometry__rosidl_typesupport_fastrtps_c.h
[810.592s] -- Symlinking: /repo/ws/install/include/px4/px4/msg/detail/vehicle_optical_flow__rosidl_typesupport_fastrtps_c.h
[810.606s] -- Symlinking: /repo/ws/install/include/px4/px4/msg/detail/vehicle_optical_flow_vel__rosidl_typesupport_fastrtps_c.h
[810.620s] -- Symlinking: /repo/ws/install/include/px4/px4/msg/detail/vehicle_rates_setpoint__rosidl_typesupport_fastrtps_c.h
[810.633s] -- Symlinking: /repo/ws/install/include/px4/px4/msg/detail/vehicle_roi__rosidl_typesupport_fastrtps_c.h
[810.646s] -- Symlinking: /repo/ws/install/include/px4/px4/msg/detail/vehicle_status__rosidl_typesupport_fastrtps_c.h
[810.659s] -- Symlinking: /repo/ws/install/include/px4/px4/msg/detail/vehicle_thrust_setpoint__rosidl_typesupport_fastrtps_c.h
[810.672s] -- Symlinking: /repo/ws/install/include/px4/px4/msg/detail/vehicle_torque_setpoint__rosidl_typesupport_fastrtps_c.h
[810.686s] -- Symlinking: /repo/ws/install/include/px4/px4/msg/detail/velocity_limits__rosidl_typesupport_fastrtps_c.h
[810.699s] -- Symlinking: /repo/ws/install/include/px4/px4/msg/detail/vtol_vehicle_status__rosidl_typesupport_fastrtps_c.h
[810.713s] -- Symlinking: /repo/ws/install/include/px4/px4/msg/detail/wheel_encoders__rosidl_typesupport_fastrtps_c.h
[810.726s] -- Symlinking: /repo/ws/install/include/px4/px4/msg/detail/wind__rosidl_typesupport_fastrtps_c.h
[810.739s] -- Symlinking: /repo/ws/install/include/px4/px4/msg/detail/yaw_estimator_status__rosidl_typesupport_fastrtps_c.h
[810.752s] -- Symlinking: /repo/ws/install/include/px4/px4/msg/rosidl_typesupport_fastrtps_c__visibility_control.h
[810.781s] -- Symlinking: /repo/ws/install/include/px4/px4/msg/ackermann_velocity_setpoint.hpp
[810.794s] -- Symlinking: /repo/ws/install/include/px4/px4/msg/action_request.hpp
[810.809s] -- Symlinking: /repo/ws/install/include/px4/px4/msg/actuator_armed.hpp
[810.823s] -- Symlinking: /repo/ws/install/include/px4/px4/msg/actuator_controls_status.hpp
[810.837s] -- Symlinking: /repo/ws/install/include/px4/px4/msg/actuator_motors.hpp
[810.850s] -- Symlinking: /repo/ws/install/include/px4/px4/msg/actuator_outputs.hpp
[810.864s] -- Symlinking: /repo/ws/install/include/px4/px4/msg/actuator_servos.hpp
[810.877s] -- Symlinking: /repo/ws/install/include/px4/px4/msg/actuator_servos_trim.hpp
[810.891s] -- Symlinking: /repo/ws/install/include/px4/px4/msg/actuator_test.hpp
[810.904s] -- Symlinking: /repo/ws/install/include/px4/px4/msg/adc_report.hpp
[810.918s] -- Symlinking: /repo/ws/install/include/px4/px4/msg/airspeed.hpp
[810.931s] -- Symlinking: /repo/ws/install/include/px4/px4/msg/airspeed_validated.hpp
[810.944s] -- Symlinking: /repo/ws/install/include/px4/px4/msg/airspeed_wind.hpp
[810.957s] -- Symlinking: /repo/ws/install/include/px4/px4/msg/arming_check_reply.hpp
[810.970s] -- Symlinking: /repo/ws/install/include/px4/px4/msg/arming_check_request.hpp
[810.983s] -- Symlinking: /repo/ws/install/include/px4/px4/msg/autotune_attitude_control_status.hpp
[810.996s] -- Symlinking: /repo/ws/install/include/px4/px4/msg/battery_status.hpp
[811.010s] -- Symlinking: /repo/ws/install/include/px4/px4/msg/button_event.hpp
[811.024s] -- Symlinking: /repo/ws/install/include/px4/px4/msg/camera_capture.hpp
[811.037s] -- Symlinking: /repo/ws/install/include/px4/px4/msg/camera_status.hpp
[811.050s] -- Symlinking: /repo/ws/install/include/px4/px4/msg/camera_trigger.hpp
[811.063s] -- Symlinking: /repo/ws/install/include/px4/px4/msg/can_interface_status.hpp
[811.076s] -- Symlinking: /repo/ws/install/include/px4/px4/msg/cellular_status.hpp
[811.089s] -- Symlinking: /repo/ws/install/include/px4/px4/msg/collision_constraints.hpp
[811.102s] -- Symlinking: /repo/ws/install/include/px4/px4/msg/config_overrides.hpp
[811.117s] -- Symlinking: /repo/ws/install/include/px4/px4/msg/control_allocator_status.hpp
[811.130s] -- Symlinking: /repo/ws/install/include/px4/px4/msg/cpuload.hpp
[811.143s] -- Symlinking: /repo/ws/install/include/px4/px4/msg/dataman_request.hpp
[811.156s] -- Symlinking: /repo/ws/install/include/px4/px4/msg/dataman_response.hpp
[811.168s] -- Symlinking: /repo/ws/install/include/px4/px4/msg/debug_array.hpp
[811.182s] -- Symlinking: /repo/ws/install/include/px4/px4/msg/debug_key_value.hpp
[811.195s] -- Symlinking: /repo/ws/install/include/px4/px4/msg/debug_value.hpp
[811.209s] -- Symlinking: /repo/ws/install/include/px4/px4/msg/debug_vect.hpp
[811.223s] -- Symlinking: /repo/ws/install/include/px4/px4/msg/detail/ackermann_velocity_setpoint__builder.hpp
[811.236s] -- Symlinking: /repo/ws/install/include/px4/px4/msg/detail/ackermann_velocity_setpoint__struct.hpp
[811.249s] -- Symlinking: /repo/ws/install/include/px4/px4/msg/detail/ackermann_velocity_setpoint__traits.hpp
[811.263s] -- Symlinking: /repo/ws/install/include/px4/px4/msg/detail/ackermann_velocity_setpoint__type_support.hpp
[811.276s] -- Symlinking: /repo/ws/install/include/px4/px4/msg/detail/action_request__builder.hpp
[811.288s] -- Symlinking: /repo/ws/install/include/px4/px4/msg/detail/action_request__struct.hpp
[811.302s] -- Symlinking: /repo/ws/install/include/px4/px4/msg/detail/action_request__traits.hpp
[811.316s] -- Symlinking: /repo/ws/install/include/px4/px4/msg/detail/action_request__type_support.hpp
[811.329s] -- Symlinking: /repo/ws/install/include/px4/px4/msg/detail/actuator_armed__builder.hpp
[811.342s] -- Symlinking: /repo/ws/install/include/px4/px4/msg/detail/actuator_armed__struct.hpp
[811.355s] -- Symlinking: /repo/ws/install/include/px4/px4/msg/detail/actuator_armed__traits.hpp
[811.368s] -- Symlinking: /repo/ws/install/include/px4/px4/msg/detail/actuator_armed__type_support.hpp
[811.381s] -- Symlinking: /repo/ws/install/include/px4/px4/msg/detail/actuator_controls_status__builder.hpp
[811.394s] -- Symlinking: /repo/ws/install/include/px4/px4/msg/detail/actuator_controls_status__struct.hpp
[811.408s] -- Symlinking: /repo/ws/install/include/px4/px4/msg/detail/actuator_controls_status__traits.hpp
[811.422s] -- Symlinking: /repo/ws/install/include/px4/px4/msg/detail/actuator_controls_status__type_support.hpp
[811.435s] -- Symlinking: /repo/ws/install/include/px4/px4/msg/detail/actuator_motors__builder.hpp
[811.448s] -- Symlinking: /repo/ws/install/include/px4/px4/msg/detail/actuator_motors__struct.hpp
[811.461s] -- Symlinking: /repo/ws/install/include/px4/px4/msg/detail/actuator_motors__traits.hpp
[811.474s] -- Symlinking: /repo/ws/install/include/px4/px4/msg/detail/actuator_motors__type_support.hpp
[811.487s] -- Symlinking: /repo/ws/install/include/px4/px4/msg/detail/actuator_outputs__builder.hpp
[811.500s] -- Symlinking: /repo/ws/install/include/px4/px4/msg/detail/actuator_outputs__struct.hpp
[811.515s] -- Symlinking: /repo/ws/install/include/px4/px4/msg/detail/actuator_outputs__traits.hpp
[811.528s] -- Symlinking: /repo/ws/install/include/px4/px4/msg/detail/actuator_outputs__type_support.hpp
[811.542s] -- Symlinking: /repo/ws/install/include/px4/px4/msg/detail/actuator_servos__builder.hpp
[811.554s] -- Symlinking: /repo/ws/install/include/px4/px4/msg/detail/actuator_servos__struct.hpp
[811.567s] -- Symlinking: /repo/ws/install/include/px4/px4/msg/detail/actuator_servos__traits.hpp
[811.581s] -- Symlinking: /repo/ws/install/include/px4/px4/msg/detail/actuator_servos__type_support.hpp
[811.594s] -- Symlinking: /repo/ws/install/include/px4/px4/msg/detail/actuator_servos_trim__builder.hpp
[811.607s] -- Symlinking: /repo/ws/install/include/px4/px4/msg/detail/actuator_servos_trim__struct.hpp
[811.621s] -- Symlinking: /repo/ws/install/include/px4/px4/msg/detail/actuator_servos_trim__traits.hpp
[811.634s] -- Symlinking: /repo/ws/install/include/px4/px4/msg/detail/actuator_servos_trim__type_support.hpp
[811.648s] -- Symlinking: /repo/ws/install/include/px4/px4/msg/detail/actuator_test__builder.hpp
[811.661s] -- Symlinking: /repo/ws/install/include/px4/px4/msg/detail/actuator_test__struct.hpp
[811.674s] -- Symlinking: /repo/ws/install/include/px4/px4/msg/detail/actuator_test__traits.hpp
[811.687s] -- Symlinking: /repo/ws/install/include/px4/px4/msg/detail/actuator_test__type_support.hpp
[811.699s] -- Symlinking: /repo/ws/install/include/px4/px4/msg/detail/adc_report__builder.hpp
[811.714s] -- Symlinking: /repo/ws/install/include/px4/px4/msg/detail/adc_report__struct.hpp
[811.727s] -- Symlinking: /repo/ws/install/include/px4/px4/msg/detail/adc_report__traits.hpp
[811.740s] -- Symlinking: /repo/ws/install/include/px4/px4/msg/detail/adc_report__type_support.hpp
[811.753s] -- Symlinking: /repo/ws/install/include/px4/px4/msg/detail/airspeed__builder.hpp
[811.766s] -- Symlinking: /repo/ws/install/include/px4/px4/msg/detail/airspeed__struct.hpp
[811.779s] -- Symlinking: /repo/ws/install/include/px4/px4/msg/detail/airspeed__traits.hpp
[811.792s] -- Symlinking: /repo/ws/install/include/px4/px4/msg/detail/airspeed__type_support.hpp
[811.805s] -- Symlinking: /repo/ws/install/include/px4/px4/msg/detail/airspeed_validated__builder.hpp
[811.819s] -- Symlinking: /repo/ws/install/include/px4/px4/msg/detail/airspeed_validated__struct.hpp
[811.833s] -- Symlinking: /repo/ws/install/include/px4/px4/msg/detail/airspeed_validated__traits.hpp
[811.846s] -- Symlinking: /repo/ws/install/include/px4/px4/msg/detail/airspeed_validated__type_support.hpp
[811.860s] -- Symlinking: /repo/ws/install/include/px4/px4/msg/detail/airspeed_wind__builder.hpp
[811.873s] -- Symlinking: /repo/ws/install/include/px4/px4/msg/detail/airspeed_wind__struct.hpp
[811.886s] -- Symlinking: /repo/ws/install/include/px4/px4/msg/detail/airspeed_wind__traits.hpp
[811.899s] -- Symlinking: /repo/ws/install/include/px4/px4/msg/detail/airspeed_wind__type_support.hpp
[811.914s] -- Symlinking: /repo/ws/install/include/px4/px4/msg/detail/arming_check_reply__builder.hpp
[811.928s] -- Symlinking: /repo/ws/install/include/px4/px4/msg/detail/arming_check_reply__struct.hpp
[811.942s] -- Symlinking: /repo/ws/install/include/px4/px4/msg/detail/arming_check_reply__traits.hpp
[811.955s] -- Symlinking: /repo/ws/install/include/px4/px4/msg/detail/arming_check_reply__type_support.hpp
[811.968s] -- Symlinking: /repo/ws/install/include/px4/px4/msg/detail/arming_check_request__builder.hpp
[811.982s] -- Symlinking: /repo/ws/install/include/px4/px4/msg/detail/arming_check_request__struct.hpp
[811.995s] -- Symlinking: /repo/ws/install/include/px4/px4/msg/detail/arming_check_request__traits.hpp
[812.009s] -- Symlinking: /repo/ws/install/include/px4/px4/msg/detail/arming_check_request__type_support.hpp
[812.023s] -- Symlinking: /repo/ws/install/include/px4/px4/msg/detail/autotune_attitude_control_status__builder.hpp
[812.036s] -- Symlinking: /repo/ws/install/include/px4/px4/msg/detail/autotune_attitude_control_status__struct.hpp
[812.049s] -- Symlinking: /repo/ws/install/include/px4/px4/msg/detail/autotune_attitude_control_status__traits.hpp
[812.062s] -- Symlinking: /repo/ws/install/include/px4/px4/msg/detail/autotune_attitude_control_status__type_support.hpp
[812.075s] -- Symlinking: /repo/ws/install/include/px4/px4/msg/detail/battery_status__builder.hpp
[812.089s] -- Symlinking: /repo/ws/install/include/px4/px4/msg/detail/battery_status__struct.hpp
[812.103s] -- Symlinking: /repo/ws/install/include/px4/px4/msg/detail/battery_status__traits.hpp
[812.118s] -- Symlinking: /repo/ws/install/include/px4/px4/msg/detail/battery_status__type_support.hpp
[812.131s] -- Symlinking: /repo/ws/install/include/px4/px4/msg/detail/button_event__builder.hpp
[812.144s] -- Symlinking: /repo/ws/install/include/px4/px4/msg/detail/button_event__struct.hpp
[812.158s] -- Symlinking: /repo/ws/install/include/px4/px4/msg/detail/button_event__traits.hpp
[812.172s] -- Symlinking: /repo/ws/install/include/px4/px4/msg/detail/button_event__type_support.hpp
[812.185s] -- Symlinking: /repo/ws/install/include/px4/px4/msg/detail/camera_capture__builder.hpp
[812.198s] -- Symlinking: /repo/ws/install/include/px4/px4/msg/detail/camera_capture__struct.hpp
[812.212s] -- Symlinking: /repo/ws/install/include/px4/px4/msg/detail/camera_capture__traits.hpp
[812.226s] -- Symlinking: /repo/ws/install/include/px4/px4/msg/detail/camera_capture__type_support.hpp
[812.239s] -- Symlinking: /repo/ws/install/include/px4/px4/msg/detail/camera_status__builder.hpp
[812.252s] -- Symlinking: /repo/ws/install/include/px4/px4/msg/detail/camera_status__struct.hpp
[812.266s] -- Symlinking: /repo/ws/install/include/px4/px4/msg/detail/camera_status__traits.hpp
[812.279s] -- Symlinking: /repo/ws/install/include/px4/px4/msg/detail/camera_status__type_support.hpp
[812.292s] -- Symlinking: /repo/ws/install/include/px4/px4/msg/detail/camera_trigger__builder.hpp
[812.305s] -- Symlinking: /repo/ws/install/include/px4/px4/msg/detail/camera_trigger__struct.hpp
[812.320s] -- Symlinking: /repo/ws/install/include/px4/px4/msg/detail/camera_trigger__traits.hpp
[812.333s] -- Symlinking: /repo/ws/install/include/px4/px4/msg/detail/camera_trigger__type_support.hpp
[812.346s] -- Symlinking: /repo/ws/install/include/px4/px4/msg/detail/can_interface_status__builder.hpp
[812.359s] -- Symlinking: /repo/ws/install/include/px4/px4/msg/detail/can_interface_status__struct.hpp
[812.372s] -- Symlinking: /repo/ws/install/include/px4/px4/msg/detail/can_interface_status__traits.hpp
[812.385s] -- Symlinking: /repo/ws/install/include/px4/px4/msg/detail/can_interface_status__type_support.hpp
[812.399s] -- Symlinking: /repo/ws/install/include/px4/px4/msg/detail/cellular_status__builder.hpp
[812.413s] -- Symlinking: /repo/ws/install/include/px4/px4/msg/detail/cellular_status__struct.hpp
[812.426s] -- Symlinking: /repo/ws/install/include/px4/px4/msg/detail/cellular_status__traits.hpp
[812.440s] -- Symlinking: /repo/ws/install/include/px4/px4/msg/detail/cellular_status__type_support.hpp
[812.454s] -- Symlinking: /repo/ws/install/include/px4/px4/msg/detail/collision_constraints__builder.hpp
[812.468s] -- Symlinking: /repo/ws/install/include/px4/px4/msg/detail/collision_constraints__struct.hpp
[812.481s] -- Symlinking: /repo/ws/install/include/px4/px4/msg/detail/collision_constraints__traits.hpp
[812.494s] -- Symlinking: /repo/ws/install/include/px4/px4/msg/detail/collision_constraints__type_support.hpp
[812.508s] -- Symlinking: /repo/ws/install/include/px4/px4/msg/detail/config_overrides__builder.hpp
[812.522s] -- Symlinking: /repo/ws/install/include/px4/px4/msg/detail/config_overrides__struct.hpp
[812.535s] -- Symlinking: /repo/ws/install/include/px4/px4/msg/detail/config_overrides__traits.hpp
[812.549s] -- Symlinking: /repo/ws/install/include/px4/px4/msg/detail/config_overrides__type_support.hpp
[812.562s] -- Symlinking: /repo/ws/install/include/px4/px4/msg/detail/control_allocator_status__builder.hpp
[812.575s] -- Symlinking: /repo/ws/install/include/px4/px4/msg/detail/control_allocator_status__struct.hpp
[812.589s] -- Symlinking: /repo/ws/install/include/px4/px4/msg/detail/control_allocator_status__traits.hpp
[812.603s] -- Symlinking: /repo/ws/install/include/px4/px4/msg/detail/control_allocator_status__type_support.hpp
[812.618s] -- Symlinking: /repo/ws/install/include/px4/px4/msg/detail/cpuload__builder.hpp
[812.632s] -- Symlinking: /repo/ws/install/include/px4/px4/msg/detail/cpuload__struct.hpp
[812.646s] -- Symlinking: /repo/ws/install/include/px4/px4/msg/detail/cpuload__traits.hpp
[812.660s] -- Symlinking: /repo/ws/install/include/px4/px4/msg/detail/cpuload__type_support.hpp
[812.675s] -- Symlinking: /repo/ws/install/include/px4/px4/msg/detail/dataman_request__builder.hpp
[812.688s] -- Symlinking: /repo/ws/install/include/px4/px4/msg/detail/dataman_request__struct.hpp
[812.702s] -- Symlinking: /repo/ws/install/include/px4/px4/msg/detail/dataman_request__traits.hpp
[812.718s] -- Symlinking: /repo/ws/install/include/px4/px4/msg/detail/dataman_request__type_support.hpp
[812.731s] -- Symlinking: /repo/ws/install/include/px4/px4/msg/detail/dataman_response__builder.hpp
[812.744s] -- Symlinking: /repo/ws/install/include/px4/px4/msg/detail/dataman_response__struct.hpp
[812.757s] -- Symlinking: /repo/ws/install/include/px4/px4/msg/detail/dataman_response__traits.hpp
[812.770s] -- Symlinking: /repo/ws/install/include/px4/px4/msg/detail/dataman_response__type_support.hpp
[812.784s] -- Symlinking: /repo/ws/install/include/px4/px4/msg/detail/debug_array__builder.hpp
[812.797s] -- Symlinking: /repo/ws/install/include/px4/px4/msg/detail/debug_array__struct.hpp
[812.811s] -- Symlinking: /repo/ws/install/include/px4/px4/msg/detail/debug_array__traits.hpp
[812.825s] -- Symlinking: /repo/ws/install/include/px4/px4/msg/detail/debug_array__type_support.hpp
[812.838s] -- Symlinking: /repo/ws/install/include/px4/px4/msg/detail/debug_key_value__builder.hpp
[812.852s] -- Symlinking: /repo/ws/install/include/px4/px4/msg/detail/debug_key_value__struct.hpp
[812.866s] -- Symlinking: /repo/ws/install/include/px4/px4/msg/detail/debug_key_value__traits.hpp
[812.878s] -- Symlinking: /repo/ws/install/include/px4/px4/msg/detail/debug_key_value__type_support.hpp
[812.892s] -- Symlinking: /repo/ws/install/include/px4/px4/msg/detail/debug_value__builder.hpp
[812.905s] -- Symlinking: /repo/ws/install/include/px4/px4/msg/detail/debug_value__struct.hpp
[812.920s] -- Symlinking: /repo/ws/install/include/px4/px4/msg/detail/debug_value__traits.hpp
[812.933s] -- Symlinking: /repo/ws/install/include/px4/px4/msg/detail/debug_value__type_support.hpp
[812.946s] -- Symlinking: /repo/ws/install/include/px4/px4/msg/detail/debug_vect__builder.hpp
[812.959s] -- Symlinking: /repo/ws/install/include/px4/px4/msg/detail/debug_vect__struct.hpp
[812.973s] -- Symlinking: /repo/ws/install/include/px4/px4/msg/detail/debug_vect__traits.hpp
[812.986s] -- Symlinking: /repo/ws/install/include/px4/px4/msg/detail/debug_vect__type_support.hpp
[812.999s] -- Symlinking: /repo/ws/install/include/px4/px4/msg/detail/differential_pressure__builder.hpp
[813.014s] -- Symlinking: /repo/ws/install/include/px4/px4/msg/detail/differential_pressure__struct.hpp
[813.028s] -- Symlinking: /repo/ws/install/include/px4/px4/msg/detail/differential_pressure__traits.hpp
[813.041s] -- Symlinking: /repo/ws/install/include/px4/px4/msg/detail/differential_pressure__type_support.hpp
[813.054s] -- Symlinking: /repo/ws/install/include/px4/px4/msg/detail/differential_velocity_setpoint__builder.hpp
[813.067s] -- Symlinking: /repo/ws/install/include/px4/px4/msg/detail/differential_velocity_setpoint__struct.hpp
[813.080s] -- Symlinking: /repo/ws/install/include/px4/px4/msg/detail/differential_velocity_setpoint__traits.hpp
[813.093s] -- Symlinking: /repo/ws/install/include/px4/px4/msg/detail/differential_velocity_setpoint__type_support.hpp
[813.106s] -- Symlinking: /repo/ws/install/include/px4/px4/msg/detail/distance_sensor__builder.hpp
[813.121s] -- Symlinking: /repo/ws/install/include/px4/px4/msg/detail/distance_sensor__struct.hpp
[813.134s] -- Symlinking: /repo/ws/install/include/px4/px4/msg/detail/distance_sensor__traits.hpp
[813.147s] -- Symlinking: /repo/ws/install/include/px4/px4/msg/detail/distance_sensor__type_support.hpp
[813.160s] -- Symlinking: /repo/ws/install/include/px4/px4/msg/detail/distance_sensor_mode_change_request__builder.hpp
[813.173s] -- Symlinking: /repo/ws/install/include/px4/px4/msg/detail/distance_sensor_mode_change_request__struct.hpp
[813.186s] -- Symlinking: /repo/ws/install/include/px4/px4/msg/detail/distance_sensor_mode_change_request__traits.hpp
[813.199s] -- Symlinking: /repo/ws/install/include/px4/px4/msg/detail/distance_sensor_mode_change_request__type_support.hpp
[813.214s] -- Symlinking: /repo/ws/install/include/px4/px4/msg/detail/ekf2_timestamps__builder.hpp
[813.227s] -- Symlinking: /repo/ws/install/include/px4/px4/msg/detail/ekf2_timestamps__struct.hpp
[813.240s] -- Symlinking: /repo/ws/install/include/px4/px4/msg/detail/ekf2_timestamps__traits.hpp
[813.253s] -- Symlinking: /repo/ws/install/include/px4/px4/msg/detail/ekf2_timestamps__type_support.hpp
[813.266s] -- Symlinking: /repo/ws/install/include/px4/px4/msg/detail/esc_report__builder.hpp
[813.279s] -- Symlinking: /repo/ws/install/include/px4/px4/msg/detail/esc_report__struct.hpp
[813.292s] -- Symlinking: /repo/ws/install/include/px4/px4/msg/detail/esc_report__traits.hpp
[813.305s] -- Symlinking: /repo/ws/install/include/px4/px4/msg/detail/esc_report__type_support.hpp
[813.319s] -- Symlinking: /repo/ws/install/include/px4/px4/msg/detail/esc_status__builder.hpp
[813.332s] -- Symlinking: /repo/ws/install/include/px4/px4/msg/detail/esc_status__struct.hpp
[813.345s] -- Symlinking: /repo/ws/install/include/px4/px4/msg/detail/esc_status__traits.hpp
[813.358s] -- Symlinking: /repo/ws/install/include/px4/px4/msg/detail/esc_status__type_support.hpp
[813.371s] -- Symlinking: /repo/ws/install/include/px4/px4/msg/detail/estimator_aid_source1d__builder.hpp
[813.385s] -- Symlinking: /repo/ws/install/include/px4/px4/msg/detail/estimator_aid_source1d__struct.hpp
[813.397s] -- Symlinking: /repo/ws/install/include/px4/px4/msg/detail/estimator_aid_source1d__traits.hpp
[813.412s] -- Symlinking: /repo/ws/install/include/px4/px4/msg/detail/estimator_aid_source1d__type_support.hpp
[813.425s] -- Symlinking: /repo/ws/install/include/px4/px4/msg/detail/estimator_aid_source2d__builder.hpp
[813.438s] -- Symlinking: /repo/ws/install/include/px4/px4/msg/detail/estimator_aid_source2d__struct.hpp
[813.452s] -- Symlinking: /repo/ws/install/include/px4/px4/msg/detail/estimator_aid_source2d__traits.hpp
[813.465s] -- Symlinking: /repo/ws/install/include/px4/px4/msg/detail/estimator_aid_source2d__type_support.hpp
[813.478s] -- Symlinking: /repo/ws/install/include/px4/px4/msg/detail/estimator_aid_source3d__builder.hpp
[813.492s] -- Symlinking: /repo/ws/install/include/px4/px4/msg/detail/estimator_aid_source3d__struct.hpp
[813.505s] -- Symlinking: /repo/ws/install/include/px4/px4/msg/detail/estimator_aid_source3d__traits.hpp
[813.518s] -- Symlinking: /repo/ws/install/include/px4/px4/msg/detail/estimator_aid_source3d__type_support.hpp
[813.532s] -- Symlinking: /repo/ws/install/include/px4/px4/msg/detail/estimator_bias3d__builder.hpp
[813.545s] -- Symlinking: /repo/ws/install/include/px4/px4/msg/detail/estimator_bias3d__struct.hpp
[813.557s] -- Symlinking: /repo/ws/install/include/px4/px4/msg/detail/estimator_bias3d__traits.hpp
[813.571s] -- Symlinking: /repo/ws/install/include/px4/px4/msg/detail/estimator_bias3d__type_support.hpp
[813.584s] -- Symlinking: /repo/ws/install/include/px4/px4/msg/detail/estimator_bias__builder.hpp
[813.597s] -- Symlinking: /repo/ws/install/include/px4/px4/msg/detail/estimator_bias__struct.hpp
[813.611s] -- Symlinking: /repo/ws/install/include/px4/px4/msg/detail/estimator_bias__traits.hpp
[813.625s] -- Symlinking: /repo/ws/install/include/px4/px4/msg/detail/estimator_bias__type_support.hpp
[813.638s] -- Symlinking: /repo/ws/install/include/px4/px4/msg/detail/estimator_event_flags__builder.hpp
[813.651s] -- Symlinking: /repo/ws/install/include/px4/px4/msg/detail/estimator_event_flags__struct.hpp
[813.665s] -- Symlinking: /repo/ws/install/include/px4/px4/msg/detail/estimator_event_flags__traits.hpp
[813.677s] -- Symlinking: /repo/ws/install/include/px4/px4/msg/detail/estimator_event_flags__type_support.hpp
[813.691s] -- Symlinking: /repo/ws/install/include/px4/px4/msg/detail/estimator_gps_status__builder.hpp
[813.704s] -- Symlinking: /repo/ws/install/include/px4/px4/msg/detail/estimator_gps_status__struct.hpp
[813.718s] -- Symlinking: /repo/ws/install/include/px4/px4/msg/detail/estimator_gps_status__traits.hpp
[813.732s] -- Symlinking: /repo/ws/install/include/px4/px4/msg/detail/estimator_gps_status__type_support.hpp
[813.745s] -- Symlinking: /repo/ws/install/include/px4/px4/msg/detail/estimator_innovations__builder.hpp
[813.758s] -- Symlinking: /repo/ws/install/include/px4/px4/msg/detail/estimator_innovations__struct.hpp
[813.771s] -- Symlinking: /repo/ws/install/include/px4/px4/msg/detail/estimator_innovations__traits.hpp
[813.784s] -- Symlinking: /repo/ws/install/include/px4/px4/msg/detail/estimator_innovations__type_support.hpp
[813.797s] -- Symlinking: /repo/ws/install/include/px4/px4/msg/detail/estimator_selector_status__builder.hpp
[813.812s] -- Symlinking: /repo/ws/install/include/px4/px4/msg/detail/estimator_selector_status__struct.hpp
[813.825s] -- Symlinking: /repo/ws/install/include/px4/px4/msg/detail/estimator_selector_status__traits.hpp
[813.839s] -- Symlinking: /repo/ws/install/include/px4/px4/msg/detail/estimator_selector_status__type_support.hpp
[813.852s] -- Symlinking: /repo/ws/install/include/px4/px4/msg/detail/estimator_sensor_bias__builder.hpp
[813.866s] -- Symlinking: /repo/ws/install/include/px4/px4/msg/detail/estimator_sensor_bias__struct.hpp
[813.879s] -- Symlinking: /repo/ws/install/include/px4/px4/msg/detail/estimator_sensor_bias__traits.hpp
[813.893s] -- Symlinking: /repo/ws/install/include/px4/px4/msg/detail/estimator_sensor_bias__type_support.hpp
[813.906s] -- Symlinking: /repo/ws/install/include/px4/px4/msg/detail/estimator_states__builder.hpp
[813.920s] -- Symlinking: /repo/ws/install/include/px4/px4/msg/detail/estimator_states__struct.hpp
[813.934s] -- Symlinking: /repo/ws/install/include/px4/px4/msg/detail/estimator_states__traits.hpp
[813.947s] -- Symlinking: /repo/ws/install/include/px4/px4/msg/detail/estimator_states__type_support.hpp
[813.960s] -- Symlinking: /repo/ws/install/include/px4/px4/msg/detail/estimator_status__builder.hpp
[813.973s] -- Symlinking: /repo/ws/install/include/px4/px4/msg/detail/estimator_status__struct.hpp
[813.987s] -- Symlinking: /repo/ws/install/include/px4/px4/msg/detail/estimator_status__traits.hpp
[814.000s] -- Symlinking: /repo/ws/install/include/px4/px4/msg/detail/estimator_status__type_support.hpp
[814.014s] -- Symlinking: /repo/ws/install/include/px4/px4/msg/detail/estimator_status_flags__builder.hpp
[814.028s] -- Symlinking: /repo/ws/install/include/px4/px4/msg/detail/estimator_status_flags__struct.hpp
[814.041s] -- Symlinking: /repo/ws/install/include/px4/px4/msg/detail/estimator_status_flags__traits.hpp
[814.054s] -- Symlinking: /repo/ws/install/include/px4/px4/msg/detail/estimator_status_flags__type_support.hpp
[814.067s] -- Symlinking: /repo/ws/install/include/px4/px4/msg/detail/event__builder.hpp
[814.080s] -- Symlinking: /repo/ws/install/include/px4/px4/msg/detail/event__struct.hpp
[814.093s] -- Symlinking: /repo/ws/install/include/px4/px4/msg/detail/event__traits.hpp
[814.106s] -- Symlinking: /repo/ws/install/include/px4/px4/msg/detail/event__type_support.hpp
[814.121s] -- Symlinking: /repo/ws/install/include/px4/px4/msg/detail/failsafe_flags__builder.hpp
[814.134s] -- Symlinking: /repo/ws/install/include/px4/px4/msg/detail/failsafe_flags__struct.hpp
[814.147s] -- Symlinking: /repo/ws/install/include/px4/px4/msg/detail/failsafe_flags__traits.hpp
[814.160s] -- Symlinking: /repo/ws/install/include/px4/px4/msg/detail/failsafe_flags__type_support.hpp
[814.173s] -- Symlinking: /repo/ws/install/include/px4/px4/msg/detail/failure_detector_status__builder.hpp
[814.187s] -- Symlinking: /repo/ws/install/include/px4/px4/msg/detail/failure_detector_status__struct.hpp
[814.200s] -- Symlinking: /repo/ws/install/include/px4/px4/msg/detail/failure_detector_status__traits.hpp
[814.214s] -- Symlinking: /repo/ws/install/include/px4/px4/msg/detail/failure_detector_status__type_support.hpp
[814.228s] -- Symlinking: /repo/ws/install/include/px4/px4/msg/detail/figure_eight_status__builder.hpp
[814.240s] -- Symlinking: /repo/ws/install/include/px4/px4/msg/detail/figure_eight_status__struct.hpp
[814.254s] -- Symlinking: /repo/ws/install/include/px4/px4/msg/detail/figure_eight_status__traits.hpp
[814.267s] -- Symlinking: /repo/ws/install/include/px4/px4/msg/detail/figure_eight_status__type_support.hpp
[814.280s] -- Symlinking: /repo/ws/install/include/px4/px4/msg/detail/flight_phase_estimation__builder.hpp
[814.293s] -- Symlinking: /repo/ws/install/include/px4/px4/msg/detail/flight_phase_estimation__struct.hpp
[814.306s] -- Symlinking: /repo/ws/install/include/px4/px4/msg/detail/flight_phase_estimation__traits.hpp
[814.320s] -- Symlinking: /repo/ws/install/include/px4/px4/msg/detail/flight_phase_estimation__type_support.hpp
[814.333s] -- Symlinking: /repo/ws/install/include/px4/px4/msg/detail/follow_target__builder.hpp
[814.347s] -- Symlinking: /repo/ws/install/include/px4/px4/msg/detail/follow_target__struct.hpp
[814.360s] -- Symlinking: /repo/ws/install/include/px4/px4/msg/detail/follow_target__traits.hpp
[814.373s] -- Symlinking: /repo/ws/install/include/px4/px4/msg/detail/follow_target__type_support.hpp
[814.386s] -- Symlinking: /repo/ws/install/include/px4/px4/msg/detail/follow_target_estimator__builder.hpp
[814.400s] -- Symlinking: /repo/ws/install/include/px4/px4/msg/detail/follow_target_estimator__struct.hpp
[814.414s] -- Symlinking: /repo/ws/install/include/px4/px4/msg/detail/follow_target_estimator__traits.hpp
[814.428s] -- Symlinking: /repo/ws/install/include/px4/px4/msg/detail/follow_target_estimator__type_support.hpp
[814.440s] -- Symlinking: /repo/ws/install/include/px4/px4/msg/detail/follow_target_status__builder.hpp
[814.454s] -- Symlinking: /repo/ws/install/include/px4/px4/msg/detail/follow_target_status__struct.hpp
[814.467s] -- Symlinking: /repo/ws/install/include/px4/px4/msg/detail/follow_target_status__traits.hpp
[814.480s] -- Symlinking: /repo/ws/install/include/px4/px4/msg/detail/follow_target_status__type_support.hpp
[814.493s] -- Symlinking: /repo/ws/install/include/px4/px4/msg/detail/fuel_tank_status__builder.hpp
[814.507s] -- Symlinking: /repo/ws/install/include/px4/px4/msg/detail/fuel_tank_status__struct.hpp
[814.521s] -- Symlinking: /repo/ws/install/include/px4/px4/msg/detail/fuel_tank_status__traits.hpp
[814.534s] -- Symlinking: /repo/ws/install/include/px4/px4/msg/detail/fuel_tank_status__type_support.hpp
[814.547s] -- Symlinking: /repo/ws/install/include/px4/px4/msg/detail/generator_status__builder.hpp
[814.560s] -- Symlinking: /repo/ws/install/include/px4/px4/msg/detail/generator_status__struct.hpp
[814.573s] -- Symlinking: /repo/ws/install/include/px4/px4/msg/detail/generator_status__traits.hpp
[814.586s] -- Symlinking: /repo/ws/install/include/px4/px4/msg/detail/generator_status__type_support.hpp
[814.600s] -- Symlinking: /repo/ws/install/include/px4/px4/msg/detail/geofence_result__builder.hpp
[814.615s] -- Symlinking: /repo/ws/install/include/px4/px4/msg/detail/geofence_result__struct.hpp
[814.629s] -- Symlinking: /repo/ws/install/include/px4/px4/msg/detail/geofence_result__traits.hpp
[814.642s] -- Symlinking: /repo/ws/install/include/px4/px4/msg/detail/geofence_result__type_support.hpp
[814.655s] -- Symlinking: /repo/ws/install/include/px4/px4/msg/detail/geofence_status__builder.hpp
[814.668s] -- Symlinking: /repo/ws/install/include/px4/px4/msg/detail/geofence_status__struct.hpp
[814.681s] -- Symlinking: /repo/ws/install/include/px4/px4/msg/detail/geofence_status__traits.hpp
[814.694s] -- Symlinking: /repo/ws/install/include/px4/px4/msg/detail/geofence_status__type_support.hpp
[814.707s] -- Symlinking: /repo/ws/install/include/px4/px4/msg/detail/gimbal_controls__builder.hpp
[814.721s] -- Symlinking: /repo/ws/install/include/px4/px4/msg/detail/gimbal_controls__struct.hpp
[814.735s] -- Symlinking: /repo/ws/install/include/px4/px4/msg/detail/gimbal_controls__traits.hpp
[814.748s] -- Symlinking: /repo/ws/install/include/px4/px4/msg/detail/gimbal_controls__type_support.hpp
[814.761s] -- Symlinking: /repo/ws/install/include/px4/px4/msg/detail/gimbal_device_attitude_status__builder.hpp
[814.774s] -- Symlinking: /repo/ws/install/include/px4/px4/msg/detail/gimbal_device_attitude_status__struct.hpp
[814.787s] -- Symlinking: /repo/ws/install/include/px4/px4/msg/detail/gimbal_device_attitude_status__traits.hpp
[814.800s] -- Symlinking: /repo/ws/install/include/px4/px4/msg/detail/gimbal_device_attitude_status__type_support.hpp
[814.814s] -- Symlinking: /repo/ws/install/include/px4/px4/msg/detail/gimbal_device_information__builder.hpp
[814.828s] -- Symlinking: /repo/ws/install/include/px4/px4/msg/detail/gimbal_device_information__struct.hpp
[814.842s] -- Symlinking: /repo/ws/install/include/px4/px4/msg/detail/gimbal_device_information__traits.hpp
[814.855s] -- Symlinking: /repo/ws/install/include/px4/px4/msg/detail/gimbal_device_information__type_support.hpp
[814.869s] -- Symlinking: /repo/ws/install/include/px4/px4/msg/detail/gimbal_device_set_attitude__builder.hpp
[814.882s] -- Symlinking: /repo/ws/install/include/px4/px4/msg/detail/gimbal_device_set_attitude__struct.hpp
[814.895s] -- Symlinking: /repo/ws/install/include/px4/px4/msg/detail/gimbal_device_set_attitude__traits.hpp
[814.908s] -- Symlinking: /repo/ws/install/include/px4/px4/msg/detail/gimbal_device_set_attitude__type_support.hpp
[814.923s] -- Symlinking: /repo/ws/install/include/px4/px4/msg/detail/gimbal_manager_information__builder.hpp
[814.937s] -- Symlinking: /repo/ws/install/include/px4/px4/msg/detail/gimbal_manager_information__struct.hpp
[814.950s] -- Symlinking: /repo/ws/install/include/px4/px4/msg/detail/gimbal_manager_information__traits.hpp
[814.963s] -- Symlinking: /repo/ws/install/include/px4/px4/msg/detail/gimbal_manager_information__type_support.hpp
[814.976s] -- Symlinking: /repo/ws/install/include/px4/px4/msg/detail/gimbal_manager_set_attitude__builder.hpp
[814.989s] -- Symlinking: /repo/ws/install/include/px4/px4/msg/detail/gimbal_manager_set_attitude__struct.hpp
[815.002s] -- Symlinking: /repo/ws/install/include/px4/px4/msg/detail/gimbal_manager_set_attitude__traits.hpp
[815.017s] -- Symlinking: /repo/ws/install/include/px4/px4/msg/detail/gimbal_manager_set_attitude__type_support.hpp
[815.030s] -- Symlinking: /repo/ws/install/include/px4/px4/msg/detail/gimbal_manager_set_manual_control__builder.hpp
[815.043s] -- Symlinking: /repo/ws/install/include/px4/px4/msg/detail/gimbal_manager_set_manual_control__struct.hpp
[815.056s] -- Symlinking: /repo/ws/install/include/px4/px4/msg/detail/gimbal_manager_set_manual_control__traits.hpp
[815.069s] -- Symlinking: /repo/ws/install/include/px4/px4/msg/detail/gimbal_manager_set_manual_control__type_support.hpp
[815.082s] -- Symlinking: /repo/ws/install/include/px4/px4/msg/detail/gimbal_manager_status__builder.hpp
[815.095s] -- Symlinking: /repo/ws/install/include/px4/px4/msg/detail/gimbal_manager_status__struct.hpp
[815.109s] -- Symlinking: /repo/ws/install/include/px4/px4/msg/detail/gimbal_manager_status__traits.hpp
[815.123s] -- Symlinking: /repo/ws/install/include/px4/px4/msg/detail/gimbal_manager_status__type_support.hpp
[815.137s] -- Symlinking: /repo/ws/install/include/px4/px4/msg/detail/goto_setpoint__builder.hpp
[815.150s] -- Symlinking: /repo/ws/install/include/px4/px4/msg/detail/goto_setpoint__struct.hpp
[815.163s] -- Symlinking: /repo/ws/install/include/px4/px4/msg/detail/goto_setpoint__traits.hpp
[815.176s] -- Symlinking: /repo/ws/install/include/px4/px4/msg/detail/goto_setpoint__type_support.hpp
[815.189s] -- Symlinking: /repo/ws/install/include/px4/px4/msg/detail/gpio_config__builder.hpp
[815.202s] -- Symlinking: /repo/ws/install/include/px4/px4/msg/detail/gpio_config__struct.hpp
[815.217s] -- Symlinking: /repo/ws/install/include/px4/px4/msg/detail/gpio_config__traits.hpp
[815.230s] -- Symlinking: /repo/ws/install/include/px4/px4/msg/detail/gpio_config__type_support.hpp
[815.243s] -- Symlinking: /repo/ws/install/include/px4/px4/msg/detail/gpio_in__builder.hpp
[815.256s] -- Symlinking: /repo/ws/install/include/px4/px4/msg/detail/gpio_in__struct.hpp
[815.269s] -- Symlinking: /repo/ws/install/include/px4/px4/msg/detail/gpio_in__traits.hpp
[815.282s] -- Symlinking: /repo/ws/install/include/px4/px4/msg/detail/gpio_in__type_support.hpp
[815.295s] -- Symlinking: /repo/ws/install/include/px4/px4/msg/detail/gpio_out__builder.hpp
[815.308s] -- Symlinking: /repo/ws/install/include/px4/px4/msg/detail/gpio_out__struct.hpp
[815.322s] -- Symlinking: /repo/ws/install/include/px4/px4/msg/detail/gpio_out__traits.hpp
[815.334s] -- Symlinking: /repo/ws/install/include/px4/px4/msg/detail/gpio_out__type_support.hpp
[815.348s] -- Symlinking: /repo/ws/install/include/px4/px4/msg/detail/gpio_request__builder.hpp
[815.361s] -- Symlinking: /repo/ws/install/include/px4/px4/msg/detail/gpio_request__struct.hpp
[815.374s] -- Symlinking: /repo/ws/install/include/px4/px4/msg/detail/gpio_request__traits.hpp
[815.391s] -- Symlinking: /repo/ws/install/include/px4/px4/msg/detail/gpio_request__type_support.hpp
[815.404s] -- Symlinking: /repo/ws/install/include/px4/px4/msg/detail/gps_dump__builder.hpp
[815.418s] -- Symlinking: /repo/ws/install/include/px4/px4/msg/detail/gps_dump__struct.hpp
[815.431s] -- Symlinking: /repo/ws/install/include/px4/px4/msg/detail/gps_dump__traits.hpp
[815.444s] -- Symlinking: /repo/ws/install/include/px4/px4/msg/detail/gps_dump__type_support.hpp
[815.457s] -- Symlinking: /repo/ws/install/include/px4/px4/msg/detail/gps_inject_data__builder.hpp
[815.470s] -- Symlinking: /repo/ws/install/include/px4/px4/msg/detail/gps_inject_data__struct.hpp
[815.483s] -- Symlinking: /repo/ws/install/include/px4/px4/msg/detail/gps_inject_data__traits.hpp
[815.496s] -- Symlinking: /repo/ws/install/include/px4/px4/msg/detail/gps_inject_data__type_support.hpp
[815.509s] -- Symlinking: /repo/ws/install/include/px4/px4/msg/detail/gripper__builder.hpp
[815.523s] -- Symlinking: /repo/ws/install/include/px4/px4/msg/detail/gripper__struct.hpp
[815.536s] -- Symlinking: /repo/ws/install/include/px4/px4/msg/detail/gripper__traits.hpp
[815.549s] -- Symlinking: /repo/ws/install/include/px4/px4/msg/detail/gripper__type_support.hpp
[815.562s] -- Symlinking: /repo/ws/install/include/px4/px4/msg/detail/health_report__builder.hpp
[815.574s] -- Symlinking: /repo/ws/install/include/px4/px4/msg/detail/health_report__struct.hpp
[815.587s] -- Symlinking: /repo/ws/install/include/px4/px4/msg/detail/health_report__traits.hpp
[815.600s] -- Symlinking: /repo/ws/install/include/px4/px4/msg/detail/health_report__type_support.hpp
[815.614s] -- Symlinking: /repo/ws/install/include/px4/px4/msg/detail/heater_status__builder.hpp
[815.629s] -- Symlinking: /repo/ws/install/include/px4/px4/msg/detail/heater_status__struct.hpp
[815.644s] -- Symlinking: /repo/ws/install/include/px4/px4/msg/detail/heater_status__traits.hpp
[815.657s] -- Symlinking: /repo/ws/install/include/px4/px4/msg/detail/heater_status__type_support.hpp
[815.670s] -- Symlinking: /repo/ws/install/include/px4/px4/msg/detail/home_position__builder.hpp
[815.683s] -- Symlinking: /repo/ws/install/include/px4/px4/msg/detail/home_position__struct.hpp
[815.696s] -- Symlinking: /repo/ws/install/include/px4/px4/msg/detail/home_position__traits.hpp
[815.709s] -- Symlinking: /repo/ws/install/include/px4/px4/msg/detail/home_position__type_support.hpp
[815.723s] -- Symlinking: /repo/ws/install/include/px4/px4/msg/detail/hover_thrust_estimate__builder.hpp
[815.736s] -- Symlinking: /repo/ws/install/include/px4/px4/msg/detail/hover_thrust_estimate__struct.hpp
[815.749s] -- Symlinking: /repo/ws/install/include/px4/px4/msg/detail/hover_thrust_estimate__traits.hpp
[815.762s] -- Symlinking: /repo/ws/install/include/px4/px4/msg/detail/hover_thrust_estimate__type_support.hpp
[815.775s] -- Symlinking: /repo/ws/install/include/px4/px4/msg/detail/input_rc__builder.hpp
[815.788s] -- Symlinking: /repo/ws/install/include/px4/px4/msg/detail/input_rc__struct.hpp
[815.801s] -- Symlinking: /repo/ws/install/include/px4/px4/msg/detail/input_rc__traits.hpp
[815.816s] -- Symlinking: /repo/ws/install/include/px4/px4/msg/detail/input_rc__type_support.hpp
[815.829s] -- Symlinking: /repo/ws/install/include/px4/px4/msg/detail/internal_combustion_engine_control__builder.hpp
[815.844s] -- Symlinking: /repo/ws/install/include/px4/px4/msg/detail/internal_combustion_engine_control__struct.hpp
[815.858s] -- Symlinking: /repo/ws/install/include/px4/px4/msg/detail/internal_combustion_engine_control__traits.hpp
[815.873s] -- Symlinking: /repo/ws/install/include/px4/px4/msg/detail/internal_combustion_engine_control__type_support.hpp
[815.887s] -- Symlinking: /repo/ws/install/include/px4/px4/msg/detail/internal_combustion_engine_status__builder.hpp
[815.901s] -- Symlinking: /repo/ws/install/include/px4/px4/msg/detail/internal_combustion_engine_status__struct.hpp
[815.916s] -- Symlinking: /repo/ws/install/include/px4/px4/msg/detail/internal_combustion_engine_status__traits.hpp
[815.929s] -- Symlinking: /repo/ws/install/include/px4/px4/msg/detail/internal_combustion_engine_status__type_support.hpp
[815.944s] -- Symlinking: /repo/ws/install/include/px4/px4/msg/detail/iridiumsbd_status__builder.hpp
[815.957s] -- Symlinking: /repo/ws/install/include/px4/px4/msg/detail/iridiumsbd_status__struct.hpp
[815.969s] -- Symlinking: /repo/ws/install/include/px4/px4/msg/detail/iridiumsbd_status__traits.hpp
[815.983s] -- Symlinking: /repo/ws/install/include/px4/px4/msg/detail/iridiumsbd_status__type_support.hpp
[815.996s] -- Symlinking: /repo/ws/install/include/px4/px4/msg/detail/irlock_report__builder.hpp
[816.009s] -- Symlinking: /repo/ws/install/include/px4/px4/msg/detail/irlock_report__struct.hpp
[816.023s] -- Symlinking: /repo/ws/install/include/px4/px4/msg/detail/irlock_report__traits.hpp
[816.036s] -- Symlinking: /repo/ws/install/include/px4/px4/msg/detail/irlock_report__type_support.hpp
[816.049s] -- Symlinking: /repo/ws/install/include/px4/px4/msg/detail/landing_gear__builder.hpp
[816.062s] -- Symlinking: /repo/ws/install/include/px4/px4/msg/detail/landing_gear__struct.hpp
[816.075s] -- Symlinking: /repo/ws/install/include/px4/px4/msg/detail/landing_gear__traits.hpp
[816.088s] -- Symlinking: /repo/ws/install/include/px4/px4/msg/detail/landing_gear__type_support.hpp
[816.101s] -- Symlinking: /repo/ws/install/include/px4/px4/msg/detail/landing_gear_wheel__builder.hpp
[816.115s] -- Symlinking: /repo/ws/install/include/px4/px4/msg/detail/landing_gear_wheel__struct.hpp
[816.129s] -- Symlinking: /repo/ws/install/include/px4/px4/msg/detail/landing_gear_wheel__traits.hpp
[816.142s] -- Symlinking: /repo/ws/install/include/px4/px4/msg/detail/landing_gear_wheel__type_support.hpp
[816.155s] -- Symlinking: /repo/ws/install/include/px4/px4/msg/detail/landing_target_innovations__builder.hpp
[816.169s] -- Symlinking: /repo/ws/install/include/px4/px4/msg/detail/landing_target_innovations__struct.hpp
[816.182s] -- Symlinking: /repo/ws/install/include/px4/px4/msg/detail/landing_target_innovations__traits.hpp
[816.196s] -- Symlinking: /repo/ws/install/include/px4/px4/msg/detail/landing_target_innovations__type_support.hpp
[816.210s] -- Symlinking: /repo/ws/install/include/px4/px4/msg/detail/landing_target_pose__builder.hpp
[816.224s] -- Symlinking: /repo/ws/install/include/px4/px4/msg/detail/landing_target_pose__struct.hpp
[816.237s] -- Symlinking: /repo/ws/install/include/px4/px4/msg/detail/landing_target_pose__traits.hpp
[816.251s] -- Symlinking: /repo/ws/install/include/px4/px4/msg/detail/landing_target_pose__type_support.hpp
[816.264s] -- Symlinking: /repo/ws/install/include/px4/px4/msg/detail/launch_detection_status__builder.hpp
[816.277s] -- Symlinking: /repo/ws/install/include/px4/px4/msg/detail/launch_detection_status__struct.hpp
[816.290s] -- Symlinking: /repo/ws/install/include/px4/px4/msg/detail/launch_detection_status__traits.hpp
[816.303s] -- Symlinking: /repo/ws/install/include/px4/px4/msg/detail/launch_detection_status__type_support.hpp
[816.318s] -- Symlinking: /repo/ws/install/include/px4/px4/msg/detail/led_control__builder.hpp
[816.331s] -- Symlinking: /repo/ws/install/include/px4/px4/msg/detail/led_control__struct.hpp
[816.344s] -- Symlinking: /repo/ws/install/include/px4/px4/msg/detail/led_control__traits.hpp
[816.357s] -- Symlinking: /repo/ws/install/include/px4/px4/msg/detail/led_control__type_support.hpp
[816.370s] -- Symlinking: /repo/ws/install/include/px4/px4/msg/detail/log_message__builder.hpp
[816.383s] -- Symlinking: /repo/ws/install/include/px4/px4/msg/detail/log_message__struct.hpp
[816.396s] -- Symlinking: /repo/ws/install/include/px4/px4/msg/detail/log_message__traits.hpp
[816.409s] -- Symlinking: /repo/ws/install/include/px4/px4/msg/detail/log_message__type_support.hpp
[816.423s] -- Symlinking: /repo/ws/install/include/px4/px4/msg/detail/logger_status__builder.hpp
[816.436s] -- Symlinking: /repo/ws/install/include/px4/px4/msg/detail/logger_status__struct.hpp
[816.449s] -- Symlinking: /repo/ws/install/include/px4/px4/msg/detail/logger_status__traits.hpp
[816.463s] -- Symlinking: /repo/ws/install/include/px4/px4/msg/detail/logger_status__type_support.hpp
[816.476s] -- Symlinking: /repo/ws/install/include/px4/px4/msg/detail/mag_worker_data__builder.hpp
[816.489s] -- Symlinking: /repo/ws/install/include/px4/px4/msg/detail/mag_worker_data__struct.hpp
[816.502s] -- Symlinking: /repo/ws/install/include/px4/px4/msg/detail/mag_worker_data__traits.hpp
[816.517s] -- Symlinking: /repo/ws/install/include/px4/px4/msg/detail/mag_worker_data__type_support.hpp
[816.530s] -- Symlinking: /repo/ws/install/include/px4/px4/msg/detail/magnetometer_bias_estimate__builder.hpp
[816.543s] -- Symlinking: /repo/ws/install/include/px4/px4/msg/detail/magnetometer_bias_estimate__struct.hpp
[816.556s] -- Symlinking: /repo/ws/install/include/px4/px4/msg/detail/magnetometer_bias_estimate__traits.hpp
[816.568s] -- Symlinking: /repo/ws/install/include/px4/px4/msg/detail/magnetometer_bias_estimate__type_support.hpp
[816.582s] -- Symlinking: /repo/ws/install/include/px4/px4/msg/detail/manual_control_setpoint__builder.hpp
[816.595s] -- Symlinking: /repo/ws/install/include/px4/px4/msg/detail/manual_control_setpoint__struct.hpp
[816.608s] -- Symlinking: /repo/ws/install/include/px4/px4/msg/detail/manual_control_setpoint__traits.hpp
[816.622s] -- Symlinking: /repo/ws/install/include/px4/px4/msg/detail/manual_control_setpoint__type_support.hpp
[816.636s] -- Symlinking: /repo/ws/install/include/px4/px4/msg/detail/manual_control_switches__builder.hpp
[816.650s] -- Symlinking: /repo/ws/install/include/px4/px4/msg/detail/manual_control_switches__struct.hpp
[816.664s] -- Symlinking: /repo/ws/install/include/px4/px4/msg/detail/manual_control_switches__traits.hpp
[816.677s] -- Symlinking: /repo/ws/install/include/px4/px4/msg/detail/manual_control_switches__type_support.hpp
[816.690s] -- Symlinking: /repo/ws/install/include/px4/px4/msg/detail/mavlink_log__builder.hpp
[816.704s] -- Symlinking: /repo/ws/install/include/px4/px4/msg/detail/mavlink_log__struct.hpp
[816.718s] -- Symlinking: /repo/ws/install/include/px4/px4/msg/detail/mavlink_log__traits.hpp
[816.731s] -- Symlinking: /repo/ws/install/include/px4/px4/msg/detail/mavlink_log__type_support.hpp
[816.745s] -- Symlinking: /repo/ws/install/include/px4/px4/msg/detail/mavlink_tunnel__builder.hpp
[816.758s] -- Symlinking: /repo/ws/install/include/px4/px4/msg/detail/mavlink_tunnel__struct.hpp
[816.771s] -- Symlinking: /repo/ws/install/include/px4/px4/msg/detail/mavlink_tunnel__traits.hpp
[816.784s] -- Symlinking: /repo/ws/install/include/px4/px4/msg/detail/mavlink_tunnel__type_support.hpp
[816.797s] -- Symlinking: /repo/ws/install/include/px4/px4/msg/detail/message_format_request__builder.hpp
[816.810s] -- Symlinking: /repo/ws/install/include/px4/px4/msg/detail/message_format_request__struct.hpp
[816.825s] -- Symlinking: /repo/ws/install/include/px4/px4/msg/detail/message_format_request__traits.hpp
[816.838s] -- Symlinking: /repo/ws/install/include/px4/px4/msg/detail/message_format_request__type_support.hpp
[816.851s] -- Symlinking: /repo/ws/install/include/px4/px4/msg/detail/message_format_response__builder.hpp
[816.864s] -- Symlinking: /repo/ws/install/include/px4/px4/msg/detail/message_format_response__struct.hpp
[816.878s] -- Symlinking: /repo/ws/install/include/px4/px4/msg/detail/message_format_response__traits.hpp
[816.891s] -- Symlinking: /repo/ws/install/include/px4/px4/msg/detail/message_format_response__type_support.hpp
[816.905s] -- Symlinking: /repo/ws/install/include/px4/px4/msg/detail/mission__builder.hpp
[816.919s] -- Symlinking: /repo/ws/install/include/px4/px4/msg/detail/mission__struct.hpp
[816.932s] -- Symlinking: /repo/ws/install/include/px4/px4/msg/detail/mission__traits.hpp
[816.945s] -- Symlinking: /repo/ws/install/include/px4/px4/msg/detail/mission__type_support.hpp
[816.959s] -- Symlinking: /repo/ws/install/include/px4/px4/msg/detail/mission_result__builder.hpp
[816.972s] -- Symlinking: /repo/ws/install/include/px4/px4/msg/detail/mission_result__struct.hpp
[816.986s] -- Symlinking: /repo/ws/install/include/px4/px4/msg/detail/mission_result__traits.hpp
[816.999s] -- Symlinking: /repo/ws/install/include/px4/px4/msg/detail/mission_result__type_support.hpp
[817.012s] -- Symlinking: /repo/ws/install/include/px4/px4/msg/detail/mode_completed__builder.hpp
[817.027s] -- Symlinking: /repo/ws/install/include/px4/px4/msg/detail/mode_completed__struct.hpp
[817.039s] -- Symlinking: /repo/ws/install/include/px4/px4/msg/detail/mode_completed__traits.hpp
[817.052s] -- Symlinking: /repo/ws/install/include/px4/px4/msg/detail/mode_completed__type_support.hpp
[817.066s] -- Symlinking: /repo/ws/install/include/px4/px4/msg/detail/mount_orientation__builder.hpp
[817.079s] -- Symlinking: /repo/ws/install/include/px4/px4/msg/detail/mount_orientation__struct.hpp
[817.092s] -- Symlinking: /repo/ws/install/include/px4/px4/msg/detail/mount_orientation__traits.hpp
[817.105s] -- Symlinking: /repo/ws/install/include/px4/px4/msg/detail/mount_orientation__type_support.hpp
[817.119s] -- Symlinking: /repo/ws/install/include/px4/px4/msg/detail/navigator_mission_item__builder.hpp
[817.132s] -- Symlinking: /repo/ws/install/include/px4/px4/msg/detail/navigator_mission_item__struct.hpp
[817.146s] -- Symlinking: /repo/ws/install/include/px4/px4/msg/detail/navigator_mission_item__traits.hpp
[817.159s] -- Symlinking: /repo/ws/install/include/px4/px4/msg/detail/navigator_mission_item__type_support.hpp
[817.172s] -- Symlinking: /repo/ws/install/include/px4/px4/msg/detail/navigator_status__builder.hpp
[817.185s] -- Symlinking: /repo/ws/install/include/px4/px4/msg/detail/navigator_status__struct.hpp
[817.199s] -- Symlinking: /repo/ws/install/include/px4/px4/msg/detail/navigator_status__traits.hpp
[817.212s] -- Symlinking: /repo/ws/install/include/px4/px4/msg/detail/navigator_status__type_support.hpp
[817.226s] -- Symlinking: /repo/ws/install/include/px4/px4/msg/detail/normalized_unsigned_setpoint__builder.hpp
[817.239s] -- Symlinking: /repo/ws/install/include/px4/px4/msg/detail/normalized_unsigned_setpoint__struct.hpp
[817.254s] -- Symlinking: /repo/ws/install/include/px4/px4/msg/detail/normalized_unsigned_setpoint__traits.hpp
[817.267s] -- Symlinking: /repo/ws/install/include/px4/px4/msg/detail/normalized_unsigned_setpoint__type_support.hpp
[817.281s] -- Symlinking: /repo/ws/install/include/px4/px4/msg/detail/npfg_status__builder.hpp
[817.294s] -- Symlinking: /repo/ws/install/include/px4/px4/msg/detail/npfg_status__struct.hpp
[817.307s] -- Symlinking: /repo/ws/install/include/px4/px4/msg/detail/npfg_status__traits.hpp
[817.321s] -- Symlinking: /repo/ws/install/include/px4/px4/msg/detail/npfg_status__type_support.hpp
[817.334s] -- Symlinking: /repo/ws/install/include/px4/px4/msg/detail/obstacle_distance__builder.hpp
[817.348s] -- Symlinking: /repo/ws/install/include/px4/px4/msg/detail/obstacle_distance__struct.hpp
[817.361s] -- Symlinking: /repo/ws/install/include/px4/px4/msg/detail/obstacle_distance__traits.hpp
[817.375s] -- Symlinking: /repo/ws/install/include/px4/px4/msg/detail/obstacle_distance__type_support.hpp
[817.388s] -- Symlinking: /repo/ws/install/include/px4/px4/msg/detail/offboard_control_mode__builder.hpp
[817.401s] -- Symlinking: /repo/ws/install/include/px4/px4/msg/detail/offboard_control_mode__struct.hpp
[817.415s] -- Symlinking: /repo/ws/install/include/px4/px4/msg/detail/offboard_control_mode__traits.hpp
[817.429s] -- Symlinking: /repo/ws/install/include/px4/px4/msg/detail/offboard_control_mode__type_support.hpp
[817.442s] -- Symlinking: /repo/ws/install/include/px4/px4/msg/detail/onboard_computer_status__builder.hpp
[817.456s] -- Symlinking: /repo/ws/install/include/px4/px4/msg/detail/onboard_computer_status__struct.hpp
[817.469s] -- Symlinking: /repo/ws/install/include/px4/px4/msg/detail/onboard_computer_status__traits.hpp
[817.483s] -- Symlinking: /repo/ws/install/include/px4/px4/msg/detail/onboard_computer_status__type_support.hpp
[817.495s] -- Symlinking: /repo/ws/install/include/px4/px4/msg/detail/open_drone_id_arm_status__builder.hpp
[817.508s] -- Symlinking: /repo/ws/install/include/px4/px4/msg/detail/open_drone_id_arm_status__struct.hpp
[817.523s] -- Symlinking: /repo/ws/install/include/px4/px4/msg/detail/open_drone_id_arm_status__traits.hpp
[817.536s] -- Symlinking: /repo/ws/install/include/px4/px4/msg/detail/open_drone_id_arm_status__type_support.hpp
[817.549s] -- Symlinking: /repo/ws/install/include/px4/px4/msg/detail/open_drone_id_operator_id__builder.hpp
[817.562s] -- Symlinking: /repo/ws/install/include/px4/px4/msg/detail/open_drone_id_operator_id__struct.hpp
[817.575s] -- Symlinking: /repo/ws/install/include/px4/px4/msg/detail/open_drone_id_operator_id__traits.hpp
[817.588s] -- Symlinking: /repo/ws/install/include/px4/px4/msg/detail/open_drone_id_operator_id__type_support.hpp
[817.601s] -- Symlinking: /repo/ws/install/include/px4/px4/msg/detail/open_drone_id_self_id__builder.hpp
[817.615s] -- Symlinking: /repo/ws/install/include/px4/px4/msg/detail/open_drone_id_self_id__struct.hpp
[817.629s] -- Symlinking: /repo/ws/install/include/px4/px4/msg/detail/open_drone_id_self_id__traits.hpp
[817.644s] -- Symlinking: /repo/ws/install/include/px4/px4/msg/detail/open_drone_id_self_id__type_support.hpp
[817.657s] -- Symlinking: /repo/ws/install/include/px4/px4/msg/detail/open_drone_id_system__builder.hpp
[817.670s] -- Symlinking: /repo/ws/install/include/px4/px4/msg/detail/open_drone_id_system__struct.hpp
[817.683s] -- Symlinking: /repo/ws/install/include/px4/px4/msg/detail/open_drone_id_system__traits.hpp
[817.696s] -- Symlinking: /repo/ws/install/include/px4/px4/msg/detail/open_drone_id_system__type_support.hpp
[817.710s] -- Symlinking: /repo/ws/install/include/px4/px4/msg/detail/orb_test__builder.hpp
[817.725s] -- Symlinking: /repo/ws/install/include/px4/px4/msg/detail/orb_test__struct.hpp
[817.738s] -- Symlinking: /repo/ws/install/include/px4/px4/msg/detail/orb_test__traits.hpp
[817.751s] -- Symlinking: /repo/ws/install/include/px4/px4/msg/detail/orb_test__type_support.hpp
[817.765s] -- Symlinking: /repo/ws/install/include/px4/px4/msg/detail/orb_test_large__builder.hpp
[817.778s] -- Symlinking: /repo/ws/install/include/px4/px4/msg/detail/orb_test_large__struct.hpp
[817.791s] -- Symlinking: /repo/ws/install/include/px4/px4/msg/detail/orb_test_large__traits.hpp
[817.805s] -- Symlinking: /repo/ws/install/include/px4/px4/msg/detail/orb_test_large__type_support.hpp
[817.819s] -- Symlinking: /repo/ws/install/include/px4/px4/msg/detail/orb_test_medium__builder.hpp
[817.832s] -- Symlinking: /repo/ws/install/include/px4/px4/msg/detail/orb_test_medium__struct.hpp
[817.845s] -- Symlinking: /repo/ws/install/include/px4/px4/msg/detail/orb_test_medium__traits.hpp
[817.858s] -- Symlinking: /repo/ws/install/include/px4/px4/msg/detail/orb_test_medium__type_support.hpp
[817.872s] -- Symlinking: /repo/ws/install/include/px4/px4/msg/detail/orbit_status__builder.hpp
[817.886s] -- Symlinking: /repo/ws/install/include/px4/px4/msg/detail/orbit_status__struct.hpp
[817.899s] -- Symlinking: /repo/ws/install/include/px4/px4/msg/detail/orbit_status__traits.hpp
[817.912s] -- Symlinking: /repo/ws/install/include/px4/px4/msg/detail/orbit_status__type_support.hpp
[817.926s] -- Symlinking: /repo/ws/install/include/px4/px4/msg/detail/parameter_reset_request__builder.hpp
[817.939s] -- Symlinking: /repo/ws/install/include/px4/px4/msg/detail/parameter_reset_request__struct.hpp
[817.952s] -- Symlinking: /repo/ws/install/include/px4/px4/msg/detail/parameter_reset_request__traits.hpp
[817.965s] -- Symlinking: /repo/ws/install/include/px4/px4/msg/detail/parameter_reset_request__type_support.hpp
[817.978s] -- Symlinking: /repo/ws/install/include/px4/px4/msg/detail/parameter_set_used_request__builder.hpp
[817.992s] -- Symlinking: /repo/ws/install/include/px4/px4/msg/detail/parameter_set_used_request__struct.hpp
[818.005s] -- Symlinking: /repo/ws/install/include/px4/px4/msg/detail/parameter_set_used_request__traits.hpp
[818.019s] -- Symlinking: /repo/ws/install/include/px4/px4/msg/detail/parameter_set_used_request__type_support.hpp
[818.033s] -- Symlinking: /repo/ws/install/include/px4/px4/msg/detail/parameter_set_value_request__builder.hpp
[818.046s] -- Symlinking: /repo/ws/install/include/px4/px4/msg/detail/parameter_set_value_request__struct.hpp
[818.059s] -- Symlinking: /repo/ws/install/include/px4/px4/msg/detail/parameter_set_value_request__traits.hpp
[818.072s] -- Symlinking: /repo/ws/install/include/px4/px4/msg/detail/parameter_set_value_request__type_support.hpp
[818.085s] -- Symlinking: /repo/ws/install/include/px4/px4/msg/detail/parameter_set_value_response__builder.hpp
[818.099s] -- Symlinking: /repo/ws/install/include/px4/px4/msg/detail/parameter_set_value_response__struct.hpp
[818.112s] -- Symlinking: /repo/ws/install/include/px4/px4/msg/detail/parameter_set_value_response__traits.hpp
[818.126s] -- Symlinking: /repo/ws/install/include/px4/px4/msg/detail/parameter_set_value_response__type_support.hpp
[818.139s] -- Symlinking: /repo/ws/install/include/px4/px4/msg/detail/parameter_update__builder.hpp
[818.152s] -- Symlinking: /repo/ws/install/include/px4/px4/msg/detail/parameter_update__struct.hpp
[818.166s] -- Symlinking: /repo/ws/install/include/px4/px4/msg/detail/parameter_update__traits.hpp
[818.179s] -- Symlinking: /repo/ws/install/include/px4/px4/msg/detail/parameter_update__type_support.hpp
[818.192s] -- Symlinking: /repo/ws/install/include/px4/px4/msg/detail/ping__builder.hpp
[818.205s] -- Symlinking: /repo/ws/install/include/px4/px4/msg/detail/ping__struct.hpp
[818.221s] -- Symlinking: /repo/ws/install/include/px4/px4/msg/detail/ping__traits.hpp
[818.235s] -- Symlinking: /repo/ws/install/include/px4/px4/msg/detail/ping__type_support.hpp
[818.248s] -- Symlinking: /repo/ws/install/include/px4/px4/msg/detail/position_controller_landing_status__builder.hpp
[818.261s] -- Symlinking: /repo/ws/install/include/px4/px4/msg/detail/position_controller_landing_status__struct.hpp
[818.274s] -- Symlinking: /repo/ws/install/include/px4/px4/msg/detail/position_controller_landing_status__traits.hpp
[818.286s] -- Symlinking: /repo/ws/install/include/px4/px4/msg/detail/position_controller_landing_status__type_support.hpp
[818.299s] -- Symlinking: /repo/ws/install/include/px4/px4/msg/detail/position_controller_status__builder.hpp
[818.312s] -- Symlinking: /repo/ws/install/include/px4/px4/msg/detail/position_controller_status__struct.hpp
[818.327s] -- Symlinking: /repo/ws/install/include/px4/px4/msg/detail/position_controller_status__traits.hpp
[818.340s] -- Symlinking: /repo/ws/install/include/px4/px4/msg/detail/position_controller_status__type_support.hpp
[818.353s] -- Symlinking: /repo/ws/install/include/px4/px4/msg/detail/position_setpoint__builder.hpp
[818.366s] -- Symlinking: /repo/ws/install/include/px4/px4/msg/detail/position_setpoint__struct.hpp
[818.379s] -- Symlinking: /repo/ws/install/include/px4/px4/msg/detail/position_setpoint__traits.hpp
[818.392s] -- Symlinking: /repo/ws/install/include/px4/px4/msg/detail/position_setpoint__type_support.hpp
[818.406s] -- Symlinking: /repo/ws/install/include/px4/px4/msg/detail/position_setpoint_triplet__builder.hpp
[818.420s] -- Symlinking: /repo/ws/install/include/px4/px4/msg/detail/position_setpoint_triplet__struct.hpp
[818.433s] -- Symlinking: /repo/ws/install/include/px4/px4/msg/detail/position_setpoint_triplet__traits.hpp
[818.446s] -- Symlinking: /repo/ws/install/include/px4/px4/msg/detail/position_setpoint_triplet__type_support.hpp
[818.459s] -- Symlinking: /repo/ws/install/include/px4/px4/msg/detail/power_button_state__builder.hpp
[818.472s] -- Symlinking: /repo/ws/install/include/px4/px4/msg/detail/power_button_state__struct.hpp
[818.485s] -- Symlinking: /repo/ws/install/include/px4/px4/msg/detail/power_button_state__traits.hpp
[818.498s] -- Symlinking: /repo/ws/install/include/px4/px4/msg/detail/power_button_state__type_support.hpp
[818.511s] -- Symlinking: /repo/ws/install/include/px4/px4/msg/detail/power_monitor__builder.hpp
[818.526s] -- Symlinking: /repo/ws/install/include/px4/px4/msg/detail/power_monitor__struct.hpp
[818.539s] -- Symlinking: /repo/ws/install/include/px4/px4/msg/detail/power_monitor__traits.hpp
[818.552s] -- Symlinking: /repo/ws/install/include/px4/px4/msg/detail/power_monitor__type_support.hpp
[818.565s] -- Symlinking: /repo/ws/install/include/px4/px4/msg/detail/pps_capture__builder.hpp
[818.578s] -- Symlinking: /repo/ws/install/include/px4/px4/msg/detail/pps_capture__struct.hpp
[818.591s] -- Symlinking: /repo/ws/install/include/px4/px4/msg/detail/pps_capture__traits.hpp
[818.604s] -- Symlinking: /repo/ws/install/include/px4/px4/msg/detail/pps_capture__type_support.hpp
[818.618s] -- Symlinking: /repo/ws/install/include/px4/px4/msg/detail/pure_pursuit_status__builder.hpp
[818.632s] -- Symlinking: /repo/ws/install/include/px4/px4/msg/detail/pure_pursuit_status__struct.hpp
[818.645s] -- Symlinking: /repo/ws/install/include/px4/px4/msg/detail/pure_pursuit_status__traits.hpp
[818.658s] -- Symlinking: /repo/ws/install/include/px4/px4/msg/detail/pure_pursuit_status__type_support.hpp
[818.671s] -- Symlinking: /repo/ws/install/include/px4/px4/msg/detail/pwm_input__builder.hpp
[818.684s] -- Symlinking: /repo/ws/install/include/px4/px4/msg/detail/pwm_input__struct.hpp
[818.698s] -- Symlinking: /repo/ws/install/include/px4/px4/msg/detail/pwm_input__traits.hpp
[818.711s] -- Symlinking: /repo/ws/install/include/px4/px4/msg/detail/pwm_input__type_support.hpp
[818.725s] -- Symlinking: /repo/ws/install/include/px4/px4/msg/detail/px4io_status__builder.hpp
[818.739s] -- Symlinking: /repo/ws/install/include/px4/px4/msg/detail/px4io_status__struct.hpp
[818.753s] -- Symlinking: /repo/ws/install/include/px4/px4/msg/detail/px4io_status__traits.hpp
[818.767s] -- Symlinking: /repo/ws/install/include/px4/px4/msg/detail/px4io_status__type_support.hpp
[818.780s] -- Symlinking: /repo/ws/install/include/px4/px4/msg/detail/qshell_req__builder.hpp
[818.793s] -- Symlinking: /repo/ws/install/include/px4/px4/msg/detail/qshell_req__struct.hpp
[818.806s] -- Symlinking: /repo/ws/install/include/px4/px4/msg/detail/qshell_req__traits.hpp
[818.821s] -- Symlinking: /repo/ws/install/include/px4/px4/msg/detail/qshell_req__type_support.hpp
[818.834s] -- Symlinking: /repo/ws/install/include/px4/px4/msg/detail/qshell_retval__builder.hpp
[818.846s] -- Symlinking: /repo/ws/install/include/px4/px4/msg/detail/qshell_retval__struct.hpp
[818.859s] -- Symlinking: /repo/ws/install/include/px4/px4/msg/detail/qshell_retval__traits.hpp
[818.873s] -- Symlinking: /repo/ws/install/include/px4/px4/msg/detail/qshell_retval__type_support.hpp
[818.887s] -- Symlinking: /repo/ws/install/include/px4/px4/msg/detail/radio_status__builder.hpp
[818.900s] -- Symlinking: /repo/ws/install/include/px4/px4/msg/detail/radio_status__struct.hpp
[818.915s] -- Symlinking: /repo/ws/install/include/px4/px4/msg/detail/radio_status__traits.hpp
[818.930s] -- Symlinking: /repo/ws/install/include/px4/px4/msg/detail/radio_status__type_support.hpp
[818.944s] -- Symlinking: /repo/ws/install/include/px4/px4/msg/detail/rate_ctrl_status__builder.hpp
[818.958s] -- Symlinking: /repo/ws/install/include/px4/px4/msg/detail/rate_ctrl_status__struct.hpp
[818.972s] -- Symlinking: /repo/ws/install/include/px4/px4/msg/detail/rate_ctrl_status__traits.hpp
[818.986s] -- Symlinking: /repo/ws/install/include/px4/px4/msg/detail/rate_ctrl_status__type_support.hpp
[818.999s] -- Symlinking: /repo/ws/install/include/px4/px4/msg/detail/rc_channels__builder.hpp
[819.014s] -- Symlinking: /repo/ws/install/include/px4/px4/msg/detail/rc_channels__struct.hpp
[819.029s] -- Symlinking: /repo/ws/install/include/px4/px4/msg/detail/rc_channels__traits.hpp
[819.042s] -- Symlinking: /repo/ws/install/include/px4/px4/msg/detail/rc_channels__type_support.hpp
[819.056s] -- Symlinking: /repo/ws/install/include/px4/px4/msg/detail/rc_parameter_map__builder.hpp
[819.069s] -- Symlinking: /repo/ws/install/include/px4/px4/msg/detail/rc_parameter_map__struct.hpp
[819.082s] -- Symlinking: /repo/ws/install/include/px4/px4/msg/detail/rc_parameter_map__traits.hpp
[819.095s] -- Symlinking: /repo/ws/install/include/px4/px4/msg/detail/rc_parameter_map__type_support.hpp
[819.109s] -- Symlinking: /repo/ws/install/include/px4/px4/msg/detail/register_ext_component_reply__builder.hpp
[819.123s] -- Symlinking: /repo/ws/install/include/px4/px4/msg/detail/register_ext_component_reply__struct.hpp
[819.137s] -- Symlinking: /repo/ws/install/include/px4/px4/msg/detail/register_ext_component_reply__traits.hpp
[819.150s] -- Symlinking: /repo/ws/install/include/px4/px4/msg/detail/register_ext_component_reply__type_support.hpp
[819.163s] -- Symlinking: /repo/ws/install/include/px4/px4/msg/detail/register_ext_component_request__builder.hpp
[819.176s] -- Symlinking: /repo/ws/install/include/px4/px4/msg/detail/register_ext_component_request__struct.hpp
[819.189s] -- Symlinking: /repo/ws/install/include/px4/px4/msg/detail/register_ext_component_request__traits.hpp
[819.202s] -- Symlinking: /repo/ws/install/include/px4/px4/msg/detail/register_ext_component_request__type_support.hpp
[819.215s] -- Symlinking: /repo/ws/install/include/px4/px4/msg/detail/rover_attitude_setpoint__builder.hpp
[819.229s] -- Symlinking: /repo/ws/install/include/px4/px4/msg/detail/rover_attitude_setpoint__struct.hpp
[819.242s] -- Symlinking: /repo/ws/install/include/px4/px4/msg/detail/rover_attitude_setpoint__traits.hpp
[819.255s] -- Symlinking: /repo/ws/install/include/px4/px4/msg/detail/rover_attitude_setpoint__type_support.hpp
[819.268s] -- Symlinking: /repo/ws/install/include/px4/px4/msg/detail/rover_attitude_status__builder.hpp
[819.281s] -- Symlinking: /repo/ws/install/include/px4/px4/msg/detail/rover_attitude_status__struct.hpp
[819.294s] -- Symlinking: /repo/ws/install/include/px4/px4/msg/detail/rover_attitude_status__traits.hpp
[819.307s] -- Symlinking: /repo/ws/install/include/px4/px4/msg/detail/rover_attitude_status__type_support.hpp
[819.321s] -- Symlinking: /repo/ws/install/include/px4/px4/msg/detail/rover_position_setpoint__builder.hpp
[819.334s] -- Symlinking: /repo/ws/install/include/px4/px4/msg/detail/rover_position_setpoint__struct.hpp
[819.347s] -- Symlinking: /repo/ws/install/include/px4/px4/msg/detail/rover_position_setpoint__traits.hpp
[819.360s] -- Symlinking: /repo/ws/install/include/px4/px4/msg/detail/rover_position_setpoint__type_support.hpp
[819.374s] -- Symlinking: /repo/ws/install/include/px4/px4/msg/detail/rover_rate_setpoint__builder.hpp
[819.388s] -- Symlinking: /repo/ws/install/include/px4/px4/msg/detail/rover_rate_setpoint__struct.hpp
[819.400s] -- Symlinking: /repo/ws/install/include/px4/px4/msg/detail/rover_rate_setpoint__traits.hpp
[819.414s] -- Symlinking: /repo/ws/install/include/px4/px4/msg/detail/rover_rate_setpoint__type_support.hpp
[819.428s] -- Symlinking: /repo/ws/install/include/px4/px4/msg/detail/rover_rate_status__builder.hpp
[819.441s] -- Symlinking: /repo/ws/install/include/px4/px4/msg/detail/rover_rate_status__struct.hpp
[819.454s] -- Symlinking: /repo/ws/install/include/px4/px4/msg/detail/rover_rate_status__traits.hpp
[819.467s] -- Symlinking: /repo/ws/install/include/px4/px4/msg/detail/rover_rate_status__type_support.hpp
[819.480s] -- Symlinking: /repo/ws/install/include/px4/px4/msg/detail/rover_steering_setpoint__builder.hpp
[819.493s] -- Symlinking: /repo/ws/install/include/px4/px4/msg/detail/rover_steering_setpoint__struct.hpp
[819.506s] -- Symlinking: /repo/ws/install/include/px4/px4/msg/detail/rover_steering_setpoint__traits.hpp
[819.521s] -- Symlinking: /repo/ws/install/include/px4/px4/msg/detail/rover_steering_setpoint__type_support.hpp
[819.535s] -- Symlinking: /repo/ws/install/include/px4/px4/msg/detail/rover_throttle_setpoint__builder.hpp
[819.548s] -- Symlinking: /repo/ws/install/include/px4/px4/msg/detail/rover_throttle_setpoint__struct.hpp
[819.560s] -- Symlinking: /repo/ws/install/include/px4/px4/msg/detail/rover_throttle_setpoint__traits.hpp
[819.574s] -- Symlinking: /repo/ws/install/include/px4/px4/msg/detail/rover_throttle_setpoint__type_support.hpp
[819.586s] -- Symlinking: /repo/ws/install/include/px4/px4/msg/detail/rover_velocity_status__builder.hpp
[819.599s] -- Symlinking: /repo/ws/install/include/px4/px4/msg/detail/rover_velocity_status__struct.hpp
[819.613s] -- Symlinking: /repo/ws/install/include/px4/px4/msg/detail/rover_velocity_status__traits.hpp
[819.627s] -- Symlinking: /repo/ws/install/include/px4/px4/msg/detail/rover_velocity_status__type_support.hpp
[819.640s] -- Symlinking: /repo/ws/install/include/px4/px4/msg/detail/rpm__builder.hpp
[819.653s] -- Symlinking: /repo/ws/install/include/px4/px4/msg/detail/rpm__struct.hpp
[819.666s] -- Symlinking: /repo/ws/install/include/px4/px4/msg/detail/rpm__traits.hpp
[819.679s] -- Symlinking: /repo/ws/install/include/px4/px4/msg/detail/rpm__type_support.hpp
[819.692s] -- Symlinking: /repo/ws/install/include/px4/px4/msg/detail/rtl_status__builder.hpp
[819.705s] -- Symlinking: /repo/ws/install/include/px4/px4/msg/detail/rtl_status__struct.hpp
[819.720s] -- Symlinking: /repo/ws/install/include/px4/px4/msg/detail/rtl_status__traits.hpp
[819.733s] -- Symlinking: /repo/ws/install/include/px4/px4/msg/detail/rtl_status__type_support.hpp
[819.746s] -- Symlinking: /repo/ws/install/include/px4/px4/msg/detail/rtl_time_estimate__builder.hpp
[819.759s] -- Symlinking: /repo/ws/install/include/px4/px4/msg/detail/rtl_time_estimate__struct.hpp
[819.772s] -- Symlinking: /repo/ws/install/include/px4/px4/msg/detail/rtl_time_estimate__traits.hpp
[819.785s] -- Symlinking: /repo/ws/install/include/px4/px4/msg/detail/rtl_time_estimate__type_support.hpp
[819.798s] -- Symlinking: /repo/ws/install/include/px4/px4/msg/detail/satellite_info__builder.hpp
[819.811s] -- Symlinking: /repo/ws/install/include/px4/px4/msg/detail/satellite_info__struct.hpp
[819.825s] -- Symlinking: /repo/ws/install/include/px4/px4/msg/detail/satellite_info__traits.hpp
[819.838s] -- Symlinking: /repo/ws/install/include/px4/px4/msg/detail/satellite_info__type_support.hpp
[819.851s] -- Symlinking: /repo/ws/install/include/px4/px4/msg/detail/sensor_accel__builder.hpp
[819.865s] -- Symlinking: /repo/ws/install/include/px4/px4/msg/detail/sensor_accel__struct.hpp
[819.878s] -- Symlinking: /repo/ws/install/include/px4/px4/msg/detail/sensor_accel__traits.hpp
[819.891s] -- Symlinking: /repo/ws/install/include/px4/px4/msg/detail/sensor_accel__type_support.hpp
[819.905s] -- Symlinking: /repo/ws/install/include/px4/px4/msg/detail/sensor_accel_fifo__builder.hpp
[819.919s] -- Symlinking: /repo/ws/install/include/px4/px4/msg/detail/sensor_accel_fifo__struct.hpp
[819.932s] -- Symlinking: /repo/ws/install/include/px4/px4/msg/detail/sensor_accel_fifo__traits.hpp
[819.946s] -- Symlinking: /repo/ws/install/include/px4/px4/msg/detail/sensor_accel_fifo__type_support.hpp
[819.959s] -- Symlinking: /repo/ws/install/include/px4/px4/msg/detail/sensor_airflow__builder.hpp
[819.971s] -- Symlinking: /repo/ws/install/include/px4/px4/msg/detail/sensor_airflow__struct.hpp
[819.985s] -- Symlinking: /repo/ws/install/include/px4/px4/msg/detail/sensor_airflow__traits.hpp
[819.998s] -- Symlinking: /repo/ws/install/include/px4/px4/msg/detail/sensor_airflow__type_support.hpp
[820.011s] -- Symlinking: /repo/ws/install/include/px4/px4/msg/detail/sensor_baro__builder.hpp
[820.025s] -- Symlinking: /repo/ws/install/include/px4/px4/msg/detail/sensor_baro__struct.hpp
[820.038s] -- Symlinking: /repo/ws/install/include/px4/px4/msg/detail/sensor_baro__traits.hpp
[820.051s] -- Symlinking: /repo/ws/install/include/px4/px4/msg/detail/sensor_baro__type_support.hpp
[820.065s] -- Symlinking: /repo/ws/install/include/px4/px4/msg/detail/sensor_combined__builder.hpp
[820.077s] -- Symlinking: /repo/ws/install/include/px4/px4/msg/detail/sensor_combined__struct.hpp
[820.090s] -- Symlinking: /repo/ws/install/include/px4/px4/msg/detail/sensor_combined__traits.hpp
[820.104s] -- Symlinking: /repo/ws/install/include/px4/px4/msg/detail/sensor_combined__type_support.hpp
[820.118s] -- Symlinking: /repo/ws/install/include/px4/px4/msg/detail/sensor_correction__builder.hpp
[820.132s] -- Symlinking: /repo/ws/install/include/px4/px4/msg/detail/sensor_correction__struct.hpp
[820.145s] -- Symlinking: /repo/ws/install/include/px4/px4/msg/detail/sensor_correction__traits.hpp
[820.158s] -- Symlinking: /repo/ws/install/include/px4/px4/msg/detail/sensor_correction__type_support.hpp
[820.171s] -- Symlinking: /repo/ws/install/include/px4/px4/msg/detail/sensor_gnss_relative__builder.hpp
[820.185s] -- Symlinking: /repo/ws/install/include/px4/px4/msg/detail/sensor_gnss_relative__struct.hpp
[820.198s] -- Symlinking: /repo/ws/install/include/px4/px4/msg/detail/sensor_gnss_relative__traits.hpp
[820.211s] -- Symlinking: /repo/ws/install/include/px4/px4/msg/detail/sensor_gnss_relative__type_support.hpp
[820.225s] -- Symlinking: /repo/ws/install/include/px4/px4/msg/detail/sensor_gps__builder.hpp
[820.238s] -- Symlinking: /repo/ws/install/include/px4/px4/msg/detail/sensor_gps__struct.hpp
[820.252s] -- Symlinking: /repo/ws/install/include/px4/px4/msg/detail/sensor_gps__traits.hpp
[820.266s] -- Symlinking: /repo/ws/install/include/px4/px4/msg/detail/sensor_gps__type_support.hpp
[820.280s] -- Symlinking: /repo/ws/install/include/px4/px4/msg/detail/sensor_gyro__builder.hpp
[820.293s] -- Symlinking: /repo/ws/install/include/px4/px4/msg/detail/sensor_gyro__struct.hpp
[820.307s] -- Symlinking: /repo/ws/install/include/px4/px4/msg/detail/sensor_gyro__traits.hpp
[820.321s] -- Symlinking: /repo/ws/install/include/px4/px4/msg/detail/sensor_gyro__type_support.hpp
[820.335s] -- Symlinking: /repo/ws/install/include/px4/px4/msg/detail/sensor_gyro_fft__builder.hpp
[820.348s] -- Symlinking: /repo/ws/install/include/px4/px4/msg/detail/sensor_gyro_fft__struct.hpp
[820.361s] -- Symlinking: /repo/ws/install/include/px4/px4/msg/detail/sensor_gyro_fft__traits.hpp
[820.374s] -- Symlinking: /repo/ws/install/include/px4/px4/msg/detail/sensor_gyro_fft__type_support.hpp
[820.388s] -- Symlinking: /repo/ws/install/include/px4/px4/msg/detail/sensor_gyro_fifo__builder.hpp
[820.401s] -- Symlinking: /repo/ws/install/include/px4/px4/msg/detail/sensor_gyro_fifo__struct.hpp
[820.414s] -- Symlinking: /repo/ws/install/include/px4/px4/msg/detail/sensor_gyro_fifo__traits.hpp
[820.428s] -- Symlinking: /repo/ws/install/include/px4/px4/msg/detail/sensor_gyro_fifo__type_support.hpp
[820.440s] -- Symlinking: /repo/ws/install/include/px4/px4/msg/detail/sensor_hygrometer__builder.hpp
[820.453s] -- Symlinking: /repo/ws/install/include/px4/px4/msg/detail/sensor_hygrometer__struct.hpp
[820.467s] -- Symlinking: /repo/ws/install/include/px4/px4/msg/detail/sensor_hygrometer__traits.hpp
[820.480s] -- Symlinking: /repo/ws/install/include/px4/px4/msg/detail/sensor_hygrometer__type_support.hpp
[820.492s] -- Symlinking: /repo/ws/install/include/px4/px4/msg/detail/sensor_mag__builder.hpp
[820.506s] -- Symlinking: /repo/ws/install/include/px4/px4/msg/detail/sensor_mag__struct.hpp
[820.520s] -- Symlinking: /repo/ws/install/include/px4/px4/msg/detail/sensor_mag__traits.hpp
[820.533s] -- Symlinking: /repo/ws/install/include/px4/px4/msg/detail/sensor_mag__type_support.hpp
[820.547s] -- Symlinking: /repo/ws/install/include/px4/px4/msg/detail/sensor_optical_flow__builder.hpp
[820.559s] -- Symlinking: /repo/ws/install/include/px4/px4/msg/detail/sensor_optical_flow__struct.hpp
[820.572s] -- Symlinking: /repo/ws/install/include/px4/px4/msg/detail/sensor_optical_flow__traits.hpp
[820.585s] -- Symlinking: /repo/ws/install/include/px4/px4/msg/detail/sensor_optical_flow__type_support.hpp
[820.598s] -- Symlinking: /repo/ws/install/include/px4/px4/msg/detail/sensor_preflight_mag__builder.hpp
[820.611s] -- Symlinking: /repo/ws/install/include/px4/px4/msg/detail/sensor_preflight_mag__struct.hpp
[820.626s] -- Symlinking: /repo/ws/install/include/px4/px4/msg/detail/sensor_preflight_mag__traits.hpp
[820.638s] -- Symlinking: /repo/ws/install/include/px4/px4/msg/detail/sensor_preflight_mag__type_support.hpp
[820.651s] -- Symlinking: /repo/ws/install/include/px4/px4/msg/detail/sensor_selection__builder.hpp
[820.665s] -- Symlinking: /repo/ws/install/include/px4/px4/msg/detail/sensor_selection__struct.hpp
[820.677s] -- Symlinking: /repo/ws/install/include/px4/px4/msg/detail/sensor_selection__traits.hpp
[820.690s] -- Symlinking: /repo/ws/install/include/px4/px4/msg/detail/sensor_selection__type_support.hpp
[820.703s] -- Symlinking: /repo/ws/install/include/px4/px4/msg/detail/sensor_uwb__builder.hpp
[820.716s] -- Symlinking: /repo/ws/install/include/px4/px4/msg/detail/sensor_uwb__struct.hpp
[820.730s] -- Symlinking: /repo/ws/install/include/px4/px4/msg/detail/sensor_uwb__traits.hpp
[820.744s] -- Symlinking: /repo/ws/install/include/px4/px4/msg/detail/sensor_uwb__type_support.hpp
[820.757s] -- Symlinking: /repo/ws/install/include/px4/px4/msg/detail/sensors_status__builder.hpp
[820.770s] -- Symlinking: /repo/ws/install/include/px4/px4/msg/detail/sensors_status__struct.hpp
[820.783s] -- Symlinking: /repo/ws/install/include/px4/px4/msg/detail/sensors_status__traits.hpp
[820.796s] -- Symlinking: /repo/ws/install/include/px4/px4/msg/detail/sensors_status__type_support.hpp
[820.810s] -- Symlinking: /repo/ws/install/include/px4/px4/msg/detail/sensors_status_imu__builder.hpp
[820.825s] -- Symlinking: /repo/ws/install/include/px4/px4/msg/detail/sensors_status_imu__struct.hpp
[820.838s] -- Symlinking: /repo/ws/install/include/px4/px4/msg/detail/sensors_status_imu__traits.hpp
[820.851s] -- Symlinking: /repo/ws/install/include/px4/px4/msg/detail/sensors_status_imu__type_support.hpp
[820.864s] -- Symlinking: /repo/ws/install/include/px4/px4/msg/detail/system_power__builder.hpp
[820.878s] -- Symlinking: /repo/ws/install/include/px4/px4/msg/detail/system_power__struct.hpp
[820.890s] -- Symlinking: /repo/ws/install/include/px4/px4/msg/detail/system_power__traits.hpp
[820.904s] -- Symlinking: /repo/ws/install/include/px4/px4/msg/detail/system_power__type_support.hpp
[820.918s] -- Symlinking: /repo/ws/install/include/px4/px4/msg/detail/takeoff_status__builder.hpp
[820.932s] -- Symlinking: /repo/ws/install/include/px4/px4/msg/detail/takeoff_status__struct.hpp
[820.945s] -- Symlinking: /repo/ws/install/include/px4/px4/msg/detail/takeoff_status__traits.hpp
[820.958s] -- Symlinking: /repo/ws/install/include/px4/px4/msg/detail/takeoff_status__type_support.hpp
[820.971s] -- Symlinking: /repo/ws/install/include/px4/px4/msg/detail/task_stack_info__builder.hpp
[820.984s] -- Symlinking: /repo/ws/install/include/px4/px4/msg/detail/task_stack_info__struct.hpp
[820.997s] -- Symlinking: /repo/ws/install/include/px4/px4/msg/detail/task_stack_info__traits.hpp
[821.011s] -- Symlinking: /repo/ws/install/include/px4/px4/msg/detail/task_stack_info__type_support.hpp
[821.026s] -- Symlinking: /repo/ws/install/include/px4/px4/msg/detail/tecs_status__builder.hpp
[821.039s] -- Symlinking: /repo/ws/install/include/px4/px4/msg/detail/tecs_status__struct.hpp
[821.052s] -- Symlinking: /repo/ws/install/include/px4/px4/msg/detail/tecs_status__traits.hpp
[821.065s] -- Symlinking: /repo/ws/install/include/px4/px4/msg/detail/tecs_status__type_support.hpp
[821.078s] -- Symlinking: /repo/ws/install/include/px4/px4/msg/detail/telemetry_status__builder.hpp
[821.091s] -- Symlinking: /repo/ws/install/include/px4/px4/msg/detail/telemetry_status__struct.hpp
[821.105s] -- Symlinking: /repo/ws/install/include/px4/px4/msg/detail/telemetry_status__traits.hpp
[821.118s] -- Symlinking: /repo/ws/install/include/px4/px4/msg/detail/telemetry_status__type_support.hpp
[821.132s] -- Symlinking: /repo/ws/install/include/px4/px4/msg/detail/tiltrotor_extra_controls__builder.hpp
[821.145s] -- Symlinking: /repo/ws/install/include/px4/px4/msg/detail/tiltrotor_extra_controls__struct.hpp
[821.159s] -- Symlinking: /repo/ws/install/include/px4/px4/msg/detail/tiltrotor_extra_controls__traits.hpp
[821.172s] -- Symlinking: /repo/ws/install/include/px4/px4/msg/detail/tiltrotor_extra_controls__type_support.hpp
[821.185s] -- Symlinking: /repo/ws/install/include/px4/px4/msg/detail/timesync_status__builder.hpp
[821.198s] -- Symlinking: /repo/ws/install/include/px4/px4/msg/detail/timesync_status__struct.hpp
[821.211s] -- Symlinking: /repo/ws/install/include/px4/px4/msg/detail/timesync_status__traits.hpp
[821.226s] -- Symlinking: /repo/ws/install/include/px4/px4/msg/detail/timesync_status__type_support.hpp
[821.239s] -- Symlinking: /repo/ws/install/include/px4/px4/msg/detail/trajectory_setpoint6dof__builder.hpp
[821.252s] -- Symlinking: /repo/ws/install/include/px4/px4/msg/detail/trajectory_setpoint6dof__struct.hpp
[821.266s] -- Symlinking: /repo/ws/install/include/px4/px4/msg/detail/trajectory_setpoint6dof__traits.hpp
[821.278s] -- Symlinking: /repo/ws/install/include/px4/px4/msg/detail/trajectory_setpoint6dof__type_support.hpp
[821.291s] -- Symlinking: /repo/ws/install/include/px4/px4/msg/detail/trajectory_setpoint__builder.hpp
[821.305s] -- Symlinking: /repo/ws/install/include/px4/px4/msg/detail/trajectory_setpoint__struct.hpp
[821.318s] -- Symlinking: /repo/ws/install/include/px4/px4/msg/detail/trajectory_setpoint__traits.hpp
[821.332s] -- Symlinking: /repo/ws/install/include/px4/px4/msg/detail/trajectory_setpoint__type_support.hpp
[821.345s] -- Symlinking: /repo/ws/install/include/px4/px4/msg/detail/transponder_report__builder.hpp
[821.358s] -- Symlinking: /repo/ws/install/include/px4/px4/msg/detail/transponder_report__struct.hpp
[821.371s] -- Symlinking: /repo/ws/install/include/px4/px4/msg/detail/transponder_report__traits.hpp
[821.385s] -- Symlinking: /repo/ws/install/include/px4/px4/msg/detail/transponder_report__type_support.hpp
[821.398s] -- Symlinking: /repo/ws/install/include/px4/px4/msg/detail/tune_control__builder.hpp
[821.411s] -- Symlinking: /repo/ws/install/include/px4/px4/msg/detail/tune_control__struct.hpp
[821.425s] -- Symlinking: /repo/ws/install/include/px4/px4/msg/detail/tune_control__traits.hpp
[821.438s] -- Symlinking: /repo/ws/install/include/px4/px4/msg/detail/tune_control__type_support.hpp
[821.451s] -- Symlinking: /repo/ws/install/include/px4/px4/msg/detail/uavcan_parameter_request__builder.hpp
[821.465s] -- Symlinking: /repo/ws/install/include/px4/px4/msg/detail/uavcan_parameter_request__struct.hpp
[821.478s] -- Symlinking: /repo/ws/install/include/px4/px4/msg/detail/uavcan_parameter_request__traits.hpp
[821.490s] -- Symlinking: /repo/ws/install/include/px4/px4/msg/detail/uavcan_parameter_request__type_support.hpp
[821.504s] -- Symlinking: /repo/ws/install/include/px4/px4/msg/detail/uavcan_parameter_value__builder.hpp
[821.516s] -- Symlinking: /repo/ws/install/include/px4/px4/msg/detail/uavcan_parameter_value__struct.hpp
[821.530s] -- Symlinking: /repo/ws/install/include/px4/px4/msg/detail/uavcan_parameter_value__traits.hpp
[821.543s] -- Symlinking: /repo/ws/install/include/px4/px4/msg/detail/uavcan_parameter_value__type_support.hpp
[821.557s] -- Symlinking: /repo/ws/install/include/px4/px4/msg/detail/ulog_stream__builder.hpp
[821.569s] -- Symlinking: /repo/ws/install/include/px4/px4/msg/detail/ulog_stream__struct.hpp
[821.583s] -- Symlinking: /repo/ws/install/include/px4/px4/msg/detail/ulog_stream__traits.hpp
[821.596s] -- Symlinking: /repo/ws/install/include/px4/px4/msg/detail/ulog_stream__type_support.hpp
[821.609s] -- Symlinking: /repo/ws/install/include/px4/px4/msg/detail/ulog_stream_ack__builder.hpp
[821.624s] -- Symlinking: /repo/ws/install/include/px4/px4/msg/detail/ulog_stream_ack__struct.hpp
[821.636s] -- Symlinking: /repo/ws/install/include/px4/px4/msg/detail/ulog_stream_ack__traits.hpp
[821.649s] -- Symlinking: /repo/ws/install/include/px4/px4/msg/detail/ulog_stream_ack__type_support.hpp
[821.666s] -- Symlinking: /repo/ws/install/include/px4/px4/msg/detail/unregister_ext_component__builder.hpp
[821.679s] -- Symlinking: /repo/ws/install/include/px4/px4/msg/detail/unregister_ext_component__struct.hpp
[821.692s] -- Symlinking: /repo/ws/install/include/px4/px4/msg/detail/unregister_ext_component__traits.hpp
[821.705s] -- Symlinking: /repo/ws/install/include/px4/px4/msg/detail/unregister_ext_component__type_support.hpp
[821.718s] -- Symlinking: /repo/ws/install/include/px4/px4/msg/detail/vehicle_acceleration__builder.hpp
[821.732s] -- Symlinking: /repo/ws/install/include/px4/px4/msg/detail/vehicle_acceleration__struct.hpp
[821.745s] -- Symlinking: /repo/ws/install/include/px4/px4/msg/detail/vehicle_acceleration__traits.hpp
[821.759s] -- Symlinking: /repo/ws/install/include/px4/px4/msg/detail/vehicle_acceleration__type_support.hpp
[821.772s] -- Symlinking: /repo/ws/install/include/px4/px4/msg/detail/vehicle_air_data__builder.hpp
[821.785s] -- Symlinking: /repo/ws/install/include/px4/px4/msg/detail/vehicle_air_data__struct.hpp
[821.798s] -- Symlinking: /repo/ws/install/include/px4/px4/msg/detail/vehicle_air_data__traits.hpp
[821.811s] -- Symlinking: /repo/ws/install/include/px4/px4/msg/detail/vehicle_air_data__type_support.hpp
[821.825s] -- Symlinking: /repo/ws/install/include/px4/px4/msg/detail/vehicle_angular_acceleration_setpoint__builder.hpp
[821.838s] -- Symlinking: /repo/ws/install/include/px4/px4/msg/detail/vehicle_angular_acceleration_setpoint__struct.hpp
[821.851s] -- Symlinking: /repo/ws/install/include/px4/px4/msg/detail/vehicle_angular_acceleration_setpoint__traits.hpp
[821.864s] -- Symlinking: /repo/ws/install/include/px4/px4/msg/detail/vehicle_angular_acceleration_setpoint__type_support.hpp
[821.878s] -- Symlinking: /repo/ws/install/include/px4/px4/msg/detail/vehicle_angular_velocity__builder.hpp
[821.891s] -- Symlinking: /repo/ws/install/include/px4/px4/msg/detail/vehicle_angular_velocity__struct.hpp
[821.904s] -- Symlinking: /repo/ws/install/include/px4/px4/msg/detail/vehicle_angular_velocity__traits.hpp
[821.917s] -- Symlinking: /repo/ws/install/include/px4/px4/msg/detail/vehicle_angular_velocity__type_support.hpp
[821.931s] -- Symlinking: /repo/ws/install/include/px4/px4/msg/detail/vehicle_attitude__builder.hpp
[821.945s] -- Symlinking: /repo/ws/install/include/px4/px4/msg/detail/vehicle_attitude__struct.hpp
[821.958s] -- Symlinking: /repo/ws/install/include/px4/px4/msg/detail/vehicle_attitude__traits.hpp
[821.972s] -- Symlinking: /repo/ws/install/include/px4/px4/msg/detail/vehicle_attitude__type_support.hpp
[821.986s] -- Symlinking: /repo/ws/install/include/px4/px4/msg/detail/vehicle_attitude_setpoint__builder.hpp
[822.000s] -- Symlinking: /repo/ws/install/include/px4/px4/msg/detail/vehicle_attitude_setpoint__struct.hpp
[822.013s] -- Symlinking: /repo/ws/install/include/px4/px4/msg/detail/vehicle_attitude_setpoint__traits.hpp
[822.028s] -- Symlinking: /repo/ws/install/include/px4/px4/msg/detail/vehicle_attitude_setpoint__type_support.hpp
[822.041s] -- Symlinking: /repo/ws/install/include/px4/px4/msg/detail/vehicle_command__builder.hpp
[822.054s] -- Symlinking: /repo/ws/install/include/px4/px4/msg/detail/vehicle_command__struct.hpp
[822.067s] -- Symlinking: /repo/ws/install/include/px4/px4/msg/detail/vehicle_command__traits.hpp
[822.080s] -- Symlinking: /repo/ws/install/include/px4/px4/msg/detail/vehicle_command__type_support.hpp
[822.093s] -- Symlinking: /repo/ws/install/include/px4/px4/msg/detail/vehicle_command_ack__builder.hpp
[822.106s] -- Symlinking: /repo/ws/install/include/px4/px4/msg/detail/vehicle_command_ack__struct.hpp
[822.120s] -- Symlinking: /repo/ws/install/include/px4/px4/msg/detail/vehicle_command_ack__traits.hpp
[822.134s] -- Symlinking: /repo/ws/install/include/px4/px4/msg/detail/vehicle_command_ack__type_support.hpp
[822.146s] -- Symlinking: /repo/ws/install/include/px4/px4/msg/detail/vehicle_constraints__builder.hpp
[822.160s] -- Symlinking: /repo/ws/install/include/px4/px4/msg/detail/vehicle_constraints__struct.hpp
[822.173s] -- Symlinking: /repo/ws/install/include/px4/px4/msg/detail/vehicle_constraints__traits.hpp
[822.186s] -- Symlinking: /repo/ws/install/include/px4/px4/msg/detail/vehicle_constraints__type_support.hpp
[822.199s] -- Symlinking: /repo/ws/install/include/px4/px4/msg/detail/vehicle_control_mode__builder.hpp
[822.212s] -- Symlinking: /repo/ws/install/include/px4/px4/msg/detail/vehicle_control_mode__struct.hpp
[822.227s] -- Symlinking: /repo/ws/install/include/px4/px4/msg/detail/vehicle_control_mode__traits.hpp
[822.240s] -- Symlinking: /repo/ws/install/include/px4/px4/msg/detail/vehicle_control_mode__type_support.hpp
[822.253s] -- Symlinking: /repo/ws/install/include/px4/px4/msg/detail/vehicle_global_position__builder.hpp
[822.266s] -- Symlinking: /repo/ws/install/include/px4/px4/msg/detail/vehicle_global_position__struct.hpp
[822.280s] -- Symlinking: /repo/ws/install/include/px4/px4/msg/detail/vehicle_global_position__traits.hpp
[822.293s] -- Symlinking: /repo/ws/install/include/px4/px4/msg/detail/vehicle_global_position__type_support.hpp
[822.306s] -- Symlinking: /repo/ws/install/include/px4/px4/msg/detail/vehicle_imu__builder.hpp
[822.319s] -- Symlinking: /repo/ws/install/include/px4/px4/msg/detail/vehicle_imu__struct.hpp
[822.333s] -- Symlinking: /repo/ws/install/include/px4/px4/msg/detail/vehicle_imu__traits.hpp
[822.346s] -- Symlinking: /repo/ws/install/include/px4/px4/msg/detail/vehicle_imu__type_support.hpp
[822.359s] -- Symlinking: /repo/ws/install/include/px4/px4/msg/detail/vehicle_imu_status__builder.hpp
[822.373s] -- Symlinking: /repo/ws/install/include/px4/px4/msg/detail/vehicle_imu_status__struct.hpp
[822.386s] -- Symlinking: /repo/ws/install/include/px4/px4/msg/detail/vehicle_imu_status__traits.hpp
[822.399s] -- Symlinking: /repo/ws/install/include/px4/px4/msg/detail/vehicle_imu_status__type_support.hpp
[822.412s] -- Symlinking: /repo/ws/install/include/px4/px4/msg/detail/vehicle_land_detected__builder.hpp
[822.427s] -- Symlinking: /repo/ws/install/include/px4/px4/msg/detail/vehicle_land_detected__struct.hpp
[822.440s] -- Symlinking: /repo/ws/install/include/px4/px4/msg/detail/vehicle_land_detected__traits.hpp
[822.453s] -- Symlinking: /repo/ws/install/include/px4/px4/msg/detail/vehicle_land_detected__type_support.hpp
[822.466s] -- Symlinking: /repo/ws/install/include/px4/px4/msg/detail/vehicle_local_position__builder.hpp
[822.479s] -- Symlinking: /repo/ws/install/include/px4/px4/msg/detail/vehicle_local_position__struct.hpp
[822.492s] -- Symlinking: /repo/ws/install/include/px4/px4/msg/detail/vehicle_local_position__traits.hpp
[822.505s] -- Symlinking: /repo/ws/install/include/px4/px4/msg/detail/vehicle_local_position__type_support.hpp
[822.518s] -- Symlinking: /repo/ws/install/include/px4/px4/msg/detail/vehicle_local_position_setpoint__builder.hpp
[822.532s] -- Symlinking: /repo/ws/install/include/px4/px4/msg/detail/vehicle_local_position_setpoint__struct.hpp
[822.545s] -- Symlinking: /repo/ws/install/include/px4/px4/msg/detail/vehicle_local_position_setpoint__traits.hpp
[822.558s] -- Symlinking: /repo/ws/install/include/px4/px4/msg/detail/vehicle_local_position_setpoint__type_support.hpp
[822.571s] -- Symlinking: /repo/ws/install/include/px4/px4/msg/detail/vehicle_magnetometer__builder.hpp
[822.584s] -- Symlinking: /repo/ws/install/include/px4/px4/msg/detail/vehicle_magnetometer__struct.hpp
[822.597s] -- Symlinking: /repo/ws/install/include/px4/px4/msg/detail/vehicle_magnetometer__traits.hpp
[822.610s] -- Symlinking: /repo/ws/install/include/px4/px4/msg/detail/vehicle_magnetometer__type_support.hpp
[822.625s] -- Symlinking: /repo/ws/install/include/px4/px4/msg/detail/vehicle_odometry__builder.hpp
[822.637s] -- Symlinking: /repo/ws/install/include/px4/px4/msg/detail/vehicle_odometry__struct.hpp
[822.650s] -- Symlinking: /repo/ws/install/include/px4/px4/msg/detail/vehicle_odometry__traits.hpp
[822.664s] -- Symlinking: /repo/ws/install/include/px4/px4/msg/detail/vehicle_odometry__type_support.hpp
[822.677s] -- Symlinking: /repo/ws/install/include/px4/px4/msg/detail/vehicle_optical_flow__builder.hpp
[822.690s] -- Symlinking: /repo/ws/install/include/px4/px4/msg/detail/vehicle_optical_flow__struct.hpp
[822.703s] -- Symlinking: /repo/ws/install/include/px4/px4/msg/detail/vehicle_optical_flow__traits.hpp
[822.717s] -- Symlinking: /repo/ws/install/include/px4/px4/msg/detail/vehicle_optical_flow__type_support.hpp
[822.731s] -- Symlinking: /repo/ws/install/include/px4/px4/msg/detail/vehicle_optical_flow_vel__builder.hpp
[822.744s] -- Symlinking: /repo/ws/install/include/px4/px4/msg/detail/vehicle_optical_flow_vel__struct.hpp
[822.758s] -- Symlinking: /repo/ws/install/include/px4/px4/msg/detail/vehicle_optical_flow_vel__traits.hpp
[822.772s] -- Symlinking: /repo/ws/install/include/px4/px4/msg/detail/vehicle_optical_flow_vel__type_support.hpp
[822.786s] -- Symlinking: /repo/ws/install/include/px4/px4/msg/detail/vehicle_rates_setpoint__builder.hpp
[822.799s] -- Symlinking: /repo/ws/install/include/px4/px4/msg/detail/vehicle_rates_setpoint__struct.hpp
[822.812s] -- Symlinking: /repo/ws/install/include/px4/px4/msg/detail/vehicle_rates_setpoint__traits.hpp
[822.827s] -- Symlinking: /repo/ws/install/include/px4/px4/msg/detail/vehicle_rates_setpoint__type_support.hpp
[822.840s] -- Symlinking: /repo/ws/install/include/px4/px4/msg/detail/vehicle_roi__builder.hpp
[822.853s] -- Symlinking: /repo/ws/install/include/px4/px4/msg/detail/vehicle_roi__struct.hpp
[822.866s] -- Symlinking: /repo/ws/install/include/px4/px4/msg/detail/vehicle_roi__traits.hpp
[822.879s] -- Symlinking: /repo/ws/install/include/px4/px4/msg/detail/vehicle_roi__type_support.hpp
[822.893s] -- Symlinking: /repo/ws/install/include/px4/px4/msg/detail/vehicle_status__builder.hpp
[822.906s] -- Symlinking: /repo/ws/install/include/px4/px4/msg/detail/vehicle_status__struct.hpp
[822.920s] -- Symlinking: /repo/ws/install/include/px4/px4/msg/detail/vehicle_status__traits.hpp
[822.934s] -- Symlinking: /repo/ws/install/include/px4/px4/msg/detail/vehicle_status__type_support.hpp
[822.947s] -- Symlinking: /repo/ws/install/include/px4/px4/msg/detail/vehicle_thrust_setpoint__builder.hpp
[822.961s] -- Symlinking: /repo/ws/install/include/px4/px4/msg/detail/vehicle_thrust_setpoint__struct.hpp
[822.974s] -- Symlinking: /repo/ws/install/include/px4/px4/msg/detail/vehicle_thrust_setpoint__traits.hpp
[822.987s] -- Symlinking: /repo/ws/install/include/px4/px4/msg/detail/vehicle_thrust_setpoint__type_support.hpp
[823.000s] -- Symlinking: /repo/ws/install/include/px4/px4/msg/detail/vehicle_torque_setpoint__builder.hpp
[823.016s] -- Symlinking: /repo/ws/install/include/px4/px4/msg/detail/vehicle_torque_setpoint__struct.hpp
[823.030s] -- Symlinking: /repo/ws/install/include/px4/px4/msg/detail/vehicle_torque_setpoint__traits.hpp
[823.045s] -- Symlinking: /repo/ws/install/include/px4/px4/msg/detail/vehicle_torque_setpoint__type_support.hpp
[823.058s] -- Symlinking: /repo/ws/install/include/px4/px4/msg/detail/velocity_limits__builder.hpp
[823.073s] -- Symlinking: /repo/ws/install/include/px4/px4/msg/detail/velocity_limits__struct.hpp
[823.087s] -- Symlinking: /repo/ws/install/include/px4/px4/msg/detail/velocity_limits__traits.hpp
[823.101s] -- Symlinking: /repo/ws/install/include/px4/px4/msg/detail/velocity_limits__type_support.hpp
[823.114s] -- Symlinking: /repo/ws/install/include/px4/px4/msg/detail/vtol_vehicle_status__builder.hpp
[823.128s] -- Symlinking: /repo/ws/install/include/px4/px4/msg/detail/vtol_vehicle_status__struct.hpp
[823.141s] -- Symlinking: /repo/ws/install/include/px4/px4/msg/detail/vtol_vehicle_status__traits.hpp
[823.154s] -- Symlinking: /repo/ws/install/include/px4/px4/msg/detail/vtol_vehicle_status__type_support.hpp
[823.167s] -- Symlinking: /repo/ws/install/include/px4/px4/msg/detail/wheel_encoders__builder.hpp
[823.181s] -- Symlinking: /repo/ws/install/include/px4/px4/msg/detail/wheel_encoders__struct.hpp
[823.194s] -- Symlinking: /repo/ws/install/include/px4/px4/msg/detail/wheel_encoders__traits.hpp
[823.208s] -- Symlinking: /repo/ws/install/include/px4/px4/msg/detail/wheel_encoders__type_support.hpp
[823.221s] -- Symlinking: /repo/ws/install/include/px4/px4/msg/detail/wind__builder.hpp
[823.235s] -- Symlinking: /repo/ws/install/include/px4/px4/msg/detail/wind__struct.hpp
[823.248s] -- Symlinking: /repo/ws/install/include/px4/px4/msg/detail/wind__traits.hpp
[823.261s] -- Symlinking: /repo/ws/install/include/px4/px4/msg/detail/wind__type_support.hpp
[823.274s] -- Symlinking: /repo/ws/install/include/px4/px4/msg/detail/yaw_estimator_status__builder.hpp
[823.287s] -- Symlinking: /repo/ws/install/include/px4/px4/msg/detail/yaw_estimator_status__struct.hpp
[823.300s] -- Symlinking: /repo/ws/install/include/px4/px4/msg/detail/yaw_estimator_status__traits.hpp
[823.313s] -- Symlinking: /repo/ws/install/include/px4/px4/msg/detail/yaw_estimator_status__type_support.hpp
[823.328s] -- Symlinking: /repo/ws/install/include/px4/px4/msg/differential_pressure.hpp
[823.341s] -- Symlinking: /repo/ws/install/include/px4/px4/msg/differential_velocity_setpoint.hpp
[823.354s] -- Symlinking: /repo/ws/install/include/px4/px4/msg/distance_sensor.hpp
[823.367s] -- Symlinking: /repo/ws/install/include/px4/px4/msg/distance_sensor_mode_change_request.hpp
[823.380s] -- Symlinking: /repo/ws/install/include/px4/px4/msg/ekf2_timestamps.hpp
[823.393s] -- Symlinking: /repo/ws/install/include/px4/px4/msg/esc_report.hpp
[823.406s] -- Symlinking: /repo/ws/install/include/px4/px4/msg/esc_status.hpp
[823.418s] -- Symlinking: /repo/ws/install/include/px4/px4/msg/estimator_aid_source1d.hpp
[823.433s] -- Symlinking: /repo/ws/install/include/px4/px4/msg/estimator_aid_source2d.hpp
[823.446s] -- Symlinking: /repo/ws/install/include/px4/px4/msg/estimator_aid_source3d.hpp
[823.459s] -- Symlinking: /repo/ws/install/include/px4/px4/msg/estimator_bias.hpp
[823.472s] -- Symlinking: /repo/ws/install/include/px4/px4/msg/estimator_bias3d.hpp
[823.485s] -- Symlinking: /repo/ws/install/include/px4/px4/msg/estimator_event_flags.hpp
[823.498s] -- Symlinking: /repo/ws/install/include/px4/px4/msg/estimator_gps_status.hpp
[823.511s] -- Symlinking: /repo/ws/install/include/px4/px4/msg/estimator_innovations.hpp
[823.526s] -- Symlinking: /repo/ws/install/include/px4/px4/msg/estimator_selector_status.hpp
[823.539s] -- Symlinking: /repo/ws/install/include/px4/px4/msg/estimator_sensor_bias.hpp
[823.552s] -- Symlinking: /repo/ws/install/include/px4/px4/msg/estimator_states.hpp
[823.565s] -- Symlinking: /repo/ws/install/include/px4/px4/msg/estimator_status.hpp
[823.578s] -- Symlinking: /repo/ws/install/include/px4/px4/msg/estimator_status_flags.hpp
[823.591s] -- Symlinking: /repo/ws/install/include/px4/px4/msg/event.hpp
[823.604s] -- Symlinking: /repo/ws/install/include/px4/px4/msg/failsafe_flags.hpp
[823.617s] -- Symlinking: /repo/ws/install/include/px4/px4/msg/failure_detector_status.hpp
[823.631s] -- Symlinking: /repo/ws/install/include/px4/px4/msg/figure_eight_status.hpp
[823.645s] -- Symlinking: /repo/ws/install/include/px4/px4/msg/flight_phase_estimation.hpp
[823.658s] -- Symlinking: /repo/ws/install/include/px4/px4/msg/follow_target.hpp
[823.671s] -- Symlinking: /repo/ws/install/include/px4/px4/msg/follow_target_estimator.hpp
[823.684s] -- Symlinking: /repo/ws/install/include/px4/px4/msg/follow_target_status.hpp
[823.697s] -- Symlinking: /repo/ws/install/include/px4/px4/msg/fuel_tank_status.hpp
[823.710s] -- Symlinking: /repo/ws/install/include/px4/px4/msg/generator_status.hpp
[823.724s] -- Symlinking: /repo/ws/install/include/px4/px4/msg/geofence_result.hpp
[823.737s] -- Symlinking: /repo/ws/install/include/px4/px4/msg/geofence_status.hpp
[823.751s] -- Symlinking: /repo/ws/install/include/px4/px4/msg/gimbal_controls.hpp
[823.764s] -- Symlinking: /repo/ws/install/include/px4/px4/msg/gimbal_device_attitude_status.hpp
[823.777s] -- Symlinking: /repo/ws/install/include/px4/px4/msg/gimbal_device_information.hpp
[823.790s] -- Symlinking: /repo/ws/install/include/px4/px4/msg/gimbal_device_set_attitude.hpp
[823.804s] -- Symlinking: /repo/ws/install/include/px4/px4/msg/gimbal_manager_information.hpp
[823.816s] -- Symlinking: /repo/ws/install/include/px4/px4/msg/gimbal_manager_set_attitude.hpp
[823.831s] -- Symlinking: /repo/ws/install/include/px4/px4/msg/gimbal_manager_set_manual_control.hpp
[823.844s] -- Symlinking: /repo/ws/install/include/px4/px4/msg/gimbal_manager_status.hpp
[823.857s] -- Symlinking: /repo/ws/install/include/px4/px4/msg/goto_setpoint.hpp
[823.870s] -- Symlinking: /repo/ws/install/include/px4/px4/msg/gpio_config.hpp
[823.884s] -- Symlinking: /repo/ws/install/include/px4/px4/msg/gpio_in.hpp
[823.897s] -- Symlinking: /repo/ws/install/include/px4/px4/msg/gpio_out.hpp
[823.911s] -- Symlinking: /repo/ws/install/include/px4/px4/msg/gpio_request.hpp
[823.925s] -- Symlinking: /repo/ws/install/include/px4/px4/msg/gps_dump.hpp
[823.939s] -- Symlinking: /repo/ws/install/include/px4/px4/msg/gps_inject_data.hpp
[823.952s] -- Symlinking: /repo/ws/install/include/px4/px4/msg/gripper.hpp
[823.965s] -- Symlinking: /repo/ws/install/include/px4/px4/msg/health_report.hpp
[823.978s] -- Symlinking: /repo/ws/install/include/px4/px4/msg/heater_status.hpp
[823.991s] -- Symlinking: /repo/ws/install/include/px4/px4/msg/home_position.hpp
[824.004s] -- Symlinking: /repo/ws/install/include/px4/px4/msg/hover_thrust_estimate.hpp
[824.017s] -- Symlinking: /repo/ws/install/include/px4/px4/msg/input_rc.hpp
[824.031s] -- Symlinking: /repo/ws/install/include/px4/px4/msg/internal_combustion_engine_control.hpp
[824.044s] -- Symlinking: /repo/ws/install/include/px4/px4/msg/internal_combustion_engine_status.hpp
[824.057s] -- Symlinking: /repo/ws/install/include/px4/px4/msg/iridiumsbd_status.hpp
[824.070s] -- Symlinking: /repo/ws/install/include/px4/px4/msg/irlock_report.hpp
[824.083s] -- Symlinking: /repo/ws/install/include/px4/px4/msg/landing_gear.hpp
[824.097s] -- Symlinking: /repo/ws/install/include/px4/px4/msg/landing_gear_wheel.hpp
[824.110s] -- Symlinking: /repo/ws/install/include/px4/px4/msg/landing_target_innovations.hpp
[824.125s] -- Symlinking: /repo/ws/install/include/px4/px4/msg/landing_target_pose.hpp
[824.138s] -- Symlinking: /repo/ws/install/include/px4/px4/msg/launch_detection_status.hpp
[824.151s] -- Symlinking: /repo/ws/install/include/px4/px4/msg/led_control.hpp
[824.165s] -- Symlinking: /repo/ws/install/include/px4/px4/msg/log_message.hpp
[824.177s] -- Symlinking: /repo/ws/install/include/px4/px4/msg/logger_status.hpp
[824.190s] -- Symlinking: /repo/ws/install/include/px4/px4/msg/mag_worker_data.hpp
[824.203s] -- Symlinking: /repo/ws/install/include/px4/px4/msg/magnetometer_bias_estimate.hpp
[824.217s] -- Symlinking: /repo/ws/install/include/px4/px4/msg/manual_control_setpoint.hpp
[824.231s] -- Symlinking: /repo/ws/install/include/px4/px4/msg/manual_control_switches.hpp
[824.244s] -- Symlinking: /repo/ws/install/include/px4/px4/msg/mavlink_log.hpp
[824.257s] -- Symlinking: /repo/ws/install/include/px4/px4/msg/mavlink_tunnel.hpp
[824.270s] -- Symlinking: /repo/ws/install/include/px4/px4/msg/message_format_request.hpp
[824.283s] -- Symlinking: /repo/ws/install/include/px4/px4/msg/message_format_response.hpp
[824.297s] -- Symlinking: /repo/ws/install/include/px4/px4/msg/mission.hpp
[824.310s] -- Symlinking: /repo/ws/install/include/px4/px4/msg/mission_result.hpp
[824.325s] -- Symlinking: /repo/ws/install/include/px4/px4/msg/mode_completed.hpp
[824.338s] -- Symlinking: /repo/ws/install/include/px4/px4/msg/mount_orientation.hpp
[824.351s] -- Symlinking: /repo/ws/install/include/px4/px4/msg/navigator_mission_item.hpp
[824.363s] -- Symlinking: /repo/ws/install/include/px4/px4/msg/navigator_status.hpp
[824.377s] -- Symlinking: /repo/ws/install/include/px4/px4/msg/normalized_unsigned_setpoint.hpp
[824.390s] -- Symlinking: /repo/ws/install/include/px4/px4/msg/npfg_status.hpp
[824.403s] -- Symlinking: /repo/ws/install/include/px4/px4/msg/obstacle_distance.hpp
[824.416s] -- Symlinking: /repo/ws/install/include/px4/px4/msg/offboard_control_mode.hpp
[824.430s] -- Symlinking: /repo/ws/install/include/px4/px4/msg/onboard_computer_status.hpp
[824.443s] -- Symlinking: /repo/ws/install/include/px4/px4/msg/open_drone_id_arm_status.hpp
[824.456s] -- Symlinking: /repo/ws/install/include/px4/px4/msg/open_drone_id_operator_id.hpp
[824.469s] -- Symlinking: /repo/ws/install/include/px4/px4/msg/open_drone_id_self_id.hpp
[824.482s] -- Symlinking: /repo/ws/install/include/px4/px4/msg/open_drone_id_system.hpp
[824.495s] -- Symlinking: /repo/ws/install/include/px4/px4/msg/orb_test.hpp
[824.508s] -- Symlinking: /repo/ws/install/include/px4/px4/msg/orb_test_large.hpp
[824.521s] -- Symlinking: /repo/ws/install/include/px4/px4/msg/orb_test_medium.hpp
[824.536s] -- Symlinking: /repo/ws/install/include/px4/px4/msg/orbit_status.hpp
[824.550s] -- Symlinking: /repo/ws/install/include/px4/px4/msg/parameter_reset_request.hpp
[824.564s] -- Symlinking: /repo/ws/install/include/px4/px4/msg/parameter_set_used_request.hpp
[824.578s] -- Symlinking: /repo/ws/install/include/px4/px4/msg/parameter_set_value_request.hpp
[824.592s] -- Symlinking: /repo/ws/install/include/px4/px4/msg/parameter_set_value_response.hpp
[824.607s] -- Symlinking: /repo/ws/install/include/px4/px4/msg/parameter_update.hpp
[824.620s] -- Symlinking: /repo/ws/install/include/px4/px4/msg/ping.hpp
[824.634s] -- Symlinking: /repo/ws/install/include/px4/px4/msg/position_controller_landing_status.hpp
[824.647s] -- Symlinking: /repo/ws/install/include/px4/px4/msg/position_controller_status.hpp
[824.661s] -- Symlinking: /repo/ws/install/include/px4/px4/msg/position_setpoint.hpp
[824.674s] -- Symlinking: /repo/ws/install/include/px4/px4/msg/position_setpoint_triplet.hpp
[824.686s] -- Symlinking: /repo/ws/install/include/px4/px4/msg/power_button_state.hpp
[824.699s] -- Symlinking: /repo/ws/install/include/px4/px4/msg/power_monitor.hpp
[824.713s] -- Symlinking: /repo/ws/install/include/px4/px4/msg/pps_capture.hpp
[824.727s] -- Symlinking: /repo/ws/install/include/px4/px4/msg/pure_pursuit_status.hpp
[824.740s] -- Symlinking: /repo/ws/install/include/px4/px4/msg/pwm_input.hpp
[824.753s] -- Symlinking: /repo/ws/install/include/px4/px4/msg/px4io_status.hpp
[824.766s] -- Symlinking: /repo/ws/install/include/px4/px4/msg/qshell_req.hpp
[824.780s] -- Symlinking: /repo/ws/install/include/px4/px4/msg/qshell_retval.hpp
[824.793s] -- Symlinking: /repo/ws/install/include/px4/px4/msg/radio_status.hpp
[824.806s] -- Symlinking: /repo/ws/install/include/px4/px4/msg/rate_ctrl_status.hpp
[824.821s] -- Symlinking: /repo/ws/install/include/px4/px4/msg/rc_channels.hpp
[824.834s] -- Symlinking: /repo/ws/install/include/px4/px4/msg/rc_parameter_map.hpp
[824.847s] -- Symlinking: /repo/ws/install/include/px4/px4/msg/register_ext_component_reply.hpp
[824.860s] -- Symlinking: /repo/ws/install/include/px4/px4/msg/register_ext_component_request.hpp
[824.873s] -- Symlinking: /repo/ws/install/include/px4/px4/msg/rosidl_generator_cpp__visibility_control.hpp
[824.887s] -- Symlinking: /repo/ws/install/include/px4/px4/msg/rover_attitude_setpoint.hpp
[824.900s] -- Symlinking: /repo/ws/install/include/px4/px4/msg/rover_attitude_status.hpp
[824.913s] -- Symlinking: /repo/ws/install/include/px4/px4/msg/rover_position_setpoint.hpp
[824.928s] -- Symlinking: /repo/ws/install/include/px4/px4/msg/rover_rate_setpoint.hpp
[824.941s] -- Symlinking: /repo/ws/install/include/px4/px4/msg/rover_rate_status.hpp
[824.955s] -- Symlinking: /repo/ws/install/include/px4/px4/msg/rover_steering_setpoint.hpp
[824.969s] -- Symlinking: /repo/ws/install/include/px4/px4/msg/rover_throttle_setpoint.hpp
[824.983s] -- Symlinking: /repo/ws/install/include/px4/px4/msg/rover_velocity_status.hpp
[824.996s] -- Symlinking: /repo/ws/install/include/px4/px4/msg/rpm.hpp
[825.009s] -- Symlinking: /repo/ws/install/include/px4/px4/msg/rtl_status.hpp
[825.022s] -- Symlinking: /repo/ws/install/include/px4/px4/msg/rtl_time_estimate.hpp
[825.035s] -- Symlinking: /repo/ws/install/include/px4/px4/msg/satellite_info.hpp
[825.049s] -- Symlinking: /repo/ws/install/include/px4/px4/msg/sensor_accel.hpp
[825.061s] -- Symlinking: /repo/ws/install/include/px4/px4/msg/sensor_accel_fifo.hpp
[825.074s] -- Symlinking: /repo/ws/install/include/px4/px4/msg/sensor_airflow.hpp
[825.087s] -- Symlinking: /repo/ws/install/include/px4/px4/msg/sensor_baro.hpp
[825.101s] -- Symlinking: /repo/ws/install/include/px4/px4/msg/sensor_combined.hpp
[825.113s] -- Symlinking: /repo/ws/install/include/px4/px4/msg/sensor_correction.hpp
[825.129s] -- Symlinking: /repo/ws/install/include/px4/px4/msg/sensor_gnss_relative.hpp
[825.142s] -- Symlinking: /repo/ws/install/include/px4/px4/msg/sensor_gps.hpp
[825.155s] -- Symlinking: /repo/ws/install/include/px4/px4/msg/sensor_gyro.hpp
[825.168s] -- Symlinking: /repo/ws/install/include/px4/px4/msg/sensor_gyro_fft.hpp
[825.181s] -- Symlinking: /repo/ws/install/include/px4/px4/msg/sensor_gyro_fifo.hpp
[825.195s] -- Symlinking: /repo/ws/install/include/px4/px4/msg/sensor_hygrometer.hpp
[825.208s] -- Symlinking: /repo/ws/install/include/px4/px4/msg/sensor_mag.hpp
[825.221s] -- Symlinking: /repo/ws/install/include/px4/px4/msg/sensor_optical_flow.hpp
[825.235s] -- Symlinking: /repo/ws/install/include/px4/px4/msg/sensor_preflight_mag.hpp
[825.247s] -- Symlinking: /repo/ws/install/include/px4/px4/msg/sensor_selection.hpp
[825.261s] -- Symlinking: /repo/ws/install/include/px4/px4/msg/sensor_uwb.hpp
[825.273s] -- Symlinking: /repo/ws/install/include/px4/px4/msg/sensors_status.hpp
[825.286s] -- Symlinking: /repo/ws/install/include/px4/px4/msg/sensors_status_imu.hpp
[825.300s] -- Symlinking: /repo/ws/install/include/px4/px4/msg/system_power.hpp
[825.312s] -- Symlinking: /repo/ws/install/include/px4/px4/msg/takeoff_status.hpp
[825.327s] -- Symlinking: /repo/ws/install/include/px4/px4/msg/task_stack_info.hpp
[825.340s] -- Symlinking: /repo/ws/install/include/px4/px4/msg/tecs_status.hpp
[825.353s] -- Symlinking: /repo/ws/install/include/px4/px4/msg/telemetry_status.hpp
[825.366s] -- Symlinking: /repo/ws/install/include/px4/px4/msg/tiltrotor_extra_controls.hpp
[825.379s] -- Symlinking: /repo/ws/install/include/px4/px4/msg/timesync_status.hpp
[825.392s] -- Symlinking: /repo/ws/install/include/px4/px4/msg/trajectory_setpoint.hpp
[825.405s] -- Symlinking: /repo/ws/install/include/px4/px4/msg/trajectory_setpoint6dof.hpp
[825.418s] -- Symlinking: /repo/ws/install/include/px4/px4/msg/transponder_report.hpp
[825.432s] -- Symlinking: /repo/ws/install/include/px4/px4/msg/tune_control.hpp
[825.445s] -- Symlinking: /repo/ws/install/include/px4/px4/msg/uavcan_parameter_request.hpp
[825.459s] -- Symlinking: /repo/ws/install/include/px4/px4/msg/uavcan_parameter_value.hpp
[825.471s] -- Symlinking: /repo/ws/install/include/px4/px4/msg/ulog_stream.hpp
[825.484s] -- Symlinking: /repo/ws/install/include/px4/px4/msg/ulog_stream_ack.hpp
[825.497s] -- Symlinking: /repo/ws/install/include/px4/px4/msg/unregister_ext_component.hpp
[825.510s] -- Symlinking: /repo/ws/install/include/px4/px4/msg/vehicle_acceleration.hpp
[825.525s] -- Symlinking: /repo/ws/install/include/px4/px4/msg/vehicle_air_data.hpp
[825.538s] -- Symlinking: /repo/ws/install/include/px4/px4/msg/vehicle_angular_acceleration_setpoint.hpp
[825.552s] -- Symlinking: /repo/ws/install/include/px4/px4/msg/vehicle_angular_velocity.hpp
[825.565s] -- Symlinking: /repo/ws/install/include/px4/px4/msg/vehicle_attitude.hpp
[825.578s] -- Symlinking: /repo/ws/install/include/px4/px4/msg/vehicle_attitude_setpoint.hpp
[825.591s] -- Symlinking: /repo/ws/install/include/px4/px4/msg/vehicle_command.hpp
[825.604s] -- Symlinking: /repo/ws/install/include/px4/px4/msg/vehicle_command_ack.hpp
[825.617s] -- Symlinking: /repo/ws/install/include/px4/px4/msg/vehicle_constraints.hpp
[825.631s] -- Symlinking: /repo/ws/install/include/px4/px4/msg/vehicle_control_mode.hpp
[825.644s] -- Symlinking: /repo/ws/install/include/px4/px4/msg/vehicle_global_position.hpp
[825.658s] -- Symlinking: /repo/ws/install/include/px4/px4/msg/vehicle_imu.hpp
[825.671s] -- Symlinking: /repo/ws/install/include/px4/px4/msg/vehicle_imu_status.hpp
[825.683s] -- Symlinking: /repo/ws/install/include/px4/px4/msg/vehicle_land_detected.hpp
[825.697s] -- Symlinking: /repo/ws/install/include/px4/px4/msg/vehicle_local_position.hpp
[825.710s] -- Symlinking: /repo/ws/install/include/px4/px4/msg/vehicle_local_position_setpoint.hpp
[825.723s] -- Symlinking: /repo/ws/install/include/px4/px4/msg/vehicle_magnetometer.hpp
[825.737s] -- Symlinking: /repo/ws/install/include/px4/px4/msg/vehicle_odometry.hpp
[825.750s] -- Symlinking: /repo/ws/install/include/px4/px4/msg/vehicle_optical_flow.hpp
[825.763s] -- Symlinking: /repo/ws/install/include/px4/px4/msg/vehicle_optical_flow_vel.hpp
[825.777s] -- Symlinking: /repo/ws/install/include/px4/px4/msg/vehicle_rates_setpoint.hpp
[825.791s] -- Symlinking: /repo/ws/install/include/px4/px4/msg/vehicle_roi.hpp
[825.804s] -- Symlinking: /repo/ws/install/include/px4/px4/msg/vehicle_status.hpp
[825.817s] -- Symlinking: /repo/ws/install/include/px4/px4/msg/vehicle_thrust_setpoint.hpp
[825.832s] -- Symlinking: /repo/ws/install/include/px4/px4/msg/vehicle_torque_setpoint.hpp
[825.844s] -- Symlinking: /repo/ws/install/include/px4/px4/msg/velocity_limits.hpp
[825.858s] -- Symlinking: /repo/ws/install/include/px4/px4/msg/vtol_vehicle_status.hpp
[825.872s] -- Symlinking: /repo/ws/install/include/px4/px4/msg/wheel_encoders.hpp
[825.884s] -- Symlinking: /repo/ws/install/include/px4/px4/msg/wind.hpp
[825.898s] -- Symlinking: /repo/ws/install/include/px4/px4/msg/yaw_estimator_status.hpp
[825.925s] -- Symlinking: /repo/ws/install/include/px4/px4/msg/detail/ackermann_velocity_setpoint__rosidl_typesupport_fastrtps_cpp.hpp
[825.939s] -- Symlinking: /repo/ws/install/include/px4/px4/msg/detail/action_request__rosidl_typesupport_fastrtps_cpp.hpp
[825.952s] -- Symlinking: /repo/ws/install/include/px4/px4/msg/detail/actuator_armed__rosidl_typesupport_fastrtps_cpp.hpp
[825.965s] -- Symlinking: /repo/ws/install/include/px4/px4/msg/detail/actuator_controls_status__rosidl_typesupport_fastrtps_cpp.hpp
[825.979s] -- Symlinking: /repo/ws/install/include/px4/px4/msg/detail/actuator_motors__rosidl_typesupport_fastrtps_cpp.hpp
[825.992s] -- Symlinking: /repo/ws/install/include/px4/px4/msg/detail/actuator_outputs__rosidl_typesupport_fastrtps_cpp.hpp
[826.005s] -- Symlinking: /repo/ws/install/include/px4/px4/msg/detail/actuator_servos__rosidl_typesupport_fastrtps_cpp.hpp
[826.018s] -- Symlinking: /repo/ws/install/include/px4/px4/msg/detail/actuator_servos_trim__rosidl_typesupport_fastrtps_cpp.hpp
[826.032s] -- Symlinking: /repo/ws/install/include/px4/px4/msg/detail/actuator_test__rosidl_typesupport_fastrtps_cpp.hpp
[826.045s] -- Symlinking: /repo/ws/install/include/px4/px4/msg/detail/adc_report__rosidl_typesupport_fastrtps_cpp.hpp
[826.059s] -- Symlinking: /repo/ws/install/include/px4/px4/msg/detail/airspeed__rosidl_typesupport_fastrtps_cpp.hpp
[826.072s] -- Symlinking: /repo/ws/install/include/px4/px4/msg/detail/airspeed_validated__rosidl_typesupport_fastrtps_cpp.hpp
[826.085s] -- Symlinking: /repo/ws/install/include/px4/px4/msg/detail/airspeed_wind__rosidl_typesupport_fastrtps_cpp.hpp
[826.098s] -- Symlinking: /repo/ws/install/include/px4/px4/msg/detail/arming_check_reply__rosidl_typesupport_fastrtps_cpp.hpp
[826.111s] -- Symlinking: /repo/ws/install/include/px4/px4/msg/detail/arming_check_request__rosidl_typesupport_fastrtps_cpp.hpp
[826.125s] -- Symlinking: /repo/ws/install/include/px4/px4/msg/detail/autotune_attitude_control_status__rosidl_typesupport_fastrtps_cpp.hpp
[826.140s] -- Symlinking: /repo/ws/install/include/px4/px4/msg/detail/battery_status__rosidl_typesupport_fastrtps_cpp.hpp
[826.152s] -- Symlinking: /repo/ws/install/include/px4/px4/msg/detail/button_event__rosidl_typesupport_fastrtps_cpp.hpp
[826.165s] -- Symlinking: /repo/ws/install/include/px4/px4/msg/detail/camera_capture__rosidl_typesupport_fastrtps_cpp.hpp
[826.179s] -- Symlinking: /repo/ws/install/include/px4/px4/msg/detail/camera_status__rosidl_typesupport_fastrtps_cpp.hpp
[826.192s] -- Symlinking: /repo/ws/install/include/px4/px4/msg/detail/camera_trigger__rosidl_typesupport_fastrtps_cpp.hpp
[826.205s] -- Symlinking: /repo/ws/install/include/px4/px4/msg/detail/can_interface_status__rosidl_typesupport_fastrtps_cpp.hpp
[826.218s] -- Symlinking: /repo/ws/install/include/px4/px4/msg/detail/cellular_status__rosidl_typesupport_fastrtps_cpp.hpp
[826.233s] -- Symlinking: /repo/ws/install/include/px4/px4/msg/detail/collision_constraints__rosidl_typesupport_fastrtps_cpp.hpp
[826.246s] -- Symlinking: /repo/ws/install/include/px4/px4/msg/detail/config_overrides__rosidl_typesupport_fastrtps_cpp.hpp
[826.259s] -- Symlinking: /repo/ws/install/include/px4/px4/msg/detail/control_allocator_status__rosidl_typesupport_fastrtps_cpp.hpp
[826.272s] -- Symlinking: /repo/ws/install/include/px4/px4/msg/detail/cpuload__rosidl_typesupport_fastrtps_cpp.hpp
[826.285s] -- Symlinking: /repo/ws/install/include/px4/px4/msg/detail/dataman_request__rosidl_typesupport_fastrtps_cpp.hpp
[826.300s] -- Symlinking: /repo/ws/install/include/px4/px4/msg/detail/dataman_response__rosidl_typesupport_fastrtps_cpp.hpp
[826.313s] -- Symlinking: /repo/ws/install/include/px4/px4/msg/detail/debug_array__rosidl_typesupport_fastrtps_cpp.hpp
[826.327s] -- Symlinking: /repo/ws/install/include/px4/px4/msg/detail/debug_key_value__rosidl_typesupport_fastrtps_cpp.hpp
[826.340s] -- Symlinking: /repo/ws/install/include/px4/px4/msg/detail/debug_value__rosidl_typesupport_fastrtps_cpp.hpp
[826.353s] -- Symlinking: /repo/ws/install/include/px4/px4/msg/detail/debug_vect__rosidl_typesupport_fastrtps_cpp.hpp
[826.366s] -- Symlinking: /repo/ws/install/include/px4/px4/msg/detail/differential_pressure__rosidl_typesupport_fastrtps_cpp.hpp
[826.380s] -- Symlinking: /repo/ws/install/include/px4/px4/msg/detail/differential_velocity_setpoint__rosidl_typesupport_fastrtps_cpp.hpp
[826.393s] -- Symlinking: /repo/ws/install/include/px4/px4/msg/detail/distance_sensor__rosidl_typesupport_fastrtps_cpp.hpp
[826.406s] -- Symlinking: /repo/ws/install/include/px4/px4/msg/detail/distance_sensor_mode_change_request__rosidl_typesupport_fastrtps_cpp.hpp
[826.419s] -- Symlinking: /repo/ws/install/include/px4/px4/msg/detail/ekf2_timestamps__rosidl_typesupport_fastrtps_cpp.hpp
[826.433s] -- Symlinking: /repo/ws/install/include/px4/px4/msg/detail/esc_report__rosidl_typesupport_fastrtps_cpp.hpp
[826.446s] -- Symlinking: /repo/ws/install/include/px4/px4/msg/detail/esc_status__rosidl_typesupport_fastrtps_cpp.hpp
[826.459s] -- Symlinking: /repo/ws/install/include/px4/px4/msg/detail/estimator_aid_source1d__rosidl_typesupport_fastrtps_cpp.hpp
[826.472s] -- Symlinking: /repo/ws/install/include/px4/px4/msg/detail/estimator_aid_source2d__rosidl_typesupport_fastrtps_cpp.hpp
[826.485s] -- Symlinking: /repo/ws/install/include/px4/px4/msg/detail/estimator_aid_source3d__rosidl_typesupport_fastrtps_cpp.hpp
[826.498s] -- Symlinking: /repo/ws/install/include/px4/px4/msg/detail/estimator_bias3d__rosidl_typesupport_fastrtps_cpp.hpp
[826.512s] -- Symlinking: /repo/ws/install/include/px4/px4/msg/detail/estimator_bias__rosidl_typesupport_fastrtps_cpp.hpp
[826.526s] -- Symlinking: /repo/ws/install/include/px4/px4/msg/detail/estimator_event_flags__rosidl_typesupport_fastrtps_cpp.hpp
[826.540s] -- Symlinking: /repo/ws/install/include/px4/px4/msg/detail/estimator_gps_status__rosidl_typesupport_fastrtps_cpp.hpp
[826.553s] -- Symlinking: /repo/ws/install/include/px4/px4/msg/detail/estimator_innovations__rosidl_typesupport_fastrtps_cpp.hpp
[826.565s] -- Symlinking: /repo/ws/install/include/px4/px4/msg/detail/estimator_selector_status__rosidl_typesupport_fastrtps_cpp.hpp
[826.578s] -- Symlinking: /repo/ws/install/include/px4/px4/msg/detail/estimator_sensor_bias__rosidl_typesupport_fastrtps_cpp.hpp
[826.592s] -- Symlinking: /repo/ws/install/include/px4/px4/msg/detail/estimator_states__rosidl_typesupport_fastrtps_cpp.hpp
[826.605s] -- Symlinking: /repo/ws/install/include/px4/px4/msg/detail/estimator_status__rosidl_typesupport_fastrtps_cpp.hpp
[826.618s] -- Symlinking: /repo/ws/install/include/px4/px4/msg/detail/estimator_status_flags__rosidl_typesupport_fastrtps_cpp.hpp
[826.632s] -- Symlinking: /repo/ws/install/include/px4/px4/msg/detail/event__rosidl_typesupport_fastrtps_cpp.hpp
[826.645s] -- Symlinking: /repo/ws/install/include/px4/px4/msg/detail/failsafe_flags__rosidl_typesupport_fastrtps_cpp.hpp
[826.658s] -- Symlinking: /repo/ws/install/include/px4/px4/msg/detail/failure_detector_status__rosidl_typesupport_fastrtps_cpp.hpp
[826.671s] -- Symlinking: /repo/ws/install/include/px4/px4/msg/detail/figure_eight_status__rosidl_typesupport_fastrtps_cpp.hpp
[826.684s] -- Symlinking: /repo/ws/install/include/px4/px4/msg/detail/flight_phase_estimation__rosidl_typesupport_fastrtps_cpp.hpp
[826.698s] -- Symlinking: /repo/ws/install/include/px4/px4/msg/detail/follow_target__rosidl_typesupport_fastrtps_cpp.hpp
[826.711s] -- Symlinking: /repo/ws/install/include/px4/px4/msg/detail/follow_target_estimator__rosidl_typesupport_fastrtps_cpp.hpp
[826.725s] -- Symlinking: /repo/ws/install/include/px4/px4/msg/detail/follow_target_status__rosidl_typesupport_fastrtps_cpp.hpp
[826.739s] -- Symlinking: /repo/ws/install/include/px4/px4/msg/detail/fuel_tank_status__rosidl_typesupport_fastrtps_cpp.hpp
[826.752s] -- Symlinking: /repo/ws/install/include/px4/px4/msg/detail/generator_status__rosidl_typesupport_fastrtps_cpp.hpp
[826.765s] -- Symlinking: /repo/ws/install/include/px4/px4/msg/detail/geofence_result__rosidl_typesupport_fastrtps_cpp.hpp
[826.778s] -- Symlinking: /repo/ws/install/include/px4/px4/msg/detail/geofence_status__rosidl_typesupport_fastrtps_cpp.hpp
[826.792s] -- Symlinking: /repo/ws/install/include/px4/px4/msg/detail/gimbal_controls__rosidl_typesupport_fastrtps_cpp.hpp
[826.805s] -- Symlinking: /repo/ws/install/include/px4/px4/msg/detail/gimbal_device_attitude_status__rosidl_typesupport_fastrtps_cpp.hpp
[826.819s] -- Symlinking: /repo/ws/install/include/px4/px4/msg/detail/gimbal_device_information__rosidl_typesupport_fastrtps_cpp.hpp
[826.835s] -- Symlinking: /repo/ws/install/include/px4/px4/msg/detail/gimbal_device_set_attitude__rosidl_typesupport_fastrtps_cpp.hpp
[826.848s] -- Symlinking: /repo/ws/install/include/px4/px4/msg/detail/gimbal_manager_information__rosidl_typesupport_fastrtps_cpp.hpp
[826.861s] -- Symlinking: /repo/ws/install/include/px4/px4/msg/detail/gimbal_manager_set_attitude__rosidl_typesupport_fastrtps_cpp.hpp
[826.875s] -- Symlinking: /repo/ws/install/include/px4/px4/msg/detail/gimbal_manager_set_manual_control__rosidl_typesupport_fastrtps_cpp.hpp
[826.888s] -- Symlinking: /repo/ws/install/include/px4/px4/msg/detail/gimbal_manager_status__rosidl_typesupport_fastrtps_cpp.hpp
[826.901s] -- Symlinking: /repo/ws/install/include/px4/px4/msg/detail/goto_setpoint__rosidl_typesupport_fastrtps_cpp.hpp
[826.915s] -- Symlinking: /repo/ws/install/include/px4/px4/msg/detail/gpio_config__rosidl_typesupport_fastrtps_cpp.hpp
[826.929s] -- Symlinking: /repo/ws/install/include/px4/px4/msg/detail/gpio_in__rosidl_typesupport_fastrtps_cpp.hpp
[826.943s] -- Symlinking: /repo/ws/install/include/px4/px4/msg/detail/gpio_out__rosidl_typesupport_fastrtps_cpp.hpp
[826.956s] -- Symlinking: /repo/ws/install/include/px4/px4/msg/detail/gpio_request__rosidl_typesupport_fastrtps_cpp.hpp
[826.970s] -- Symlinking: /repo/ws/install/include/px4/px4/msg/detail/gps_dump__rosidl_typesupport_fastrtps_cpp.hpp
[826.984s] -- Symlinking: /repo/ws/install/include/px4/px4/msg/detail/gps_inject_data__rosidl_typesupport_fastrtps_cpp.hpp
[826.999s] -- Symlinking: /repo/ws/install/include/px4/px4/msg/detail/gripper__rosidl_typesupport_fastrtps_cpp.hpp
[827.014s] -- Symlinking: /repo/ws/install/include/px4/px4/msg/detail/health_report__rosidl_typesupport_fastrtps_cpp.hpp
[827.029s] -- Symlinking: /repo/ws/install/include/px4/px4/msg/detail/heater_status__rosidl_typesupport_fastrtps_cpp.hpp
[827.043s] -- Symlinking: /repo/ws/install/include/px4/px4/msg/detail/home_position__rosidl_typesupport_fastrtps_cpp.hpp
[827.057s] -- Symlinking: /repo/ws/install/include/px4/px4/msg/detail/hover_thrust_estimate__rosidl_typesupport_fastrtps_cpp.hpp
[827.071s] -- Symlinking: /repo/ws/install/include/px4/px4/msg/detail/input_rc__rosidl_typesupport_fastrtps_cpp.hpp
[827.085s] -- Symlinking: /repo/ws/install/include/px4/px4/msg/detail/internal_combustion_engine_control__rosidl_typesupport_fastrtps_cpp.hpp
[827.099s] -- Symlinking: /repo/ws/install/include/px4/px4/msg/detail/internal_combustion_engine_status__rosidl_typesupport_fastrtps_cpp.hpp
[827.113s] -- Symlinking: /repo/ws/install/include/px4/px4/msg/detail/iridiumsbd_status__rosidl_typesupport_fastrtps_cpp.hpp
[827.128s] -- Symlinking: /repo/ws/install/include/px4/px4/msg/detail/irlock_report__rosidl_typesupport_fastrtps_cpp.hpp
[827.142s] -- Symlinking: /repo/ws/install/include/px4/px4/msg/detail/landing_gear__rosidl_typesupport_fastrtps_cpp.hpp
[827.156s] -- Symlinking: /repo/ws/install/include/px4/px4/msg/detail/landing_gear_wheel__rosidl_typesupport_fastrtps_cpp.hpp
[827.169s] -- Symlinking: /repo/ws/install/include/px4/px4/msg/detail/landing_target_innovations__rosidl_typesupport_fastrtps_cpp.hpp
[827.182s] -- Symlinking: /repo/ws/install/include/px4/px4/msg/detail/landing_target_pose__rosidl_typesupport_fastrtps_cpp.hpp
[827.195s] -- Symlinking: /repo/ws/install/include/px4/px4/msg/detail/launch_detection_status__rosidl_typesupport_fastrtps_cpp.hpp
[827.208s] -- Symlinking: /repo/ws/install/include/px4/px4/msg/detail/led_control__rosidl_typesupport_fastrtps_cpp.hpp
[827.222s] -- Symlinking: /repo/ws/install/include/px4/px4/msg/detail/log_message__rosidl_typesupport_fastrtps_cpp.hpp
[827.236s] -- Symlinking: /repo/ws/install/include/px4/px4/msg/detail/logger_status__rosidl_typesupport_fastrtps_cpp.hpp
[827.249s] -- Symlinking: /repo/ws/install/include/px4/px4/msg/detail/mag_worker_data__rosidl_typesupport_fastrtps_cpp.hpp
[827.263s] -- Symlinking: /repo/ws/install/include/px4/px4/msg/detail/magnetometer_bias_estimate__rosidl_typesupport_fastrtps_cpp.hpp
[827.276s] -- Symlinking: /repo/ws/install/include/px4/px4/msg/detail/manual_control_setpoint__rosidl_typesupport_fastrtps_cpp.hpp
[827.289s] -- Symlinking: /repo/ws/install/include/px4/px4/msg/detail/manual_control_switches__rosidl_typesupport_fastrtps_cpp.hpp
[827.303s] -- Symlinking: /repo/ws/install/include/px4/px4/msg/detail/mavlink_log__rosidl_typesupport_fastrtps_cpp.hpp
[827.316s] -- Symlinking: /repo/ws/install/include/px4/px4/msg/detail/mavlink_tunnel__rosidl_typesupport_fastrtps_cpp.hpp
[827.331s] -- Symlinking: /repo/ws/install/include/px4/px4/msg/detail/message_format_request__rosidl_typesupport_fastrtps_cpp.hpp
[827.344s] -- Symlinking: /repo/ws/install/include/px4/px4/msg/detail/message_format_response__rosidl_typesupport_fastrtps_cpp.hpp
[827.357s] -- Symlinking: /repo/ws/install/include/px4/px4/msg/detail/mission__rosidl_typesupport_fastrtps_cpp.hpp
[827.370s] -- Symlinking: /repo/ws/install/include/px4/px4/msg/detail/mission_result__rosidl_typesupport_fastrtps_cpp.hpp
[827.384s] -- Symlinking: /repo/ws/install/include/px4/px4/msg/detail/mode_completed__rosidl_typesupport_fastrtps_cpp.hpp
[827.397s] -- Symlinking: /repo/ws/install/include/px4/px4/msg/detail/mount_orientation__rosidl_typesupport_fastrtps_cpp.hpp
[827.411s] -- Symlinking: /repo/ws/install/include/px4/px4/msg/detail/navigator_mission_item__rosidl_typesupport_fastrtps_cpp.hpp
[827.424s] -- Symlinking: /repo/ws/install/include/px4/px4/msg/detail/navigator_status__rosidl_typesupport_fastrtps_cpp.hpp
[827.438s] -- Symlinking: /repo/ws/install/include/px4/px4/msg/detail/normalized_unsigned_setpoint__rosidl_typesupport_fastrtps_cpp.hpp
[827.451s] -- Symlinking: /repo/ws/install/include/px4/px4/msg/detail/npfg_status__rosidl_typesupport_fastrtps_cpp.hpp
[827.464s] -- Symlinking: /repo/ws/install/include/px4/px4/msg/detail/obstacle_distance__rosidl_typesupport_fastrtps_cpp.hpp
[827.478s] -- Symlinking: /repo/ws/install/include/px4/px4/msg/detail/offboard_control_mode__rosidl_typesupport_fastrtps_cpp.hpp
[827.491s] -- Symlinking: /repo/ws/install/include/px4/px4/msg/detail/onboard_computer_status__rosidl_typesupport_fastrtps_cpp.hpp
[827.504s] -- Symlinking: /repo/ws/install/include/px4/px4/msg/detail/open_drone_id_arm_status__rosidl_typesupport_fastrtps_cpp.hpp
[827.517s] -- Symlinking: /repo/ws/install/include/px4/px4/msg/detail/open_drone_id_operator_id__rosidl_typesupport_fastrtps_cpp.hpp
[827.532s] -- Symlinking: /repo/ws/install/include/px4/px4/msg/detail/open_drone_id_self_id__rosidl_typesupport_fastrtps_cpp.hpp
[827.545s] -- Symlinking: /repo/ws/install/include/px4/px4/msg/detail/open_drone_id_system__rosidl_typesupport_fastrtps_cpp.hpp
[827.559s] -- Symlinking: /repo/ws/install/include/px4/px4/msg/detail/orb_test__rosidl_typesupport_fastrtps_cpp.hpp
[827.572s] -- Symlinking: /repo/ws/install/include/px4/px4/msg/detail/orb_test_large__rosidl_typesupport_fastrtps_cpp.hpp
[827.585s] -- Symlinking: /repo/ws/install/include/px4/px4/msg/detail/orb_test_medium__rosidl_typesupport_fastrtps_cpp.hpp
[827.598s] -- Symlinking: /repo/ws/install/include/px4/px4/msg/detail/orbit_status__rosidl_typesupport_fastrtps_cpp.hpp
[827.612s] -- Symlinking: /repo/ws/install/include/px4/px4/msg/detail/parameter_reset_request__rosidl_typesupport_fastrtps_cpp.hpp
[827.625s] -- Symlinking: /repo/ws/install/include/px4/px4/msg/detail/parameter_set_used_request__rosidl_typesupport_fastrtps_cpp.hpp
[827.639s] -- Symlinking: /repo/ws/install/include/px4/px4/msg/detail/parameter_set_value_request__rosidl_typesupport_fastrtps_cpp.hpp
[827.653s] -- Symlinking: /repo/ws/install/include/px4/px4/msg/detail/parameter_set_value_response__rosidl_typesupport_fastrtps_cpp.hpp
[827.666s] -- Symlinking: /repo/ws/install/include/px4/px4/msg/detail/parameter_update__rosidl_typesupport_fastrtps_cpp.hpp
[827.679s] -- Symlinking: /repo/ws/install/include/px4/px4/msg/detail/ping__rosidl_typesupport_fastrtps_cpp.hpp
[827.692s] -- Symlinking: /repo/ws/install/include/px4/px4/msg/detail/position_controller_landing_status__rosidl_typesupport_fastrtps_cpp.hpp
[827.706s] -- Symlinking: /repo/ws/install/include/px4/px4/msg/detail/position_controller_status__rosidl_typesupport_fastrtps_cpp.hpp
[827.719s] -- Symlinking: /repo/ws/install/include/px4/px4/msg/detail/position_setpoint__rosidl_typesupport_fastrtps_cpp.hpp
[827.733s] -- Symlinking: /repo/ws/install/include/px4/px4/msg/detail/position_setpoint_triplet__rosidl_typesupport_fastrtps_cpp.hpp
[827.747s] -- Symlinking: /repo/ws/install/include/px4/px4/msg/detail/power_button_state__rosidl_typesupport_fastrtps_cpp.hpp
[827.760s] -- Symlinking: /repo/ws/install/include/px4/px4/msg/detail/power_monitor__rosidl_typesupport_fastrtps_cpp.hpp
[827.773s] -- Symlinking: /repo/ws/install/include/px4/px4/msg/detail/pps_capture__rosidl_typesupport_fastrtps_cpp.hpp
[827.786s] -- Symlinking: /repo/ws/install/include/px4/px4/msg/detail/pure_pursuit_status__rosidl_typesupport_fastrtps_cpp.hpp
[827.800s] -- Symlinking: /repo/ws/install/include/px4/px4/msg/detail/pwm_input__rosidl_typesupport_fastrtps_cpp.hpp
[827.813s] -- Symlinking: /repo/ws/install/include/px4/px4/msg/detail/px4io_status__rosidl_typesupport_fastrtps_cpp.hpp
[827.828s] -- Symlinking: /repo/ws/install/include/px4/px4/msg/detail/qshell_req__rosidl_typesupport_fastrtps_cpp.hpp
[827.841s] -- Symlinking: /repo/ws/install/include/px4/px4/msg/detail/qshell_retval__rosidl_typesupport_fastrtps_cpp.hpp
[827.854s] -- Symlinking: /repo/ws/install/include/px4/px4/msg/detail/radio_status__rosidl_typesupport_fastrtps_cpp.hpp
[827.867s] -- Symlinking: /repo/ws/install/include/px4/px4/msg/detail/rate_ctrl_status__rosidl_typesupport_fastrtps_cpp.hpp
[827.881s] -- Symlinking: /repo/ws/install/include/px4/px4/msg/detail/rc_channels__rosidl_typesupport_fastrtps_cpp.hpp
[827.894s] -- Symlinking: /repo/ws/install/include/px4/px4/msg/detail/rc_parameter_map__rosidl_typesupport_fastrtps_cpp.hpp
[827.907s] -- Symlinking: /repo/ws/install/include/px4/px4/msg/detail/register_ext_component_reply__rosidl_typesupport_fastrtps_cpp.hpp
[827.920s] -- Symlinking: /repo/ws/install/include/px4/px4/msg/detail/register_ext_component_request__rosidl_typesupport_fastrtps_cpp.hpp
[827.934s] -- Symlinking: /repo/ws/install/include/px4/px4/msg/detail/rover_attitude_setpoint__rosidl_typesupport_fastrtps_cpp.hpp
[827.948s] -- Symlinking: /repo/ws/install/include/px4/px4/msg/detail/rover_attitude_status__rosidl_typesupport_fastrtps_cpp.hpp
[827.961s] -- Symlinking: /repo/ws/install/include/px4/px4/msg/detail/rover_position_setpoint__rosidl_typesupport_fastrtps_cpp.hpp
[827.974s] -- Symlinking: /repo/ws/install/include/px4/px4/msg/detail/rover_rate_setpoint__rosidl_typesupport_fastrtps_cpp.hpp
[827.987s] -- Symlinking: /repo/ws/install/include/px4/px4/msg/detail/rover_rate_status__rosidl_typesupport_fastrtps_cpp.hpp
[828.000s] -- Symlinking: /repo/ws/install/include/px4/px4/msg/detail/rover_steering_setpoint__rosidl_typesupport_fastrtps_cpp.hpp
[828.013s] -- Symlinking: /repo/ws/install/include/px4/px4/msg/detail/rover_throttle_setpoint__rosidl_typesupport_fastrtps_cpp.hpp
[828.028s] -- Symlinking: /repo/ws/install/include/px4/px4/msg/detail/rover_velocity_status__rosidl_typesupport_fastrtps_cpp.hpp
[828.042s] -- Symlinking: /repo/ws/install/include/px4/px4/msg/detail/rpm__rosidl_typesupport_fastrtps_cpp.hpp
[828.055s] -- Symlinking: /repo/ws/install/include/px4/px4/msg/detail/rtl_status__rosidl_typesupport_fastrtps_cpp.hpp
[828.069s] -- Symlinking: /repo/ws/install/include/px4/px4/msg/detail/rtl_time_estimate__rosidl_typesupport_fastrtps_cpp.hpp
[828.082s] -- Symlinking: /repo/ws/install/include/px4/px4/msg/detail/satellite_info__rosidl_typesupport_fastrtps_cpp.hpp
[828.095s] -- Symlinking: /repo/ws/install/include/px4/px4/msg/detail/sensor_accel__rosidl_typesupport_fastrtps_cpp.hpp
[828.108s] -- Symlinking: /repo/ws/install/include/px4/px4/msg/detail/sensor_accel_fifo__rosidl_typesupport_fastrtps_cpp.hpp
[828.121s] -- Symlinking: /repo/ws/install/include/px4/px4/msg/detail/sensor_airflow__rosidl_typesupport_fastrtps_cpp.hpp
[828.135s] -- Symlinking: /repo/ws/install/include/px4/px4/msg/detail/sensor_baro__rosidl_typesupport_fastrtps_cpp.hpp
[828.148s] -- Symlinking: /repo/ws/install/include/px4/px4/msg/detail/sensor_combined__rosidl_typesupport_fastrtps_cpp.hpp
[828.161s] -- Symlinking: /repo/ws/install/include/px4/px4/msg/detail/sensor_correction__rosidl_typesupport_fastrtps_cpp.hpp
[828.175s] -- Symlinking: /repo/ws/install/include/px4/px4/msg/detail/sensor_gnss_relative__rosidl_typesupport_fastrtps_cpp.hpp
[828.188s] -- Symlinking: /repo/ws/install/include/px4/px4/msg/detail/sensor_gps__rosidl_typesupport_fastrtps_cpp.hpp
[828.202s] -- Symlinking: /repo/ws/install/include/px4/px4/msg/detail/sensor_gyro__rosidl_typesupport_fastrtps_cpp.hpp
[828.215s] -- Symlinking: /repo/ws/install/include/px4/px4/msg/detail/sensor_gyro_fft__rosidl_typesupport_fastrtps_cpp.hpp
[828.229s] -- Symlinking: /repo/ws/install/include/px4/px4/msg/detail/sensor_gyro_fifo__rosidl_typesupport_fastrtps_cpp.hpp
[828.243s] -- Symlinking: /repo/ws/install/include/px4/px4/msg/detail/sensor_hygrometer__rosidl_typesupport_fastrtps_cpp.hpp
[828.256s] -- Symlinking: /repo/ws/install/include/px4/px4/msg/detail/sensor_mag__rosidl_typesupport_fastrtps_cpp.hpp
[828.269s] -- Symlinking: /repo/ws/install/include/px4/px4/msg/detail/sensor_optical_flow__rosidl_typesupport_fastrtps_cpp.hpp
[828.282s] -- Symlinking: /repo/ws/install/include/px4/px4/msg/detail/sensor_preflight_mag__rosidl_typesupport_fastrtps_cpp.hpp
[828.296s] -- Symlinking: /repo/ws/install/include/px4/px4/msg/detail/sensor_selection__rosidl_typesupport_fastrtps_cpp.hpp
[828.309s] -- Symlinking: /repo/ws/install/include/px4/px4/msg/detail/sensor_uwb__rosidl_typesupport_fastrtps_cpp.hpp
[828.323s] -- Symlinking: /repo/ws/install/include/px4/px4/msg/detail/sensors_status__rosidl_typesupport_fastrtps_cpp.hpp
[828.337s] -- Symlinking: /repo/ws/install/include/px4/px4/msg/detail/sensors_status_imu__rosidl_typesupport_fastrtps_cpp.hpp
[828.351s] -- Symlinking: /repo/ws/install/include/px4/px4/msg/detail/system_power__rosidl_typesupport_fastrtps_cpp.hpp
[828.364s] -- Symlinking: /repo/ws/install/include/px4/px4/msg/detail/takeoff_status__rosidl_typesupport_fastrtps_cpp.hpp
[828.377s] -- Symlinking: /repo/ws/install/include/px4/px4/msg/detail/task_stack_info__rosidl_typesupport_fastrtps_cpp.hpp
[828.390s] -- Symlinking: /repo/ws/install/include/px4/px4/msg/detail/tecs_status__rosidl_typesupport_fastrtps_cpp.hpp
[828.404s] -- Symlinking: /repo/ws/install/include/px4/px4/msg/detail/telemetry_status__rosidl_typesupport_fastrtps_cpp.hpp
[828.417s] -- Symlinking: /repo/ws/install/include/px4/px4/msg/detail/tiltrotor_extra_controls__rosidl_typesupport_fastrtps_cpp.hpp
[828.432s] -- Symlinking: /repo/ws/install/include/px4/px4/msg/detail/timesync_status__rosidl_typesupport_fastrtps_cpp.hpp
[828.445s] -- Symlinking: /repo/ws/install/include/px4/px4/msg/detail/trajectory_setpoint6dof__rosidl_typesupport_fastrtps_cpp.hpp
[828.458s] -- Symlinking: /repo/ws/install/include/px4/px4/msg/detail/trajectory_setpoint__rosidl_typesupport_fastrtps_cpp.hpp
[828.472s] -- Symlinking: /repo/ws/install/include/px4/px4/msg/detail/transponder_report__rosidl_typesupport_fastrtps_cpp.hpp
[828.485s] -- Symlinking: /repo/ws/install/include/px4/px4/msg/detail/tune_control__rosidl_typesupport_fastrtps_cpp.hpp
[828.498s] -- Symlinking: /repo/ws/install/include/px4/px4/msg/detail/uavcan_parameter_request__rosidl_typesupport_fastrtps_cpp.hpp
[828.511s] -- Symlinking: /repo/ws/install/include/px4/px4/msg/detail/uavcan_parameter_value__rosidl_typesupport_fastrtps_cpp.hpp
[828.524s] -- Symlinking: /repo/ws/install/include/px4/px4/msg/detail/ulog_stream__rosidl_typesupport_fastrtps_cpp.hpp
[828.539s] -- Symlinking: /repo/ws/install/include/px4/px4/msg/detail/ulog_stream_ack__rosidl_typesupport_fastrtps_cpp.hpp
[828.552s] -- Symlinking: /repo/ws/install/include/px4/px4/msg/detail/unregister_ext_component__rosidl_typesupport_fastrtps_cpp.hpp
[828.565s] -- Symlinking: /repo/ws/install/include/px4/px4/msg/detail/vehicle_acceleration__rosidl_typesupport_fastrtps_cpp.hpp
[828.578s] -- Symlinking: /repo/ws/install/include/px4/px4/msg/detail/vehicle_air_data__rosidl_typesupport_fastrtps_cpp.hpp
[828.591s] -- Symlinking: /repo/ws/install/include/px4/px4/msg/detail/vehicle_angular_acceleration_setpoint__rosidl_typesupport_fastrtps_cpp.hpp
[828.604s] -- Symlinking: /repo/ws/install/include/px4/px4/msg/detail/vehicle_angular_velocity__rosidl_typesupport_fastrtps_cpp.hpp
[828.617s] -- Symlinking: /repo/ws/install/include/px4/px4/msg/detail/vehicle_attitude__rosidl_typesupport_fastrtps_cpp.hpp
[828.632s] -- Symlinking: /repo/ws/install/include/px4/px4/msg/detail/vehicle_attitude_setpoint__rosidl_typesupport_fastrtps_cpp.hpp
[828.645s] -- Symlinking: /repo/ws/install/include/px4/px4/msg/detail/vehicle_command__rosidl_typesupport_fastrtps_cpp.hpp
[828.658s] -- Symlinking: /repo/ws/install/include/px4/px4/msg/detail/vehicle_command_ack__rosidl_typesupport_fastrtps_cpp.hpp
[828.671s] -- Symlinking: /repo/ws/install/include/px4/px4/msg/detail/vehicle_constraints__rosidl_typesupport_fastrtps_cpp.hpp
[828.684s] -- Symlinking: /repo/ws/install/include/px4/px4/msg/detail/vehicle_control_mode__rosidl_typesupport_fastrtps_cpp.hpp
[828.697s] -- Symlinking: /repo/ws/install/include/px4/px4/msg/detail/vehicle_global_position__rosidl_typesupport_fastrtps_cpp.hpp
[828.711s] -- Symlinking: /repo/ws/install/include/px4/px4/msg/detail/vehicle_imu__rosidl_typesupport_fastrtps_cpp.hpp
[828.724s] -- Symlinking: /repo/ws/install/include/px4/px4/msg/detail/vehicle_imu_status__rosidl_typesupport_fastrtps_cpp.hpp
[828.739s] -- Symlinking: /repo/ws/install/include/px4/px4/msg/detail/vehicle_land_detected__rosidl_typesupport_fastrtps_cpp.hpp
[828.752s] -- Symlinking: /repo/ws/install/include/px4/px4/msg/detail/vehicle_local_position__rosidl_typesupport_fastrtps_cpp.hpp
[828.765s] -- Symlinking: /repo/ws/install/include/px4/px4/msg/detail/vehicle_local_position_setpoint__rosidl_typesupport_fastrtps_cpp.hpp
[828.779s] -- Symlinking: /repo/ws/install/include/px4/px4/msg/detail/vehicle_magnetometer__rosidl_typesupport_fastrtps_cpp.hpp
[828.791s] -- Symlinking: /repo/ws/install/include/px4/px4/msg/detail/vehicle_odometry__rosidl_typesupport_fastrtps_cpp.hpp
[828.805s] -- Symlinking: /repo/ws/install/include/px4/px4/msg/detail/vehicle_optical_flow__rosidl_typesupport_fastrtps_cpp.hpp
[828.818s] -- Symlinking: /repo/ws/install/include/px4/px4/msg/detail/vehicle_optical_flow_vel__rosidl_typesupport_fastrtps_cpp.hpp
[828.833s] -- Symlinking: /repo/ws/install/include/px4/px4/msg/detail/vehicle_rates_setpoint__rosidl_typesupport_fastrtps_cpp.hpp
[828.847s] -- Symlinking: /repo/ws/install/include/px4/px4/msg/detail/vehicle_roi__rosidl_typesupport_fastrtps_cpp.hpp
[828.860s] -- Symlinking: /repo/ws/install/include/px4/px4/msg/detail/vehicle_status__rosidl_typesupport_fastrtps_cpp.hpp
[828.873s] -- Symlinking: /repo/ws/install/include/px4/px4/msg/detail/vehicle_thrust_setpoint__rosidl_typesupport_fastrtps_cpp.hpp
[828.889s] -- Symlinking: /repo/ws/install/include/px4/px4/msg/detail/vehicle_torque_setpoint__rosidl_typesupport_fastrtps_cpp.hpp
[828.902s] -- Symlinking: /repo/ws/install/include/px4/px4/msg/detail/velocity_limits__rosidl_typesupport_fastrtps_cpp.hpp
[828.915s] -- Symlinking: /repo/ws/install/include/px4/px4/msg/detail/vtol_vehicle_status__rosidl_typesupport_fastrtps_cpp.hpp
[828.930s] -- Symlinking: /repo/ws/install/include/px4/px4/msg/detail/wheel_encoders__rosidl_typesupport_fastrtps_cpp.hpp
[828.943s] -- Symlinking: /repo/ws/install/include/px4/px4/msg/detail/wind__rosidl_typesupport_fastrtps_cpp.hpp
[828.956s] -- Symlinking: /repo/ws/install/include/px4/px4/msg/detail/yaw_estimator_status__rosidl_typesupport_fastrtps_cpp.hpp
[828.969s] -- Symlinking: /repo/ws/install/include/px4/px4/msg/rosidl_typesupport_fastrtps_cpp__visibility_control.h
[828.989s] -- Symlinking: /repo/ws/install/include/px4/px4/msg/detail/ackermann_velocity_setpoint__rosidl_typesupport_introspection_c.h
[829.002s] -- Symlinking: /repo/ws/install/include/px4/px4/msg/detail/action_request__rosidl_typesupport_introspection_c.h
[829.015s] -- Symlinking: /repo/ws/install/include/px4/px4/msg/detail/actuator_armed__rosidl_typesupport_introspection_c.h
[829.030s] -- Symlinking: /repo/ws/install/include/px4/px4/msg/detail/actuator_controls_status__rosidl_typesupport_introspection_c.h
[829.044s] -- Symlinking: /repo/ws/install/include/px4/px4/msg/detail/actuator_motors__rosidl_typesupport_introspection_c.h
[829.057s] -- Symlinking: /repo/ws/install/include/px4/px4/msg/detail/actuator_outputs__rosidl_typesupport_introspection_c.h
[829.070s] -- Symlinking: /repo/ws/install/include/px4/px4/msg/detail/actuator_servos__rosidl_typesupport_introspection_c.h
[829.083s] -- Symlinking: /repo/ws/install/include/px4/px4/msg/detail/actuator_servos_trim__rosidl_typesupport_introspection_c.h
[829.096s] -- Symlinking: /repo/ws/install/include/px4/px4/msg/detail/actuator_test__rosidl_typesupport_introspection_c.h
[829.110s] -- Symlinking: /repo/ws/install/include/px4/px4/msg/detail/adc_report__rosidl_typesupport_introspection_c.h
[829.123s] -- Symlinking: /repo/ws/install/include/px4/px4/msg/detail/airspeed__rosidl_typesupport_introspection_c.h
[829.138s] -- Symlinking: /repo/ws/install/include/px4/px4/msg/detail/airspeed_validated__rosidl_typesupport_introspection_c.h
[829.151s] -- Symlinking: /repo/ws/install/include/px4/px4/msg/detail/airspeed_wind__rosidl_typesupport_introspection_c.h
[829.165s] -- Symlinking: /repo/ws/install/include/px4/px4/msg/detail/arming_check_reply__rosidl_typesupport_introspection_c.h
[829.178s] -- Symlinking: /repo/ws/install/include/px4/px4/msg/detail/arming_check_request__rosidl_typesupport_introspection_c.h
[829.191s] -- Symlinking: /repo/ws/install/include/px4/px4/msg/detail/autotune_attitude_control_status__rosidl_typesupport_introspection_c.h
[829.204s] -- Symlinking: /repo/ws/install/include/px4/px4/msg/detail/battery_status__rosidl_typesupport_introspection_c.h
[829.217s] -- Symlinking: /repo/ws/install/include/px4/px4/msg/detail/button_event__rosidl_typesupport_introspection_c.h
[829.232s] -- Symlinking: /repo/ws/install/include/px4/px4/msg/detail/camera_capture__rosidl_typesupport_introspection_c.h
[829.246s] -- Symlinking: /repo/ws/install/include/px4/px4/msg/detail/camera_status__rosidl_typesupport_introspection_c.h
[829.259s] -- Symlinking: /repo/ws/install/include/px4/px4/msg/detail/camera_trigger__rosidl_typesupport_introspection_c.h
[829.272s] -- Symlinking: /repo/ws/install/include/px4/px4/msg/detail/can_interface_status__rosidl_typesupport_introspection_c.h
[829.286s] -- Symlinking: /repo/ws/install/include/px4/px4/msg/detail/cellular_status__rosidl_typesupport_introspection_c.h
[829.299s] -- Symlinking: /repo/ws/install/include/px4/px4/msg/detail/collision_constraints__rosidl_typesupport_introspection_c.h
[829.312s] -- Symlinking: /repo/ws/install/include/px4/px4/msg/detail/config_overrides__rosidl_typesupport_introspection_c.h
[829.325s] -- Symlinking: /repo/ws/install/include/px4/px4/msg/detail/control_allocator_status__rosidl_typesupport_introspection_c.h
[829.340s] -- Symlinking: /repo/ws/install/include/px4/px4/msg/detail/cpuload__rosidl_typesupport_introspection_c.h
[829.352s] -- Symlinking: /repo/ws/install/include/px4/px4/msg/detail/dataman_request__rosidl_typesupport_introspection_c.h
[829.365s] -- Symlinking: /repo/ws/install/include/px4/px4/msg/detail/dataman_response__rosidl_typesupport_introspection_c.h
[829.379s] -- Symlinking: /repo/ws/install/include/px4/px4/msg/detail/debug_array__rosidl_typesupport_introspection_c.h
[829.392s] -- Symlinking: /repo/ws/install/include/px4/px4/msg/detail/debug_key_value__rosidl_typesupport_introspection_c.h
[829.405s] -- Symlinking: /repo/ws/install/include/px4/px4/msg/detail/debug_value__rosidl_typesupport_introspection_c.h
[829.419s] -- Symlinking: /repo/ws/install/include/px4/px4/msg/detail/debug_vect__rosidl_typesupport_introspection_c.h
[829.433s] -- Symlinking: /repo/ws/install/include/px4/px4/msg/detail/differential_pressure__rosidl_typesupport_introspection_c.h
[829.447s] -- Symlinking: /repo/ws/install/include/px4/px4/msg/detail/differential_velocity_setpoint__rosidl_typesupport_introspection_c.h
[829.460s] -- Symlinking: /repo/ws/install/include/px4/px4/msg/detail/distance_sensor__rosidl_typesupport_introspection_c.h
[829.473s] -- Symlinking: /repo/ws/install/include/px4/px4/msg/detail/distance_sensor_mode_change_request__rosidl_typesupport_introspection_c.h
[829.486s] -- Symlinking: /repo/ws/install/include/px4/px4/msg/detail/ekf2_timestamps__rosidl_typesupport_introspection_c.h
[829.499s] -- Symlinking: /repo/ws/install/include/px4/px4/msg/detail/esc_report__rosidl_typesupport_introspection_c.h
[829.512s] -- Symlinking: /repo/ws/install/include/px4/px4/msg/detail/esc_status__rosidl_typesupport_introspection_c.h
[829.525s] -- Symlinking: /repo/ws/install/include/px4/px4/msg/detail/estimator_aid_source1d__rosidl_typesupport_introspection_c.h
[829.539s] -- Symlinking: /repo/ws/install/include/px4/px4/msg/detail/estimator_aid_source2d__rosidl_typesupport_introspection_c.h
[829.552s] -- Symlinking: /repo/ws/install/include/px4/px4/msg/detail/estimator_aid_source3d__rosidl_typesupport_introspection_c.h
[829.566s] -- Symlinking: /repo/ws/install/include/px4/px4/msg/detail/estimator_bias3d__rosidl_typesupport_introspection_c.h
[829.579s] -- Symlinking: /repo/ws/install/include/px4/px4/msg/detail/estimator_bias__rosidl_typesupport_introspection_c.h
[829.592s] -- Symlinking: /repo/ws/install/include/px4/px4/msg/detail/estimator_event_flags__rosidl_typesupport_introspection_c.h
[829.605s] -- Symlinking: /repo/ws/install/include/px4/px4/msg/detail/estimator_gps_status__rosidl_typesupport_introspection_c.h
[829.618s] -- Symlinking: /repo/ws/install/include/px4/px4/msg/detail/estimator_innovations__rosidl_typesupport_introspection_c.h
[829.633s] -- Symlinking: /repo/ws/install/include/px4/px4/msg/detail/estimator_selector_status__rosidl_typesupport_introspection_c.h
[829.646s] -- Symlinking: /repo/ws/install/include/px4/px4/msg/detail/estimator_sensor_bias__rosidl_typesupport_introspection_c.h
[829.659s] -- Symlinking: /repo/ws/install/include/px4/px4/msg/detail/estimator_states__rosidl_typesupport_introspection_c.h
[829.672s] -- Symlinking: /repo/ws/install/include/px4/px4/msg/detail/estimator_status__rosidl_typesupport_introspection_c.h
[829.685s] -- Symlinking: /repo/ws/install/include/px4/px4/msg/detail/estimator_status_flags__rosidl_typesupport_introspection_c.h
[829.699s] -- Symlinking: /repo/ws/install/include/px4/px4/msg/detail/event__rosidl_typesupport_introspection_c.h
[829.712s] -- Symlinking: /repo/ws/install/include/px4/px4/msg/detail/failsafe_flags__rosidl_typesupport_introspection_c.h
[829.725s] -- Symlinking: /repo/ws/install/include/px4/px4/msg/detail/failure_detector_status__rosidl_typesupport_introspection_c.h
[829.740s] -- Symlinking: /repo/ws/install/include/px4/px4/msg/detail/figure_eight_status__rosidl_typesupport_introspection_c.h
[829.752s] -- Symlinking: /repo/ws/install/include/px4/px4/msg/detail/flight_phase_estimation__rosidl_typesupport_introspection_c.h
[829.765s] -- Symlinking: /repo/ws/install/include/px4/px4/msg/detail/follow_target__rosidl_typesupport_introspection_c.h
[829.778s] -- Symlinking: /repo/ws/install/include/px4/px4/msg/detail/follow_target_estimator__rosidl_typesupport_introspection_c.h
[829.791s] -- Symlinking: /repo/ws/install/include/px4/px4/msg/detail/follow_target_status__rosidl_typesupport_introspection_c.h
[829.804s] -- Symlinking: /repo/ws/install/include/px4/px4/msg/detail/fuel_tank_status__rosidl_typesupport_introspection_c.h
[829.818s] -- Symlinking: /repo/ws/install/include/px4/px4/msg/detail/generator_status__rosidl_typesupport_introspection_c.h
[829.832s] -- Symlinking: /repo/ws/install/include/px4/px4/msg/detail/geofence_result__rosidl_typesupport_introspection_c.h
[829.845s] -- Symlinking: /repo/ws/install/include/px4/px4/msg/detail/geofence_status__rosidl_typesupport_introspection_c.h
[829.859s] -- Symlinking: /repo/ws/install/include/px4/px4/msg/detail/gimbal_controls__rosidl_typesupport_introspection_c.h
[829.872s] -- Symlinking: /repo/ws/install/include/px4/px4/msg/detail/gimbal_device_attitude_status__rosidl_typesupport_introspection_c.h
[829.885s] -- Symlinking: /repo/ws/install/include/px4/px4/msg/detail/gimbal_device_information__rosidl_typesupport_introspection_c.h
[829.900s] -- Symlinking: /repo/ws/install/include/px4/px4/msg/detail/gimbal_device_set_attitude__rosidl_typesupport_introspection_c.h
[829.914s] -- Symlinking: /repo/ws/install/include/px4/px4/msg/detail/gimbal_manager_information__rosidl_typesupport_introspection_c.h
[829.927s] -- Symlinking: /repo/ws/install/include/px4/px4/msg/detail/gimbal_manager_set_attitude__rosidl_typesupport_introspection_c.h
[829.941s] -- Symlinking: /repo/ws/install/include/px4/px4/msg/detail/gimbal_manager_set_manual_control__rosidl_typesupport_introspection_c.h
[829.955s] -- Symlinking: /repo/ws/install/include/px4/px4/msg/detail/gimbal_manager_status__rosidl_typesupport_introspection_c.h
[829.968s] -- Symlinking: /repo/ws/install/include/px4/px4/msg/detail/goto_setpoint__rosidl_typesupport_introspection_c.h
[829.982s] -- Symlinking: /repo/ws/install/include/px4/px4/msg/detail/gpio_config__rosidl_typesupport_introspection_c.h
[829.994s] -- Symlinking: /repo/ws/install/include/px4/px4/msg/detail/gpio_in__rosidl_typesupport_introspection_c.h
[830.007s] -- Symlinking: /repo/ws/install/include/px4/px4/msg/detail/gpio_out__rosidl_typesupport_introspection_c.h
[830.021s] -- Symlinking: /repo/ws/install/include/px4/px4/msg/detail/gpio_request__rosidl_typesupport_introspection_c.h
[830.037s] -- Symlinking: /repo/ws/install/include/px4/px4/msg/detail/gps_dump__rosidl_typesupport_introspection_c.h
[830.052s] -- Symlinking: /repo/ws/install/include/px4/px4/msg/detail/gps_inject_data__rosidl_typesupport_introspection_c.h
[830.067s] -- Symlinking: /repo/ws/install/include/px4/px4/msg/detail/gripper__rosidl_typesupport_introspection_c.h
[830.081s] -- Symlinking: /repo/ws/install/include/px4/px4/msg/detail/health_report__rosidl_typesupport_introspection_c.h
[830.095s] -- Symlinking: /repo/ws/install/include/px4/px4/msg/detail/heater_status__rosidl_typesupport_introspection_c.h
[830.109s] -- Symlinking: /repo/ws/install/include/px4/px4/msg/detail/home_position__rosidl_typesupport_introspection_c.h
[830.123s] -- Symlinking: /repo/ws/install/include/px4/px4/msg/detail/hover_thrust_estimate__rosidl_typesupport_introspection_c.h
[830.139s] -- Symlinking: /repo/ws/install/include/px4/px4/msg/detail/input_rc__rosidl_typesupport_introspection_c.h
[830.153s] -- Symlinking: /repo/ws/install/include/px4/px4/msg/detail/internal_combustion_engine_control__rosidl_typesupport_introspection_c.h
[830.166s] -- Symlinking: /repo/ws/install/include/px4/px4/msg/detail/internal_combustion_engine_status__rosidl_typesupport_introspection_c.h
[830.180s] -- Symlinking: /repo/ws/install/include/px4/px4/msg/detail/iridiumsbd_status__rosidl_typesupport_introspection_c.h
[830.193s] -- Symlinking: /repo/ws/install/include/px4/px4/msg/detail/irlock_report__rosidl_typesupport_introspection_c.h
[830.207s] -- Symlinking: /repo/ws/install/include/px4/px4/msg/detail/landing_gear__rosidl_typesupport_introspection_c.h
[830.220s] -- Symlinking: /repo/ws/install/include/px4/px4/msg/detail/landing_gear_wheel__rosidl_typesupport_introspection_c.h
[830.235s] -- Symlinking: /repo/ws/install/include/px4/px4/msg/detail/landing_target_innovations__rosidl_typesupport_introspection_c.h
[830.248s] -- Symlinking: /repo/ws/install/include/px4/px4/msg/detail/landing_target_pose__rosidl_typesupport_introspection_c.h
[830.262s] -- Symlinking: /repo/ws/install/include/px4/px4/msg/detail/launch_detection_status__rosidl_typesupport_introspection_c.h
[830.275s] -- Symlinking: /repo/ws/install/include/px4/px4/msg/detail/led_control__rosidl_typesupport_introspection_c.h
[830.288s] -- Symlinking: /repo/ws/install/include/px4/px4/msg/detail/log_message__rosidl_typesupport_introspection_c.h
[830.301s] -- Symlinking: /repo/ws/install/include/px4/px4/msg/detail/logger_status__rosidl_typesupport_introspection_c.h
[830.314s] -- Symlinking: /repo/ws/install/include/px4/px4/msg/detail/mag_worker_data__rosidl_typesupport_introspection_c.h
[830.327s] -- Symlinking: /repo/ws/install/include/px4/px4/msg/detail/magnetometer_bias_estimate__rosidl_typesupport_introspection_c.h
[830.343s] -- Symlinking: /repo/ws/install/include/px4/px4/msg/detail/manual_control_setpoint__rosidl_typesupport_introspection_c.h
[830.357s] -- Symlinking: /repo/ws/install/include/px4/px4/msg/detail/manual_control_switches__rosidl_typesupport_introspection_c.h
[830.370s] -- Symlinking: /repo/ws/install/include/px4/px4/msg/detail/mavlink_log__rosidl_typesupport_introspection_c.h
[830.383s] -- Symlinking: /repo/ws/install/include/px4/px4/msg/detail/mavlink_tunnel__rosidl_typesupport_introspection_c.h
[830.396s] -- Symlinking: /repo/ws/install/include/px4/px4/msg/detail/message_format_request__rosidl_typesupport_introspection_c.h
[830.409s] -- Symlinking: /repo/ws/install/include/px4/px4/msg/detail/message_format_response__rosidl_typesupport_introspection_c.h
[830.423s] -- Symlinking: /repo/ws/install/include/px4/px4/msg/detail/mission__rosidl_typesupport_introspection_c.h
[830.437s] -- Symlinking: /repo/ws/install/include/px4/px4/msg/detail/mission_result__rosidl_typesupport_introspection_c.h
[830.451s] -- Symlinking: /repo/ws/install/include/px4/px4/msg/detail/mode_completed__rosidl_typesupport_introspection_c.h
[830.464s] -- Symlinking: /repo/ws/install/include/px4/px4/msg/detail/mount_orientation__rosidl_typesupport_introspection_c.h
[830.476s] -- Symlinking: /repo/ws/install/include/px4/px4/msg/detail/navigator_mission_item__rosidl_typesupport_introspection_c.h
[830.490s] -- Symlinking: /repo/ws/install/include/px4/px4/msg/detail/navigator_status__rosidl_typesupport_introspection_c.h
[830.503s] -- Symlinking: /repo/ws/install/include/px4/px4/msg/detail/normalized_unsigned_setpoint__rosidl_typesupport_introspection_c.h
[830.515s] -- Symlinking: /repo/ws/install/include/px4/px4/msg/detail/npfg_status__rosidl_typesupport_introspection_c.h
[830.529s] -- Symlinking: /repo/ws/install/include/px4/px4/msg/detail/obstacle_distance__rosidl_typesupport_introspection_c.h
[830.543s] -- Symlinking: /repo/ws/install/include/px4/px4/msg/detail/offboard_control_mode__rosidl_typesupport_introspection_c.h
[830.556s] -- Symlinking: /repo/ws/install/include/px4/px4/msg/detail/onboard_computer_status__rosidl_typesupport_introspection_c.h
[830.569s] -- Symlinking: /repo/ws/install/include/px4/px4/msg/detail/open_drone_id_arm_status__rosidl_typesupport_introspection_c.h
[830.582s] -- Symlinking: /repo/ws/install/include/px4/px4/msg/detail/open_drone_id_operator_id__rosidl_typesupport_introspection_c.h
[830.595s] -- Symlinking: /repo/ws/install/include/px4/px4/msg/detail/open_drone_id_self_id__rosidl_typesupport_introspection_c.h
[830.608s] -- Symlinking: /repo/ws/install/include/px4/px4/msg/detail/open_drone_id_system__rosidl_typesupport_introspection_c.h
[830.622s] -- Symlinking: /repo/ws/install/include/px4/px4/msg/detail/orb_test__rosidl_typesupport_introspection_c.h
[830.636s] -- Symlinking: /repo/ws/install/include/px4/px4/msg/detail/orb_test_large__rosidl_typesupport_introspection_c.h
[830.650s] -- Symlinking: /repo/ws/install/include/px4/px4/msg/detail/orb_test_medium__rosidl_typesupport_introspection_c.h
[830.663s] -- Symlinking: /repo/ws/install/include/px4/px4/msg/detail/orbit_status__rosidl_typesupport_introspection_c.h
[830.676s] -- Symlinking: /repo/ws/install/include/px4/px4/msg/detail/parameter_reset_request__rosidl_typesupport_introspection_c.h
[830.689s] -- Symlinking: /repo/ws/install/include/px4/px4/msg/detail/parameter_set_used_request__rosidl_typesupport_introspection_c.h
[830.702s] -- Symlinking: /repo/ws/install/include/px4/px4/msg/detail/parameter_set_value_request__rosidl_typesupport_introspection_c.h
[830.715s] -- Symlinking: /repo/ws/install/include/px4/px4/msg/detail/parameter_set_value_response__rosidl_typesupport_introspection_c.h
[830.728s] -- Symlinking: /repo/ws/install/include/px4/px4/msg/detail/parameter_update__rosidl_typesupport_introspection_c.h
[830.742s] -- Symlinking: /repo/ws/install/include/px4/px4/msg/detail/ping__rosidl_typesupport_introspection_c.h
[830.755s] -- Symlinking: /repo/ws/install/include/px4/px4/msg/detail/position_controller_landing_status__rosidl_typesupport_introspection_c.h
[830.768s] -- Symlinking: /repo/ws/install/include/px4/px4/msg/detail/position_controller_status__rosidl_typesupport_introspection_c.h
[830.781s] -- Symlinking: /repo/ws/install/include/px4/px4/msg/detail/position_setpoint__rosidl_typesupport_introspection_c.h
[830.794s] -- Symlinking: /repo/ws/install/include/px4/px4/msg/detail/position_setpoint_triplet__rosidl_typesupport_introspection_c.h
[830.807s] -- Symlinking: /repo/ws/install/include/px4/px4/msg/detail/power_button_state__rosidl_typesupport_introspection_c.h
[830.820s] -- Symlinking: /repo/ws/install/include/px4/px4/msg/detail/power_monitor__rosidl_typesupport_introspection_c.h
[830.835s] -- Symlinking: /repo/ws/install/include/px4/px4/msg/detail/pps_capture__rosidl_typesupport_introspection_c.h
[830.848s] -- Symlinking: /repo/ws/install/include/px4/px4/msg/detail/pure_pursuit_status__rosidl_typesupport_introspection_c.h
[830.860s] -- Symlinking: /repo/ws/install/include/px4/px4/msg/detail/pwm_input__rosidl_typesupport_introspection_c.h
[830.873s] -- Symlinking: /repo/ws/install/include/px4/px4/msg/detail/px4io_status__rosidl_typesupport_introspection_c.h
[830.886s] -- Symlinking: /repo/ws/install/include/px4/px4/msg/detail/qshell_req__rosidl_typesupport_introspection_c.h
[830.899s] -- Symlinking: /repo/ws/install/include/px4/px4/msg/detail/qshell_retval__rosidl_typesupport_introspection_c.h
[830.915s] -- Symlinking: /repo/ws/install/include/px4/px4/msg/detail/radio_status__rosidl_typesupport_introspection_c.h
[830.929s] -- Symlinking: /repo/ws/install/include/px4/px4/msg/detail/rate_ctrl_status__rosidl_typesupport_introspection_c.h
[830.943s] -- Symlinking: /repo/ws/install/include/px4/px4/msg/detail/rc_channels__rosidl_typesupport_introspection_c.h
[830.957s] -- Symlinking: /repo/ws/install/include/px4/px4/msg/detail/rc_parameter_map__rosidl_typesupport_introspection_c.h
[830.970s] -- Symlinking: /repo/ws/install/include/px4/px4/msg/detail/register_ext_component_reply__rosidl_typesupport_introspection_c.h
[830.983s] -- Symlinking: /repo/ws/install/include/px4/px4/msg/detail/register_ext_component_request__rosidl_typesupport_introspection_c.h
[830.997s] -- Symlinking: /repo/ws/install/include/px4/px4/msg/detail/rover_attitude_setpoint__rosidl_typesupport_introspection_c.h
[831.010s] -- Symlinking: /repo/ws/install/include/px4/px4/msg/detail/rover_attitude_status__rosidl_typesupport_introspection_c.h
[831.023s] -- Symlinking: /repo/ws/install/include/px4/px4/msg/detail/rover_position_setpoint__rosidl_typesupport_introspection_c.h
[831.038s] -- Symlinking: /repo/ws/install/include/px4/px4/msg/detail/rover_rate_setpoint__rosidl_typesupport_introspection_c.h
[831.051s] -- Symlinking: /repo/ws/install/include/px4/px4/msg/detail/rover_rate_status__rosidl_typesupport_introspection_c.h
[831.064s] -- Symlinking: /repo/ws/install/include/px4/px4/msg/detail/rover_steering_setpoint__rosidl_typesupport_introspection_c.h
[831.077s] -- Symlinking: /repo/ws/install/include/px4/px4/msg/detail/rover_throttle_setpoint__rosidl_typesupport_introspection_c.h
[831.091s] -- Symlinking: /repo/ws/install/include/px4/px4/msg/detail/rover_velocity_status__rosidl_typesupport_introspection_c.h
[831.104s] -- Symlinking: /repo/ws/install/include/px4/px4/msg/detail/rpm__rosidl_typesupport_introspection_c.h
[831.117s] -- Symlinking: /repo/ws/install/include/px4/px4/msg/detail/rtl_status__rosidl_typesupport_introspection_c.h
[831.130s] -- Symlinking: /repo/ws/install/include/px4/px4/msg/detail/rtl_time_estimate__rosidl_typesupport_introspection_c.h
[831.145s] -- Symlinking: /repo/ws/install/include/px4/px4/msg/detail/satellite_info__rosidl_typesupport_introspection_c.h
[831.158s] -- Symlinking: /repo/ws/install/include/px4/px4/msg/detail/sensor_accel__rosidl_typesupport_introspection_c.h
[831.171s] -- Symlinking: /repo/ws/install/include/px4/px4/msg/detail/sensor_accel_fifo__rosidl_typesupport_introspection_c.h
[831.185s] -- Symlinking: /repo/ws/install/include/px4/px4/msg/detail/sensor_airflow__rosidl_typesupport_introspection_c.h
[831.198s] -- Symlinking: /repo/ws/install/include/px4/px4/msg/detail/sensor_baro__rosidl_typesupport_introspection_c.h
[831.211s] -- Symlinking: /repo/ws/install/include/px4/px4/msg/detail/sensor_combined__rosidl_typesupport_introspection_c.h
[831.225s] -- Symlinking: /repo/ws/install/include/px4/px4/msg/detail/sensor_correction__rosidl_typesupport_introspection_c.h
[831.239s] -- Symlinking: /repo/ws/install/include/px4/px4/msg/detail/sensor_gnss_relative__rosidl_typesupport_introspection_c.h
[831.252s] -- Symlinking: /repo/ws/install/include/px4/px4/msg/detail/sensor_gps__rosidl_typesupport_introspection_c.h
[831.265s] -- Symlinking: /repo/ws/install/include/px4/px4/msg/detail/sensor_gyro__rosidl_typesupport_introspection_c.h
[831.278s] -- Symlinking: /repo/ws/install/include/px4/px4/msg/detail/sensor_gyro_fft__rosidl_typesupport_introspection_c.h
[831.292s] -- Symlinking: /repo/ws/install/include/px4/px4/msg/detail/sensor_gyro_fifo__rosidl_typesupport_introspection_c.h
[831.305s] -- Symlinking: /repo/ws/install/include/px4/px4/msg/detail/sensor_hygrometer__rosidl_typesupport_introspection_c.h
[831.318s] -- Symlinking: /repo/ws/install/include/px4/px4/msg/detail/sensor_mag__rosidl_typesupport_introspection_c.h
[831.332s] -- Symlinking: /repo/ws/install/include/px4/px4/msg/detail/sensor_optical_flow__rosidl_typesupport_introspection_c.h
[831.346s] -- Symlinking: /repo/ws/install/include/px4/px4/msg/detail/sensor_preflight_mag__rosidl_typesupport_introspection_c.h
[831.359s] -- Symlinking: /repo/ws/install/include/px4/px4/msg/detail/sensor_selection__rosidl_typesupport_introspection_c.h
[831.372s] -- Symlinking: /repo/ws/install/include/px4/px4/msg/detail/sensor_uwb__rosidl_typesupport_introspection_c.h
[831.385s] -- Symlinking: /repo/ws/install/include/px4/px4/msg/detail/sensors_status__rosidl_typesupport_introspection_c.h
[831.399s] -- Symlinking: /repo/ws/install/include/px4/px4/msg/detail/sensors_status_imu__rosidl_typesupport_introspection_c.h
[831.412s] -- Symlinking: /repo/ws/install/include/px4/px4/msg/detail/system_power__rosidl_typesupport_introspection_c.h
[831.425s] -- Symlinking: /repo/ws/install/include/px4/px4/msg/detail/takeoff_status__rosidl_typesupport_introspection_c.h
[831.439s] -- Symlinking: /repo/ws/install/include/px4/px4/msg/detail/task_stack_info__rosidl_typesupport_introspection_c.h
[831.452s] -- Symlinking: /repo/ws/install/include/px4/px4/msg/detail/tecs_status__rosidl_typesupport_introspection_c.h
[831.465s] -- Symlinking: /repo/ws/install/include/px4/px4/msg/detail/telemetry_status__rosidl_typesupport_introspection_c.h
[831.478s] -- Symlinking: /repo/ws/install/include/px4/px4/msg/detail/tiltrotor_extra_controls__rosidl_typesupport_introspection_c.h
[831.491s] -- Symlinking: /repo/ws/install/include/px4/px4/msg/detail/timesync_status__rosidl_typesupport_introspection_c.h
[831.505s] -- Symlinking: /repo/ws/install/include/px4/px4/msg/detail/trajectory_setpoint6dof__rosidl_typesupport_introspection_c.h
[831.518s] -- Symlinking: /repo/ws/install/include/px4/px4/msg/detail/trajectory_setpoint__rosidl_typesupport_introspection_c.h
[831.531s] -- Symlinking: /repo/ws/install/include/px4/px4/msg/detail/transponder_report__rosidl_typesupport_introspection_c.h
[831.545s] -- Symlinking: /repo/ws/install/include/px4/px4/msg/detail/tune_control__rosidl_typesupport_introspection_c.h
[831.558s] -- Symlinking: /repo/ws/install/include/px4/px4/msg/detail/uavcan_parameter_request__rosidl_typesupport_introspection_c.h
[831.572s] -- Symlinking: /repo/ws/install/include/px4/px4/msg/detail/uavcan_parameter_value__rosidl_typesupport_introspection_c.h
[831.585s] -- Symlinking: /repo/ws/install/include/px4/px4/msg/detail/ulog_stream__rosidl_typesupport_introspection_c.h
[831.598s] -- Symlinking: /repo/ws/install/include/px4/px4/msg/detail/ulog_stream_ack__rosidl_typesupport_introspection_c.h
[831.611s] -- Symlinking: /repo/ws/install/include/px4/px4/msg/detail/unregister_ext_component__rosidl_typesupport_introspection_c.h
[831.625s] -- Symlinking: /repo/ws/install/include/px4/px4/msg/detail/vehicle_acceleration__rosidl_typesupport_introspection_c.h
[831.638s] -- Symlinking: /repo/ws/install/include/px4/px4/msg/detail/vehicle_air_data__rosidl_typesupport_introspection_c.h
[831.652s] -- Symlinking: /repo/ws/install/include/px4/px4/msg/detail/vehicle_angular_acceleration_setpoint__rosidl_typesupport_introspection_c.h
[831.665s] -- Symlinking: /repo/ws/install/include/px4/px4/msg/detail/vehicle_angular_velocity__rosidl_typesupport_introspection_c.h
[831.678s] -- Symlinking: /repo/ws/install/include/px4/px4/msg/detail/vehicle_attitude__rosidl_typesupport_introspection_c.h
[831.691s] -- Symlinking: /repo/ws/install/include/px4/px4/msg/detail/vehicle_attitude_setpoint__rosidl_typesupport_introspection_c.h
[831.705s] -- Symlinking: /repo/ws/install/include/px4/px4/msg/detail/vehicle_command__rosidl_typesupport_introspection_c.h
[831.718s] -- Symlinking: /repo/ws/install/include/px4/px4/msg/detail/vehicle_command_ack__rosidl_typesupport_introspection_c.h
[831.731s] -- Symlinking: /repo/ws/install/include/px4/px4/msg/detail/vehicle_constraints__rosidl_typesupport_introspection_c.h
[831.745s] -- Symlinking: /repo/ws/install/include/px4/px4/msg/detail/vehicle_control_mode__rosidl_typesupport_introspection_c.h
[831.759s] -- Symlinking: /repo/ws/install/include/px4/px4/msg/detail/vehicle_global_position__rosidl_typesupport_introspection_c.h
[831.772s] -- Symlinking: /repo/ws/install/include/px4/px4/msg/detail/vehicle_imu__rosidl_typesupport_introspection_c.h
[831.785s] -- Symlinking: /repo/ws/install/include/px4/px4/msg/detail/vehicle_imu_status__rosidl_typesupport_introspection_c.h
[831.798s] -- Symlinking: /repo/ws/install/include/px4/px4/msg/detail/vehicle_land_detected__rosidl_typesupport_introspection_c.h
[831.811s] -- Symlinking: /repo/ws/install/include/px4/px4/msg/detail/vehicle_local_position__rosidl_typesupport_introspection_c.h
[831.825s] -- Symlinking: /repo/ws/install/include/px4/px4/msg/detail/vehicle_local_position_setpoint__rosidl_typesupport_introspection_c.h
[831.838s] -- Symlinking: /repo/ws/install/include/px4/px4/msg/detail/vehicle_magnetometer__rosidl_typesupport_introspection_c.h
[831.852s] -- Symlinking: /repo/ws/install/include/px4/px4/msg/detail/vehicle_odometry__rosidl_typesupport_introspection_c.h
[831.866s] -- Symlinking: /repo/ws/install/include/px4/px4/msg/detail/vehicle_optical_flow__rosidl_typesupport_introspection_c.h
[831.879s] -- Symlinking: /repo/ws/install/include/px4/px4/msg/detail/vehicle_optical_flow_vel__rosidl_typesupport_introspection_c.h
[831.892s] -- Symlinking: /repo/ws/install/include/px4/px4/msg/detail/vehicle_rates_setpoint__rosidl_typesupport_introspection_c.h
[831.906s] -- Symlinking: /repo/ws/install/include/px4/px4/msg/detail/vehicle_roi__rosidl_typesupport_introspection_c.h
[831.918s] -- Symlinking: /repo/ws/install/include/px4/px4/msg/detail/vehicle_status__rosidl_typesupport_introspection_c.h
[831.933s] -- Symlinking: /repo/ws/install/include/px4/px4/msg/detail/vehicle_thrust_setpoint__rosidl_typesupport_introspection_c.h
[831.947s] -- Symlinking: /repo/ws/install/include/px4/px4/msg/detail/vehicle_torque_setpoint__rosidl_typesupport_introspection_c.h
[831.960s] -- Symlinking: /repo/ws/install/include/px4/px4/msg/detail/velocity_limits__rosidl_typesupport_introspection_c.h
[831.973s] -- Symlinking: /repo/ws/install/include/px4/px4/msg/detail/vtol_vehicle_status__rosidl_typesupport_introspection_c.h
[831.987s] -- Symlinking: /repo/ws/install/include/px4/px4/msg/detail/wheel_encoders__rosidl_typesupport_introspection_c.h
[832.000s] -- Symlinking: /repo/ws/install/include/px4/px4/msg/detail/wind__rosidl_typesupport_introspection_c.h
[832.013s] -- Symlinking: /repo/ws/install/include/px4/px4/msg/detail/yaw_estimator_status__rosidl_typesupport_introspection_c.h
[832.026s] -- Symlinking: /repo/ws/install/include/px4/px4/msg/rosidl_typesupport_introspection_c__visibility_control.h
[832.046s] -- Symlinking: /repo/ws/install/include/px4/px4/msg/detail/ackermann_velocity_setpoint__rosidl_typesupport_introspection_cpp.hpp
[832.060s] -- Symlinking: /repo/ws/install/include/px4/px4/msg/detail/action_request__rosidl_typesupport_introspection_cpp.hpp
[832.073s] -- Symlinking: /repo/ws/install/include/px4/px4/msg/detail/actuator_armed__rosidl_typesupport_introspection_cpp.hpp
[832.086s] -- Symlinking: /repo/ws/install/include/px4/px4/msg/detail/actuator_controls_status__rosidl_typesupport_introspection_cpp.hpp
[832.099s] -- Symlinking: /repo/ws/install/include/px4/px4/msg/detail/actuator_motors__rosidl_typesupport_introspection_cpp.hpp
[832.113s] -- Symlinking: /repo/ws/install/include/px4/px4/msg/detail/actuator_outputs__rosidl_typesupport_introspection_cpp.hpp
[832.126s] -- Symlinking: /repo/ws/install/include/px4/px4/msg/detail/actuator_servos__rosidl_typesupport_introspection_cpp.hpp
[832.139s] -- Symlinking: /repo/ws/install/include/px4/px4/msg/detail/actuator_servos_trim__rosidl_typesupport_introspection_cpp.hpp
[832.153s] -- Symlinking: /repo/ws/install/include/px4/px4/msg/detail/actuator_test__rosidl_typesupport_introspection_cpp.hpp
[832.166s] -- Symlinking: /repo/ws/install/include/px4/px4/msg/detail/adc_report__rosidl_typesupport_introspection_cpp.hpp
[832.179s] -- Symlinking: /repo/ws/install/include/px4/px4/msg/detail/airspeed__rosidl_typesupport_introspection_cpp.hpp
[832.193s] -- Symlinking: /repo/ws/install/include/px4/px4/msg/detail/airspeed_validated__rosidl_typesupport_introspection_cpp.hpp
[832.206s] -- Symlinking: /repo/ws/install/include/px4/px4/msg/detail/airspeed_wind__rosidl_typesupport_introspection_cpp.hpp
[832.219s] -- Symlinking: /repo/ws/install/include/px4/px4/msg/detail/arming_check_reply__rosidl_typesupport_introspection_cpp.hpp
[832.232s] -- Symlinking: /repo/ws/install/include/px4/px4/msg/detail/arming_check_request__rosidl_typesupport_introspection_cpp.hpp
[832.247s] -- Symlinking: /repo/ws/install/include/px4/px4/msg/detail/autotune_attitude_control_status__rosidl_typesupport_introspection_cpp.hpp
[832.261s] -- Symlinking: /repo/ws/install/include/px4/px4/msg/detail/battery_status__rosidl_typesupport_introspection_cpp.hpp
[832.274s] -- Symlinking: /repo/ws/install/include/px4/px4/msg/detail/button_event__rosidl_typesupport_introspection_cpp.hpp
[832.288s] -- Symlinking: /repo/ws/install/include/px4/px4/msg/detail/camera_capture__rosidl_typesupport_introspection_cpp.hpp
[832.301s] -- Symlinking: /repo/ws/install/include/px4/px4/msg/detail/camera_status__rosidl_typesupport_introspection_cpp.hpp
[832.314s] -- Symlinking: /repo/ws/install/include/px4/px4/msg/detail/camera_trigger__rosidl_typesupport_introspection_cpp.hpp
[832.327s] -- Symlinking: /repo/ws/install/include/px4/px4/msg/detail/can_interface_status__rosidl_typesupport_introspection_cpp.hpp
[832.341s] -- Symlinking: /repo/ws/install/include/px4/px4/msg/detail/cellular_status__rosidl_typesupport_introspection_cpp.hpp
[832.355s] -- Symlinking: /repo/ws/install/include/px4/px4/msg/detail/collision_constraints__rosidl_typesupport_introspection_cpp.hpp
[832.368s] -- Symlinking: /repo/ws/install/include/px4/px4/msg/detail/config_overrides__rosidl_typesupport_introspection_cpp.hpp
[832.382s] -- Symlinking: /repo/ws/install/include/px4/px4/msg/detail/control_allocator_status__rosidl_typesupport_introspection_cpp.hpp
[832.395s] -- Symlinking: /repo/ws/install/include/px4/px4/msg/detail/cpuload__rosidl_typesupport_introspection_cpp.hpp
[832.408s] -- Symlinking: /repo/ws/install/include/px4/px4/msg/detail/dataman_request__rosidl_typesupport_introspection_cpp.hpp
[832.422s] -- Symlinking: /repo/ws/install/include/px4/px4/msg/detail/dataman_response__rosidl_typesupport_introspection_cpp.hpp
[832.436s] -- Symlinking: /repo/ws/install/include/px4/px4/msg/detail/debug_array__rosidl_typesupport_introspection_cpp.hpp
[832.449s] -- Symlinking: /repo/ws/install/include/px4/px4/msg/detail/debug_key_value__rosidl_typesupport_introspection_cpp.hpp
[832.463s] -- Symlinking: /repo/ws/install/include/px4/px4/msg/detail/debug_value__rosidl_typesupport_introspection_cpp.hpp
[832.476s] -- Symlinking: /repo/ws/install/include/px4/px4/msg/detail/debug_vect__rosidl_typesupport_introspection_cpp.hpp
[832.489s] -- Symlinking: /repo/ws/install/include/px4/px4/msg/detail/differential_pressure__rosidl_typesupport_introspection_cpp.hpp
[832.502s] -- Symlinking: /repo/ws/install/include/px4/px4/msg/detail/differential_velocity_setpoint__rosidl_typesupport_introspection_cpp.hpp
[832.515s] -- Symlinking: /repo/ws/install/include/px4/px4/msg/detail/distance_sensor__rosidl_typesupport_introspection_cpp.hpp
[832.527s] -- Symlinking: /repo/ws/install/include/px4/px4/msg/detail/distance_sensor_mode_change_request__rosidl_typesupport_introspection_cpp.hpp
[832.541s] -- Symlinking: /repo/ws/install/include/px4/px4/msg/detail/ekf2_timestamps__rosidl_typesupport_introspection_cpp.hpp
[832.554s] -- Symlinking: /repo/ws/install/include/px4/px4/msg/detail/esc_report__rosidl_typesupport_introspection_cpp.hpp
[832.567s] -- Symlinking: /repo/ws/install/include/px4/px4/msg/detail/esc_status__rosidl_typesupport_introspection_cpp.hpp
[832.579s] -- Symlinking: /repo/ws/install/include/px4/px4/msg/detail/estimator_aid_source1d__rosidl_typesupport_introspection_cpp.hpp
[832.593s] -- Symlinking: /repo/ws/install/include/px4/px4/msg/detail/estimator_aid_source2d__rosidl_typesupport_introspection_cpp.hpp
[832.606s] -- Symlinking: /repo/ws/install/include/px4/px4/msg/detail/estimator_aid_source3d__rosidl_typesupport_introspection_cpp.hpp
[832.619s] -- Symlinking: /repo/ws/install/include/px4/px4/msg/detail/estimator_bias3d__rosidl_typesupport_introspection_cpp.hpp
[832.633s] -- Symlinking: /repo/ws/install/include/px4/px4/msg/detail/estimator_bias__rosidl_typesupport_introspection_cpp.hpp
[832.647s] -- Symlinking: /repo/ws/install/include/px4/px4/msg/detail/estimator_event_flags__rosidl_typesupport_introspection_cpp.hpp
[832.660s] -- Symlinking: /repo/ws/install/include/px4/px4/msg/detail/estimator_gps_status__rosidl_typesupport_introspection_cpp.hpp
[832.673s] -- Symlinking: /repo/ws/install/include/px4/px4/msg/detail/estimator_innovations__rosidl_typesupport_introspection_cpp.hpp
[832.686s] -- Symlinking: /repo/ws/install/include/px4/px4/msg/detail/estimator_selector_status__rosidl_typesupport_introspection_cpp.hpp
[832.700s] -- Symlinking: /repo/ws/install/include/px4/px4/msg/detail/estimator_sensor_bias__rosidl_typesupport_introspection_cpp.hpp
[832.713s] -- Symlinking: /repo/ws/install/include/px4/px4/msg/detail/estimator_states__rosidl_typesupport_introspection_cpp.hpp
[832.726s] -- Symlinking: /repo/ws/install/include/px4/px4/msg/detail/estimator_status__rosidl_typesupport_introspection_cpp.hpp
[832.740s] -- Symlinking: /repo/ws/install/include/px4/px4/msg/detail/estimator_status_flags__rosidl_typesupport_introspection_cpp.hpp
[832.753s] -- Symlinking: /repo/ws/install/include/px4/px4/msg/detail/event__rosidl_typesupport_introspection_cpp.hpp
[832.766s] -- Symlinking: /repo/ws/install/include/px4/px4/msg/detail/failsafe_flags__rosidl_typesupport_introspection_cpp.hpp
[832.780s] -- Symlinking: /repo/ws/install/include/px4/px4/msg/detail/failure_detector_status__rosidl_typesupport_introspection_cpp.hpp
[832.793s] -- Symlinking: /repo/ws/install/include/px4/px4/msg/detail/figure_eight_status__rosidl_typesupport_introspection_cpp.hpp
[832.806s] -- Symlinking: /repo/ws/install/include/px4/px4/msg/detail/flight_phase_estimation__rosidl_typesupport_introspection_cpp.hpp
[832.819s] -- Symlinking: /repo/ws/install/include/px4/px4/msg/detail/follow_target__rosidl_typesupport_introspection_cpp.hpp
[832.832s] -- Symlinking: /repo/ws/install/include/px4/px4/msg/detail/follow_target_estimator__rosidl_typesupport_introspection_cpp.hpp
[832.846s] -- Symlinking: /repo/ws/install/include/px4/px4/msg/detail/follow_target_status__rosidl_typesupport_introspection_cpp.hpp
[832.860s] -- Symlinking: /repo/ws/install/include/px4/px4/msg/detail/fuel_tank_status__rosidl_typesupport_introspection_cpp.hpp
[832.873s] -- Symlinking: /repo/ws/install/include/px4/px4/msg/detail/generator_status__rosidl_typesupport_introspection_cpp.hpp
[832.886s] -- Symlinking: /repo/ws/install/include/px4/px4/msg/detail/geofence_result__rosidl_typesupport_introspection_cpp.hpp
[832.899s] -- Symlinking: /repo/ws/install/include/px4/px4/msg/detail/geofence_status__rosidl_typesupport_introspection_cpp.hpp
[832.912s] -- Symlinking: /repo/ws/install/include/px4/px4/msg/detail/gimbal_controls__rosidl_typesupport_introspection_cpp.hpp
[832.926s] -- Symlinking: /repo/ws/install/include/px4/px4/msg/detail/gimbal_device_attitude_status__rosidl_typesupport_introspection_cpp.hpp
[832.939s] -- Symlinking: /repo/ws/install/include/px4/px4/msg/detail/gimbal_device_information__rosidl_typesupport_introspection_cpp.hpp
[832.955s] -- Symlinking: /repo/ws/install/include/px4/px4/msg/detail/gimbal_device_set_attitude__rosidl_typesupport_introspection_cpp.hpp
[832.970s] -- Symlinking: /repo/ws/install/include/px4/px4/msg/detail/gimbal_manager_information__rosidl_typesupport_introspection_cpp.hpp
[832.983s] -- Symlinking: /repo/ws/install/include/px4/px4/msg/detail/gimbal_manager_set_attitude__rosidl_typesupport_introspection_cpp.hpp
[832.997s] -- Symlinking: /repo/ws/install/include/px4/px4/msg/detail/gimbal_manager_set_manual_control__rosidl_typesupport_introspection_cpp.hpp
[833.011s] -- Symlinking: /repo/ws/install/include/px4/px4/msg/detail/gimbal_manager_status__rosidl_typesupport_introspection_cpp.hpp
[833.025s] -- Symlinking: /repo/ws/install/include/px4/px4/msg/detail/goto_setpoint__rosidl_typesupport_introspection_cpp.hpp
[833.039s] -- Symlinking: /repo/ws/install/include/px4/px4/msg/detail/gpio_config__rosidl_typesupport_introspection_cpp.hpp
[833.053s] -- Symlinking: /repo/ws/install/include/px4/px4/msg/detail/gpio_in__rosidl_typesupport_introspection_cpp.hpp
[833.066s] -- Symlinking: /repo/ws/install/include/px4/px4/msg/detail/gpio_out__rosidl_typesupport_introspection_cpp.hpp
[833.079s] -- Symlinking: /repo/ws/install/include/px4/px4/msg/detail/gpio_request__rosidl_typesupport_introspection_cpp.hpp
[833.095s] -- Symlinking: /repo/ws/install/include/px4/px4/msg/detail/gps_dump__rosidl_typesupport_introspection_cpp.hpp
[833.110s] -- Symlinking: /repo/ws/install/include/px4/px4/msg/detail/gps_inject_data__rosidl_typesupport_introspection_cpp.hpp
[833.125s] -- Symlinking: /repo/ws/install/include/px4/px4/msg/detail/gripper__rosidl_typesupport_introspection_cpp.hpp
[833.145s] -- Symlinking: /repo/ws/install/include/px4/px4/msg/detail/health_report__rosidl_typesupport_introspection_cpp.hpp
[833.160s] -- Symlinking: /repo/ws/install/include/px4/px4/msg/detail/heater_status__rosidl_typesupport_introspection_cpp.hpp
[833.174s] -- Symlinking: /repo/ws/install/include/px4/px4/msg/detail/home_position__rosidl_typesupport_introspection_cpp.hpp
[833.189s] -- Symlinking: /repo/ws/install/include/px4/px4/msg/detail/hover_thrust_estimate__rosidl_typesupport_introspection_cpp.hpp
[833.203s] -- Symlinking: /repo/ws/install/include/px4/px4/msg/detail/input_rc__rosidl_typesupport_introspection_cpp.hpp
[833.216s] -- Symlinking: /repo/ws/install/include/px4/px4/msg/detail/internal_combustion_engine_control__rosidl_typesupport_introspection_cpp.hpp
[833.230s] -- Symlinking: /repo/ws/install/include/px4/px4/msg/detail/internal_combustion_engine_status__rosidl_typesupport_introspection_cpp.hpp
[833.245s] -- Symlinking: /repo/ws/install/include/px4/px4/msg/detail/iridiumsbd_status__rosidl_typesupport_introspection_cpp.hpp
[833.259s] -- Symlinking: /repo/ws/install/include/px4/px4/msg/detail/irlock_report__rosidl_typesupport_introspection_cpp.hpp
[833.272s] -- Symlinking: /repo/ws/install/include/px4/px4/msg/detail/landing_gear__rosidl_typesupport_introspection_cpp.hpp
[833.286s] -- Symlinking: /repo/ws/install/include/px4/px4/msg/detail/landing_gear_wheel__rosidl_typesupport_introspection_cpp.hpp
[833.299s] -- Symlinking: /repo/ws/install/include/px4/px4/msg/detail/landing_target_innovations__rosidl_typesupport_introspection_cpp.hpp
[833.312s] -- Symlinking: /repo/ws/install/include/px4/px4/msg/detail/landing_target_pose__rosidl_typesupport_introspection_cpp.hpp
[833.326s] -- Symlinking: /repo/ws/install/include/px4/px4/msg/detail/launch_detection_status__rosidl_typesupport_introspection_cpp.hpp
[833.341s] -- Symlinking: /repo/ws/install/include/px4/px4/msg/detail/led_control__rosidl_typesupport_introspection_cpp.hpp
[833.354s] -- Symlinking: /repo/ws/install/include/px4/px4/msg/detail/log_message__rosidl_typesupport_introspection_cpp.hpp
[833.367s] -- Symlinking: /repo/ws/install/include/px4/px4/msg/detail/logger_status__rosidl_typesupport_introspection_cpp.hpp
[833.381s] -- Symlinking: /repo/ws/install/include/px4/px4/msg/detail/mag_worker_data__rosidl_typesupport_introspection_cpp.hpp
[833.395s] -- Symlinking: /repo/ws/install/include/px4/px4/msg/detail/magnetometer_bias_estimate__rosidl_typesupport_introspection_cpp.hpp
[833.408s] -- Symlinking: /repo/ws/install/include/px4/px4/msg/detail/manual_control_setpoint__rosidl_typesupport_introspection_cpp.hpp
[833.421s] -- Symlinking: /repo/ws/install/include/px4/px4/msg/detail/manual_control_switches__rosidl_typesupport_introspection_cpp.hpp
[833.435s] -- Symlinking: /repo/ws/install/include/px4/px4/msg/detail/mavlink_log__rosidl_typesupport_introspection_cpp.hpp
[833.448s] -- Symlinking: /repo/ws/install/include/px4/px4/msg/detail/mavlink_tunnel__rosidl_typesupport_introspection_cpp.hpp
[833.462s] -- Symlinking: /repo/ws/install/include/px4/px4/msg/detail/message_format_request__rosidl_typesupport_introspection_cpp.hpp
[833.475s] -- Symlinking: /repo/ws/install/include/px4/px4/msg/detail/message_format_response__rosidl_typesupport_introspection_cpp.hpp
[833.489s] -- Symlinking: /repo/ws/install/include/px4/px4/msg/detail/mission__rosidl_typesupport_introspection_cpp.hpp
[833.502s] -- Symlinking: /repo/ws/install/include/px4/px4/msg/detail/mission_result__rosidl_typesupport_introspection_cpp.hpp
[833.515s] -- Symlinking: /repo/ws/install/include/px4/px4/msg/detail/mode_completed__rosidl_typesupport_introspection_cpp.hpp
[833.528s] -- Symlinking: /repo/ws/install/include/px4/px4/msg/detail/mount_orientation__rosidl_typesupport_introspection_cpp.hpp
[833.542s] -- Symlinking: /repo/ws/install/include/px4/px4/msg/detail/navigator_mission_item__rosidl_typesupport_introspection_cpp.hpp
[833.557s] -- Symlinking: /repo/ws/install/include/px4/px4/msg/detail/navigator_status__rosidl_typesupport_introspection_cpp.hpp
[833.570s] -- Symlinking: /repo/ws/install/include/px4/px4/msg/detail/normalized_unsigned_setpoint__rosidl_typesupport_introspection_cpp.hpp
[833.583s] -- Symlinking: /repo/ws/install/include/px4/px4/msg/detail/npfg_status__rosidl_typesupport_introspection_cpp.hpp
[833.596s] -- Symlinking: /repo/ws/install/include/px4/px4/msg/detail/obstacle_distance__rosidl_typesupport_introspection_cpp.hpp
[833.609s] -- Symlinking: /repo/ws/install/include/px4/px4/msg/detail/offboard_control_mode__rosidl_typesupport_introspection_cpp.hpp
[833.622s] -- Symlinking: /repo/ws/install/include/px4/px4/msg/detail/onboard_computer_status__rosidl_typesupport_introspection_cpp.hpp
[833.637s] -- Symlinking: /repo/ws/install/include/px4/px4/msg/detail/open_drone_id_arm_status__rosidl_typesupport_introspection_cpp.hpp
[833.651s] -- Symlinking: /repo/ws/install/include/px4/px4/msg/detail/open_drone_id_operator_id__rosidl_typesupport_introspection_cpp.hpp
[833.664s] -- Symlinking: /repo/ws/install/include/px4/px4/msg/detail/open_drone_id_self_id__rosidl_typesupport_introspection_cpp.hpp
[833.677s] -- Symlinking: /repo/ws/install/include/px4/px4/msg/detail/open_drone_id_system__rosidl_typesupport_introspection_cpp.hpp
[833.691s] -- Symlinking: /repo/ws/install/include/px4/px4/msg/detail/orb_test__rosidl_typesupport_introspection_cpp.hpp
[833.704s] -- Symlinking: /repo/ws/install/include/px4/px4/msg/detail/orb_test_large__rosidl_typesupport_introspection_cpp.hpp
[833.719s] -- Symlinking: /repo/ws/install/include/px4/px4/msg/detail/orb_test_medium__rosidl_typesupport_introspection_cpp.hpp
[833.732s] -- Symlinking: /repo/ws/install/include/px4/px4/msg/detail/orbit_status__rosidl_typesupport_introspection_cpp.hpp
[833.745s] -- Symlinking: /repo/ws/install/include/px4/px4/msg/detail/parameter_reset_request__rosidl_typesupport_introspection_cpp.hpp
[833.758s] -- Symlinking: /repo/ws/install/include/px4/px4/msg/detail/parameter_set_used_request__rosidl_typesupport_introspection_cpp.hpp
[833.771s] -- Symlinking: /repo/ws/install/include/px4/px4/msg/detail/parameter_set_value_request__rosidl_typesupport_introspection_cpp.hpp
[833.784s] -- Symlinking: /repo/ws/install/include/px4/px4/msg/detail/parameter_set_value_response__rosidl_typesupport_introspection_cpp.hpp
[833.797s] -- Symlinking: /repo/ws/install/include/px4/px4/msg/detail/parameter_update__rosidl_typesupport_introspection_cpp.hpp
[833.811s] -- Symlinking: /repo/ws/install/include/px4/px4/msg/detail/ping__rosidl_typesupport_introspection_cpp.hpp
[833.824s] -- Symlinking: /repo/ws/install/include/px4/px4/msg/detail/position_controller_landing_status__rosidl_typesupport_introspection_cpp.hpp
[833.837s] -- Symlinking: /repo/ws/install/include/px4/px4/msg/detail/position_controller_status__rosidl_typesupport_introspection_cpp.hpp
[833.851s] -- Symlinking: /repo/ws/install/include/px4/px4/msg/detail/position_setpoint__rosidl_typesupport_introspection_cpp.hpp
[833.864s] -- Symlinking: /repo/ws/install/include/px4/px4/msg/detail/position_setpoint_triplet__rosidl_typesupport_introspection_cpp.hpp
[833.877s] -- Symlinking: /repo/ws/install/include/px4/px4/msg/detail/power_button_state__rosidl_typesupport_introspection_cpp.hpp
[833.890s] -- Symlinking: /repo/ws/install/include/px4/px4/msg/detail/power_monitor__rosidl_typesupport_introspection_cpp.hpp
[833.903s] -- Symlinking: /repo/ws/install/include/px4/px4/msg/detail/pps_capture__rosidl_typesupport_introspection_cpp.hpp
[833.917s] -- Symlinking: /repo/ws/install/include/px4/px4/msg/detail/pure_pursuit_status__rosidl_typesupport_introspection_cpp.hpp
[833.930s] -- Symlinking: /repo/ws/install/include/px4/px4/msg/detail/pwm_input__rosidl_typesupport_introspection_cpp.hpp
[833.944s] -- Symlinking: /repo/ws/install/include/px4/px4/msg/detail/px4io_status__rosidl_typesupport_introspection_cpp.hpp
[833.957s] -- Symlinking: /repo/ws/install/include/px4/px4/msg/detail/qshell_req__rosidl_typesupport_introspection_cpp.hpp
[833.970s] -- Symlinking: /repo/ws/install/include/px4/px4/msg/detail/qshell_retval__rosidl_typesupport_introspection_cpp.hpp
[833.984s] -- Symlinking: /repo/ws/install/include/px4/px4/msg/detail/radio_status__rosidl_typesupport_introspection_cpp.hpp
[833.998s] -- Symlinking: /repo/ws/install/include/px4/px4/msg/detail/rate_ctrl_status__rosidl_typesupport_introspection_cpp.hpp
[834.011s] -- Symlinking: /repo/ws/install/include/px4/px4/msg/detail/rc_channels__rosidl_typesupport_introspection_cpp.hpp
[834.024s] -- Symlinking: /repo/ws/install/include/px4/px4/msg/detail/rc_parameter_map__rosidl_typesupport_introspection_cpp.hpp
[834.038s] -- Symlinking: /repo/ws/install/include/px4/px4/msg/detail/register_ext_component_reply__rosidl_typesupport_introspection_cpp.hpp
[834.052s] -- Symlinking: /repo/ws/install/include/px4/px4/msg/detail/register_ext_component_request__rosidl_typesupport_introspection_cpp.hpp
[834.065s] -- Symlinking: /repo/ws/install/include/px4/px4/msg/detail/rover_attitude_setpoint__rosidl_typesupport_introspection_cpp.hpp
[834.077s] -- Symlinking: /repo/ws/install/include/px4/px4/msg/detail/rover_attitude_status__rosidl_typesupport_introspection_cpp.hpp
[834.090s] -- Symlinking: /repo/ws/install/include/px4/px4/msg/detail/rover_position_setpoint__rosidl_typesupport_introspection_cpp.hpp
[834.104s] -- Symlinking: /repo/ws/install/include/px4/px4/msg/detail/rover_rate_setpoint__rosidl_typesupport_introspection_cpp.hpp
[834.118s] -- Symlinking: /repo/ws/install/include/px4/px4/msg/detail/rover_rate_status__rosidl_typesupport_introspection_cpp.hpp
[834.131s] -- Symlinking: /repo/ws/install/include/px4/px4/msg/detail/rover_steering_setpoint__rosidl_typesupport_introspection_cpp.hpp
[834.146s] -- Symlinking: /repo/ws/install/include/px4/px4/msg/detail/rover_throttle_setpoint__rosidl_typesupport_introspection_cpp.hpp
[834.159s] -- Symlinking: /repo/ws/install/include/px4/px4/msg/detail/rover_velocity_status__rosidl_typesupport_introspection_cpp.hpp
[834.172s] -- Symlinking: /repo/ws/install/include/px4/px4/msg/detail/rpm__rosidl_typesupport_introspection_cpp.hpp
[834.186s] -- Symlinking: /repo/ws/install/include/px4/px4/msg/detail/rtl_status__rosidl_typesupport_introspection_cpp.hpp
[834.199s] -- Symlinking: /repo/ws/install/include/px4/px4/msg/detail/rtl_time_estimate__rosidl_typesupport_introspection_cpp.hpp
[834.212s] -- Symlinking: /repo/ws/install/include/px4/px4/msg/detail/satellite_info__rosidl_typesupport_introspection_cpp.hpp
[834.226s] -- Symlinking: /repo/ws/install/include/px4/px4/msg/detail/sensor_accel__rosidl_typesupport_introspection_cpp.hpp
[834.239s] -- Symlinking: /repo/ws/install/include/px4/px4/msg/detail/sensor_accel_fifo__rosidl_typesupport_introspection_cpp.hpp
[834.254s] -- Symlinking: /repo/ws/install/include/px4/px4/msg/detail/sensor_airflow__rosidl_typesupport_introspection_cpp.hpp
[834.268s] -- Symlinking: /repo/ws/install/include/px4/px4/msg/detail/sensor_baro__rosidl_typesupport_introspection_cpp.hpp
[834.282s] -- Symlinking: /repo/ws/install/include/px4/px4/msg/detail/sensor_combined__rosidl_typesupport_introspection_cpp.hpp
[834.295s] -- Symlinking: /repo/ws/install/include/px4/px4/msg/detail/sensor_correction__rosidl_typesupport_introspection_cpp.hpp
[834.309s] -- Symlinking: /repo/ws/install/include/px4/px4/msg/detail/sensor_gnss_relative__rosidl_typesupport_introspection_cpp.hpp
[834.323s] -- Symlinking: /repo/ws/install/include/px4/px4/msg/detail/sensor_gps__rosidl_typesupport_introspection_cpp.hpp
[834.336s] -- Symlinking: /repo/ws/install/include/px4/px4/msg/detail/sensor_gyro__rosidl_typesupport_introspection_cpp.hpp
[834.350s] -- Symlinking: /repo/ws/install/include/px4/px4/msg/detail/sensor_gyro_fft__rosidl_typesupport_introspection_cpp.hpp
[834.363s] -- Symlinking: /repo/ws/install/include/px4/px4/msg/detail/sensor_gyro_fifo__rosidl_typesupport_introspection_cpp.hpp
[834.376s] -- Symlinking: /repo/ws/install/include/px4/px4/msg/detail/sensor_hygrometer__rosidl_typesupport_introspection_cpp.hpp
[834.391s] -- Symlinking: /repo/ws/install/include/px4/px4/msg/detail/sensor_mag__rosidl_typesupport_introspection_cpp.hpp
[834.404s] -- Symlinking: /repo/ws/install/include/px4/px4/msg/detail/sensor_optical_flow__rosidl_typesupport_introspection_cpp.hpp
[834.417s] -- Symlinking: /repo/ws/install/include/px4/px4/msg/detail/sensor_preflight_mag__rosidl_typesupport_introspection_cpp.hpp
[834.431s] -- Symlinking: /repo/ws/install/include/px4/px4/msg/detail/sensor_selection__rosidl_typesupport_introspection_cpp.hpp
[834.445s] -- Symlinking: /repo/ws/install/include/px4/px4/msg/detail/sensor_uwb__rosidl_typesupport_introspection_cpp.hpp
[834.458s] -- Symlinking: /repo/ws/install/include/px4/px4/msg/detail/sensors_status__rosidl_typesupport_introspection_cpp.hpp
[834.471s] -- Symlinking: /repo/ws/install/include/px4/px4/msg/detail/sensors_status_imu__rosidl_typesupport_introspection_cpp.hpp
[834.484s] -- Symlinking: /repo/ws/install/include/px4/px4/msg/detail/system_power__rosidl_typesupport_introspection_cpp.hpp
[834.497s] -- Symlinking: /repo/ws/install/include/px4/px4/msg/detail/takeoff_status__rosidl_typesupport_introspection_cpp.hpp
[834.511s] -- Symlinking: /repo/ws/install/include/px4/px4/msg/detail/task_stack_info__rosidl_typesupport_introspection_cpp.hpp
[834.524s] -- Symlinking: /repo/ws/install/include/px4/px4/msg/detail/tecs_status__rosidl_typesupport_introspection_cpp.hpp
[834.537s] -- Symlinking: /repo/ws/install/include/px4/px4/msg/detail/telemetry_status__rosidl_typesupport_introspection_cpp.hpp
[834.551s] -- Symlinking: /repo/ws/install/include/px4/px4/msg/detail/tiltrotor_extra_controls__rosidl_typesupport_introspection_cpp.hpp
[834.564s] -- Symlinking: /repo/ws/install/include/px4/px4/msg/detail/timesync_status__rosidl_typesupport_introspection_cpp.hpp
[834.577s] -- Symlinking: /repo/ws/install/include/px4/px4/msg/detail/trajectory_setpoint6dof__rosidl_typesupport_introspection_cpp.hpp
[834.591s] -- Symlinking: /repo/ws/install/include/px4/px4/msg/detail/trajectory_setpoint__rosidl_typesupport_introspection_cpp.hpp
[834.603s] -- Symlinking: /repo/ws/install/include/px4/px4/msg/detail/transponder_report__rosidl_typesupport_introspection_cpp.hpp
[834.616s] -- Symlinking: /repo/ws/install/include/px4/px4/msg/detail/tune_control__rosidl_typesupport_introspection_cpp.hpp
[834.630s] -- Symlinking: /repo/ws/install/include/px4/px4/msg/detail/uavcan_parameter_request__rosidl_typesupport_introspection_cpp.hpp
[834.644s] -- Symlinking: /repo/ws/install/include/px4/px4/msg/detail/uavcan_parameter_value__rosidl_typesupport_introspection_cpp.hpp
[834.657s] -- Symlinking: /repo/ws/install/include/px4/px4/msg/detail/ulog_stream__rosidl_typesupport_introspection_cpp.hpp
[834.671s] -- Symlinking: /repo/ws/install/include/px4/px4/msg/detail/ulog_stream_ack__rosidl_typesupport_introspection_cpp.hpp
[834.684s] -- Symlinking: /repo/ws/install/include/px4/px4/msg/detail/unregister_ext_component__rosidl_typesupport_introspection_cpp.hpp
[834.697s] -- Symlinking: /repo/ws/install/include/px4/px4/msg/detail/vehicle_acceleration__rosidl_typesupport_introspection_cpp.hpp
[834.710s] -- Symlinking: /repo/ws/install/include/px4/px4/msg/detail/vehicle_air_data__rosidl_typesupport_introspection_cpp.hpp
[834.723s] -- Symlinking: /repo/ws/install/include/px4/px4/msg/detail/vehicle_angular_acceleration_setpoint__rosidl_typesupport_introspection_cpp.hpp
[834.737s] -- Symlinking: /repo/ws/install/include/px4/px4/msg/detail/vehicle_angular_velocity__rosidl_typesupport_introspection_cpp.hpp
[834.751s] -- Symlinking: /repo/ws/install/include/px4/px4/msg/detail/vehicle_attitude__rosidl_typesupport_introspection_cpp.hpp
[834.764s] -- Symlinking: /repo/ws/install/include/px4/px4/msg/detail/vehicle_attitude_setpoint__rosidl_typesupport_introspection_cpp.hpp
[834.777s] -- Symlinking: /repo/ws/install/include/px4/px4/msg/detail/vehicle_command__rosidl_typesupport_introspection_cpp.hpp
[834.790s] -- Symlinking: /repo/ws/install/include/px4/px4/msg/detail/vehicle_command_ack__rosidl_typesupport_introspection_cpp.hpp
[834.803s] -- Symlinking: /repo/ws/install/include/px4/px4/msg/detail/vehicle_constraints__rosidl_typesupport_introspection_cpp.hpp
[834.816s] -- Symlinking: /repo/ws/install/include/px4/px4/msg/detail/vehicle_control_mode__rosidl_typesupport_introspection_cpp.hpp
[834.830s] -- Symlinking: /repo/ws/install/include/px4/px4/msg/detail/vehicle_global_position__rosidl_typesupport_introspection_cpp.hpp
[834.843s] -- Symlinking: /repo/ws/install/include/px4/px4/msg/detail/vehicle_imu__rosidl_typesupport_introspection_cpp.hpp
[834.856s] -- Symlinking: /repo/ws/install/include/px4/px4/msg/detail/vehicle_imu_status__rosidl_typesupport_introspection_cpp.hpp
[834.870s] -- Symlinking: /repo/ws/install/include/px4/px4/msg/detail/vehicle_land_detected__rosidl_typesupport_introspection_cpp.hpp
[834.883s] -- Symlinking: /repo/ws/install/include/px4/px4/msg/detail/vehicle_local_position__rosidl_typesupport_introspection_cpp.hpp
[834.896s] -- Symlinking: /repo/ws/install/include/px4/px4/msg/detail/vehicle_local_position_setpoint__rosidl_typesupport_introspection_cpp.hpp
[834.910s] -- Symlinking: /repo/ws/install/include/px4/px4/msg/detail/vehicle_magnetometer__rosidl_typesupport_introspection_cpp.hpp
[834.923s] -- Symlinking: /repo/ws/install/include/px4/px4/msg/detail/vehicle_odometry__rosidl_typesupport_introspection_cpp.hpp
[834.936s] -- Symlinking: /repo/ws/install/include/px4/px4/msg/detail/vehicle_optical_flow__rosidl_typesupport_introspection_cpp.hpp
[834.951s] -- Symlinking: /repo/ws/install/include/px4/px4/msg/detail/vehicle_optical_flow_vel__rosidl_typesupport_introspection_cpp.hpp
[834.964s] -- Symlinking: /repo/ws/install/include/px4/px4/msg/detail/vehicle_rates_setpoint__rosidl_typesupport_introspection_cpp.hpp
[834.977s] -- Symlinking: /repo/ws/install/include/px4/px4/msg/detail/vehicle_roi__rosidl_typesupport_introspection_cpp.hpp
[834.990s] -- Symlinking: /repo/ws/install/include/px4/px4/msg/detail/vehicle_status__rosidl_typesupport_introspection_cpp.hpp
[835.008s] -- Symlinking: /repo/ws/install/include/px4/px4/msg/detail/vehicle_thrust_setpoint__rosidl_typesupport_introspection_cpp.hpp
[835.018s] -- Symlinking: /repo/ws/install/include/px4/px4/msg/detail/vehicle_torque_setpoint__rosidl_typesupport_introspection_cpp.hpp
[835.032s] -- Symlinking: /repo/ws/install/include/px4/px4/msg/detail/velocity_limits__rosidl_typesupport_introspection_cpp.hpp
[835.046s] -- Symlinking: /repo/ws/install/include/px4/px4/msg/detail/vtol_vehicle_status__rosidl_typesupport_introspection_cpp.hpp
[835.059s] -- Symlinking: /repo/ws/install/include/px4/px4/msg/detail/wheel_encoders__rosidl_typesupport_introspection_cpp.hpp
[835.072s] -- Symlinking: /repo/ws/install/include/px4/px4/msg/detail/wind__rosidl_typesupport_introspection_cpp.hpp
[835.085s] -- Symlinking: /repo/ws/install/include/px4/px4/msg/detail/yaw_estimator_status__rosidl_typesupport_introspection_cpp.hpp
[835.098s] -- Symlinking: /repo/ws/install/share/px4/environment/pythonpath.sh
[835.112s] -- Symlinking: /repo/ws/install/share/px4/environment/pythonpath.dsv
[835.125s] -- Symlinking: /repo/ws/install/lib/python3.12/site-packages/px4-1.14.0-py3.12.egg-info/PKG-INFO
[835.139s] -- Symlinking: /repo/ws/install/lib/python3.12/site-packages/px4-1.14.0-py3.12.egg-info/SOURCES.txt
[835.153s] -- Symlinking: /repo/ws/install/lib/python3.12/site-packages/px4-1.14.0-py3.12.egg-info/dependency_links.txt
[835.166s] -- Symlinking: /repo/ws/install/lib/python3.12/site-packages/px4-1.14.0-py3.12.egg-info/top_level.txt
[835.194s] -- Symlinking: /repo/ws/install/lib/python3.12/site-packages/px4/__init__.py
[835.207s] -- Symlinking: /repo/ws/install/lib/python3.12/site-packages/px4/_px4_s.ep.rosidl_typesupport_c.c
[835.221s] -- Symlinking: /repo/ws/install/lib/python3.12/site-packages/px4/_px4_s.ep.rosidl_typesupport_fastrtps_c.c
[835.234s] -- Symlinking: /repo/ws/install/lib/python3.12/site-packages/px4/_px4_s.ep.rosidl_typesupport_introspection_c.c
[835.248s] -- Symlinking: /repo/ws/install/lib/python3.12/site-packages/px4/msg/__init__.py
[835.261s] -- Symlinking: /repo/ws/install/lib/python3.12/site-packages/px4/msg/_ackermann_velocity_setpoint.py
[835.275s] -- Symlinking: /repo/ws/install/lib/python3.12/site-packages/px4/msg/_ackermann_velocity_setpoint_s.c
[835.288s] -- Symlinking: /repo/ws/install/lib/python3.12/site-packages/px4/msg/_action_request.py
[835.301s] -- Symlinking: /repo/ws/install/lib/python3.12/site-packages/px4/msg/_action_request_s.c
[835.314s] -- Symlinking: /repo/ws/install/lib/python3.12/site-packages/px4/msg/_actuator_armed.py
[835.327s] -- Symlinking: /repo/ws/install/lib/python3.12/site-packages/px4/msg/_actuator_armed_s.c
[835.342s] -- Symlinking: /repo/ws/install/lib/python3.12/site-packages/px4/msg/_actuator_controls_status.py
[835.355s] -- Symlinking: /repo/ws/install/lib/python3.12/site-packages/px4/msg/_actuator_controls_status_s.c
[835.368s] -- Symlinking: /repo/ws/install/lib/python3.12/site-packages/px4/msg/_actuator_motors.py
[835.382s] -- Symlinking: /repo/ws/install/lib/python3.12/site-packages/px4/msg/_actuator_motors_s.c
[835.395s] -- Symlinking: /repo/ws/install/lib/python3.12/site-packages/px4/msg/_actuator_outputs.py
[835.408s] -- Symlinking: /repo/ws/install/lib/python3.12/site-packages/px4/msg/_actuator_outputs_s.c
[835.421s] -- Symlinking: /repo/ws/install/lib/python3.12/site-packages/px4/msg/_actuator_servos.py
[835.434s] -- Symlinking: /repo/ws/install/lib/python3.12/site-packages/px4/msg/_actuator_servos_s.c
[835.448s] -- Symlinking: /repo/ws/install/lib/python3.12/site-packages/px4/msg/_actuator_servos_trim.py
[835.462s] -- Symlinking: /repo/ws/install/lib/python3.12/site-packages/px4/msg/_actuator_servos_trim_s.c
[835.475s] -- Symlinking: /repo/ws/install/lib/python3.12/site-packages/px4/msg/_actuator_test.py
[835.488s] -- Symlinking: /repo/ws/install/lib/python3.12/site-packages/px4/msg/_actuator_test_s.c
[835.501s] -- Symlinking: /repo/ws/install/lib/python3.12/site-packages/px4/msg/_adc_report.py
[835.514s] -- Symlinking: /repo/ws/install/lib/python3.12/site-packages/px4/msg/_adc_report_s.c
[835.527s] -- Symlinking: /repo/ws/install/lib/python3.12/site-packages/px4/msg/_airspeed.py
[835.541s] -- Symlinking: /repo/ws/install/lib/python3.12/site-packages/px4/msg/_airspeed_s.c
[835.555s] -- Symlinking: /repo/ws/install/lib/python3.12/site-packages/px4/msg/_airspeed_validated.py
[835.568s] -- Symlinking: /repo/ws/install/lib/python3.12/site-packages/px4/msg/_airspeed_validated_s.c
[835.580s] -- Symlinking: /repo/ws/install/lib/python3.12/site-packages/px4/msg/_airspeed_wind.py
[835.593s] -- Symlinking: /repo/ws/install/lib/python3.12/site-packages/px4/msg/_airspeed_wind_s.c
[835.606s] -- Symlinking: /repo/ws/install/lib/python3.12/site-packages/px4/msg/_arming_check_reply.py
[835.619s] -- Symlinking: /repo/ws/install/lib/python3.12/site-packages/px4/msg/_arming_check_reply_s.c
[835.632s] -- Symlinking: /repo/ws/install/lib/python3.12/site-packages/px4/msg/_arming_check_request.py
[835.646s] -- Symlinking: /repo/ws/install/lib/python3.12/site-packages/px4/msg/_arming_check_request_s.c
[835.660s] -- Symlinking: /repo/ws/install/lib/python3.12/site-packages/px4/msg/_autotune_attitude_control_status.py
[835.673s] -- Symlinking: /repo/ws/install/lib/python3.12/site-packages/px4/msg/_autotune_attitude_control_status_s.c
[835.686s] -- Symlinking: /repo/ws/install/lib/python3.12/site-packages/px4/msg/_battery_status.py
[835.699s] -- Symlinking: /repo/ws/install/lib/python3.12/site-packages/px4/msg/_battery_status_s.c
[835.713s] -- Symlinking: /repo/ws/install/lib/python3.12/site-packages/px4/msg/_button_event.py
[835.726s] -- Symlinking: /repo/ws/install/lib/python3.12/site-packages/px4/msg/_button_event_s.c
[835.739s] -- Symlinking: /repo/ws/install/lib/python3.12/site-packages/px4/msg/_camera_capture.py
[835.754s] -- Symlinking: /repo/ws/install/lib/python3.12/site-packages/px4/msg/_camera_capture_s.c
[835.767s] -- Symlinking: /repo/ws/install/lib/python3.12/site-packages/px4/msg/_camera_status.py
[835.780s] -- Symlinking: /repo/ws/install/lib/python3.12/site-packages/px4/msg/_camera_status_s.c
[835.793s] -- Symlinking: /repo/ws/install/lib/python3.12/site-packages/px4/msg/_camera_trigger.py
[835.805s] -- Symlinking: /repo/ws/install/lib/python3.12/site-packages/px4/msg/_camera_trigger_s.c
[835.818s] -- Symlinking: /repo/ws/install/lib/python3.12/site-packages/px4/msg/_can_interface_status.py
[835.832s] -- Symlinking: /repo/ws/install/lib/python3.12/site-packages/px4/msg/_can_interface_status_s.c
[835.846s] -- Symlinking: /repo/ws/install/lib/python3.12/site-packages/px4/msg/_cellular_status.py
[835.859s] -- Symlinking: /repo/ws/install/lib/python3.12/site-packages/px4/msg/_cellular_status_s.c
[835.872s] -- Symlinking: /repo/ws/install/lib/python3.12/site-packages/px4/msg/_collision_constraints.py
[835.886s] -- Symlinking: /repo/ws/install/lib/python3.12/site-packages/px4/msg/_collision_constraints_s.c
[835.899s] -- Symlinking: /repo/ws/install/lib/python3.12/site-packages/px4/msg/_config_overrides.py
[835.912s] -- Symlinking: /repo/ws/install/lib/python3.12/site-packages/px4/msg/_config_overrides_s.c
[835.925s] -- Symlinking: /repo/ws/install/lib/python3.12/site-packages/px4/msg/_control_allocator_status.py
[835.939s] -- Symlinking: /repo/ws/install/lib/python3.12/site-packages/px4/msg/_control_allocator_status_s.c
[835.953s] -- Symlinking: /repo/ws/install/lib/python3.12/site-packages/px4/msg/_cpuload.py
[835.966s] -- Symlinking: /repo/ws/install/lib/python3.12/site-packages/px4/msg/_cpuload_s.c
[835.979s] -- Symlinking: /repo/ws/install/lib/python3.12/site-packages/px4/msg/_dataman_request.py
[835.993s] -- Symlinking: /repo/ws/install/lib/python3.12/site-packages/px4/msg/_dataman_request_s.c
[836.006s] -- Symlinking: /repo/ws/install/lib/python3.12/site-packages/px4/msg/_dataman_response.py
[836.023s] -- Symlinking: /repo/ws/install/lib/python3.12/site-packages/px4/msg/_dataman_response_s.c
[836.038s] -- Symlinking: /repo/ws/install/lib/python3.12/site-packages/px4/msg/_debug_array.py
[836.052s] -- Symlinking: /repo/ws/install/lib/python3.12/site-packages/px4/msg/_debug_array_s.c
[836.065s] -- Symlinking: /repo/ws/install/lib/python3.12/site-packages/px4/msg/_debug_key_value.py
[836.079s] -- Symlinking: /repo/ws/install/lib/python3.12/site-packages/px4/msg/_debug_key_value_s.c
[836.092s] -- Symlinking: /repo/ws/install/lib/python3.12/site-packages/px4/msg/_debug_value.py
[836.105s] -- Symlinking: /repo/ws/install/lib/python3.12/site-packages/px4/msg/_debug_value_s.c
[836.118s] -- Symlinking: /repo/ws/install/lib/python3.12/site-packages/px4/msg/_debug_vect.py
[836.135s] -- Symlinking: /repo/ws/install/lib/python3.12/site-packages/px4/msg/_debug_vect_s.c
[836.151s] -- Symlinking: /repo/ws/install/lib/python3.12/site-packages/px4/msg/_differential_pressure.py
[836.165s] -- Symlinking: /repo/ws/install/lib/python3.12/site-packages/px4/msg/_differential_pressure_s.c
[836.178s] -- Symlinking: /repo/ws/install/lib/python3.12/site-packages/px4/msg/_differential_velocity_setpoint.py
[836.193s] -- Symlinking: /repo/ws/install/lib/python3.12/site-packages/px4/msg/_differential_velocity_setpoint_s.c
[836.208s] -- Symlinking: /repo/ws/install/lib/python3.12/site-packages/px4/msg/_distance_sensor.py
[836.228s] -- Symlinking: /repo/ws/install/lib/python3.12/site-packages/px4/msg/_distance_sensor_mode_change_request.py
[836.243s] -- Symlinking: /repo/ws/install/lib/python3.12/site-packages/px4/msg/_distance_sensor_mode_change_request_s.c
[836.258s] -- Symlinking: /repo/ws/install/lib/python3.12/site-packages/px4/msg/_distance_sensor_s.c
[836.271s] -- Symlinking: /repo/ws/install/lib/python3.12/site-packages/px4/msg/_ekf2_timestamps.py
[836.285s] -- Symlinking: /repo/ws/install/lib/python3.12/site-packages/px4/msg/_ekf2_timestamps_s.c
[836.298s] -- Symlinking: /repo/ws/install/lib/python3.12/site-packages/px4/msg/_esc_report.py
[836.312s] -- Symlinking: /repo/ws/install/lib/python3.12/site-packages/px4/msg/_esc_report_s.c
[836.325s] -- Symlinking: /repo/ws/install/lib/python3.12/site-packages/px4/msg/_esc_status.py
[836.340s] -- Symlinking: /repo/ws/install/lib/python3.12/site-packages/px4/msg/_esc_status_s.c
[836.354s] -- Symlinking: /repo/ws/install/lib/python3.12/site-packages/px4/msg/_estimator_aid_source1d.py
[836.367s] -- Symlinking: /repo/ws/install/lib/python3.12/site-packages/px4/msg/_estimator_aid_source1d_s.c
[836.380s] -- Symlinking: /repo/ws/install/lib/python3.12/site-packages/px4/msg/_estimator_aid_source2d.py
[836.394s] -- Symlinking: /repo/ws/install/lib/python3.12/site-packages/px4/msg/_estimator_aid_source2d_s.c
[836.407s] -- Symlinking: /repo/ws/install/lib/python3.12/site-packages/px4/msg/_estimator_aid_source3d.py
[836.421s] -- Symlinking: /repo/ws/install/lib/python3.12/site-packages/px4/msg/_estimator_aid_source3d_s.c
[836.435s] -- Symlinking: /repo/ws/install/lib/python3.12/site-packages/px4/msg/_estimator_bias.py
[836.449s] -- Symlinking: /repo/ws/install/lib/python3.12/site-packages/px4/msg/_estimator_bias3d.py
[836.462s] -- Symlinking: /repo/ws/install/lib/python3.12/site-packages/px4/msg/_estimator_bias3d_s.c
[836.475s] -- Symlinking: /repo/ws/install/lib/python3.12/site-packages/px4/msg/_estimator_bias_s.c
[836.488s] -- Symlinking: /repo/ws/install/lib/python3.12/site-packages/px4/msg/_estimator_event_flags.py
[836.501s] -- Symlinking: /repo/ws/install/lib/python3.12/site-packages/px4/msg/_estimator_event_flags_s.c
[836.514s] -- Symlinking: /repo/ws/install/lib/python3.12/site-packages/px4/msg/_estimator_gps_status.py
[836.527s] -- Symlinking: /repo/ws/install/lib/python3.12/site-packages/px4/msg/_estimator_gps_status_s.c
[836.541s] -- Symlinking: /repo/ws/install/lib/python3.12/site-packages/px4/msg/_estimator_innovations.py
[836.555s] -- Symlinking: /repo/ws/install/lib/python3.12/site-packages/px4/msg/_estimator_innovations_s.c
[836.568s] -- Symlinking: /repo/ws/install/lib/python3.12/site-packages/px4/msg/_estimator_selector_status.py
[836.581s] -- Symlinking: /repo/ws/install/lib/python3.12/site-packages/px4/msg/_estimator_selector_status_s.c
[836.594s] -- Symlinking: /repo/ws/install/lib/python3.12/site-packages/px4/msg/_estimator_sensor_bias.py
[836.607s] -- Symlinking: /repo/ws/install/lib/python3.12/site-packages/px4/msg/_estimator_sensor_bias_s.c
[836.620s] -- Symlinking: /repo/ws/install/lib/python3.12/site-packages/px4/msg/_estimator_states.py
[836.633s] -- Symlinking: /repo/ws/install/lib/python3.12/site-packages/px4/msg/_estimator_states_s.c
[836.647s] -- Symlinking: /repo/ws/install/lib/python3.12/site-packages/px4/msg/_estimator_status.py
[836.660s] -- Symlinking: /repo/ws/install/lib/python3.12/site-packages/px4/msg/_estimator_status_flags.py
[836.673s] -- Symlinking: /repo/ws/install/lib/python3.12/site-packages/px4/msg/_estimator_status_flags_s.c
[836.687s] -- Symlinking: /repo/ws/install/lib/python3.12/site-packages/px4/msg/_estimator_status_s.c
[836.700s] -- Symlinking: /repo/ws/install/lib/python3.12/site-packages/px4/msg/_event.py
[836.713s] -- Symlinking: /repo/ws/install/lib/python3.12/site-packages/px4/msg/_event_s.c
[836.726s] -- Symlinking: /repo/ws/install/lib/python3.12/site-packages/px4/msg/_failsafe_flags.py
[836.739s] -- Symlinking: /repo/ws/install/lib/python3.12/site-packages/px4/msg/_failsafe_flags_s.c
[836.753s] -- Symlinking: /repo/ws/install/lib/python3.12/site-packages/px4/msg/_failure_detector_status.py
[836.767s] -- Symlinking: /repo/ws/install/lib/python3.12/site-packages/px4/msg/_failure_detector_status_s.c
[836.780s] -- Symlinking: /repo/ws/install/lib/python3.12/site-packages/px4/msg/_figure_eight_status.py
[836.793s] -- Symlinking: /repo/ws/install/lib/python3.12/site-packages/px4/msg/_figure_eight_status_s.c
[836.806s] -- Symlinking: /repo/ws/install/lib/python3.12/site-packages/px4/msg/_flight_phase_estimation.py
[836.819s] -- Symlinking: /repo/ws/install/lib/python3.12/site-packages/px4/msg/_flight_phase_estimation_s.c
[836.833s] -- Symlinking: /repo/ws/install/lib/python3.12/site-packages/px4/msg/_follow_target.py
[836.847s] -- Symlinking: /repo/ws/install/lib/python3.12/site-packages/px4/msg/_follow_target_estimator.py
[836.861s] -- Symlinking: /repo/ws/install/lib/python3.12/site-packages/px4/msg/_follow_target_estimator_s.c
[836.874s] -- Symlinking: /repo/ws/install/lib/python3.12/site-packages/px4/msg/_follow_target_s.c
[836.887s] -- Symlinking: /repo/ws/install/lib/python3.12/site-packages/px4/msg/_follow_target_status.py
[836.900s] -- Symlinking: /repo/ws/install/lib/python3.12/site-packages/px4/msg/_follow_target_status_s.c
[836.914s] -- Symlinking: /repo/ws/install/lib/python3.12/site-packages/px4/msg/_fuel_tank_status.py
[836.927s] -- Symlinking: /repo/ws/install/lib/python3.12/site-packages/px4/msg/_fuel_tank_status_s.c
[836.941s] -- Symlinking: /repo/ws/install/lib/python3.12/site-packages/px4/msg/_generator_status.py
[836.954s] -- Symlinking: /repo/ws/install/lib/python3.12/site-packages/px4/msg/_generator_status_s.c
[836.967s] -- Symlinking: /repo/ws/install/lib/python3.12/site-packages/px4/msg/_geofence_result.py
[836.980s] -- Symlinking: /repo/ws/install/lib/python3.12/site-packages/px4/msg/_geofence_result_s.c
[836.993s] -- Symlinking: /repo/ws/install/lib/python3.12/site-packages/px4/msg/_geofence_status.py
[837.006s] -- Symlinking: /repo/ws/install/lib/python3.12/site-packages/px4/msg/_geofence_status_s.c
[837.020s] -- Symlinking: /repo/ws/install/lib/python3.12/site-packages/px4/msg/_gimbal_controls.py
[837.033s] -- Symlinking: /repo/ws/install/lib/python3.12/site-packages/px4/msg/_gimbal_controls_s.c
[837.047s] -- Symlinking: /repo/ws/install/lib/python3.12/site-packages/px4/msg/_gimbal_device_attitude_status.py
[837.060s] -- Symlinking: /repo/ws/install/lib/python3.12/site-packages/px4/msg/_gimbal_device_attitude_status_s.c
[837.073s] -- Symlinking: /repo/ws/install/lib/python3.12/site-packages/px4/msg/_gimbal_device_information.py
[837.087s] -- Symlinking: /repo/ws/install/lib/python3.12/site-packages/px4/msg/_gimbal_device_information_s.c
[837.100s] -- Symlinking: /repo/ws/install/lib/python3.12/site-packages/px4/msg/_gimbal_device_set_attitude.py
[837.113s] -- Symlinking: /repo/ws/install/lib/python3.12/site-packages/px4/msg/_gimbal_device_set_attitude_s.c
[837.126s] -- Symlinking: /repo/ws/install/lib/python3.12/site-packages/px4/msg/_gimbal_manager_information.py
[837.140s] -- Symlinking: /repo/ws/install/lib/python3.12/site-packages/px4/msg/_gimbal_manager_information_s.c
[837.154s] -- Symlinking: /repo/ws/install/lib/python3.12/site-packages/px4/msg/_gimbal_manager_set_attitude.py
[837.166s] -- Symlinking: /repo/ws/install/lib/python3.12/site-packages/px4/msg/_gimbal_manager_set_attitude_s.c
[837.179s] -- Symlinking: /repo/ws/install/lib/python3.12/site-packages/px4/msg/_gimbal_manager_set_manual_control.py
[837.193s] -- Symlinking: /repo/ws/install/lib/python3.12/site-packages/px4/msg/_gimbal_manager_set_manual_control_s.c
[837.206s] -- Symlinking: /repo/ws/install/lib/python3.12/site-packages/px4/msg/_gimbal_manager_status.py
[837.220s] -- Symlinking: /repo/ws/install/lib/python3.12/site-packages/px4/msg/_gimbal_manager_status_s.c
[837.233s] -- Symlinking: /repo/ws/install/lib/python3.12/site-packages/px4/msg/_goto_setpoint.py
[837.247s] -- Symlinking: /repo/ws/install/lib/python3.12/site-packages/px4/msg/_goto_setpoint_s.c
[837.261s] -- Symlinking: /repo/ws/install/lib/python3.12/site-packages/px4/msg/_gpio_config.py
[837.274s] -- Symlinking: /repo/ws/install/lib/python3.12/site-packages/px4/msg/_gpio_config_s.c
[837.287s] -- Symlinking: /repo/ws/install/lib/python3.12/site-packages/px4/msg/_gpio_in.py
[837.300s] -- Symlinking: /repo/ws/install/lib/python3.12/site-packages/px4/msg/_gpio_in_s.c
[837.313s] -- Symlinking: /repo/ws/install/lib/python3.12/site-packages/px4/msg/_gpio_out.py
[837.327s] -- Symlinking: /repo/ws/install/lib/python3.12/site-packages/px4/msg/_gpio_out_s.c
[837.341s] -- Symlinking: /repo/ws/install/lib/python3.12/site-packages/px4/msg/_gpio_request.py
[837.355s] -- Symlinking: /repo/ws/install/lib/python3.12/site-packages/px4/msg/_gpio_request_s.c
[837.368s] -- Symlinking: /repo/ws/install/lib/python3.12/site-packages/px4/msg/_gps_dump.py
[837.382s] -- Symlinking: /repo/ws/install/lib/python3.12/site-packages/px4/msg/_gps_dump_s.c
[837.395s] -- Symlinking: /repo/ws/install/lib/python3.12/site-packages/px4/msg/_gps_inject_data.py
[837.408s] -- Symlinking: /repo/ws/install/lib/python3.12/site-packages/px4/msg/_gps_inject_data_s.c
[837.422s] -- Symlinking: /repo/ws/install/lib/python3.12/site-packages/px4/msg/_gripper.py
[837.434s] -- Symlinking: /repo/ws/install/lib/python3.12/site-packages/px4/msg/_gripper_s.c
[837.449s] -- Symlinking: /repo/ws/install/lib/python3.12/site-packages/px4/msg/_health_report.py
[837.462s] -- Symlinking: /repo/ws/install/lib/python3.12/site-packages/px4/msg/_health_report_s.c
[837.475s] -- Symlinking: /repo/ws/install/lib/python3.12/site-packages/px4/msg/_heater_status.py
[837.488s] -- Symlinking: /repo/ws/install/lib/python3.12/site-packages/px4/msg/_heater_status_s.c
[837.501s] -- Symlinking: /repo/ws/install/lib/python3.12/site-packages/px4/msg/_home_position.py
[837.514s] -- Symlinking: /repo/ws/install/lib/python3.12/site-packages/px4/msg/_home_position_s.c
[837.528s] -- Symlinking: /repo/ws/install/lib/python3.12/site-packages/px4/msg/_hover_thrust_estimate.py
[837.541s] -- Symlinking: /repo/ws/install/lib/python3.12/site-packages/px4/msg/_hover_thrust_estimate_s.c
[837.555s] -- Symlinking: /repo/ws/install/lib/python3.12/site-packages/px4/msg/_input_rc.py
[837.569s] -- Symlinking: /repo/ws/install/lib/python3.12/site-packages/px4/msg/_input_rc_s.c
[837.582s] -- Symlinking: /repo/ws/install/lib/python3.12/site-packages/px4/msg/_internal_combustion_engine_control.py
[837.594s] -- Symlinking: /repo/ws/install/lib/python3.12/site-packages/px4/msg/_internal_combustion_engine_control_s.c
[837.608s] -- Symlinking: /repo/ws/install/lib/python3.12/site-packages/px4/msg/_internal_combustion_engine_status.py
[837.621s] -- Symlinking: /repo/ws/install/lib/python3.12/site-packages/px4/msg/_internal_combustion_engine_status_s.c
[837.634s] -- Symlinking: /repo/ws/install/lib/python3.12/site-packages/px4/msg/_iridiumsbd_status.py
[837.649s] -- Symlinking: /repo/ws/install/lib/python3.12/site-packages/px4/msg/_iridiumsbd_status_s.c
[837.662s] -- Symlinking: /repo/ws/install/lib/python3.12/site-packages/px4/msg/_irlock_report.py
[837.675s] -- Symlinking: /repo/ws/install/lib/python3.12/site-packages/px4/msg/_irlock_report_s.c
[837.688s] -- Symlinking: /repo/ws/install/lib/python3.12/site-packages/px4/msg/_landing_gear.py
[837.701s] -- Symlinking: /repo/ws/install/lib/python3.12/site-packages/px4/msg/_landing_gear_s.c
[837.715s] -- Symlinking: /repo/ws/install/lib/python3.12/site-packages/px4/msg/_landing_gear_wheel.py
[837.728s] -- Symlinking: /repo/ws/install/lib/python3.12/site-packages/px4/msg/_landing_gear_wheel_s.c
[837.742s] -- Symlinking: /repo/ws/install/lib/python3.12/site-packages/px4/msg/_landing_target_innovations.py
[837.756s] -- Symlinking: /repo/ws/install/lib/python3.12/site-packages/px4/msg/_landing_target_innovations_s.c
[837.769s] -- Symlinking: /repo/ws/install/lib/python3.12/site-packages/px4/msg/_landing_target_pose.py
[837.782s] -- Symlinking: /repo/ws/install/lib/python3.12/site-packages/px4/msg/_landing_target_pose_s.c
[837.795s] -- Symlinking: /repo/ws/install/lib/python3.12/site-packages/px4/msg/_launch_detection_status.py
[837.809s] -- Symlinking: /repo/ws/install/lib/python3.12/site-packages/px4/msg/_launch_detection_status_s.c
[837.822s] -- Symlinking: /repo/ws/install/lib/python3.12/site-packages/px4/msg/_led_control.py
[837.835s] -- Symlinking: /repo/ws/install/lib/python3.12/site-packages/px4/msg/_led_control_s.c
[837.849s] -- Symlinking: /repo/ws/install/lib/python3.12/site-packages/px4/msg/_log_message.py
[837.862s] -- Symlinking: /repo/ws/install/lib/python3.12/site-packages/px4/msg/_log_message_s.c
[837.875s] -- Symlinking: /repo/ws/install/lib/python3.12/site-packages/px4/msg/_logger_status.py
[837.889s] -- Symlinking: /repo/ws/install/lib/python3.12/site-packages/px4/msg/_logger_status_s.c
[837.902s] -- Symlinking: /repo/ws/install/lib/python3.12/site-packages/px4/msg/_mag_worker_data.py
[837.915s] -- Symlinking: /repo/ws/install/lib/python3.12/site-packages/px4/msg/_mag_worker_data_s.c
[837.928s] -- Symlinking: /repo/ws/install/lib/python3.12/site-packages/px4/msg/_magnetometer_bias_estimate.py
[837.942s] -- Symlinking: /repo/ws/install/lib/python3.12/site-packages/px4/msg/_magnetometer_bias_estimate_s.c
[837.955s] -- Symlinking: /repo/ws/install/lib/python3.12/site-packages/px4/msg/_manual_control_setpoint.py
[837.968s] -- Symlinking: /repo/ws/install/lib/python3.12/site-packages/px4/msg/_manual_control_setpoint_s.c
[837.981s] -- Symlinking: /repo/ws/install/lib/python3.12/site-packages/px4/msg/_manual_control_switches.py
[837.994s] -- Symlinking: /repo/ws/install/lib/python3.12/site-packages/px4/msg/_manual_control_switches_s.c
[838.007s] -- Symlinking: /repo/ws/install/lib/python3.12/site-packages/px4/msg/_mavlink_log.py
[838.021s] -- Symlinking: /repo/ws/install/lib/python3.12/site-packages/px4/msg/_mavlink_log_s.c
[838.034s] -- Symlinking: /repo/ws/install/lib/python3.12/site-packages/px4/msg/_mavlink_tunnel.py
[838.048s] -- Symlinking: /repo/ws/install/lib/python3.12/site-packages/px4/msg/_mavlink_tunnel_s.c
[838.062s] -- Symlinking: /repo/ws/install/lib/python3.12/site-packages/px4/msg/_message_format_request.py
[838.076s] -- Symlinking: /repo/ws/install/lib/python3.12/site-packages/px4/msg/_message_format_request_s.c
[838.089s] -- Symlinking: /repo/ws/install/lib/python3.12/site-packages/px4/msg/_message_format_response.py
[838.103s] -- Symlinking: /repo/ws/install/lib/python3.12/site-packages/px4/msg/_message_format_response_s.c
[838.116s] -- Symlinking: /repo/ws/install/lib/python3.12/site-packages/px4/msg/_mission.py
[838.129s] -- Symlinking: /repo/ws/install/lib/python3.12/site-packages/px4/msg/_mission_result.py
[838.143s] -- Symlinking: /repo/ws/install/lib/python3.12/site-packages/px4/msg/_mission_result_s.c
[838.157s] -- Symlinking: /repo/ws/install/lib/python3.12/site-packages/px4/msg/_mission_s.c
[838.170s] -- Symlinking: /repo/ws/install/lib/python3.12/site-packages/px4/msg/_mode_completed.py
[838.183s] -- Symlinking: /repo/ws/install/lib/python3.12/site-packages/px4/msg/_mode_completed_s.c
[838.196s] -- Symlinking: /repo/ws/install/lib/python3.12/site-packages/px4/msg/_mount_orientation.py
[838.209s] -- Symlinking: /repo/ws/install/lib/python3.12/site-packages/px4/msg/_mount_orientation_s.c
[838.223s] -- Symlinking: /repo/ws/install/lib/python3.12/site-packages/px4/msg/_navigator_mission_item.py
[838.236s] -- Symlinking: /repo/ws/install/lib/python3.12/site-packages/px4/msg/_navigator_mission_item_s.c
[838.250s] -- Symlinking: /repo/ws/install/lib/python3.12/site-packages/px4/msg/_navigator_status.py
[838.263s] -- Symlinking: /repo/ws/install/lib/python3.12/site-packages/px4/msg/_navigator_status_s.c
[838.276s] -- Symlinking: /repo/ws/install/lib/python3.12/site-packages/px4/msg/_normalized_unsigned_setpoint.py
[838.288s] -- Symlinking: /repo/ws/install/lib/python3.12/site-packages/px4/msg/_normalized_unsigned_setpoint_s.c
[838.302s] -- Symlinking: /repo/ws/install/lib/python3.12/site-packages/px4/msg/_npfg_status.py
[838.315s] -- Symlinking: /repo/ws/install/lib/python3.12/site-packages/px4/msg/_npfg_status_s.c
[838.328s] -- Symlinking: /repo/ws/install/lib/python3.12/site-packages/px4/msg/_obstacle_distance.py
[838.343s] -- Symlinking: /repo/ws/install/lib/python3.12/site-packages/px4/msg/_obstacle_distance_s.c
[838.357s] -- Symlinking: /repo/ws/install/lib/python3.12/site-packages/px4/msg/_offboard_control_mode.py
[838.370s] -- Symlinking: /repo/ws/install/lib/python3.12/site-packages/px4/msg/_offboard_control_mode_s.c
[838.383s] -- Symlinking: /repo/ws/install/lib/python3.12/site-packages/px4/msg/_onboard_computer_status.py
[838.396s] -- Symlinking: /repo/ws/install/lib/python3.12/site-packages/px4/msg/_onboard_computer_status_s.c
[838.409s] -- Symlinking: /repo/ws/install/lib/python3.12/site-packages/px4/msg/_open_drone_id_arm_status.py
[838.423s] -- Symlinking: /repo/ws/install/lib/python3.12/site-packages/px4/msg/_open_drone_id_arm_status_s.c
[838.437s] -- Symlinking: /repo/ws/install/lib/python3.12/site-packages/px4/msg/_open_drone_id_operator_id.py
[838.451s] -- Symlinking: /repo/ws/install/lib/python3.12/site-packages/px4/msg/_open_drone_id_operator_id_s.c
[838.464s] -- Symlinking: /repo/ws/install/lib/python3.12/site-packages/px4/msg/_open_drone_id_self_id.py
[838.477s] -- Symlinking: /repo/ws/install/lib/python3.12/site-packages/px4/msg/_open_drone_id_self_id_s.c
[838.490s] -- Symlinking: /repo/ws/install/lib/python3.12/site-packages/px4/msg/_open_drone_id_system.py
[838.503s] -- Symlinking: /repo/ws/install/lib/python3.12/site-packages/px4/msg/_open_drone_id_system_s.c
[838.516s] -- Symlinking: /repo/ws/install/lib/python3.12/site-packages/px4/msg/_orb_test.py
[838.529s] -- Symlinking: /repo/ws/install/lib/python3.12/site-packages/px4/msg/_orb_test_large.py
[838.543s] -- Symlinking: /repo/ws/install/lib/python3.12/site-packages/px4/msg/_orb_test_large_s.c
[838.557s] -- Symlinking: /repo/ws/install/lib/python3.12/site-packages/px4/msg/_orb_test_medium.py
[838.570s] -- Symlinking: /repo/ws/install/lib/python3.12/site-packages/px4/msg/_orb_test_medium_s.c
[838.583s] -- Symlinking: /repo/ws/install/lib/python3.12/site-packages/px4/msg/_orb_test_s.c
[838.596s] -- Symlinking: /repo/ws/install/lib/python3.12/site-packages/px4/msg/_orbit_status.py
[838.608s] -- Symlinking: /repo/ws/install/lib/python3.12/site-packages/px4/msg/_orbit_status_s.c
[838.622s] -- Symlinking: /repo/ws/install/lib/python3.12/site-packages/px4/msg/_parameter_reset_request.py
[838.635s] -- Symlinking: /repo/ws/install/lib/python3.12/site-packages/px4/msg/_parameter_reset_request_s.c
[838.649s] -- Symlinking: /repo/ws/install/lib/python3.12/site-packages/px4/msg/_parameter_set_used_request.py
[838.662s] -- Symlinking: /repo/ws/install/lib/python3.12/site-packages/px4/msg/_parameter_set_used_request_s.c
[838.675s] -- Symlinking: /repo/ws/install/lib/python3.12/site-packages/px4/msg/_parameter_set_value_request.py
[838.688s] -- Symlinking: /repo/ws/install/lib/python3.12/site-packages/px4/msg/_parameter_set_value_request_s.c
[838.701s] -- Symlinking: /repo/ws/install/lib/python3.12/site-packages/px4/msg/_parameter_set_value_response.py
[838.714s] -- Symlinking: /repo/ws/install/lib/python3.12/site-packages/px4/msg/_parameter_set_value_response_s.c
[838.727s] -- Symlinking: /repo/ws/install/lib/python3.12/site-packages/px4/msg/_parameter_update.py
[838.741s] -- Symlinking: /repo/ws/install/lib/python3.12/site-packages/px4/msg/_parameter_update_s.c
[838.755s] -- Symlinking: /repo/ws/install/lib/python3.12/site-packages/px4/msg/_ping.py
[838.768s] -- Symlinking: /repo/ws/install/lib/python3.12/site-packages/px4/msg/_ping_s.c
[838.781s] -- Symlinking: /repo/ws/install/lib/python3.12/site-packages/px4/msg/_position_controller_landing_status.py
[838.794s] -- Symlinking: /repo/ws/install/lib/python3.12/site-packages/px4/msg/_position_controller_landing_status_s.c
[838.807s] -- Symlinking: /repo/ws/install/lib/python3.12/site-packages/px4/msg/_position_controller_status.py
[838.821s] -- Symlinking: /repo/ws/install/lib/python3.12/site-packages/px4/msg/_position_controller_status_s.c
[838.834s] -- Symlinking: /repo/ws/install/lib/python3.12/site-packages/px4/msg/_position_setpoint.py
[838.848s] -- Symlinking: /repo/ws/install/lib/python3.12/site-packages/px4/msg/_position_setpoint_s.c
[838.861s] -- Symlinking: /repo/ws/install/lib/python3.12/site-packages/px4/msg/_position_setpoint_triplet.py
[838.874s] -- Symlinking: /repo/ws/install/lib/python3.12/site-packages/px4/msg/_position_setpoint_triplet_s.c
[838.887s] -- Symlinking: /repo/ws/install/lib/python3.12/site-packages/px4/msg/_power_button_state.py
[838.901s] -- Symlinking: /repo/ws/install/lib/python3.12/site-packages/px4/msg/_power_button_state_s.c
[838.914s] -- Symlinking: /repo/ws/install/lib/python3.12/site-packages/px4/msg/_power_monitor.py
[838.927s] -- Symlinking: /repo/ws/install/lib/python3.12/site-packages/px4/msg/_power_monitor_s.c
[838.940s] -- Symlinking: /repo/ws/install/lib/python3.12/site-packages/px4/msg/_pps_capture.py
[838.954s] -- Symlinking: /repo/ws/install/lib/python3.12/site-packages/px4/msg/_pps_capture_s.c
[838.967s] -- Symlinking: /repo/ws/install/lib/python3.12/site-packages/px4/msg/_pure_pursuit_status.py
[838.981s] -- Symlinking: /repo/ws/install/lib/python3.12/site-packages/px4/msg/_pure_pursuit_status_s.c
[838.994s] -- Symlinking: /repo/ws/install/lib/python3.12/site-packages/px4/msg/_pwm_input.py
[839.007s] -- Symlinking: /repo/ws/install/lib/python3.12/site-packages/px4/msg/_pwm_input_s.c
[839.021s] -- Symlinking: /repo/ws/install/lib/python3.12/site-packages/px4/msg/_px4io_status.py
[839.034s] -- Symlinking: /repo/ws/install/lib/python3.12/site-packages/px4/msg/_px4io_status_s.c
[839.049s] -- Symlinking: /repo/ws/install/lib/python3.12/site-packages/px4/msg/_qshell_req.py
[839.063s] -- Symlinking: /repo/ws/install/lib/python3.12/site-packages/px4/msg/_qshell_req_s.c
[839.076s] -- Symlinking: /repo/ws/install/lib/python3.12/site-packages/px4/msg/_qshell_retval.py
[839.089s] -- Symlinking: /repo/ws/install/lib/python3.12/site-packages/px4/msg/_qshell_retval_s.c
[839.103s] -- Symlinking: /repo/ws/install/lib/python3.12/site-packages/px4/msg/_radio_status.py
[839.116s] -- Symlinking: /repo/ws/install/lib/python3.12/site-packages/px4/msg/_radio_status_s.c
[839.129s] -- Symlinking: /repo/ws/install/lib/python3.12/site-packages/px4/msg/_rate_ctrl_status.py
[839.143s] -- Symlinking: /repo/ws/install/lib/python3.12/site-packages/px4/msg/_rate_ctrl_status_s.c
[839.156s] -- Symlinking: /repo/ws/install/lib/python3.12/site-packages/px4/msg/_rc_channels.py
[839.169s] -- Symlinking: /repo/ws/install/lib/python3.12/site-packages/px4/msg/_rc_channels_s.c
[839.183s] -- Symlinking: /repo/ws/install/lib/python3.12/site-packages/px4/msg/_rc_parameter_map.py
[839.197s] -- Symlinking: /repo/ws/install/lib/python3.12/site-packages/px4/msg/_rc_parameter_map_s.c
[839.209s] -- Symlinking: /repo/ws/install/lib/python3.12/site-packages/px4/msg/_register_ext_component_reply.py
[839.223s] -- Symlinking: /repo/ws/install/lib/python3.12/site-packages/px4/msg/_register_ext_component_reply_s.c
[839.236s] -- Symlinking: /repo/ws/install/lib/python3.12/site-packages/px4/msg/_register_ext_component_request.py
[839.250s] -- Symlinking: /repo/ws/install/lib/python3.12/site-packages/px4/msg/_register_ext_component_request_s.c
[839.264s] -- Symlinking: /repo/ws/install/lib/python3.12/site-packages/px4/msg/_rover_attitude_setpoint.py
[839.277s] -- Symlinking: /repo/ws/install/lib/python3.12/site-packages/px4/msg/_rover_attitude_setpoint_s.c
[839.290s] -- Symlinking: /repo/ws/install/lib/python3.12/site-packages/px4/msg/_rover_attitude_status.py
[839.303s] -- Symlinking: /repo/ws/install/lib/python3.12/site-packages/px4/msg/_rover_attitude_status_s.c
[839.317s] -- Symlinking: /repo/ws/install/lib/python3.12/site-packages/px4/msg/_rover_position_setpoint.py
[839.330s] -- Symlinking: /repo/ws/install/lib/python3.12/site-packages/px4/msg/_rover_position_setpoint_s.c
[839.345s] -- Symlinking: /repo/ws/install/lib/python3.12/site-packages/px4/msg/_rover_rate_setpoint.py
[839.358s] -- Symlinking: /repo/ws/install/lib/python3.12/site-packages/px4/msg/_rover_rate_setpoint_s.c
[839.372s] -- Symlinking: /repo/ws/install/lib/python3.12/site-packages/px4/msg/_rover_rate_status.py
[839.385s] -- Symlinking: /repo/ws/install/lib/python3.12/site-packages/px4/msg/_rover_rate_status_s.c
[839.398s] -- Symlinking: /repo/ws/install/lib/python3.12/site-packages/px4/msg/_rover_steering_setpoint.py
[839.412s] -- Symlinking: /repo/ws/install/lib/python3.12/site-packages/px4/msg/_rover_steering_setpoint_s.c
[839.425s] -- Symlinking: /repo/ws/install/lib/python3.12/site-packages/px4/msg/_rover_throttle_setpoint.py
[839.438s] -- Symlinking: /repo/ws/install/lib/python3.12/site-packages/px4/msg/_rover_throttle_setpoint_s.c
[839.452s] -- Symlinking: /repo/ws/install/lib/python3.12/site-packages/px4/msg/_rover_velocity_status.py
[839.466s] -- Symlinking: /repo/ws/install/lib/python3.12/site-packages/px4/msg/_rover_velocity_status_s.c
[839.479s] -- Symlinking: /repo/ws/install/lib/python3.12/site-packages/px4/msg/_rpm.py
[839.492s] -- Symlinking: /repo/ws/install/lib/python3.12/site-packages/px4/msg/_rpm_s.c
[839.505s] -- Symlinking: /repo/ws/install/lib/python3.12/site-packages/px4/msg/_rtl_status.py
[839.518s] -- Symlinking: /repo/ws/install/lib/python3.12/site-packages/px4/msg/_rtl_status_s.c
[839.531s] -- Symlinking: /repo/ws/install/lib/python3.12/site-packages/px4/msg/_rtl_time_estimate.py
[839.545s] -- Symlinking: /repo/ws/install/lib/python3.12/site-packages/px4/msg/_rtl_time_estimate_s.c
[839.559s] -- Symlinking: /repo/ws/install/lib/python3.12/site-packages/px4/msg/_satellite_info.py
[839.572s] -- Symlinking: /repo/ws/install/lib/python3.12/site-packages/px4/msg/_satellite_info_s.c
[839.585s] -- Symlinking: /repo/ws/install/lib/python3.12/site-packages/px4/msg/_sensor_accel.py
[839.598s] -- Symlinking: /repo/ws/install/lib/python3.12/site-packages/px4/msg/_sensor_accel_fifo.py
[839.611s] -- Symlinking: /repo/ws/install/lib/python3.12/site-packages/px4/msg/_sensor_accel_fifo_s.c
[839.625s] -- Symlinking: /repo/ws/install/lib/python3.12/site-packages/px4/msg/_sensor_accel_s.c
[839.637s] -- Symlinking: /repo/ws/install/lib/python3.12/site-packages/px4/msg/_sensor_airflow.py
[839.652s] -- Symlinking: /repo/ws/install/lib/python3.12/site-packages/px4/msg/_sensor_airflow_s.c
[839.665s] -- Symlinking: /repo/ws/install/lib/python3.12/site-packages/px4/msg/_sensor_baro.py
[839.678s] -- Symlinking: /repo/ws/install/lib/python3.12/site-packages/px4/msg/_sensor_baro_s.c
[839.691s] -- Symlinking: /repo/ws/install/lib/python3.12/site-packages/px4/msg/_sensor_combined.py
[839.704s] -- Symlinking: /repo/ws/install/lib/python3.12/site-packages/px4/msg/_sensor_combined_s.c
[839.717s] -- Symlinking: /repo/ws/install/lib/python3.12/site-packages/px4/msg/_sensor_correction.py
[839.730s] -- Symlinking: /repo/ws/install/lib/python3.12/site-packages/px4/msg/_sensor_correction_s.c
[839.744s] -- Symlinking: /repo/ws/install/lib/python3.12/site-packages/px4/msg/_sensor_gnss_relative.py
[839.758s] -- Symlinking: /repo/ws/install/lib/python3.12/site-packages/px4/msg/_sensor_gnss_relative_s.c
[839.771s] -- Symlinking: /repo/ws/install/lib/python3.12/site-packages/px4/msg/_sensor_gps.py
[839.784s] -- Symlinking: /repo/ws/install/lib/python3.12/site-packages/px4/msg/_sensor_gps_s.c
[839.797s] -- Symlinking: /repo/ws/install/lib/python3.12/site-packages/px4/msg/_sensor_gyro.py
[839.810s] -- Symlinking: /repo/ws/install/lib/python3.12/site-packages/px4/msg/_sensor_gyro_fft.py
[839.823s] -- Symlinking: /repo/ws/install/lib/python3.12/site-packages/px4/msg/_sensor_gyro_fft_s.c
[839.836s] -- Symlinking: /repo/ws/install/lib/python3.12/site-packages/px4/msg/_sensor_gyro_fifo.py
[839.850s] -- Symlinking: /repo/ws/install/lib/python3.12/site-packages/px4/msg/_sensor_gyro_fifo_s.c
[839.863s] -- Symlinking: /repo/ws/install/lib/python3.12/site-packages/px4/msg/_sensor_gyro_s.c
[839.876s] -- Symlinking: /repo/ws/install/lib/python3.12/site-packages/px4/msg/_sensor_hygrometer.py
[839.889s] -- Symlinking: /repo/ws/install/lib/python3.12/site-packages/px4/msg/_sensor_hygrometer_s.c
[839.902s] -- Symlinking: /repo/ws/install/lib/python3.12/site-packages/px4/msg/_sensor_mag.py
[839.916s] -- Symlinking: /repo/ws/install/lib/python3.12/site-packages/px4/msg/_sensor_mag_s.c
[839.929s] -- Symlinking: /repo/ws/install/lib/python3.12/site-packages/px4/msg/_sensor_optical_flow.py
[839.942s] -- Symlinking: /repo/ws/install/lib/python3.12/site-packages/px4/msg/_sensor_optical_flow_s.c
[839.956s] -- Symlinking: /repo/ws/install/lib/python3.12/site-packages/px4/msg/_sensor_preflight_mag.py
[839.970s] -- Symlinking: /repo/ws/install/lib/python3.12/site-packages/px4/msg/_sensor_preflight_mag_s.c
[839.983s] -- Symlinking: /repo/ws/install/lib/python3.12/site-packages/px4/msg/_sensor_selection.py
[839.996s] -- Symlinking: /repo/ws/install/lib/python3.12/site-packages/px4/msg/_sensor_selection_s.c
[840.009s] -- Symlinking: /repo/ws/install/lib/python3.12/site-packages/px4/msg/_sensor_uwb.py
[840.023s] -- Symlinking: /repo/ws/install/lib/python3.12/site-packages/px4/msg/_sensor_uwb_s.c
[840.036s] -- Symlinking: /repo/ws/install/lib/python3.12/site-packages/px4/msg/_sensors_status.py
[840.050s] -- Symlinking: /repo/ws/install/lib/python3.12/site-packages/px4/msg/_sensors_status_imu.py
[840.063s] -- Symlinking: /repo/ws/install/lib/python3.12/site-packages/px4/msg/_sensors_status_imu_s.c
[840.078s] -- Symlinking: /repo/ws/install/lib/python3.12/site-packages/px4/msg/_sensors_status_s.c
[840.092s] -- Symlinking: /repo/ws/install/lib/python3.12/site-packages/px4/msg/_system_power.py
[840.105s] -- Symlinking: /repo/ws/install/lib/python3.12/site-packages/px4/msg/_system_power_s.c
[840.119s] -- Symlinking: /repo/ws/install/lib/python3.12/site-packages/px4/msg/_takeoff_status.py
[840.132s] -- Symlinking: /repo/ws/install/lib/python3.12/site-packages/px4/msg/_takeoff_status_s.c
[840.146s] -- Symlinking: /repo/ws/install/lib/python3.12/site-packages/px4/msg/_task_stack_info.py
[840.160s] -- Symlinking: /repo/ws/install/lib/python3.12/site-packages/px4/msg/_task_stack_info_s.c
[840.174s] -- Symlinking: /repo/ws/install/lib/python3.12/site-packages/px4/msg/_tecs_status.py
[840.188s] -- Symlinking: /repo/ws/install/lib/python3.12/site-packages/px4/msg/_tecs_status_s.c
[840.203s] -- Symlinking: /repo/ws/install/lib/python3.12/site-packages/px4/msg/_telemetry_status.py
[840.216s] -- Symlinking: /repo/ws/install/lib/python3.12/site-packages/px4/msg/_telemetry_status_s.c
[840.231s] -- Symlinking: /repo/ws/install/lib/python3.12/site-packages/px4/msg/_tiltrotor_extra_controls.py
[840.246s] -- Symlinking: /repo/ws/install/lib/python3.12/site-packages/px4/msg/_tiltrotor_extra_controls_s.c
[840.260s] -- Symlinking: /repo/ws/install/lib/python3.12/site-packages/px4/msg/_timesync_status.py
[840.275s] -- Symlinking: /repo/ws/install/lib/python3.12/site-packages/px4/msg/_timesync_status_s.c
[840.288s] -- Symlinking: /repo/ws/install/lib/python3.12/site-packages/px4/msg/_trajectory_setpoint.py
[840.301s] -- Symlinking: /repo/ws/install/lib/python3.12/site-packages/px4/msg/_trajectory_setpoint6dof.py
[840.314s] -- Symlinking: /repo/ws/install/lib/python3.12/site-packages/px4/msg/_trajectory_setpoint6dof_s.c
[840.328s] -- Symlinking: /repo/ws/install/lib/python3.12/site-packages/px4/msg/_trajectory_setpoint_s.c
[840.342s] -- Symlinking: /repo/ws/install/lib/python3.12/site-packages/px4/msg/_transponder_report.py
[840.356s] -- Symlinking: /repo/ws/install/lib/python3.12/site-packages/px4/msg/_transponder_report_s.c
[840.369s] -- Symlinking: /repo/ws/install/lib/python3.12/site-packages/px4/msg/_tune_control.py
[840.383s] -- Symlinking: /repo/ws/install/lib/python3.12/site-packages/px4/msg/_tune_control_s.c
[840.396s] -- Symlinking: /repo/ws/install/lib/python3.12/site-packages/px4/msg/_uavcan_parameter_request.py
[840.409s] -- Symlinking: /repo/ws/install/lib/python3.12/site-packages/px4/msg/_uavcan_parameter_request_s.c
[840.422s] -- Symlinking: /repo/ws/install/lib/python3.12/site-packages/px4/msg/_uavcan_parameter_value.py
[840.436s] -- Symlinking: /repo/ws/install/lib/python3.12/site-packages/px4/msg/_uavcan_parameter_value_s.c
[840.450s] -- Symlinking: /repo/ws/install/lib/python3.12/site-packages/px4/msg/_ulog_stream.py
[840.464s] -- Symlinking: /repo/ws/install/lib/python3.12/site-packages/px4/msg/_ulog_stream_ack.py
[840.477s] -- Symlinking: /repo/ws/install/lib/python3.12/site-packages/px4/msg/_ulog_stream_ack_s.c
[840.490s] -- Symlinking: /repo/ws/install/lib/python3.12/site-packages/px4/msg/_ulog_stream_s.c
[840.503s] -- Symlinking: /repo/ws/install/lib/python3.12/site-packages/px4/msg/_unregister_ext_component.py
[840.517s] -- Symlinking: /repo/ws/install/lib/python3.12/site-packages/px4/msg/_unregister_ext_component_s.c
[840.530s] -- Symlinking: /repo/ws/install/lib/python3.12/site-packages/px4/msg/_vehicle_acceleration.py
[840.543s] -- Symlinking: /repo/ws/install/lib/python3.12/site-packages/px4/msg/_vehicle_acceleration_s.c
[840.557s] -- Symlinking: /repo/ws/install/lib/python3.12/site-packages/px4/msg/_vehicle_air_data.py
[840.571s] -- Symlinking: /repo/ws/install/lib/python3.12/site-packages/px4/msg/_vehicle_air_data_s.c
[840.584s] -- Symlinking: /repo/ws/install/lib/python3.12/site-packages/px4/msg/_vehicle_angular_acceleration_setpoint.py
[840.597s] -- Symlinking: /repo/ws/install/lib/python3.12/site-packages/px4/msg/_vehicle_angular_acceleration_setpoint_s.c
[840.610s] -- Symlinking: /repo/ws/install/lib/python3.12/site-packages/px4/msg/_vehicle_angular_velocity.py
[840.624s] -- Symlinking: /repo/ws/install/lib/python3.12/site-packages/px4/msg/_vehicle_angular_velocity_s.c
[840.637s] -- Symlinking: /repo/ws/install/lib/python3.12/site-packages/px4/msg/_vehicle_attitude.py
[840.651s] -- Symlinking: /repo/ws/install/lib/python3.12/site-packages/px4/msg/_vehicle_attitude_s.c
[840.664s] -- Symlinking: /repo/ws/install/lib/python3.12/site-packages/px4/msg/_vehicle_attitude_setpoint.py
[840.677s] -- Symlinking: /repo/ws/install/lib/python3.12/site-packages/px4/msg/_vehicle_attitude_setpoint_s.c
[840.690s] -- Symlinking: /repo/ws/install/lib/python3.12/site-packages/px4/msg/_vehicle_command.py
[840.703s] -- Symlinking: /repo/ws/install/lib/python3.12/site-packages/px4/msg/_vehicle_command_ack.py
[840.717s] -- Symlinking: /repo/ws/install/lib/python3.12/site-packages/px4/msg/_vehicle_command_ack_s.c
[840.730s] -- Symlinking: /repo/ws/install/lib/python3.12/site-packages/px4/msg/_vehicle_command_s.c
[840.743s] -- Symlinking: /repo/ws/install/lib/python3.12/site-packages/px4/msg/_vehicle_constraints.py
[840.757s] -- Symlinking: /repo/ws/install/lib/python3.12/site-packages/px4/msg/_vehicle_constraints_s.c
[840.770s] -- Symlinking: /repo/ws/install/lib/python3.12/site-packages/px4/msg/_vehicle_control_mode.py
[840.783s] -- Symlinking: /repo/ws/install/lib/python3.12/site-packages/px4/msg/_vehicle_control_mode_s.c
[840.796s] -- Symlinking: /repo/ws/install/lib/python3.12/site-packages/px4/msg/_vehicle_global_position.py
[840.810s] -- Symlinking: /repo/ws/install/lib/python3.12/site-packages/px4/msg/_vehicle_global_position_s.c
[840.823s] -- Symlinking: /repo/ws/install/lib/python3.12/site-packages/px4/msg/_vehicle_imu.py
[840.836s] -- Symlinking: /repo/ws/install/lib/python3.12/site-packages/px4/msg/_vehicle_imu_s.c
[840.851s] -- Symlinking: /repo/ws/install/lib/python3.12/site-packages/px4/msg/_vehicle_imu_status.py
[840.864s] -- Symlinking: /repo/ws/install/lib/python3.12/site-packages/px4/msg/_vehicle_imu_status_s.c
[840.877s] -- Symlinking: /repo/ws/install/lib/python3.12/site-packages/px4/msg/_vehicle_land_detected.py
[840.890s] -- Symlinking: /repo/ws/install/lib/python3.12/site-packages/px4/msg/_vehicle_land_detected_s.c
[840.904s] -- Symlinking: /repo/ws/install/lib/python3.12/site-packages/px4/msg/_vehicle_local_position.py
[840.917s] -- Symlinking: /repo/ws/install/lib/python3.12/site-packages/px4/msg/_vehicle_local_position_s.c
[840.930s] -- Symlinking: /repo/ws/install/lib/python3.12/site-packages/px4/msg/_vehicle_local_position_setpoint.py
[840.943s] -- Symlinking: /repo/ws/install/lib/python3.12/site-packages/px4/msg/_vehicle_local_position_setpoint_s.c
[840.957s] -- Symlinking: /repo/ws/install/lib/python3.12/site-packages/px4/msg/_vehicle_magnetometer.py
[840.970s] -- Symlinking: /repo/ws/install/lib/python3.12/site-packages/px4/msg/_vehicle_magnetometer_s.c
[840.983s] -- Symlinking: /repo/ws/install/lib/python3.12/site-packages/px4/msg/_vehicle_odometry.py
[840.996s] -- Symlinking: /repo/ws/install/lib/python3.12/site-packages/px4/msg/_vehicle_odometry_s.c
[841.009s] -- Symlinking: /repo/ws/install/lib/python3.12/site-packages/px4/msg/_vehicle_optical_flow.py
[841.022s] -- Symlinking: /repo/ws/install/lib/python3.12/site-packages/px4/msg/_vehicle_optical_flow_s.c
[841.036s] -- Symlinking: /repo/ws/install/lib/python3.12/site-packages/px4/msg/_vehicle_optical_flow_vel.py
[841.050s] -- Symlinking: /repo/ws/install/lib/python3.12/site-packages/px4/msg/_vehicle_optical_flow_vel_s.c
[841.063s] -- Symlinking: /repo/ws/install/lib/python3.12/site-packages/px4/msg/_vehicle_rates_setpoint.py
[841.077s] -- Symlinking: /repo/ws/install/lib/python3.12/site-packages/px4/msg/_vehicle_rates_setpoint_s.c
[841.091s] -- Symlinking: /repo/ws/install/lib/python3.12/site-packages/px4/msg/_vehicle_roi.py
[841.104s] -- Symlinking: /repo/ws/install/lib/python3.12/site-packages/px4/msg/_vehicle_roi_s.c
[841.117s] -- Symlinking: /repo/ws/install/lib/python3.12/site-packages/px4/msg/_vehicle_status.py
[841.131s] -- Symlinking: /repo/ws/install/lib/python3.12/site-packages/px4/msg/_vehicle_status_s.c
[841.144s] -- Symlinking: /repo/ws/install/lib/python3.12/site-packages/px4/msg/_vehicle_thrust_setpoint.py
[841.158s] -- Symlinking: /repo/ws/install/lib/python3.12/site-packages/px4/msg/_vehicle_thrust_setpoint_s.c
[841.171s] -- Symlinking: /repo/ws/install/lib/python3.12/site-packages/px4/msg/_vehicle_torque_setpoint.py
[841.185s] -- Symlinking: /repo/ws/install/lib/python3.12/site-packages/px4/msg/_vehicle_torque_setpoint_s.c
[841.199s] -- Symlinking: /repo/ws/install/lib/python3.12/site-packages/px4/msg/_velocity_limits.py
[841.213s] -- Symlinking: /repo/ws/install/lib/python3.12/site-packages/px4/msg/_velocity_limits_s.c
[841.226s] -- Symlinking: /repo/ws/install/lib/python3.12/site-packages/px4/msg/_vtol_vehicle_status.py
[841.239s] -- Symlinking: /repo/ws/install/lib/python3.12/site-packages/px4/msg/_vtol_vehicle_status_s.c
[841.253s] -- Symlinking: /repo/ws/install/lib/python3.12/site-packages/px4/msg/_wheel_encoders.py
[841.266s] -- Symlinking: /repo/ws/install/lib/python3.12/site-packages/px4/msg/_wheel_encoders_s.c
[841.280s] -- Symlinking: /repo/ws/install/lib/python3.12/site-packages/px4/msg/_wind.py
[841.293s] -- Symlinking: /repo/ws/install/lib/python3.12/site-packages/px4/msg/_wind_s.c
[841.307s] -- Symlinking: /repo/ws/install/lib/python3.12/site-packages/px4/msg/_yaw_estimator_status.py
[841.320s] -- Symlinking: /repo/ws/install/lib/python3.12/site-packages/px4/msg/_yaw_estimator_status_s.c
[841.333s] -- Symlinking: /repo/ws/install/lib/python3.12/site-packages/px4/px4_s__rosidl_typesupport_c.so
[841.347s] -- Symlinking: /repo/ws/install/lib/python3.12/site-packages/px4/px4_s__rosidl_typesupport_fastrtps_c.so
[841.361s] -- Symlinking: /repo/ws/install/lib/python3.12/site-packages/px4/px4_s__rosidl_typesupport_introspection_c.so
[841.374s] -- Up-to-date symlink: /repo/ws/install/lib/python3.12/site-packages/px4/px4_s__rosidl_typesupport_fastrtps_c.so
[841.375s] -- Up-to-date symlink: /repo/ws/install/lib/python3.12/site-packages/px4/px4_s__rosidl_typesupport_introspection_c.so
[841.375s] -- Up-to-date symlink: /repo/ws/install/lib/python3.12/site-packages/px4/px4_s__rosidl_typesupport_c.so
[841.376s] -- Symlinking: /repo/ws/install/share/px4/msg/AckermannVelocitySetpoint.idl
[841.389s] -- Symlinking: /repo/ws/install/share/px4/msg/ActionRequest.idl
[841.403s] -- Symlinking: /repo/ws/install/share/px4/msg/ActuatorArmed.idl
[841.416s] -- Symlinking: /repo/ws/install/share/px4/msg/ActuatorControlsStatus.idl
[841.429s] -- Symlinking: /repo/ws/install/share/px4/msg/ActuatorOutputs.idl
[841.443s] -- Symlinking: /repo/ws/install/share/px4/msg/ActuatorServosTrim.idl
[841.457s] -- Symlinking: /repo/ws/install/share/px4/msg/ActuatorTest.idl
[841.470s] -- Symlinking: /repo/ws/install/share/px4/msg/AdcReport.idl
[841.483s] -- Symlinking: /repo/ws/install/share/px4/msg/Airspeed.idl
[841.497s] -- Symlinking: /repo/ws/install/share/px4/msg/AirspeedWind.idl
[841.510s] -- Symlinking: /repo/ws/install/share/px4/msg/AutotuneAttitudeControlStatus.idl
[841.524s] -- Symlinking: /repo/ws/install/share/px4/msg/ButtonEvent.idl
[841.537s] -- Symlinking: /repo/ws/install/share/px4/msg/CameraCapture.idl
[841.551s] -- Symlinking: /repo/ws/install/share/px4/msg/CameraStatus.idl
[841.565s] -- Symlinking: /repo/ws/install/share/px4/msg/CameraTrigger.idl
[841.578s] -- Symlinking: /repo/ws/install/share/px4/msg/CanInterfaceStatus.idl
[841.591s] -- Symlinking: /repo/ws/install/share/px4/msg/CellularStatus.idl
[841.604s] -- Symlinking: /repo/ws/install/share/px4/msg/CollisionConstraints.idl
[841.617s] -- Symlinking: /repo/ws/install/share/px4/msg/ControlAllocatorStatus.idl
[841.630s] -- Symlinking: /repo/ws/install/share/px4/msg/Cpuload.idl
[841.644s] -- Symlinking: /repo/ws/install/share/px4/msg/DatamanRequest.idl
[841.658s] -- Symlinking: /repo/ws/install/share/px4/msg/DatamanResponse.idl
[841.671s] -- Symlinking: /repo/ws/install/share/px4/msg/DebugArray.idl
[841.684s] -- Symlinking: /repo/ws/install/share/px4/msg/DebugKeyValue.idl
[841.697s] -- Symlinking: /repo/ws/install/share/px4/msg/DebugValue.idl
[841.711s] -- Symlinking: /repo/ws/install/share/px4/msg/DebugVect.idl
[841.724s] -- Symlinking: /repo/ws/install/share/px4/msg/DifferentialPressure.idl
[841.737s] -- Symlinking: /repo/ws/install/share/px4/msg/DifferentialVelocitySetpoint.idl
[841.751s] -- Symlinking: /repo/ws/install/share/px4/msg/DistanceSensor.idl
[841.765s] -- Symlinking: /repo/ws/install/share/px4/msg/DistanceSensorModeChangeRequest.idl
[841.778s] -- Symlinking: /repo/ws/install/share/px4/msg/Ekf2Timestamps.idl
[841.791s] -- Symlinking: /repo/ws/install/share/px4/msg/EscReport.idl
[841.805s] -- Symlinking: /repo/ws/install/share/px4/msg/EscStatus.idl
[841.818s] -- Symlinking: /repo/ws/install/share/px4/msg/EstimatorAidSource1d.idl
[841.831s] -- Symlinking: /repo/ws/install/share/px4/msg/EstimatorAidSource2d.idl
[841.845s] -- Symlinking: /repo/ws/install/share/px4/msg/EstimatorAidSource3d.idl
[841.859s] -- Symlinking: /repo/ws/install/share/px4/msg/EstimatorBias.idl
[841.872s] -- Symlinking: /repo/ws/install/share/px4/msg/EstimatorBias3d.idl
[841.886s] -- Symlinking: /repo/ws/install/share/px4/msg/EstimatorEventFlags.idl
[841.899s] -- Symlinking: /repo/ws/install/share/px4/msg/EstimatorGpsStatus.idl
[841.912s] -- Symlinking: /repo/ws/install/share/px4/msg/EstimatorInnovations.idl
[841.925s] -- Symlinking: /repo/ws/install/share/px4/msg/EstimatorSelectorStatus.idl
[841.939s] -- Symlinking: /repo/ws/install/share/px4/msg/EstimatorSensorBias.idl
[841.953s] -- Symlinking: /repo/ws/install/share/px4/msg/EstimatorStates.idl
[841.966s] -- Symlinking: /repo/ws/install/share/px4/msg/EstimatorStatus.idl
[841.979s] -- Symlinking: /repo/ws/install/share/px4/msg/EstimatorStatusFlags.idl
[841.992s] -- Symlinking: /repo/ws/install/share/px4/msg/Event.idl
[842.006s] -- Symlinking: /repo/ws/install/share/px4/msg/FailsafeFlags.idl
[842.019s] -- Symlinking: /repo/ws/install/share/px4/msg/FailureDetectorStatus.idl
[842.032s] -- Symlinking: /repo/ws/install/share/px4/msg/FigureEightStatus.idl
[842.046s] -- Symlinking: /repo/ws/install/share/px4/msg/FlightPhaseEstimation.idl
[842.060s] -- Symlinking: /repo/ws/install/share/px4/msg/FollowTarget.idl
[842.073s] -- Symlinking: /repo/ws/install/share/px4/msg/FollowTargetEstimator.idl
[842.087s] -- Symlinking: /repo/ws/install/share/px4/msg/FollowTargetStatus.idl
[842.101s] -- Symlinking: /repo/ws/install/share/px4/msg/FuelTankStatus.idl
[842.113s] -- Symlinking: /repo/ws/install/share/px4/msg/GeneratorStatus.idl
[842.127s] -- Symlinking: /repo/ws/install/share/px4/msg/GeofenceResult.idl
[842.141s] -- Symlinking: /repo/ws/install/share/px4/msg/GeofenceStatus.idl
[842.156s] -- Symlinking: /repo/ws/install/share/px4/msg/GimbalControls.idl
[842.169s] -- Symlinking: /repo/ws/install/share/px4/msg/GimbalDeviceAttitudeStatus.idl
[842.182s] -- Symlinking: /repo/ws/install/share/px4/msg/GimbalDeviceInformation.idl
[842.195s] -- Symlinking: /repo/ws/install/share/px4/msg/GimbalDeviceSetAttitude.idl
[842.209s] -- Symlinking: /repo/ws/install/share/px4/msg/GimbalManagerInformation.idl
[842.222s] -- Symlinking: /repo/ws/install/share/px4/msg/GimbalManagerSetAttitude.idl
[842.235s] -- Symlinking: /repo/ws/install/share/px4/msg/GimbalManagerSetManualControl.idl
[842.249s] -- Symlinking: /repo/ws/install/share/px4/msg/GimbalManagerStatus.idl
[842.263s] -- Symlinking: /repo/ws/install/share/px4/msg/GpioConfig.idl
[842.276s] -- Symlinking: /repo/ws/install/share/px4/msg/GpioIn.idl
[842.289s] -- Symlinking: /repo/ws/install/share/px4/msg/GpioOut.idl
[842.302s] -- Symlinking: /repo/ws/install/share/px4/msg/GpioRequest.idl
[842.316s] -- Symlinking: /repo/ws/install/share/px4/msg/GpsDump.idl
[842.330s] -- Symlinking: /repo/ws/install/share/px4/msg/GpsInjectData.idl
[842.344s] -- Symlinking: /repo/ws/install/share/px4/msg/Gripper.idl
[842.358s] -- Symlinking: /repo/ws/install/share/px4/msg/HealthReport.idl
[842.372s] -- Symlinking: /repo/ws/install/share/px4/msg/HeaterStatus.idl
[842.386s] -- Symlinking: /repo/ws/install/share/px4/msg/HoverThrustEstimate.idl
[842.399s] -- Symlinking: /repo/ws/install/share/px4/msg/InputRc.idl
[842.413s] -- Symlinking: /repo/ws/install/share/px4/msg/InternalCombustionEngineControl.idl
[842.427s] -- Symlinking: /repo/ws/install/share/px4/msg/InternalCombustionEngineStatus.idl
[842.439s] -- Symlinking: /repo/ws/install/share/px4/msg/IridiumsbdStatus.idl
[842.454s] -- Symlinking: /repo/ws/install/share/px4/msg/IrlockReport.idl
[842.468s] -- Symlinking: /repo/ws/install/share/px4/msg/LandingGear.idl
[842.481s] -- Symlinking: /repo/ws/install/share/px4/msg/LandingGearWheel.idl
[842.495s] -- Symlinking: /repo/ws/install/share/px4/msg/LandingTargetInnovations.idl
[842.508s] -- Symlinking: /repo/ws/install/share/px4/msg/LandingTargetPose.idl
[842.521s] -- Symlinking: /repo/ws/install/share/px4/msg/LaunchDetectionStatus.idl
[842.534s] -- Symlinking: /repo/ws/install/share/px4/msg/LedControl.idl
[842.548s] -- Symlinking: /repo/ws/install/share/px4/msg/LogMessage.idl
[842.561s] -- Symlinking: /repo/ws/install/share/px4/msg/LoggerStatus.idl
[842.575s] -- Symlinking: /repo/ws/install/share/px4/msg/MagWorkerData.idl
[842.588s] -- Symlinking: /repo/ws/install/share/px4/msg/MagnetometerBiasEstimate.idl
[842.601s] -- Symlinking: /repo/ws/install/share/px4/msg/ManualControlSwitches.idl
[842.615s] -- Symlinking: /repo/ws/install/share/px4/msg/MavlinkLog.idl
[842.628s] -- Symlinking: /repo/ws/install/share/px4/msg/MavlinkTunnel.idl
[842.641s] -- Symlinking: /repo/ws/install/share/px4/msg/MessageFormatRequest.idl
[842.655s] -- Symlinking: /repo/ws/install/share/px4/msg/MessageFormatResponse.idl
[842.669s] -- Symlinking: /repo/ws/install/share/px4/msg/Mission.idl
[842.682s] -- Symlinking: /repo/ws/install/share/px4/msg/MissionResult.idl
[842.696s] -- Symlinking: /repo/ws/install/share/px4/msg/MountOrientation.idl
[842.709s] -- Symlinking: /repo/ws/install/share/px4/msg/NavigatorMissionItem.idl
[842.722s] -- Symlinking: /repo/ws/install/share/px4/msg/NavigatorStatus.idl
[842.735s] -- Symlinking: /repo/ws/install/share/px4/msg/NormalizedUnsignedSetpoint.idl
[842.749s] -- Symlinking: /repo/ws/install/share/px4/msg/NpfgStatus.idl
[842.763s] -- Symlinking: /repo/ws/install/share/px4/msg/ObstacleDistance.idl
[842.776s] -- Symlinking: /repo/ws/install/share/px4/msg/OffboardControlMode.idl
[842.790s] -- Symlinking: /repo/ws/install/share/px4/msg/OnboardComputerStatus.idl
[842.803s] -- Symlinking: /repo/ws/install/share/px4/msg/OpenDroneIdArmStatus.idl
[842.817s] -- Symlinking: /repo/ws/install/share/px4/msg/OpenDroneIdOperatorId.idl
[842.830s] -- Symlinking: /repo/ws/install/share/px4/msg/OpenDroneIdSelfId.idl
[842.843s] -- Symlinking: /repo/ws/install/share/px4/msg/OpenDroneIdSystem.idl
[842.857s] -- Symlinking: /repo/ws/install/share/px4/msg/OrbTest.idl
[842.871s] -- Symlinking: /repo/ws/install/share/px4/msg/OrbTestLarge.idl
[842.884s] -- Symlinking: /repo/ws/install/share/px4/msg/OrbTestMedium.idl
[842.898s] -- Symlinking: /repo/ws/install/share/px4/msg/OrbitStatus.idl
[842.911s] -- Symlinking: /repo/ws/install/share/px4/msg/ParameterResetRequest.idl
[842.925s] -- Symlinking: /repo/ws/install/share/px4/msg/ParameterSetUsedRequest.idl
[842.938s] -- Symlinking: /repo/ws/install/share/px4/msg/ParameterSetValueRequest.idl
[842.952s] -- Symlinking: /repo/ws/install/share/px4/msg/ParameterSetValueResponse.idl
[842.965s] -- Symlinking: /repo/ws/install/share/px4/msg/ParameterUpdate.idl
[842.978s] -- Symlinking: /repo/ws/install/share/px4/msg/Ping.idl
[842.992s] -- Symlinking: /repo/ws/install/share/px4/msg/PositionControllerLandingStatus.idl
[843.005s] -- Symlinking: /repo/ws/install/share/px4/msg/PositionControllerStatus.idl
[843.018s] -- Symlinking: /repo/ws/install/share/px4/msg/PositionSetpoint.idl
[843.031s] -- Symlinking: /repo/ws/install/share/px4/msg/PositionSetpointTriplet.idl
[843.044s] -- Symlinking: /repo/ws/install/share/px4/msg/PowerButtonState.idl
[843.058s] -- Symlinking: /repo/ws/install/share/px4/msg/PowerMonitor.idl
[843.072s] -- Symlinking: /repo/ws/install/share/px4/msg/PpsCapture.idl
[843.085s] -- Symlinking: /repo/ws/install/share/px4/msg/PurePursuitStatus.idl
[843.099s] -- Symlinking: /repo/ws/install/share/px4/msg/PwmInput.idl
[843.111s] -- Symlinking: /repo/ws/install/share/px4/msg/Px4ioStatus.idl
[843.125s] -- Symlinking: /repo/ws/install/share/px4/msg/QshellReq.idl
[843.138s] -- Symlinking: /repo/ws/install/share/px4/msg/QshellRetval.idl
[843.153s] -- Symlinking: /repo/ws/install/share/px4/msg/RadioStatus.idl
[843.166s] -- Symlinking: /repo/ws/install/share/px4/msg/RateCtrlStatus.idl
[843.179s] -- Symlinking: /repo/ws/install/share/px4/msg/RcChannels.idl
[843.192s] -- Symlinking: /repo/ws/install/share/px4/msg/RcParameterMap.idl
[843.205s] -- Symlinking: /repo/ws/install/share/px4/msg/RoverAttitudeSetpoint.idl
[843.219s] -- Symlinking: /repo/ws/install/share/px4/msg/RoverAttitudeStatus.idl
[843.232s] -- Symlinking: /repo/ws/install/share/px4/msg/RoverPositionSetpoint.idl
[843.245s] -- Symlinking: /repo/ws/install/share/px4/msg/RoverRateSetpoint.idl
[843.259s] -- Symlinking: /repo/ws/install/share/px4/msg/RoverRateStatus.idl
[843.272s] -- Symlinking: /repo/ws/install/share/px4/msg/RoverSteeringSetpoint.idl
[843.285s] -- Symlinking: /repo/ws/install/share/px4/msg/RoverThrottleSetpoint.idl
[843.298s] -- Symlinking: /repo/ws/install/share/px4/msg/RoverVelocityStatus.idl
[843.311s] -- Symlinking: /repo/ws/install/share/px4/msg/Rpm.idl
[843.325s] -- Symlinking: /repo/ws/install/share/px4/msg/RtlStatus.idl
[843.338s] -- Symlinking: /repo/ws/install/share/px4/msg/RtlTimeEstimate.idl
[843.352s] -- Symlinking: /repo/ws/install/share/px4/msg/SatelliteInfo.idl
[843.365s] -- Symlinking: /repo/ws/install/share/px4/msg/SensorAccel.idl
[843.379s] -- Symlinking: /repo/ws/install/share/px4/msg/SensorAccelFifo.idl
[843.392s] -- Symlinking: /repo/ws/install/share/px4/msg/SensorAirflow.idl
[843.406s] -- Symlinking: /repo/ws/install/share/px4/msg/SensorBaro.idl
[843.420s] -- Symlinking: /repo/ws/install/share/px4/msg/SensorCombined.idl
[843.433s] -- Symlinking: /repo/ws/install/share/px4/msg/SensorCorrection.idl
[843.446s] -- Symlinking: /repo/ws/install/share/px4/msg/SensorGnssRelative.idl
[843.461s] -- Symlinking: /repo/ws/install/share/px4/msg/SensorGps.idl
[843.474s] -- Symlinking: /repo/ws/install/share/px4/msg/SensorGyro.idl
[843.488s] -- Symlinking: /repo/ws/install/share/px4/msg/SensorGyroFft.idl
[843.501s] -- Symlinking: /repo/ws/install/share/px4/msg/SensorGyroFifo.idl
[843.514s] -- Symlinking: /repo/ws/install/share/px4/msg/SensorHygrometer.idl
[843.528s] -- Symlinking: /repo/ws/install/share/px4/msg/SensorMag.idl
[843.542s] -- Symlinking: /repo/ws/install/share/px4/msg/SensorOpticalFlow.idl
[843.556s] -- Symlinking: /repo/ws/install/share/px4/msg/SensorPreflightMag.idl
[843.569s] -- Symlinking: /repo/ws/install/share/px4/msg/SensorSelection.idl
[843.582s] -- Symlinking: /repo/ws/install/share/px4/msg/SensorUwb.idl
[843.595s] -- Symlinking: /repo/ws/install/share/px4/msg/SensorsStatus.idl
[843.608s] -- Symlinking: /repo/ws/install/share/px4/msg/SensorsStatusImu.idl
[843.622s] -- Symlinking: /repo/ws/install/share/px4/msg/SystemPower.idl
[843.635s] -- Symlinking: /repo/ws/install/share/px4/msg/TakeoffStatus.idl
[843.649s] -- Symlinking: /repo/ws/install/share/px4/msg/TaskStackInfo.idl
[843.663s] -- Symlinking: /repo/ws/install/share/px4/msg/TecsStatus.idl
[843.676s] -- Symlinking: /repo/ws/install/share/px4/msg/TelemetryStatus.idl
[843.689s] -- Symlinking: /repo/ws/install/share/px4/msg/TiltrotorExtraControls.idl
[843.702s] -- Symlinking: /repo/ws/install/share/px4/msg/TimesyncStatus.idl
[843.715s] -- Symlinking: /repo/ws/install/share/px4/msg/TrajectorySetpoint6dof.idl
[843.728s] -- Symlinking: /repo/ws/install/share/px4/msg/TransponderReport.idl
[843.742s] -- Symlinking: /repo/ws/install/share/px4/msg/TuneControl.idl
[843.756s] -- Symlinking: /repo/ws/install/share/px4/msg/UavcanParameterRequest.idl
[843.769s] -- Symlinking: /repo/ws/install/share/px4/msg/UavcanParameterValue.idl
[843.783s] -- Symlinking: /repo/ws/install/share/px4/msg/UlogStream.idl
[843.795s] -- Symlinking: /repo/ws/install/share/px4/msg/UlogStreamAck.idl
[843.808s] -- Symlinking: /repo/ws/install/share/px4/msg/VehicleAcceleration.idl
[843.822s] -- Symlinking: /repo/ws/install/share/px4/msg/VehicleAirData.idl
[843.834s] -- Symlinking: /repo/ws/install/share/px4/msg/VehicleAngularAccelerationSetpoint.idl
[843.849s] -- Symlinking: /repo/ws/install/share/px4/msg/VehicleConstraints.idl
[843.862s] -- Symlinking: /repo/ws/install/share/px4/msg/VehicleImu.idl
[843.876s] -- Symlinking: /repo/ws/install/share/px4/msg/VehicleImuStatus.idl
[843.888s] -- Symlinking: /repo/ws/install/share/px4/msg/VehicleLocalPositionSetpoint.idl
[843.902s] -- Symlinking: /repo/ws/install/share/px4/msg/VehicleMagnetometer.idl
[843.915s] -- Symlinking: /repo/ws/install/share/px4/msg/VehicleOpticalFlow.idl
[843.929s] -- Symlinking: /repo/ws/install/share/px4/msg/VehicleOpticalFlowVel.idl
[843.942s] -- Symlinking: /repo/ws/install/share/px4/msg/VehicleRoi.idl
[843.956s] -- Symlinking: /repo/ws/install/share/px4/msg/VehicleThrustSetpoint.idl
[843.970s] -- Symlinking: /repo/ws/install/share/px4/msg/VehicleTorqueSetpoint.idl
[843.983s] -- Symlinking: /repo/ws/install/share/px4/msg/VelocityLimits.idl
[843.996s] -- Symlinking: /repo/ws/install/share/px4/msg/WheelEncoders.idl
[844.009s] -- Symlinking: /repo/ws/install/share/px4/msg/Wind.idl
[844.022s] -- Symlinking: /repo/ws/install/share/px4/msg/YawEstimatorStatus.idl
[844.035s] -- Symlinking: /repo/ws/install/share/px4/msg/ActuatorMotors.idl
[844.049s] -- Symlinking: /repo/ws/install/share/px4/msg/ActuatorServos.idl
[844.064s] -- Symlinking: /repo/ws/install/share/px4/msg/AirspeedValidated.idl
[844.077s] -- Symlinking: /repo/ws/install/share/px4/msg/ArmingCheckReply.idl
[844.090s] -- Symlinking: /repo/ws/install/share/px4/msg/ArmingCheckRequest.idl
[844.104s] -- Symlinking: /repo/ws/install/share/px4/msg/BatteryStatus.idl
[844.119s] -- Symlinking: /repo/ws/install/share/px4/msg/ConfigOverrides.idl
[844.133s] -- Symlinking: /repo/ws/install/share/px4/msg/GotoSetpoint.idl
[844.147s] -- Symlinking: /repo/ws/install/share/px4/msg/HomePosition.idl
[844.162s] -- Symlinking: /repo/ws/install/share/px4/msg/ManualControlSetpoint.idl
[844.176s] -- Symlinking: /repo/ws/install/share/px4/msg/ModeCompleted.idl
[844.189s] -- Symlinking: /repo/ws/install/share/px4/msg/RegisterExtComponentReply.idl
[844.202s] -- Symlinking: /repo/ws/install/share/px4/msg/RegisterExtComponentRequest.idl
[844.217s] -- Symlinking: /repo/ws/install/share/px4/msg/TrajectorySetpoint.idl
[844.231s] -- Symlinking: /repo/ws/install/share/px4/msg/UnregisterExtComponent.idl
[844.245s] -- Symlinking: /repo/ws/install/share/px4/msg/VehicleAngularVelocity.idl
[844.260s] -- Symlinking: /repo/ws/install/share/px4/msg/VehicleAttitude.idl
[844.275s] -- Symlinking: /repo/ws/install/share/px4/msg/VehicleAttitudeSetpoint.idl
[844.290s] -- Symlinking: /repo/ws/install/share/px4/msg/VehicleCommand.idl
[844.305s] -- Symlinking: /repo/ws/install/share/px4/msg/VehicleCommandAck.idl
[844.318s] -- Symlinking: /repo/ws/install/share/px4/msg/VehicleControlMode.idl
[844.332s] -- Symlinking: /repo/ws/install/share/px4/msg/VehicleGlobalPosition.idl
[844.345s] -- Symlinking: /repo/ws/install/share/px4/msg/VehicleLandDetected.idl
[844.359s] -- Symlinking: /repo/ws/install/share/px4/msg/VehicleLocalPosition.idl
[844.373s] -- Symlinking: /repo/ws/install/share/px4/msg/VehicleOdometry.idl
[844.386s] -- Symlinking: /repo/ws/install/share/px4/msg/VehicleRatesSetpoint.idl
[844.400s] -- Symlinking: /repo/ws/install/share/px4/msg/VehicleStatus.idl
[844.413s] -- Symlinking: /repo/ws/install/share/px4/msg/VtolVehicleStatus.idl
[844.427s] -- Symlinking: /repo/ws/install/share/px4/msg/AckermannVelocitySetpoint.msg
[844.440s] -- Symlinking: /repo/ws/install/share/px4/msg/ActionRequest.msg
[844.455s] -- Symlinking: /repo/ws/install/share/px4/msg/ActuatorArmed.msg
[844.468s] -- Symlinking: /repo/ws/install/share/px4/msg/ActuatorControlsStatus.msg
[844.482s] -- Symlinking: /repo/ws/install/share/px4/msg/ActuatorOutputs.msg
[844.495s] -- Symlinking: /repo/ws/install/share/px4/msg/ActuatorServosTrim.msg
[844.509s] -- Symlinking: /repo/ws/install/share/px4/msg/ActuatorTest.msg
[844.522s] -- Symlinking: /repo/ws/install/share/px4/msg/AdcReport.msg
[844.535s] -- Symlinking: /repo/ws/install/share/px4/msg/Airspeed.msg
[844.549s] -- Symlinking: /repo/ws/install/share/px4/msg/AirspeedWind.msg
[844.563s] -- Symlinking: /repo/ws/install/share/px4/msg/AutotuneAttitudeControlStatus.msg
[844.576s] -- Symlinking: /repo/ws/install/share/px4/msg/ButtonEvent.msg
[844.589s] -- Symlinking: /repo/ws/install/share/px4/msg/CameraCapture.msg
[844.602s] -- Symlinking: /repo/ws/install/share/px4/msg/CameraStatus.msg
[844.616s] -- Symlinking: /repo/ws/install/share/px4/msg/CameraTrigger.msg
[844.629s] -- Symlinking: /repo/ws/install/share/px4/msg/CanInterfaceStatus.msg
[844.642s] -- Symlinking: /repo/ws/install/share/px4/msg/CellularStatus.msg
[844.656s] -- Symlinking: /repo/ws/install/share/px4/msg/CollisionConstraints.msg
[844.670s] -- Symlinking: /repo/ws/install/share/px4/msg/ControlAllocatorStatus.msg
[844.683s] -- Symlinking: /repo/ws/install/share/px4/msg/Cpuload.msg
[844.696s] -- Symlinking: /repo/ws/install/share/px4/msg/DatamanRequest.msg
[844.710s] -- Symlinking: /repo/ws/install/share/px4/msg/DatamanResponse.msg
[844.723s] -- Symlinking: /repo/ws/install/share/px4/msg/DebugArray.msg
[844.736s] -- Symlinking: /repo/ws/install/share/px4/msg/DebugKeyValue.msg
[844.750s] -- Symlinking: /repo/ws/install/share/px4/msg/DebugValue.msg
[844.764s] -- Symlinking: /repo/ws/install/share/px4/msg/DebugVect.msg
[844.777s] -- Symlinking: /repo/ws/install/share/px4/msg/DifferentialPressure.msg
[844.791s] -- Symlinking: /repo/ws/install/share/px4/msg/DifferentialVelocitySetpoint.msg
[844.804s] -- Symlinking: /repo/ws/install/share/px4/msg/DistanceSensor.msg
[844.817s] -- Symlinking: /repo/ws/install/share/px4/msg/DistanceSensorModeChangeRequest.msg
[844.831s] -- Symlinking: /repo/ws/install/share/px4/msg/Ekf2Timestamps.msg
[844.843s] -- Symlinking: /repo/ws/install/share/px4/msg/EscReport.msg
[844.858s] -- Symlinking: /repo/ws/install/share/px4/msg/EscStatus.msg
[844.871s] -- Symlinking: /repo/ws/install/share/px4/msg/EstimatorAidSource1d.msg
[844.884s] -- Symlinking: /repo/ws/install/share/px4/msg/EstimatorAidSource2d.msg
[844.898s] -- Symlinking: /repo/ws/install/share/px4/msg/EstimatorAidSource3d.msg
[844.911s] -- Symlinking: /repo/ws/install/share/px4/msg/EstimatorBias.msg
[844.924s] -- Symlinking: /repo/ws/install/share/px4/msg/EstimatorBias3d.msg
[844.938s] -- Symlinking: /repo/ws/install/share/px4/msg/EstimatorEventFlags.msg
[844.952s] -- Symlinking: /repo/ws/install/share/px4/msg/EstimatorGpsStatus.msg
[844.965s] -- Symlinking: /repo/ws/install/share/px4/msg/EstimatorInnovations.msg
[844.978s] -- Symlinking: /repo/ws/install/share/px4/msg/EstimatorSelectorStatus.msg
[844.992s] -- Symlinking: /repo/ws/install/share/px4/msg/EstimatorSensorBias.msg
[845.005s] -- Symlinking: /repo/ws/install/share/px4/msg/EstimatorStates.msg
[845.018s] -- Symlinking: /repo/ws/install/share/px4/msg/EstimatorStatus.msg
[845.031s] -- Symlinking: /repo/ws/install/share/px4/msg/EstimatorStatusFlags.msg
[845.044s] -- Symlinking: /repo/ws/install/share/px4/msg/Event.msg
[845.058s] -- Symlinking: /repo/ws/install/share/px4/msg/FailsafeFlags.msg
[845.072s] -- Symlinking: /repo/ws/install/share/px4/msg/FailureDetectorStatus.msg
[845.085s] -- Symlinking: /repo/ws/install/share/px4/msg/FigureEightStatus.msg
[845.098s] -- Symlinking: /repo/ws/install/share/px4/msg/FlightPhaseEstimation.msg
[845.112s] -- Symlinking: /repo/ws/install/share/px4/msg/FollowTarget.msg
[845.125s] -- Symlinking: /repo/ws/install/share/px4/msg/FollowTargetEstimator.msg
[845.139s] -- Symlinking: /repo/ws/install/share/px4/msg/FollowTargetStatus.msg
[845.153s] -- Symlinking: /repo/ws/install/share/px4/msg/FuelTankStatus.msg
[845.167s] -- Symlinking: /repo/ws/install/share/px4/msg/GeneratorStatus.msg
[845.180s] -- Symlinking: /repo/ws/install/share/px4/msg/GeofenceResult.msg
[845.193s] -- Symlinking: /repo/ws/install/share/px4/msg/GeofenceStatus.msg
[845.207s] -- Symlinking: /repo/ws/install/share/px4/msg/GimbalControls.msg
[845.220s] -- Symlinking: /repo/ws/install/share/px4/msg/GimbalDeviceAttitudeStatus.msg
[845.233s] -- Symlinking: /repo/ws/install/share/px4/msg/GimbalDeviceInformation.msg
[845.247s] -- Symlinking: /repo/ws/install/share/px4/msg/GimbalDeviceSetAttitude.msg
[845.262s] -- Symlinking: /repo/ws/install/share/px4/msg/GimbalManagerInformation.msg
[845.276s] -- Symlinking: /repo/ws/install/share/px4/msg/GimbalManagerSetAttitude.msg
[845.289s] -- Symlinking: /repo/ws/install/share/px4/msg/GimbalManagerSetManualControl.msg
[845.302s] -- Symlinking: /repo/ws/install/share/px4/msg/GimbalManagerStatus.msg
[845.316s] -- Symlinking: /repo/ws/install/share/px4/msg/GpioConfig.msg
[845.329s] -- Symlinking: /repo/ws/install/share/px4/msg/GpioIn.msg
[845.342s] -- Symlinking: /repo/ws/install/share/px4/msg/GpioOut.msg
[845.357s] -- Symlinking: /repo/ws/install/share/px4/msg/GpioRequest.msg
[845.370s] -- Symlinking: /repo/ws/install/share/px4/msg/GpsDump.msg
[845.384s] -- Symlinking: /repo/ws/install/share/px4/msg/GpsInjectData.msg
[845.398s] -- Symlinking: /repo/ws/install/share/px4/msg/Gripper.msg
[845.411s] -- Symlinking: /repo/ws/install/share/px4/msg/HealthReport.msg
[845.425s] -- Symlinking: /repo/ws/install/share/px4/msg/HeaterStatus.msg
[845.438s] -- Symlinking: /repo/ws/install/share/px4/msg/HoverThrustEstimate.msg
[845.452s] -- Symlinking: /repo/ws/install/share/px4/msg/InputRc.msg
[845.467s] -- Symlinking: /repo/ws/install/share/px4/msg/InternalCombustionEngineControl.msg
[845.480s] -- Symlinking: /repo/ws/install/share/px4/msg/InternalCombustionEngineStatus.msg
[845.493s] -- Symlinking: /repo/ws/install/share/px4/msg/IridiumsbdStatus.msg
[845.506s] -- Symlinking: /repo/ws/install/share/px4/msg/IrlockReport.msg
[845.519s] -- Symlinking: /repo/ws/install/share/px4/msg/LandingGear.msg
[845.533s] -- Symlinking: /repo/ws/install/share/px4/msg/LandingGearWheel.msg
[845.547s] -- Symlinking: /repo/ws/install/share/px4/msg/LandingTargetInnovations.msg
[845.561s] -- Symlinking: /repo/ws/install/share/px4/msg/LandingTargetPose.msg
[845.574s] -- Symlinking: /repo/ws/install/share/px4/msg/LaunchDetectionStatus.msg
[845.588s] -- Symlinking: /repo/ws/install/share/px4/msg/LedControl.msg
[845.601s] -- Symlinking: /repo/ws/install/share/px4/msg/LogMessage.msg
[845.614s] -- Symlinking: /repo/ws/install/share/px4/msg/LoggerStatus.msg
[845.627s] -- Symlinking: /repo/ws/install/share/px4/msg/MagWorkerData.msg
[845.640s] -- Symlinking: /repo/ws/install/share/px4/msg/MagnetometerBiasEstimate.msg
[845.655s] -- Symlinking: /repo/ws/install/share/px4/msg/ManualControlSwitches.msg
[845.668s] -- Symlinking: /repo/ws/install/share/px4/msg/MavlinkLog.msg
[845.681s] -- Symlinking: /repo/ws/install/share/px4/msg/MavlinkTunnel.msg
[845.694s] -- Symlinking: /repo/ws/install/share/px4/msg/MessageFormatRequest.msg
[845.708s] -- Symlinking: /repo/ws/install/share/px4/msg/MessageFormatResponse.msg
[845.721s] -- Symlinking: /repo/ws/install/share/px4/msg/Mission.msg
[845.735s] -- Symlinking: /repo/ws/install/share/px4/msg/MissionResult.msg
[845.748s] -- Symlinking: /repo/ws/install/share/px4/msg/MountOrientation.msg
[845.762s] -- Symlinking: /repo/ws/install/share/px4/msg/NavigatorMissionItem.msg
[845.775s] -- Symlinking: /repo/ws/install/share/px4/msg/NavigatorStatus.msg
[845.789s] -- Symlinking: /repo/ws/install/share/px4/msg/NormalizedUnsignedSetpoint.msg
[845.801s] -- Symlinking: /repo/ws/install/share/px4/msg/NpfgStatus.msg
[845.815s] -- Symlinking: /repo/ws/install/share/px4/msg/ObstacleDistance.msg
[845.828s] -- Symlinking: /repo/ws/install/share/px4/msg/OffboardControlMode.msg
[845.841s] -- Symlinking: /repo/ws/install/share/px4/msg/OnboardComputerStatus.msg
[845.856s] -- Symlinking: /repo/ws/install/share/px4/msg/OpenDroneIdArmStatus.msg
[845.869s] -- Symlinking: /repo/ws/install/share/px4/msg/OpenDroneIdOperatorId.msg
[845.882s] -- Symlinking: /repo/ws/install/share/px4/msg/OpenDroneIdSelfId.msg
[845.896s] -- Symlinking: /repo/ws/install/share/px4/msg/OpenDroneIdSystem.msg
[845.909s] -- Symlinking: /repo/ws/install/share/px4/msg/OrbTest.msg
[845.923s] -- Symlinking: /repo/ws/install/share/px4/msg/OrbTestLarge.msg
[845.936s] -- Symlinking: /repo/ws/install/share/px4/msg/OrbTestMedium.msg
[845.950s] -- Symlinking: /repo/ws/install/share/px4/msg/OrbitStatus.msg
[845.963s] -- Symlinking: /repo/ws/install/share/px4/msg/ParameterResetRequest.msg
[845.976s] -- Symlinking: /repo/ws/install/share/px4/msg/ParameterSetUsedRequest.msg
[845.990s] -- Symlinking: /repo/ws/install/share/px4/msg/ParameterSetValueRequest.msg
[846.003s] -- Symlinking: /repo/ws/install/share/px4/msg/ParameterSetValueResponse.msg
[846.016s] -- Symlinking: /repo/ws/install/share/px4/msg/ParameterUpdate.msg
[846.029s] -- Symlinking: /repo/ws/install/share/px4/msg/Ping.msg
[846.042s] -- Symlinking: /repo/ws/install/share/px4/msg/PositionControllerLandingStatus.msg
[846.057s] -- Symlinking: /repo/ws/install/share/px4/msg/PositionControllerStatus.msg
[846.071s] -- Symlinking: /repo/ws/install/share/px4/msg/PositionSetpoint.msg
[846.084s] -- Symlinking: /repo/ws/install/share/px4/msg/PositionSetpointTriplet.msg
[846.097s] -- Symlinking: /repo/ws/install/share/px4/msg/PowerButtonState.msg
[846.110s] -- Symlinking: /repo/ws/install/share/px4/msg/PowerMonitor.msg
[846.124s] -- Symlinking: /repo/ws/install/share/px4/msg/PpsCapture.msg
[846.137s] -- Symlinking: /repo/ws/install/share/px4/msg/PurePursuitStatus.msg
[846.152s] -- Symlinking: /repo/ws/install/share/px4/msg/PwmInput.msg
[846.166s] -- Symlinking: /repo/ws/install/share/px4/msg/Px4ioStatus.msg
[846.180s] -- Symlinking: /repo/ws/install/share/px4/msg/QshellReq.msg
[846.194s] -- Symlinking: /repo/ws/install/share/px4/msg/QshellRetval.msg
[846.207s] -- Symlinking: /repo/ws/install/share/px4/msg/RadioStatus.msg
[846.220s] -- Symlinking: /repo/ws/install/share/px4/msg/RateCtrlStatus.msg
[846.234s] -- Symlinking: /repo/ws/install/share/px4/msg/RcChannels.msg
[846.247s] -- Symlinking: /repo/ws/install/share/px4/msg/RcParameterMap.msg
[846.261s] -- Symlinking: /repo/ws/install/share/px4/msg/RoverAttitudeSetpoint.msg
[846.275s] -- Symlinking: /repo/ws/install/share/px4/msg/RoverAttitudeStatus.msg
[846.289s] -- Symlinking: /repo/ws/install/share/px4/msg/RoverPositionSetpoint.msg
[846.302s] -- Symlinking: /repo/ws/install/share/px4/msg/RoverRateSetpoint.msg
[846.314s] -- Symlinking: /repo/ws/install/share/px4/msg/RoverRateStatus.msg
[846.328s] -- Symlinking: /repo/ws/install/share/px4/msg/RoverSteeringSetpoint.msg
[846.341s] -- Symlinking: /repo/ws/install/share/px4/msg/RoverThrottleSetpoint.msg
[846.356s] -- Symlinking: /repo/ws/install/share/px4/msg/RoverVelocityStatus.msg
[846.370s] -- Symlinking: /repo/ws/install/share/px4/msg/Rpm.msg
[846.383s] -- Symlinking: /repo/ws/install/share/px4/msg/RtlStatus.msg
[846.397s] -- Symlinking: /repo/ws/install/share/px4/msg/RtlTimeEstimate.msg
[846.410s] -- Symlinking: /repo/ws/install/share/px4/msg/SatelliteInfo.msg
[846.423s] -- Symlinking: /repo/ws/install/share/px4/msg/SensorAccel.msg
[846.437s] -- Symlinking: /repo/ws/install/share/px4/msg/SensorAccelFifo.msg
[846.451s] -- Symlinking: /repo/ws/install/share/px4/msg/SensorAirflow.msg
[846.465s] -- Symlinking: /repo/ws/install/share/px4/msg/SensorBaro.msg
[846.479s] -- Symlinking: /repo/ws/install/share/px4/msg/SensorCombined.msg
[846.492s] -- Symlinking: /repo/ws/install/share/px4/msg/SensorCorrection.msg
[846.505s] -- Symlinking: /repo/ws/install/share/px4/msg/SensorGnssRelative.msg
[846.519s] -- Symlinking: /repo/ws/install/share/px4/msg/SensorGps.msg
[846.532s] -- Symlinking: /repo/ws/install/share/px4/msg/SensorGyro.msg
[846.545s] -- Symlinking: /repo/ws/install/share/px4/msg/SensorGyroFft.msg
[846.560s] -- Symlinking: /repo/ws/install/share/px4/msg/SensorGyroFifo.msg
[846.573s] -- Symlinking: /repo/ws/install/share/px4/msg/SensorHygrometer.msg
[846.586s] -- Symlinking: /repo/ws/install/share/px4/msg/SensorMag.msg
[846.600s] -- Symlinking: /repo/ws/install/share/px4/msg/SensorOpticalFlow.msg
[846.613s] -- Symlinking: /repo/ws/install/share/px4/msg/SensorPreflightMag.msg
[846.626s] -- Symlinking: /repo/ws/install/share/px4/msg/SensorSelection.msg
[846.639s] -- Symlinking: /repo/ws/install/share/px4/msg/SensorUwb.msg
[846.653s] -- Symlinking: /repo/ws/install/share/px4/msg/SensorsStatus.msg
[846.667s] -- Symlinking: /repo/ws/install/share/px4/msg/SensorsStatusImu.msg
[846.680s] -- Symlinking: /repo/ws/install/share/px4/msg/SystemPower.msg
[846.693s] -- Symlinking: /repo/ws/install/share/px4/msg/TakeoffStatus.msg
[846.706s] -- Symlinking: /repo/ws/install/share/px4/msg/TaskStackInfo.msg
[846.719s] -- Symlinking: /repo/ws/install/share/px4/msg/TecsStatus.msg
[846.732s] -- Symlinking: /repo/ws/install/share/px4/msg/TelemetryStatus.msg
[846.745s] -- Symlinking: /repo/ws/install/share/px4/msg/TiltrotorExtraControls.msg
[846.760s] -- Symlinking: /repo/ws/install/share/px4/msg/TimesyncStatus.msg
[846.773s] -- Symlinking: /repo/ws/install/share/px4/msg/TrajectorySetpoint6dof.msg
[846.786s] -- Symlinking: /repo/ws/install/share/px4/msg/TransponderReport.msg
[846.800s] -- Symlinking: /repo/ws/install/share/px4/msg/TuneControl.msg
[846.813s] -- Symlinking: /repo/ws/install/share/px4/msg/UavcanParameterRequest.msg
[846.826s] -- Symlinking: /repo/ws/install/share/px4/msg/UavcanParameterValue.msg
[846.839s] -- Symlinking: /repo/ws/install/share/px4/msg/UlogStream.msg
[846.853s] -- Symlinking: /repo/ws/install/share/px4/msg/UlogStreamAck.msg
[846.867s] -- Symlinking: /repo/ws/install/share/px4/msg/VehicleAcceleration.msg
[846.880s] -- Symlinking: /repo/ws/install/share/px4/msg/VehicleAirData.msg
[846.893s] -- Symlinking: /repo/ws/install/share/px4/msg/VehicleAngularAccelerationSetpoint.msg
[846.906s] -- Symlinking: /repo/ws/install/share/px4/msg/VehicleConstraints.msg
[846.919s] -- Symlinking: /repo/ws/install/share/px4/msg/VehicleImu.msg
[846.933s] -- Symlinking: /repo/ws/install/share/px4/msg/VehicleImuStatus.msg
[846.946s] -- Symlinking: /repo/ws/install/share/px4/msg/VehicleLocalPositionSetpoint.msg
[846.960s] -- Symlinking: /repo/ws/install/share/px4/msg/VehicleMagnetometer.msg
[846.974s] -- Symlinking: /repo/ws/install/share/px4/msg/VehicleOpticalFlow.msg
[846.987s] -- Symlinking: /repo/ws/install/share/px4/msg/VehicleOpticalFlowVel.msg
[847.000s] -- Symlinking: /repo/ws/install/share/px4/msg/VehicleRoi.msg
[847.013s] -- Symlinking: /repo/ws/install/share/px4/msg/VehicleThrustSetpoint.msg
[847.026s] -- Symlinking: /repo/ws/install/share/px4/msg/VehicleTorqueSetpoint.msg
[847.039s] -- Symlinking: /repo/ws/install/share/px4/msg/VelocityLimits.msg
[847.053s] -- Symlinking: /repo/ws/install/share/px4/msg/WheelEncoders.msg
[847.067s] -- Symlinking: /repo/ws/install/share/px4/msg/Wind.msg
[847.080s] -- Symlinking: /repo/ws/install/share/px4/msg/YawEstimatorStatus.msg
[847.094s] -- Symlinking: /repo/ws/install/share/px4/versioned/ActuatorMotors.msg
[847.107s] -- Symlinking: /repo/ws/install/share/px4/versioned/ActuatorServos.msg
[847.120s] -- Symlinking: /repo/ws/install/share/px4/versioned/AirspeedValidated.msg
[847.134s] -- Symlinking: /repo/ws/install/share/px4/versioned/ArmingCheckReply.msg
[847.146s] -- Symlinking: /repo/ws/install/share/px4/versioned/ArmingCheckRequest.msg
[847.161s] -- Symlinking: /repo/ws/install/share/px4/versioned/BatteryStatus.msg
[847.174s] -- Symlinking: /repo/ws/install/share/px4/versioned/ConfigOverrides.msg
[847.187s] -- Symlinking: /repo/ws/install/share/px4/versioned/GotoSetpoint.msg
[847.200s] -- Symlinking: /repo/ws/install/share/px4/versioned/HomePosition.msg
[847.214s] -- Symlinking: /repo/ws/install/share/px4/versioned/ManualControlSetpoint.msg
[847.227s] -- Symlinking: /repo/ws/install/share/px4/versioned/ModeCompleted.msg
[847.240s] -- Symlinking: /repo/ws/install/share/px4/versioned/RegisterExtComponentReply.msg
[847.255s] -- Symlinking: /repo/ws/install/share/px4/versioned/RegisterExtComponentRequest.msg
[847.268s] -- Symlinking: /repo/ws/install/share/px4/versioned/TrajectorySetpoint.msg
[847.281s] -- Symlinking: /repo/ws/install/share/px4/versioned/UnregisterExtComponent.msg
[847.295s] -- Symlinking: /repo/ws/install/share/px4/versioned/VehicleAngularVelocity.msg
[847.308s] -- Symlinking: /repo/ws/install/share/px4/versioned/VehicleAttitude.msg
[847.321s] -- Symlinking: /repo/ws/install/share/px4/versioned/VehicleAttitudeSetpoint.msg
[847.334s] -- Symlinking: /repo/ws/install/share/px4/versioned/VehicleCommand.msg
[847.348s] -- Symlinking: /repo/ws/install/share/px4/versioned/VehicleCommandAck.msg
[847.361s] -- Symlinking: /repo/ws/install/share/px4/versioned/VehicleControlMode.msg
[847.375s] -- Symlinking: /repo/ws/install/share/px4/versioned/VehicleGlobalPosition.msg
[847.389s] -- Symlinking: /repo/ws/install/share/px4/versioned/VehicleLandDetected.msg
[847.403s] -- Symlinking: /repo/ws/install/share/px4/versioned/VehicleLocalPosition.msg
[847.416s] -- Symlinking: /repo/ws/install/share/px4/versioned/VehicleOdometry.msg
[847.429s] -- Symlinking: /repo/ws/install/share/px4/versioned/VehicleRatesSetpoint.msg
[847.443s] -- Symlinking: /repo/ws/install/share/px4/versioned/VehicleStatus.msg
[847.457s] -- Symlinking: /repo/ws/install/share/px4/versioned/VtolVehicleStatus.msg
[847.471s] -- Symlinking: /repo/ws/install/share/ament_index/resource_index/package_run_dependencies/px4
[847.486s] -- Symlinking: /repo/ws/install/share/ament_index/resource_index/parent_prefix_path/px4
[847.500s] -- Symlinking: /repo/ws/install/share/px4/environment/ament_prefix_path.sh
[847.513s] -- Symlinking: /repo/ws/install/share/px4/environment/ament_prefix_path.dsv
[847.526s] -- Symlinking: /repo/ws/install/share/px4/environment/path.sh
[847.539s] -- Symlinking: /repo/ws/install/share/px4/environment/path.dsv
[847.553s] -- Symlinking: /repo/ws/install/share/px4/local_setup.bash
[847.566s] -- Symlinking: /repo/ws/install/share/px4/local_setup.sh
[847.580s] -- Symlinking: /repo/ws/install/share/px4/local_setup.zsh
[847.594s] -- Symlinking: /repo/ws/install/share/px4/local_setup.dsv
[847.607s] -- Symlinking: /repo/ws/install/share/px4/package.dsv
[847.621s] -- Symlinking: /repo/ws/install/share/ament_index/resource_index/packages/px4
[847.633s] -- Symlinking: /repo/ws/install/share/px4/cmake/px4Config.cmake
[847.647s] -- Symlinking: /repo/ws/install/share/px4/cmake/px4Config-version.cmake
[847.661s] -- Symlinking: /repo/ws/install/share/px4/package.xml
[847.675s] -- Installing: /repo/ws/install/lib/libpx4__rosidl_generator_c.so
[847.680s] -- Set non-toolchain portion of runtime path of "/repo/ws/install/lib/libpx4__rosidl_generator_c.so" to ""
[847.680s] -- Installing: /repo/ws/install/lib/libpx4__rosidl_typesupport_fastrtps_c.so
[847.698s] -- Set non-toolchain portion of runtime path of "/repo/ws/install/lib/libpx4__rosidl_typesupport_fastrtps_c.so" to ""
[847.698s] -- Installing: /repo/ws/install/lib/libpx4__rosidl_typesupport_fastrtps_cpp.so
[847.717s] -- Set non-toolchain portion of runtime path of "/repo/ws/install/lib/libpx4__rosidl_typesupport_fastrtps_cpp.so" to ""
[847.717s] -- Installing: /repo/ws/install/lib/libpx4__rosidl_typesupport_introspection_c.so
[847.720s] -- Set non-toolchain portion of runtime path of "/repo/ws/install/lib/libpx4__rosidl_typesupport_introspection_c.so" to ""
[847.720s] -- Installing: /repo/ws/install/lib/libpx4__rosidl_typesupport_c.so
[847.722s] -- Set non-toolchain portion of runtime path of "/repo/ws/install/lib/libpx4__rosidl_typesupport_c.so" to ""
[847.722s] -- Installing: /repo/ws/install/lib/libpx4__rosidl_typesupport_introspection_cpp.so
[847.728s] -- Set non-toolchain portion of runtime path of "/repo/ws/install/lib/libpx4__rosidl_typesupport_introspection_cpp.so" to ""
[847.728s] -- Installing: /repo/ws/install/lib/libpx4__rosidl_typesupport_cpp.so
[847.732s] -- Set non-toolchain portion of runtime path of "/repo/ws/install/lib/libpx4__rosidl_typesupport_cpp.so" to ""
[848.005s] Listing '/repo/ws/install/lib/python3.12/site-packages/px4'...
[848.005s] Compiling '/repo/ws/install/lib/python3.12/site-packages/px4/__init__.py'...
[848.005s] Listing '/repo/ws/install/lib/python3.12/site-packages/px4/msg'...
[848.005s] Compiling '/repo/ws/install/lib/python3.12/site-packages/px4/msg/__init__.py'...
[848.005s] Compiling '/repo/ws/install/lib/python3.12/site-packages/px4/msg/_ackermann_velocity_setpoint.py'...
[848.005s] Compiling '/repo/ws/install/lib/python3.12/site-packages/px4/msg/_action_request.py'...
[848.005s] Compiling '/repo/ws/install/lib/python3.12/site-packages/px4/msg/_actuator_armed.py'...
[848.005s] Compiling '/repo/ws/install/lib/python3.12/site-packages/px4/msg/_actuator_controls_status.py'...
[848.006s] Compiling '/repo/ws/install/lib/python3.12/site-packages/px4/msg/_actuator_motors.py'...
[848.006s] Compiling '/repo/ws/install/lib/python3.12/site-packages/px4/msg/_actuator_outputs.py'...
[848.006s] Compiling '/repo/ws/install/lib/python3.12/site-packages/px4/msg/_actuator_servos.py'...
[848.006s] Compiling '/repo/ws/install/lib/python3.12/site-packages/px4/msg/_actuator_servos_trim.py'...
[848.006s] Compiling '/repo/ws/install/lib/python3.12/site-packages/px4/msg/_actuator_test.py'...
[848.006s] Compiling '/repo/ws/install/lib/python3.12/site-packages/px4/msg/_adc_report.py'...
[848.006s] Compiling '/repo/ws/install/lib/python3.12/site-packages/px4/msg/_airspeed.py'...
[848.006s] Compiling '/repo/ws/install/lib/python3.12/site-packages/px4/msg/_airspeed_validated.py'...
[848.007s] Compiling '/repo/ws/install/lib/python3.12/site-packages/px4/msg/_airspeed_wind.py'...
[848.007s] Compiling '/repo/ws/install/lib/python3.12/site-packages/px4/msg/_arming_check_reply.py'...
[848.007s] Compiling '/repo/ws/install/lib/python3.12/site-packages/px4/msg/_arming_check_request.py'...
[848.007s] Compiling '/repo/ws/install/lib/python3.12/site-packages/px4/msg/_autotune_attitude_control_status.py'...
[848.007s] Compiling '/repo/ws/install/lib/python3.12/site-packages/px4/msg/_battery_status.py'...
[848.007s] Compiling '/repo/ws/install/lib/python3.12/site-packages/px4/msg/_button_event.py'...
[848.007s] Compiling '/repo/ws/install/lib/python3.12/site-packages/px4/msg/_camera_capture.py'...
[848.007s] Compiling '/repo/ws/install/lib/python3.12/site-packages/px4/msg/_camera_status.py'...
[848.007s] Compiling '/repo/ws/install/lib/python3.12/site-packages/px4/msg/_camera_trigger.py'...
[848.007s] Compiling '/repo/ws/install/lib/python3.12/site-packages/px4/msg/_can_interface_status.py'...
[848.007s] Compiling '/repo/ws/install/lib/python3.12/site-packages/px4/msg/_cellular_status.py'...
[848.007s] Compiling '/repo/ws/install/lib/python3.12/site-packages/px4/msg/_collision_constraints.py'...
[848.008s] Compiling '/repo/ws/install/lib/python3.12/site-packages/px4/msg/_config_overrides.py'...
[848.008s] Compiling '/repo/ws/install/lib/python3.12/site-packages/px4/msg/_control_allocator_status.py'...
[848.008s] Compiling '/repo/ws/install/lib/python3.12/site-packages/px4/msg/_cpuload.py'...
[848.008s] Compiling '/repo/ws/install/lib/python3.12/site-packages/px4/msg/_dataman_request.py'...
[848.008s] Compiling '/repo/ws/install/lib/python3.12/site-packages/px4/msg/_dataman_response.py'...
[848.008s] Compiling '/repo/ws/install/lib/python3.12/site-packages/px4/msg/_debug_array.py'...
[848.008s] Compiling '/repo/ws/install/lib/python3.12/site-packages/px4/msg/_debug_key_value.py'...
[848.008s] Compiling '/repo/ws/install/lib/python3.12/site-packages/px4/msg/_debug_value.py'...
[848.008s] Compiling '/repo/ws/install/lib/python3.12/site-packages/px4/msg/_debug_vect.py'...
[848.008s] Compiling '/repo/ws/install/lib/python3.12/site-packages/px4/msg/_differential_pressure.py'...
[848.008s] Compiling '/repo/ws/install/lib/python3.12/site-packages/px4/msg/_differential_velocity_setpoint.py'...
[848.008s] Compiling '/repo/ws/install/lib/python3.12/site-packages/px4/msg/_distance_sensor.py'...
[848.008s] Compiling '/repo/ws/install/lib/python3.12/site-packages/px4/msg/_distance_sensor_mode_change_request.py'...
[848.009s] Compiling '/repo/ws/install/lib/python3.12/site-packages/px4/msg/_ekf2_timestamps.py'...
[848.009s] Compiling '/repo/ws/install/lib/python3.12/site-packages/px4/msg/_esc_report.py'...
[848.009s] Compiling '/repo/ws/install/lib/python3.12/site-packages/px4/msg/_esc_status.py'...
[848.009s] Compiling '/repo/ws/install/lib/python3.12/site-packages/px4/msg/_estimator_aid_source1d.py'...
[848.009s] Compiling '/repo/ws/install/lib/python3.12/site-packages/px4/msg/_estimator_aid_source2d.py'...
[848.009s] Compiling '/repo/ws/install/lib/python3.12/site-packages/px4/msg/_estimator_aid_source3d.py'...
[848.009s] Compiling '/repo/ws/install/lib/python3.12/site-packages/px4/msg/_estimator_bias.py'...
[848.009s] Compiling '/repo/ws/install/lib/python3.12/site-packages/px4/msg/_estimator_bias3d.py'...
[848.009s] Compiling '/repo/ws/install/lib/python3.12/site-packages/px4/msg/_estimator_event_flags.py'...
[848.009s] Compiling '/repo/ws/install/lib/python3.12/site-packages/px4/msg/_estimator_gps_status.py'...
[848.009s] Compiling '/repo/ws/install/lib/python3.12/site-packages/px4/msg/_estimator_innovations.py'...
[848.009s] Compiling '/repo/ws/install/lib/python3.12/site-packages/px4/msg/_estimator_selector_status.py'...
[848.009s] Compiling '/repo/ws/install/lib/python3.12/site-packages/px4/msg/_estimator_sensor_bias.py'...
[848.010s] Compiling '/repo/ws/install/lib/python3.12/site-packages/px4/msg/_estimator_states.py'...
[848.010s] Compiling '/repo/ws/install/lib/python3.12/site-packages/px4/msg/_estimator_status.py'...
[848.010s] Compiling '/repo/ws/install/lib/python3.12/site-packages/px4/msg/_estimator_status_flags.py'...
[848.010s] Compiling '/repo/ws/install/lib/python3.12/site-packages/px4/msg/_event.py'...
[848.010s] Compiling '/repo/ws/install/lib/python3.12/site-packages/px4/msg/_failsafe_flags.py'...
[848.010s] Compiling '/repo/ws/install/lib/python3.12/site-packages/px4/msg/_failure_detector_status.py'...
[848.010s] Compiling '/repo/ws/install/lib/python3.12/site-packages/px4/msg/_figure_eight_status.py'...
[848.010s] Compiling '/repo/ws/install/lib/python3.12/site-packages/px4/msg/_flight_phase_estimation.py'...
[848.010s] Compiling '/repo/ws/install/lib/python3.12/site-packages/px4/msg/_follow_target.py'...
[848.010s] Compiling '/repo/ws/install/lib/python3.12/site-packages/px4/msg/_follow_target_estimator.py'...
[848.010s] Compiling '/repo/ws/install/lib/python3.12/site-packages/px4/msg/_follow_target_status.py'...
[848.010s] Compiling '/repo/ws/install/lib/python3.12/site-packages/px4/msg/_fuel_tank_status.py'...
[848.011s] Compiling '/repo/ws/install/lib/python3.12/site-packages/px4/msg/_generator_status.py'...
[848.011s] Compiling '/repo/ws/install/lib/python3.12/site-packages/px4/msg/_geofence_result.py'...
[848.011s] Compiling '/repo/ws/install/lib/python3.12/site-packages/px4/msg/_geofence_status.py'...
[848.011s] Compiling '/repo/ws/install/lib/python3.12/site-packages/px4/msg/_gimbal_controls.py'...
[848.011s] Compiling '/repo/ws/install/lib/python3.12/site-packages/px4/msg/_gimbal_device_attitude_status.py'...
[848.011s] Compiling '/repo/ws/install/lib/python3.12/site-packages/px4/msg/_gimbal_device_information.py'...
[848.011s] Compiling '/repo/ws/install/lib/python3.12/site-packages/px4/msg/_gimbal_device_set_attitude.py'...
[848.011s] Compiling '/repo/ws/install/lib/python3.12/site-packages/px4/msg/_gimbal_manager_information.py'...
[848.011s] Compiling '/repo/ws/install/lib/python3.12/site-packages/px4/msg/_gimbal_manager_set_attitude.py'...
[848.011s] Compiling '/repo/ws/install/lib/python3.12/site-packages/px4/msg/_gimbal_manager_set_manual_control.py'...
[848.011s] Compiling '/repo/ws/install/lib/python3.12/site-packages/px4/msg/_gimbal_manager_status.py'...
[848.011s] Compiling '/repo/ws/install/lib/python3.12/site-packages/px4/msg/_goto_setpoint.py'...
[848.011s] Compiling '/repo/ws/install/lib/python3.12/site-packages/px4/msg/_gpio_config.py'...
[848.012s] Compiling '/repo/ws/install/lib/python3.12/site-packages/px4/msg/_gpio_in.py'...
[848.012s] Compiling '/repo/ws/install/lib/python3.12/site-packages/px4/msg/_gpio_out.py'...
[848.012s] Compiling '/repo/ws/install/lib/python3.12/site-packages/px4/msg/_gpio_request.py'...
[848.012s] Compiling '/repo/ws/install/lib/python3.12/site-packages/px4/msg/_gps_dump.py'...
[848.012s] Compiling '/repo/ws/install/lib/python3.12/site-packages/px4/msg/_gps_inject_data.py'...
[848.012s] Compiling '/repo/ws/install/lib/python3.12/site-packages/px4/msg/_gripper.py'...
[848.012s] Compiling '/repo/ws/install/lib/python3.12/site-packages/px4/msg/_health_report.py'...
[848.012s] Compiling '/repo/ws/install/lib/python3.12/site-packages/px4/msg/_heater_status.py'...
[848.012s] Compiling '/repo/ws/install/lib/python3.12/site-packages/px4/msg/_home_position.py'...
[848.012s] Compiling '/repo/ws/install/lib/python3.12/site-packages/px4/msg/_hover_thrust_estimate.py'...
[848.012s] Compiling '/repo/ws/install/lib/python3.12/site-packages/px4/msg/_input_rc.py'...
[848.227s] Compiling '/repo/ws/install/lib/python3.12/site-packages/px4/msg/_internal_combustion_engine_control.py'...
[848.227s] Compiling '/repo/ws/install/lib/python3.12/site-packages/px4/msg/_internal_combustion_engine_status.py'...
[848.227s] Compiling '/repo/ws/install/lib/python3.12/site-packages/px4/msg/_iridiumsbd_status.py'...
[848.227s] Compiling '/repo/ws/install/lib/python3.12/site-packages/px4/msg/_irlock_report.py'...
[848.227s] Compiling '/repo/ws/install/lib/python3.12/site-packages/px4/msg/_landing_gear.py'...
[848.227s] Compiling '/repo/ws/install/lib/python3.12/site-packages/px4/msg/_landing_gear_wheel.py'...
[848.227s] Compiling '/repo/ws/install/lib/python3.12/site-packages/px4/msg/_landing_target_innovations.py'...
[848.227s] Compiling '/repo/ws/install/lib/python3.12/site-packages/px4/msg/_landing_target_pose.py'...
[848.227s] Compiling '/repo/ws/install/lib/python3.12/site-packages/px4/msg/_launch_detection_status.py'...
[848.227s] Compiling '/repo/ws/install/lib/python3.12/site-packages/px4/msg/_led_control.py'...
[848.228s] Compiling '/repo/ws/install/lib/python3.12/site-packages/px4/msg/_log_message.py'...
[848.228s] Compiling '/repo/ws/install/lib/python3.12/site-packages/px4/msg/_logger_status.py'...
[848.228s] Compiling '/repo/ws/install/lib/python3.12/site-packages/px4/msg/_mag_worker_data.py'...
[848.228s] Compiling '/repo/ws/install/lib/python3.12/site-packages/px4/msg/_magnetometer_bias_estimate.py'...
[848.228s] Compiling '/repo/ws/install/lib/python3.12/site-packages/px4/msg/_manual_control_setpoint.py'...
[848.228s] Compiling '/repo/ws/install/lib/python3.12/site-packages/px4/msg/_manual_control_switches.py'...
[848.228s] Compiling '/repo/ws/install/lib/python3.12/site-packages/px4/msg/_mavlink_log.py'...
[848.228s] Compiling '/repo/ws/install/lib/python3.12/site-packages/px4/msg/_mavlink_tunnel.py'...
[848.228s] Compiling '/repo/ws/install/lib/python3.12/site-packages/px4/msg/_message_format_request.py'...
[848.228s] Compiling '/repo/ws/install/lib/python3.12/site-packages/px4/msg/_message_format_response.py'...
[848.228s] Compiling '/repo/ws/install/lib/python3.12/site-packages/px4/msg/_mission.py'...
[848.228s] Compiling '/repo/ws/install/lib/python3.12/site-packages/px4/msg/_mission_result.py'...
[848.229s] Compiling '/repo/ws/install/lib/python3.12/site-packages/px4/msg/_mode_completed.py'...
[848.229s] Compiling '/repo/ws/install/lib/python3.12/site-packages/px4/msg/_mount_orientation.py'...
[848.229s] Compiling '/repo/ws/install/lib/python3.12/site-packages/px4/msg/_navigator_mission_item.py'...
[848.229s] Compiling '/repo/ws/install/lib/python3.12/site-packages/px4/msg/_navigator_status.py'...
[848.229s] Compiling '/repo/ws/install/lib/python3.12/site-packages/px4/msg/_normalized_unsigned_setpoint.py'...
[848.229s] Compiling '/repo/ws/install/lib/python3.12/site-packages/px4/msg/_npfg_status.py'...
[848.229s] Compiling '/repo/ws/install/lib/python3.12/site-packages/px4/msg/_obstacle_distance.py'...
[848.229s] Compiling '/repo/ws/install/lib/python3.12/site-packages/px4/msg/_offboard_control_mode.py'...
[848.229s] Compiling '/repo/ws/install/lib/python3.12/site-packages/px4/msg/_onboard_computer_status.py'...
[848.229s] Compiling '/repo/ws/install/lib/python3.12/site-packages/px4/msg/_open_drone_id_arm_status.py'...
[848.229s] Compiling '/repo/ws/install/lib/python3.12/site-packages/px4/msg/_open_drone_id_operator_id.py'...
[848.229s] Compiling '/repo/ws/install/lib/python3.12/site-packages/px4/msg/_open_drone_id_self_id.py'...
[848.229s] Compiling '/repo/ws/install/lib/python3.12/site-packages/px4/msg/_open_drone_id_system.py'...
[848.230s] Compiling '/repo/ws/install/lib/python3.12/site-packages/px4/msg/_orb_test.py'...
[848.230s] Compiling '/repo/ws/install/lib/python3.12/site-packages/px4/msg/_orb_test_large.py'...
[848.230s] Compiling '/repo/ws/install/lib/python3.12/site-packages/px4/msg/_orb_test_medium.py'...
[848.230s] Compiling '/repo/ws/install/lib/python3.12/site-packages/px4/msg/_orbit_status.py'...
[848.230s] Compiling '/repo/ws/install/lib/python3.12/site-packages/px4/msg/_parameter_reset_request.py'...
[848.230s] Compiling '/repo/ws/install/lib/python3.12/site-packages/px4/msg/_parameter_set_used_request.py'...
[848.230s] Compiling '/repo/ws/install/lib/python3.12/site-packages/px4/msg/_parameter_set_value_request.py'...
[848.230s] Compiling '/repo/ws/install/lib/python3.12/site-packages/px4/msg/_parameter_set_value_response.py'...
[848.230s] Compiling '/repo/ws/install/lib/python3.12/site-packages/px4/msg/_parameter_update.py'...
[848.230s] Compiling '/repo/ws/install/lib/python3.12/site-packages/px4/msg/_ping.py'...
[848.230s] Compiling '/repo/ws/install/lib/python3.12/site-packages/px4/msg/_position_controller_landing_status.py'...
[848.230s] Compiling '/repo/ws/install/lib/python3.12/site-packages/px4/msg/_position_controller_status.py'...
[848.231s] Compiling '/repo/ws/install/lib/python3.12/site-packages/px4/msg/_position_setpoint.py'...
[848.231s] Compiling '/repo/ws/install/lib/python3.12/site-packages/px4/msg/_position_setpoint_triplet.py'...
[848.231s] Compiling '/repo/ws/install/lib/python3.12/site-packages/px4/msg/_power_button_state.py'...
[848.231s] Compiling '/repo/ws/install/lib/python3.12/site-packages/px4/msg/_power_monitor.py'...
[848.231s] Compiling '/repo/ws/install/lib/python3.12/site-packages/px4/msg/_pps_capture.py'...
[848.231s] Compiling '/repo/ws/install/lib/python3.12/site-packages/px4/msg/_pure_pursuit_status.py'...
[848.231s] Compiling '/repo/ws/install/lib/python3.12/site-packages/px4/msg/_pwm_input.py'...
[848.231s] Compiling '/repo/ws/install/lib/python3.12/site-packages/px4/msg/_px4io_status.py'...
[848.231s] Compiling '/repo/ws/install/lib/python3.12/site-packages/px4/msg/_qshell_req.py'...
[848.231s] Compiling '/repo/ws/install/lib/python3.12/site-packages/px4/msg/_qshell_retval.py'...
[848.231s] Compiling '/repo/ws/install/lib/python3.12/site-packages/px4/msg/_radio_status.py'...
[848.231s] Compiling '/repo/ws/install/lib/python3.12/site-packages/px4/msg/_rate_ctrl_status.py'...
[848.232s] Compiling '/repo/ws/install/lib/python3.12/site-packages/px4/msg/_rc_channels.py'...
[848.232s] Compiling '/repo/ws/install/lib/python3.12/site-packages/px4/msg/_rc_parameter_map.py'...
[848.232s] Compiling '/repo/ws/install/lib/python3.12/site-packages/px4/msg/_register_ext_component_reply.py'...
[848.232s] Compiling '/repo/ws/install/lib/python3.12/site-packages/px4/msg/_register_ext_component_request.py'...
[848.232s] Compiling '/repo/ws/install/lib/python3.12/site-packages/px4/msg/_rover_attitude_setpoint.py'...
[848.232s] Compiling '/repo/ws/install/lib/python3.12/site-packages/px4/msg/_rover_attitude_status.py'...
[848.232s] Compiling '/repo/ws/install/lib/python3.12/site-packages/px4/msg/_rover_position_setpoint.py'...
[848.232s] Compiling '/repo/ws/install/lib/python3.12/site-packages/px4/msg/_rover_rate_setpoint.py'...
[848.232s] Compiling '/repo/ws/install/lib/python3.12/site-packages/px4/msg/_rover_rate_status.py'...
[848.232s] Compiling '/repo/ws/install/lib/python3.12/site-packages/px4/msg/_rover_steering_setpoint.py'...
[848.232s] Compiling '/repo/ws/install/lib/python3.12/site-packages/px4/msg/_rover_throttle_setpoint.py'...
[848.232s] Compiling '/repo/ws/install/lib/python3.12/site-packages/px4/msg/_rover_velocity_status.py'...
[848.233s] Compiling '/repo/ws/install/lib/python3.12/site-packages/px4/msg/_rpm.py'...
[848.233s] Compiling '/repo/ws/install/lib/python3.12/site-packages/px4/msg/_rtl_status.py'...
[848.233s] Compiling '/repo/ws/install/lib/python3.12/site-packages/px4/msg/_rtl_time_estimate.py'...
[848.233s] Compiling '/repo/ws/install/lib/python3.12/site-packages/px4/msg/_satellite_info.py'...
[848.233s] Compiling '/repo/ws/install/lib/python3.12/site-packages/px4/msg/_sensor_accel.py'...
[848.233s] Compiling '/repo/ws/install/lib/python3.12/site-packages/px4/msg/_sensor_accel_fifo.py'...
[848.233s] Compiling '/repo/ws/install/lib/python3.12/site-packages/px4/msg/_sensor_airflow.py'...
[848.233s] Compiling '/repo/ws/install/lib/python3.12/site-packages/px4/msg/_sensor_baro.py'...
[848.233s] Compiling '/repo/ws/install/lib/python3.12/site-packages/px4/msg/_sensor_combined.py'...
[848.233s] Compiling '/repo/ws/install/lib/python3.12/site-packages/px4/msg/_sensor_correction.py'...
[848.233s] Compiling '/repo/ws/install/lib/python3.12/site-packages/px4/msg/_sensor_gnss_relative.py'...
[848.233s] Compiling '/repo/ws/install/lib/python3.12/site-packages/px4/msg/_sensor_gps.py'...
[848.233s] Compiling '/repo/ws/install/lib/python3.12/site-packages/px4/msg/_sensor_gyro.py'...
[848.234s] Compiling '/repo/ws/install/lib/python3.12/site-packages/px4/msg/_sensor_gyro_fft.py'...
[848.234s] Compiling '/repo/ws/install/lib/python3.12/site-packages/px4/msg/_sensor_gyro_fifo.py'...
[848.234s] Compiling '/repo/ws/install/lib/python3.12/site-packages/px4/msg/_sensor_hygrometer.py'...
[848.234s] Compiling '/repo/ws/install/lib/python3.12/site-packages/px4/msg/_sensor_mag.py'...
[848.234s] Compiling '/repo/ws/install/lib/python3.12/site-packages/px4/msg/_sensor_optical_flow.py'...
[848.391s] Compiling '/repo/ws/install/lib/python3.12/site-packages/px4/msg/_sensor_preflight_mag.py'...
[848.391s] Compiling '/repo/ws/install/lib/python3.12/site-packages/px4/msg/_sensor_selection.py'...
[848.392s] Compiling '/repo/ws/install/lib/python3.12/site-packages/px4/msg/_sensor_uwb.py'...
[848.392s] Compiling '/repo/ws/install/lib/python3.12/site-packages/px4/msg/_sensors_status.py'...
[848.392s] Compiling '/repo/ws/install/lib/python3.12/site-packages/px4/msg/_sensors_status_imu.py'...
[848.392s] Compiling '/repo/ws/install/lib/python3.12/site-packages/px4/msg/_system_power.py'...
[848.392s] Compiling '/repo/ws/install/lib/python3.12/site-packages/px4/msg/_takeoff_status.py'...
[848.392s] Compiling '/repo/ws/install/lib/python3.12/site-packages/px4/msg/_task_stack_info.py'...
[848.392s] Compiling '/repo/ws/install/lib/python3.12/site-packages/px4/msg/_tecs_status.py'...
[848.392s] Compiling '/repo/ws/install/lib/python3.12/site-packages/px4/msg/_telemetry_status.py'...
[848.392s] Compiling '/repo/ws/install/lib/python3.12/site-packages/px4/msg/_tiltrotor_extra_controls.py'...
[848.392s] Compiling '/repo/ws/install/lib/python3.12/site-packages/px4/msg/_timesync_status.py'...
[848.392s] Compiling '/repo/ws/install/lib/python3.12/site-packages/px4/msg/_trajectory_setpoint.py'...
[848.392s] Compiling '/repo/ws/install/lib/python3.12/site-packages/px4/msg/_trajectory_setpoint6dof.py'...
[848.393s] Compiling '/repo/ws/install/lib/python3.12/site-packages/px4/msg/_transponder_report.py'...
[848.393s] Compiling '/repo/ws/install/lib/python3.12/site-packages/px4/msg/_tune_control.py'...
[848.393s] Compiling '/repo/ws/install/lib/python3.12/site-packages/px4/msg/_uavcan_parameter_request.py'...
[848.393s] Compiling '/repo/ws/install/lib/python3.12/site-packages/px4/msg/_uavcan_parameter_value.py'...
[848.393s] Compiling '/repo/ws/install/lib/python3.12/site-packages/px4/msg/_ulog_stream.py'...
[848.393s] Compiling '/repo/ws/install/lib/python3.12/site-packages/px4/msg/_ulog_stream_ack.py'...
[848.393s] Compiling '/repo/ws/install/lib/python3.12/site-packages/px4/msg/_unregister_ext_component.py'...
[848.393s] Compiling '/repo/ws/install/lib/python3.12/site-packages/px4/msg/_vehicle_acceleration.py'...
[848.393s] Compiling '/repo/ws/install/lib/python3.12/site-packages/px4/msg/_vehicle_air_data.py'...
[848.393s] Compiling '/repo/ws/install/lib/python3.12/site-packages/px4/msg/_vehicle_angular_acceleration_setpoint.py'...
[848.393s] Compiling '/repo/ws/install/lib/python3.12/site-packages/px4/msg/_vehicle_angular_velocity.py'...
[848.393s] Compiling '/repo/ws/install/lib/python3.12/site-packages/px4/msg/_vehicle_attitude.py'...
[848.394s] Compiling '/repo/ws/install/lib/python3.12/site-packages/px4/msg/_vehicle_attitude_setpoint.py'...
[848.394s] Compiling '/repo/ws/install/lib/python3.12/site-packages/px4/msg/_vehicle_command.py'...
[848.394s] Compiling '/repo/ws/install/lib/python3.12/site-packages/px4/msg/_vehicle_command_ack.py'...
[848.394s] Compiling '/repo/ws/install/lib/python3.12/site-packages/px4/msg/_vehicle_constraints.py'...
[848.394s] Compiling '/repo/ws/install/lib/python3.12/site-packages/px4/msg/_vehicle_control_mode.py'...
[848.394s] Compiling '/repo/ws/install/lib/python3.12/site-packages/px4/msg/_vehicle_global_position.py'...
[848.394s] Compiling '/repo/ws/install/lib/python3.12/site-packages/px4/msg/_vehicle_imu.py'...
[848.394s] Compiling '/repo/ws/install/lib/python3.12/site-packages/px4/msg/_vehicle_imu_status.py'...
[848.394s] Compiling '/repo/ws/install/lib/python3.12/site-packages/px4/msg/_vehicle_land_detected.py'...
[848.394s] Compiling '/repo/ws/install/lib/python3.12/site-packages/px4/msg/_vehicle_local_position.py'...
[848.394s] Compiling '/repo/ws/install/lib/python3.12/site-packages/px4/msg/_vehicle_local_position_setpoint.py'...
[848.394s] Compiling '/repo/ws/install/lib/python3.12/site-packages/px4/msg/_vehicle_magnetometer.py'...
[848.395s] Compiling '/repo/ws/install/lib/python3.12/site-packages/px4/msg/_vehicle_odometry.py'...
[848.395s] Compiling '/repo/ws/install/lib/python3.12/site-packages/px4/msg/_vehicle_optical_flow.py'...
[848.395s] Compiling '/repo/ws/install/lib/python3.12/site-packages/px4/msg/_vehicle_optical_flow_vel.py'...
[848.395s] Compiling '/repo/ws/install/lib/python3.12/site-packages/px4/msg/_vehicle_rates_setpoint.py'...
[848.395s] Compiling '/repo/ws/install/lib/python3.12/site-packages/px4/msg/_vehicle_roi.py'...
[848.395s] Compiling '/repo/ws/install/lib/python3.12/site-packages/px4/msg/_vehicle_status.py'...
[848.395s] Compiling '/repo/ws/install/lib/python3.12/site-packages/px4/msg/_vehicle_thrust_setpoint.py'...
[848.395s] Compiling '/repo/ws/install/lib/python3.12/site-packages/px4/msg/_vehicle_torque_setpoint.py'...
[848.395s] Compiling '/repo/ws/install/lib/python3.12/site-packages/px4/msg/_velocity_limits.py'...
[848.395s] Compiling '/repo/ws/install/lib/python3.12/site-packages/px4/msg/_vtol_vehicle_status.py'...
[848.395s] Compiling '/repo/ws/install/lib/python3.12/site-packages/px4/msg/_wheel_encoders.py'...
[848.395s] Compiling '/repo/ws/install/lib/python3.12/site-packages/px4/msg/_wind.py'...
[848.396s] Compiling '/repo/ws/install/lib/python3.12/site-packages/px4/msg/_yaw_estimator_status.py'...
[848.399s] -- Installing: /repo/ws/install/lib/libpx4__rosidl_generator_py.so
[848.404s] -- Set non-toolchain portion of runtime path of "/repo/ws/install/lib/libpx4__rosidl_generator_py.so" to ""
[848.406s] Invoked command in '/repo/ws/build/px4' returned '0': CMAKE_PREFIX_PATH=${CMAKE_PREFIX_PATH}:/opt/ros/jazzy /usr/bin/cmake --install /repo/ws/build/px4
