[0.396s] Invoking command in '/repo/ws/build/px4': CMAKE_PREFIX_PATH=${CMAKE_PREFIX_PATH}:/opt/ros/jazzy /usr/bin/cmake --build /repo/ws/build/px4 -- -j4 -l4
[0.706s] [  0%] Built target px4_layer
[0.830s] [  0%] Built target ament_cmake_python_symlink_px4
[0.888s] [  0%] Built target px4__rosidl_generator_type_description
[1.269s] running egg_info
[1.284s] writing px4.egg-info/PKG-INFO
[1.287s] writing dependency_links to px4.egg-info/dependency_links.txt
[1.287s] writing top-level names to px4.egg-info/top_level.txt
[1.346s] reading manifest file 'px4.egg-info/SOURCES.txt'
[1.355s] writing manifest file 'px4.egg-info/SOURCES.txt'
[1.421s] [  0%] Built target ament_cmake_python_build_px4_egg
[1.703s] [ 29%] Built target px4__rosidl_generator_c
[1.823s] [ 29%] Built target px4__cpp
[1.956s] [ 39%] Built target px4__rosidl_typesupport_introspection_c
[2.081s] [ 49%] Built target px4__rosidl_typesupport_c
[2.282s] [ 59%] Built target px4__rosidl_typesupport_introspection_cpp
[2.467s] [ 69%] Built target px4__rosidl_typesupport_cpp
[2.668s] [ 79%] Built target px4__rosidl_typesupport_fastrtps_cpp
[2.860s] [ 89%] Built target px4__rosidl_typesupport_fastrtps_c
[2.894s] [ 89%] Built target drivers_board
[2.928s] [ 89%] Built target px4
[2.977s] [ 89%] Built target px4__py
[3.152s] [100%] Built target px4__rosidl_generator_py
[3.194s] [100%] Built target px4_s__rosidl_typesupport_fastrtps_c
[3.239s] [100%] Built target px4_s__rosidl_typesupport_c
[3.282s] [100%] Built target px4_s__rosidl_typesupport_introspection_c
[3.299s] Invoked command in '/repo/ws/build/px4' returned '0': CMAKE_PREFIX_PATH=${CMAKE_PREFIX_PATH}:/opt/ros/jazzy /usr/bin/cmake --build /repo/ws/build/px4 -- -j4 -l4
[3.301s] Invoking command in '/repo/ws/build/px4': CMAKE_PREFIX_PATH=${CMAKE_PREFIX_PATH}:/opt/ros/jazzy /usr/bin/cmake --install /repo/ws/build/px4
[3.313s] -- Install configuration: "RelWithDebInfo"
[3.316s] -- Execute custom install script
[3.316s] -- Up-to-date symlink: /repo/ws/install/lib/cmake/GTest/GTestConfigVersion.cmake
[3.317s] -- Up-to-date symlink: /repo/ws/install/lib/cmake/GTest/GTestConfig.cmake
[3.318s] -- Up-to-date symlink: /repo/ws/install/include/gtest/gtest-assertion-result.h
[3.318s] -- Up-to-date symlink: /repo/ws/install/include/gtest/gtest-death-test.h
[3.318s] -- Up-to-date symlink: /repo/ws/install/include/gtest/gtest-matchers.h
[3.318s] -- Up-to-date symlink: /repo/ws/install/include/gtest/gtest-message.h
[3.318s] -- Up-to-date symlink: /repo/ws/install/include/gtest/gtest-param-test.h
[3.318s] -- Up-to-date symlink: /repo/ws/install/include/gtest/gtest-printers.h
[3.318s] -- Up-to-date symlink: /repo/ws/install/include/gtest/gtest-spi.h
[3.319s] -- Up-to-date symlink: /repo/ws/install/include/gtest/gtest-test-part.h
[3.320s] -- Up-to-date symlink: /repo/ws/install/include/gtest/gtest-typed-test.h
[3.320s] -- Up-to-date symlink: /repo/ws/install/include/gtest/gtest.h
[3.320s] -- Up-to-date symlink: /repo/ws/install/include/gtest/gtest_pred_impl.h
[3.321s] -- Up-to-date symlink: /repo/ws/install/include/gtest/gtest_prod.h
[3.321s] -- Up-to-date symlink: /repo/ws/install/include/gtest/internal/custom/README.md
[3.321s] -- Up-to-date symlink: /repo/ws/install/include/gtest/internal/custom/gtest-port.h
[3.321s] -- Up-to-date symlink: /repo/ws/install/include/gtest/internal/custom/gtest-printers.h
[3.321s] -- Up-to-date symlink: /repo/ws/install/include/gtest/internal/custom/gtest.h
[3.321s] -- Up-to-date symlink: /repo/ws/install/include/gtest/internal/gtest-death-test-internal.h
[3.322s] -- Up-to-date symlink: /repo/ws/install/include/gtest/internal/gtest-filepath.h
[3.322s] -- Up-to-date symlink: /repo/ws/install/include/gtest/internal/gtest-internal.h
[3.322s] -- Up-to-date symlink: /repo/ws/install/include/gtest/internal/gtest-param-util.h
[3.322s] -- Up-to-date symlink: /repo/ws/install/include/gtest/internal/gtest-port-arch.h
[3.322s] -- Up-to-date symlink: /repo/ws/install/include/gtest/internal/gtest-port.h
[3.322s] -- Up-to-date symlink: /repo/ws/install/include/gtest/internal/gtest-string.h
[3.322s] -- Up-to-date symlink: /repo/ws/install/include/gtest/internal/gtest-type-util.h
[3.325s] -- Up-to-date symlink: /repo/ws/install/lib/pkgconfig/gtest.pc
[3.327s] -- Up-to-date symlink: /repo/ws/install/lib/pkgconfig/gtest_main.pc
[3.327s] -- Up-to-date symlink: /repo/ws/install/include/gmock/gmock-actions.h
[3.328s] -- Up-to-date symlink: /repo/ws/install/include/gmock/gmock-cardinalities.h
[3.328s] -- Up-to-date symlink: /repo/ws/install/include/gmock/gmock-function-mocker.h
[3.328s] -- Up-to-date symlink: /repo/ws/install/include/gmock/gmock-matchers.h
[3.328s] -- Up-to-date symlink: /repo/ws/install/include/gmock/gmock-more-actions.h
[3.329s] -- Up-to-date symlink: /repo/ws/install/include/gmock/gmock-more-matchers.h
[3.329s] -- Up-to-date symlink: /repo/ws/install/include/gmock/gmock-nice-strict.h
[3.329s] -- Up-to-date symlink: /repo/ws/install/include/gmock/gmock-spec-builders.h
[3.329s] -- Up-to-date symlink: /repo/ws/install/include/gmock/gmock.h
[3.330s] -- Up-to-date symlink: /repo/ws/install/include/gmock/internal/custom/README.md
[3.330s] -- Up-to-date symlink: /repo/ws/install/include/gmock/internal/custom/gmock-generated-actions.h
[3.330s] -- Up-to-date symlink: /repo/ws/install/include/gmock/internal/custom/gmock-matchers.h
[3.330s] -- Up-to-date symlink: /repo/ws/install/include/gmock/internal/custom/gmock-port.h
[3.330s] -- Up-to-date symlink: /repo/ws/install/include/gmock/internal/gmock-internal-utils.h
[3.330s] -- Up-to-date symlink: /repo/ws/install/include/gmock/internal/gmock-port.h
[3.330s] -- Up-to-date symlink: /repo/ws/install/include/gmock/internal/gmock-pp.h
[3.330s] -- Up-to-date symlink: /repo/ws/install/lib/pkgconfig/gmock.pc
[3.330s] -- Up-to-date symlink: /repo/ws/install/lib/pkgconfig/gmock_main.pc
[3.330s] -- Up-to-date symlink: /repo/ws/install/share/ament_index/resource_index/rosidl_interfaces/px4
[3.330s] -- Up-to-date symlink: /repo/ws/install/share/px4/msg/AckermannVelocitySetpoint.json
[3.331s] -- Up-to-date symlink: /repo/ws/install/share/px4/msg/ActionRequest.json
[3.331s] -- Up-to-date symlink: /repo/ws/install/share/px4/msg/ActuatorArmed.json
[3.331s] -- Up-to-date symlink: /repo/ws/install/share/px4/msg/ActuatorControlsStatus.json
[3.331s] -- Up-to-date symlink: /repo/ws/install/share/px4/msg/ActuatorOutputs.json
[3.331s] -- Up-to-date symlink: /repo/ws/install/share/px4/msg/ActuatorServosTrim.json
[3.333s] -- Up-to-date symlink: /repo/ws/install/share/px4/msg/ActuatorTest.json
[3.333s] -- Up-to-date symlink: /repo/ws/install/share/px4/msg/AdcReport.json
[3.333s] -- Up-to-date symlink: /repo/ws/install/share/px4/msg/Airspeed.json
[3.333s] -- Up-to-date symlink: /repo/ws/install/share/px4/msg/AirspeedWind.json
[3.333s] -- Up-to-date symlink: /repo/ws/install/share/px4/msg/AutotuneAttitudeControlStatus.json
[3.333s] -- Up-to-date symlink: /repo/ws/install/share/px4/msg/ButtonEvent.json
[3.333s] -- Up-to-date symlink: /repo/ws/install/share/px4/msg/CameraCapture.json
[3.334s] -- Up-to-date symlink: /repo/ws/install/share/px4/msg/CameraStatus.json
[3.334s] -- Up-to-date symlink: /repo/ws/install/share/px4/msg/CameraTrigger.json
[3.334s] -- Up-to-date symlink: /repo/ws/install/share/px4/msg/CanInterfaceStatus.json
[3.334s] -- Up-to-date symlink: /repo/ws/install/share/px4/msg/CellularStatus.json
[3.334s] -- Up-to-date symlink: /repo/ws/install/share/px4/msg/CollisionConstraints.json
[3.334s] -- Up-to-date symlink: /repo/ws/install/share/px4/msg/ControlAllocatorStatus.json
[3.334s] -- Up-to-date symlink: /repo/ws/install/share/px4/msg/Cpuload.json
[3.335s] -- Up-to-date symlink: /repo/ws/install/share/px4/msg/DatamanRequest.json
[3.335s] -- Up-to-date symlink: /repo/ws/install/share/px4/msg/DatamanResponse.json
[3.336s] -- Up-to-date symlink: /repo/ws/install/share/px4/msg/DebugArray.json
[3.336s] -- Up-to-date symlink: /repo/ws/install/share/px4/msg/DebugKeyValue.json
[3.337s] -- Up-to-date symlink: /repo/ws/install/share/px4/msg/DebugValue.json
[3.337s] -- Up-to-date symlink: /repo/ws/install/share/px4/msg/DebugVect.json
[3.337s] -- Up-to-date symlink: /repo/ws/install/share/px4/msg/DifferentialPressure.json
[3.338s] -- Up-to-date symlink: /repo/ws/install/share/px4/msg/DifferentialVelocitySetpoint.json
[3.338s] -- Up-to-date symlink: /repo/ws/install/share/px4/msg/DistanceSensor.json
[3.339s] -- Up-to-date symlink: /repo/ws/install/share/px4/msg/DistanceSensorModeChangeRequest.json
[3.339s] -- Up-to-date symlink: /repo/ws/install/share/px4/msg/Ekf2Timestamps.json
[3.340s] -- Up-to-date symlink: /repo/ws/install/share/px4/msg/EscReport.json
[3.340s] -- Up-to-date symlink: /repo/ws/install/share/px4/msg/EscStatus.json
[3.340s] -- Up-to-date symlink: /repo/ws/install/share/px4/msg/EstimatorAidSource1d.json
[3.341s] -- Up-to-date symlink: /repo/ws/install/share/px4/msg/EstimatorAidSource2d.json
[3.342s] -- Up-to-date symlink: /repo/ws/install/share/px4/msg/EstimatorAidSource3d.json
[3.342s] -- Up-to-date symlink: /repo/ws/install/share/px4/msg/EstimatorBias.json
[3.342s] -- Up-to-date symlink: /repo/ws/install/share/px4/msg/EstimatorBias3d.json
[3.343s] -- Up-to-date symlink: /repo/ws/install/share/px4/msg/EstimatorEventFlags.json
[3.343s] -- Up-to-date symlink: /repo/ws/install/share/px4/msg/EstimatorGpsStatus.json
[3.344s] -- Up-to-date symlink: /repo/ws/install/share/px4/msg/EstimatorInnovations.json
[3.344s] -- Up-to-date symlink: /repo/ws/install/share/px4/msg/EstimatorSelectorStatus.json
[3.345s] -- Up-to-date symlink: /repo/ws/install/share/px4/msg/EstimatorSensorBias.json
[3.345s] -- Up-to-date symlink: /repo/ws/install/share/px4/msg/EstimatorStates.json
[3.346s] -- Up-to-date symlink: /repo/ws/install/share/px4/msg/EstimatorStatus.json
[3.346s] -- Up-to-date symlink: /repo/ws/install/share/px4/msg/EstimatorStatusFlags.json
[3.346s] -- Up-to-date symlink: /repo/ws/install/share/px4/msg/Event.json
[3.347s] -- Up-to-date symlink: /repo/ws/install/share/px4/msg/FailsafeFlags.json
[3.347s] -- Up-to-date symlink: /repo/ws/install/share/px4/msg/FailureDetectorStatus.json
[3.348s] -- Up-to-date symlink: /repo/ws/install/share/px4/msg/FigureEightStatus.json
[3.348s] -- Up-to-date symlink: /repo/ws/install/share/px4/msg/FlightPhaseEstimation.json
[3.349s] -- Up-to-date symlink: /repo/ws/install/share/px4/msg/FollowTarget.json
[3.349s] -- Up-to-date symlink: /repo/ws/install/share/px4/msg/FollowTargetEstimator.json
[3.349s] -- Up-to-date symlink: /repo/ws/install/share/px4/msg/FollowTargetStatus.json
[3.350s] -- Up-to-date symlink: /repo/ws/install/share/px4/msg/FuelTankStatus.json
[3.350s] -- Up-to-date symlink: /repo/ws/install/share/px4/msg/GeneratorStatus.json
[3.351s] -- Up-to-date symlink: /repo/ws/install/share/px4/msg/GeofenceResult.json
[3.351s] -- Up-to-date symlink: /repo/ws/install/share/px4/msg/GeofenceStatus.json
[3.351s] -- Up-to-date symlink: /repo/ws/install/share/px4/msg/GimbalControls.json
[3.352s] -- Up-to-date symlink: /repo/ws/install/share/px4/msg/GimbalDeviceAttitudeStatus.json
[3.352s] -- Up-to-date symlink: /repo/ws/install/share/px4/msg/GimbalDeviceInformation.json
[3.353s] -- Up-to-date symlink: /repo/ws/install/share/px4/msg/GimbalDeviceSetAttitude.json
[3.353s] -- Up-to-date symlink: /repo/ws/install/share/px4/msg/GimbalManagerInformation.json
[3.354s] -- Up-to-date symlink: /repo/ws/install/share/px4/msg/GimbalManagerSetAttitude.json
[3.354s] -- Up-to-date symlink: /repo/ws/install/share/px4/msg/GimbalManagerSetManualControl.json
[3.355s] -- Up-to-date symlink: /repo/ws/install/share/px4/msg/GimbalManagerStatus.json
[3.355s] -- Up-to-date symlink: /repo/ws/install/share/px4/msg/GpioConfig.json
[3.355s] -- Up-to-date symlink: /repo/ws/install/share/px4/msg/GpioIn.json
[3.356s] -- Up-to-date symlink: /repo/ws/install/share/px4/msg/GpioOut.json
[3.356s] -- Up-to-date symlink: /repo/ws/install/share/px4/msg/GpioRequest.json
[3.357s] -- Up-to-date symlink: /repo/ws/install/share/px4/msg/GpsDump.json
[3.357s] -- Up-to-date symlink: /repo/ws/install/share/px4/msg/GpsInjectData.json
[3.357s] -- Up-to-date symlink: /repo/ws/install/share/px4/msg/Gripper.json
[3.358s] -- Up-to-date symlink: /repo/ws/install/share/px4/msg/HealthReport.json
[3.358s] -- Up-to-date symlink: /repo/ws/install/share/px4/msg/HeaterStatus.json
[3.359s] -- Up-to-date symlink: /repo/ws/install/share/px4/msg/HoverThrustEstimate.json
[3.359s] -- Up-to-date symlink: /repo/ws/install/share/px4/msg/InputRc.json
[3.360s] -- Up-to-date symlink: /repo/ws/install/share/px4/msg/InternalCombustionEngineControl.json
[3.360s] -- Up-to-date symlink: /repo/ws/install/share/px4/msg/InternalCombustionEngineStatus.json
[3.361s] -- Up-to-date symlink: /repo/ws/install/share/px4/msg/IridiumsbdStatus.json
[3.362s] -- Up-to-date symlink: /repo/ws/install/share/px4/msg/IrlockReport.json
[3.363s] -- Up-to-date symlink: /repo/ws/install/share/px4/msg/LandingGear.json
[3.363s] -- Up-to-date symlink: /repo/ws/install/share/px4/msg/LandingGearWheel.json
[3.364s] -- Up-to-date symlink: /repo/ws/install/share/px4/msg/LandingTargetInnovations.json
[3.365s] -- Up-to-date symlink: /repo/ws/install/share/px4/msg/LandingTargetPose.json
[3.365s] -- Up-to-date symlink: /repo/ws/install/share/px4/msg/LaunchDetectionStatus.json
[3.365s] -- Up-to-date symlink: /repo/ws/install/share/px4/msg/LedControl.json
[3.366s] -- Up-to-date symlink: /repo/ws/install/share/px4/msg/LogMessage.json
[3.366s] -- Up-to-date symlink: /repo/ws/install/share/px4/msg/LoggerStatus.json
[3.366s] -- Up-to-date symlink: /repo/ws/install/share/px4/msg/MagWorkerData.json
[3.367s] -- Up-to-date symlink: /repo/ws/install/share/px4/msg/MagnetometerBiasEstimate.json
[3.367s] -- Up-to-date symlink: /repo/ws/install/share/px4/msg/ManualControlSwitches.json
[3.368s] -- Up-to-date symlink: /repo/ws/install/share/px4/msg/MavlinkLog.json
[3.368s] -- Up-to-date symlink: /repo/ws/install/share/px4/msg/MavlinkTunnel.json
[3.369s] -- Up-to-date symlink: /repo/ws/install/share/px4/msg/MessageFormatRequest.json
[3.369s] -- Up-to-date symlink: /repo/ws/install/share/px4/msg/MessageFormatResponse.json
[3.369s] -- Up-to-date symlink: /repo/ws/install/share/px4/msg/Mission.json
[3.370s] -- Up-to-date symlink: /repo/ws/install/share/px4/msg/MissionResult.json
[3.371s] -- Up-to-date symlink: /repo/ws/install/share/px4/msg/MountOrientation.json
[3.371s] -- Up-to-date symlink: /repo/ws/install/share/px4/msg/NavigatorMissionItem.json
[3.371s] -- Up-to-date symlink: /repo/ws/install/share/px4/msg/NavigatorStatus.json
[3.371s] -- Up-to-date symlink: /repo/ws/install/share/px4/msg/NormalizedUnsignedSetpoint.json
[3.371s] -- Up-to-date symlink: /repo/ws/install/share/px4/msg/NpfgStatus.json
[3.372s] -- Up-to-date symlink: /repo/ws/install/share/px4/msg/ObstacleDistance.json
[3.372s] -- Up-to-date symlink: /repo/ws/install/share/px4/msg/OffboardControlMode.json
[3.372s] -- Up-to-date symlink: /repo/ws/install/share/px4/msg/OnboardComputerStatus.json
[3.372s] -- Up-to-date symlink: /repo/ws/install/share/px4/msg/OpenDroneIdArmStatus.json
[3.372s] -- Up-to-date symlink: /repo/ws/install/share/px4/msg/OpenDroneIdOperatorId.json
[3.372s] -- Up-to-date symlink: /repo/ws/install/share/px4/msg/OpenDroneIdSelfId.json
[3.373s] -- Up-to-date symlink: /repo/ws/install/share/px4/msg/OpenDroneIdSystem.json
[3.373s] -- Up-to-date symlink: /repo/ws/install/share/px4/msg/OrbTest.json
[3.374s] -- Up-to-date symlink: /repo/ws/install/share/px4/msg/OrbTestLarge.json
[3.374s] -- Up-to-date symlink: /repo/ws/install/share/px4/msg/OrbTestMedium.json
[3.374s] -- Up-to-date symlink: /repo/ws/install/share/px4/msg/OrbitStatus.json
[3.374s] -- Up-to-date symlink: /repo/ws/install/share/px4/msg/ParameterResetRequest.json
[3.376s] -- Up-to-date symlink: /repo/ws/install/share/px4/msg/ParameterSetUsedRequest.json
[3.376s] -- Up-to-date symlink: /repo/ws/install/share/px4/msg/ParameterSetValueRequest.json
[3.376s] -- Up-to-date symlink: /repo/ws/install/share/px4/msg/ParameterSetValueResponse.json
[3.376s] -- Up-to-date symlink: /repo/ws/install/share/px4/msg/ParameterUpdate.json
[3.376s] -- Up-to-date symlink: /repo/ws/install/share/px4/msg/Ping.json
[3.376s] -- Up-to-date symlink: /repo/ws/install/share/px4/msg/PositionControllerLandingStatus.json
[3.376s] -- Up-to-date symlink: /repo/ws/install/share/px4/msg/PositionControllerStatus.json
[3.377s] -- Up-to-date symlink: /repo/ws/install/share/px4/msg/PositionSetpoint.json
[3.377s] -- Up-to-date symlink: /repo/ws/install/share/px4/msg/PositionSetpointTriplet.json
[3.377s] -- Up-to-date symlink: /repo/ws/install/share/px4/msg/PowerButtonState.json
[3.377s] -- Up-to-date symlink: /repo/ws/install/share/px4/msg/PowerMonitor.json
[3.377s] -- Up-to-date symlink: /repo/ws/install/share/px4/msg/PpsCapture.json
[3.378s] -- Up-to-date symlink: /repo/ws/install/share/px4/msg/PurePursuitStatus.json
[3.378s] -- Up-to-date symlink: /repo/ws/install/share/px4/msg/PwmInput.json
[3.378s] -- Up-to-date symlink: /repo/ws/install/share/px4/msg/Px4ioStatus.json
[3.378s] -- Up-to-date symlink: /repo/ws/install/share/px4/msg/QshellReq.json
[3.378s] -- Up-to-date symlink: /repo/ws/install/share/px4/msg/QshellRetval.json
[3.379s] -- Up-to-date symlink: /repo/ws/install/share/px4/msg/RadioStatus.json
[3.379s] -- Up-to-date symlink: /repo/ws/install/share/px4/msg/RateCtrlStatus.json
[3.379s] -- Up-to-date symlink: /repo/ws/install/share/px4/msg/RcChannels.json
[3.379s] -- Up-to-date symlink: /repo/ws/install/share/px4/msg/RcParameterMap.json
[3.379s] -- Up-to-date symlink: /repo/ws/install/share/px4/msg/RoverAttitudeSetpoint.json
[3.379s] -- Up-to-date symlink: /repo/ws/install/share/px4/msg/RoverAttitudeStatus.json
[3.379s] -- Up-to-date symlink: /repo/ws/install/share/px4/msg/RoverPositionSetpoint.json
[3.380s] -- Up-to-date symlink: /repo/ws/install/share/px4/msg/RoverRateSetpoint.json
[3.380s] -- Up-to-date symlink: /repo/ws/install/share/px4/msg/RoverRateStatus.json
[3.380s] -- Up-to-date symlink: /repo/ws/install/share/px4/msg/RoverSteeringSetpoint.json
[3.380s] -- Up-to-date symlink: /repo/ws/install/share/px4/msg/RoverThrottleSetpoint.json
[3.380s] -- Up-to-date symlink: /repo/ws/install/share/px4/msg/RoverVelocityStatus.json
[3.381s] -- Up-to-date symlink: /repo/ws/install/share/px4/msg/Rpm.json
[3.381s] -- Up-to-date symlink: /repo/ws/install/share/px4/msg/RtlStatus.json
[3.381s] -- Up-to-date symlink: /repo/ws/install/share/px4/msg/RtlTimeEstimate.json
[3.381s] -- Up-to-date symlink: /repo/ws/install/share/px4/msg/SatelliteInfo.json
[3.381s] -- Up-to-date symlink: /repo/ws/install/share/px4/msg/SensorAccel.json
[3.382s] -- Up-to-date symlink: /repo/ws/install/share/px4/msg/SensorAccelFifo.json
[3.382s] -- Up-to-date symlink: /repo/ws/install/share/px4/msg/SensorAirflow.json
[3.382s] -- Up-to-date symlink: /repo/ws/install/share/px4/msg/SensorBaro.json
[3.382s] -- Up-to-date symlink: /repo/ws/install/share/px4/msg/SensorCombined.json
[3.382s] -- Up-to-date symlink: /repo/ws/install/share/px4/msg/SensorCorrection.json
[3.383s] -- Up-to-date symlink: /repo/ws/install/share/px4/msg/SensorGnssRelative.json
[3.383s] -- Up-to-date symlink: /repo/ws/install/share/px4/msg/SensorGps.json
[3.383s] -- Up-to-date symlink: /repo/ws/install/share/px4/msg/SensorGyro.json
[3.383s] -- Up-to-date symlink: /repo/ws/install/share/px4/msg/SensorGyroFft.json
[3.383s] -- Up-to-date symlink: /repo/ws/install/share/px4/msg/SensorGyroFifo.json
[3.384s] -- Up-to-date symlink: /repo/ws/install/share/px4/msg/SensorHygrometer.json
[3.384s] -- Up-to-date symlink: /repo/ws/install/share/px4/msg/SensorMag.json
[3.384s] -- Up-to-date symlink: /repo/ws/install/share/px4/msg/SensorOpticalFlow.json
[3.384s] -- Up-to-date symlink: /repo/ws/install/share/px4/msg/SensorPreflightMag.json
[3.384s] -- Up-to-date symlink: /repo/ws/install/share/px4/msg/SensorSelection.json
[3.385s] -- Up-to-date symlink: /repo/ws/install/share/px4/msg/SensorUwb.json
[3.385s] -- Up-to-date symlink: /repo/ws/install/share/px4/msg/SensorsStatus.json
[3.385s] -- Up-to-date symlink: /repo/ws/install/share/px4/msg/SensorsStatusImu.json
[3.385s] -- Up-to-date symlink: /repo/ws/install/share/px4/msg/SystemPower.json
[3.385s] -- Up-to-date symlink: /repo/ws/install/share/px4/msg/TakeoffStatus.json
[3.386s] -- Up-to-date symlink: /repo/ws/install/share/px4/msg/TaskStackInfo.json
[3.386s] -- Up-to-date symlink: /repo/ws/install/share/px4/msg/TecsStatus.json
[3.386s] -- Up-to-date symlink: /repo/ws/install/share/px4/msg/TelemetryStatus.json
[3.386s] -- Up-to-date symlink: /repo/ws/install/share/px4/msg/TiltrotorExtraControls.json
[3.387s] -- Up-to-date symlink: /repo/ws/install/share/px4/msg/TimesyncStatus.json
[3.387s] -- Up-to-date symlink: /repo/ws/install/share/px4/msg/TrajectorySetpoint6dof.json
[3.387s] -- Up-to-date symlink: /repo/ws/install/share/px4/msg/TransponderReport.json
[3.387s] -- Up-to-date symlink: /repo/ws/install/share/px4/msg/TuneControl.json
[3.387s] -- Up-to-date symlink: /repo/ws/install/share/px4/msg/UavcanParameterRequest.json
[3.388s] -- Up-to-date symlink: /repo/ws/install/share/px4/msg/UavcanParameterValue.json
[3.388s] -- Up-to-date symlink: /repo/ws/install/share/px4/msg/UlogStream.json
[3.388s] -- Up-to-date symlink: /repo/ws/install/share/px4/msg/UlogStreamAck.json
[3.388s] -- Up-to-date symlink: /repo/ws/install/share/px4/msg/VehicleAcceleration.json
[3.388s] -- Up-to-date symlink: /repo/ws/install/share/px4/msg/VehicleAirData.json
[3.389s] -- Up-to-date symlink: /repo/ws/install/share/px4/msg/VehicleAngularAccelerationSetpoint.json
[3.389s] -- Up-to-date symlink: /repo/ws/install/share/px4/msg/VehicleConstraints.json
[3.389s] -- Up-to-date symlink: /repo/ws/install/share/px4/msg/VehicleImu.json
[3.389s] -- Up-to-date symlink: /repo/ws/install/share/px4/msg/VehicleImuStatus.json
[3.389s] -- Up-to-date symlink: /repo/ws/install/share/px4/msg/VehicleLocalPositionSetpoint.json
[3.390s] -- Up-to-date symlink: /repo/ws/install/share/px4/msg/VehicleMagnetometer.json
[3.390s] -- Up-to-date symlink: /repo/ws/install/share/px4/msg/VehicleOpticalFlow.json
[3.390s] -- Up-to-date symlink: /repo/ws/install/share/px4/msg/VehicleOpticalFlowVel.json
[3.390s] -- Up-to-date symlink: /repo/ws/install/share/px4/msg/VehicleRoi.json
[3.390s] -- Up-to-date symlink: /repo/ws/install/share/px4/msg/VehicleThrustSetpoint.json
[3.391s] -- Up-to-date symlink: /repo/ws/install/share/px4/msg/VehicleTorqueSetpoint.json
[3.391s] -- Up-to-date symlink: /repo/ws/install/share/px4/msg/VelocityLimits.json
[3.391s] -- Up-to-date symlink: /repo/ws/install/share/px4/msg/WheelEncoders.json
[3.391s] -- Up-to-date symlink: /repo/ws/install/share/px4/msg/Wind.json
[3.391s] -- Up-to-date symlink: /repo/ws/install/share/px4/msg/YawEstimatorStatus.json
[3.392s] -- Up-to-date symlink: /repo/ws/install/share/px4/msg/ActuatorMotors.json
[3.392s] -- Up-to-date symlink: /repo/ws/install/share/px4/msg/ActuatorServos.json
[3.392s] -- Up-to-date symlink: /repo/ws/install/share/px4/msg/AirspeedValidated.json
[3.392s] -- Up-to-date symlink: /repo/ws/install/share/px4/msg/ArmingCheckReply.json
[3.392s] -- Up-to-date symlink: /repo/ws/install/share/px4/msg/ArmingCheckRequest.json
[3.393s] -- Up-to-date symlink: /repo/ws/install/share/px4/msg/BatteryStatus.json
[3.393s] -- Up-to-date symlink: /repo/ws/install/share/px4/msg/ConfigOverrides.json
[3.393s] -- Up-to-date symlink: /repo/ws/install/share/px4/msg/GotoSetpoint.json
[3.393s] -- Up-to-date symlink: /repo/ws/install/share/px4/msg/HomePosition.json
[3.393s] -- Up-to-date symlink: /repo/ws/install/share/px4/msg/ManualControlSetpoint.json
[3.394s] -- Up-to-date symlink: /repo/ws/install/share/px4/msg/ModeCompleted.json
[3.394s] -- Up-to-date symlink: /repo/ws/install/share/px4/msg/RegisterExtComponentReply.json
[3.394s] -- Up-to-date symlink: /repo/ws/install/share/px4/msg/RegisterExtComponentRequest.json
[3.394s] -- Up-to-date symlink: /repo/ws/install/share/px4/msg/TrajectorySetpoint.json
[3.395s] -- Up-to-date symlink: /repo/ws/install/share/px4/msg/UnregisterExtComponent.json
[3.395s] -- Up-to-date symlink: /repo/ws/install/share/px4/msg/VehicleAngularVelocity.json
[3.395s] -- Up-to-date symlink: /repo/ws/install/share/px4/msg/VehicleAttitude.json
[3.395s] -- Up-to-date symlink: /repo/ws/install/share/px4/msg/VehicleAttitudeSetpoint.json
[3.395s] -- Up-to-date symlink: /repo/ws/install/share/px4/msg/VehicleCommand.json
[3.396s] -- Up-to-date symlink: /repo/ws/install/share/px4/msg/VehicleCommandAck.json
[3.396s] -- Up-to-date symlink: /repo/ws/install/share/px4/msg/VehicleControlMode.json
[3.396s] -- Up-to-date symlink: /repo/ws/install/share/px4/msg/VehicleGlobalPosition.json
[3.396s] -- Up-to-date symlink: /repo/ws/install/share/px4/msg/VehicleLandDetected.json
[3.396s] -- Up-to-date symlink: /repo/ws/install/share/px4/msg/VehicleLocalPosition.json
[3.397s] -- Up-to-date symlink: /repo/ws/install/share/px4/msg/VehicleOdometry.json
[3.397s] -- Up-to-date symlink: /repo/ws/install/share/px4/msg/VehicleRatesSetpoint.json
[3.397s] -- Up-to-date symlink: /repo/ws/install/share/px4/msg/VehicleStatus.json
[3.397s] -- Up-to-date symlink: /repo/ws/install/share/px4/msg/VtolVehicleStatus.json
[3.417s] -- Up-to-date symlink: /repo/ws/install/include/px4/px4/msg/ackermann_velocity_setpoint.h
[3.417s] -- Up-to-date symlink: /repo/ws/install/include/px4/px4/msg/action_request.h
[3.417s] -- Up-to-date symlink: /repo/ws/install/include/px4/px4/msg/actuator_armed.h
[3.417s] -- Up-to-date symlink: /repo/ws/install/include/px4/px4/msg/actuator_controls_status.h
[3.417s] -- Up-to-date symlink: /repo/ws/install/include/px4/px4/msg/actuator_motors.h
[3.418s] -- Up-to-date symlink: /repo/ws/install/include/px4/px4/msg/actuator_outputs.h
[3.418s] -- Up-to-date symlink: /repo/ws/install/include/px4/px4/msg/actuator_servos.h
[3.418s] -- Up-to-date symlink: /repo/ws/install/include/px4/px4/msg/actuator_servos_trim.h
[3.418s] -- Up-to-date symlink: /repo/ws/install/include/px4/px4/msg/actuator_test.h
[3.418s] -- Up-to-date symlink: /repo/ws/install/include/px4/px4/msg/adc_report.h
[3.418s] -- Up-to-date symlink: /repo/ws/install/include/px4/px4/msg/airspeed.h
[3.419s] -- Up-to-date symlink: /repo/ws/install/include/px4/px4/msg/airspeed_validated.h
[3.419s] -- Up-to-date symlink: /repo/ws/install/include/px4/px4/msg/airspeed_wind.h
[3.419s] -- Up-to-date symlink: /repo/ws/install/include/px4/px4/msg/arming_check_reply.h
[3.419s] -- Up-to-date symlink: /repo/ws/install/include/px4/px4/msg/arming_check_request.h
[3.419s] -- Up-to-date symlink: /repo/ws/install/include/px4/px4/msg/autotune_attitude_control_status.h
[3.419s] -- Up-to-date symlink: /repo/ws/install/include/px4/px4/msg/battery_status.h
[3.419s] -- Up-to-date symlink: /repo/ws/install/include/px4/px4/msg/button_event.h
[3.420s] -- Up-to-date symlink: /repo/ws/install/include/px4/px4/msg/camera_capture.h
[3.420s] -- Up-to-date symlink: /repo/ws/install/include/px4/px4/msg/camera_status.h
[3.420s] -- Up-to-date symlink: /repo/ws/install/include/px4/px4/msg/camera_trigger.h
[3.420s] -- Up-to-date symlink: /repo/ws/install/include/px4/px4/msg/can_interface_status.h
[3.420s] -- Up-to-date symlink: /repo/ws/install/include/px4/px4/msg/cellular_status.h
[3.420s] -- Up-to-date symlink: /repo/ws/install/include/px4/px4/msg/collision_constraints.h
[3.421s] -- Up-to-date symlink: /repo/ws/install/include/px4/px4/msg/config_overrides.h
[3.421s] -- Up-to-date symlink: /repo/ws/install/include/px4/px4/msg/control_allocator_status.h
[3.421s] -- Up-to-date symlink: /repo/ws/install/include/px4/px4/msg/cpuload.h
[3.421s] -- Up-to-date symlink: /repo/ws/install/include/px4/px4/msg/dataman_request.h
[3.421s] -- Up-to-date symlink: /repo/ws/install/include/px4/px4/msg/dataman_response.h
[3.421s] -- Up-to-date symlink: /repo/ws/install/include/px4/px4/msg/debug_array.h
[3.421s] -- Up-to-date symlink: /repo/ws/install/include/px4/px4/msg/debug_key_value.h
[3.422s] -- Up-to-date symlink: /repo/ws/install/include/px4/px4/msg/debug_value.h
[3.422s] -- Up-to-date symlink: /repo/ws/install/include/px4/px4/msg/debug_vect.h
[3.422s] -- Up-to-date symlink: /repo/ws/install/include/px4/px4/msg/detail/ackermann_velocity_setpoint__functions.h
[3.422s] -- Up-to-date symlink: /repo/ws/install/include/px4/px4/msg/detail/ackermann_velocity_setpoint__struct.h
[3.422s] -- Up-to-date symlink: /repo/ws/install/include/px4/px4/msg/detail/ackermann_velocity_setpoint__type_support.h
[3.422s] -- Up-to-date symlink: /repo/ws/install/include/px4/px4/msg/detail/action_request__functions.h
[3.423s] -- Up-to-date symlink: /repo/ws/install/include/px4/px4/msg/detail/action_request__struct.h
[3.423s] -- Up-to-date symlink: /repo/ws/install/include/px4/px4/msg/detail/action_request__type_support.h
[3.423s] -- Up-to-date symlink: /repo/ws/install/include/px4/px4/msg/detail/actuator_armed__functions.h
[3.423s] -- Up-to-date symlink: /repo/ws/install/include/px4/px4/msg/detail/actuator_armed__struct.h
[3.423s] -- Up-to-date symlink: /repo/ws/install/include/px4/px4/msg/detail/actuator_armed__type_support.h
[3.423s] -- Up-to-date symlink: /repo/ws/install/include/px4/px4/msg/detail/actuator_controls_status__functions.h
[3.424s] -- Up-to-date symlink: /repo/ws/install/include/px4/px4/msg/detail/actuator_controls_status__struct.h
[3.424s] -- Up-to-date symlink: /repo/ws/install/include/px4/px4/msg/detail/actuator_controls_status__type_support.h
[3.424s] -- Up-to-date symlink: /repo/ws/install/include/px4/px4/msg/detail/actuator_motors__functions.h
[3.425s] -- Up-to-date symlink: /repo/ws/install/include/px4/px4/msg/detail/actuator_motors__struct.h
[3.425s] -- Up-to-date symlink: /repo/ws/install/include/px4/px4/msg/detail/actuator_motors__type_support.h
[3.426s] -- Up-to-date symlink: /repo/ws/install/include/px4/px4/msg/detail/actuator_outputs__functions.h
[3.426s] -- Up-to-date symlink: /repo/ws/install/include/px4/px4/msg/detail/actuator_outputs__struct.h
[3.426s] -- Up-to-date symlink: /repo/ws/install/include/px4/px4/msg/detail/actuator_outputs__type_support.h
[3.426s] -- Up-to-date symlink: /repo/ws/install/include/px4/px4/msg/detail/actuator_servos__functions.h
[3.427s] -- Up-to-date symlink: /repo/ws/install/include/px4/px4/msg/detail/actuator_servos__struct.h
[3.427s] -- Up-to-date symlink: /repo/ws/install/include/px4/px4/msg/detail/actuator_servos__type_support.h
[3.427s] -- Up-to-date symlink: /repo/ws/install/include/px4/px4/msg/detail/actuator_servos_trim__functions.h
[3.427s] -- Up-to-date symlink: /repo/ws/install/include/px4/px4/msg/detail/actuator_servos_trim__struct.h
[3.427s] -- Up-to-date symlink: /repo/ws/install/include/px4/px4/msg/detail/actuator_servos_trim__type_support.h
[3.427s] -- Up-to-date symlink: /repo/ws/install/include/px4/px4/msg/detail/actuator_test__functions.h
[3.427s] -- Up-to-date symlink: /repo/ws/install/include/px4/px4/msg/detail/actuator_test__struct.h
[3.427s] -- Up-to-date symlink: /repo/ws/install/include/px4/px4/msg/detail/actuator_test__type_support.h
[3.427s] -- Up-to-date symlink: /repo/ws/install/include/px4/px4/msg/detail/adc_report__functions.h
[3.428s] -- Up-to-date symlink: /repo/ws/install/include/px4/px4/msg/detail/adc_report__struct.h
[3.428s] -- Up-to-date symlink: /repo/ws/install/include/px4/px4/msg/detail/adc_report__type_support.h
[3.428s] -- Up-to-date symlink: /repo/ws/install/include/px4/px4/msg/detail/airspeed__functions.h
[3.428s] -- Up-to-date symlink: /repo/ws/install/include/px4/px4/msg/detail/airspeed__struct.h
[3.428s] -- Up-to-date symlink: /repo/ws/install/include/px4/px4/msg/detail/airspeed__type_support.h
[3.428s] -- Up-to-date symlink: /repo/ws/install/include/px4/px4/msg/detail/airspeed_validated__functions.h
[3.428s] -- Up-to-date symlink: /repo/ws/install/include/px4/px4/msg/detail/airspeed_validated__struct.h
[3.428s] -- Up-to-date symlink: /repo/ws/install/include/px4/px4/msg/detail/airspeed_validated__type_support.h
[3.428s] -- Up-to-date symlink: /repo/ws/install/include/px4/px4/msg/detail/airspeed_wind__functions.h
[3.429s] -- Up-to-date symlink: /repo/ws/install/include/px4/px4/msg/detail/airspeed_wind__struct.h
[3.429s] -- Up-to-date symlink: /repo/ws/install/include/px4/px4/msg/detail/airspeed_wind__type_support.h
[3.429s] -- Up-to-date symlink: /repo/ws/install/include/px4/px4/msg/detail/arming_check_reply__functions.h
[3.429s] -- Up-to-date symlink: /repo/ws/install/include/px4/px4/msg/detail/arming_check_reply__struct.h
[3.429s] -- Up-to-date symlink: /repo/ws/install/include/px4/px4/msg/detail/arming_check_reply__type_support.h
[3.429s] -- Up-to-date symlink: /repo/ws/install/include/px4/px4/msg/detail/arming_check_request__functions.h
[3.429s] -- Up-to-date symlink: /repo/ws/install/include/px4/px4/msg/detail/arming_check_request__struct.h
[3.429s] -- Up-to-date symlink: /repo/ws/install/include/px4/px4/msg/detail/arming_check_request__type_support.h
[3.430s] -- Up-to-date symlink: /repo/ws/install/include/px4/px4/msg/detail/autotune_attitude_control_status__functions.h
[3.430s] -- Up-to-date symlink: /repo/ws/install/include/px4/px4/msg/detail/autotune_attitude_control_status__struct.h
[3.430s] -- Up-to-date symlink: /repo/ws/install/include/px4/px4/msg/detail/autotune_attitude_control_status__type_support.h
[3.430s] -- Up-to-date symlink: /repo/ws/install/include/px4/px4/msg/detail/battery_status__functions.h
[3.430s] -- Up-to-date symlink: /repo/ws/install/include/px4/px4/msg/detail/battery_status__struct.h
[3.430s] -- Up-to-date symlink: /repo/ws/install/include/px4/px4/msg/detail/battery_status__type_support.h
[3.431s] -- Up-to-date symlink: /repo/ws/install/include/px4/px4/msg/detail/button_event__functions.h
[3.431s] -- Up-to-date symlink: /repo/ws/install/include/px4/px4/msg/detail/button_event__struct.h
[3.431s] -- Up-to-date symlink: /repo/ws/install/include/px4/px4/msg/detail/button_event__type_support.h
[3.431s] -- Up-to-date symlink: /repo/ws/install/include/px4/px4/msg/detail/camera_capture__functions.h
[3.431s] -- Up-to-date symlink: /repo/ws/install/include/px4/px4/msg/detail/camera_capture__struct.h
[3.431s] -- Up-to-date symlink: /repo/ws/install/include/px4/px4/msg/detail/camera_capture__type_support.h
[3.431s] -- Up-to-date symlink: /repo/ws/install/include/px4/px4/msg/detail/camera_status__functions.h
[3.432s] -- Up-to-date symlink: /repo/ws/install/include/px4/px4/msg/detail/camera_status__struct.h
[3.432s] -- Up-to-date symlink: /repo/ws/install/include/px4/px4/msg/detail/camera_status__type_support.h
[3.432s] -- Up-to-date symlink: /repo/ws/install/include/px4/px4/msg/detail/camera_trigger__functions.h
[3.432s] -- Up-to-date symlink: /repo/ws/install/include/px4/px4/msg/detail/camera_trigger__struct.h
[3.432s] -- Up-to-date symlink: /repo/ws/install/include/px4/px4/msg/detail/camera_trigger__type_support.h
[3.432s] -- Up-to-date symlink: /repo/ws/install/include/px4/px4/msg/detail/can_interface_status__functions.h
[3.433s] -- Up-to-date symlink: /repo/ws/install/include/px4/px4/msg/detail/can_interface_status__struct.h
[3.433s] -- Up-to-date symlink: /repo/ws/install/include/px4/px4/msg/detail/can_interface_status__type_support.h
[3.433s] -- Up-to-date symlink: /repo/ws/install/include/px4/px4/msg/detail/cellular_status__functions.h
[3.433s] -- Up-to-date symlink: /repo/ws/install/include/px4/px4/msg/detail/cellular_status__struct.h
[3.433s] -- Up-to-date symlink: /repo/ws/install/include/px4/px4/msg/detail/cellular_status__type_support.h
[3.433s] -- Up-to-date symlink: /repo/ws/install/include/px4/px4/msg/detail/collision_constraints__functions.h
[3.434s] -- Up-to-date symlink: /repo/ws/install/include/px4/px4/msg/detail/collision_constraints__struct.h
[3.434s] -- Up-to-date symlink: /repo/ws/install/include/px4/px4/msg/detail/collision_constraints__type_support.h
[3.434s] -- Up-to-date symlink: /repo/ws/install/include/px4/px4/msg/detail/config_overrides__functions.h
[3.434s] -- Up-to-date symlink: /repo/ws/install/include/px4/px4/msg/detail/config_overrides__struct.h
[3.434s] -- Up-to-date symlink: /repo/ws/install/include/px4/px4/msg/detail/config_overrides__type_support.h
[3.434s] -- Up-to-date symlink: /repo/ws/install/include/px4/px4/msg/detail/control_allocator_status__functions.h
[3.434s] -- Up-to-date symlink: /repo/ws/install/include/px4/px4/msg/detail/control_allocator_status__struct.h
[3.435s] -- Up-to-date symlink: /repo/ws/install/include/px4/px4/msg/detail/control_allocator_status__type_support.h
[3.435s] -- Up-to-date symlink: /repo/ws/install/include/px4/px4/msg/detail/cpuload__functions.h
[3.435s] -- Up-to-date symlink: /repo/ws/install/include/px4/px4/msg/detail/cpuload__struct.h
[3.435s] -- Up-to-date symlink: /repo/ws/install/include/px4/px4/msg/detail/cpuload__type_support.h
[3.435s] -- Up-to-date symlink: /repo/ws/install/include/px4/px4/msg/detail/dataman_request__functions.h
[3.435s] -- Up-to-date symlink: /repo/ws/install/include/px4/px4/msg/detail/dataman_request__struct.h
[3.436s] -- Up-to-date symlink: /repo/ws/install/include/px4/px4/msg/detail/dataman_request__type_support.h
[3.436s] -- Up-to-date symlink: /repo/ws/install/include/px4/px4/msg/detail/dataman_response__functions.h
[3.436s] -- Up-to-date symlink: /repo/ws/install/include/px4/px4/msg/detail/dataman_response__struct.h
[3.436s] -- Up-to-date symlink: /repo/ws/install/include/px4/px4/msg/detail/dataman_response__type_support.h
[3.436s] -- Up-to-date symlink: /repo/ws/install/include/px4/px4/msg/detail/debug_array__functions.h
[3.436s] -- Up-to-date symlink: /repo/ws/install/include/px4/px4/msg/detail/debug_array__struct.h
[3.437s] -- Up-to-date symlink: /repo/ws/install/include/px4/px4/msg/detail/debug_array__type_support.h
[3.437s] -- Up-to-date symlink: /repo/ws/install/include/px4/px4/msg/detail/debug_key_value__functions.h
[3.438s] -- Up-to-date symlink: /repo/ws/install/include/px4/px4/msg/detail/debug_key_value__struct.h
[3.438s] -- Up-to-date symlink: /repo/ws/install/include/px4/px4/msg/detail/debug_key_value__type_support.h
[3.438s] -- Up-to-date symlink: /repo/ws/install/include/px4/px4/msg/detail/debug_value__functions.h
[3.438s] -- Up-to-date symlink: /repo/ws/install/include/px4/px4/msg/detail/debug_value__struct.h
[3.438s] -- Up-to-date symlink: /repo/ws/install/include/px4/px4/msg/detail/debug_value__type_support.h
[3.438s] -- Up-to-date symlink: /repo/ws/install/include/px4/px4/msg/detail/debug_vect__functions.h
[3.438s] -- Up-to-date symlink: /repo/ws/install/include/px4/px4/msg/detail/debug_vect__struct.h
[3.438s] -- Up-to-date symlink: /repo/ws/install/include/px4/px4/msg/detail/debug_vect__type_support.h
[3.438s] -- Up-to-date symlink: /repo/ws/install/include/px4/px4/msg/detail/differential_pressure__functions.h
[3.439s] -- Up-to-date symlink: /repo/ws/install/include/px4/px4/msg/detail/differential_pressure__struct.h
[3.439s] -- Up-to-date symlink: /repo/ws/install/include/px4/px4/msg/detail/differential_pressure__type_support.h
[3.439s] -- Up-to-date symlink: /repo/ws/install/include/px4/px4/msg/detail/differential_velocity_setpoint__functions.h
[3.439s] -- Up-to-date symlink: /repo/ws/install/include/px4/px4/msg/detail/differential_velocity_setpoint__struct.h
[3.439s] -- Up-to-date symlink: /repo/ws/install/include/px4/px4/msg/detail/differential_velocity_setpoint__type_support.h
[3.440s] -- Up-to-date symlink: /repo/ws/install/include/px4/px4/msg/detail/distance_sensor__functions.h
[3.440s] -- Up-to-date symlink: /repo/ws/install/include/px4/px4/msg/detail/distance_sensor__struct.h
[3.441s] -- Up-to-date symlink: /repo/ws/install/include/px4/px4/msg/detail/distance_sensor__type_support.h
[3.441s] -- Up-to-date symlink: /repo/ws/install/include/px4/px4/msg/detail/distance_sensor_mode_change_request__functions.h
[3.441s] -- Up-to-date symlink: /repo/ws/install/include/px4/px4/msg/detail/distance_sensor_mode_change_request__struct.h
[3.442s] -- Up-to-date symlink: /repo/ws/install/include/px4/px4/msg/detail/distance_sensor_mode_change_request__type_support.h
[3.442s] -- Up-to-date symlink: /repo/ws/install/include/px4/px4/msg/detail/ekf2_timestamps__functions.h
[3.443s] -- Up-to-date symlink: /repo/ws/install/include/px4/px4/msg/detail/ekf2_timestamps__struct.h
[3.443s] -- Up-to-date symlink: /repo/ws/install/include/px4/px4/msg/detail/ekf2_timestamps__type_support.h
[3.444s] -- Up-to-date symlink: /repo/ws/install/include/px4/px4/msg/detail/esc_report__functions.h
[3.444s] -- Up-to-date symlink: /repo/ws/install/include/px4/px4/msg/detail/esc_report__struct.h
[3.444s] -- Up-to-date symlink: /repo/ws/install/include/px4/px4/msg/detail/esc_report__type_support.h
[3.444s] -- Up-to-date symlink: /repo/ws/install/include/px4/px4/msg/detail/esc_status__functions.h
[3.444s] -- Up-to-date symlink: /repo/ws/install/include/px4/px4/msg/detail/esc_status__struct.h
[3.444s] -- Up-to-date symlink: /repo/ws/install/include/px4/px4/msg/detail/esc_status__type_support.h
[3.444s] -- Up-to-date symlink: /repo/ws/install/include/px4/px4/msg/detail/estimator_aid_source1d__functions.h
[3.444s] -- Up-to-date symlink: /repo/ws/install/include/px4/px4/msg/detail/estimator_aid_source1d__struct.h
[3.444s] -- Up-to-date symlink: /repo/ws/install/include/px4/px4/msg/detail/estimator_aid_source1d__type_support.h
[3.444s] -- Up-to-date symlink: /repo/ws/install/include/px4/px4/msg/detail/estimator_aid_source2d__functions.h
[3.445s] -- Up-to-date symlink: /repo/ws/install/include/px4/px4/msg/detail/estimator_aid_source2d__struct.h
[3.445s] -- Up-to-date symlink: /repo/ws/install/include/px4/px4/msg/detail/estimator_aid_source2d__type_support.h
[3.446s] -- Up-to-date symlink: /repo/ws/install/include/px4/px4/msg/detail/estimator_aid_source3d__functions.h
[3.447s] -- Up-to-date symlink: /repo/ws/install/include/px4/px4/msg/detail/estimator_aid_source3d__struct.h
[3.447s] -- Up-to-date symlink: /repo/ws/install/include/px4/px4/msg/detail/estimator_aid_source3d__type_support.h
[3.447s] -- Up-to-date symlink: /repo/ws/install/include/px4/px4/msg/detail/estimator_bias3d__functions.h
[3.447s] -- Up-to-date symlink: /repo/ws/install/include/px4/px4/msg/detail/estimator_bias3d__struct.h
[3.447s] -- Up-to-date symlink: /repo/ws/install/include/px4/px4/msg/detail/estimator_bias3d__type_support.h
[3.447s] -- Up-to-date symlink: /repo/ws/install/include/px4/px4/msg/detail/estimator_bias__functions.h
[3.448s] -- Up-to-date symlink: /repo/ws/install/include/px4/px4/msg/detail/estimator_bias__struct.h
[3.448s] -- Up-to-date symlink: /repo/ws/install/include/px4/px4/msg/detail/estimator_bias__type_support.h
[3.448s] -- Up-to-date symlink: /repo/ws/install/include/px4/px4/msg/detail/estimator_event_flags__functions.h
[3.448s] -- Up-to-date symlink: /repo/ws/install/include/px4/px4/msg/detail/estimator_event_flags__struct.h
[3.449s] -- Up-to-date symlink: /repo/ws/install/include/px4/px4/msg/detail/estimator_event_flags__type_support.h
[3.449s] -- Up-to-date symlink: /repo/ws/install/include/px4/px4/msg/detail/estimator_gps_status__functions.h
[3.449s] -- Up-to-date symlink: /repo/ws/install/include/px4/px4/msg/detail/estimator_gps_status__struct.h
[3.450s] -- Up-to-date symlink: /repo/ws/install/include/px4/px4/msg/detail/estimator_gps_status__type_support.h
[3.450s] -- Up-to-date symlink: /repo/ws/install/include/px4/px4/msg/detail/estimator_innovations__functions.h
[3.450s] -- Up-to-date symlink: /repo/ws/install/include/px4/px4/msg/detail/estimator_innovations__struct.h
[3.450s] -- Up-to-date symlink: /repo/ws/install/include/px4/px4/msg/detail/estimator_innovations__type_support.h
[3.451s] -- Up-to-date symlink: /repo/ws/install/include/px4/px4/msg/detail/estimator_selector_status__functions.h
[3.451s] -- Up-to-date symlink: /repo/ws/install/include/px4/px4/msg/detail/estimator_selector_status__struct.h
[3.452s] -- Up-to-date symlink: /repo/ws/install/include/px4/px4/msg/detail/estimator_selector_status__type_support.h
[3.452s] -- Up-to-date symlink: /repo/ws/install/include/px4/px4/msg/detail/estimator_sensor_bias__functions.h
[3.453s] -- Up-to-date symlink: /repo/ws/install/include/px4/px4/msg/detail/estimator_sensor_bias__struct.h
[3.453s] -- Up-to-date symlink: /repo/ws/install/include/px4/px4/msg/detail/estimator_sensor_bias__type_support.h
[3.453s] -- Up-to-date symlink: /repo/ws/install/include/px4/px4/msg/detail/estimator_states__functions.h
[3.454s] -- Up-to-date symlink: /repo/ws/install/include/px4/px4/msg/detail/estimator_states__struct.h
[3.454s] -- Up-to-date symlink: /repo/ws/install/include/px4/px4/msg/detail/estimator_states__type_support.h
[3.454s] -- Up-to-date symlink: /repo/ws/install/include/px4/px4/msg/detail/estimator_status__functions.h
[3.455s] -- Up-to-date symlink: /repo/ws/install/include/px4/px4/msg/detail/estimator_status__struct.h
[3.455s] -- Up-to-date symlink: /repo/ws/install/include/px4/px4/msg/detail/estimator_status__type_support.h
[3.455s] -- Up-to-date symlink: /repo/ws/install/include/px4/px4/msg/detail/estimator_status_flags__functions.h
[3.456s] -- Up-to-date symlink: /repo/ws/install/include/px4/px4/msg/detail/estimator_status_flags__struct.h
[3.456s] -- Up-to-date symlink: /repo/ws/install/include/px4/px4/msg/detail/estimator_status_flags__type_support.h
[3.457s] -- Up-to-date symlink: /repo/ws/install/include/px4/px4/msg/detail/event__functions.h
[3.457s] -- Up-to-date symlink: /repo/ws/install/include/px4/px4/msg/detail/event__struct.h
[3.457s] -- Up-to-date symlink: /repo/ws/install/include/px4/px4/msg/detail/event__type_support.h
[3.458s] -- Up-to-date symlink: /repo/ws/install/include/px4/px4/msg/detail/failsafe_flags__functions.h
[3.458s] -- Up-to-date symlink: /repo/ws/install/include/px4/px4/msg/detail/failsafe_flags__struct.h
[3.458s] -- Up-to-date symlink: /repo/ws/install/include/px4/px4/msg/detail/failsafe_flags__type_support.h
[3.459s] -- Up-to-date symlink: /repo/ws/install/include/px4/px4/msg/detail/failure_detector_status__functions.h
[3.459s] -- Up-to-date symlink: /repo/ws/install/include/px4/px4/msg/detail/failure_detector_status__struct.h
[3.460s] -- Up-to-date symlink: /repo/ws/install/include/px4/px4/msg/detail/failure_detector_status__type_support.h
[3.460s] -- Up-to-date symlink: /repo/ws/install/include/px4/px4/msg/detail/figure_eight_status__functions.h
[3.461s] -- Up-to-date symlink: /repo/ws/install/include/px4/px4/msg/detail/figure_eight_status__struct.h
[3.461s] -- Up-to-date symlink: /repo/ws/install/include/px4/px4/msg/detail/figure_eight_status__type_support.h
[3.461s] -- Up-to-date symlink: /repo/ws/install/include/px4/px4/msg/detail/flight_phase_estimation__functions.h
[3.462s] -- Up-to-date symlink: /repo/ws/install/include/px4/px4/msg/detail/flight_phase_estimation__struct.h
[3.462s] -- Up-to-date symlink: /repo/ws/install/include/px4/px4/msg/detail/flight_phase_estimation__type_support.h
[3.462s] -- Up-to-date symlink: /repo/ws/install/include/px4/px4/msg/detail/follow_target__functions.h
[3.463s] -- Up-to-date symlink: /repo/ws/install/include/px4/px4/msg/detail/follow_target__struct.h
[3.463s] -- Up-to-date symlink: /repo/ws/install/include/px4/px4/msg/detail/follow_target__type_support.h
[3.463s] -- Up-to-date symlink: /repo/ws/install/include/px4/px4/msg/detail/follow_target_estimator__functions.h
[3.464s] -- Up-to-date symlink: /repo/ws/install/include/px4/px4/msg/detail/follow_target_estimator__struct.h
[3.464s] -- Up-to-date symlink: /repo/ws/install/include/px4/px4/msg/detail/follow_target_estimator__type_support.h
[3.465s] -- Up-to-date symlink: /repo/ws/install/include/px4/px4/msg/detail/follow_target_status__functions.h
[3.465s] -- Up-to-date symlink: /repo/ws/install/include/px4/px4/msg/detail/follow_target_status__struct.h
[3.465s] -- Up-to-date symlink: /repo/ws/install/include/px4/px4/msg/detail/follow_target_status__type_support.h
[3.465s] -- Up-to-date symlink: /repo/ws/install/include/px4/px4/msg/detail/fuel_tank_status__functions.h
[3.466s] -- Up-to-date symlink: /repo/ws/install/include/px4/px4/msg/detail/fuel_tank_status__struct.h
[3.466s] -- Up-to-date symlink: /repo/ws/install/include/px4/px4/msg/detail/fuel_tank_status__type_support.h
[3.467s] -- Up-to-date symlink: /repo/ws/install/include/px4/px4/msg/detail/generator_status__functions.h
[3.467s] -- Up-to-date symlink: /repo/ws/install/include/px4/px4/msg/detail/generator_status__struct.h
[3.467s] -- Up-to-date symlink: /repo/ws/install/include/px4/px4/msg/detail/generator_status__type_support.h
[3.468s] -- Up-to-date symlink: /repo/ws/install/include/px4/px4/msg/detail/geofence_result__functions.h
[3.468s] -- Up-to-date symlink: /repo/ws/install/include/px4/px4/msg/detail/geofence_result__struct.h
[3.468s] -- Up-to-date symlink: /repo/ws/install/include/px4/px4/msg/detail/geofence_result__type_support.h
[3.469s] -- Up-to-date symlink: /repo/ws/install/include/px4/px4/msg/detail/geofence_status__functions.h
[3.469s] -- Up-to-date symlink: /repo/ws/install/include/px4/px4/msg/detail/geofence_status__struct.h
[3.470s] -- Up-to-date symlink: /repo/ws/install/include/px4/px4/msg/detail/geofence_status__type_support.h
[3.470s] -- Up-to-date symlink: /repo/ws/install/include/px4/px4/msg/detail/gimbal_controls__functions.h
[3.470s] -- Up-to-date symlink: /repo/ws/install/include/px4/px4/msg/detail/gimbal_controls__struct.h
[3.471s] -- Up-to-date symlink: /repo/ws/install/include/px4/px4/msg/detail/gimbal_controls__type_support.h
[3.471s] -- Up-to-date symlink: /repo/ws/install/include/px4/px4/msg/detail/gimbal_device_attitude_status__functions.h
[3.471s] -- Up-to-date symlink: /repo/ws/install/include/px4/px4/msg/detail/gimbal_device_attitude_status__struct.h
[3.472s] -- Up-to-date symlink: /repo/ws/install/include/px4/px4/msg/detail/gimbal_device_attitude_status__type_support.h
[3.472s] -- Up-to-date symlink: /repo/ws/install/include/px4/px4/msg/detail/gimbal_device_information__functions.h
[3.472s] -- Up-to-date symlink: /repo/ws/install/include/px4/px4/msg/detail/gimbal_device_information__struct.h
[3.473s] -- Up-to-date symlink: /repo/ws/install/include/px4/px4/msg/detail/gimbal_device_information__type_support.h
[3.473s] -- Up-to-date symlink: /repo/ws/install/include/px4/px4/msg/detail/gimbal_device_set_attitude__functions.h
[3.473s] -- Up-to-date symlink: /repo/ws/install/include/px4/px4/msg/detail/gimbal_device_set_attitude__struct.h
[3.474s] -- Up-to-date symlink: /repo/ws/install/include/px4/px4/msg/detail/gimbal_device_set_attitude__type_support.h
[3.474s] -- Up-to-date symlink: /repo/ws/install/include/px4/px4/msg/detail/gimbal_manager_information__functions.h
[3.475s] -- Up-to-date symlink: /repo/ws/install/include/px4/px4/msg/detail/gimbal_manager_information__struct.h
[3.475s] -- Up-to-date symlink: /repo/ws/install/include/px4/px4/msg/detail/gimbal_manager_information__type_support.h
[3.475s] -- Up-to-date symlink: /repo/ws/install/include/px4/px4/msg/detail/gimbal_manager_set_attitude__functions.h
[3.476s] -- Up-to-date symlink: /repo/ws/install/include/px4/px4/msg/detail/gimbal_manager_set_attitude__struct.h
[3.476s] -- Up-to-date symlink: /repo/ws/install/include/px4/px4/msg/detail/gimbal_manager_set_attitude__type_support.h
[3.477s] -- Up-to-date symlink: /repo/ws/install/include/px4/px4/msg/detail/gimbal_manager_set_manual_control__functions.h
[3.477s] -- Up-to-date symlink: /repo/ws/install/include/px4/px4/msg/detail/gimbal_manager_set_manual_control__struct.h
[3.477s] -- Up-to-date symlink: /repo/ws/install/include/px4/px4/msg/detail/gimbal_manager_set_manual_control__type_support.h
[3.478s] -- Up-to-date symlink: /repo/ws/install/include/px4/px4/msg/detail/gimbal_manager_status__functions.h
[3.478s] -- Up-to-date symlink: /repo/ws/install/include/px4/px4/msg/detail/gimbal_manager_status__struct.h
[3.478s] -- Up-to-date symlink: /repo/ws/install/include/px4/px4/msg/detail/gimbal_manager_status__type_support.h
[3.479s] -- Up-to-date symlink: /repo/ws/install/include/px4/px4/msg/detail/goto_setpoint__functions.h
[3.479s] -- Up-to-date symlink: /repo/ws/install/include/px4/px4/msg/detail/goto_setpoint__struct.h
[3.480s] -- Up-to-date symlink: /repo/ws/install/include/px4/px4/msg/detail/goto_setpoint__type_support.h
[3.480s] -- Up-to-date symlink: /repo/ws/install/include/px4/px4/msg/detail/gpio_config__functions.h
[3.480s] -- Up-to-date symlink: /repo/ws/install/include/px4/px4/msg/detail/gpio_config__struct.h
[3.481s] -- Up-to-date symlink: /repo/ws/install/include/px4/px4/msg/detail/gpio_config__type_support.h
[3.481s] -- Up-to-date symlink: /repo/ws/install/include/px4/px4/msg/detail/gpio_in__functions.h
[3.481s] -- Up-to-date symlink: /repo/ws/install/include/px4/px4/msg/detail/gpio_in__struct.h
[3.482s] -- Up-to-date symlink: /repo/ws/install/include/px4/px4/msg/detail/gpio_in__type_support.h
[3.482s] -- Up-to-date symlink: /repo/ws/install/include/px4/px4/msg/detail/gpio_out__functions.h
[3.482s] -- Up-to-date symlink: /repo/ws/install/include/px4/px4/msg/detail/gpio_out__struct.h
[3.482s] -- Up-to-date symlink: /repo/ws/install/include/px4/px4/msg/detail/gpio_out__type_support.h
[3.482s] -- Up-to-date symlink: /repo/ws/install/include/px4/px4/msg/detail/gpio_request__functions.h
[3.483s] -- Up-to-date symlink: /repo/ws/install/include/px4/px4/msg/detail/gpio_request__struct.h
[3.483s] -- Up-to-date symlink: /repo/ws/install/include/px4/px4/msg/detail/gpio_request__type_support.h
[3.484s] -- Up-to-date symlink: /repo/ws/install/include/px4/px4/msg/detail/gps_dump__functions.h
[3.484s] -- Up-to-date symlink: /repo/ws/install/include/px4/px4/msg/detail/gps_dump__struct.h
[3.484s] -- Up-to-date symlink: /repo/ws/install/include/px4/px4/msg/detail/gps_dump__type_support.h
[3.485s] -- Up-to-date symlink: /repo/ws/install/include/px4/px4/msg/detail/gps_inject_data__functions.h
[3.485s] -- Up-to-date symlink: /repo/ws/install/include/px4/px4/msg/detail/gps_inject_data__struct.h
[3.485s] -- Up-to-date symlink: /repo/ws/install/include/px4/px4/msg/detail/gps_inject_data__type_support.h
[3.486s] -- Up-to-date symlink: /repo/ws/install/include/px4/px4/msg/detail/gripper__functions.h
[3.486s] -- Up-to-date symlink: /repo/ws/install/include/px4/px4/msg/detail/gripper__struct.h
[3.487s] -- Up-to-date symlink: /repo/ws/install/include/px4/px4/msg/detail/gripper__type_support.h
[3.487s] -- Up-to-date symlink: /repo/ws/install/include/px4/px4/msg/detail/health_report__functions.h
[3.487s] -- Up-to-date symlink: /repo/ws/install/include/px4/px4/msg/detail/health_report__struct.h
[3.488s] -- Up-to-date symlink: /repo/ws/install/include/px4/px4/msg/detail/health_report__type_support.h
[3.488s] -- Up-to-date symlink: /repo/ws/install/include/px4/px4/msg/detail/heater_status__functions.h
[3.488s] -- Up-to-date symlink: /repo/ws/install/include/px4/px4/msg/detail/heater_status__struct.h
[3.489s] -- Up-to-date symlink: /repo/ws/install/include/px4/px4/msg/detail/heater_status__type_support.h
[3.489s] -- Up-to-date symlink: /repo/ws/install/include/px4/px4/msg/detail/home_position__functions.h
[3.490s] -- Up-to-date symlink: /repo/ws/install/include/px4/px4/msg/detail/home_position__struct.h
[3.490s] -- Up-to-date symlink: /repo/ws/install/include/px4/px4/msg/detail/home_position__type_support.h
[3.490s] -- Up-to-date symlink: /repo/ws/install/include/px4/px4/msg/detail/hover_thrust_estimate__functions.h
[3.491s] -- Up-to-date symlink: /repo/ws/install/include/px4/px4/msg/detail/hover_thrust_estimate__struct.h
[3.491s] -- Up-to-date symlink: /repo/ws/install/include/px4/px4/msg/detail/hover_thrust_estimate__type_support.h
[3.491s] -- Up-to-date symlink: /repo/ws/install/include/px4/px4/msg/detail/input_rc__functions.h
[3.492s] -- Up-to-date symlink: /repo/ws/install/include/px4/px4/msg/detail/input_rc__struct.h
[3.492s] -- Up-to-date symlink: /repo/ws/install/include/px4/px4/msg/detail/input_rc__type_support.h
[3.492s] -- Up-to-date symlink: /repo/ws/install/include/px4/px4/msg/detail/internal_combustion_engine_control__functions.h
[3.493s] -- Up-to-date symlink: /repo/ws/install/include/px4/px4/msg/detail/internal_combustion_engine_control__struct.h
[3.493s] -- Up-to-date symlink: /repo/ws/install/include/px4/px4/msg/detail/internal_combustion_engine_control__type_support.h
[3.494s] -- Up-to-date symlink: /repo/ws/install/include/px4/px4/msg/detail/internal_combustion_engine_status__functions.h
[3.494s] -- Up-to-date symlink: /repo/ws/install/include/px4/px4/msg/detail/internal_combustion_engine_status__struct.h
[3.494s] -- Up-to-date symlink: /repo/ws/install/include/px4/px4/msg/detail/internal_combustion_engine_status__type_support.h
[3.495s] -- Up-to-date symlink: /repo/ws/install/include/px4/px4/msg/detail/iridiumsbd_status__functions.h
[3.495s] -- Up-to-date symlink: /repo/ws/install/include/px4/px4/msg/detail/iridiumsbd_status__struct.h
[3.495s] -- Up-to-date symlink: /repo/ws/install/include/px4/px4/msg/detail/iridiumsbd_status__type_support.h
[3.496s] -- Up-to-date symlink: /repo/ws/install/include/px4/px4/msg/detail/irlock_report__functions.h
[3.496s] -- Up-to-date symlink: /repo/ws/install/include/px4/px4/msg/detail/irlock_report__struct.h
[3.496s] -- Up-to-date symlink: /repo/ws/install/include/px4/px4/msg/detail/irlock_report__type_support.h
[3.496s] -- Up-to-date symlink: /repo/ws/install/include/px4/px4/msg/detail/landing_gear__functions.h
[3.497s] -- Up-to-date symlink: /repo/ws/install/include/px4/px4/msg/detail/landing_gear__struct.h
[3.497s] -- Up-to-date symlink: /repo/ws/install/include/px4/px4/msg/detail/landing_gear__type_support.h
[3.498s] -- Up-to-date symlink: /repo/ws/install/include/px4/px4/msg/detail/landing_gear_wheel__functions.h
[3.498s] -- Up-to-date symlink: /repo/ws/install/include/px4/px4/msg/detail/landing_gear_wheel__struct.h
[3.499s] -- Up-to-date symlink: /repo/ws/install/include/px4/px4/msg/detail/landing_gear_wheel__type_support.h
[3.499s] -- Up-to-date symlink: /repo/ws/install/include/px4/px4/msg/detail/landing_target_innovations__functions.h
[3.499s] -- Up-to-date symlink: /repo/ws/install/include/px4/px4/msg/detail/landing_target_innovations__struct.h
[3.500s] -- Up-to-date symlink: /repo/ws/install/include/px4/px4/msg/detail/landing_target_innovations__type_support.h
[3.500s] -- Up-to-date symlink: /repo/ws/install/include/px4/px4/msg/detail/landing_target_pose__functions.h
[3.501s] -- Up-to-date symlink: /repo/ws/install/include/px4/px4/msg/detail/landing_target_pose__struct.h
[3.501s] -- Up-to-date symlink: /repo/ws/install/include/px4/px4/msg/detail/landing_target_pose__type_support.h
[3.501s] -- Up-to-date symlink: /repo/ws/install/include/px4/px4/msg/detail/launch_detection_status__functions.h
[3.502s] -- Up-to-date symlink: /repo/ws/install/include/px4/px4/msg/detail/launch_detection_status__struct.h
[3.502s] -- Up-to-date symlink: /repo/ws/install/include/px4/px4/msg/detail/launch_detection_status__type_support.h
[3.502s] -- Up-to-date symlink: /repo/ws/install/include/px4/px4/msg/detail/led_control__functions.h
[3.502s] -- Up-to-date symlink: /repo/ws/install/include/px4/px4/msg/detail/led_control__struct.h
[3.502s] -- Up-to-date symlink: /repo/ws/install/include/px4/px4/msg/detail/led_control__type_support.h
[3.503s] -- Up-to-date symlink: /repo/ws/install/include/px4/px4/msg/detail/log_message__functions.h
[3.503s] -- Up-to-date symlink: /repo/ws/install/include/px4/px4/msg/detail/log_message__struct.h
[3.503s] -- Up-to-date symlink: /repo/ws/install/include/px4/px4/msg/detail/log_message__type_support.h
[3.503s] -- Up-to-date symlink: /repo/ws/install/include/px4/px4/msg/detail/logger_status__functions.h
[3.504s] -- Up-to-date symlink: /repo/ws/install/include/px4/px4/msg/detail/logger_status__struct.h
[3.504s] -- Up-to-date symlink: /repo/ws/install/include/px4/px4/msg/detail/logger_status__type_support.h
[3.504s] -- Up-to-date symlink: /repo/ws/install/include/px4/px4/msg/detail/mag_worker_data__functions.h
[3.504s] -- Up-to-date symlink: /repo/ws/install/include/px4/px4/msg/detail/mag_worker_data__struct.h
[3.505s] -- Up-to-date symlink: /repo/ws/install/include/px4/px4/msg/detail/mag_worker_data__type_support.h
[3.505s] -- Up-to-date symlink: /repo/ws/install/include/px4/px4/msg/detail/magnetometer_bias_estimate__functions.h
[3.506s] -- Up-to-date symlink: /repo/ws/install/include/px4/px4/msg/detail/magnetometer_bias_estimate__struct.h
[3.506s] -- Up-to-date symlink: /repo/ws/install/include/px4/px4/msg/detail/magnetometer_bias_estimate__type_support.h
[3.507s] -- Up-to-date symlink: /repo/ws/install/include/px4/px4/msg/detail/manual_control_setpoint__functions.h
[3.507s] -- Up-to-date symlink: /repo/ws/install/include/px4/px4/msg/detail/manual_control_setpoint__struct.h
[3.507s] -- Up-to-date symlink: /repo/ws/install/include/px4/px4/msg/detail/manual_control_setpoint__type_support.h
[3.508s] -- Up-to-date symlink: /repo/ws/install/include/px4/px4/msg/detail/manual_control_switches__functions.h
[3.508s] -- Up-to-date symlink: /repo/ws/install/include/px4/px4/msg/detail/manual_control_switches__struct.h
[3.509s] -- Up-to-date symlink: /repo/ws/install/include/px4/px4/msg/detail/manual_control_switches__type_support.h
[3.509s] -- Up-to-date symlink: /repo/ws/install/include/px4/px4/msg/detail/mavlink_log__functions.h
[3.509s] -- Up-to-date symlink: /repo/ws/install/include/px4/px4/msg/detail/mavlink_log__struct.h
[3.510s] -- Up-to-date symlink: /repo/ws/install/include/px4/px4/msg/detail/mavlink_log__type_support.h
[3.510s] -- Up-to-date symlink: /repo/ws/install/include/px4/px4/msg/detail/mavlink_tunnel__functions.h
[3.510s] -- Up-to-date symlink: /repo/ws/install/include/px4/px4/msg/detail/mavlink_tunnel__struct.h
[3.511s] -- Up-to-date symlink: /repo/ws/install/include/px4/px4/msg/detail/mavlink_tunnel__type_support.h
[3.511s] -- Up-to-date symlink: /repo/ws/install/include/px4/px4/msg/detail/message_format_request__functions.h
[3.511s] -- Up-to-date symlink: /repo/ws/install/include/px4/px4/msg/detail/message_format_request__struct.h
[3.512s] -- Up-to-date symlink: /repo/ws/install/include/px4/px4/msg/detail/message_format_request__type_support.h
[3.512s] -- Up-to-date symlink: /repo/ws/install/include/px4/px4/msg/detail/message_format_response__functions.h
[3.512s] -- Up-to-date symlink: /repo/ws/install/include/px4/px4/msg/detail/message_format_response__struct.h
[3.513s] -- Up-to-date symlink: /repo/ws/install/include/px4/px4/msg/detail/message_format_response__type_support.h
[3.513s] -- Up-to-date symlink: /repo/ws/install/include/px4/px4/msg/detail/mission__functions.h
[3.514s] -- Up-to-date symlink: /repo/ws/install/include/px4/px4/msg/detail/mission__struct.h
[3.514s] -- Up-to-date symlink: /repo/ws/install/include/px4/px4/msg/detail/mission__type_support.h
[3.514s] -- Up-to-date symlink: /repo/ws/install/include/px4/px4/msg/detail/mission_result__functions.h
[3.515s] -- Up-to-date symlink: /repo/ws/install/include/px4/px4/msg/detail/mission_result__struct.h
[3.515s] -- Up-to-date symlink: /repo/ws/install/include/px4/px4/msg/detail/mission_result__type_support.h
[3.516s] -- Up-to-date symlink: /repo/ws/install/include/px4/px4/msg/detail/mode_completed__functions.h
[3.516s] -- Up-to-date symlink: /repo/ws/install/include/px4/px4/msg/detail/mode_completed__struct.h
[3.516s] -- Up-to-date symlink: /repo/ws/install/include/px4/px4/msg/detail/mode_completed__type_support.h
[3.517s] -- Up-to-date symlink: /repo/ws/install/include/px4/px4/msg/detail/mount_orientation__functions.h
[3.517s] -- Up-to-date symlink: /repo/ws/install/include/px4/px4/msg/detail/mount_orientation__struct.h
[3.517s] -- Up-to-date symlink: /repo/ws/install/include/px4/px4/msg/detail/mount_orientation__type_support.h
[3.518s] -- Up-to-date symlink: /repo/ws/install/include/px4/px4/msg/detail/navigator_mission_item__functions.h
[3.518s] -- Up-to-date symlink: /repo/ws/install/include/px4/px4/msg/detail/navigator_mission_item__struct.h
[3.518s] -- Up-to-date symlink: /repo/ws/install/include/px4/px4/msg/detail/navigator_mission_item__type_support.h
[3.519s] -- Up-to-date symlink: /repo/ws/install/include/px4/px4/msg/detail/navigator_status__functions.h
[3.519s] -- Up-to-date symlink: /repo/ws/install/include/px4/px4/msg/detail/navigator_status__struct.h
[3.519s] -- Up-to-date symlink: /repo/ws/install/include/px4/px4/msg/detail/navigator_status__type_support.h
[3.520s] -- Up-to-date symlink: /repo/ws/install/include/px4/px4/msg/detail/normalized_unsigned_setpoint__functions.h
[3.520s] -- Up-to-date symlink: /repo/ws/install/include/px4/px4/msg/detail/normalized_unsigned_setpoint__struct.h
[3.521s] -- Up-to-date symlink: /repo/ws/install/include/px4/px4/msg/detail/normalized_unsigned_setpoint__type_support.h
[3.521s] -- Up-to-date symlink: /repo/ws/install/include/px4/px4/msg/detail/npfg_status__functions.h
[3.521s] -- Up-to-date symlink: /repo/ws/install/include/px4/px4/msg/detail/npfg_status__struct.h
[3.521s] -- Up-to-date symlink: /repo/ws/install/include/px4/px4/msg/detail/npfg_status__type_support.h
[3.522s] -- Up-to-date symlink: /repo/ws/install/include/px4/px4/msg/detail/obstacle_distance__functions.h
[3.522s] -- Up-to-date symlink: /repo/ws/install/include/px4/px4/msg/detail/obstacle_distance__struct.h
[3.523s] -- Up-to-date symlink: /repo/ws/install/include/px4/px4/msg/detail/obstacle_distance__type_support.h
[3.523s] -- Up-to-date symlink: /repo/ws/install/include/px4/px4/msg/detail/offboard_control_mode__functions.h
[3.523s] -- Up-to-date symlink: /repo/ws/install/include/px4/px4/msg/detail/offboard_control_mode__struct.h
[3.524s] -- Up-to-date symlink: /repo/ws/install/include/px4/px4/msg/detail/offboard_control_mode__type_support.h
[3.524s] -- Up-to-date symlink: /repo/ws/install/include/px4/px4/msg/detail/onboard_computer_status__functions.h
[3.524s] -- Up-to-date symlink: /repo/ws/install/include/px4/px4/msg/detail/onboard_computer_status__struct.h
[3.524s] -- Up-to-date symlink: /repo/ws/install/include/px4/px4/msg/detail/onboard_computer_status__type_support.h
[3.524s] -- Up-to-date symlink: /repo/ws/install/include/px4/px4/msg/detail/open_drone_id_arm_status__functions.h
[3.524s] -- Up-to-date symlink: /repo/ws/install/include/px4/px4/msg/detail/open_drone_id_arm_status__struct.h
[3.524s] -- Up-to-date symlink: /repo/ws/install/include/px4/px4/msg/detail/open_drone_id_arm_status__type_support.h
[3.524s] -- Up-to-date symlink: /repo/ws/install/include/px4/px4/msg/detail/open_drone_id_operator_id__functions.h
[3.524s] -- Up-to-date symlink: /repo/ws/install/include/px4/px4/msg/detail/open_drone_id_operator_id__struct.h
[3.524s] -- Up-to-date symlink: /repo/ws/install/include/px4/px4/msg/detail/open_drone_id_operator_id__type_support.h
[3.525s] -- Up-to-date symlink: /repo/ws/install/include/px4/px4/msg/detail/open_drone_id_self_id__functions.h
[3.525s] -- Up-to-date symlink: /repo/ws/install/include/px4/px4/msg/detail/open_drone_id_self_id__struct.h
[3.525s] -- Up-to-date symlink: /repo/ws/install/include/px4/px4/msg/detail/open_drone_id_self_id__type_support.h
[3.525s] -- Up-to-date symlink: /repo/ws/install/include/px4/px4/msg/detail/open_drone_id_system__functions.h
[3.525s] -- Up-to-date symlink: /repo/ws/install/include/px4/px4/msg/detail/open_drone_id_system__struct.h
[3.525s] -- Up-to-date symlink: /repo/ws/install/include/px4/px4/msg/detail/open_drone_id_system__type_support.h
[3.525s] -- Up-to-date symlink: /repo/ws/install/include/px4/px4/msg/detail/orb_test__functions.h
[3.525s] -- Up-to-date symlink: /repo/ws/install/include/px4/px4/msg/detail/orb_test__struct.h
[3.526s] -- Up-to-date symlink: /repo/ws/install/include/px4/px4/msg/detail/orb_test__type_support.h
[3.526s] -- Up-to-date symlink: /repo/ws/install/include/px4/px4/msg/detail/orb_test_large__functions.h
[3.526s] -- Up-to-date symlink: /repo/ws/install/include/px4/px4/msg/detail/orb_test_large__struct.h
[3.526s] -- Up-to-date symlink: /repo/ws/install/include/px4/px4/msg/detail/orb_test_large__type_support.h
[3.526s] -- Up-to-date symlink: /repo/ws/install/include/px4/px4/msg/detail/orb_test_medium__functions.h
[3.526s] -- Up-to-date symlink: /repo/ws/install/include/px4/px4/msg/detail/orb_test_medium__struct.h
[3.527s] -- Up-to-date symlink: /repo/ws/install/include/px4/px4/msg/detail/orb_test_medium__type_support.h
[3.527s] -- Up-to-date symlink: /repo/ws/install/include/px4/px4/msg/detail/orbit_status__functions.h
[3.527s] -- Up-to-date symlink: /repo/ws/install/include/px4/px4/msg/detail/orbit_status__struct.h
[3.527s] -- Up-to-date symlink: /repo/ws/install/include/px4/px4/msg/detail/orbit_status__type_support.h
[3.527s] -- Up-to-date symlink: /repo/ws/install/include/px4/px4/msg/detail/parameter_reset_request__functions.h
[3.527s] -- Up-to-date symlink: /repo/ws/install/include/px4/px4/msg/detail/parameter_reset_request__struct.h
[3.528s] -- Up-to-date symlink: /repo/ws/install/include/px4/px4/msg/detail/parameter_reset_request__type_support.h
[3.528s] -- Up-to-date symlink: /repo/ws/install/include/px4/px4/msg/detail/parameter_set_used_request__functions.h
[3.528s] -- Up-to-date symlink: /repo/ws/install/include/px4/px4/msg/detail/parameter_set_used_request__struct.h
[3.528s] -- Up-to-date symlink: /repo/ws/install/include/px4/px4/msg/detail/parameter_set_used_request__type_support.h
[3.528s] -- Up-to-date symlink: /repo/ws/install/include/px4/px4/msg/detail/parameter_set_value_request__functions.h
[3.528s] -- Up-to-date symlink: /repo/ws/install/include/px4/px4/msg/detail/parameter_set_value_request__struct.h
[3.529s] -- Up-to-date symlink: /repo/ws/install/include/px4/px4/msg/detail/parameter_set_value_request__type_support.h
[3.529s] -- Up-to-date symlink: /repo/ws/install/include/px4/px4/msg/detail/parameter_set_value_response__functions.h
[3.529s] -- Up-to-date symlink: /repo/ws/install/include/px4/px4/msg/detail/parameter_set_value_response__struct.h
[3.529s] -- Up-to-date symlink: /repo/ws/install/include/px4/px4/msg/detail/parameter_set_value_response__type_support.h
[3.529s] -- Up-to-date symlink: /repo/ws/install/include/px4/px4/msg/detail/parameter_update__functions.h
[3.529s] -- Up-to-date symlink: /repo/ws/install/include/px4/px4/msg/detail/parameter_update__struct.h
[3.530s] -- Up-to-date symlink: /repo/ws/install/include/px4/px4/msg/detail/parameter_update__type_support.h
[3.530s] -- Up-to-date symlink: /repo/ws/install/include/px4/px4/msg/detail/ping__functions.h
[3.530s] -- Up-to-date symlink: /repo/ws/install/include/px4/px4/msg/detail/ping__struct.h
[3.530s] -- Up-to-date symlink: /repo/ws/install/include/px4/px4/msg/detail/ping__type_support.h
[3.530s] -- Up-to-date symlink: /repo/ws/install/include/px4/px4/msg/detail/position_controller_landing_status__functions.h
[3.530s] -- Up-to-date symlink: /repo/ws/install/include/px4/px4/msg/detail/position_controller_landing_status__struct.h
[3.531s] -- Up-to-date symlink: /repo/ws/install/include/px4/px4/msg/detail/position_controller_landing_status__type_support.h
[3.531s] -- Up-to-date symlink: /repo/ws/install/include/px4/px4/msg/detail/position_controller_status__functions.h
[3.531s] -- Up-to-date symlink: /repo/ws/install/include/px4/px4/msg/detail/position_controller_status__struct.h
[3.531s] -- Up-to-date symlink: /repo/ws/install/include/px4/px4/msg/detail/position_controller_status__type_support.h
[3.531s] -- Up-to-date symlink: /repo/ws/install/include/px4/px4/msg/detail/position_setpoint__functions.h
[3.531s] -- Up-to-date symlink: /repo/ws/install/include/px4/px4/msg/detail/position_setpoint__struct.h
[3.532s] -- Up-to-date symlink: /repo/ws/install/include/px4/px4/msg/detail/position_setpoint__type_support.h
[3.532s] -- Up-to-date symlink: /repo/ws/install/include/px4/px4/msg/detail/position_setpoint_triplet__functions.h
[3.532s] -- Up-to-date symlink: /repo/ws/install/include/px4/px4/msg/detail/position_setpoint_triplet__struct.h
[3.532s] -- Up-to-date symlink: /repo/ws/install/include/px4/px4/msg/detail/position_setpoint_triplet__type_support.h
[3.532s] -- Up-to-date symlink: /repo/ws/install/include/px4/px4/msg/detail/power_button_state__functions.h
[3.532s] -- Up-to-date symlink: /repo/ws/install/include/px4/px4/msg/detail/power_button_state__struct.h
[3.532s] -- Up-to-date symlink: /repo/ws/install/include/px4/px4/msg/detail/power_button_state__type_support.h
[3.533s] -- Up-to-date symlink: /repo/ws/install/include/px4/px4/msg/detail/power_monitor__functions.h
[3.533s] -- Up-to-date symlink: /repo/ws/install/include/px4/px4/msg/detail/power_monitor__struct.h
[3.533s] -- Up-to-date symlink: /repo/ws/install/include/px4/px4/msg/detail/power_monitor__type_support.h
[3.533s] -- Up-to-date symlink: /repo/ws/install/include/px4/px4/msg/detail/pps_capture__functions.h
[3.533s] -- Up-to-date symlink: /repo/ws/install/include/px4/px4/msg/detail/pps_capture__struct.h
[3.533s] -- Up-to-date symlink: /repo/ws/install/include/px4/px4/msg/detail/pps_capture__type_support.h
[3.534s] -- Up-to-date symlink: /repo/ws/install/include/px4/px4/msg/detail/pure_pursuit_status__functions.h
[3.534s] -- Up-to-date symlink: /repo/ws/install/include/px4/px4/msg/detail/pure_pursuit_status__struct.h
[3.534s] -- Up-to-date symlink: /repo/ws/install/include/px4/px4/msg/detail/pure_pursuit_status__type_support.h
[3.534s] -- Up-to-date symlink: /repo/ws/install/include/px4/px4/msg/detail/pwm_input__functions.h
[3.534s] -- Up-to-date symlink: /repo/ws/install/include/px4/px4/msg/detail/pwm_input__struct.h
[3.535s] -- Up-to-date symlink: /repo/ws/install/include/px4/px4/msg/detail/pwm_input__type_support.h
[3.535s] -- Up-to-date symlink: /repo/ws/install/include/px4/px4/msg/detail/px4io_status__functions.h
[3.535s] -- Up-to-date symlink: /repo/ws/install/include/px4/px4/msg/detail/px4io_status__struct.h
[3.536s] -- Up-to-date symlink: /repo/ws/install/include/px4/px4/msg/detail/px4io_status__type_support.h
[3.536s] -- Up-to-date symlink: /repo/ws/install/include/px4/px4/msg/detail/qshell_req__functions.h
[3.536s] -- Up-to-date symlink: /repo/ws/install/include/px4/px4/msg/detail/qshell_req__struct.h
[3.537s] -- Up-to-date symlink: /repo/ws/install/include/px4/px4/msg/detail/qshell_req__type_support.h
[3.537s] -- Up-to-date symlink: /repo/ws/install/include/px4/px4/msg/detail/qshell_retval__functions.h
[3.538s] -- Up-to-date symlink: /repo/ws/install/include/px4/px4/msg/detail/qshell_retval__struct.h
[3.538s] -- Up-to-date symlink: /repo/ws/install/include/px4/px4/msg/detail/qshell_retval__type_support.h
[3.538s] -- Up-to-date symlink: /repo/ws/install/include/px4/px4/msg/detail/radio_status__functions.h
[3.538s] -- Up-to-date symlink: /repo/ws/install/include/px4/px4/msg/detail/radio_status__struct.h
[3.538s] -- Up-to-date symlink: /repo/ws/install/include/px4/px4/msg/detail/radio_status__type_support.h
[3.538s] -- Up-to-date symlink: /repo/ws/install/include/px4/px4/msg/detail/rate_ctrl_status__functions.h
[3.538s] -- Up-to-date symlink: /repo/ws/install/include/px4/px4/msg/detail/rate_ctrl_status__struct.h
[3.541s] -- Up-to-date symlink: /repo/ws/install/include/px4/px4/msg/detail/rate_ctrl_status__type_support.h
[3.541s] -- Up-to-date symlink: /repo/ws/install/include/px4/px4/msg/detail/rc_channels__functions.h
[3.541s] -- Up-to-date symlink: /repo/ws/install/include/px4/px4/msg/detail/rc_channels__struct.h
[3.542s] -- Up-to-date symlink: /repo/ws/install/include/px4/px4/msg/detail/rc_channels__type_support.h
[3.542s] -- Up-to-date symlink: /repo/ws/install/include/px4/px4/msg/detail/rc_parameter_map__functions.h
[3.542s] -- Up-to-date symlink: /repo/ws/install/include/px4/px4/msg/detail/rc_parameter_map__struct.h
[3.542s] -- Up-to-date symlink: /repo/ws/install/include/px4/px4/msg/detail/rc_parameter_map__type_support.h
[3.542s] -- Up-to-date symlink: /repo/ws/install/include/px4/px4/msg/detail/register_ext_component_reply__functions.h
[3.542s] -- Up-to-date symlink: /repo/ws/install/include/px4/px4/msg/detail/register_ext_component_reply__struct.h
[3.542s] -- Up-to-date symlink: /repo/ws/install/include/px4/px4/msg/detail/register_ext_component_reply__type_support.h
[3.542s] -- Up-to-date symlink: /repo/ws/install/include/px4/px4/msg/detail/register_ext_component_request__functions.h
[3.542s] -- Up-to-date symlink: /repo/ws/install/include/px4/px4/msg/detail/register_ext_component_request__struct.h
[3.543s] -- Up-to-date symlink: /repo/ws/install/include/px4/px4/msg/detail/register_ext_component_request__type_support.h
[3.543s] -- Up-to-date symlink: /repo/ws/install/include/px4/px4/msg/detail/rover_attitude_setpoint__functions.h
[3.543s] -- Up-to-date symlink: /repo/ws/install/include/px4/px4/msg/detail/rover_attitude_setpoint__struct.h
[3.543s] -- Up-to-date symlink: /repo/ws/install/include/px4/px4/msg/detail/rover_attitude_setpoint__type_support.h
[3.543s] -- Up-to-date symlink: /repo/ws/install/include/px4/px4/msg/detail/rover_attitude_status__functions.h
[3.543s] -- Up-to-date symlink: /repo/ws/install/include/px4/px4/msg/detail/rover_attitude_status__struct.h
[3.543s] -- Up-to-date symlink: /repo/ws/install/include/px4/px4/msg/detail/rover_attitude_status__type_support.h
[3.543s] -- Up-to-date symlink: /repo/ws/install/include/px4/px4/msg/detail/rover_position_setpoint__functions.h
[3.543s] -- Up-to-date symlink: /repo/ws/install/include/px4/px4/msg/detail/rover_position_setpoint__struct.h
[3.543s] -- Up-to-date symlink: /repo/ws/install/include/px4/px4/msg/detail/rover_position_setpoint__type_support.h
[3.544s] -- Up-to-date symlink: /repo/ws/install/include/px4/px4/msg/detail/rover_rate_setpoint__functions.h
[3.544s] -- Up-to-date symlink: /repo/ws/install/include/px4/px4/msg/detail/rover_rate_setpoint__struct.h
[3.544s] -- Up-to-date symlink: /repo/ws/install/include/px4/px4/msg/detail/rover_rate_setpoint__type_support.h
[3.544s] -- Up-to-date symlink: /repo/ws/install/include/px4/px4/msg/detail/rover_rate_status__functions.h
[3.544s] -- Up-to-date symlink: /repo/ws/install/include/px4/px4/msg/detail/rover_rate_status__struct.h
[3.544s] -- Up-to-date symlink: /repo/ws/install/include/px4/px4/msg/detail/rover_rate_status__type_support.h
[3.544s] -- Up-to-date symlink: /repo/ws/install/include/px4/px4/msg/detail/rover_steering_setpoint__functions.h
[3.544s] -- Up-to-date symlink: /repo/ws/install/include/px4/px4/msg/detail/rover_steering_setpoint__struct.h
[3.544s] -- Up-to-date symlink: /repo/ws/install/include/px4/px4/msg/detail/rover_steering_setpoint__type_support.h
[3.544s] -- Up-to-date symlink: /repo/ws/install/include/px4/px4/msg/detail/rover_throttle_setpoint__functions.h
[3.545s] -- Up-to-date symlink: /repo/ws/install/include/px4/px4/msg/detail/rover_throttle_setpoint__struct.h
[3.545s] -- Up-to-date symlink: /repo/ws/install/include/px4/px4/msg/detail/rover_throttle_setpoint__type_support.h
[3.545s] -- Up-to-date symlink: /repo/ws/install/include/px4/px4/msg/detail/rover_velocity_status__functions.h
[3.545s] -- Up-to-date symlink: /repo/ws/install/include/px4/px4/msg/detail/rover_velocity_status__struct.h
[3.545s] -- Up-to-date symlink: /repo/ws/install/include/px4/px4/msg/detail/rover_velocity_status__type_support.h
[3.545s] -- Up-to-date symlink: /repo/ws/install/include/px4/px4/msg/detail/rpm__functions.h
[3.545s] -- Up-to-date symlink: /repo/ws/install/include/px4/px4/msg/detail/rpm__struct.h
[3.545s] -- Up-to-date symlink: /repo/ws/install/include/px4/px4/msg/detail/rpm__type_support.h
[3.545s] -- Up-to-date symlink: /repo/ws/install/include/px4/px4/msg/detail/rtl_status__functions.h
[3.545s] -- Up-to-date symlink: /repo/ws/install/include/px4/px4/msg/detail/rtl_status__struct.h
[3.545s] -- Up-to-date symlink: /repo/ws/install/include/px4/px4/msg/detail/rtl_status__type_support.h
[3.546s] -- Up-to-date symlink: /repo/ws/install/include/px4/px4/msg/detail/rtl_time_estimate__functions.h
[3.546s] -- Up-to-date symlink: /repo/ws/install/include/px4/px4/msg/detail/rtl_time_estimate__struct.h
[3.546s] -- Up-to-date symlink: /repo/ws/install/include/px4/px4/msg/detail/rtl_time_estimate__type_support.h
[3.546s] -- Up-to-date symlink: /repo/ws/install/include/px4/px4/msg/detail/satellite_info__functions.h
[3.546s] -- Up-to-date symlink: /repo/ws/install/include/px4/px4/msg/detail/satellite_info__struct.h
[3.546s] -- Up-to-date symlink: /repo/ws/install/include/px4/px4/msg/detail/satellite_info__type_support.h
[3.546s] -- Up-to-date symlink: /repo/ws/install/include/px4/px4/msg/detail/sensor_accel__functions.h
[3.547s] -- Up-to-date symlink: /repo/ws/install/include/px4/px4/msg/detail/sensor_accel__struct.h
[3.547s] -- Up-to-date symlink: /repo/ws/install/include/px4/px4/msg/detail/sensor_accel__type_support.h
[3.547s] -- Up-to-date symlink: /repo/ws/install/include/px4/px4/msg/detail/sensor_accel_fifo__functions.h
[3.547s] -- Up-to-date symlink: /repo/ws/install/include/px4/px4/msg/detail/sensor_accel_fifo__struct.h
[3.547s] -- Up-to-date symlink: /repo/ws/install/include/px4/px4/msg/detail/sensor_accel_fifo__type_support.h
[3.547s] -- Up-to-date symlink: /repo/ws/install/include/px4/px4/msg/detail/sensor_airflow__functions.h
[3.548s] -- Up-to-date symlink: /repo/ws/install/include/px4/px4/msg/detail/sensor_airflow__struct.h
[3.548s] -- Up-to-date symlink: /repo/ws/install/include/px4/px4/msg/detail/sensor_airflow__type_support.h
[3.548s] -- Up-to-date symlink: /repo/ws/install/include/px4/px4/msg/detail/sensor_baro__functions.h
[3.548s] -- Up-to-date symlink: /repo/ws/install/include/px4/px4/msg/detail/sensor_baro__struct.h
[3.549s] -- Up-to-date symlink: /repo/ws/install/include/px4/px4/msg/detail/sensor_baro__type_support.h
[3.549s] -- Up-to-date symlink: /repo/ws/install/include/px4/px4/msg/detail/sensor_combined__functions.h
[3.549s] -- Up-to-date symlink: /repo/ws/install/include/px4/px4/msg/detail/sensor_combined__struct.h
[3.549s] -- Up-to-date symlink: /repo/ws/install/include/px4/px4/msg/detail/sensor_combined__type_support.h
[3.550s] -- Up-to-date symlink: /repo/ws/install/include/px4/px4/msg/detail/sensor_correction__functions.h
[3.550s] -- Up-to-date symlink: /repo/ws/install/include/px4/px4/msg/detail/sensor_correction__struct.h
[3.550s] -- Up-to-date symlink: /repo/ws/install/include/px4/px4/msg/detail/sensor_correction__type_support.h
[3.550s] -- Up-to-date symlink: /repo/ws/install/include/px4/px4/msg/detail/sensor_gnss_relative__functions.h
[3.550s] -- Up-to-date symlink: /repo/ws/install/include/px4/px4/msg/detail/sensor_gnss_relative__struct.h
[3.550s] -- Up-to-date symlink: /repo/ws/install/include/px4/px4/msg/detail/sensor_gnss_relative__type_support.h
[3.550s] -- Up-to-date symlink: /repo/ws/install/include/px4/px4/msg/detail/sensor_gps__functions.h
[3.552s] -- Up-to-date symlink: /repo/ws/install/include/px4/px4/msg/detail/sensor_gps__struct.h
[3.552s] -- Up-to-date symlink: /repo/ws/install/include/px4/px4/msg/detail/sensor_gps__type_support.h
[3.552s] -- Up-to-date symlink: /repo/ws/install/include/px4/px4/msg/detail/sensor_gyro__functions.h
[3.552s] -- Up-to-date symlink: /repo/ws/install/include/px4/px4/msg/detail/sensor_gyro__struct.h
[3.553s] -- Up-to-date symlink: /repo/ws/install/include/px4/px4/msg/detail/sensor_gyro__type_support.h
[3.553s] -- Up-to-date symlink: /repo/ws/install/include/px4/px4/msg/detail/sensor_gyro_fft__functions.h
[3.553s] -- Up-to-date symlink: /repo/ws/install/include/px4/px4/msg/detail/sensor_gyro_fft__struct.h
[3.553s] -- Up-to-date symlink: /repo/ws/install/include/px4/px4/msg/detail/sensor_gyro_fft__type_support.h
[3.553s] -- Up-to-date symlink: /repo/ws/install/include/px4/px4/msg/detail/sensor_gyro_fifo__functions.h
[3.553s] -- Up-to-date symlink: /repo/ws/install/include/px4/px4/msg/detail/sensor_gyro_fifo__struct.h
[3.553s] -- Up-to-date symlink: /repo/ws/install/include/px4/px4/msg/detail/sensor_gyro_fifo__type_support.h
[3.553s] -- Up-to-date symlink: /repo/ws/install/include/px4/px4/msg/detail/sensor_hygrometer__functions.h
[3.553s] -- Up-to-date symlink: /repo/ws/install/include/px4/px4/msg/detail/sensor_hygrometer__struct.h
[3.554s] -- Up-to-date symlink: /repo/ws/install/include/px4/px4/msg/detail/sensor_hygrometer__type_support.h
[3.554s] -- Up-to-date symlink: /repo/ws/install/include/px4/px4/msg/detail/sensor_mag__functions.h
[3.554s] -- Up-to-date symlink: /repo/ws/install/include/px4/px4/msg/detail/sensor_mag__struct.h
[3.554s] -- Up-to-date symlink: /repo/ws/install/include/px4/px4/msg/detail/sensor_mag__type_support.h
[3.554s] -- Up-to-date symlink: /repo/ws/install/include/px4/px4/msg/detail/sensor_optical_flow__functions.h
[3.554s] -- Up-to-date symlink: /repo/ws/install/include/px4/px4/msg/detail/sensor_optical_flow__struct.h
[3.554s] -- Up-to-date symlink: /repo/ws/install/include/px4/px4/msg/detail/sensor_optical_flow__type_support.h
[3.554s] -- Up-to-date symlink: /repo/ws/install/include/px4/px4/msg/detail/sensor_preflight_mag__functions.h
[3.554s] -- Up-to-date symlink: /repo/ws/install/include/px4/px4/msg/detail/sensor_preflight_mag__struct.h
[3.554s] -- Up-to-date symlink: /repo/ws/install/include/px4/px4/msg/detail/sensor_preflight_mag__type_support.h
[3.554s] -- Up-to-date symlink: /repo/ws/install/include/px4/px4/msg/detail/sensor_selection__functions.h
[3.555s] -- Up-to-date symlink: /repo/ws/install/include/px4/px4/msg/detail/sensor_selection__struct.h
[3.555s] -- Up-to-date symlink: /repo/ws/install/include/px4/px4/msg/detail/sensor_selection__type_support.h
[3.555s] -- Up-to-date symlink: /repo/ws/install/include/px4/px4/msg/detail/sensor_uwb__functions.h
[3.555s] -- Up-to-date symlink: /repo/ws/install/include/px4/px4/msg/detail/sensor_uwb__struct.h
[3.555s] -- Up-to-date symlink: /repo/ws/install/include/px4/px4/msg/detail/sensor_uwb__type_support.h
[3.555s] -- Up-to-date symlink: /repo/ws/install/include/px4/px4/msg/detail/sensors_status__functions.h
[3.555s] -- Up-to-date symlink: /repo/ws/install/include/px4/px4/msg/detail/sensors_status__struct.h
[3.555s] -- Up-to-date symlink: /repo/ws/install/include/px4/px4/msg/detail/sensors_status__type_support.h
[3.556s] -- Up-to-date symlink: /repo/ws/install/include/px4/px4/msg/detail/sensors_status_imu__functions.h
[3.556s] -- Up-to-date symlink: /repo/ws/install/include/px4/px4/msg/detail/sensors_status_imu__struct.h
[3.556s] -- Up-to-date symlink: /repo/ws/install/include/px4/px4/msg/detail/sensors_status_imu__type_support.h
[3.556s] -- Up-to-date symlink: /repo/ws/install/include/px4/px4/msg/detail/system_power__functions.h
[3.556s] -- Up-to-date symlink: /repo/ws/install/include/px4/px4/msg/detail/system_power__struct.h
[3.556s] -- Up-to-date symlink: /repo/ws/install/include/px4/px4/msg/detail/system_power__type_support.h
[3.557s] -- Up-to-date symlink: /repo/ws/install/include/px4/px4/msg/detail/takeoff_status__functions.h
[3.557s] -- Up-to-date symlink: /repo/ws/install/include/px4/px4/msg/detail/takeoff_status__struct.h
[3.558s] -- Up-to-date symlink: /repo/ws/install/include/px4/px4/msg/detail/takeoff_status__type_support.h
[3.558s] -- Up-to-date symlink: /repo/ws/install/include/px4/px4/msg/detail/task_stack_info__functions.h
[3.558s] -- Up-to-date symlink: /repo/ws/install/include/px4/px4/msg/detail/task_stack_info__struct.h
[3.558s] -- Up-to-date symlink: /repo/ws/install/include/px4/px4/msg/detail/task_stack_info__type_support.h
[3.558s] -- Up-to-date symlink: /repo/ws/install/include/px4/px4/msg/detail/tecs_status__functions.h
[3.558s] -- Up-to-date symlink: /repo/ws/install/include/px4/px4/msg/detail/tecs_status__struct.h
[3.558s] -- Up-to-date symlink: /repo/ws/install/include/px4/px4/msg/detail/tecs_status__type_support.h
[3.558s] -- Up-to-date symlink: /repo/ws/install/include/px4/px4/msg/detail/telemetry_status__functions.h
[3.558s] -- Up-to-date symlink: /repo/ws/install/include/px4/px4/msg/detail/telemetry_status__struct.h
[3.559s] -- Up-to-date symlink: /repo/ws/install/include/px4/px4/msg/detail/telemetry_status__type_support.h
[3.559s] -- Up-to-date symlink: /repo/ws/install/include/px4/px4/msg/detail/tiltrotor_extra_controls__functions.h
[3.559s] -- Up-to-date symlink: /repo/ws/install/include/px4/px4/msg/detail/tiltrotor_extra_controls__struct.h
[3.559s] -- Up-to-date symlink: /repo/ws/install/include/px4/px4/msg/detail/tiltrotor_extra_controls__type_support.h
[3.559s] -- Up-to-date symlink: /repo/ws/install/include/px4/px4/msg/detail/timesync_status__functions.h
[3.559s] -- Up-to-date symlink: /repo/ws/install/include/px4/px4/msg/detail/timesync_status__struct.h
[3.559s] -- Up-to-date symlink: /repo/ws/install/include/px4/px4/msg/detail/timesync_status__type_support.h
[3.560s] -- Up-to-date symlink: /repo/ws/install/include/px4/px4/msg/detail/trajectory_setpoint6dof__functions.h
[3.560s] -- Up-to-date symlink: /repo/ws/install/include/px4/px4/msg/detail/trajectory_setpoint6dof__struct.h
[3.560s] -- Up-to-date symlink: /repo/ws/install/include/px4/px4/msg/detail/trajectory_setpoint6dof__type_support.h
[3.560s] -- Up-to-date symlink: /repo/ws/install/include/px4/px4/msg/detail/trajectory_setpoint__functions.h
[3.560s] -- Up-to-date symlink: /repo/ws/install/include/px4/px4/msg/detail/trajectory_setpoint__struct.h
[3.560s] -- Up-to-date symlink: /repo/ws/install/include/px4/px4/msg/detail/trajectory_setpoint__type_support.h
[3.561s] -- Up-to-date symlink: /repo/ws/install/include/px4/px4/msg/detail/transponder_report__functions.h
[3.561s] -- Up-to-date symlink: /repo/ws/install/include/px4/px4/msg/detail/transponder_report__struct.h
[3.561s] -- Up-to-date symlink: /repo/ws/install/include/px4/px4/msg/detail/transponder_report__type_support.h
[3.561s] -- Up-to-date symlink: /repo/ws/install/include/px4/px4/msg/detail/tune_control__functions.h
[3.561s] -- Up-to-date symlink: /repo/ws/install/include/px4/px4/msg/detail/tune_control__struct.h
[3.561s] -- Up-to-date symlink: /repo/ws/install/include/px4/px4/msg/detail/tune_control__type_support.h
[3.562s] -- Up-to-date symlink: /repo/ws/install/include/px4/px4/msg/detail/uavcan_parameter_request__functions.h
[3.562s] -- Up-to-date symlink: /repo/ws/install/include/px4/px4/msg/detail/uavcan_parameter_request__struct.h
[3.562s] -- Up-to-date symlink: /repo/ws/install/include/px4/px4/msg/detail/uavcan_parameter_request__type_support.h
[3.562s] -- Up-to-date symlink: /repo/ws/install/include/px4/px4/msg/detail/uavcan_parameter_value__functions.h
[3.562s] -- Up-to-date symlink: /repo/ws/install/include/px4/px4/msg/detail/uavcan_parameter_value__struct.h
[3.563s] -- Up-to-date symlink: /repo/ws/install/include/px4/px4/msg/detail/uavcan_parameter_value__type_support.h
[3.563s] -- Up-to-date symlink: /repo/ws/install/include/px4/px4/msg/detail/ulog_stream__functions.h
[3.563s] -- Up-to-date symlink: /repo/ws/install/include/px4/px4/msg/detail/ulog_stream__struct.h
[3.564s] -- Up-to-date symlink: /repo/ws/install/include/px4/px4/msg/detail/ulog_stream__type_support.h
[3.564s] -- Up-to-date symlink: /repo/ws/install/include/px4/px4/msg/detail/ulog_stream_ack__functions.h
[3.564s] -- Up-to-date symlink: /repo/ws/install/include/px4/px4/msg/detail/ulog_stream_ack__struct.h
[3.564s] -- Up-to-date symlink: /repo/ws/install/include/px4/px4/msg/detail/ulog_stream_ack__type_support.h
[3.564s] -- Up-to-date symlink: /repo/ws/install/include/px4/px4/msg/detail/unregister_ext_component__functions.h
[3.564s] -- Up-to-date symlink: /repo/ws/install/include/px4/px4/msg/detail/unregister_ext_component__struct.h
[3.564s] -- Up-to-date symlink: /repo/ws/install/include/px4/px4/msg/detail/unregister_ext_component__type_support.h
[3.564s] -- Up-to-date symlink: /repo/ws/install/include/px4/px4/msg/detail/vehicle_acceleration__functions.h
[3.564s] -- Up-to-date symlink: /repo/ws/install/include/px4/px4/msg/detail/vehicle_acceleration__struct.h
[3.565s] -- Up-to-date symlink: /repo/ws/install/include/px4/px4/msg/detail/vehicle_acceleration__type_support.h
[3.565s] -- Up-to-date symlink: /repo/ws/install/include/px4/px4/msg/detail/vehicle_air_data__functions.h
[3.565s] -- Up-to-date symlink: /repo/ws/install/include/px4/px4/msg/detail/vehicle_air_data__struct.h
[3.565s] -- Up-to-date symlink: /repo/ws/install/include/px4/px4/msg/detail/vehicle_air_data__type_support.h
[3.565s] -- Up-to-date symlink: /repo/ws/install/include/px4/px4/msg/detail/vehicle_angular_acceleration_setpoint__functions.h
[3.565s] -- Up-to-date symlink: /repo/ws/install/include/px4/px4/msg/detail/vehicle_angular_acceleration_setpoint__struct.h
[3.566s] -- Up-to-date symlink: /repo/ws/install/include/px4/px4/msg/detail/vehicle_angular_acceleration_setpoint__type_support.h
[3.566s] -- Up-to-date symlink: /repo/ws/install/include/px4/px4/msg/detail/vehicle_angular_velocity__functions.h
[3.566s] -- Up-to-date symlink: /repo/ws/install/include/px4/px4/msg/detail/vehicle_angular_velocity__struct.h
[3.566s] -- Up-to-date symlink: /repo/ws/install/include/px4/px4/msg/detail/vehicle_angular_velocity__type_support.h
[3.566s] -- Up-to-date symlink: /repo/ws/install/include/px4/px4/msg/detail/vehicle_attitude__functions.h
[3.566s] -- Up-to-date symlink: /repo/ws/install/include/px4/px4/msg/detail/vehicle_attitude__struct.h
[3.567s] -- Up-to-date symlink: /repo/ws/install/include/px4/px4/msg/detail/vehicle_attitude__type_support.h
[3.567s] -- Up-to-date symlink: /repo/ws/install/include/px4/px4/msg/detail/vehicle_attitude_setpoint__functions.h
[3.567s] -- Up-to-date symlink: /repo/ws/install/include/px4/px4/msg/detail/vehicle_attitude_setpoint__struct.h
[3.567s] -- Up-to-date symlink: /repo/ws/install/include/px4/px4/msg/detail/vehicle_attitude_setpoint__type_support.h
[3.567s] -- Up-to-date symlink: /repo/ws/install/include/px4/px4/msg/detail/vehicle_command__functions.h
[3.568s] -- Up-to-date symlink: /repo/ws/install/include/px4/px4/msg/detail/vehicle_command__struct.h
[3.568s] -- Up-to-date symlink: /repo/ws/install/include/px4/px4/msg/detail/vehicle_command__type_support.h
[3.568s] -- Up-to-date symlink: /repo/ws/install/include/px4/px4/msg/detail/vehicle_command_ack__functions.h
[3.568s] -- Up-to-date symlink: /repo/ws/install/include/px4/px4/msg/detail/vehicle_command_ack__struct.h
[3.568s] -- Up-to-date symlink: /repo/ws/install/include/px4/px4/msg/detail/vehicle_command_ack__type_support.h
[3.568s] -- Up-to-date symlink: /repo/ws/install/include/px4/px4/msg/detail/vehicle_constraints__functions.h
[3.570s] -- Up-to-date symlink: /repo/ws/install/include/px4/px4/msg/detail/vehicle_constraints__struct.h
[3.570s] -- Up-to-date symlink: /repo/ws/install/include/px4/px4/msg/detail/vehicle_constraints__type_support.h
[3.570s] -- Up-to-date symlink: /repo/ws/install/include/px4/px4/msg/detail/vehicle_control_mode__functions.h
[3.570s] -- Up-to-date symlink: /repo/ws/install/include/px4/px4/msg/detail/vehicle_control_mode__struct.h
[3.570s] -- Up-to-date symlink: /repo/ws/install/include/px4/px4/msg/detail/vehicle_control_mode__type_support.h
[3.571s] -- Up-to-date symlink: /repo/ws/install/include/px4/px4/msg/detail/vehicle_global_position__functions.h
[3.571s] -- Up-to-date symlink: /repo/ws/install/include/px4/px4/msg/detail/vehicle_global_position__struct.h
[3.571s] -- Up-to-date symlink: /repo/ws/install/include/px4/px4/msg/detail/vehicle_global_position__type_support.h
[3.571s] -- Up-to-date symlink: /repo/ws/install/include/px4/px4/msg/detail/vehicle_imu__functions.h
[3.571s] -- Up-to-date symlink: /repo/ws/install/include/px4/px4/msg/detail/vehicle_imu__struct.h
[3.571s] -- Up-to-date symlink: /repo/ws/install/include/px4/px4/msg/detail/vehicle_imu__type_support.h
[3.571s] -- Up-to-date symlink: /repo/ws/install/include/px4/px4/msg/detail/vehicle_imu_status__functions.h
[3.572s] -- Up-to-date symlink: /repo/ws/install/include/px4/px4/msg/detail/vehicle_imu_status__struct.h
[3.572s] -- Up-to-date symlink: /repo/ws/install/include/px4/px4/msg/detail/vehicle_imu_status__type_support.h
[3.572s] -- Up-to-date symlink: /repo/ws/install/include/px4/px4/msg/detail/vehicle_land_detected__functions.h
[3.572s] -- Up-to-date symlink: /repo/ws/install/include/px4/px4/msg/detail/vehicle_land_detected__struct.h
[3.572s] -- Up-to-date symlink: /repo/ws/install/include/px4/px4/msg/detail/vehicle_land_detected__type_support.h
[3.572s] -- Up-to-date symlink: /repo/ws/install/include/px4/px4/msg/detail/vehicle_local_position__functions.h
[3.572s] -- Up-to-date symlink: /repo/ws/install/include/px4/px4/msg/detail/vehicle_local_position__struct.h
[3.572s] -- Up-to-date symlink: /repo/ws/install/include/px4/px4/msg/detail/vehicle_local_position__type_support.h
[3.572s] -- Up-to-date symlink: /repo/ws/install/include/px4/px4/msg/detail/vehicle_local_position_setpoint__functions.h
[3.572s] -- Up-to-date symlink: /repo/ws/install/include/px4/px4/msg/detail/vehicle_local_position_setpoint__struct.h
[3.572s] -- Up-to-date symlink: /repo/ws/install/include/px4/px4/msg/detail/vehicle_local_position_setpoint__type_support.h
[3.573s] -- Up-to-date symlink: /repo/ws/install/include/px4/px4/msg/detail/vehicle_magnetometer__functions.h
[3.573s] -- Up-to-date symlink: /repo/ws/install/include/px4/px4/msg/detail/vehicle_magnetometer__struct.h
[3.573s] -- Up-to-date symlink: /repo/ws/install/include/px4/px4/msg/detail/vehicle_magnetometer__type_support.h
[3.573s] -- Up-to-date symlink: /repo/ws/install/include/px4/px4/msg/detail/vehicle_odometry__functions.h
[3.573s] -- Up-to-date symlink: /repo/ws/install/include/px4/px4/msg/detail/vehicle_odometry__struct.h
[3.573s] -- Up-to-date symlink: /repo/ws/install/include/px4/px4/msg/detail/vehicle_odometry__type_support.h
[3.574s] -- Up-to-date symlink: /repo/ws/install/include/px4/px4/msg/detail/vehicle_optical_flow__functions.h
[3.574s] -- Up-to-date symlink: /repo/ws/install/include/px4/px4/msg/detail/vehicle_optical_flow__struct.h
[3.574s] -- Up-to-date symlink: /repo/ws/install/include/px4/px4/msg/detail/vehicle_optical_flow__type_support.h
[3.574s] -- Up-to-date symlink: /repo/ws/install/include/px4/px4/msg/detail/vehicle_optical_flow_vel__functions.h
[3.574s] -- Up-to-date symlink: /repo/ws/install/include/px4/px4/msg/detail/vehicle_optical_flow_vel__struct.h
[3.574s] -- Up-to-date symlink: /repo/ws/install/include/px4/px4/msg/detail/vehicle_optical_flow_vel__type_support.h
[3.575s] -- Up-to-date symlink: /repo/ws/install/include/px4/px4/msg/detail/vehicle_rates_setpoint__functions.h
[3.575s] -- Up-to-date symlink: /repo/ws/install/include/px4/px4/msg/detail/vehicle_rates_setpoint__struct.h
[3.575s] -- Up-to-date symlink: /repo/ws/install/include/px4/px4/msg/detail/vehicle_rates_setpoint__type_support.h
[3.575s] -- Up-to-date symlink: /repo/ws/install/include/px4/px4/msg/detail/vehicle_roi__functions.h
[3.575s] -- Up-to-date symlink: /repo/ws/install/include/px4/px4/msg/detail/vehicle_roi__struct.h
[3.575s] -- Up-to-date symlink: /repo/ws/install/include/px4/px4/msg/detail/vehicle_roi__type_support.h
[3.576s] -- Up-to-date symlink: /repo/ws/install/include/px4/px4/msg/detail/vehicle_status__functions.h
[3.576s] -- Up-to-date symlink: /repo/ws/install/include/px4/px4/msg/detail/vehicle_status__struct.h
[3.576s] -- Up-to-date symlink: /repo/ws/install/include/px4/px4/msg/detail/vehicle_status__type_support.h
[3.576s] -- Up-to-date symlink: /repo/ws/install/include/px4/px4/msg/detail/vehicle_thrust_setpoint__functions.h
[3.576s] -- Up-to-date symlink: /repo/ws/install/include/px4/px4/msg/detail/vehicle_thrust_setpoint__struct.h
[3.576s] -- Up-to-date symlink: /repo/ws/install/include/px4/px4/msg/detail/vehicle_thrust_setpoint__type_support.h
[3.577s] -- Up-to-date symlink: /repo/ws/install/include/px4/px4/msg/detail/vehicle_torque_setpoint__functions.h
[3.577s] -- Up-to-date symlink: /repo/ws/install/include/px4/px4/msg/detail/vehicle_torque_setpoint__struct.h
[3.577s] -- Up-to-date symlink: /repo/ws/install/include/px4/px4/msg/detail/vehicle_torque_setpoint__type_support.h
[3.577s] -- Up-to-date symlink: /repo/ws/install/include/px4/px4/msg/detail/velocity_limits__functions.h
[3.577s] -- Up-to-date symlink: /repo/ws/install/include/px4/px4/msg/detail/velocity_limits__struct.h
[3.577s] -- Up-to-date symlink: /repo/ws/install/include/px4/px4/msg/detail/velocity_limits__type_support.h
[3.578s] -- Up-to-date symlink: /repo/ws/install/include/px4/px4/msg/detail/vtol_vehicle_status__functions.h
[3.578s] -- Up-to-date symlink: /repo/ws/install/include/px4/px4/msg/detail/vtol_vehicle_status__struct.h
[3.578s] -- Up-to-date symlink: /repo/ws/install/include/px4/px4/msg/detail/vtol_vehicle_status__type_support.h
[3.578s] -- Up-to-date symlink: /repo/ws/install/include/px4/px4/msg/detail/wheel_encoders__functions.h
[3.579s] -- Up-to-date symlink: /repo/ws/install/include/px4/px4/msg/detail/wheel_encoders__struct.h
[3.579s] -- Up-to-date symlink: /repo/ws/install/include/px4/px4/msg/detail/wheel_encoders__type_support.h
[3.579s] -- Up-to-date symlink: /repo/ws/install/include/px4/px4/msg/detail/wind__functions.h
[3.579s] -- Up-to-date symlink: /repo/ws/install/include/px4/px4/msg/detail/wind__struct.h
[3.579s] -- Up-to-date symlink: /repo/ws/install/include/px4/px4/msg/detail/wind__type_support.h
[3.579s] -- Up-to-date symlink: /repo/ws/install/include/px4/px4/msg/detail/yaw_estimator_status__functions.h
[3.580s] -- Up-to-date symlink: /repo/ws/install/include/px4/px4/msg/detail/yaw_estimator_status__struct.h
[3.580s] -- Up-to-date symlink: /repo/ws/install/include/px4/px4/msg/detail/yaw_estimator_status__type_support.h
[3.580s] -- Up-to-date symlink: /repo/ws/install/include/px4/px4/msg/differential_pressure.h
[3.580s] -- Up-to-date symlink: /repo/ws/install/include/px4/px4/msg/differential_velocity_setpoint.h
[3.580s] -- Up-to-date symlink: /repo/ws/install/include/px4/px4/msg/distance_sensor.h
[3.580s] -- Up-to-date symlink: /repo/ws/install/include/px4/px4/msg/distance_sensor_mode_change_request.h
[3.581s] -- Up-to-date symlink: /repo/ws/install/include/px4/px4/msg/ekf2_timestamps.h
[3.581s] -- Up-to-date symlink: /repo/ws/install/include/px4/px4/msg/esc_report.h
[3.581s] -- Up-to-date symlink: /repo/ws/install/include/px4/px4/msg/esc_status.h
[3.581s] -- Up-to-date symlink: /repo/ws/install/include/px4/px4/msg/estimator_aid_source1d.h
[3.581s] -- Up-to-date symlink: /repo/ws/install/include/px4/px4/msg/estimator_aid_source2d.h
[3.581s] -- Up-to-date symlink: /repo/ws/install/include/px4/px4/msg/estimator_aid_source3d.h
[3.582s] -- Up-to-date symlink: /repo/ws/install/include/px4/px4/msg/estimator_bias.h
[3.582s] -- Up-to-date symlink: /repo/ws/install/include/px4/px4/msg/estimator_bias3d.h
[3.582s] -- Up-to-date symlink: /repo/ws/install/include/px4/px4/msg/estimator_event_flags.h
[3.582s] -- Up-to-date symlink: /repo/ws/install/include/px4/px4/msg/estimator_gps_status.h
[3.582s] -- Up-to-date symlink: /repo/ws/install/include/px4/px4/msg/estimator_innovations.h
[3.582s] -- Up-to-date symlink: /repo/ws/install/include/px4/px4/msg/estimator_selector_status.h
[3.583s] -- Up-to-date symlink: /repo/ws/install/include/px4/px4/msg/estimator_sensor_bias.h
[3.583s] -- Up-to-date symlink: /repo/ws/install/include/px4/px4/msg/estimator_states.h
[3.583s] -- Up-to-date symlink: /repo/ws/install/include/px4/px4/msg/estimator_status.h
[3.583s] -- Up-to-date symlink: /repo/ws/install/include/px4/px4/msg/estimator_status_flags.h
[3.583s] -- Up-to-date symlink: /repo/ws/install/include/px4/px4/msg/event.h
[3.583s] -- Up-to-date symlink: /repo/ws/install/include/px4/px4/msg/failsafe_flags.h
[3.584s] -- Up-to-date symlink: /repo/ws/install/include/px4/px4/msg/failure_detector_status.h
[3.584s] -- Up-to-date symlink: /repo/ws/install/include/px4/px4/msg/figure_eight_status.h
[3.584s] -- Up-to-date symlink: /repo/ws/install/include/px4/px4/msg/flight_phase_estimation.h
[3.584s] -- Up-to-date symlink: /repo/ws/install/include/px4/px4/msg/follow_target.h
[3.584s] -- Up-to-date symlink: /repo/ws/install/include/px4/px4/msg/follow_target_estimator.h
[3.584s] -- Up-to-date symlink: /repo/ws/install/include/px4/px4/msg/follow_target_status.h
[3.585s] -- Up-to-date symlink: /repo/ws/install/include/px4/px4/msg/fuel_tank_status.h
[3.585s] -- Up-to-date symlink: /repo/ws/install/include/px4/px4/msg/generator_status.h
[3.585s] -- Up-to-date symlink: /repo/ws/install/include/px4/px4/msg/geofence_result.h
[3.585s] -- Up-to-date symlink: /repo/ws/install/include/px4/px4/msg/geofence_status.h
[3.585s] -- Up-to-date symlink: /repo/ws/install/include/px4/px4/msg/gimbal_controls.h
[3.585s] -- Up-to-date symlink: /repo/ws/install/include/px4/px4/msg/gimbal_device_attitude_status.h
[3.586s] -- Up-to-date symlink: /repo/ws/install/include/px4/px4/msg/gimbal_device_information.h
[3.586s] -- Up-to-date symlink: /repo/ws/install/include/px4/px4/msg/gimbal_device_set_attitude.h
[3.586s] -- Up-to-date symlink: /repo/ws/install/include/px4/px4/msg/gimbal_manager_information.h
[3.586s] -- Up-to-date symlink: /repo/ws/install/include/px4/px4/msg/gimbal_manager_set_attitude.h
[3.586s] -- Up-to-date symlink: /repo/ws/install/include/px4/px4/msg/gimbal_manager_set_manual_control.h
[3.586s] -- Up-to-date symlink: /repo/ws/install/include/px4/px4/msg/gimbal_manager_status.h
[3.587s] -- Up-to-date symlink: /repo/ws/install/include/px4/px4/msg/goto_setpoint.h
[3.587s] -- Up-to-date symlink: /repo/ws/install/include/px4/px4/msg/gpio_config.h
[3.587s] -- Up-to-date symlink: /repo/ws/install/include/px4/px4/msg/gpio_in.h
[3.587s] -- Up-to-date symlink: /repo/ws/install/include/px4/px4/msg/gpio_out.h
[3.587s] -- Up-to-date symlink: /repo/ws/install/include/px4/px4/msg/gpio_request.h
[3.587s] -- Up-to-date symlink: /repo/ws/install/include/px4/px4/msg/gps_dump.h
[3.588s] -- Up-to-date symlink: /repo/ws/install/include/px4/px4/msg/gps_inject_data.h
[3.588s] -- Up-to-date symlink: /repo/ws/install/include/px4/px4/msg/gripper.h
[3.588s] -- Up-to-date symlink: /repo/ws/install/include/px4/px4/msg/health_report.h
[3.588s] -- Up-to-date symlink: /repo/ws/install/include/px4/px4/msg/heater_status.h
[3.588s] -- Up-to-date symlink: /repo/ws/install/include/px4/px4/msg/home_position.h
[3.588s] -- Up-to-date symlink: /repo/ws/install/include/px4/px4/msg/hover_thrust_estimate.h
[3.588s] -- Up-to-date symlink: /repo/ws/install/include/px4/px4/msg/input_rc.h
[3.589s] -- Up-to-date symlink: /repo/ws/install/include/px4/px4/msg/internal_combustion_engine_control.h
[3.589s] -- Up-to-date symlink: /repo/ws/install/include/px4/px4/msg/internal_combustion_engine_status.h
[3.589s] -- Up-to-date symlink: /repo/ws/install/include/px4/px4/msg/iridiumsbd_status.h
[3.589s] -- Up-to-date symlink: /repo/ws/install/include/px4/px4/msg/irlock_report.h
[3.589s] -- Up-to-date symlink: /repo/ws/install/include/px4/px4/msg/landing_gear.h
[3.589s] -- Up-to-date symlink: /repo/ws/install/include/px4/px4/msg/landing_gear_wheel.h
[3.590s] -- Up-to-date symlink: /repo/ws/install/include/px4/px4/msg/landing_target_innovations.h
[3.590s] -- Up-to-date symlink: /repo/ws/install/include/px4/px4/msg/landing_target_pose.h
[3.590s] -- Up-to-date symlink: /repo/ws/install/include/px4/px4/msg/launch_detection_status.h
[3.590s] -- Up-to-date symlink: /repo/ws/install/include/px4/px4/msg/led_control.h
[3.590s] -- Up-to-date symlink: /repo/ws/install/include/px4/px4/msg/log_message.h
[3.590s] -- Up-to-date symlink: /repo/ws/install/include/px4/px4/msg/logger_status.h
[3.591s] -- Up-to-date symlink: /repo/ws/install/include/px4/px4/msg/mag_worker_data.h
[3.591s] -- Up-to-date symlink: /repo/ws/install/include/px4/px4/msg/magnetometer_bias_estimate.h
[3.591s] -- Up-to-date symlink: /repo/ws/install/include/px4/px4/msg/manual_control_setpoint.h
[3.591s] -- Up-to-date symlink: /repo/ws/install/include/px4/px4/msg/manual_control_switches.h
[3.591s] -- Up-to-date symlink: /repo/ws/install/include/px4/px4/msg/mavlink_log.h
[3.591s] -- Up-to-date symlink: /repo/ws/install/include/px4/px4/msg/mavlink_tunnel.h
[3.592s] -- Up-to-date symlink: /repo/ws/install/include/px4/px4/msg/message_format_request.h
[3.592s] -- Up-to-date symlink: /repo/ws/install/include/px4/px4/msg/message_format_response.h
[3.592s] -- Up-to-date symlink: /repo/ws/install/include/px4/px4/msg/mission.h
[3.592s] -- Up-to-date symlink: /repo/ws/install/include/px4/px4/msg/mission_result.h
[3.592s] -- Up-to-date symlink: /repo/ws/install/include/px4/px4/msg/mode_completed.h
[3.592s] -- Up-to-date symlink: /repo/ws/install/include/px4/px4/msg/mount_orientation.h
[3.593s] -- Up-to-date symlink: /repo/ws/install/include/px4/px4/msg/navigator_mission_item.h
[3.593s] -- Up-to-date symlink: /repo/ws/install/include/px4/px4/msg/navigator_status.h
[3.593s] -- Up-to-date symlink: /repo/ws/install/include/px4/px4/msg/normalized_unsigned_setpoint.h
[3.593s] -- Up-to-date symlink: /repo/ws/install/include/px4/px4/msg/npfg_status.h
[3.593s] -- Up-to-date symlink: /repo/ws/install/include/px4/px4/msg/obstacle_distance.h
[3.593s] -- Up-to-date symlink: /repo/ws/install/include/px4/px4/msg/offboard_control_mode.h
[3.594s] -- Up-to-date symlink: /repo/ws/install/include/px4/px4/msg/onboard_computer_status.h
[3.594s] -- Up-to-date symlink: /repo/ws/install/include/px4/px4/msg/open_drone_id_arm_status.h
[3.594s] -- Up-to-date symlink: /repo/ws/install/include/px4/px4/msg/open_drone_id_operator_id.h
[3.594s] -- Up-to-date symlink: /repo/ws/install/include/px4/px4/msg/open_drone_id_self_id.h
[3.594s] -- Up-to-date symlink: /repo/ws/install/include/px4/px4/msg/open_drone_id_system.h
[3.594s] -- Up-to-date symlink: /repo/ws/install/include/px4/px4/msg/orb_test.h
[3.595s] -- Up-to-date symlink: /repo/ws/install/include/px4/px4/msg/orb_test_large.h
[3.595s] -- Up-to-date symlink: /repo/ws/install/include/px4/px4/msg/orb_test_medium.h
[3.595s] -- Up-to-date symlink: /repo/ws/install/include/px4/px4/msg/orbit_status.h
[3.595s] -- Up-to-date symlink: /repo/ws/install/include/px4/px4/msg/parameter_reset_request.h
[3.595s] -- Up-to-date symlink: /repo/ws/install/include/px4/px4/msg/parameter_set_used_request.h
[3.595s] -- Up-to-date symlink: /repo/ws/install/include/px4/px4/msg/parameter_set_value_request.h
[3.596s] -- Up-to-date symlink: /repo/ws/install/include/px4/px4/msg/parameter_set_value_response.h
[3.596s] -- Up-to-date symlink: /repo/ws/install/include/px4/px4/msg/parameter_update.h
[3.596s] -- Up-to-date symlink: /repo/ws/install/include/px4/px4/msg/ping.h
[3.596s] -- Up-to-date symlink: /repo/ws/install/include/px4/px4/msg/position_controller_landing_status.h
[3.596s] -- Up-to-date symlink: /repo/ws/install/include/px4/px4/msg/position_controller_status.h
[3.596s] -- Up-to-date symlink: /repo/ws/install/include/px4/px4/msg/position_setpoint.h
[3.597s] -- Up-to-date symlink: /repo/ws/install/include/px4/px4/msg/position_setpoint_triplet.h
[3.597s] -- Up-to-date symlink: /repo/ws/install/include/px4/px4/msg/power_button_state.h
[3.597s] -- Up-to-date symlink: /repo/ws/install/include/px4/px4/msg/power_monitor.h
[3.597s] -- Up-to-date symlink: /repo/ws/install/include/px4/px4/msg/pps_capture.h
[3.597s] -- Up-to-date symlink: /repo/ws/install/include/px4/px4/msg/pure_pursuit_status.h
[3.597s] -- Up-to-date symlink: /repo/ws/install/include/px4/px4/msg/pwm_input.h
[3.598s] -- Up-to-date symlink: /repo/ws/install/include/px4/px4/msg/px4io_status.h
[3.598s] -- Up-to-date symlink: /repo/ws/install/include/px4/px4/msg/qshell_req.h
[3.598s] -- Up-to-date symlink: /repo/ws/install/include/px4/px4/msg/qshell_retval.h
[3.598s] -- Up-to-date symlink: /repo/ws/install/include/px4/px4/msg/radio_status.h
[3.598s] -- Up-to-date symlink: /repo/ws/install/include/px4/px4/msg/rate_ctrl_status.h
[3.598s] -- Up-to-date symlink: /repo/ws/install/include/px4/px4/msg/rc_channels.h
[3.598s] -- Up-to-date symlink: /repo/ws/install/include/px4/px4/msg/rc_parameter_map.h
[3.599s] -- Up-to-date symlink: /repo/ws/install/include/px4/px4/msg/register_ext_component_reply.h
[3.599s] -- Up-to-date symlink: /repo/ws/install/include/px4/px4/msg/register_ext_component_request.h
[3.599s] -- Up-to-date symlink: /repo/ws/install/include/px4/px4/msg/rosidl_generator_c__visibility_control.h
[3.599s] -- Up-to-date symlink: /repo/ws/install/include/px4/px4/msg/rover_attitude_setpoint.h
[3.600s] -- Up-to-date symlink: /repo/ws/install/include/px4/px4/msg/rover_attitude_status.h
[3.600s] -- Up-to-date symlink: /repo/ws/install/include/px4/px4/msg/rover_position_setpoint.h
[3.600s] -- Up-to-date symlink: /repo/ws/install/include/px4/px4/msg/rover_rate_setpoint.h
[3.600s] -- Up-to-date symlink: /repo/ws/install/include/px4/px4/msg/rover_rate_status.h
[3.600s] -- Up-to-date symlink: /repo/ws/install/include/px4/px4/msg/rover_steering_setpoint.h
[3.600s] -- Up-to-date symlink: /repo/ws/install/include/px4/px4/msg/rover_throttle_setpoint.h
[3.601s] -- Up-to-date symlink: /repo/ws/install/include/px4/px4/msg/rover_velocity_status.h
[3.601s] -- Up-to-date symlink: /repo/ws/install/include/px4/px4/msg/rpm.h
[3.601s] -- Up-to-date symlink: /repo/ws/install/include/px4/px4/msg/rtl_status.h
[3.601s] -- Up-to-date symlink: /repo/ws/install/include/px4/px4/msg/rtl_time_estimate.h
[3.601s] -- Up-to-date symlink: /repo/ws/install/include/px4/px4/msg/satellite_info.h
[3.601s] -- Up-to-date symlink: /repo/ws/install/include/px4/px4/msg/sensor_accel.h
[3.601s] -- Up-to-date symlink: /repo/ws/install/include/px4/px4/msg/sensor_accel_fifo.h
[3.602s] -- Up-to-date symlink: /repo/ws/install/include/px4/px4/msg/sensor_airflow.h
[3.602s] -- Up-to-date symlink: /repo/ws/install/include/px4/px4/msg/sensor_baro.h
[3.602s] -- Up-to-date symlink: /repo/ws/install/include/px4/px4/msg/sensor_combined.h
[3.602s] -- Up-to-date symlink: /repo/ws/install/include/px4/px4/msg/sensor_correction.h
[3.602s] -- Up-to-date symlink: /repo/ws/install/include/px4/px4/msg/sensor_gnss_relative.h
[3.602s] -- Up-to-date symlink: /repo/ws/install/include/px4/px4/msg/sensor_gps.h
[3.603s] -- Up-to-date symlink: /repo/ws/install/include/px4/px4/msg/sensor_gyro.h
[3.603s] -- Up-to-date symlink: /repo/ws/install/include/px4/px4/msg/sensor_gyro_fft.h
[3.603s] -- Up-to-date symlink: /repo/ws/install/include/px4/px4/msg/sensor_gyro_fifo.h
[3.603s] -- Up-to-date symlink: /repo/ws/install/include/px4/px4/msg/sensor_hygrometer.h
[3.603s] -- Up-to-date symlink: /repo/ws/install/include/px4/px4/msg/sensor_mag.h
[3.603s] -- Up-to-date symlink: /repo/ws/install/include/px4/px4/msg/sensor_optical_flow.h
[3.604s] -- Up-to-date symlink: /repo/ws/install/include/px4/px4/msg/sensor_preflight_mag.h
[3.604s] -- Up-to-date symlink: /repo/ws/install/include/px4/px4/msg/sensor_selection.h
[3.604s] -- Up-to-date symlink: /repo/ws/install/include/px4/px4/msg/sensor_uwb.h
[3.604s] -- Up-to-date symlink: /repo/ws/install/include/px4/px4/msg/sensors_status.h
[3.604s] -- Up-to-date symlink: /repo/ws/install/include/px4/px4/msg/sensors_status_imu.h
[3.604s] -- Up-to-date symlink: /repo/ws/install/include/px4/px4/msg/system_power.h
[3.604s] -- Up-to-date symlink: /repo/ws/install/include/px4/px4/msg/takeoff_status.h
[3.605s] -- Up-to-date symlink: /repo/ws/install/include/px4/px4/msg/task_stack_info.h
[3.605s] -- Up-to-date symlink: /repo/ws/install/include/px4/px4/msg/tecs_status.h
[3.605s] -- Up-to-date symlink: /repo/ws/install/include/px4/px4/msg/telemetry_status.h
[3.605s] -- Up-to-date symlink: /repo/ws/install/include/px4/px4/msg/tiltrotor_extra_controls.h
[3.605s] -- Up-to-date symlink: /repo/ws/install/include/px4/px4/msg/timesync_status.h
[3.605s] -- Up-to-date symlink: /repo/ws/install/include/px4/px4/msg/trajectory_setpoint.h
[3.606s] -- Up-to-date symlink: /repo/ws/install/include/px4/px4/msg/trajectory_setpoint6dof.h
[3.606s] -- Up-to-date symlink: /repo/ws/install/include/px4/px4/msg/transponder_report.h
[3.606s] -- Up-to-date symlink: /repo/ws/install/include/px4/px4/msg/tune_control.h
[3.606s] -- Up-to-date symlink: /repo/ws/install/include/px4/px4/msg/uavcan_parameter_request.h
[3.606s] -- Up-to-date symlink: /repo/ws/install/include/px4/px4/msg/uavcan_parameter_value.h
[3.606s] -- Up-to-date symlink: /repo/ws/install/include/px4/px4/msg/ulog_stream.h
[3.607s] -- Up-to-date symlink: /repo/ws/install/include/px4/px4/msg/ulog_stream_ack.h
[3.607s] -- Up-to-date symlink: /repo/ws/install/include/px4/px4/msg/unregister_ext_component.h
[3.607s] -- Up-to-date symlink: /repo/ws/install/include/px4/px4/msg/vehicle_acceleration.h
[3.607s] -- Up-to-date symlink: /repo/ws/install/include/px4/px4/msg/vehicle_air_data.h
[3.608s] -- Up-to-date symlink: /repo/ws/install/include/px4/px4/msg/vehicle_angular_acceleration_setpoint.h
[3.608s] -- Up-to-date symlink: /repo/ws/install/include/px4/px4/msg/vehicle_angular_velocity.h
[3.608s] -- Up-to-date symlink: /repo/ws/install/include/px4/px4/msg/vehicle_attitude.h
[3.608s] -- Up-to-date symlink: /repo/ws/install/include/px4/px4/msg/vehicle_attitude_setpoint.h
[3.608s] -- Up-to-date symlink: /repo/ws/install/include/px4/px4/msg/vehicle_command.h
[3.608s] -- Up-to-date symlink: /repo/ws/install/include/px4/px4/msg/vehicle_command_ack.h
[3.608s] -- Up-to-date symlink: /repo/ws/install/include/px4/px4/msg/vehicle_constraints.h
[3.608s] -- Up-to-date symlink: /repo/ws/install/include/px4/px4/msg/vehicle_control_mode.h
[3.609s] -- Up-to-date symlink: /repo/ws/install/include/px4/px4/msg/vehicle_global_position.h
[3.609s] -- Up-to-date symlink: /repo/ws/install/include/px4/px4/msg/vehicle_imu.h
[3.609s] -- Up-to-date symlink: /repo/ws/install/include/px4/px4/msg/vehicle_imu_status.h
[3.609s] -- Up-to-date symlink: /repo/ws/install/include/px4/px4/msg/vehicle_land_detected.h
[3.609s] -- Up-to-date symlink: /repo/ws/install/include/px4/px4/msg/vehicle_local_position.h
[3.609s] -- Up-to-date symlink: /repo/ws/install/include/px4/px4/msg/vehicle_local_position_setpoint.h
[3.610s] -- Up-to-date symlink: /repo/ws/install/include/px4/px4/msg/vehicle_magnetometer.h
[3.610s] -- Up-to-date symlink: /repo/ws/install/include/px4/px4/msg/vehicle_odometry.h
[3.610s] -- Up-to-date symlink: /repo/ws/install/include/px4/px4/msg/vehicle_optical_flow.h
[3.610s] -- Up-to-date symlink: /repo/ws/install/include/px4/px4/msg/vehicle_optical_flow_vel.h
[3.611s] -- Up-to-date symlink: /repo/ws/install/include/px4/px4/msg/vehicle_rates_setpoint.h
[3.611s] -- Up-to-date symlink: /repo/ws/install/include/px4/px4/msg/vehicle_roi.h
[3.611s] -- Up-to-date symlink: /repo/ws/install/include/px4/px4/msg/vehicle_status.h
[3.611s] -- Up-to-date symlink: /repo/ws/install/include/px4/px4/msg/vehicle_thrust_setpoint.h
[3.611s] -- Up-to-date symlink: /repo/ws/install/include/px4/px4/msg/vehicle_torque_setpoint.h
[3.612s] -- Up-to-date symlink: /repo/ws/install/include/px4/px4/msg/velocity_limits.h
[3.612s] -- Up-to-date symlink: /repo/ws/install/include/px4/px4/msg/vtol_vehicle_status.h
[3.612s] -- Up-to-date symlink: /repo/ws/install/include/px4/px4/msg/wheel_encoders.h
[3.612s] -- Up-to-date symlink: /repo/ws/install/include/px4/px4/msg/wind.h
[3.612s] -- Up-to-date symlink: /repo/ws/install/include/px4/px4/msg/yaw_estimator_status.h
[3.613s] -- Up-to-date symlink: /repo/ws/install/share/px4/environment/library_path.sh
[3.613s] -- Up-to-date symlink: /repo/ws/install/share/px4/environment/library_path.dsv
[3.627s] -- Up-to-date symlink: /repo/ws/install/include/px4/px4/msg/detail/ackermann_velocity_setpoint__rosidl_typesupport_fastrtps_c.h
[3.627s] -- Up-to-date symlink: /repo/ws/install/include/px4/px4/msg/detail/action_request__rosidl_typesupport_fastrtps_c.h
[3.627s] -- Up-to-date symlink: /repo/ws/install/include/px4/px4/msg/detail/actuator_armed__rosidl_typesupport_fastrtps_c.h
[3.627s] -- Up-to-date symlink: /repo/ws/install/include/px4/px4/msg/detail/actuator_controls_status__rosidl_typesupport_fastrtps_c.h
[3.627s] -- Up-to-date symlink: /repo/ws/install/include/px4/px4/msg/detail/actuator_motors__rosidl_typesupport_fastrtps_c.h
[3.628s] -- Up-to-date symlink: /repo/ws/install/include/px4/px4/msg/detail/actuator_outputs__rosidl_typesupport_fastrtps_c.h
[3.628s] -- Up-to-date symlink: /repo/ws/install/include/px4/px4/msg/detail/actuator_servos__rosidl_typesupport_fastrtps_c.h
[3.628s] -- Up-to-date symlink: /repo/ws/install/include/px4/px4/msg/detail/actuator_servos_trim__rosidl_typesupport_fastrtps_c.h
[3.628s] -- Up-to-date symlink: /repo/ws/install/include/px4/px4/msg/detail/actuator_test__rosidl_typesupport_fastrtps_c.h
[3.628s] -- Up-to-date symlink: /repo/ws/install/include/px4/px4/msg/detail/adc_report__rosidl_typesupport_fastrtps_c.h
[3.629s] -- Up-to-date symlink: /repo/ws/install/include/px4/px4/msg/detail/airspeed__rosidl_typesupport_fastrtps_c.h
[3.629s] -- Up-to-date symlink: /repo/ws/install/include/px4/px4/msg/detail/airspeed_validated__rosidl_typesupport_fastrtps_c.h
[3.629s] -- Up-to-date symlink: /repo/ws/install/include/px4/px4/msg/detail/airspeed_wind__rosidl_typesupport_fastrtps_c.h
[3.629s] -- Up-to-date symlink: /repo/ws/install/include/px4/px4/msg/detail/arming_check_reply__rosidl_typesupport_fastrtps_c.h
[3.629s] -- Up-to-date symlink: /repo/ws/install/include/px4/px4/msg/detail/arming_check_request__rosidl_typesupport_fastrtps_c.h
[3.630s] -- Up-to-date symlink: /repo/ws/install/include/px4/px4/msg/detail/autotune_attitude_control_status__rosidl_typesupport_fastrtps_c.h
[3.630s] -- Up-to-date symlink: /repo/ws/install/include/px4/px4/msg/detail/battery_status__rosidl_typesupport_fastrtps_c.h
[3.630s] -- Up-to-date symlink: /repo/ws/install/include/px4/px4/msg/detail/button_event__rosidl_typesupport_fastrtps_c.h
[3.630s] -- Up-to-date symlink: /repo/ws/install/include/px4/px4/msg/detail/camera_capture__rosidl_typesupport_fastrtps_c.h
[3.630s] -- Up-to-date symlink: /repo/ws/install/include/px4/px4/msg/detail/camera_status__rosidl_typesupport_fastrtps_c.h
[3.630s] -- Up-to-date symlink: /repo/ws/install/include/px4/px4/msg/detail/camera_trigger__rosidl_typesupport_fastrtps_c.h
[3.631s] -- Up-to-date symlink: /repo/ws/install/include/px4/px4/msg/detail/can_interface_status__rosidl_typesupport_fastrtps_c.h
[3.631s] -- Up-to-date symlink: /repo/ws/install/include/px4/px4/msg/detail/cellular_status__rosidl_typesupport_fastrtps_c.h
[3.631s] -- Up-to-date symlink: /repo/ws/install/include/px4/px4/msg/detail/collision_constraints__rosidl_typesupport_fastrtps_c.h
[3.631s] -- Up-to-date symlink: /repo/ws/install/include/px4/px4/msg/detail/config_overrides__rosidl_typesupport_fastrtps_c.h
[3.632s] -- Up-to-date symlink: /repo/ws/install/include/px4/px4/msg/detail/control_allocator_status__rosidl_typesupport_fastrtps_c.h
[3.632s] -- Up-to-date symlink: /repo/ws/install/include/px4/px4/msg/detail/cpuload__rosidl_typesupport_fastrtps_c.h
[3.632s] -- Up-to-date symlink: /repo/ws/install/include/px4/px4/msg/detail/dataman_request__rosidl_typesupport_fastrtps_c.h
[3.632s] -- Up-to-date symlink: /repo/ws/install/include/px4/px4/msg/detail/dataman_response__rosidl_typesupport_fastrtps_c.h
[3.632s] -- Up-to-date symlink: /repo/ws/install/include/px4/px4/msg/detail/debug_array__rosidl_typesupport_fastrtps_c.h
[3.632s] -- Up-to-date symlink: /repo/ws/install/include/px4/px4/msg/detail/debug_key_value__rosidl_typesupport_fastrtps_c.h
[3.633s] -- Up-to-date symlink: /repo/ws/install/include/px4/px4/msg/detail/debug_value__rosidl_typesupport_fastrtps_c.h
[3.633s] -- Up-to-date symlink: /repo/ws/install/include/px4/px4/msg/detail/debug_vect__rosidl_typesupport_fastrtps_c.h
[3.633s] -- Up-to-date symlink: /repo/ws/install/include/px4/px4/msg/detail/differential_pressure__rosidl_typesupport_fastrtps_c.h
[3.633s] -- Up-to-date symlink: /repo/ws/install/include/px4/px4/msg/detail/differential_velocity_setpoint__rosidl_typesupport_fastrtps_c.h
[3.633s] -- Up-to-date symlink: /repo/ws/install/include/px4/px4/msg/detail/distance_sensor__rosidl_typesupport_fastrtps_c.h
[3.633s] -- Up-to-date symlink: /repo/ws/install/include/px4/px4/msg/detail/distance_sensor_mode_change_request__rosidl_typesupport_fastrtps_c.h
[3.634s] -- Up-to-date symlink: /repo/ws/install/include/px4/px4/msg/detail/ekf2_timestamps__rosidl_typesupport_fastrtps_c.h
[3.634s] -- Up-to-date symlink: /repo/ws/install/include/px4/px4/msg/detail/esc_report__rosidl_typesupport_fastrtps_c.h
[3.634s] -- Up-to-date symlink: /repo/ws/install/include/px4/px4/msg/detail/esc_status__rosidl_typesupport_fastrtps_c.h
[3.635s] -- Up-to-date symlink: /repo/ws/install/include/px4/px4/msg/detail/estimator_aid_source1d__rosidl_typesupport_fastrtps_c.h
[3.635s] -- Up-to-date symlink: /repo/ws/install/include/px4/px4/msg/detail/estimator_aid_source2d__rosidl_typesupport_fastrtps_c.h
[3.635s] -- Up-to-date symlink: /repo/ws/install/include/px4/px4/msg/detail/estimator_aid_source3d__rosidl_typesupport_fastrtps_c.h
[3.635s] -- Up-to-date symlink: /repo/ws/install/include/px4/px4/msg/detail/estimator_bias3d__rosidl_typesupport_fastrtps_c.h
[3.636s] -- Up-to-date symlink: /repo/ws/install/include/px4/px4/msg/detail/estimator_bias__rosidl_typesupport_fastrtps_c.h
[3.636s] -- Up-to-date symlink: /repo/ws/install/include/px4/px4/msg/detail/estimator_event_flags__rosidl_typesupport_fastrtps_c.h
[3.636s] -- Up-to-date symlink: /repo/ws/install/include/px4/px4/msg/detail/estimator_gps_status__rosidl_typesupport_fastrtps_c.h
[3.636s] -- Up-to-date symlink: /repo/ws/install/include/px4/px4/msg/detail/estimator_innovations__rosidl_typesupport_fastrtps_c.h
[3.636s] -- Up-to-date symlink: /repo/ws/install/include/px4/px4/msg/detail/estimator_selector_status__rosidl_typesupport_fastrtps_c.h
[3.636s] -- Up-to-date symlink: /repo/ws/install/include/px4/px4/msg/detail/estimator_sensor_bias__rosidl_typesupport_fastrtps_c.h
[3.637s] -- Up-to-date symlink: /repo/ws/install/include/px4/px4/msg/detail/estimator_states__rosidl_typesupport_fastrtps_c.h
[3.637s] -- Up-to-date symlink: /repo/ws/install/include/px4/px4/msg/detail/estimator_status__rosidl_typesupport_fastrtps_c.h
[3.638s] -- Up-to-date symlink: /repo/ws/install/include/px4/px4/msg/detail/estimator_status_flags__rosidl_typesupport_fastrtps_c.h
[3.638s] -- Up-to-date symlink: /repo/ws/install/include/px4/px4/msg/detail/event__rosidl_typesupport_fastrtps_c.h
[3.638s] -- Up-to-date symlink: /repo/ws/install/include/px4/px4/msg/detail/failsafe_flags__rosidl_typesupport_fastrtps_c.h
[3.638s] -- Up-to-date symlink: /repo/ws/install/include/px4/px4/msg/detail/failure_detector_status__rosidl_typesupport_fastrtps_c.h
[3.638s] -- Up-to-date symlink: /repo/ws/install/include/px4/px4/msg/detail/figure_eight_status__rosidl_typesupport_fastrtps_c.h
[3.639s] -- Up-to-date symlink: /repo/ws/install/include/px4/px4/msg/detail/flight_phase_estimation__rosidl_typesupport_fastrtps_c.h
[3.639s] -- Up-to-date symlink: /repo/ws/install/include/px4/px4/msg/detail/follow_target__rosidl_typesupport_fastrtps_c.h
[3.639s] -- Up-to-date symlink: /repo/ws/install/include/px4/px4/msg/detail/follow_target_estimator__rosidl_typesupport_fastrtps_c.h
[3.639s] -- Up-to-date symlink: /repo/ws/install/include/px4/px4/msg/detail/follow_target_status__rosidl_typesupport_fastrtps_c.h
[3.639s] -- Up-to-date symlink: /repo/ws/install/include/px4/px4/msg/detail/fuel_tank_status__rosidl_typesupport_fastrtps_c.h
[3.639s] -- Up-to-date symlink: /repo/ws/install/include/px4/px4/msg/detail/generator_status__rosidl_typesupport_fastrtps_c.h
[3.639s] -- Up-to-date symlink: /repo/ws/install/include/px4/px4/msg/detail/geofence_result__rosidl_typesupport_fastrtps_c.h
[3.640s] -- Up-to-date symlink: /repo/ws/install/include/px4/px4/msg/detail/geofence_status__rosidl_typesupport_fastrtps_c.h
[3.640s] -- Up-to-date symlink: /repo/ws/install/include/px4/px4/msg/detail/gimbal_controls__rosidl_typesupport_fastrtps_c.h
[3.641s] -- Up-to-date symlink: /repo/ws/install/include/px4/px4/msg/detail/gimbal_device_attitude_status__rosidl_typesupport_fastrtps_c.h
[3.641s] -- Up-to-date symlink: /repo/ws/install/include/px4/px4/msg/detail/gimbal_device_information__rosidl_typesupport_fastrtps_c.h
[3.642s] -- Up-to-date symlink: /repo/ws/install/include/px4/px4/msg/detail/gimbal_device_set_attitude__rosidl_typesupport_fastrtps_c.h
[3.642s] -- Up-to-date symlink: /repo/ws/install/include/px4/px4/msg/detail/gimbal_manager_information__rosidl_typesupport_fastrtps_c.h
[3.642s] -- Up-to-date symlink: /repo/ws/install/include/px4/px4/msg/detail/gimbal_manager_set_attitude__rosidl_typesupport_fastrtps_c.h
[3.642s] -- Up-to-date symlink: /repo/ws/install/include/px4/px4/msg/detail/gimbal_manager_set_manual_control__rosidl_typesupport_fastrtps_c.h
[3.642s] -- Up-to-date symlink: /repo/ws/install/include/px4/px4/msg/detail/gimbal_manager_status__rosidl_typesupport_fastrtps_c.h
[3.642s] -- Up-to-date symlink: /repo/ws/install/include/px4/px4/msg/detail/goto_setpoint__rosidl_typesupport_fastrtps_c.h
[3.642s] -- Up-to-date symlink: /repo/ws/install/include/px4/px4/msg/detail/gpio_config__rosidl_typesupport_fastrtps_c.h
[3.642s] -- Up-to-date symlink: /repo/ws/install/include/px4/px4/msg/detail/gpio_in__rosidl_typesupport_fastrtps_c.h
[3.642s] -- Up-to-date symlink: /repo/ws/install/include/px4/px4/msg/detail/gpio_out__rosidl_typesupport_fastrtps_c.h
[3.642s] -- Up-to-date symlink: /repo/ws/install/include/px4/px4/msg/detail/gpio_request__rosidl_typesupport_fastrtps_c.h
[3.643s] -- Up-to-date symlink: /repo/ws/install/include/px4/px4/msg/detail/gps_dump__rosidl_typesupport_fastrtps_c.h
[3.643s] -- Up-to-date symlink: /repo/ws/install/include/px4/px4/msg/detail/gps_inject_data__rosidl_typesupport_fastrtps_c.h
[3.643s] -- Up-to-date symlink: /repo/ws/install/include/px4/px4/msg/detail/gripper__rosidl_typesupport_fastrtps_c.h
[3.643s] -- Up-to-date symlink: /repo/ws/install/include/px4/px4/msg/detail/health_report__rosidl_typesupport_fastrtps_c.h
[3.643s] -- Up-to-date symlink: /repo/ws/install/include/px4/px4/msg/detail/heater_status__rosidl_typesupport_fastrtps_c.h
[3.643s] -- Up-to-date symlink: /repo/ws/install/include/px4/px4/msg/detail/home_position__rosidl_typesupport_fastrtps_c.h
[3.644s] -- Up-to-date symlink: /repo/ws/install/include/px4/px4/msg/detail/hover_thrust_estimate__rosidl_typesupport_fastrtps_c.h
[3.644s] -- Up-to-date symlink: /repo/ws/install/include/px4/px4/msg/detail/input_rc__rosidl_typesupport_fastrtps_c.h
[3.644s] -- Up-to-date symlink: /repo/ws/install/include/px4/px4/msg/detail/internal_combustion_engine_control__rosidl_typesupport_fastrtps_c.h
[3.644s] -- Up-to-date symlink: /repo/ws/install/include/px4/px4/msg/detail/internal_combustion_engine_status__rosidl_typesupport_fastrtps_c.h
[3.644s] -- Up-to-date symlink: /repo/ws/install/include/px4/px4/msg/detail/iridiumsbd_status__rosidl_typesupport_fastrtps_c.h
[3.645s] -- Up-to-date symlink: /repo/ws/install/include/px4/px4/msg/detail/irlock_report__rosidl_typesupport_fastrtps_c.h
[3.645s] -- Up-to-date symlink: /repo/ws/install/include/px4/px4/msg/detail/landing_gear__rosidl_typesupport_fastrtps_c.h
[3.645s] -- Up-to-date symlink: /repo/ws/install/include/px4/px4/msg/detail/landing_gear_wheel__rosidl_typesupport_fastrtps_c.h
[3.645s] -- Up-to-date symlink: /repo/ws/install/include/px4/px4/msg/detail/landing_target_innovations__rosidl_typesupport_fastrtps_c.h
[3.645s] -- Up-to-date symlink: /repo/ws/install/include/px4/px4/msg/detail/landing_target_pose__rosidl_typesupport_fastrtps_c.h
[3.646s] -- Up-to-date symlink: /repo/ws/install/include/px4/px4/msg/detail/launch_detection_status__rosidl_typesupport_fastrtps_c.h
[3.646s] -- Up-to-date symlink: /repo/ws/install/include/px4/px4/msg/detail/led_control__rosidl_typesupport_fastrtps_c.h
[3.646s] -- Up-to-date symlink: /repo/ws/install/include/px4/px4/msg/detail/log_message__rosidl_typesupport_fastrtps_c.h
[3.646s] -- Up-to-date symlink: /repo/ws/install/include/px4/px4/msg/detail/logger_status__rosidl_typesupport_fastrtps_c.h
[3.647s] -- Up-to-date symlink: /repo/ws/install/include/px4/px4/msg/detail/mag_worker_data__rosidl_typesupport_fastrtps_c.h
[3.647s] -- Up-to-date symlink: /repo/ws/install/include/px4/px4/msg/detail/magnetometer_bias_estimate__rosidl_typesupport_fastrtps_c.h
[3.647s] -- Up-to-date symlink: /repo/ws/install/include/px4/px4/msg/detail/manual_control_setpoint__rosidl_typesupport_fastrtps_c.h
[3.648s] -- Up-to-date symlink: /repo/ws/install/include/px4/px4/msg/detail/manual_control_switches__rosidl_typesupport_fastrtps_c.h
[3.648s] -- Up-to-date symlink: /repo/ws/install/include/px4/px4/msg/detail/mavlink_log__rosidl_typesupport_fastrtps_c.h
[3.648s] -- Up-to-date symlink: /repo/ws/install/include/px4/px4/msg/detail/mavlink_tunnel__rosidl_typesupport_fastrtps_c.h
[3.648s] -- Up-to-date symlink: /repo/ws/install/include/px4/px4/msg/detail/message_format_request__rosidl_typesupport_fastrtps_c.h
[3.649s] -- Up-to-date symlink: /repo/ws/install/include/px4/px4/msg/detail/message_format_response__rosidl_typesupport_fastrtps_c.h
[3.649s] -- Up-to-date symlink: /repo/ws/install/include/px4/px4/msg/detail/mission__rosidl_typesupport_fastrtps_c.h
[3.649s] -- Up-to-date symlink: /repo/ws/install/include/px4/px4/msg/detail/mission_result__rosidl_typesupport_fastrtps_c.h
[3.651s] -- Up-to-date symlink: /repo/ws/install/include/px4/px4/msg/detail/mode_completed__rosidl_typesupport_fastrtps_c.h
[3.651s] -- Up-to-date symlink: /repo/ws/install/include/px4/px4/msg/detail/mount_orientation__rosidl_typesupport_fastrtps_c.h
[3.651s] -- Up-to-date symlink: /repo/ws/install/include/px4/px4/msg/detail/navigator_mission_item__rosidl_typesupport_fastrtps_c.h
[3.651s] -- Up-to-date symlink: /repo/ws/install/include/px4/px4/msg/detail/navigator_status__rosidl_typesupport_fastrtps_c.h
[3.652s] -- Up-to-date symlink: /repo/ws/install/include/px4/px4/msg/detail/normalized_unsigned_setpoint__rosidl_typesupport_fastrtps_c.h
[3.652s] -- Up-to-date symlink: /repo/ws/install/include/px4/px4/msg/detail/npfg_status__rosidl_typesupport_fastrtps_c.h
[3.652s] -- Up-to-date symlink: /repo/ws/install/include/px4/px4/msg/detail/obstacle_distance__rosidl_typesupport_fastrtps_c.h
[3.652s] -- Up-to-date symlink: /repo/ws/install/include/px4/px4/msg/detail/offboard_control_mode__rosidl_typesupport_fastrtps_c.h
[3.652s] -- Up-to-date symlink: /repo/ws/install/include/px4/px4/msg/detail/onboard_computer_status__rosidl_typesupport_fastrtps_c.h
[3.652s] -- Up-to-date symlink: /repo/ws/install/include/px4/px4/msg/detail/open_drone_id_arm_status__rosidl_typesupport_fastrtps_c.h
[3.652s] -- Up-to-date symlink: /repo/ws/install/include/px4/px4/msg/detail/open_drone_id_operator_id__rosidl_typesupport_fastrtps_c.h
[3.653s] -- Up-to-date symlink: /repo/ws/install/include/px4/px4/msg/detail/open_drone_id_self_id__rosidl_typesupport_fastrtps_c.h
[3.653s] -- Up-to-date symlink: /repo/ws/install/include/px4/px4/msg/detail/open_drone_id_system__rosidl_typesupport_fastrtps_c.h
[3.653s] -- Up-to-date symlink: /repo/ws/install/include/px4/px4/msg/detail/orb_test__rosidl_typesupport_fastrtps_c.h
[3.653s] -- Up-to-date symlink: /repo/ws/install/include/px4/px4/msg/detail/orb_test_large__rosidl_typesupport_fastrtps_c.h
[3.653s] -- Up-to-date symlink: /repo/ws/install/include/px4/px4/msg/detail/orb_test_medium__rosidl_typesupport_fastrtps_c.h
[3.653s] -- Up-to-date symlink: /repo/ws/install/include/px4/px4/msg/detail/orbit_status__rosidl_typesupport_fastrtps_c.h
[3.653s] -- Up-to-date symlink: /repo/ws/install/include/px4/px4/msg/detail/parameter_reset_request__rosidl_typesupport_fastrtps_c.h
[3.654s] -- Up-to-date symlink: /repo/ws/install/include/px4/px4/msg/detail/parameter_set_used_request__rosidl_typesupport_fastrtps_c.h
[3.654s] -- Up-to-date symlink: /repo/ws/install/include/px4/px4/msg/detail/parameter_set_value_request__rosidl_typesupport_fastrtps_c.h
[3.655s] -- Up-to-date symlink: /repo/ws/install/include/px4/px4/msg/detail/parameter_set_value_response__rosidl_typesupport_fastrtps_c.h
[3.655s] -- Up-to-date symlink: /repo/ws/install/include/px4/px4/msg/detail/parameter_update__rosidl_typesupport_fastrtps_c.h
[3.655s] -- Up-to-date symlink: /repo/ws/install/include/px4/px4/msg/detail/ping__rosidl_typesupport_fastrtps_c.h
[3.655s] -- Up-to-date symlink: /repo/ws/install/include/px4/px4/msg/detail/position_controller_landing_status__rosidl_typesupport_fastrtps_c.h
[3.655s] -- Up-to-date symlink: /repo/ws/install/include/px4/px4/msg/detail/position_controller_status__rosidl_typesupport_fastrtps_c.h
[3.655s] -- Up-to-date symlink: /repo/ws/install/include/px4/px4/msg/detail/position_setpoint__rosidl_typesupport_fastrtps_c.h
[3.655s] -- Up-to-date symlink: /repo/ws/install/include/px4/px4/msg/detail/position_setpoint_triplet__rosidl_typesupport_fastrtps_c.h
[3.655s] -- Up-to-date symlink: /repo/ws/install/include/px4/px4/msg/detail/power_button_state__rosidl_typesupport_fastrtps_c.h
[3.655s] -- Up-to-date symlink: /repo/ws/install/include/px4/px4/msg/detail/power_monitor__rosidl_typesupport_fastrtps_c.h
[3.656s] -- Up-to-date symlink: /repo/ws/install/include/px4/px4/msg/detail/pps_capture__rosidl_typesupport_fastrtps_c.h
[3.656s] -- Up-to-date symlink: /repo/ws/install/include/px4/px4/msg/detail/pure_pursuit_status__rosidl_typesupport_fastrtps_c.h
[3.656s] -- Up-to-date symlink: /repo/ws/install/include/px4/px4/msg/detail/pwm_input__rosidl_typesupport_fastrtps_c.h
[3.656s] -- Up-to-date symlink: /repo/ws/install/include/px4/px4/msg/detail/px4io_status__rosidl_typesupport_fastrtps_c.h
[3.656s] -- Up-to-date symlink: /repo/ws/install/include/px4/px4/msg/detail/qshell_req__rosidl_typesupport_fastrtps_c.h
[3.656s] -- Up-to-date symlink: /repo/ws/install/include/px4/px4/msg/detail/qshell_retval__rosidl_typesupport_fastrtps_c.h
[3.656s] -- Up-to-date symlink: /repo/ws/install/include/px4/px4/msg/detail/radio_status__rosidl_typesupport_fastrtps_c.h
[3.657s] -- Up-to-date symlink: /repo/ws/install/include/px4/px4/msg/detail/rate_ctrl_status__rosidl_typesupport_fastrtps_c.h
[3.657s] -- Up-to-date symlink: /repo/ws/install/include/px4/px4/msg/detail/rc_channels__rosidl_typesupport_fastrtps_c.h
[3.657s] -- Up-to-date symlink: /repo/ws/install/include/px4/px4/msg/detail/rc_parameter_map__rosidl_typesupport_fastrtps_c.h
[3.657s] -- Up-to-date symlink: /repo/ws/install/include/px4/px4/msg/detail/register_ext_component_reply__rosidl_typesupport_fastrtps_c.h
[3.658s] -- Up-to-date symlink: /repo/ws/install/include/px4/px4/msg/detail/register_ext_component_request__rosidl_typesupport_fastrtps_c.h
[3.658s] -- Up-to-date symlink: /repo/ws/install/include/px4/px4/msg/detail/rover_attitude_setpoint__rosidl_typesupport_fastrtps_c.h
[3.658s] -- Up-to-date symlink: /repo/ws/install/include/px4/px4/msg/detail/rover_attitude_status__rosidl_typesupport_fastrtps_c.h
[3.658s] -- Up-to-date symlink: /repo/ws/install/include/px4/px4/msg/detail/rover_position_setpoint__rosidl_typesupport_fastrtps_c.h
[3.658s] -- Up-to-date symlink: /repo/ws/install/include/px4/px4/msg/detail/rover_rate_setpoint__rosidl_typesupport_fastrtps_c.h
[3.658s] -- Up-to-date symlink: /repo/ws/install/include/px4/px4/msg/detail/rover_rate_status__rosidl_typesupport_fastrtps_c.h
[3.659s] -- Up-to-date symlink: /repo/ws/install/include/px4/px4/msg/detail/rover_steering_setpoint__rosidl_typesupport_fastrtps_c.h
[3.659s] -- Up-to-date symlink: /repo/ws/install/include/px4/px4/msg/detail/rover_throttle_setpoint__rosidl_typesupport_fastrtps_c.h
[3.659s] -- Up-to-date symlink: /repo/ws/install/include/px4/px4/msg/detail/rover_velocity_status__rosidl_typesupport_fastrtps_c.h
[3.659s] -- Up-to-date symlink: /repo/ws/install/include/px4/px4/msg/detail/rpm__rosidl_typesupport_fastrtps_c.h
[3.659s] -- Up-to-date symlink: /repo/ws/install/include/px4/px4/msg/detail/rtl_status__rosidl_typesupport_fastrtps_c.h
[3.659s] -- Up-to-date symlink: /repo/ws/install/include/px4/px4/msg/detail/rtl_time_estimate__rosidl_typesupport_fastrtps_c.h
[3.659s] -- Up-to-date symlink: /repo/ws/install/include/px4/px4/msg/detail/satellite_info__rosidl_typesupport_fastrtps_c.h
[3.660s] -- Up-to-date symlink: /repo/ws/install/include/px4/px4/msg/detail/sensor_accel__rosidl_typesupport_fastrtps_c.h
[3.660s] -- Up-to-date symlink: /repo/ws/install/include/px4/px4/msg/detail/sensor_accel_fifo__rosidl_typesupport_fastrtps_c.h
[3.660s] -- Up-to-date symlink: /repo/ws/install/include/px4/px4/msg/detail/sensor_airflow__rosidl_typesupport_fastrtps_c.h
[3.660s] -- Up-to-date symlink: /repo/ws/install/include/px4/px4/msg/detail/sensor_baro__rosidl_typesupport_fastrtps_c.h
[3.660s] -- Up-to-date symlink: /repo/ws/install/include/px4/px4/msg/detail/sensor_combined__rosidl_typesupport_fastrtps_c.h
[3.660s] -- Up-to-date symlink: /repo/ws/install/include/px4/px4/msg/detail/sensor_correction__rosidl_typesupport_fastrtps_c.h
[3.661s] -- Up-to-date symlink: /repo/ws/install/include/px4/px4/msg/detail/sensor_gnss_relative__rosidl_typesupport_fastrtps_c.h
[3.661s] -- Up-to-date symlink: /repo/ws/install/include/px4/px4/msg/detail/sensor_gps__rosidl_typesupport_fastrtps_c.h
[3.661s] -- Up-to-date symlink: /repo/ws/install/include/px4/px4/msg/detail/sensor_gyro__rosidl_typesupport_fastrtps_c.h
[3.661s] -- Up-to-date symlink: /repo/ws/install/include/px4/px4/msg/detail/sensor_gyro_fft__rosidl_typesupport_fastrtps_c.h
[3.661s] -- Up-to-date symlink: /repo/ws/install/include/px4/px4/msg/detail/sensor_gyro_fifo__rosidl_typesupport_fastrtps_c.h
[3.662s] -- Up-to-date symlink: /repo/ws/install/include/px4/px4/msg/detail/sensor_hygrometer__rosidl_typesupport_fastrtps_c.h
[3.662s] -- Up-to-date symlink: /repo/ws/install/include/px4/px4/msg/detail/sensor_mag__rosidl_typesupport_fastrtps_c.h
[3.662s] -- Up-to-date symlink: /repo/ws/install/include/px4/px4/msg/detail/sensor_optical_flow__rosidl_typesupport_fastrtps_c.h
[3.662s] -- Up-to-date symlink: /repo/ws/install/include/px4/px4/msg/detail/sensor_preflight_mag__rosidl_typesupport_fastrtps_c.h
[3.662s] -- Up-to-date symlink: /repo/ws/install/include/px4/px4/msg/detail/sensor_selection__rosidl_typesupport_fastrtps_c.h
[3.662s] -- Up-to-date symlink: /repo/ws/install/include/px4/px4/msg/detail/sensor_uwb__rosidl_typesupport_fastrtps_c.h
[3.663s] -- Up-to-date symlink: /repo/ws/install/include/px4/px4/msg/detail/sensors_status__rosidl_typesupport_fastrtps_c.h
[3.663s] -- Up-to-date symlink: /repo/ws/install/include/px4/px4/msg/detail/sensors_status_imu__rosidl_typesupport_fastrtps_c.h
[3.663s] -- Up-to-date symlink: /repo/ws/install/include/px4/px4/msg/detail/system_power__rosidl_typesupport_fastrtps_c.h
[3.663s] -- Up-to-date symlink: /repo/ws/install/include/px4/px4/msg/detail/takeoff_status__rosidl_typesupport_fastrtps_c.h
[3.663s] -- Up-to-date symlink: /repo/ws/install/include/px4/px4/msg/detail/task_stack_info__rosidl_typesupport_fastrtps_c.h
[3.663s] -- Up-to-date symlink: /repo/ws/install/include/px4/px4/msg/detail/tecs_status__rosidl_typesupport_fastrtps_c.h
[3.664s] -- Up-to-date symlink: /repo/ws/install/include/px4/px4/msg/detail/telemetry_status__rosidl_typesupport_fastrtps_c.h
[3.664s] -- Up-to-date symlink: /repo/ws/install/include/px4/px4/msg/detail/tiltrotor_extra_controls__rosidl_typesupport_fastrtps_c.h
[3.664s] -- Up-to-date symlink: /repo/ws/install/include/px4/px4/msg/detail/timesync_status__rosidl_typesupport_fastrtps_c.h
[3.664s] -- Up-to-date symlink: /repo/ws/install/include/px4/px4/msg/detail/trajectory_setpoint6dof__rosidl_typesupport_fastrtps_c.h
[3.664s] -- Up-to-date symlink: /repo/ws/install/include/px4/px4/msg/detail/trajectory_setpoint__rosidl_typesupport_fastrtps_c.h
[3.665s] -- Up-to-date symlink: /repo/ws/install/include/px4/px4/msg/detail/transponder_report__rosidl_typesupport_fastrtps_c.h
[3.665s] -- Up-to-date symlink: /repo/ws/install/include/px4/px4/msg/detail/tune_control__rosidl_typesupport_fastrtps_c.h
[3.665s] -- Up-to-date symlink: /repo/ws/install/include/px4/px4/msg/detail/uavcan_parameter_request__rosidl_typesupport_fastrtps_c.h
[3.665s] -- Up-to-date symlink: /repo/ws/install/include/px4/px4/msg/detail/uavcan_parameter_value__rosidl_typesupport_fastrtps_c.h
[3.665s] -- Up-to-date symlink: /repo/ws/install/include/px4/px4/msg/detail/ulog_stream__rosidl_typesupport_fastrtps_c.h
[3.666s] -- Up-to-date symlink: /repo/ws/install/include/px4/px4/msg/detail/ulog_stream_ack__rosidl_typesupport_fastrtps_c.h
[3.666s] -- Up-to-date symlink: /repo/ws/install/include/px4/px4/msg/detail/unregister_ext_component__rosidl_typesupport_fastrtps_c.h
[3.666s] -- Up-to-date symlink: /repo/ws/install/include/px4/px4/msg/detail/vehicle_acceleration__rosidl_typesupport_fastrtps_c.h
[3.666s] -- Up-to-date symlink: /repo/ws/install/include/px4/px4/msg/detail/vehicle_air_data__rosidl_typesupport_fastrtps_c.h
[3.666s] -- Up-to-date symlink: /repo/ws/install/include/px4/px4/msg/detail/vehicle_angular_acceleration_setpoint__rosidl_typesupport_fastrtps_c.h
[3.667s] -- Up-to-date symlink: /repo/ws/install/include/px4/px4/msg/detail/vehicle_angular_velocity__rosidl_typesupport_fastrtps_c.h
[3.667s] -- Up-to-date symlink: /repo/ws/install/include/px4/px4/msg/detail/vehicle_attitude__rosidl_typesupport_fastrtps_c.h
[3.667s] -- Up-to-date symlink: /repo/ws/install/include/px4/px4/msg/detail/vehicle_attitude_setpoint__rosidl_typesupport_fastrtps_c.h
[3.667s] -- Up-to-date symlink: /repo/ws/install/include/px4/px4/msg/detail/vehicle_command__rosidl_typesupport_fastrtps_c.h
[3.667s] -- Up-to-date symlink: /repo/ws/install/include/px4/px4/msg/detail/vehicle_command_ack__rosidl_typesupport_fastrtps_c.h
[3.667s] -- Up-to-date symlink: /repo/ws/install/include/px4/px4/msg/detail/vehicle_constraints__rosidl_typesupport_fastrtps_c.h
[3.667s] -- Up-to-date symlink: /repo/ws/install/include/px4/px4/msg/detail/vehicle_control_mode__rosidl_typesupport_fastrtps_c.h
[3.668s] -- Up-to-date symlink: /repo/ws/install/include/px4/px4/msg/detail/vehicle_global_position__rosidl_typesupport_fastrtps_c.h
[3.668s] -- Up-to-date symlink: /repo/ws/install/include/px4/px4/msg/detail/vehicle_imu__rosidl_typesupport_fastrtps_c.h
[3.668s] -- Up-to-date symlink: /repo/ws/install/include/px4/px4/msg/detail/vehicle_imu_status__rosidl_typesupport_fastrtps_c.h
[3.668s] -- Up-to-date symlink: /repo/ws/install/include/px4/px4/msg/detail/vehicle_land_detected__rosidl_typesupport_fastrtps_c.h
[3.668s] -- Up-to-date symlink: /repo/ws/install/include/px4/px4/msg/detail/vehicle_local_position__rosidl_typesupport_fastrtps_c.h
[3.668s] -- Up-to-date symlink: /repo/ws/install/include/px4/px4/msg/detail/vehicle_local_position_setpoint__rosidl_typesupport_fastrtps_c.h
[3.669s] -- Up-to-date symlink: /repo/ws/install/include/px4/px4/msg/detail/vehicle_magnetometer__rosidl_typesupport_fastrtps_c.h
[3.669s] -- Up-to-date symlink: /repo/ws/install/include/px4/px4/msg/detail/vehicle_odometry__rosidl_typesupport_fastrtps_c.h
[3.669s] -- Up-to-date symlink: /repo/ws/install/include/px4/px4/msg/detail/vehicle_optical_flow__rosidl_typesupport_fastrtps_c.h
[3.669s] -- Up-to-date symlink: /repo/ws/install/include/px4/px4/msg/detail/vehicle_optical_flow_vel__rosidl_typesupport_fastrtps_c.h
[3.669s] -- Up-to-date symlink: /repo/ws/install/include/px4/px4/msg/detail/vehicle_rates_setpoint__rosidl_typesupport_fastrtps_c.h
[3.669s] -- Up-to-date symlink: /repo/ws/install/include/px4/px4/msg/detail/vehicle_roi__rosidl_typesupport_fastrtps_c.h
[3.670s] -- Up-to-date symlink: /repo/ws/install/include/px4/px4/msg/detail/vehicle_status__rosidl_typesupport_fastrtps_c.h
[3.670s] -- Up-to-date symlink: /repo/ws/install/include/px4/px4/msg/detail/vehicle_thrust_setpoint__rosidl_typesupport_fastrtps_c.h
[3.670s] -- Up-to-date symlink: /repo/ws/install/include/px4/px4/msg/detail/vehicle_torque_setpoint__rosidl_typesupport_fastrtps_c.h
[3.670s] -- Up-to-date symlink: /repo/ws/install/include/px4/px4/msg/detail/velocity_limits__rosidl_typesupport_fastrtps_c.h
[3.670s] -- Up-to-date symlink: /repo/ws/install/include/px4/px4/msg/detail/vtol_vehicle_status__rosidl_typesupport_fastrtps_c.h
[3.670s] -- Up-to-date symlink: /repo/ws/install/include/px4/px4/msg/detail/wheel_encoders__rosidl_typesupport_fastrtps_c.h
[3.671s] -- Up-to-date symlink: /repo/ws/install/include/px4/px4/msg/detail/wind__rosidl_typesupport_fastrtps_c.h
[3.671s] -- Up-to-date symlink: /repo/ws/install/include/px4/px4/msg/detail/yaw_estimator_status__rosidl_typesupport_fastrtps_c.h
[3.671s] -- Up-to-date symlink: /repo/ws/install/include/px4/px4/msg/rosidl_typesupport_fastrtps_c__visibility_control.h
[3.687s] -- Up-to-date symlink: /repo/ws/install/include/px4/px4/msg/ackermann_velocity_setpoint.hpp
[3.687s] -- Up-to-date symlink: /repo/ws/install/include/px4/px4/msg/action_request.hpp
[3.688s] -- Up-to-date symlink: /repo/ws/install/include/px4/px4/msg/actuator_armed.hpp
[3.688s] -- Up-to-date symlink: /repo/ws/install/include/px4/px4/msg/actuator_controls_status.hpp
[3.688s] -- Up-to-date symlink: /repo/ws/install/include/px4/px4/msg/actuator_motors.hpp
[3.688s] -- Up-to-date symlink: /repo/ws/install/include/px4/px4/msg/actuator_outputs.hpp
[3.689s] -- Up-to-date symlink: /repo/ws/install/include/px4/px4/msg/actuator_servos.hpp
[3.689s] -- Up-to-date symlink: /repo/ws/install/include/px4/px4/msg/actuator_servos_trim.hpp
[3.689s] -- Up-to-date symlink: /repo/ws/install/include/px4/px4/msg/actuator_test.hpp
[3.689s] -- Up-to-date symlink: /repo/ws/install/include/px4/px4/msg/adc_report.hpp
[3.689s] -- Up-to-date symlink: /repo/ws/install/include/px4/px4/msg/airspeed.hpp
[3.689s] -- Up-to-date symlink: /repo/ws/install/include/px4/px4/msg/airspeed_validated.hpp
[3.689s] -- Up-to-date symlink: /repo/ws/install/include/px4/px4/msg/airspeed_wind.hpp
[3.689s] -- Up-to-date symlink: /repo/ws/install/include/px4/px4/msg/arming_check_reply.hpp
[3.689s] -- Up-to-date symlink: /repo/ws/install/include/px4/px4/msg/arming_check_request.hpp
[3.690s] -- Up-to-date symlink: /repo/ws/install/include/px4/px4/msg/autotune_attitude_control_status.hpp
[3.690s] -- Up-to-date symlink: /repo/ws/install/include/px4/px4/msg/battery_status.hpp
[3.690s] -- Up-to-date symlink: /repo/ws/install/include/px4/px4/msg/button_event.hpp
[3.690s] -- Up-to-date symlink: /repo/ws/install/include/px4/px4/msg/camera_capture.hpp
[3.690s] -- Up-to-date symlink: /repo/ws/install/include/px4/px4/msg/camera_status.hpp
[3.690s] -- Up-to-date symlink: /repo/ws/install/include/px4/px4/msg/camera_trigger.hpp
[3.691s] -- Up-to-date symlink: /repo/ws/install/include/px4/px4/msg/can_interface_status.hpp
[3.691s] -- Up-to-date symlink: /repo/ws/install/include/px4/px4/msg/cellular_status.hpp
[3.691s] -- Up-to-date symlink: /repo/ws/install/include/px4/px4/msg/collision_constraints.hpp
[3.691s] -- Up-to-date symlink: /repo/ws/install/include/px4/px4/msg/config_overrides.hpp
[3.691s] -- Up-to-date symlink: /repo/ws/install/include/px4/px4/msg/control_allocator_status.hpp
[3.691s] -- Up-to-date symlink: /repo/ws/install/include/px4/px4/msg/cpuload.hpp
[3.692s] -- Up-to-date symlink: /repo/ws/install/include/px4/px4/msg/dataman_request.hpp
[3.692s] -- Up-to-date symlink: /repo/ws/install/include/px4/px4/msg/dataman_response.hpp
[3.692s] -- Up-to-date symlink: /repo/ws/install/include/px4/px4/msg/debug_array.hpp
[3.692s] -- Up-to-date symlink: /repo/ws/install/include/px4/px4/msg/debug_key_value.hpp
[3.692s] -- Up-to-date symlink: /repo/ws/install/include/px4/px4/msg/debug_value.hpp
[3.692s] -- Up-to-date symlink: /repo/ws/install/include/px4/px4/msg/debug_vect.hpp
[3.693s] -- Up-to-date symlink: /repo/ws/install/include/px4/px4/msg/detail/ackermann_velocity_setpoint__builder.hpp
[3.693s] -- Up-to-date symlink: /repo/ws/install/include/px4/px4/msg/detail/ackermann_velocity_setpoint__struct.hpp
[3.693s] -- Up-to-date symlink: /repo/ws/install/include/px4/px4/msg/detail/ackermann_velocity_setpoint__traits.hpp
[3.693s] -- Up-to-date symlink: /repo/ws/install/include/px4/px4/msg/detail/ackermann_velocity_setpoint__type_support.hpp
[3.693s] -- Up-to-date symlink: /repo/ws/install/include/px4/px4/msg/detail/action_request__builder.hpp
[3.693s] -- Up-to-date symlink: /repo/ws/install/include/px4/px4/msg/detail/action_request__struct.hpp
[3.694s] -- Up-to-date symlink: /repo/ws/install/include/px4/px4/msg/detail/action_request__traits.hpp
[3.694s] -- Up-to-date symlink: /repo/ws/install/include/px4/px4/msg/detail/action_request__type_support.hpp
[3.695s] -- Up-to-date symlink: /repo/ws/install/include/px4/px4/msg/detail/actuator_armed__builder.hpp
[3.695s] -- Up-to-date symlink: /repo/ws/install/include/px4/px4/msg/detail/actuator_armed__struct.hpp
[3.696s] -- Up-to-date symlink: /repo/ws/install/include/px4/px4/msg/detail/actuator_armed__traits.hpp
[3.696s] -- Up-to-date symlink: /repo/ws/install/include/px4/px4/msg/detail/actuator_armed__type_support.hpp
[3.696s] -- Up-to-date symlink: /repo/ws/install/include/px4/px4/msg/detail/actuator_controls_status__builder.hpp
[3.696s] -- Up-to-date symlink: /repo/ws/install/include/px4/px4/msg/detail/actuator_controls_status__struct.hpp
[3.696s] -- Up-to-date symlink: /repo/ws/install/include/px4/px4/msg/detail/actuator_controls_status__traits.hpp
[3.696s] -- Up-to-date symlink: /repo/ws/install/include/px4/px4/msg/detail/actuator_controls_status__type_support.hpp
[3.696s] -- Up-to-date symlink: /repo/ws/install/include/px4/px4/msg/detail/actuator_motors__builder.hpp
[3.696s] -- Up-to-date symlink: /repo/ws/install/include/px4/px4/msg/detail/actuator_motors__struct.hpp
[3.697s] -- Up-to-date symlink: /repo/ws/install/include/px4/px4/msg/detail/actuator_motors__traits.hpp
[3.697s] -- Up-to-date symlink: /repo/ws/install/include/px4/px4/msg/detail/actuator_motors__type_support.hpp
[3.697s] -- Up-to-date symlink: /repo/ws/install/include/px4/px4/msg/detail/actuator_outputs__builder.hpp
[3.697s] -- Up-to-date symlink: /repo/ws/install/include/px4/px4/msg/detail/actuator_outputs__struct.hpp
[3.697s] -- Up-to-date symlink: /repo/ws/install/include/px4/px4/msg/detail/actuator_outputs__traits.hpp
[3.697s] -- Up-to-date symlink: /repo/ws/install/include/px4/px4/msg/detail/actuator_outputs__type_support.hpp
[3.697s] -- Up-to-date symlink: /repo/ws/install/include/px4/px4/msg/detail/actuator_servos__builder.hpp
[3.697s] -- Up-to-date symlink: /repo/ws/install/include/px4/px4/msg/detail/actuator_servos__struct.hpp
[3.697s] -- Up-to-date symlink: /repo/ws/install/include/px4/px4/msg/detail/actuator_servos__traits.hpp
[3.698s] -- Up-to-date symlink: /repo/ws/install/include/px4/px4/msg/detail/actuator_servos__type_support.hpp
[3.698s] -- Up-to-date symlink: /repo/ws/install/include/px4/px4/msg/detail/actuator_servos_trim__builder.hpp
[3.698s] -- Up-to-date symlink: /repo/ws/install/include/px4/px4/msg/detail/actuator_servos_trim__struct.hpp
[3.698s] -- Up-to-date symlink: /repo/ws/install/include/px4/px4/msg/detail/actuator_servos_trim__traits.hpp
[3.698s] -- Up-to-date symlink: /repo/ws/install/include/px4/px4/msg/detail/actuator_servos_trim__type_support.hpp
[3.698s] -- Up-to-date symlink: /repo/ws/install/include/px4/px4/msg/detail/actuator_test__builder.hpp
[3.698s] -- Up-to-date symlink: /repo/ws/install/include/px4/px4/msg/detail/actuator_test__struct.hpp
[3.698s] -- Up-to-date symlink: /repo/ws/install/include/px4/px4/msg/detail/actuator_test__traits.hpp
[3.698s] -- Up-to-date symlink: /repo/ws/install/include/px4/px4/msg/detail/actuator_test__type_support.hpp
[3.699s] -- Up-to-date symlink: /repo/ws/install/include/px4/px4/msg/detail/adc_report__builder.hpp
[3.699s] -- Up-to-date symlink: /repo/ws/install/include/px4/px4/msg/detail/adc_report__struct.hpp
[3.699s] -- Up-to-date symlink: /repo/ws/install/include/px4/px4/msg/detail/adc_report__traits.hpp
[3.699s] -- Up-to-date symlink: /repo/ws/install/include/px4/px4/msg/detail/adc_report__type_support.hpp
[3.700s] -- Up-to-date symlink: /repo/ws/install/include/px4/px4/msg/detail/airspeed__builder.hpp
[3.700s] -- Up-to-date symlink: /repo/ws/install/include/px4/px4/msg/detail/airspeed__struct.hpp
[3.700s] -- Up-to-date symlink: /repo/ws/install/include/px4/px4/msg/detail/airspeed__traits.hpp
[3.700s] -- Up-to-date symlink: /repo/ws/install/include/px4/px4/msg/detail/airspeed__type_support.hpp
[3.700s] -- Up-to-date symlink: /repo/ws/install/include/px4/px4/msg/detail/airspeed_validated__builder.hpp
[3.700s] -- Up-to-date symlink: /repo/ws/install/include/px4/px4/msg/detail/airspeed_validated__struct.hpp
[3.700s] -- Up-to-date symlink: /repo/ws/install/include/px4/px4/msg/detail/airspeed_validated__traits.hpp
[3.701s] -- Up-to-date symlink: /repo/ws/install/include/px4/px4/msg/detail/airspeed_validated__type_support.hpp
[3.701s] -- Up-to-date symlink: /repo/ws/install/include/px4/px4/msg/detail/airspeed_wind__builder.hpp
[3.701s] -- Up-to-date symlink: /repo/ws/install/include/px4/px4/msg/detail/airspeed_wind__struct.hpp
[3.701s] -- Up-to-date symlink: /repo/ws/install/include/px4/px4/msg/detail/airspeed_wind__traits.hpp
[3.701s] -- Up-to-date symlink: /repo/ws/install/include/px4/px4/msg/detail/airspeed_wind__type_support.hpp
[3.702s] -- Up-to-date symlink: /repo/ws/install/include/px4/px4/msg/detail/arming_check_reply__builder.hpp
[3.702s] -- Up-to-date symlink: /repo/ws/install/include/px4/px4/msg/detail/arming_check_reply__struct.hpp
[3.702s] -- Up-to-date symlink: /repo/ws/install/include/px4/px4/msg/detail/arming_check_reply__traits.hpp
[3.702s] -- Up-to-date symlink: /repo/ws/install/include/px4/px4/msg/detail/arming_check_reply__type_support.hpp
[3.702s] -- Up-to-date symlink: /repo/ws/install/include/px4/px4/msg/detail/arming_check_request__builder.hpp
[3.702s] -- Up-to-date symlink: /repo/ws/install/include/px4/px4/msg/detail/arming_check_request__struct.hpp
[3.703s] -- Up-to-date symlink: /repo/ws/install/include/px4/px4/msg/detail/arming_check_request__traits.hpp
[3.703s] -- Up-to-date symlink: /repo/ws/install/include/px4/px4/msg/detail/arming_check_request__type_support.hpp
[3.704s] -- Up-to-date symlink: /repo/ws/install/include/px4/px4/msg/detail/autotune_attitude_control_status__builder.hpp
[3.704s] -- Up-to-date symlink: /repo/ws/install/include/px4/px4/msg/detail/autotune_attitude_control_status__struct.hpp
[3.704s] -- Up-to-date symlink: /repo/ws/install/include/px4/px4/msg/detail/autotune_attitude_control_status__traits.hpp
[3.704s] -- Up-to-date symlink: /repo/ws/install/include/px4/px4/msg/detail/autotune_attitude_control_status__type_support.hpp
[3.704s] -- Up-to-date symlink: /repo/ws/install/include/px4/px4/msg/detail/battery_status__builder.hpp
[3.704s] -- Up-to-date symlink: /repo/ws/install/include/px4/px4/msg/detail/battery_status__struct.hpp
[3.705s] -- Up-to-date symlink: /repo/ws/install/include/px4/px4/msg/detail/battery_status__traits.hpp
[3.705s] -- Up-to-date symlink: /repo/ws/install/include/px4/px4/msg/detail/battery_status__type_support.hpp
[3.705s] -- Up-to-date symlink: /repo/ws/install/include/px4/px4/msg/detail/button_event__builder.hpp
[3.705s] -- Up-to-date symlink: /repo/ws/install/include/px4/px4/msg/detail/button_event__struct.hpp
[3.705s] -- Up-to-date symlink: /repo/ws/install/include/px4/px4/msg/detail/button_event__traits.hpp
[3.705s] -- Up-to-date symlink: /repo/ws/install/include/px4/px4/msg/detail/button_event__type_support.hpp
[3.705s] -- Up-to-date symlink: /repo/ws/install/include/px4/px4/msg/detail/camera_capture__builder.hpp
[3.705s] -- Up-to-date symlink: /repo/ws/install/include/px4/px4/msg/detail/camera_capture__struct.hpp
[3.705s] -- Up-to-date symlink: /repo/ws/install/include/px4/px4/msg/detail/camera_capture__traits.hpp
[3.706s] -- Up-to-date symlink: /repo/ws/install/include/px4/px4/msg/detail/camera_capture__type_support.hpp
[3.706s] -- Up-to-date symlink: /repo/ws/install/include/px4/px4/msg/detail/camera_status__builder.hpp
[3.706s] -- Up-to-date symlink: /repo/ws/install/include/px4/px4/msg/detail/camera_status__struct.hpp
[3.706s] -- Up-to-date symlink: /repo/ws/install/include/px4/px4/msg/detail/camera_status__traits.hpp
[3.706s] -- Up-to-date symlink: /repo/ws/install/include/px4/px4/msg/detail/camera_status__type_support.hpp
[3.706s] -- Up-to-date symlink: /repo/ws/install/include/px4/px4/msg/detail/camera_trigger__builder.hpp
[3.706s] -- Up-to-date symlink: /repo/ws/install/include/px4/px4/msg/detail/camera_trigger__struct.hpp
[3.707s] -- Up-to-date symlink: /repo/ws/install/include/px4/px4/msg/detail/camera_trigger__traits.hpp
[3.707s] -- Up-to-date symlink: /repo/ws/install/include/px4/px4/msg/detail/camera_trigger__type_support.hpp
[3.707s] -- Up-to-date symlink: /repo/ws/install/include/px4/px4/msg/detail/can_interface_status__builder.hpp
[3.707s] -- Up-to-date symlink: /repo/ws/install/include/px4/px4/msg/detail/can_interface_status__struct.hpp
[3.707s] -- Up-to-date symlink: /repo/ws/install/include/px4/px4/msg/detail/can_interface_status__traits.hpp
[3.708s] -- Up-to-date symlink: /repo/ws/install/include/px4/px4/msg/detail/can_interface_status__type_support.hpp
[3.708s] -- Up-to-date symlink: /repo/ws/install/include/px4/px4/msg/detail/cellular_status__builder.hpp
[3.708s] -- Up-to-date symlink: /repo/ws/install/include/px4/px4/msg/detail/cellular_status__struct.hpp
[3.708s] -- Up-to-date symlink: /repo/ws/install/include/px4/px4/msg/detail/cellular_status__traits.hpp
[3.708s] -- Up-to-date symlink: /repo/ws/install/include/px4/px4/msg/detail/cellular_status__type_support.hpp
[3.708s] -- Up-to-date symlink: /repo/ws/install/include/px4/px4/msg/detail/collision_constraints__builder.hpp
[3.709s] -- Up-to-date symlink: /repo/ws/install/include/px4/px4/msg/detail/collision_constraints__struct.hpp
[3.709s] -- Up-to-date symlink: /repo/ws/install/include/px4/px4/msg/detail/collision_constraints__traits.hpp
[3.709s] -- Up-to-date symlink: /repo/ws/install/include/px4/px4/msg/detail/collision_constraints__type_support.hpp
[3.709s] -- Up-to-date symlink: /repo/ws/install/include/px4/px4/msg/detail/config_overrides__builder.hpp
[3.709s] -- Up-to-date symlink: /repo/ws/install/include/px4/px4/msg/detail/config_overrides__struct.hpp
[3.709s] -- Up-to-date symlink: /repo/ws/install/include/px4/px4/msg/detail/config_overrides__traits.hpp
[3.709s] -- Up-to-date symlink: /repo/ws/install/include/px4/px4/msg/detail/config_overrides__type_support.hpp
[3.710s] -- Up-to-date symlink: /repo/ws/install/include/px4/px4/msg/detail/control_allocator_status__builder.hpp
[3.710s] -- Up-to-date symlink: /repo/ws/install/include/px4/px4/msg/detail/control_allocator_status__struct.hpp
[3.710s] -- Up-to-date symlink: /repo/ws/install/include/px4/px4/msg/detail/control_allocator_status__traits.hpp
[3.710s] -- Up-to-date symlink: /repo/ws/install/include/px4/px4/msg/detail/control_allocator_status__type_support.hpp
[3.711s] -- Up-to-date symlink: /repo/ws/install/include/px4/px4/msg/detail/cpuload__builder.hpp
[3.711s] -- Up-to-date symlink: /repo/ws/install/include/px4/px4/msg/detail/cpuload__struct.hpp
[3.711s] -- Up-to-date symlink: /repo/ws/install/include/px4/px4/msg/detail/cpuload__traits.hpp
[3.711s] -- Up-to-date symlink: /repo/ws/install/include/px4/px4/msg/detail/cpuload__type_support.hpp
[3.711s] -- Up-to-date symlink: /repo/ws/install/include/px4/px4/msg/detail/dataman_request__builder.hpp
[3.712s] -- Up-to-date symlink: /repo/ws/install/include/px4/px4/msg/detail/dataman_request__struct.hpp
[3.712s] -- Up-to-date symlink: /repo/ws/install/include/px4/px4/msg/detail/dataman_request__traits.hpp
[3.712s] -- Up-to-date symlink: /repo/ws/install/include/px4/px4/msg/detail/dataman_request__type_support.hpp
[3.712s] -- Up-to-date symlink: /repo/ws/install/include/px4/px4/msg/detail/dataman_response__builder.hpp
[3.712s] -- Up-to-date symlink: /repo/ws/install/include/px4/px4/msg/detail/dataman_response__struct.hpp
[3.712s] -- Up-to-date symlink: /repo/ws/install/include/px4/px4/msg/detail/dataman_response__traits.hpp
[3.712s] -- Up-to-date symlink: /repo/ws/install/include/px4/px4/msg/detail/dataman_response__type_support.hpp
[3.713s] -- Up-to-date symlink: /repo/ws/install/include/px4/px4/msg/detail/debug_array__builder.hpp
[3.713s] -- Up-to-date symlink: /repo/ws/install/include/px4/px4/msg/detail/debug_array__struct.hpp
[3.713s] -- Up-to-date symlink: /repo/ws/install/include/px4/px4/msg/detail/debug_array__traits.hpp
[3.713s] -- Up-to-date symlink: /repo/ws/install/include/px4/px4/msg/detail/debug_array__type_support.hpp
[3.713s] -- Up-to-date symlink: /repo/ws/install/include/px4/px4/msg/detail/debug_key_value__builder.hpp
[3.713s] -- Up-to-date symlink: /repo/ws/install/include/px4/px4/msg/detail/debug_key_value__struct.hpp
[3.713s] -- Up-to-date symlink: /repo/ws/install/include/px4/px4/msg/detail/debug_key_value__traits.hpp
[3.713s] -- Up-to-date symlink: /repo/ws/install/include/px4/px4/msg/detail/debug_key_value__type_support.hpp
[3.713s] -- Up-to-date symlink: /repo/ws/install/include/px4/px4/msg/detail/debug_value__builder.hpp
[3.714s] -- Up-to-date symlink: /repo/ws/install/include/px4/px4/msg/detail/debug_value__struct.hpp
[3.714s] -- Up-to-date symlink: /repo/ws/install/include/px4/px4/msg/detail/debug_value__traits.hpp
[3.714s] -- Up-to-date symlink: /repo/ws/install/include/px4/px4/msg/detail/debug_value__type_support.hpp
[3.714s] -- Up-to-date symlink: /repo/ws/install/include/px4/px4/msg/detail/debug_vect__builder.hpp
[3.714s] -- Up-to-date symlink: /repo/ws/install/include/px4/px4/msg/detail/debug_vect__struct.hpp
[3.714s] -- Up-to-date symlink: /repo/ws/install/include/px4/px4/msg/detail/debug_vect__traits.hpp
[3.715s] -- Up-to-date symlink: /repo/ws/install/include/px4/px4/msg/detail/debug_vect__type_support.hpp
[3.715s] -- Up-to-date symlink: /repo/ws/install/include/px4/px4/msg/detail/differential_pressure__builder.hpp
[3.715s] -- Up-to-date symlink: /repo/ws/install/include/px4/px4/msg/detail/differential_pressure__struct.hpp
[3.715s] -- Up-to-date symlink: /repo/ws/install/include/px4/px4/msg/detail/differential_pressure__traits.hpp
[3.715s] -- Up-to-date symlink: /repo/ws/install/include/px4/px4/msg/detail/differential_pressure__type_support.hpp
[3.716s] -- Up-to-date symlink: /repo/ws/install/include/px4/px4/msg/detail/differential_velocity_setpoint__builder.hpp
[3.716s] -- Up-to-date symlink: /repo/ws/install/include/px4/px4/msg/detail/differential_velocity_setpoint__struct.hpp
[3.716s] -- Up-to-date symlink: /repo/ws/install/include/px4/px4/msg/detail/differential_velocity_setpoint__traits.hpp
[3.716s] -- Up-to-date symlink: /repo/ws/install/include/px4/px4/msg/detail/differential_velocity_setpoint__type_support.hpp
[3.716s] -- Up-to-date symlink: /repo/ws/install/include/px4/px4/msg/detail/distance_sensor__builder.hpp
[3.716s] -- Up-to-date symlink: /repo/ws/install/include/px4/px4/msg/detail/distance_sensor__struct.hpp
[3.717s] -- Up-to-date symlink: /repo/ws/install/include/px4/px4/msg/detail/distance_sensor__traits.hpp
[3.717s] -- Up-to-date symlink: /repo/ws/install/include/px4/px4/msg/detail/distance_sensor__type_support.hpp
[3.717s] -- Up-to-date symlink: /repo/ws/install/include/px4/px4/msg/detail/distance_sensor_mode_change_request__builder.hpp
[3.717s] -- Up-to-date symlink: /repo/ws/install/include/px4/px4/msg/detail/distance_sensor_mode_change_request__struct.hpp
[3.717s] -- Up-to-date symlink: /repo/ws/install/include/px4/px4/msg/detail/distance_sensor_mode_change_request__traits.hpp
[3.718s] -- Up-to-date symlink: /repo/ws/install/include/px4/px4/msg/detail/distance_sensor_mode_change_request__type_support.hpp
[3.718s] -- Up-to-date symlink: /repo/ws/install/include/px4/px4/msg/detail/ekf2_timestamps__builder.hpp
[3.718s] -- Up-to-date symlink: /repo/ws/install/include/px4/px4/msg/detail/ekf2_timestamps__struct.hpp
[3.718s] -- Up-to-date symlink: /repo/ws/install/include/px4/px4/msg/detail/ekf2_timestamps__traits.hpp
[3.718s] -- Up-to-date symlink: /repo/ws/install/include/px4/px4/msg/detail/ekf2_timestamps__type_support.hpp
[3.718s] -- Up-to-date symlink: /repo/ws/install/include/px4/px4/msg/detail/esc_report__builder.hpp
[3.718s] -- Up-to-date symlink: /repo/ws/install/include/px4/px4/msg/detail/esc_report__struct.hpp
[3.719s] -- Up-to-date symlink: /repo/ws/install/include/px4/px4/msg/detail/esc_report__traits.hpp
[3.719s] -- Up-to-date symlink: /repo/ws/install/include/px4/px4/msg/detail/esc_report__type_support.hpp
[3.719s] -- Up-to-date symlink: /repo/ws/install/include/px4/px4/msg/detail/esc_status__builder.hpp
[3.719s] -- Up-to-date symlink: /repo/ws/install/include/px4/px4/msg/detail/esc_status__struct.hpp
[3.719s] -- Up-to-date symlink: /repo/ws/install/include/px4/px4/msg/detail/esc_status__traits.hpp
[3.719s] -- Up-to-date symlink: /repo/ws/install/include/px4/px4/msg/detail/esc_status__type_support.hpp
[3.720s] -- Up-to-date symlink: /repo/ws/install/include/px4/px4/msg/detail/estimator_aid_source1d__builder.hpp
[3.720s] -- Up-to-date symlink: /repo/ws/install/include/px4/px4/msg/detail/estimator_aid_source1d__struct.hpp
[3.720s] -- Up-to-date symlink: /repo/ws/install/include/px4/px4/msg/detail/estimator_aid_source1d__traits.hpp
[3.720s] -- Up-to-date symlink: /repo/ws/install/include/px4/px4/msg/detail/estimator_aid_source1d__type_support.hpp
[3.720s] -- Up-to-date symlink: /repo/ws/install/include/px4/px4/msg/detail/estimator_aid_source2d__builder.hpp
[3.720s] -- Up-to-date symlink: /repo/ws/install/include/px4/px4/msg/detail/estimator_aid_source2d__struct.hpp
[3.721s] -- Up-to-date symlink: /repo/ws/install/include/px4/px4/msg/detail/estimator_aid_source2d__traits.hpp
[3.721s] -- Up-to-date symlink: /repo/ws/install/include/px4/px4/msg/detail/estimator_aid_source2d__type_support.hpp
[3.721s] -- Up-to-date symlink: /repo/ws/install/include/px4/px4/msg/detail/estimator_aid_source3d__builder.hpp
[3.721s] -- Up-to-date symlink: /repo/ws/install/include/px4/px4/msg/detail/estimator_aid_source3d__struct.hpp
[3.721s] -- Up-to-date symlink: /repo/ws/install/include/px4/px4/msg/detail/estimator_aid_source3d__traits.hpp
[3.721s] -- Up-to-date symlink: /repo/ws/install/include/px4/px4/msg/detail/estimator_aid_source3d__type_support.hpp
[3.722s] -- Up-to-date symlink: /repo/ws/install/include/px4/px4/msg/detail/estimator_bias3d__builder.hpp
[3.722s] -- Up-to-date symlink: /repo/ws/install/include/px4/px4/msg/detail/estimator_bias3d__struct.hpp
[3.722s] -- Up-to-date symlink: /repo/ws/install/include/px4/px4/msg/detail/estimator_bias3d__traits.hpp
[3.722s] -- Up-to-date symlink: /repo/ws/install/include/px4/px4/msg/detail/estimator_bias3d__type_support.hpp
[3.722s] -- Up-to-date symlink: /repo/ws/install/include/px4/px4/msg/detail/estimator_bias__builder.hpp
[3.722s] -- Up-to-date symlink: /repo/ws/install/include/px4/px4/msg/detail/estimator_bias__struct.hpp
[3.723s] -- Up-to-date symlink: /repo/ws/install/include/px4/px4/msg/detail/estimator_bias__traits.hpp
[3.723s] -- Up-to-date symlink: /repo/ws/install/include/px4/px4/msg/detail/estimator_bias__type_support.hpp
[3.723s] -- Up-to-date symlink: /repo/ws/install/include/px4/px4/msg/detail/estimator_event_flags__builder.hpp
[3.723s] -- Up-to-date symlink: /repo/ws/install/include/px4/px4/msg/detail/estimator_event_flags__struct.hpp
[3.723s] -- Up-to-date symlink: /repo/ws/install/include/px4/px4/msg/detail/estimator_event_flags__traits.hpp
[3.724s] -- Up-to-date symlink: /repo/ws/install/include/px4/px4/msg/detail/estimator_event_flags__type_support.hpp
[3.724s] -- Up-to-date symlink: /repo/ws/install/include/px4/px4/msg/detail/estimator_gps_status__builder.hpp
[3.724s] -- Up-to-date symlink: /repo/ws/install/include/px4/px4/msg/detail/estimator_gps_status__struct.hpp
[3.725s] -- Up-to-date symlink: /repo/ws/install/include/px4/px4/msg/detail/estimator_gps_status__traits.hpp
[3.725s] -- Up-to-date symlink: /repo/ws/install/include/px4/px4/msg/detail/estimator_gps_status__type_support.hpp
[3.725s] -- Up-to-date symlink: /repo/ws/install/include/px4/px4/msg/detail/estimator_innovations__builder.hpp
[3.725s] -- Up-to-date symlink: /repo/ws/install/include/px4/px4/msg/detail/estimator_innovations__struct.hpp
[3.725s] -- Up-to-date symlink: /repo/ws/install/include/px4/px4/msg/detail/estimator_innovations__traits.hpp
[3.725s] -- Up-to-date symlink: /repo/ws/install/include/px4/px4/msg/detail/estimator_innovations__type_support.hpp
[3.725s] -- Up-to-date symlink: /repo/ws/install/include/px4/px4/msg/detail/estimator_selector_status__builder.hpp
[3.726s] -- Up-to-date symlink: /repo/ws/install/include/px4/px4/msg/detail/estimator_selector_status__struct.hpp
[3.726s] -- Up-to-date symlink: /repo/ws/install/include/px4/px4/msg/detail/estimator_selector_status__traits.hpp
[3.726s] -- Up-to-date symlink: /repo/ws/install/include/px4/px4/msg/detail/estimator_selector_status__type_support.hpp
[3.726s] -- Up-to-date symlink: /repo/ws/install/include/px4/px4/msg/detail/estimator_sensor_bias__builder.hpp
[3.727s] -- Up-to-date symlink: /repo/ws/install/include/px4/px4/msg/detail/estimator_sensor_bias__struct.hpp
[3.727s] -- Up-to-date symlink: /repo/ws/install/include/px4/px4/msg/detail/estimator_sensor_bias__traits.hpp
[3.727s] -- Up-to-date symlink: /repo/ws/install/include/px4/px4/msg/detail/estimator_sensor_bias__type_support.hpp
[3.728s] -- Up-to-date symlink: /repo/ws/install/include/px4/px4/msg/detail/estimator_states__builder.hpp
[3.728s] -- Up-to-date symlink: /repo/ws/install/include/px4/px4/msg/detail/estimator_states__struct.hpp
[3.728s] -- Up-to-date symlink: /repo/ws/install/include/px4/px4/msg/detail/estimator_states__traits.hpp
[3.728s] -- Up-to-date symlink: /repo/ws/install/include/px4/px4/msg/detail/estimator_states__type_support.hpp
[3.728s] -- Up-to-date symlink: /repo/ws/install/include/px4/px4/msg/detail/estimator_status__builder.hpp
[3.728s] -- Up-to-date symlink: /repo/ws/install/include/px4/px4/msg/detail/estimator_status__struct.hpp
[3.728s] -- Up-to-date symlink: /repo/ws/install/include/px4/px4/msg/detail/estimator_status__traits.hpp
[3.728s] -- Up-to-date symlink: /repo/ws/install/include/px4/px4/msg/detail/estimator_status__type_support.hpp
[3.729s] -- Up-to-date symlink: /repo/ws/install/include/px4/px4/msg/detail/estimator_status_flags__builder.hpp
[3.729s] -- Up-to-date symlink: /repo/ws/install/include/px4/px4/msg/detail/estimator_status_flags__struct.hpp
[3.729s] -- Up-to-date symlink: /repo/ws/install/include/px4/px4/msg/detail/estimator_status_flags__traits.hpp
[3.729s] -- Up-to-date symlink: /repo/ws/install/include/px4/px4/msg/detail/estimator_status_flags__type_support.hpp
[3.729s] -- Up-to-date symlink: /repo/ws/install/include/px4/px4/msg/detail/event__builder.hpp
[3.729s] -- Up-to-date symlink: /repo/ws/install/include/px4/px4/msg/detail/event__struct.hpp
[3.729s] -- Up-to-date symlink: /repo/ws/install/include/px4/px4/msg/detail/event__traits.hpp
[3.729s] -- Up-to-date symlink: /repo/ws/install/include/px4/px4/msg/detail/event__type_support.hpp
[3.729s] -- Up-to-date symlink: /repo/ws/install/include/px4/px4/msg/detail/failsafe_flags__builder.hpp
[3.730s] -- Up-to-date symlink: /repo/ws/install/include/px4/px4/msg/detail/failsafe_flags__struct.hpp
[3.730s] -- Up-to-date symlink: /repo/ws/install/include/px4/px4/msg/detail/failsafe_flags__traits.hpp
[3.730s] -- Up-to-date symlink: /repo/ws/install/include/px4/px4/msg/detail/failsafe_flags__type_support.hpp
[3.730s] -- Up-to-date symlink: /repo/ws/install/include/px4/px4/msg/detail/failure_detector_status__builder.hpp
[3.730s] -- Up-to-date symlink: /repo/ws/install/include/px4/px4/msg/detail/failure_detector_status__struct.hpp
[3.731s] -- Up-to-date symlink: /repo/ws/install/include/px4/px4/msg/detail/failure_detector_status__traits.hpp
[3.731s] -- Up-to-date symlink: /repo/ws/install/include/px4/px4/msg/detail/failure_detector_status__type_support.hpp
[3.731s] -- Up-to-date symlink: /repo/ws/install/include/px4/px4/msg/detail/figure_eight_status__builder.hpp
[3.731s] -- Up-to-date symlink: /repo/ws/install/include/px4/px4/msg/detail/figure_eight_status__struct.hpp
[3.731s] -- Up-to-date symlink: /repo/ws/install/include/px4/px4/msg/detail/figure_eight_status__traits.hpp
[3.731s] -- Up-to-date symlink: /repo/ws/install/include/px4/px4/msg/detail/figure_eight_status__type_support.hpp
[3.732s] -- Up-to-date symlink: /repo/ws/install/include/px4/px4/msg/detail/flight_phase_estimation__builder.hpp
[3.732s] -- Up-to-date symlink: /repo/ws/install/include/px4/px4/msg/detail/flight_phase_estimation__struct.hpp
[3.732s] -- Up-to-date symlink: /repo/ws/install/include/px4/px4/msg/detail/flight_phase_estimation__traits.hpp
[3.732s] -- Up-to-date symlink: /repo/ws/install/include/px4/px4/msg/detail/flight_phase_estimation__type_support.hpp
[3.733s] -- Up-to-date symlink: /repo/ws/install/include/px4/px4/msg/detail/follow_target__builder.hpp
[3.733s] -- Up-to-date symlink: /repo/ws/install/include/px4/px4/msg/detail/follow_target__struct.hpp
[3.733s] -- Up-to-date symlink: /repo/ws/install/include/px4/px4/msg/detail/follow_target__traits.hpp
[3.733s] -- Up-to-date symlink: /repo/ws/install/include/px4/px4/msg/detail/follow_target__type_support.hpp
[3.733s] -- Up-to-date symlink: /repo/ws/install/include/px4/px4/msg/detail/follow_target_estimator__builder.hpp
[3.733s] -- Up-to-date symlink: /repo/ws/install/include/px4/px4/msg/detail/follow_target_estimator__struct.hpp
[3.733s] -- Up-to-date symlink: /repo/ws/install/include/px4/px4/msg/detail/follow_target_estimator__traits.hpp
[3.733s] -- Up-to-date symlink: /repo/ws/install/include/px4/px4/msg/detail/follow_target_estimator__type_support.hpp
[3.734s] -- Up-to-date symlink: /repo/ws/install/include/px4/px4/msg/detail/follow_target_status__builder.hpp
[3.734s] -- Up-to-date symlink: /repo/ws/install/include/px4/px4/msg/detail/follow_target_status__struct.hpp
[3.734s] -- Up-to-date symlink: /repo/ws/install/include/px4/px4/msg/detail/follow_target_status__traits.hpp
[3.734s] -- Up-to-date symlink: /repo/ws/install/include/px4/px4/msg/detail/follow_target_status__type_support.hpp
[3.735s] -- Up-to-date symlink: /repo/ws/install/include/px4/px4/msg/detail/fuel_tank_status__builder.hpp
[3.735s] -- Up-to-date symlink: /repo/ws/install/include/px4/px4/msg/detail/fuel_tank_status__struct.hpp
[3.735s] -- Up-to-date symlink: /repo/ws/install/include/px4/px4/msg/detail/fuel_tank_status__traits.hpp
[3.735s] -- Up-to-date symlink: /repo/ws/install/include/px4/px4/msg/detail/fuel_tank_status__type_support.hpp
[3.735s] -- Up-to-date symlink: /repo/ws/install/include/px4/px4/msg/detail/generator_status__builder.hpp
[3.735s] -- Up-to-date symlink: /repo/ws/install/include/px4/px4/msg/detail/generator_status__struct.hpp
[3.736s] -- Up-to-date symlink: /repo/ws/install/include/px4/px4/msg/detail/generator_status__traits.hpp
[3.736s] -- Up-to-date symlink: /repo/ws/install/include/px4/px4/msg/detail/generator_status__type_support.hpp
[3.736s] -- Up-to-date symlink: /repo/ws/install/include/px4/px4/msg/detail/geofence_result__builder.hpp
[3.736s] -- Up-to-date symlink: /repo/ws/install/include/px4/px4/msg/detail/geofence_result__struct.hpp
[3.736s] -- Up-to-date symlink: /repo/ws/install/include/px4/px4/msg/detail/geofence_result__traits.hpp
[3.736s] -- Up-to-date symlink: /repo/ws/install/include/px4/px4/msg/detail/geofence_result__type_support.hpp
[3.737s] -- Up-to-date symlink: /repo/ws/install/include/px4/px4/msg/detail/geofence_status__builder.hpp
[3.737s] -- Up-to-date symlink: /repo/ws/install/include/px4/px4/msg/detail/geofence_status__struct.hpp
[3.737s] -- Up-to-date symlink: /repo/ws/install/include/px4/px4/msg/detail/geofence_status__traits.hpp
[3.738s] -- Up-to-date symlink: /repo/ws/install/include/px4/px4/msg/detail/geofence_status__type_support.hpp
[3.738s] -- Up-to-date symlink: /repo/ws/install/include/px4/px4/msg/detail/gimbal_controls__builder.hpp
[3.738s] -- Up-to-date symlink: /repo/ws/install/include/px4/px4/msg/detail/gimbal_controls__struct.hpp
[3.738s] -- Up-to-date symlink: /repo/ws/install/include/px4/px4/msg/detail/gimbal_controls__traits.hpp
[3.739s] -- Up-to-date symlink: /repo/ws/install/include/px4/px4/msg/detail/gimbal_controls__type_support.hpp
[3.739s] -- Up-to-date symlink: /repo/ws/install/include/px4/px4/msg/detail/gimbal_device_attitude_status__builder.hpp
[3.739s] -- Up-to-date symlink: /repo/ws/install/include/px4/px4/msg/detail/gimbal_device_attitude_status__struct.hpp
[3.739s] -- Up-to-date symlink: /repo/ws/install/include/px4/px4/msg/detail/gimbal_device_attitude_status__traits.hpp
[3.740s] -- Up-to-date symlink: /repo/ws/install/include/px4/px4/msg/detail/gimbal_device_attitude_status__type_support.hpp
[3.740s] -- Up-to-date symlink: /repo/ws/install/include/px4/px4/msg/detail/gimbal_device_information__builder.hpp
[3.740s] -- Up-to-date symlink: /repo/ws/install/include/px4/px4/msg/detail/gimbal_device_information__struct.hpp
[3.740s] -- Up-to-date symlink: /repo/ws/install/include/px4/px4/msg/detail/gimbal_device_information__traits.hpp
[3.741s] -- Up-to-date symlink: /repo/ws/install/include/px4/px4/msg/detail/gimbal_device_information__type_support.hpp
[3.741s] -- Up-to-date symlink: /repo/ws/install/include/px4/px4/msg/detail/gimbal_device_set_attitude__builder.hpp
[3.741s] -- Up-to-date symlink: /repo/ws/install/include/px4/px4/msg/detail/gimbal_device_set_attitude__struct.hpp
[3.742s] -- Up-to-date symlink: /repo/ws/install/include/px4/px4/msg/detail/gimbal_device_set_attitude__traits.hpp
[3.742s] -- Up-to-date symlink: /repo/ws/install/include/px4/px4/msg/detail/gimbal_device_set_attitude__type_support.hpp
[3.744s] -- Up-to-date symlink: /repo/ws/install/include/px4/px4/msg/detail/gimbal_manager_information__builder.hpp
[3.744s] -- Up-to-date symlink: /repo/ws/install/include/px4/px4/msg/detail/gimbal_manager_information__struct.hpp
[3.744s] -- Up-to-date symlink: /repo/ws/install/include/px4/px4/msg/detail/gimbal_manager_information__traits.hpp
[3.745s] -- Up-to-date symlink: /repo/ws/install/include/px4/px4/msg/detail/gimbal_manager_information__type_support.hpp
[3.745s] -- Up-to-date symlink: /repo/ws/install/include/px4/px4/msg/detail/gimbal_manager_set_attitude__builder.hpp
[3.745s] -- Up-to-date symlink: /repo/ws/install/include/px4/px4/msg/detail/gimbal_manager_set_attitude__struct.hpp
[3.745s] -- Up-to-date symlink: /repo/ws/install/include/px4/px4/msg/detail/gimbal_manager_set_attitude__traits.hpp
[3.745s] -- Up-to-date symlink: /repo/ws/install/include/px4/px4/msg/detail/gimbal_manager_set_attitude__type_support.hpp
[3.745s] -- Up-to-date symlink: /repo/ws/install/include/px4/px4/msg/detail/gimbal_manager_set_manual_control__builder.hpp
[3.745s] -- Up-to-date symlink: /repo/ws/install/include/px4/px4/msg/detail/gimbal_manager_set_manual_control__struct.hpp
[3.745s] -- Up-to-date symlink: /repo/ws/install/include/px4/px4/msg/detail/gimbal_manager_set_manual_control__traits.hpp
[3.746s] -- Up-to-date symlink: /repo/ws/install/include/px4/px4/msg/detail/gimbal_manager_set_manual_control__type_support.hpp
[3.746s] -- Up-to-date symlink: /repo/ws/install/include/px4/px4/msg/detail/gimbal_manager_status__builder.hpp
[3.746s] -- Up-to-date symlink: /repo/ws/install/include/px4/px4/msg/detail/gimbal_manager_status__struct.hpp
[3.746s] -- Up-to-date symlink: /repo/ws/install/include/px4/px4/msg/detail/gimbal_manager_status__traits.hpp
[3.746s] -- Up-to-date symlink: /repo/ws/install/include/px4/px4/msg/detail/gimbal_manager_status__type_support.hpp
[3.746s] -- Up-to-date symlink: /repo/ws/install/include/px4/px4/msg/detail/goto_setpoint__builder.hpp
[3.746s] -- Up-to-date symlink: /repo/ws/install/include/px4/px4/msg/detail/goto_setpoint__struct.hpp
[3.746s] -- Up-to-date symlink: /repo/ws/install/include/px4/px4/msg/detail/goto_setpoint__traits.hpp
[3.747s] -- Up-to-date symlink: /repo/ws/install/include/px4/px4/msg/detail/goto_setpoint__type_support.hpp
[3.747s] -- Up-to-date symlink: /repo/ws/install/include/px4/px4/msg/detail/gpio_config__builder.hpp
[3.747s] -- Up-to-date symlink: /repo/ws/install/include/px4/px4/msg/detail/gpio_config__struct.hpp
[3.747s] -- Up-to-date symlink: /repo/ws/install/include/px4/px4/msg/detail/gpio_config__traits.hpp
[3.747s] -- Up-to-date symlink: /repo/ws/install/include/px4/px4/msg/detail/gpio_config__type_support.hpp
[3.747s] -- Up-to-date symlink: /repo/ws/install/include/px4/px4/msg/detail/gpio_in__builder.hpp
[3.747s] -- Up-to-date symlink: /repo/ws/install/include/px4/px4/msg/detail/gpio_in__struct.hpp
[3.747s] -- Up-to-date symlink: /repo/ws/install/include/px4/px4/msg/detail/gpio_in__traits.hpp
[3.748s] -- Up-to-date symlink: /repo/ws/install/include/px4/px4/msg/detail/gpio_in__type_support.hpp
[3.748s] -- Up-to-date symlink: /repo/ws/install/include/px4/px4/msg/detail/gpio_out__builder.hpp
[3.748s] -- Up-to-date symlink: /repo/ws/install/include/px4/px4/msg/detail/gpio_out__struct.hpp
[3.748s] -- Up-to-date symlink: /repo/ws/install/include/px4/px4/msg/detail/gpio_out__traits.hpp
[3.748s] -- Up-to-date symlink: /repo/ws/install/include/px4/px4/msg/detail/gpio_out__type_support.hpp
[3.748s] -- Up-to-date symlink: /repo/ws/install/include/px4/px4/msg/detail/gpio_request__builder.hpp
[3.748s] -- Up-to-date symlink: /repo/ws/install/include/px4/px4/msg/detail/gpio_request__struct.hpp
[3.749s] -- Up-to-date symlink: /repo/ws/install/include/px4/px4/msg/detail/gpio_request__traits.hpp
[3.749s] -- Up-to-date symlink: /repo/ws/install/include/px4/px4/msg/detail/gpio_request__type_support.hpp
[3.749s] -- Up-to-date symlink: /repo/ws/install/include/px4/px4/msg/detail/gps_dump__builder.hpp
[3.749s] -- Up-to-date symlink: /repo/ws/install/include/px4/px4/msg/detail/gps_dump__struct.hpp
[3.749s] -- Up-to-date symlink: /repo/ws/install/include/px4/px4/msg/detail/gps_dump__traits.hpp
[3.749s] -- Up-to-date symlink: /repo/ws/install/include/px4/px4/msg/detail/gps_dump__type_support.hpp
[3.749s] -- Up-to-date symlink: /repo/ws/install/include/px4/px4/msg/detail/gps_inject_data__builder.hpp
[3.749s] -- Up-to-date symlink: /repo/ws/install/include/px4/px4/msg/detail/gps_inject_data__struct.hpp
[3.750s] -- Up-to-date symlink: /repo/ws/install/include/px4/px4/msg/detail/gps_inject_data__traits.hpp
[3.750s] -- Up-to-date symlink: /repo/ws/install/include/px4/px4/msg/detail/gps_inject_data__type_support.hpp
[3.750s] -- Up-to-date symlink: /repo/ws/install/include/px4/px4/msg/detail/gripper__builder.hpp
[3.750s] -- Up-to-date symlink: /repo/ws/install/include/px4/px4/msg/detail/gripper__struct.hpp
[3.750s] -- Up-to-date symlink: /repo/ws/install/include/px4/px4/msg/detail/gripper__traits.hpp
[3.750s] -- Up-to-date symlink: /repo/ws/install/include/px4/px4/msg/detail/gripper__type_support.hpp
[3.750s] -- Up-to-date symlink: /repo/ws/install/include/px4/px4/msg/detail/health_report__builder.hpp
[3.751s] -- Up-to-date symlink: /repo/ws/install/include/px4/px4/msg/detail/health_report__struct.hpp
[3.751s] -- Up-to-date symlink: /repo/ws/install/include/px4/px4/msg/detail/health_report__traits.hpp
[3.751s] -- Up-to-date symlink: /repo/ws/install/include/px4/px4/msg/detail/health_report__type_support.hpp
[3.751s] -- Up-to-date symlink: /repo/ws/install/include/px4/px4/msg/detail/heater_status__builder.hpp
[3.751s] -- Up-to-date symlink: /repo/ws/install/include/px4/px4/msg/detail/heater_status__struct.hpp
[3.751s] -- Up-to-date symlink: /repo/ws/install/include/px4/px4/msg/detail/heater_status__traits.hpp
[3.752s] -- Up-to-date symlink: /repo/ws/install/include/px4/px4/msg/detail/heater_status__type_support.hpp
[3.752s] -- Up-to-date symlink: /repo/ws/install/include/px4/px4/msg/detail/home_position__builder.hpp
[3.752s] -- Up-to-date symlink: /repo/ws/install/include/px4/px4/msg/detail/home_position__struct.hpp
[3.752s] -- Up-to-date symlink: /repo/ws/install/include/px4/px4/msg/detail/home_position__traits.hpp
[3.752s] -- Up-to-date symlink: /repo/ws/install/include/px4/px4/msg/detail/home_position__type_support.hpp
[3.752s] -- Up-to-date symlink: /repo/ws/install/include/px4/px4/msg/detail/hover_thrust_estimate__builder.hpp
[3.752s] -- Up-to-date symlink: /repo/ws/install/include/px4/px4/msg/detail/hover_thrust_estimate__struct.hpp
[3.753s] -- Up-to-date symlink: /repo/ws/install/include/px4/px4/msg/detail/hover_thrust_estimate__traits.hpp
[3.753s] -- Up-to-date symlink: /repo/ws/install/include/px4/px4/msg/detail/hover_thrust_estimate__type_support.hpp
[3.753s] -- Up-to-date symlink: /repo/ws/install/include/px4/px4/msg/detail/input_rc__builder.hpp
[3.753s] -- Up-to-date symlink: /repo/ws/install/include/px4/px4/msg/detail/input_rc__struct.hpp
[3.753s] -- Up-to-date symlink: /repo/ws/install/include/px4/px4/msg/detail/input_rc__traits.hpp
[3.753s] -- Up-to-date symlink: /repo/ws/install/include/px4/px4/msg/detail/input_rc__type_support.hpp
[3.754s] -- Up-to-date symlink: /repo/ws/install/include/px4/px4/msg/detail/internal_combustion_engine_control__builder.hpp
[3.754s] -- Up-to-date symlink: /repo/ws/install/include/px4/px4/msg/detail/internal_combustion_engine_control__struct.hpp
[3.754s] -- Up-to-date symlink: /repo/ws/install/include/px4/px4/msg/detail/internal_combustion_engine_control__traits.hpp
[3.754s] -- Up-to-date symlink: /repo/ws/install/include/px4/px4/msg/detail/internal_combustion_engine_control__type_support.hpp
[3.754s] -- Up-to-date symlink: /repo/ws/install/include/px4/px4/msg/detail/internal_combustion_engine_status__builder.hpp
[3.754s] -- Up-to-date symlink: /repo/ws/install/include/px4/px4/msg/detail/internal_combustion_engine_status__struct.hpp
[3.755s] -- Up-to-date symlink: /repo/ws/install/include/px4/px4/msg/detail/internal_combustion_engine_status__traits.hpp
[3.755s] -- Up-to-date symlink: /repo/ws/install/include/px4/px4/msg/detail/internal_combustion_engine_status__type_support.hpp
[3.755s] -- Up-to-date symlink: /repo/ws/install/include/px4/px4/msg/detail/iridiumsbd_status__builder.hpp
[3.755s] -- Up-to-date symlink: /repo/ws/install/include/px4/px4/msg/detail/iridiumsbd_status__struct.hpp
[3.755s] -- Up-to-date symlink: /repo/ws/install/include/px4/px4/msg/detail/iridiumsbd_status__traits.hpp
[3.755s] -- Up-to-date symlink: /repo/ws/install/include/px4/px4/msg/detail/iridiumsbd_status__type_support.hpp
[3.756s] -- Up-to-date symlink: /repo/ws/install/include/px4/px4/msg/detail/irlock_report__builder.hpp
[3.756s] -- Up-to-date symlink: /repo/ws/install/include/px4/px4/msg/detail/irlock_report__struct.hpp
[3.756s] -- Up-to-date symlink: /repo/ws/install/include/px4/px4/msg/detail/irlock_report__traits.hpp
[3.756s] -- Up-to-date symlink: /repo/ws/install/include/px4/px4/msg/detail/irlock_report__type_support.hpp
[3.756s] -- Up-to-date symlink: /repo/ws/install/include/px4/px4/msg/detail/landing_gear__builder.hpp
[3.756s] -- Up-to-date symlink: /repo/ws/install/include/px4/px4/msg/detail/landing_gear__struct.hpp
[3.757s] -- Up-to-date symlink: /repo/ws/install/include/px4/px4/msg/detail/landing_gear__traits.hpp
[3.757s] -- Up-to-date symlink: /repo/ws/install/include/px4/px4/msg/detail/landing_gear__type_support.hpp
[3.757s] -- Up-to-date symlink: /repo/ws/install/include/px4/px4/msg/detail/landing_gear_wheel__builder.hpp
[3.757s] -- Up-to-date symlink: /repo/ws/install/include/px4/px4/msg/detail/landing_gear_wheel__struct.hpp
[3.757s] -- Up-to-date symlink: /repo/ws/install/include/px4/px4/msg/detail/landing_gear_wheel__traits.hpp
[3.757s] -- Up-to-date symlink: /repo/ws/install/include/px4/px4/msg/detail/landing_gear_wheel__type_support.hpp
[3.757s] -- Up-to-date symlink: /repo/ws/install/include/px4/px4/msg/detail/landing_target_innovations__builder.hpp
[3.758s] -- Up-to-date symlink: /repo/ws/install/include/px4/px4/msg/detail/landing_target_innovations__struct.hpp
[3.758s] -- Up-to-date symlink: /repo/ws/install/include/px4/px4/msg/detail/landing_target_innovations__traits.hpp
[3.758s] -- Up-to-date symlink: /repo/ws/install/include/px4/px4/msg/detail/landing_target_innovations__type_support.hpp
[3.758s] -- Up-to-date symlink: /repo/ws/install/include/px4/px4/msg/detail/landing_target_pose__builder.hpp
[3.758s] -- Up-to-date symlink: /repo/ws/install/include/px4/px4/msg/detail/landing_target_pose__struct.hpp
[3.758s] -- Up-to-date symlink: /repo/ws/install/include/px4/px4/msg/detail/landing_target_pose__traits.hpp
[3.759s] -- Up-to-date symlink: /repo/ws/install/include/px4/px4/msg/detail/landing_target_pose__type_support.hpp
[3.759s] -- Up-to-date symlink: /repo/ws/install/include/px4/px4/msg/detail/launch_detection_status__builder.hpp
[3.759s] -- Up-to-date symlink: /repo/ws/install/include/px4/px4/msg/detail/launch_detection_status__struct.hpp
[3.759s] -- Up-to-date symlink: /repo/ws/install/include/px4/px4/msg/detail/launch_detection_status__traits.hpp
[3.759s] -- Up-to-date symlink: /repo/ws/install/include/px4/px4/msg/detail/launch_detection_status__type_support.hpp
[3.759s] -- Up-to-date symlink: /repo/ws/install/include/px4/px4/msg/detail/led_control__builder.hpp
[3.760s] -- Up-to-date symlink: /repo/ws/install/include/px4/px4/msg/detail/led_control__struct.hpp
[3.760s] -- Up-to-date symlink: /repo/ws/install/include/px4/px4/msg/detail/led_control__traits.hpp
[3.760s] -- Up-to-date symlink: /repo/ws/install/include/px4/px4/msg/detail/led_control__type_support.hpp
[3.760s] -- Up-to-date symlink: /repo/ws/install/include/px4/px4/msg/detail/log_message__builder.hpp
[3.760s] -- Up-to-date symlink: /repo/ws/install/include/px4/px4/msg/detail/log_message__struct.hpp
[3.760s] -- Up-to-date symlink: /repo/ws/install/include/px4/px4/msg/detail/log_message__traits.hpp
[3.760s] -- Up-to-date symlink: /repo/ws/install/include/px4/px4/msg/detail/log_message__type_support.hpp
[3.761s] -- Up-to-date symlink: /repo/ws/install/include/px4/px4/msg/detail/logger_status__builder.hpp
[3.761s] -- Up-to-date symlink: /repo/ws/install/include/px4/px4/msg/detail/logger_status__struct.hpp
[3.761s] -- Up-to-date symlink: /repo/ws/install/include/px4/px4/msg/detail/logger_status__traits.hpp
[3.761s] -- Up-to-date symlink: /repo/ws/install/include/px4/px4/msg/detail/logger_status__type_support.hpp
[3.761s] -- Up-to-date symlink: /repo/ws/install/include/px4/px4/msg/detail/mag_worker_data__builder.hpp
[3.761s] -- Up-to-date symlink: /repo/ws/install/include/px4/px4/msg/detail/mag_worker_data__struct.hpp
[3.762s] -- Up-to-date symlink: /repo/ws/install/include/px4/px4/msg/detail/mag_worker_data__traits.hpp
[3.762s] -- Up-to-date symlink: /repo/ws/install/include/px4/px4/msg/detail/mag_worker_data__type_support.hpp
[3.762s] -- Up-to-date symlink: /repo/ws/install/include/px4/px4/msg/detail/magnetometer_bias_estimate__builder.hpp
[3.762s] -- Up-to-date symlink: /repo/ws/install/include/px4/px4/msg/detail/magnetometer_bias_estimate__struct.hpp
[3.762s] -- Up-to-date symlink: /repo/ws/install/include/px4/px4/msg/detail/magnetometer_bias_estimate__traits.hpp
[3.762s] -- Up-to-date symlink: /repo/ws/install/include/px4/px4/msg/detail/magnetometer_bias_estimate__type_support.hpp
[3.762s] -- Up-to-date symlink: /repo/ws/install/include/px4/px4/msg/detail/manual_control_setpoint__builder.hpp
[3.763s] -- Up-to-date symlink: /repo/ws/install/include/px4/px4/msg/detail/manual_control_setpoint__struct.hpp
[3.763s] -- Up-to-date symlink: /repo/ws/install/include/px4/px4/msg/detail/manual_control_setpoint__traits.hpp
[3.763s] -- Up-to-date symlink: /repo/ws/install/include/px4/px4/msg/detail/manual_control_setpoint__type_support.hpp
[3.763s] -- Up-to-date symlink: /repo/ws/install/include/px4/px4/msg/detail/manual_control_switches__builder.hpp
[3.763s] -- Up-to-date symlink: /repo/ws/install/include/px4/px4/msg/detail/manual_control_switches__struct.hpp
[3.764s] -- Up-to-date symlink: /repo/ws/install/include/px4/px4/msg/detail/manual_control_switches__traits.hpp
[3.764s] -- Up-to-date symlink: /repo/ws/install/include/px4/px4/msg/detail/manual_control_switches__type_support.hpp
[3.764s] -- Up-to-date symlink: /repo/ws/install/include/px4/px4/msg/detail/mavlink_log__builder.hpp
[3.764s] -- Up-to-date symlink: /repo/ws/install/include/px4/px4/msg/detail/mavlink_log__struct.hpp
[3.764s] -- Up-to-date symlink: /repo/ws/install/include/px4/px4/msg/detail/mavlink_log__traits.hpp
[3.764s] -- Up-to-date symlink: /repo/ws/install/include/px4/px4/msg/detail/mavlink_log__type_support.hpp
[3.764s] -- Up-to-date symlink: /repo/ws/install/include/px4/px4/msg/detail/mavlink_tunnel__builder.hpp
[3.765s] -- Up-to-date symlink: /repo/ws/install/include/px4/px4/msg/detail/mavlink_tunnel__struct.hpp
[3.765s] -- Up-to-date symlink: /repo/ws/install/include/px4/px4/msg/detail/mavlink_tunnel__traits.hpp
[3.765s] -- Up-to-date symlink: /repo/ws/install/include/px4/px4/msg/detail/mavlink_tunnel__type_support.hpp
[3.765s] -- Up-to-date symlink: /repo/ws/install/include/px4/px4/msg/detail/message_format_request__builder.hpp
[3.765s] -- Up-to-date symlink: /repo/ws/install/include/px4/px4/msg/detail/message_format_request__struct.hpp
[3.765s] -- Up-to-date symlink: /repo/ws/install/include/px4/px4/msg/detail/message_format_request__traits.hpp
[3.766s] -- Up-to-date symlink: /repo/ws/install/include/px4/px4/msg/detail/message_format_request__type_support.hpp
[3.766s] -- Up-to-date symlink: /repo/ws/install/include/px4/px4/msg/detail/message_format_response__builder.hpp
[3.766s] -- Up-to-date symlink: /repo/ws/install/include/px4/px4/msg/detail/message_format_response__struct.hpp
[3.766s] -- Up-to-date symlink: /repo/ws/install/include/px4/px4/msg/detail/message_format_response__traits.hpp
[3.766s] -- Up-to-date symlink: /repo/ws/install/include/px4/px4/msg/detail/message_format_response__type_support.hpp
[3.767s] -- Up-to-date symlink: /repo/ws/install/include/px4/px4/msg/detail/mission__builder.hpp
[3.767s] -- Up-to-date symlink: /repo/ws/install/include/px4/px4/msg/detail/mission__struct.hpp
[3.767s] -- Up-to-date symlink: /repo/ws/install/include/px4/px4/msg/detail/mission__traits.hpp
[3.768s] -- Up-to-date symlink: /repo/ws/install/include/px4/px4/msg/detail/mission__type_support.hpp
[3.769s] -- Up-to-date symlink: /repo/ws/install/include/px4/px4/msg/detail/mission_result__builder.hpp
[3.769s] -- Up-to-date symlink: /repo/ws/install/include/px4/px4/msg/detail/mission_result__struct.hpp
[3.769s] -- Up-to-date symlink: /repo/ws/install/include/px4/px4/msg/detail/mission_result__traits.hpp
[3.769s] -- Up-to-date symlink: /repo/ws/install/include/px4/px4/msg/detail/mission_result__type_support.hpp
[3.769s] -- Up-to-date symlink: /repo/ws/install/include/px4/px4/msg/detail/mode_completed__builder.hpp
[3.769s] -- Up-to-date symlink: /repo/ws/install/include/px4/px4/msg/detail/mode_completed__struct.hpp
[3.769s] -- Up-to-date symlink: /repo/ws/install/include/px4/px4/msg/detail/mode_completed__traits.hpp
[3.769s] -- Up-to-date symlink: /repo/ws/install/include/px4/px4/msg/detail/mode_completed__type_support.hpp
[3.769s] -- Up-to-date symlink: /repo/ws/install/include/px4/px4/msg/detail/mount_orientation__builder.hpp
[3.769s] -- Up-to-date symlink: /repo/ws/install/include/px4/px4/msg/detail/mount_orientation__struct.hpp
[3.770s] -- Up-to-date symlink: /repo/ws/install/include/px4/px4/msg/detail/mount_orientation__traits.hpp
[3.770s] -- Up-to-date symlink: /repo/ws/install/include/px4/px4/msg/detail/mount_orientation__type_support.hpp
[3.770s] -- Up-to-date symlink: /repo/ws/install/include/px4/px4/msg/detail/navigator_mission_item__builder.hpp
[3.770s] -- Up-to-date symlink: /repo/ws/install/include/px4/px4/msg/detail/navigator_mission_item__struct.hpp
[3.770s] -- Up-to-date symlink: /repo/ws/install/include/px4/px4/msg/detail/navigator_mission_item__traits.hpp
[3.770s] -- Up-to-date symlink: /repo/ws/install/include/px4/px4/msg/detail/navigator_mission_item__type_support.hpp
[3.770s] -- Up-to-date symlink: /repo/ws/install/include/px4/px4/msg/detail/navigator_status__builder.hpp
[3.770s] -- Up-to-date symlink: /repo/ws/install/include/px4/px4/msg/detail/navigator_status__struct.hpp
[3.770s] -- Up-to-date symlink: /repo/ws/install/include/px4/px4/msg/detail/navigator_status__traits.hpp
[3.770s] -- Up-to-date symlink: /repo/ws/install/include/px4/px4/msg/detail/navigator_status__type_support.hpp
[3.771s] -- Up-to-date symlink: /repo/ws/install/include/px4/px4/msg/detail/normalized_unsigned_setpoint__builder.hpp
[3.771s] -- Up-to-date symlink: /repo/ws/install/include/px4/px4/msg/detail/normalized_unsigned_setpoint__struct.hpp
[3.771s] -- Up-to-date symlink: /repo/ws/install/include/px4/px4/msg/detail/normalized_unsigned_setpoint__traits.hpp
[3.771s] -- Up-to-date symlink: /repo/ws/install/include/px4/px4/msg/detail/normalized_unsigned_setpoint__type_support.hpp
[3.771s] -- Up-to-date symlink: /repo/ws/install/include/px4/px4/msg/detail/npfg_status__builder.hpp
[3.772s] -- Up-to-date symlink: /repo/ws/install/include/px4/px4/msg/detail/npfg_status__struct.hpp
[3.772s] -- Up-to-date symlink: /repo/ws/install/include/px4/px4/msg/detail/npfg_status__traits.hpp
[3.772s] -- Up-to-date symlink: /repo/ws/install/include/px4/px4/msg/detail/npfg_status__type_support.hpp
[3.772s] -- Up-to-date symlink: /repo/ws/install/include/px4/px4/msg/detail/obstacle_distance__builder.hpp
[3.772s] -- Up-to-date symlink: /repo/ws/install/include/px4/px4/msg/detail/obstacle_distance__struct.hpp
[3.773s] -- Up-to-date symlink: /repo/ws/install/include/px4/px4/msg/detail/obstacle_distance__traits.hpp
[3.773s] -- Up-to-date symlink: /repo/ws/install/include/px4/px4/msg/detail/obstacle_distance__type_support.hpp
[3.773s] -- Up-to-date symlink: /repo/ws/install/include/px4/px4/msg/detail/offboard_control_mode__builder.hpp
[3.773s] -- Up-to-date symlink: /repo/ws/install/include/px4/px4/msg/detail/offboard_control_mode__struct.hpp
[3.773s] -- Up-to-date symlink: /repo/ws/install/include/px4/px4/msg/detail/offboard_control_mode__traits.hpp
[3.774s] -- Up-to-date symlink: /repo/ws/install/include/px4/px4/msg/detail/offboard_control_mode__type_support.hpp
[3.774s] -- Up-to-date symlink: /repo/ws/install/include/px4/px4/msg/detail/onboard_computer_status__builder.hpp
[3.774s] -- Up-to-date symlink: /repo/ws/install/include/px4/px4/msg/detail/onboard_computer_status__struct.hpp
[3.774s] -- Up-to-date symlink: /repo/ws/install/include/px4/px4/msg/detail/onboard_computer_status__traits.hpp
[3.774s] -- Up-to-date symlink: /repo/ws/install/include/px4/px4/msg/detail/onboard_computer_status__type_support.hpp
[3.775s] -- Up-to-date symlink: /repo/ws/install/include/px4/px4/msg/detail/open_drone_id_arm_status__builder.hpp
[3.775s] -- Up-to-date symlink: /repo/ws/install/include/px4/px4/msg/detail/open_drone_id_arm_status__struct.hpp
[3.775s] -- Up-to-date symlink: /repo/ws/install/include/px4/px4/msg/detail/open_drone_id_arm_status__traits.hpp
[3.775s] -- Up-to-date symlink: /repo/ws/install/include/px4/px4/msg/detail/open_drone_id_arm_status__type_support.hpp
[3.776s] -- Up-to-date symlink: /repo/ws/install/include/px4/px4/msg/detail/open_drone_id_operator_id__builder.hpp
[3.776s] -- Up-to-date symlink: /repo/ws/install/include/px4/px4/msg/detail/open_drone_id_operator_id__struct.hpp
[3.776s] -- Up-to-date symlink: /repo/ws/install/include/px4/px4/msg/detail/open_drone_id_operator_id__traits.hpp
[3.776s] -- Up-to-date symlink: /repo/ws/install/include/px4/px4/msg/detail/open_drone_id_operator_id__type_support.hpp
[3.776s] -- Up-to-date symlink: /repo/ws/install/include/px4/px4/msg/detail/open_drone_id_self_id__builder.hpp
[3.777s] -- Up-to-date symlink: /repo/ws/install/include/px4/px4/msg/detail/open_drone_id_self_id__struct.hpp
[3.777s] -- Up-to-date symlink: /repo/ws/install/include/px4/px4/msg/detail/open_drone_id_self_id__traits.hpp
[3.777s] -- Up-to-date symlink: /repo/ws/install/include/px4/px4/msg/detail/open_drone_id_self_id__type_support.hpp
[3.777s] -- Up-to-date symlink: /repo/ws/install/include/px4/px4/msg/detail/open_drone_id_system__builder.hpp
[3.778s] -- Up-to-date symlink: /repo/ws/install/include/px4/px4/msg/detail/open_drone_id_system__struct.hpp
[3.778s] -- Up-to-date symlink: /repo/ws/install/include/px4/px4/msg/detail/open_drone_id_system__traits.hpp
[3.778s] -- Up-to-date symlink: /repo/ws/install/include/px4/px4/msg/detail/open_drone_id_system__type_support.hpp
[3.778s] -- Up-to-date symlink: /repo/ws/install/include/px4/px4/msg/detail/orb_test__builder.hpp
[3.779s] -- Up-to-date symlink: /repo/ws/install/include/px4/px4/msg/detail/orb_test__struct.hpp
[3.779s] -- Up-to-date symlink: /repo/ws/install/include/px4/px4/msg/detail/orb_test__traits.hpp
[3.779s] -- Up-to-date symlink: /repo/ws/install/include/px4/px4/msg/detail/orb_test__type_support.hpp
[3.779s] -- Up-to-date symlink: /repo/ws/install/include/px4/px4/msg/detail/orb_test_large__builder.hpp
[3.779s] -- Up-to-date symlink: /repo/ws/install/include/px4/px4/msg/detail/orb_test_large__struct.hpp
[3.780s] -- Up-to-date symlink: /repo/ws/install/include/px4/px4/msg/detail/orb_test_large__traits.hpp
[3.780s] -- Up-to-date symlink: /repo/ws/install/include/px4/px4/msg/detail/orb_test_large__type_support.hpp
[3.780s] -- Up-to-date symlink: /repo/ws/install/include/px4/px4/msg/detail/orb_test_medium__builder.hpp
[3.780s] -- Up-to-date symlink: /repo/ws/install/include/px4/px4/msg/detail/orb_test_medium__struct.hpp
[3.780s] -- Up-to-date symlink: /repo/ws/install/include/px4/px4/msg/detail/orb_test_medium__traits.hpp
[3.781s] -- Up-to-date symlink: /repo/ws/install/include/px4/px4/msg/detail/orb_test_medium__type_support.hpp
[3.781s] -- Up-to-date symlink: /repo/ws/install/include/px4/px4/msg/detail/orbit_status__builder.hpp
[3.781s] -- Up-to-date symlink: /repo/ws/install/include/px4/px4/msg/detail/orbit_status__struct.hpp
[3.781s] -- Up-to-date symlink: /repo/ws/install/include/px4/px4/msg/detail/orbit_status__traits.hpp
[3.781s] -- Up-to-date symlink: /repo/ws/install/include/px4/px4/msg/detail/orbit_status__type_support.hpp
[3.782s] -- Up-to-date symlink: /repo/ws/install/include/px4/px4/msg/detail/parameter_reset_request__builder.hpp
[3.782s] -- Up-to-date symlink: /repo/ws/install/include/px4/px4/msg/detail/parameter_reset_request__struct.hpp
[3.782s] -- Up-to-date symlink: /repo/ws/install/include/px4/px4/msg/detail/parameter_reset_request__traits.hpp
[3.782s] -- Up-to-date symlink: /repo/ws/install/include/px4/px4/msg/detail/parameter_reset_request__type_support.hpp
[3.783s] -- Up-to-date symlink: /repo/ws/install/include/px4/px4/msg/detail/parameter_set_used_request__builder.hpp
[3.783s] -- Up-to-date symlink: /repo/ws/install/include/px4/px4/msg/detail/parameter_set_used_request__struct.hpp
[3.783s] -- Up-to-date symlink: /repo/ws/install/include/px4/px4/msg/detail/parameter_set_used_request__traits.hpp
[3.783s] -- Up-to-date symlink: /repo/ws/install/include/px4/px4/msg/detail/parameter_set_used_request__type_support.hpp
[3.783s] -- Up-to-date symlink: /repo/ws/install/include/px4/px4/msg/detail/parameter_set_value_request__builder.hpp
[3.783s] -- Up-to-date symlink: /repo/ws/install/include/px4/px4/msg/detail/parameter_set_value_request__struct.hpp
[3.784s] -- Up-to-date symlink: /repo/ws/install/include/px4/px4/msg/detail/parameter_set_value_request__traits.hpp
[3.784s] -- Up-to-date symlink: /repo/ws/install/include/px4/px4/msg/detail/parameter_set_value_request__type_support.hpp
[3.784s] -- Up-to-date symlink: /repo/ws/install/include/px4/px4/msg/detail/parameter_set_value_response__builder.hpp
[3.784s] -- Up-to-date symlink: /repo/ws/install/include/px4/px4/msg/detail/parameter_set_value_response__struct.hpp
[3.784s] -- Up-to-date symlink: /repo/ws/install/include/px4/px4/msg/detail/parameter_set_value_response__traits.hpp
[3.785s] -- Up-to-date symlink: /repo/ws/install/include/px4/px4/msg/detail/parameter_set_value_response__type_support.hpp
[3.785s] -- Up-to-date symlink: /repo/ws/install/include/px4/px4/msg/detail/parameter_update__builder.hpp
[3.785s] -- Up-to-date symlink: /repo/ws/install/include/px4/px4/msg/detail/parameter_update__struct.hpp
[3.785s] -- Up-to-date symlink: /repo/ws/install/include/px4/px4/msg/detail/parameter_update__traits.hpp
[3.785s] -- Up-to-date symlink: /repo/ws/install/include/px4/px4/msg/detail/parameter_update__type_support.hpp
[3.786s] -- Up-to-date symlink: /repo/ws/install/include/px4/px4/msg/detail/ping__builder.hpp
[3.786s] -- Up-to-date symlink: /repo/ws/install/include/px4/px4/msg/detail/ping__struct.hpp
[3.786s] -- Up-to-date symlink: /repo/ws/install/include/px4/px4/msg/detail/ping__traits.hpp
[3.786s] -- Up-to-date symlink: /repo/ws/install/include/px4/px4/msg/detail/ping__type_support.hpp
[3.787s] -- Up-to-date symlink: /repo/ws/install/include/px4/px4/msg/detail/position_controller_landing_status__builder.hpp
[3.787s] -- Up-to-date symlink: /repo/ws/install/include/px4/px4/msg/detail/position_controller_landing_status__struct.hpp
[3.787s] -- Up-to-date symlink: /repo/ws/install/include/px4/px4/msg/detail/position_controller_landing_status__traits.hpp
[3.787s] -- Up-to-date symlink: /repo/ws/install/include/px4/px4/msg/detail/position_controller_landing_status__type_support.hpp
[3.787s] -- Up-to-date symlink: /repo/ws/install/include/px4/px4/msg/detail/position_controller_status__builder.hpp
[3.788s] -- Up-to-date symlink: /repo/ws/install/include/px4/px4/msg/detail/position_controller_status__struct.hpp
[3.788s] -- Up-to-date symlink: /repo/ws/install/include/px4/px4/msg/detail/position_controller_status__traits.hpp
[3.788s] -- Up-to-date symlink: /repo/ws/install/include/px4/px4/msg/detail/position_controller_status__type_support.hpp
[3.788s] -- Up-to-date symlink: /repo/ws/install/include/px4/px4/msg/detail/position_setpoint__builder.hpp
[3.789s] -- Up-to-date symlink: /repo/ws/install/include/px4/px4/msg/detail/position_setpoint__struct.hpp
[3.789s] -- Up-to-date symlink: /repo/ws/install/include/px4/px4/msg/detail/position_setpoint__traits.hpp
[3.789s] -- Up-to-date symlink: /repo/ws/install/include/px4/px4/msg/detail/position_setpoint__type_support.hpp
[3.789s] -- Up-to-date symlink: /repo/ws/install/include/px4/px4/msg/detail/position_setpoint_triplet__builder.hpp
[3.789s] -- Up-to-date symlink: /repo/ws/install/include/px4/px4/msg/detail/position_setpoint_triplet__struct.hpp
[3.790s] -- Up-to-date symlink: /repo/ws/install/include/px4/px4/msg/detail/position_setpoint_triplet__traits.hpp
[3.790s] -- Up-to-date symlink: /repo/ws/install/include/px4/px4/msg/detail/position_setpoint_triplet__type_support.hpp
[3.790s] -- Up-to-date symlink: /repo/ws/install/include/px4/px4/msg/detail/power_button_state__builder.hpp
[3.790s] -- Up-to-date symlink: /repo/ws/install/include/px4/px4/msg/detail/power_button_state__struct.hpp
[3.790s] -- Up-to-date symlink: /repo/ws/install/include/px4/px4/msg/detail/power_button_state__traits.hpp
[3.791s] -- Up-to-date symlink: /repo/ws/install/include/px4/px4/msg/detail/power_button_state__type_support.hpp
[3.791s] -- Up-to-date symlink: /repo/ws/install/include/px4/px4/msg/detail/power_monitor__builder.hpp
[3.791s] -- Up-to-date symlink: /repo/ws/install/include/px4/px4/msg/detail/power_monitor__struct.hpp
[3.791s] -- Up-to-date symlink: /repo/ws/install/include/px4/px4/msg/detail/power_monitor__traits.hpp
[3.791s] -- Up-to-date symlink: /repo/ws/install/include/px4/px4/msg/detail/power_monitor__type_support.hpp
[3.792s] -- Up-to-date symlink: /repo/ws/install/include/px4/px4/msg/detail/pps_capture__builder.hpp
[3.792s] -- Up-to-date symlink: /repo/ws/install/include/px4/px4/msg/detail/pps_capture__struct.hpp
[3.792s] -- Up-to-date symlink: /repo/ws/install/include/px4/px4/msg/detail/pps_capture__traits.hpp
[3.792s] -- Up-to-date symlink: /repo/ws/install/include/px4/px4/msg/detail/pps_capture__type_support.hpp
[3.792s] -- Up-to-date symlink: /repo/ws/install/include/px4/px4/msg/detail/pure_pursuit_status__builder.hpp
[3.792s] -- Up-to-date symlink: /repo/ws/install/include/px4/px4/msg/detail/pure_pursuit_status__struct.hpp
[3.793s] -- Up-to-date symlink: /repo/ws/install/include/px4/px4/msg/detail/pure_pursuit_status__traits.hpp
[3.793s] -- Up-to-date symlink: /repo/ws/install/include/px4/px4/msg/detail/pure_pursuit_status__type_support.hpp
[3.793s] -- Up-to-date symlink: /repo/ws/install/include/px4/px4/msg/detail/pwm_input__builder.hpp
[3.793s] -- Up-to-date symlink: /repo/ws/install/include/px4/px4/msg/detail/pwm_input__struct.hpp
[3.793s] -- Up-to-date symlink: /repo/ws/install/include/px4/px4/msg/detail/pwm_input__traits.hpp
[3.793s] -- Up-to-date symlink: /repo/ws/install/include/px4/px4/msg/detail/pwm_input__type_support.hpp
[3.794s] -- Up-to-date symlink: /repo/ws/install/include/px4/px4/msg/detail/px4io_status__builder.hpp
[3.794s] -- Up-to-date symlink: /repo/ws/install/include/px4/px4/msg/detail/px4io_status__struct.hpp
[3.794s] -- Up-to-date symlink: /repo/ws/install/include/px4/px4/msg/detail/px4io_status__traits.hpp
[3.794s] -- Up-to-date symlink: /repo/ws/install/include/px4/px4/msg/detail/px4io_status__type_support.hpp
[3.794s] -- Up-to-date symlink: /repo/ws/install/include/px4/px4/msg/detail/qshell_req__builder.hpp
[3.794s] -- Up-to-date symlink: /repo/ws/install/include/px4/px4/msg/detail/qshell_req__struct.hpp
[3.795s] -- Up-to-date symlink: /repo/ws/install/include/px4/px4/msg/detail/qshell_req__traits.hpp
[3.795s] -- Up-to-date symlink: /repo/ws/install/include/px4/px4/msg/detail/qshell_req__type_support.hpp
[3.795s] -- Up-to-date symlink: /repo/ws/install/include/px4/px4/msg/detail/qshell_retval__builder.hpp
[3.795s] -- Up-to-date symlink: /repo/ws/install/include/px4/px4/msg/detail/qshell_retval__struct.hpp
[3.795s] -- Up-to-date symlink: /repo/ws/install/include/px4/px4/msg/detail/qshell_retval__traits.hpp
[3.795s] -- Up-to-date symlink: /repo/ws/install/include/px4/px4/msg/detail/qshell_retval__type_support.hpp
[3.796s] -- Up-to-date symlink: /repo/ws/install/include/px4/px4/msg/detail/radio_status__builder.hpp
[3.796s] -- Up-to-date symlink: /repo/ws/install/include/px4/px4/msg/detail/radio_status__struct.hpp
[3.796s] -- Up-to-date symlink: /repo/ws/install/include/px4/px4/msg/detail/radio_status__traits.hpp
[3.796s] -- Up-to-date symlink: /repo/ws/install/include/px4/px4/msg/detail/radio_status__type_support.hpp
[3.796s] -- Up-to-date symlink: /repo/ws/install/include/px4/px4/msg/detail/rate_ctrl_status__builder.hpp
[3.797s] -- Up-to-date symlink: /repo/ws/install/include/px4/px4/msg/detail/rate_ctrl_status__struct.hpp
[3.797s] -- Up-to-date symlink: /repo/ws/install/include/px4/px4/msg/detail/rate_ctrl_status__traits.hpp
[3.797s] -- Up-to-date symlink: /repo/ws/install/include/px4/px4/msg/detail/rate_ctrl_status__type_support.hpp
[3.797s] -- Up-to-date symlink: /repo/ws/install/include/px4/px4/msg/detail/rc_channels__builder.hpp
[3.797s] -- Up-to-date symlink: /repo/ws/install/include/px4/px4/msg/detail/rc_channels__struct.hpp
[3.797s] -- Up-to-date symlink: /repo/ws/install/include/px4/px4/msg/detail/rc_channels__traits.hpp
[3.798s] -- Up-to-date symlink: /repo/ws/install/include/px4/px4/msg/detail/rc_channels__type_support.hpp
[3.798s] -- Up-to-date symlink: /repo/ws/install/include/px4/px4/msg/detail/rc_parameter_map__builder.hpp
[3.798s] -- Up-to-date symlink: /repo/ws/install/include/px4/px4/msg/detail/rc_parameter_map__struct.hpp
[3.798s] -- Up-to-date symlink: /repo/ws/install/include/px4/px4/msg/detail/rc_parameter_map__traits.hpp
[3.798s] -- Up-to-date symlink: /repo/ws/install/include/px4/px4/msg/detail/rc_parameter_map__type_support.hpp
[3.799s] -- Up-to-date symlink: /repo/ws/install/include/px4/px4/msg/detail/register_ext_component_reply__builder.hpp
[3.799s] -- Up-to-date symlink: /repo/ws/install/include/px4/px4/msg/detail/register_ext_component_reply__struct.hpp
[3.799s] -- Up-to-date symlink: /repo/ws/install/include/px4/px4/msg/detail/register_ext_component_reply__traits.hpp
[3.799s] -- Up-to-date symlink: /repo/ws/install/include/px4/px4/msg/detail/register_ext_component_reply__type_support.hpp
[3.800s] -- Up-to-date symlink: /repo/ws/install/include/px4/px4/msg/detail/register_ext_component_request__builder.hpp
[3.800s] -- Up-to-date symlink: /repo/ws/install/include/px4/px4/msg/detail/register_ext_component_request__struct.hpp
[3.800s] -- Up-to-date symlink: /repo/ws/install/include/px4/px4/msg/detail/register_ext_component_request__traits.hpp
[3.800s] -- Up-to-date symlink: /repo/ws/install/include/px4/px4/msg/detail/register_ext_component_request__type_support.hpp
[3.800s] -- Up-to-date symlink: /repo/ws/install/include/px4/px4/msg/detail/rover_attitude_setpoint__builder.hpp
[3.801s] -- Up-to-date symlink: /repo/ws/install/include/px4/px4/msg/detail/rover_attitude_setpoint__struct.hpp
[3.801s] -- Up-to-date symlink: /repo/ws/install/include/px4/px4/msg/detail/rover_attitude_setpoint__traits.hpp
[3.801s] -- Up-to-date symlink: /repo/ws/install/include/px4/px4/msg/detail/rover_attitude_setpoint__type_support.hpp
[3.804s] -- Up-to-date symlink: /repo/ws/install/include/px4/px4/msg/detail/rover_attitude_status__builder.hpp
[3.804s] -- Up-to-date symlink: /repo/ws/install/include/px4/px4/msg/detail/rover_attitude_status__struct.hpp
[3.804s] -- Up-to-date symlink: /repo/ws/install/include/px4/px4/msg/detail/rover_attitude_status__traits.hpp
[3.805s] -- Up-to-date symlink: /repo/ws/install/include/px4/px4/msg/detail/rover_attitude_status__type_support.hpp
[3.805s] -- Up-to-date symlink: /repo/ws/install/include/px4/px4/msg/detail/rover_position_setpoint__builder.hpp
[3.805s] -- Up-to-date symlink: /repo/ws/install/include/px4/px4/msg/detail/rover_position_setpoint__struct.hpp
[3.805s] -- Up-to-date symlink: /repo/ws/install/include/px4/px4/msg/detail/rover_position_setpoint__traits.hpp
[3.805s] -- Up-to-date symlink: /repo/ws/install/include/px4/px4/msg/detail/rover_position_setpoint__type_support.hpp
[3.805s] -- Up-to-date symlink: /repo/ws/install/include/px4/px4/msg/detail/rover_rate_setpoint__builder.hpp
[3.805s] -- Up-to-date symlink: /repo/ws/install/include/px4/px4/msg/detail/rover_rate_setpoint__struct.hpp
[3.805s] -- Up-to-date symlink: /repo/ws/install/include/px4/px4/msg/detail/rover_rate_setpoint__traits.hpp
[3.805s] -- Up-to-date symlink: /repo/ws/install/include/px4/px4/msg/detail/rover_rate_setpoint__type_support.hpp
[3.806s] -- Up-to-date symlink: /repo/ws/install/include/px4/px4/msg/detail/rover_rate_status__builder.hpp
[3.806s] -- Up-to-date symlink: /repo/ws/install/include/px4/px4/msg/detail/rover_rate_status__struct.hpp
[3.806s] -- Up-to-date symlink: /repo/ws/install/include/px4/px4/msg/detail/rover_rate_status__traits.hpp
[3.806s] -- Up-to-date symlink: /repo/ws/install/include/px4/px4/msg/detail/rover_rate_status__type_support.hpp
[3.806s] -- Up-to-date symlink: /repo/ws/install/include/px4/px4/msg/detail/rover_steering_setpoint__builder.hpp
[3.806s] -- Up-to-date symlink: /repo/ws/install/include/px4/px4/msg/detail/rover_steering_setpoint__struct.hpp
[3.806s] -- Up-to-date symlink: /repo/ws/install/include/px4/px4/msg/detail/rover_steering_setpoint__traits.hpp
[3.806s] -- Up-to-date symlink: /repo/ws/install/include/px4/px4/msg/detail/rover_steering_setpoint__type_support.hpp
[3.806s] -- Up-to-date symlink: /repo/ws/install/include/px4/px4/msg/detail/rover_throttle_setpoint__builder.hpp
[3.808s] -- Up-to-date symlink: /repo/ws/install/include/px4/px4/msg/detail/rover_throttle_setpoint__struct.hpp
[3.808s] -- Up-to-date symlink: /repo/ws/install/include/px4/px4/msg/detail/rover_throttle_setpoint__traits.hpp
[3.809s] -- Up-to-date symlink: /repo/ws/install/include/px4/px4/msg/detail/rover_throttle_setpoint__type_support.hpp
[3.809s] -- Up-to-date symlink: /repo/ws/install/include/px4/px4/msg/detail/rover_velocity_status__builder.hpp
[3.809s] -- Up-to-date symlink: /repo/ws/install/include/px4/px4/msg/detail/rover_velocity_status__struct.hpp
[3.809s] -- Up-to-date symlink: /repo/ws/install/include/px4/px4/msg/detail/rover_velocity_status__traits.hpp
[3.809s] -- Up-to-date symlink: /repo/ws/install/include/px4/px4/msg/detail/rover_velocity_status__type_support.hpp
[3.809s] -- Up-to-date symlink: /repo/ws/install/include/px4/px4/msg/detail/rpm__builder.hpp
[3.809s] -- Up-to-date symlink: /repo/ws/install/include/px4/px4/msg/detail/rpm__struct.hpp
[3.809s] -- Up-to-date symlink: /repo/ws/install/include/px4/px4/msg/detail/rpm__traits.hpp
[3.809s] -- Up-to-date symlink: /repo/ws/install/include/px4/px4/msg/detail/rpm__type_support.hpp
[3.809s] -- Up-to-date symlink: /repo/ws/install/include/px4/px4/msg/detail/rtl_status__builder.hpp
[3.809s] -- Up-to-date symlink: /repo/ws/install/include/px4/px4/msg/detail/rtl_status__struct.hpp
[3.812s] -- Up-to-date symlink: /repo/ws/install/include/px4/px4/msg/detail/rtl_status__traits.hpp
[3.812s] -- Up-to-date symlink: /repo/ws/install/include/px4/px4/msg/detail/rtl_status__type_support.hpp
[3.813s] -- Up-to-date symlink: /repo/ws/install/include/px4/px4/msg/detail/rtl_time_estimate__builder.hpp
[3.813s] -- Up-to-date symlink: /repo/ws/install/include/px4/px4/msg/detail/rtl_time_estimate__struct.hpp
[3.813s] -- Up-to-date symlink: /repo/ws/install/include/px4/px4/msg/detail/rtl_time_estimate__traits.hpp
[3.813s] -- Up-to-date symlink: /repo/ws/install/include/px4/px4/msg/detail/rtl_time_estimate__type_support.hpp
[3.813s] -- Up-to-date symlink: /repo/ws/install/include/px4/px4/msg/detail/satellite_info__builder.hpp
[3.813s] -- Up-to-date symlink: /repo/ws/install/include/px4/px4/msg/detail/satellite_info__struct.hpp
[3.813s] -- Up-to-date symlink: /repo/ws/install/include/px4/px4/msg/detail/satellite_info__traits.hpp
[3.813s] -- Up-to-date symlink: /repo/ws/install/include/px4/px4/msg/detail/satellite_info__type_support.hpp
[3.813s] -- Up-to-date symlink: /repo/ws/install/include/px4/px4/msg/detail/sensor_accel__builder.hpp
[3.814s] -- Up-to-date symlink: /repo/ws/install/include/px4/px4/msg/detail/sensor_accel__struct.hpp
[3.814s] -- Up-to-date symlink: /repo/ws/install/include/px4/px4/msg/detail/sensor_accel__traits.hpp
[3.814s] -- Up-to-date symlink: /repo/ws/install/include/px4/px4/msg/detail/sensor_accel__type_support.hpp
[3.814s] -- Up-to-date symlink: /repo/ws/install/include/px4/px4/msg/detail/sensor_accel_fifo__builder.hpp
[3.815s] -- Up-to-date symlink: /repo/ws/install/include/px4/px4/msg/detail/sensor_accel_fifo__struct.hpp
[3.815s] -- Up-to-date symlink: /repo/ws/install/include/px4/px4/msg/detail/sensor_accel_fifo__traits.hpp
[3.816s] -- Up-to-date symlink: /repo/ws/install/include/px4/px4/msg/detail/sensor_accel_fifo__type_support.hpp
[3.816s] -- Up-to-date symlink: /repo/ws/install/include/px4/px4/msg/detail/sensor_airflow__builder.hpp
[3.816s] -- Up-to-date symlink: /repo/ws/install/include/px4/px4/msg/detail/sensor_airflow__struct.hpp
[3.817s] -- Up-to-date symlink: /repo/ws/install/include/px4/px4/msg/detail/sensor_airflow__traits.hpp
[3.817s] -- Up-to-date symlink: /repo/ws/install/include/px4/px4/msg/detail/sensor_airflow__type_support.hpp
[3.818s] -- Up-to-date symlink: /repo/ws/install/include/px4/px4/msg/detail/sensor_baro__builder.hpp
[3.818s] -- Up-to-date symlink: /repo/ws/install/include/px4/px4/msg/detail/sensor_baro__struct.hpp
[3.818s] -- Up-to-date symlink: /repo/ws/install/include/px4/px4/msg/detail/sensor_baro__traits.hpp
[3.819s] -- Up-to-date symlink: /repo/ws/install/include/px4/px4/msg/detail/sensor_baro__type_support.hpp
[3.819s] -- Up-to-date symlink: /repo/ws/install/include/px4/px4/msg/detail/sensor_combined__builder.hpp
[3.819s] -- Up-to-date symlink: /repo/ws/install/include/px4/px4/msg/detail/sensor_combined__struct.hpp
[3.820s] -- Up-to-date symlink: /repo/ws/install/include/px4/px4/msg/detail/sensor_combined__traits.hpp
[3.820s] -- Up-to-date symlink: /repo/ws/install/include/px4/px4/msg/detail/sensor_combined__type_support.hpp
[3.821s] -- Up-to-date symlink: /repo/ws/install/include/px4/px4/msg/detail/sensor_correction__builder.hpp
[3.821s] -- Up-to-date symlink: /repo/ws/install/include/px4/px4/msg/detail/sensor_correction__struct.hpp
[3.821s] -- Up-to-date symlink: /repo/ws/install/include/px4/px4/msg/detail/sensor_correction__traits.hpp
[3.821s] -- Up-to-date symlink: /repo/ws/install/include/px4/px4/msg/detail/sensor_correction__type_support.hpp
[3.822s] -- Up-to-date symlink: /repo/ws/install/include/px4/px4/msg/detail/sensor_gnss_relative__builder.hpp
[3.822s] -- Up-to-date symlink: /repo/ws/install/include/px4/px4/msg/detail/sensor_gnss_relative__struct.hpp
[3.823s] -- Up-to-date symlink: /repo/ws/install/include/px4/px4/msg/detail/sensor_gnss_relative__traits.hpp
[3.823s] -- Up-to-date symlink: /repo/ws/install/include/px4/px4/msg/detail/sensor_gnss_relative__type_support.hpp
[3.823s] -- Up-to-date symlink: /repo/ws/install/include/px4/px4/msg/detail/sensor_gps__builder.hpp
[3.824s] -- Up-to-date symlink: /repo/ws/install/include/px4/px4/msg/detail/sensor_gps__struct.hpp
[3.824s] -- Up-to-date symlink: /repo/ws/install/include/px4/px4/msg/detail/sensor_gps__traits.hpp
[3.825s] -- Up-to-date symlink: /repo/ws/install/include/px4/px4/msg/detail/sensor_gps__type_support.hpp
[3.825s] -- Up-to-date symlink: /repo/ws/install/include/px4/px4/msg/detail/sensor_gyro__builder.hpp
[3.825s] -- Up-to-date symlink: /repo/ws/install/include/px4/px4/msg/detail/sensor_gyro__struct.hpp
[3.826s] -- Up-to-date symlink: /repo/ws/install/include/px4/px4/msg/detail/sensor_gyro__traits.hpp
[3.827s] -- Up-to-date symlink: /repo/ws/install/include/px4/px4/msg/detail/sensor_gyro__type_support.hpp
[3.827s] -- Up-to-date symlink: /repo/ws/install/include/px4/px4/msg/detail/sensor_gyro_fft__builder.hpp
[3.828s] -- Up-to-date symlink: /repo/ws/install/include/px4/px4/msg/detail/sensor_gyro_fft__struct.hpp
[3.828s] -- Up-to-date symlink: /repo/ws/install/include/px4/px4/msg/detail/sensor_gyro_fft__traits.hpp
[3.829s] -- Up-to-date symlink: /repo/ws/install/include/px4/px4/msg/detail/sensor_gyro_fft__type_support.hpp
[3.830s] -- Up-to-date symlink: /repo/ws/install/include/px4/px4/msg/detail/sensor_gyro_fifo__builder.hpp
[3.830s] -- Up-to-date symlink: /repo/ws/install/include/px4/px4/msg/detail/sensor_gyro_fifo__struct.hpp
[3.830s] -- Up-to-date symlink: /repo/ws/install/include/px4/px4/msg/detail/sensor_gyro_fifo__traits.hpp
[3.830s] -- Up-to-date symlink: /repo/ws/install/include/px4/px4/msg/detail/sensor_gyro_fifo__type_support.hpp
[3.831s] -- Up-to-date symlink: /repo/ws/install/include/px4/px4/msg/detail/sensor_hygrometer__builder.hpp
[3.831s] -- Up-to-date symlink: /repo/ws/install/include/px4/px4/msg/detail/sensor_hygrometer__struct.hpp
[3.831s] -- Up-to-date symlink: /repo/ws/install/include/px4/px4/msg/detail/sensor_hygrometer__traits.hpp
[3.831s] -- Up-to-date symlink: /repo/ws/install/include/px4/px4/msg/detail/sensor_hygrometer__type_support.hpp
[3.831s] -- Up-to-date symlink: /repo/ws/install/include/px4/px4/msg/detail/sensor_mag__builder.hpp
[3.831s] -- Up-to-date symlink: /repo/ws/install/include/px4/px4/msg/detail/sensor_mag__struct.hpp
[3.831s] -- Up-to-date symlink: /repo/ws/install/include/px4/px4/msg/detail/sensor_mag__traits.hpp
[3.832s] -- Up-to-date symlink: /repo/ws/install/include/px4/px4/msg/detail/sensor_mag__type_support.hpp
[3.832s] -- Up-to-date symlink: /repo/ws/install/include/px4/px4/msg/detail/sensor_optical_flow__builder.hpp
[3.832s] -- Up-to-date symlink: /repo/ws/install/include/px4/px4/msg/detail/sensor_optical_flow__struct.hpp
[3.832s] -- Up-to-date symlink: /repo/ws/install/include/px4/px4/msg/detail/sensor_optical_flow__traits.hpp
[3.832s] -- Up-to-date symlink: /repo/ws/install/include/px4/px4/msg/detail/sensor_optical_flow__type_support.hpp
[3.832s] -- Up-to-date symlink: /repo/ws/install/include/px4/px4/msg/detail/sensor_preflight_mag__builder.hpp
[3.832s] -- Up-to-date symlink: /repo/ws/install/include/px4/px4/msg/detail/sensor_preflight_mag__struct.hpp
[3.832s] -- Up-to-date symlink: /repo/ws/install/include/px4/px4/msg/detail/sensor_preflight_mag__traits.hpp
[3.832s] -- Up-to-date symlink: /repo/ws/install/include/px4/px4/msg/detail/sensor_preflight_mag__type_support.hpp
[3.833s] -- Up-to-date symlink: /repo/ws/install/include/px4/px4/msg/detail/sensor_selection__builder.hpp
[3.833s] -- Up-to-date symlink: /repo/ws/install/include/px4/px4/msg/detail/sensor_selection__struct.hpp
[3.833s] -- Up-to-date symlink: /repo/ws/install/include/px4/px4/msg/detail/sensor_selection__traits.hpp
[3.833s] -- Up-to-date symlink: /repo/ws/install/include/px4/px4/msg/detail/sensor_selection__type_support.hpp
[3.833s] -- Up-to-date symlink: /repo/ws/install/include/px4/px4/msg/detail/sensor_uwb__builder.hpp
[3.833s] -- Up-to-date symlink: /repo/ws/install/include/px4/px4/msg/detail/sensor_uwb__struct.hpp
[3.834s] -- Up-to-date symlink: /repo/ws/install/include/px4/px4/msg/detail/sensor_uwb__traits.hpp
[3.834s] -- Up-to-date symlink: /repo/ws/install/include/px4/px4/msg/detail/sensor_uwb__type_support.hpp
[3.834s] -- Up-to-date symlink: /repo/ws/install/include/px4/px4/msg/detail/sensors_status__builder.hpp
[3.834s] -- Up-to-date symlink: /repo/ws/install/include/px4/px4/msg/detail/sensors_status__struct.hpp
[3.834s] -- Up-to-date symlink: /repo/ws/install/include/px4/px4/msg/detail/sensors_status__traits.hpp
[3.834s] -- Up-to-date symlink: /repo/ws/install/include/px4/px4/msg/detail/sensors_status__type_support.hpp
[3.835s] -- Up-to-date symlink: /repo/ws/install/include/px4/px4/msg/detail/sensors_status_imu__builder.hpp
[3.835s] -- Up-to-date symlink: /repo/ws/install/include/px4/px4/msg/detail/sensors_status_imu__struct.hpp
[3.835s] -- Up-to-date symlink: /repo/ws/install/include/px4/px4/msg/detail/sensors_status_imu__traits.hpp
[3.835s] -- Up-to-date symlink: /repo/ws/install/include/px4/px4/msg/detail/sensors_status_imu__type_support.hpp
[3.838s] -- Up-to-date symlink: /repo/ws/install/include/px4/px4/msg/detail/system_power__builder.hpp
[3.838s] -- Up-to-date symlink: /repo/ws/install/include/px4/px4/msg/detail/system_power__struct.hpp
[3.838s] -- Up-to-date symlink: /repo/ws/install/include/px4/px4/msg/detail/system_power__traits.hpp
[3.838s] -- Up-to-date symlink: /repo/ws/install/include/px4/px4/msg/detail/system_power__type_support.hpp
[3.838s] -- Up-to-date symlink: /repo/ws/install/include/px4/px4/msg/detail/takeoff_status__builder.hpp
[3.838s] -- Up-to-date symlink: /repo/ws/install/include/px4/px4/msg/detail/takeoff_status__struct.hpp
[3.838s] -- Up-to-date symlink: /repo/ws/install/include/px4/px4/msg/detail/takeoff_status__traits.hpp
[3.838s] -- Up-to-date symlink: /repo/ws/install/include/px4/px4/msg/detail/takeoff_status__type_support.hpp
[3.838s] -- Up-to-date symlink: /repo/ws/install/include/px4/px4/msg/detail/task_stack_info__builder.hpp
[3.839s] -- Up-to-date symlink: /repo/ws/install/include/px4/px4/msg/detail/task_stack_info__struct.hpp
[3.839s] -- Up-to-date symlink: /repo/ws/install/include/px4/px4/msg/detail/task_stack_info__traits.hpp
[3.839s] -- Up-to-date symlink: /repo/ws/install/include/px4/px4/msg/detail/task_stack_info__type_support.hpp
[3.839s] -- Up-to-date symlink: /repo/ws/install/include/px4/px4/msg/detail/tecs_status__builder.hpp
[3.839s] -- Up-to-date symlink: /repo/ws/install/include/px4/px4/msg/detail/tecs_status__struct.hpp
[3.839s] -- Up-to-date symlink: /repo/ws/install/include/px4/px4/msg/detail/tecs_status__traits.hpp
[3.839s] -- Up-to-date symlink: /repo/ws/install/include/px4/px4/msg/detail/tecs_status__type_support.hpp
[3.839s] -- Up-to-date symlink: /repo/ws/install/include/px4/px4/msg/detail/telemetry_status__builder.hpp
[3.839s] -- Up-to-date symlink: /repo/ws/install/include/px4/px4/msg/detail/telemetry_status__struct.hpp
[3.839s] -- Up-to-date symlink: /repo/ws/install/include/px4/px4/msg/detail/telemetry_status__traits.hpp
[3.840s] -- Up-to-date symlink: /repo/ws/install/include/px4/px4/msg/detail/telemetry_status__type_support.hpp
[3.840s] -- Up-to-date symlink: /repo/ws/install/include/px4/px4/msg/detail/tiltrotor_extra_controls__builder.hpp
[3.840s] -- Up-to-date symlink: /repo/ws/install/include/px4/px4/msg/detail/tiltrotor_extra_controls__struct.hpp
[3.840s] -- Up-to-date symlink: /repo/ws/install/include/px4/px4/msg/detail/tiltrotor_extra_controls__traits.hpp
[3.840s] -- Up-to-date symlink: /repo/ws/install/include/px4/px4/msg/detail/tiltrotor_extra_controls__type_support.hpp
[3.841s] -- Up-to-date symlink: /repo/ws/install/include/px4/px4/msg/detail/timesync_status__builder.hpp
[3.841s] -- Up-to-date symlink: /repo/ws/install/include/px4/px4/msg/detail/timesync_status__struct.hpp
[3.842s] -- Up-to-date symlink: /repo/ws/install/include/px4/px4/msg/detail/timesync_status__traits.hpp
[3.842s] -- Up-to-date symlink: /repo/ws/install/include/px4/px4/msg/detail/timesync_status__type_support.hpp
[3.842s] -- Up-to-date symlink: /repo/ws/install/include/px4/px4/msg/detail/trajectory_setpoint6dof__builder.hpp
[3.842s] -- Up-to-date symlink: /repo/ws/install/include/px4/px4/msg/detail/trajectory_setpoint6dof__struct.hpp
[3.842s] -- Up-to-date symlink: /repo/ws/install/include/px4/px4/msg/detail/trajectory_setpoint6dof__traits.hpp
[3.842s] -- Up-to-date symlink: /repo/ws/install/include/px4/px4/msg/detail/trajectory_setpoint6dof__type_support.hpp
[3.842s] -- Up-to-date symlink: /repo/ws/install/include/px4/px4/msg/detail/trajectory_setpoint__builder.hpp
[3.842s] -- Up-to-date symlink: /repo/ws/install/include/px4/px4/msg/detail/trajectory_setpoint__struct.hpp
[3.842s] -- Up-to-date symlink: /repo/ws/install/include/px4/px4/msg/detail/trajectory_setpoint__traits.hpp
[3.843s] -- Up-to-date symlink: /repo/ws/install/include/px4/px4/msg/detail/trajectory_setpoint__type_support.hpp
[3.843s] -- Up-to-date symlink: /repo/ws/install/include/px4/px4/msg/detail/transponder_report__builder.hpp
[3.843s] -- Up-to-date symlink: /repo/ws/install/include/px4/px4/msg/detail/transponder_report__struct.hpp
[3.843s] -- Up-to-date symlink: /repo/ws/install/include/px4/px4/msg/detail/transponder_report__traits.hpp
[3.844s] -- Up-to-date symlink: /repo/ws/install/include/px4/px4/msg/detail/transponder_report__type_support.hpp
[3.844s] -- Up-to-date symlink: /repo/ws/install/include/px4/px4/msg/detail/tune_control__builder.hpp
[3.844s] -- Up-to-date symlink: /repo/ws/install/include/px4/px4/msg/detail/tune_control__struct.hpp
[3.844s] -- Up-to-date symlink: /repo/ws/install/include/px4/px4/msg/detail/tune_control__traits.hpp
[3.844s] -- Up-to-date symlink: /repo/ws/install/include/px4/px4/msg/detail/tune_control__type_support.hpp
[3.844s] -- Up-to-date symlink: /repo/ws/install/include/px4/px4/msg/detail/uavcan_parameter_request__builder.hpp
[3.845s] -- Up-to-date symlink: /repo/ws/install/include/px4/px4/msg/detail/uavcan_parameter_request__struct.hpp
[3.845s] -- Up-to-date symlink: /repo/ws/install/include/px4/px4/msg/detail/uavcan_parameter_request__traits.hpp
[3.845s] -- Up-to-date symlink: /repo/ws/install/include/px4/px4/msg/detail/uavcan_parameter_request__type_support.hpp
[3.845s] -- Up-to-date symlink: /repo/ws/install/include/px4/px4/msg/detail/uavcan_parameter_value__builder.hpp
[3.845s] -- Up-to-date symlink: /repo/ws/install/include/px4/px4/msg/detail/uavcan_parameter_value__struct.hpp
[3.845s] -- Up-to-date symlink: /repo/ws/install/include/px4/px4/msg/detail/uavcan_parameter_value__traits.hpp
[3.846s] -- Up-to-date symlink: /repo/ws/install/include/px4/px4/msg/detail/uavcan_parameter_value__type_support.hpp
[3.846s] -- Up-to-date symlink: /repo/ws/install/include/px4/px4/msg/detail/ulog_stream__builder.hpp
[3.846s] -- Up-to-date symlink: /repo/ws/install/include/px4/px4/msg/detail/ulog_stream__struct.hpp
[3.846s] -- Up-to-date symlink: /repo/ws/install/include/px4/px4/msg/detail/ulog_stream__traits.hpp
[3.846s] -- Up-to-date symlink: /repo/ws/install/include/px4/px4/msg/detail/ulog_stream__type_support.hpp
[3.847s] -- Up-to-date symlink: /repo/ws/install/include/px4/px4/msg/detail/ulog_stream_ack__builder.hpp
[3.847s] -- Up-to-date symlink: /repo/ws/install/include/px4/px4/msg/detail/ulog_stream_ack__struct.hpp
[3.847s] -- Up-to-date symlink: /repo/ws/install/include/px4/px4/msg/detail/ulog_stream_ack__traits.hpp
[3.847s] -- Up-to-date symlink: /repo/ws/install/include/px4/px4/msg/detail/ulog_stream_ack__type_support.hpp
[3.848s] -- Up-to-date symlink: /repo/ws/install/include/px4/px4/msg/detail/unregister_ext_component__builder.hpp
[3.848s] -- Up-to-date symlink: /repo/ws/install/include/px4/px4/msg/detail/unregister_ext_component__struct.hpp
[3.848s] -- Up-to-date symlink: /repo/ws/install/include/px4/px4/msg/detail/unregister_ext_component__traits.hpp
[3.848s] -- Up-to-date symlink: /repo/ws/install/include/px4/px4/msg/detail/unregister_ext_component__type_support.hpp
[3.848s] -- Up-to-date symlink: /repo/ws/install/include/px4/px4/msg/detail/vehicle_acceleration__builder.hpp
[3.849s] -- Up-to-date symlink: /repo/ws/install/include/px4/px4/msg/detail/vehicle_acceleration__struct.hpp
[3.849s] -- Up-to-date symlink: /repo/ws/install/include/px4/px4/msg/detail/vehicle_acceleration__traits.hpp
[3.849s] -- Up-to-date symlink: /repo/ws/install/include/px4/px4/msg/detail/vehicle_acceleration__type_support.hpp
[3.849s] -- Up-to-date symlink: /repo/ws/install/include/px4/px4/msg/detail/vehicle_air_data__builder.hpp
[3.849s] -- Up-to-date symlink: /repo/ws/install/include/px4/px4/msg/detail/vehicle_air_data__struct.hpp
[3.850s] -- Up-to-date symlink: /repo/ws/install/include/px4/px4/msg/detail/vehicle_air_data__traits.hpp
[3.850s] -- Up-to-date symlink: /repo/ws/install/include/px4/px4/msg/detail/vehicle_air_data__type_support.hpp
[3.850s] -- Up-to-date symlink: /repo/ws/install/include/px4/px4/msg/detail/vehicle_angular_acceleration_setpoint__builder.hpp
[3.850s] -- Up-to-date symlink: /repo/ws/install/include/px4/px4/msg/detail/vehicle_angular_acceleration_setpoint__struct.hpp
[3.850s] -- Up-to-date symlink: /repo/ws/install/include/px4/px4/msg/detail/vehicle_angular_acceleration_setpoint__traits.hpp
[3.851s] -- Up-to-date symlink: /repo/ws/install/include/px4/px4/msg/detail/vehicle_angular_acceleration_setpoint__type_support.hpp
[3.851s] -- Up-to-date symlink: /repo/ws/install/include/px4/px4/msg/detail/vehicle_angular_velocity__builder.hpp
[3.851s] -- Up-to-date symlink: /repo/ws/install/include/px4/px4/msg/detail/vehicle_angular_velocity__struct.hpp
[3.851s] -- Up-to-date symlink: /repo/ws/install/include/px4/px4/msg/detail/vehicle_angular_velocity__traits.hpp
[3.852s] -- Up-to-date symlink: /repo/ws/install/include/px4/px4/msg/detail/vehicle_angular_velocity__type_support.hpp
[3.852s] -- Up-to-date symlink: /repo/ws/install/include/px4/px4/msg/detail/vehicle_attitude__builder.hpp
[3.852s] -- Up-to-date symlink: /repo/ws/install/include/px4/px4/msg/detail/vehicle_attitude__struct.hpp
[3.852s] -- Up-to-date symlink: /repo/ws/install/include/px4/px4/msg/detail/vehicle_attitude__traits.hpp
[3.852s] -- Up-to-date symlink: /repo/ws/install/include/px4/px4/msg/detail/vehicle_attitude__type_support.hpp
[3.852s] -- Up-to-date symlink: /repo/ws/install/include/px4/px4/msg/detail/vehicle_attitude_setpoint__builder.hpp
[3.853s] -- Up-to-date symlink: /repo/ws/install/include/px4/px4/msg/detail/vehicle_attitude_setpoint__struct.hpp
[3.853s] -- Up-to-date symlink: /repo/ws/install/include/px4/px4/msg/detail/vehicle_attitude_setpoint__traits.hpp
[3.853s] -- Up-to-date symlink: /repo/ws/install/include/px4/px4/msg/detail/vehicle_attitude_setpoint__type_support.hpp
[3.853s] -- Up-to-date symlink: /repo/ws/install/include/px4/px4/msg/detail/vehicle_command__builder.hpp
[3.854s] -- Up-to-date symlink: /repo/ws/install/include/px4/px4/msg/detail/vehicle_command__struct.hpp
[3.854s] -- Up-to-date symlink: /repo/ws/install/include/px4/px4/msg/detail/vehicle_command__traits.hpp
[3.854s] -- Up-to-date symlink: /repo/ws/install/include/px4/px4/msg/detail/vehicle_command__type_support.hpp
[3.854s] -- Up-to-date symlink: /repo/ws/install/include/px4/px4/msg/detail/vehicle_command_ack__builder.hpp
[3.854s] -- Up-to-date symlink: /repo/ws/install/include/px4/px4/msg/detail/vehicle_command_ack__struct.hpp
[3.855s] -- Up-to-date symlink: /repo/ws/install/include/px4/px4/msg/detail/vehicle_command_ack__traits.hpp
[3.855s] -- Up-to-date symlink: /repo/ws/install/include/px4/px4/msg/detail/vehicle_command_ack__type_support.hpp
[3.855s] -- Up-to-date symlink: /repo/ws/install/include/px4/px4/msg/detail/vehicle_constraints__builder.hpp
[3.855s] -- Up-to-date symlink: /repo/ws/install/include/px4/px4/msg/detail/vehicle_constraints__struct.hpp
[3.855s] -- Up-to-date symlink: /repo/ws/install/include/px4/px4/msg/detail/vehicle_constraints__traits.hpp
[3.856s] -- Up-to-date symlink: /repo/ws/install/include/px4/px4/msg/detail/vehicle_constraints__type_support.hpp
[3.856s] -- Up-to-date symlink: /repo/ws/install/include/px4/px4/msg/detail/vehicle_control_mode__builder.hpp
[3.856s] -- Up-to-date symlink: /repo/ws/install/include/px4/px4/msg/detail/vehicle_control_mode__struct.hpp
[3.856s] -- Up-to-date symlink: /repo/ws/install/include/px4/px4/msg/detail/vehicle_control_mode__traits.hpp
[3.856s] -- Up-to-date symlink: /repo/ws/install/include/px4/px4/msg/detail/vehicle_control_mode__type_support.hpp
[3.857s] -- Up-to-date symlink: /repo/ws/install/include/px4/px4/msg/detail/vehicle_global_position__builder.hpp
[3.857s] -- Up-to-date symlink: /repo/ws/install/include/px4/px4/msg/detail/vehicle_global_position__struct.hpp
[3.857s] -- Up-to-date symlink: /repo/ws/install/include/px4/px4/msg/detail/vehicle_global_position__traits.hpp
[3.857s] -- Up-to-date symlink: /repo/ws/install/include/px4/px4/msg/detail/vehicle_global_position__type_support.hpp
[3.858s] -- Up-to-date symlink: /repo/ws/install/include/px4/px4/msg/detail/vehicle_imu__builder.hpp
[3.858s] -- Up-to-date symlink: /repo/ws/install/include/px4/px4/msg/detail/vehicle_imu__struct.hpp
[3.858s] -- Up-to-date symlink: /repo/ws/install/include/px4/px4/msg/detail/vehicle_imu__traits.hpp
[3.858s] -- Up-to-date symlink: /repo/ws/install/include/px4/px4/msg/detail/vehicle_imu__type_support.hpp
[3.859s] -- Up-to-date symlink: /repo/ws/install/include/px4/px4/msg/detail/vehicle_imu_status__builder.hpp
[3.859s] -- Up-to-date symlink: /repo/ws/install/include/px4/px4/msg/detail/vehicle_imu_status__struct.hpp
[3.859s] -- Up-to-date symlink: /repo/ws/install/include/px4/px4/msg/detail/vehicle_imu_status__traits.hpp
[3.859s] -- Up-to-date symlink: /repo/ws/install/include/px4/px4/msg/detail/vehicle_imu_status__type_support.hpp
[3.859s] -- Up-to-date symlink: /repo/ws/install/include/px4/px4/msg/detail/vehicle_land_detected__builder.hpp
[3.859s] -- Up-to-date symlink: /repo/ws/install/include/px4/px4/msg/detail/vehicle_land_detected__struct.hpp
[3.860s] -- Up-to-date symlink: /repo/ws/install/include/px4/px4/msg/detail/vehicle_land_detected__traits.hpp
[3.860s] -- Up-to-date symlink: /repo/ws/install/include/px4/px4/msg/detail/vehicle_land_detected__type_support.hpp
[3.862s] -- Up-to-date symlink: /repo/ws/install/include/px4/px4/msg/detail/vehicle_local_position__builder.hpp
[3.862s] -- Up-to-date symlink: /repo/ws/install/include/px4/px4/msg/detail/vehicle_local_position__struct.hpp
[3.862s] -- Up-to-date symlink: /repo/ws/install/include/px4/px4/msg/detail/vehicle_local_position__traits.hpp
[3.862s] -- Up-to-date symlink: /repo/ws/install/include/px4/px4/msg/detail/vehicle_local_position__type_support.hpp
[3.863s] -- Up-to-date symlink: /repo/ws/install/include/px4/px4/msg/detail/vehicle_local_position_setpoint__builder.hpp
[3.863s] -- Up-to-date symlink: /repo/ws/install/include/px4/px4/msg/detail/vehicle_local_position_setpoint__struct.hpp
[3.863s] -- Up-to-date symlink: /repo/ws/install/include/px4/px4/msg/detail/vehicle_local_position_setpoint__traits.hpp
[3.863s] -- Up-to-date symlink: /repo/ws/install/include/px4/px4/msg/detail/vehicle_local_position_setpoint__type_support.hpp
[3.863s] -- Up-to-date symlink: /repo/ws/install/include/px4/px4/msg/detail/vehicle_magnetometer__builder.hpp
[3.863s] -- Up-to-date symlink: /repo/ws/install/include/px4/px4/msg/detail/vehicle_magnetometer__struct.hpp
[3.863s] -- Up-to-date symlink: /repo/ws/install/include/px4/px4/msg/detail/vehicle_magnetometer__traits.hpp
[3.863s] -- Up-to-date symlink: /repo/ws/install/include/px4/px4/msg/detail/vehicle_magnetometer__type_support.hpp
[3.863s] -- Up-to-date symlink: /repo/ws/install/include/px4/px4/msg/detail/vehicle_odometry__builder.hpp
[3.864s] -- Up-to-date symlink: /repo/ws/install/include/px4/px4/msg/detail/vehicle_odometry__struct.hpp
[3.864s] -- Up-to-date symlink: /repo/ws/install/include/px4/px4/msg/detail/vehicle_odometry__traits.hpp
[3.864s] -- Up-to-date symlink: /repo/ws/install/include/px4/px4/msg/detail/vehicle_odometry__type_support.hpp
[3.864s] -- Up-to-date symlink: /repo/ws/install/include/px4/px4/msg/detail/vehicle_optical_flow__builder.hpp
[3.864s] -- Up-to-date symlink: /repo/ws/install/include/px4/px4/msg/detail/vehicle_optical_flow__struct.hpp
[3.864s] -- Up-to-date symlink: /repo/ws/install/include/px4/px4/msg/detail/vehicle_optical_flow__traits.hpp
[3.864s] -- Up-to-date symlink: /repo/ws/install/include/px4/px4/msg/detail/vehicle_optical_flow__type_support.hpp
[3.864s] -- Up-to-date symlink: /repo/ws/install/include/px4/px4/msg/detail/vehicle_optical_flow_vel__builder.hpp
[3.864s] -- Up-to-date symlink: /repo/ws/install/include/px4/px4/msg/detail/vehicle_optical_flow_vel__struct.hpp
[3.864s] -- Up-to-date symlink: /repo/ws/install/include/px4/px4/msg/detail/vehicle_optical_flow_vel__traits.hpp
[3.865s] -- Up-to-date symlink: /repo/ws/install/include/px4/px4/msg/detail/vehicle_optical_flow_vel__type_support.hpp
[3.865s] -- Up-to-date symlink: /repo/ws/install/include/px4/px4/msg/detail/vehicle_rates_setpoint__builder.hpp
[3.865s] -- Up-to-date symlink: /repo/ws/install/include/px4/px4/msg/detail/vehicle_rates_setpoint__struct.hpp
[3.865s] -- Up-to-date symlink: /repo/ws/install/include/px4/px4/msg/detail/vehicle_rates_setpoint__traits.hpp
[3.865s] -- Up-to-date symlink: /repo/ws/install/include/px4/px4/msg/detail/vehicle_rates_setpoint__type_support.hpp
[3.865s] -- Up-to-date symlink: /repo/ws/install/include/px4/px4/msg/detail/vehicle_roi__builder.hpp
[3.866s] -- Up-to-date symlink: /repo/ws/install/include/px4/px4/msg/detail/vehicle_roi__struct.hpp
[3.866s] -- Up-to-date symlink: /repo/ws/install/include/px4/px4/msg/detail/vehicle_roi__traits.hpp
[3.866s] -- Up-to-date symlink: /repo/ws/install/include/px4/px4/msg/detail/vehicle_roi__type_support.hpp
[3.867s] -- Up-to-date symlink: /repo/ws/install/include/px4/px4/msg/detail/vehicle_status__builder.hpp
[3.867s] -- Up-to-date symlink: /repo/ws/install/include/px4/px4/msg/detail/vehicle_status__struct.hpp
[3.867s] -- Up-to-date symlink: /repo/ws/install/include/px4/px4/msg/detail/vehicle_status__traits.hpp
[3.867s] -- Up-to-date symlink: /repo/ws/install/include/px4/px4/msg/detail/vehicle_status__type_support.hpp
[3.867s] -- Up-to-date symlink: /repo/ws/install/include/px4/px4/msg/detail/vehicle_thrust_setpoint__builder.hpp
[3.867s] -- Up-to-date symlink: /repo/ws/install/include/px4/px4/msg/detail/vehicle_thrust_setpoint__struct.hpp
[3.868s] -- Up-to-date symlink: /repo/ws/install/include/px4/px4/msg/detail/vehicle_thrust_setpoint__traits.hpp
[3.868s] -- Up-to-date symlink: /repo/ws/install/include/px4/px4/msg/detail/vehicle_thrust_setpoint__type_support.hpp
[3.868s] -- Up-to-date symlink: /repo/ws/install/include/px4/px4/msg/detail/vehicle_torque_setpoint__builder.hpp
[3.868s] -- Up-to-date symlink: /repo/ws/install/include/px4/px4/msg/detail/vehicle_torque_setpoint__struct.hpp
[3.868s] -- Up-to-date symlink: /repo/ws/install/include/px4/px4/msg/detail/vehicle_torque_setpoint__traits.hpp
[3.869s] -- Up-to-date symlink: /repo/ws/install/include/px4/px4/msg/detail/vehicle_torque_setpoint__type_support.hpp
[3.869s] -- Up-to-date symlink: /repo/ws/install/include/px4/px4/msg/detail/velocity_limits__builder.hpp
[3.869s] -- Up-to-date symlink: /repo/ws/install/include/px4/px4/msg/detail/velocity_limits__struct.hpp
[3.869s] -- Up-to-date symlink: /repo/ws/install/include/px4/px4/msg/detail/velocity_limits__traits.hpp
[3.870s] -- Up-to-date symlink: /repo/ws/install/include/px4/px4/msg/detail/velocity_limits__type_support.hpp
[3.870s] -- Up-to-date symlink: /repo/ws/install/include/px4/px4/msg/detail/vtol_vehicle_status__builder.hpp
[3.870s] -- Up-to-date symlink: /repo/ws/install/include/px4/px4/msg/detail/vtol_vehicle_status__struct.hpp
[3.870s] -- Up-to-date symlink: /repo/ws/install/include/px4/px4/msg/detail/vtol_vehicle_status__traits.hpp
[3.871s] -- Up-to-date symlink: /repo/ws/install/include/px4/px4/msg/detail/vtol_vehicle_status__type_support.hpp
[3.871s] -- Up-to-date symlink: /repo/ws/install/include/px4/px4/msg/detail/wheel_encoders__builder.hpp
[3.871s] -- Up-to-date symlink: /repo/ws/install/include/px4/px4/msg/detail/wheel_encoders__struct.hpp
[3.871s] -- Up-to-date symlink: /repo/ws/install/include/px4/px4/msg/detail/wheel_encoders__traits.hpp
[3.871s] -- Up-to-date symlink: /repo/ws/install/include/px4/px4/msg/detail/wheel_encoders__type_support.hpp
[3.871s] -- Up-to-date symlink: /repo/ws/install/include/px4/px4/msg/detail/wind__builder.hpp
[3.872s] -- Up-to-date symlink: /repo/ws/install/include/px4/px4/msg/detail/wind__struct.hpp
[3.872s] -- Up-to-date symlink: /repo/ws/install/include/px4/px4/msg/detail/wind__traits.hpp
[3.872s] -- Up-to-date symlink: /repo/ws/install/include/px4/px4/msg/detail/wind__type_support.hpp
[3.872s] -- Up-to-date symlink: /repo/ws/install/include/px4/px4/msg/detail/yaw_estimator_status__builder.hpp
[3.872s] -- Up-to-date symlink: /repo/ws/install/include/px4/px4/msg/detail/yaw_estimator_status__struct.hpp
[3.873s] -- Up-to-date symlink: /repo/ws/install/include/px4/px4/msg/detail/yaw_estimator_status__traits.hpp
[3.873s] -- Up-to-date symlink: /repo/ws/install/include/px4/px4/msg/detail/yaw_estimator_status__type_support.hpp
[3.873s] -- Up-to-date symlink: /repo/ws/install/include/px4/px4/msg/differential_pressure.hpp
[3.873s] -- Up-to-date symlink: /repo/ws/install/include/px4/px4/msg/differential_velocity_setpoint.hpp
[3.874s] -- Up-to-date symlink: /repo/ws/install/include/px4/px4/msg/distance_sensor.hpp
[3.874s] -- Up-to-date symlink: /repo/ws/install/include/px4/px4/msg/distance_sensor_mode_change_request.hpp
[3.874s] -- Up-to-date symlink: /repo/ws/install/include/px4/px4/msg/ekf2_timestamps.hpp
[3.874s] -- Up-to-date symlink: /repo/ws/install/include/px4/px4/msg/esc_report.hpp
[3.874s] -- Up-to-date symlink: /repo/ws/install/include/px4/px4/msg/esc_status.hpp
[3.874s] -- Up-to-date symlink: /repo/ws/install/include/px4/px4/msg/estimator_aid_source1d.hpp
[3.875s] -- Up-to-date symlink: /repo/ws/install/include/px4/px4/msg/estimator_aid_source2d.hpp
[3.875s] -- Up-to-date symlink: /repo/ws/install/include/px4/px4/msg/estimator_aid_source3d.hpp
[3.875s] -- Up-to-date symlink: /repo/ws/install/include/px4/px4/msg/estimator_bias.hpp
[3.875s] -- Up-to-date symlink: /repo/ws/install/include/px4/px4/msg/estimator_bias3d.hpp
[3.876s] -- Up-to-date symlink: /repo/ws/install/include/px4/px4/msg/estimator_event_flags.hpp
[3.876s] -- Up-to-date symlink: /repo/ws/install/include/px4/px4/msg/estimator_gps_status.hpp
[3.876s] -- Up-to-date symlink: /repo/ws/install/include/px4/px4/msg/estimator_innovations.hpp
[3.876s] -- Up-to-date symlink: /repo/ws/install/include/px4/px4/msg/estimator_selector_status.hpp
[3.876s] -- Up-to-date symlink: /repo/ws/install/include/px4/px4/msg/estimator_sensor_bias.hpp
[3.877s] -- Up-to-date symlink: /repo/ws/install/include/px4/px4/msg/estimator_states.hpp
[3.877s] -- Up-to-date symlink: /repo/ws/install/include/px4/px4/msg/estimator_status.hpp
[3.877s] -- Up-to-date symlink: /repo/ws/install/include/px4/px4/msg/estimator_status_flags.hpp
[3.877s] -- Up-to-date symlink: /repo/ws/install/include/px4/px4/msg/event.hpp
[3.877s] -- Up-to-date symlink: /repo/ws/install/include/px4/px4/msg/failsafe_flags.hpp
[3.878s] -- Up-to-date symlink: /repo/ws/install/include/px4/px4/msg/failure_detector_status.hpp
[3.878s] -- Up-to-date symlink: /repo/ws/install/include/px4/px4/msg/figure_eight_status.hpp
[3.878s] -- Up-to-date symlink: /repo/ws/install/include/px4/px4/msg/flight_phase_estimation.hpp
[3.878s] -- Up-to-date symlink: /repo/ws/install/include/px4/px4/msg/follow_target.hpp
[3.878s] -- Up-to-date symlink: /repo/ws/install/include/px4/px4/msg/follow_target_estimator.hpp
[3.879s] -- Up-to-date symlink: /repo/ws/install/include/px4/px4/msg/follow_target_status.hpp
[3.879s] -- Up-to-date symlink: /repo/ws/install/include/px4/px4/msg/fuel_tank_status.hpp
[3.879s] -- Up-to-date symlink: /repo/ws/install/include/px4/px4/msg/generator_status.hpp
[3.879s] -- Up-to-date symlink: /repo/ws/install/include/px4/px4/msg/geofence_result.hpp
[3.879s] -- Up-to-date symlink: /repo/ws/install/include/px4/px4/msg/geofence_status.hpp
[3.880s] -- Up-to-date symlink: /repo/ws/install/include/px4/px4/msg/gimbal_controls.hpp
[3.880s] -- Up-to-date symlink: /repo/ws/install/include/px4/px4/msg/gimbal_device_attitude_status.hpp
[3.880s] -- Up-to-date symlink: /repo/ws/install/include/px4/px4/msg/gimbal_device_information.hpp
[3.880s] -- Up-to-date symlink: /repo/ws/install/include/px4/px4/msg/gimbal_device_set_attitude.hpp
[3.880s] -- Up-to-date symlink: /repo/ws/install/include/px4/px4/msg/gimbal_manager_information.hpp
[3.881s] -- Up-to-date symlink: /repo/ws/install/include/px4/px4/msg/gimbal_manager_set_attitude.hpp
[3.881s] -- Up-to-date symlink: /repo/ws/install/include/px4/px4/msg/gimbal_manager_set_manual_control.hpp
[3.881s] -- Up-to-date symlink: /repo/ws/install/include/px4/px4/msg/gimbal_manager_status.hpp
[3.881s] -- Up-to-date symlink: /repo/ws/install/include/px4/px4/msg/goto_setpoint.hpp
[3.881s] -- Up-to-date symlink: /repo/ws/install/include/px4/px4/msg/gpio_config.hpp
[3.882s] -- Up-to-date symlink: /repo/ws/install/include/px4/px4/msg/gpio_in.hpp
[3.882s] -- Up-to-date symlink: /repo/ws/install/include/px4/px4/msg/gpio_out.hpp
[3.882s] -- Up-to-date symlink: /repo/ws/install/include/px4/px4/msg/gpio_request.hpp
[3.882s] -- Up-to-date symlink: /repo/ws/install/include/px4/px4/msg/gps_dump.hpp
[3.882s] -- Up-to-date symlink: /repo/ws/install/include/px4/px4/msg/gps_inject_data.hpp
[3.882s] -- Up-to-date symlink: /repo/ws/install/include/px4/px4/msg/gripper.hpp
[3.882s] -- Up-to-date symlink: /repo/ws/install/include/px4/px4/msg/health_report.hpp
[3.883s] -- Up-to-date symlink: /repo/ws/install/include/px4/px4/msg/heater_status.hpp
[3.883s] -- Up-to-date symlink: /repo/ws/install/include/px4/px4/msg/home_position.hpp
[3.883s] -- Up-to-date symlink: /repo/ws/install/include/px4/px4/msg/hover_thrust_estimate.hpp
[3.883s] -- Up-to-date symlink: /repo/ws/install/include/px4/px4/msg/input_rc.hpp
[3.883s] -- Up-to-date symlink: /repo/ws/install/include/px4/px4/msg/internal_combustion_engine_control.hpp
[3.884s] -- Up-to-date symlink: /repo/ws/install/include/px4/px4/msg/internal_combustion_engine_status.hpp
[3.884s] -- Up-to-date symlink: /repo/ws/install/include/px4/px4/msg/iridiumsbd_status.hpp
[3.884s] -- Up-to-date symlink: /repo/ws/install/include/px4/px4/msg/irlock_report.hpp
[3.884s] -- Up-to-date symlink: /repo/ws/install/include/px4/px4/msg/landing_gear.hpp
[3.884s] -- Up-to-date symlink: /repo/ws/install/include/px4/px4/msg/landing_gear_wheel.hpp
[3.884s] -- Up-to-date symlink: /repo/ws/install/include/px4/px4/msg/landing_target_innovations.hpp
[3.884s] -- Up-to-date symlink: /repo/ws/install/include/px4/px4/msg/landing_target_pose.hpp
[3.885s] -- Up-to-date symlink: /repo/ws/install/include/px4/px4/msg/launch_detection_status.hpp
[3.885s] -- Up-to-date symlink: /repo/ws/install/include/px4/px4/msg/led_control.hpp
[3.885s] -- Up-to-date symlink: /repo/ws/install/include/px4/px4/msg/log_message.hpp
[3.885s] -- Up-to-date symlink: /repo/ws/install/include/px4/px4/msg/logger_status.hpp
[3.885s] -- Up-to-date symlink: /repo/ws/install/include/px4/px4/msg/mag_worker_data.hpp
[3.885s] -- Up-to-date symlink: /repo/ws/install/include/px4/px4/msg/magnetometer_bias_estimate.hpp
[3.886s] -- Up-to-date symlink: /repo/ws/install/include/px4/px4/msg/manual_control_setpoint.hpp
[3.889s] -- Up-to-date symlink: /repo/ws/install/include/px4/px4/msg/manual_control_switches.hpp
[3.889s] -- Up-to-date symlink: /repo/ws/install/include/px4/px4/msg/mavlink_log.hpp
[3.889s] -- Up-to-date symlink: /repo/ws/install/include/px4/px4/msg/mavlink_tunnel.hpp
[3.889s] -- Up-to-date symlink: /repo/ws/install/include/px4/px4/msg/message_format_request.hpp
[3.889s] -- Up-to-date symlink: /repo/ws/install/include/px4/px4/msg/message_format_response.hpp
[3.889s] -- Up-to-date symlink: /repo/ws/install/include/px4/px4/msg/mission.hpp
[3.890s] -- Up-to-date symlink: /repo/ws/install/include/px4/px4/msg/mission_result.hpp
[3.890s] -- Up-to-date symlink: /repo/ws/install/include/px4/px4/msg/mode_completed.hpp
[3.890s] -- Up-to-date symlink: /repo/ws/install/include/px4/px4/msg/mount_orientation.hpp
[3.890s] -- Up-to-date symlink: /repo/ws/install/include/px4/px4/msg/navigator_mission_item.hpp
[3.890s] -- Up-to-date symlink: /repo/ws/install/include/px4/px4/msg/navigator_status.hpp
[3.890s] -- Up-to-date symlink: /repo/ws/install/include/px4/px4/msg/normalized_unsigned_setpoint.hpp
[3.890s] -- Up-to-date symlink: /repo/ws/install/include/px4/px4/msg/npfg_status.hpp
[3.890s] -- Up-to-date symlink: /repo/ws/install/include/px4/px4/msg/obstacle_distance.hpp
[3.890s] -- Up-to-date symlink: /repo/ws/install/include/px4/px4/msg/offboard_control_mode.hpp
[3.890s] -- Up-to-date symlink: /repo/ws/install/include/px4/px4/msg/onboard_computer_status.hpp
[3.891s] -- Up-to-date symlink: /repo/ws/install/include/px4/px4/msg/open_drone_id_arm_status.hpp
[3.891s] -- Up-to-date symlink: /repo/ws/install/include/px4/px4/msg/open_drone_id_operator_id.hpp
[3.891s] -- Up-to-date symlink: /repo/ws/install/include/px4/px4/msg/open_drone_id_self_id.hpp
[3.891s] -- Up-to-date symlink: /repo/ws/install/include/px4/px4/msg/open_drone_id_system.hpp
[3.891s] -- Up-to-date symlink: /repo/ws/install/include/px4/px4/msg/orb_test.hpp
[3.891s] -- Up-to-date symlink: /repo/ws/install/include/px4/px4/msg/orb_test_large.hpp
[3.891s] -- Up-to-date symlink: /repo/ws/install/include/px4/px4/msg/orb_test_medium.hpp
[3.891s] -- Up-to-date symlink: /repo/ws/install/include/px4/px4/msg/orbit_status.hpp
[3.891s] -- Up-to-date symlink: /repo/ws/install/include/px4/px4/msg/parameter_reset_request.hpp
[3.891s] -- Up-to-date symlink: /repo/ws/install/include/px4/px4/msg/parameter_set_used_request.hpp
[3.892s] -- Up-to-date symlink: /repo/ws/install/include/px4/px4/msg/parameter_set_value_request.hpp
[3.892s] -- Up-to-date symlink: /repo/ws/install/include/px4/px4/msg/parameter_set_value_response.hpp
[3.892s] -- Up-to-date symlink: /repo/ws/install/include/px4/px4/msg/parameter_update.hpp
[3.892s] -- Up-to-date symlink: /repo/ws/install/include/px4/px4/msg/ping.hpp
[3.892s] -- Up-to-date symlink: /repo/ws/install/include/px4/px4/msg/position_controller_landing_status.hpp
[3.892s] -- Up-to-date symlink: /repo/ws/install/include/px4/px4/msg/position_controller_status.hpp
[3.892s] -- Up-to-date symlink: /repo/ws/install/include/px4/px4/msg/position_setpoint.hpp
[3.892s] -- Up-to-date symlink: /repo/ws/install/include/px4/px4/msg/position_setpoint_triplet.hpp
[3.892s] -- Up-to-date symlink: /repo/ws/install/include/px4/px4/msg/power_button_state.hpp
[3.892s] -- Up-to-date symlink: /repo/ws/install/include/px4/px4/msg/power_monitor.hpp
[3.893s] -- Up-to-date symlink: /repo/ws/install/include/px4/px4/msg/pps_capture.hpp
[3.893s] -- Up-to-date symlink: /repo/ws/install/include/px4/px4/msg/pure_pursuit_status.hpp
[3.893s] -- Up-to-date symlink: /repo/ws/install/include/px4/px4/msg/pwm_input.hpp
[3.893s] -- Up-to-date symlink: /repo/ws/install/include/px4/px4/msg/px4io_status.hpp
[3.893s] -- Up-to-date symlink: /repo/ws/install/include/px4/px4/msg/qshell_req.hpp
[3.893s] -- Up-to-date symlink: /repo/ws/install/include/px4/px4/msg/qshell_retval.hpp
[3.894s] -- Up-to-date symlink: /repo/ws/install/include/px4/px4/msg/radio_status.hpp
[3.894s] -- Up-to-date symlink: /repo/ws/install/include/px4/px4/msg/rate_ctrl_status.hpp
[3.894s] -- Up-to-date symlink: /repo/ws/install/include/px4/px4/msg/rc_channels.hpp
[3.894s] -- Up-to-date symlink: /repo/ws/install/include/px4/px4/msg/rc_parameter_map.hpp
[3.895s] -- Up-to-date symlink: /repo/ws/install/include/px4/px4/msg/register_ext_component_reply.hpp
[3.895s] -- Up-to-date symlink: /repo/ws/install/include/px4/px4/msg/register_ext_component_request.hpp
[3.895s] -- Up-to-date symlink: /repo/ws/install/include/px4/px4/msg/rosidl_generator_cpp__visibility_control.hpp
[3.895s] -- Up-to-date symlink: /repo/ws/install/include/px4/px4/msg/rover_attitude_setpoint.hpp
[3.895s] -- Up-to-date symlink: /repo/ws/install/include/px4/px4/msg/rover_attitude_status.hpp
[3.896s] -- Up-to-date symlink: /repo/ws/install/include/px4/px4/msg/rover_position_setpoint.hpp
[3.896s] -- Up-to-date symlink: /repo/ws/install/include/px4/px4/msg/rover_rate_setpoint.hpp
[3.896s] -- Up-to-date symlink: /repo/ws/install/include/px4/px4/msg/rover_rate_status.hpp
[3.896s] -- Up-to-date symlink: /repo/ws/install/include/px4/px4/msg/rover_steering_setpoint.hpp
[3.896s] -- Up-to-date symlink: /repo/ws/install/include/px4/px4/msg/rover_throttle_setpoint.hpp
[3.897s] -- Up-to-date symlink: /repo/ws/install/include/px4/px4/msg/rover_velocity_status.hpp
[3.897s] -- Up-to-date symlink: /repo/ws/install/include/px4/px4/msg/rpm.hpp
[3.897s] -- Up-to-date symlink: /repo/ws/install/include/px4/px4/msg/rtl_status.hpp
[3.897s] -- Up-to-date symlink: /repo/ws/install/include/px4/px4/msg/rtl_time_estimate.hpp
[3.897s] -- Up-to-date symlink: /repo/ws/install/include/px4/px4/msg/satellite_info.hpp
[3.898s] -- Up-to-date symlink: /repo/ws/install/include/px4/px4/msg/sensor_accel.hpp
[3.898s] -- Up-to-date symlink: /repo/ws/install/include/px4/px4/msg/sensor_accel_fifo.hpp
[3.898s] -- Up-to-date symlink: /repo/ws/install/include/px4/px4/msg/sensor_airflow.hpp
[3.898s] -- Up-to-date symlink: /repo/ws/install/include/px4/px4/msg/sensor_baro.hpp
[3.898s] -- Up-to-date symlink: /repo/ws/install/include/px4/px4/msg/sensor_combined.hpp
[3.899s] -- Up-to-date symlink: /repo/ws/install/include/px4/px4/msg/sensor_correction.hpp
[3.899s] -- Up-to-date symlink: /repo/ws/install/include/px4/px4/msg/sensor_gnss_relative.hpp
[3.899s] -- Up-to-date symlink: /repo/ws/install/include/px4/px4/msg/sensor_gps.hpp
[3.899s] -- Up-to-date symlink: /repo/ws/install/include/px4/px4/msg/sensor_gyro.hpp
[3.900s] -- Up-to-date symlink: /repo/ws/install/include/px4/px4/msg/sensor_gyro_fft.hpp
[3.900s] -- Up-to-date symlink: /repo/ws/install/include/px4/px4/msg/sensor_gyro_fifo.hpp
[3.900s] -- Up-to-date symlink: /repo/ws/install/include/px4/px4/msg/sensor_hygrometer.hpp
[3.900s] -- Up-to-date symlink: /repo/ws/install/include/px4/px4/msg/sensor_mag.hpp
[3.900s] -- Up-to-date symlink: /repo/ws/install/include/px4/px4/msg/sensor_optical_flow.hpp
[3.901s] -- Up-to-date symlink: /repo/ws/install/include/px4/px4/msg/sensor_preflight_mag.hpp
[3.901s] -- Up-to-date symlink: /repo/ws/install/include/px4/px4/msg/sensor_selection.hpp
[3.901s] -- Up-to-date symlink: /repo/ws/install/include/px4/px4/msg/sensor_uwb.hpp
[3.901s] -- Up-to-date symlink: /repo/ws/install/include/px4/px4/msg/sensors_status.hpp
[3.901s] -- Up-to-date symlink: /repo/ws/install/include/px4/px4/msg/sensors_status_imu.hpp
[3.902s] -- Up-to-date symlink: /repo/ws/install/include/px4/px4/msg/system_power.hpp
[3.902s] -- Up-to-date symlink: /repo/ws/install/include/px4/px4/msg/takeoff_status.hpp
[3.902s] -- Up-to-date symlink: /repo/ws/install/include/px4/px4/msg/task_stack_info.hpp
[3.905s] -- Up-to-date symlink: /repo/ws/install/include/px4/px4/msg/tecs_status.hpp
[3.905s] -- Up-to-date symlink: /repo/ws/install/include/px4/px4/msg/telemetry_status.hpp
[3.906s] -- Up-to-date symlink: /repo/ws/install/include/px4/px4/msg/tiltrotor_extra_controls.hpp
[3.906s] -- Up-to-date symlink: /repo/ws/install/include/px4/px4/msg/timesync_status.hpp
[3.906s] -- Up-to-date symlink: /repo/ws/install/include/px4/px4/msg/trajectory_setpoint.hpp
[3.906s] -- Up-to-date symlink: /repo/ws/install/include/px4/px4/msg/trajectory_setpoint6dof.hpp
[3.906s] -- Up-to-date symlink: /repo/ws/install/include/px4/px4/msg/transponder_report.hpp
[3.906s] -- Up-to-date symlink: /repo/ws/install/include/px4/px4/msg/tune_control.hpp
[3.906s] -- Up-to-date symlink: /repo/ws/install/include/px4/px4/msg/uavcan_parameter_request.hpp
[3.906s] -- Up-to-date symlink: /repo/ws/install/include/px4/px4/msg/uavcan_parameter_value.hpp
[3.906s] -- Up-to-date symlink: /repo/ws/install/include/px4/px4/msg/ulog_stream.hpp
[3.906s] -- Up-to-date symlink: /repo/ws/install/include/px4/px4/msg/ulog_stream_ack.hpp
[3.907s] -- Up-to-date symlink: /repo/ws/install/include/px4/px4/msg/unregister_ext_component.hpp
[3.907s] -- Up-to-date symlink: /repo/ws/install/include/px4/px4/msg/vehicle_acceleration.hpp
[3.907s] -- Up-to-date symlink: /repo/ws/install/include/px4/px4/msg/vehicle_air_data.hpp
[3.907s] -- Up-to-date symlink: /repo/ws/install/include/px4/px4/msg/vehicle_angular_acceleration_setpoint.hpp
[3.907s] -- Up-to-date symlink: /repo/ws/install/include/px4/px4/msg/vehicle_angular_velocity.hpp
[3.907s] -- Up-to-date symlink: /repo/ws/install/include/px4/px4/msg/vehicle_attitude.hpp
[3.907s] -- Up-to-date symlink: /repo/ws/install/include/px4/px4/msg/vehicle_attitude_setpoint.hpp
[3.907s] -- Up-to-date symlink: /repo/ws/install/include/px4/px4/msg/vehicle_command.hpp
[3.907s] -- Up-to-date symlink: /repo/ws/install/include/px4/px4/msg/vehicle_command_ack.hpp
[3.907s] -- Up-to-date symlink: /repo/ws/install/include/px4/px4/msg/vehicle_constraints.hpp
[3.907s] -- Up-to-date symlink: /repo/ws/install/include/px4/px4/msg/vehicle_control_mode.hpp
[3.908s] -- Up-to-date symlink: /repo/ws/install/include/px4/px4/msg/vehicle_global_position.hpp
[3.908s] -- Up-to-date symlink: /repo/ws/install/include/px4/px4/msg/vehicle_imu.hpp
[3.908s] -- Up-to-date symlink: /repo/ws/install/include/px4/px4/msg/vehicle_imu_status.hpp
[3.908s] -- Up-to-date symlink: /repo/ws/install/include/px4/px4/msg/vehicle_land_detected.hpp
[3.911s] -- Up-to-date symlink: /repo/ws/install/include/px4/px4/msg/vehicle_local_position.hpp
[3.911s] -- Up-to-date symlink: /repo/ws/install/include/px4/px4/msg/vehicle_local_position_setpoint.hpp
[3.912s] -- Up-to-date symlink: /repo/ws/install/include/px4/px4/msg/vehicle_magnetometer.hpp
[3.912s] -- Up-to-date symlink: /repo/ws/install/include/px4/px4/msg/vehicle_odometry.hpp
[3.912s] -- Up-to-date symlink: /repo/ws/install/include/px4/px4/msg/vehicle_optical_flow.hpp
[3.912s] -- Up-to-date symlink: /repo/ws/install/include/px4/px4/msg/vehicle_optical_flow_vel.hpp
[3.912s] -- Up-to-date symlink: /repo/ws/install/include/px4/px4/msg/vehicle_rates_setpoint.hpp
[3.912s] -- Up-to-date symlink: /repo/ws/install/include/px4/px4/msg/vehicle_roi.hpp
[3.912s] -- Up-to-date symlink: /repo/ws/install/include/px4/px4/msg/vehicle_status.hpp
[3.912s] -- Up-to-date symlink: /repo/ws/install/include/px4/px4/msg/vehicle_thrust_setpoint.hpp
[3.912s] -- Up-to-date symlink: /repo/ws/install/include/px4/px4/msg/vehicle_torque_setpoint.hpp
[3.912s] -- Up-to-date symlink: /repo/ws/install/include/px4/px4/msg/velocity_limits.hpp
[3.912s] -- Up-to-date symlink: /repo/ws/install/include/px4/px4/msg/vtol_vehicle_status.hpp
[3.912s] -- Up-to-date symlink: /repo/ws/install/include/px4/px4/msg/wheel_encoders.hpp
[3.913s] -- Up-to-date symlink: /repo/ws/install/include/px4/px4/msg/wind.hpp
[3.913s] -- Up-to-date symlink: /repo/ws/install/include/px4/px4/msg/yaw_estimator_status.hpp
[3.925s] -- Up-to-date symlink: /repo/ws/install/include/px4/px4/msg/detail/ackermann_velocity_setpoint__rosidl_typesupport_fastrtps_cpp.hpp
[3.926s] -- Up-to-date symlink: /repo/ws/install/include/px4/px4/msg/detail/action_request__rosidl_typesupport_fastrtps_cpp.hpp
[3.926s] -- Up-to-date symlink: /repo/ws/install/include/px4/px4/msg/detail/actuator_armed__rosidl_typesupport_fastrtps_cpp.hpp
[3.926s] -- Up-to-date symlink: /repo/ws/install/include/px4/px4/msg/detail/actuator_controls_status__rosidl_typesupport_fastrtps_cpp.hpp
[3.926s] -- Up-to-date symlink: /repo/ws/install/include/px4/px4/msg/detail/actuator_motors__rosidl_typesupport_fastrtps_cpp.hpp
[3.927s] -- Up-to-date symlink: /repo/ws/install/include/px4/px4/msg/detail/actuator_outputs__rosidl_typesupport_fastrtps_cpp.hpp
[3.927s] -- Up-to-date symlink: /repo/ws/install/include/px4/px4/msg/detail/actuator_servos__rosidl_typesupport_fastrtps_cpp.hpp
[3.927s] -- Up-to-date symlink: /repo/ws/install/include/px4/px4/msg/detail/actuator_servos_trim__rosidl_typesupport_fastrtps_cpp.hpp
[3.927s] -- Up-to-date symlink: /repo/ws/install/include/px4/px4/msg/detail/actuator_test__rosidl_typesupport_fastrtps_cpp.hpp
[3.927s] -- Up-to-date symlink: /repo/ws/install/include/px4/px4/msg/detail/adc_report__rosidl_typesupport_fastrtps_cpp.hpp
[3.928s] -- Up-to-date symlink: /repo/ws/install/include/px4/px4/msg/detail/airspeed__rosidl_typesupport_fastrtps_cpp.hpp
[3.928s] -- Up-to-date symlink: /repo/ws/install/include/px4/px4/msg/detail/airspeed_validated__rosidl_typesupport_fastrtps_cpp.hpp
[3.928s] -- Up-to-date symlink: /repo/ws/install/include/px4/px4/msg/detail/airspeed_wind__rosidl_typesupport_fastrtps_cpp.hpp
[3.928s] -- Up-to-date symlink: /repo/ws/install/include/px4/px4/msg/detail/arming_check_reply__rosidl_typesupport_fastrtps_cpp.hpp
[3.928s] -- Up-to-date symlink: /repo/ws/install/include/px4/px4/msg/detail/arming_check_request__rosidl_typesupport_fastrtps_cpp.hpp
[3.929s] -- Up-to-date symlink: /repo/ws/install/include/px4/px4/msg/detail/autotune_attitude_control_status__rosidl_typesupport_fastrtps_cpp.hpp
[3.930s] -- Up-to-date symlink: /repo/ws/install/include/px4/px4/msg/detail/battery_status__rosidl_typesupport_fastrtps_cpp.hpp
[3.930s] -- Up-to-date symlink: /repo/ws/install/include/px4/px4/msg/detail/button_event__rosidl_typesupport_fastrtps_cpp.hpp
[3.930s] -- Up-to-date symlink: /repo/ws/install/include/px4/px4/msg/detail/camera_capture__rosidl_typesupport_fastrtps_cpp.hpp
[3.931s] -- Up-to-date symlink: /repo/ws/install/include/px4/px4/msg/detail/camera_status__rosidl_typesupport_fastrtps_cpp.hpp
[3.931s] -- Up-to-date symlink: /repo/ws/install/include/px4/px4/msg/detail/camera_trigger__rosidl_typesupport_fastrtps_cpp.hpp
[3.931s] -- Up-to-date symlink: /repo/ws/install/include/px4/px4/msg/detail/can_interface_status__rosidl_typesupport_fastrtps_cpp.hpp
[3.931s] -- Up-to-date symlink: /repo/ws/install/include/px4/px4/msg/detail/cellular_status__rosidl_typesupport_fastrtps_cpp.hpp
[3.932s] -- Up-to-date symlink: /repo/ws/install/include/px4/px4/msg/detail/collision_constraints__rosidl_typesupport_fastrtps_cpp.hpp
[3.932s] -- Up-to-date symlink: /repo/ws/install/include/px4/px4/msg/detail/config_overrides__rosidl_typesupport_fastrtps_cpp.hpp
[3.932s] -- Up-to-date symlink: /repo/ws/install/include/px4/px4/msg/detail/control_allocator_status__rosidl_typesupport_fastrtps_cpp.hpp
[3.932s] -- Up-to-date symlink: /repo/ws/install/include/px4/px4/msg/detail/cpuload__rosidl_typesupport_fastrtps_cpp.hpp
[3.932s] -- Up-to-date symlink: /repo/ws/install/include/px4/px4/msg/detail/dataman_request__rosidl_typesupport_fastrtps_cpp.hpp
[3.932s] -- Up-to-date symlink: /repo/ws/install/include/px4/px4/msg/detail/dataman_response__rosidl_typesupport_fastrtps_cpp.hpp
[3.933s] -- Up-to-date symlink: /repo/ws/install/include/px4/px4/msg/detail/debug_array__rosidl_typesupport_fastrtps_cpp.hpp
[3.933s] -- Up-to-date symlink: /repo/ws/install/include/px4/px4/msg/detail/debug_key_value__rosidl_typesupport_fastrtps_cpp.hpp
[3.933s] -- Up-to-date symlink: /repo/ws/install/include/px4/px4/msg/detail/debug_value__rosidl_typesupport_fastrtps_cpp.hpp
[3.933s] -- Up-to-date symlink: /repo/ws/install/include/px4/px4/msg/detail/debug_vect__rosidl_typesupport_fastrtps_cpp.hpp
[3.934s] -- Up-to-date symlink: /repo/ws/install/include/px4/px4/msg/detail/differential_pressure__rosidl_typesupport_fastrtps_cpp.hpp
[3.934s] -- Up-to-date symlink: /repo/ws/install/include/px4/px4/msg/detail/differential_velocity_setpoint__rosidl_typesupport_fastrtps_cpp.hpp
[3.934s] -- Up-to-date symlink: /repo/ws/install/include/px4/px4/msg/detail/distance_sensor__rosidl_typesupport_fastrtps_cpp.hpp
[3.934s] -- Up-to-date symlink: /repo/ws/install/include/px4/px4/msg/detail/distance_sensor_mode_change_request__rosidl_typesupport_fastrtps_cpp.hpp
[3.934s] -- Up-to-date symlink: /repo/ws/install/include/px4/px4/msg/detail/ekf2_timestamps__rosidl_typesupport_fastrtps_cpp.hpp
[3.935s] -- Up-to-date symlink: /repo/ws/install/include/px4/px4/msg/detail/esc_report__rosidl_typesupport_fastrtps_cpp.hpp
[3.935s] -- Up-to-date symlink: /repo/ws/install/include/px4/px4/msg/detail/esc_status__rosidl_typesupport_fastrtps_cpp.hpp
[3.935s] -- Up-to-date symlink: /repo/ws/install/include/px4/px4/msg/detail/estimator_aid_source1d__rosidl_typesupport_fastrtps_cpp.hpp
[3.935s] -- Up-to-date symlink: /repo/ws/install/include/px4/px4/msg/detail/estimator_aid_source2d__rosidl_typesupport_fastrtps_cpp.hpp
[3.935s] -- Up-to-date symlink: /repo/ws/install/include/px4/px4/msg/detail/estimator_aid_source3d__rosidl_typesupport_fastrtps_cpp.hpp
[3.936s] -- Up-to-date symlink: /repo/ws/install/include/px4/px4/msg/detail/estimator_bias3d__rosidl_typesupport_fastrtps_cpp.hpp
[3.936s] -- Up-to-date symlink: /repo/ws/install/include/px4/px4/msg/detail/estimator_bias__rosidl_typesupport_fastrtps_cpp.hpp
[3.936s] -- Up-to-date symlink: /repo/ws/install/include/px4/px4/msg/detail/estimator_event_flags__rosidl_typesupport_fastrtps_cpp.hpp
[3.936s] -- Up-to-date symlink: /repo/ws/install/include/px4/px4/msg/detail/estimator_gps_status__rosidl_typesupport_fastrtps_cpp.hpp
[3.937s] -- Up-to-date symlink: /repo/ws/install/include/px4/px4/msg/detail/estimator_innovations__rosidl_typesupport_fastrtps_cpp.hpp
[3.937s] -- Up-to-date symlink: /repo/ws/install/include/px4/px4/msg/detail/estimator_selector_status__rosidl_typesupport_fastrtps_cpp.hpp
[3.937s] -- Up-to-date symlink: /repo/ws/install/include/px4/px4/msg/detail/estimator_sensor_bias__rosidl_typesupport_fastrtps_cpp.hpp
[3.937s] -- Up-to-date symlink: /repo/ws/install/include/px4/px4/msg/detail/estimator_states__rosidl_typesupport_fastrtps_cpp.hpp
[3.939s] -- Up-to-date symlink: /repo/ws/install/include/px4/px4/msg/detail/estimator_status__rosidl_typesupport_fastrtps_cpp.hpp
[3.939s] -- Up-to-date symlink: /repo/ws/install/include/px4/px4/msg/detail/estimator_status_flags__rosidl_typesupport_fastrtps_cpp.hpp
[3.939s] -- Up-to-date symlink: /repo/ws/install/include/px4/px4/msg/detail/event__rosidl_typesupport_fastrtps_cpp.hpp
[3.939s] -- Up-to-date symlink: /repo/ws/install/include/px4/px4/msg/detail/failsafe_flags__rosidl_typesupport_fastrtps_cpp.hpp
[3.939s] -- Up-to-date symlink: /repo/ws/install/include/px4/px4/msg/detail/failure_detector_status__rosidl_typesupport_fastrtps_cpp.hpp
[3.940s] -- Up-to-date symlink: /repo/ws/install/include/px4/px4/msg/detail/figure_eight_status__rosidl_typesupport_fastrtps_cpp.hpp
[3.940s] -- Up-to-date symlink: /repo/ws/install/include/px4/px4/msg/detail/flight_phase_estimation__rosidl_typesupport_fastrtps_cpp.hpp
[3.941s] -- Up-to-date symlink: /repo/ws/install/include/px4/px4/msg/detail/follow_target__rosidl_typesupport_fastrtps_cpp.hpp
[3.941s] -- Up-to-date symlink: /repo/ws/install/include/px4/px4/msg/detail/follow_target_estimator__rosidl_typesupport_fastrtps_cpp.hpp
[3.941s] -- Up-to-date symlink: /repo/ws/install/include/px4/px4/msg/detail/follow_target_status__rosidl_typesupport_fastrtps_cpp.hpp
[3.941s] -- Up-to-date symlink: /repo/ws/install/include/px4/px4/msg/detail/fuel_tank_status__rosidl_typesupport_fastrtps_cpp.hpp
[3.941s] -- Up-to-date symlink: /repo/ws/install/include/px4/px4/msg/detail/generator_status__rosidl_typesupport_fastrtps_cpp.hpp
[3.941s] -- Up-to-date symlink: /repo/ws/install/include/px4/px4/msg/detail/geofence_result__rosidl_typesupport_fastrtps_cpp.hpp
[3.942s] -- Up-to-date symlink: /repo/ws/install/include/px4/px4/msg/detail/geofence_status__rosidl_typesupport_fastrtps_cpp.hpp
[3.942s] -- Up-to-date symlink: /repo/ws/install/include/px4/px4/msg/detail/gimbal_controls__rosidl_typesupport_fastrtps_cpp.hpp
[3.943s] -- Up-to-date symlink: /repo/ws/install/include/px4/px4/msg/detail/gimbal_device_attitude_status__rosidl_typesupport_fastrtps_cpp.hpp
[3.943s] -- Up-to-date symlink: /repo/ws/install/include/px4/px4/msg/detail/gimbal_device_information__rosidl_typesupport_fastrtps_cpp.hpp
[3.943s] -- Up-to-date symlink: /repo/ws/install/include/px4/px4/msg/detail/gimbal_device_set_attitude__rosidl_typesupport_fastrtps_cpp.hpp
[3.945s] -- Up-to-date symlink: /repo/ws/install/include/px4/px4/msg/detail/gimbal_manager_information__rosidl_typesupport_fastrtps_cpp.hpp
[3.945s] -- Up-to-date symlink: /repo/ws/install/include/px4/px4/msg/detail/gimbal_manager_set_attitude__rosidl_typesupport_fastrtps_cpp.hpp
[3.945s] -- Up-to-date symlink: /repo/ws/install/include/px4/px4/msg/detail/gimbal_manager_set_manual_control__rosidl_typesupport_fastrtps_cpp.hpp
[3.945s] -- Up-to-date symlink: /repo/ws/install/include/px4/px4/msg/detail/gimbal_manager_status__rosidl_typesupport_fastrtps_cpp.hpp
[3.945s] -- Up-to-date symlink: /repo/ws/install/include/px4/px4/msg/detail/goto_setpoint__rosidl_typesupport_fastrtps_cpp.hpp
[3.945s] -- Up-to-date symlink: /repo/ws/install/include/px4/px4/msg/detail/gpio_config__rosidl_typesupport_fastrtps_cpp.hpp
[3.946s] -- Up-to-date symlink: /repo/ws/install/include/px4/px4/msg/detail/gpio_in__rosidl_typesupport_fastrtps_cpp.hpp
[3.946s] -- Up-to-date symlink: /repo/ws/install/include/px4/px4/msg/detail/gpio_out__rosidl_typesupport_fastrtps_cpp.hpp
[3.946s] -- Up-to-date symlink: /repo/ws/install/include/px4/px4/msg/detail/gpio_request__rosidl_typesupport_fastrtps_cpp.hpp
[3.946s] -- Up-to-date symlink: /repo/ws/install/include/px4/px4/msg/detail/gps_dump__rosidl_typesupport_fastrtps_cpp.hpp
[3.946s] -- Up-to-date symlink: /repo/ws/install/include/px4/px4/msg/detail/gps_inject_data__rosidl_typesupport_fastrtps_cpp.hpp
[3.947s] -- Up-to-date symlink: /repo/ws/install/include/px4/px4/msg/detail/gripper__rosidl_typesupport_fastrtps_cpp.hpp
[3.947s] -- Up-to-date symlink: /repo/ws/install/include/px4/px4/msg/detail/health_report__rosidl_typesupport_fastrtps_cpp.hpp
[3.947s] -- Up-to-date symlink: /repo/ws/install/include/px4/px4/msg/detail/heater_status__rosidl_typesupport_fastrtps_cpp.hpp
[3.947s] -- Up-to-date symlink: /repo/ws/install/include/px4/px4/msg/detail/home_position__rosidl_typesupport_fastrtps_cpp.hpp
[3.947s] -- Up-to-date symlink: /repo/ws/install/include/px4/px4/msg/detail/hover_thrust_estimate__rosidl_typesupport_fastrtps_cpp.hpp
[3.947s] -- Up-to-date symlink: /repo/ws/install/include/px4/px4/msg/detail/input_rc__rosidl_typesupport_fastrtps_cpp.hpp
[3.947s] -- Up-to-date symlink: /repo/ws/install/include/px4/px4/msg/detail/internal_combustion_engine_control__rosidl_typesupport_fastrtps_cpp.hpp
[3.947s] -- Up-to-date symlink: /repo/ws/install/include/px4/px4/msg/detail/internal_combustion_engine_status__rosidl_typesupport_fastrtps_cpp.hpp
[3.947s] -- Up-to-date symlink: /repo/ws/install/include/px4/px4/msg/detail/iridiumsbd_status__rosidl_typesupport_fastrtps_cpp.hpp
[3.948s] -- Up-to-date symlink: /repo/ws/install/include/px4/px4/msg/detail/irlock_report__rosidl_typesupport_fastrtps_cpp.hpp
[3.948s] -- Up-to-date symlink: /repo/ws/install/include/px4/px4/msg/detail/landing_gear__rosidl_typesupport_fastrtps_cpp.hpp
[3.948s] -- Up-to-date symlink: /repo/ws/install/include/px4/px4/msg/detail/landing_gear_wheel__rosidl_typesupport_fastrtps_cpp.hpp
[3.948s] -- Up-to-date symlink: /repo/ws/install/include/px4/px4/msg/detail/landing_target_innovations__rosidl_typesupport_fastrtps_cpp.hpp
[3.948s] -- Up-to-date symlink: /repo/ws/install/include/px4/px4/msg/detail/landing_target_pose__rosidl_typesupport_fastrtps_cpp.hpp
[3.948s] -- Up-to-date symlink: /repo/ws/install/include/px4/px4/msg/detail/launch_detection_status__rosidl_typesupport_fastrtps_cpp.hpp
[3.948s] -- Up-to-date symlink: /repo/ws/install/include/px4/px4/msg/detail/led_control__rosidl_typesupport_fastrtps_cpp.hpp
[3.948s] -- Up-to-date symlink: /repo/ws/install/include/px4/px4/msg/detail/log_message__rosidl_typesupport_fastrtps_cpp.hpp
[3.948s] -- Up-to-date symlink: /repo/ws/install/include/px4/px4/msg/detail/logger_status__rosidl_typesupport_fastrtps_cpp.hpp
[3.948s] -- Up-to-date symlink: /repo/ws/install/include/px4/px4/msg/detail/mag_worker_data__rosidl_typesupport_fastrtps_cpp.hpp
[3.949s] -- Up-to-date symlink: /repo/ws/install/include/px4/px4/msg/detail/magnetometer_bias_estimate__rosidl_typesupport_fastrtps_cpp.hpp
[3.949s] -- Up-to-date symlink: /repo/ws/install/include/px4/px4/msg/detail/manual_control_setpoint__rosidl_typesupport_fastrtps_cpp.hpp
[3.949s] -- Up-to-date symlink: /repo/ws/install/include/px4/px4/msg/detail/manual_control_switches__rosidl_typesupport_fastrtps_cpp.hpp
[3.949s] -- Up-to-date symlink: /repo/ws/install/include/px4/px4/msg/detail/mavlink_log__rosidl_typesupport_fastrtps_cpp.hpp
[3.949s] -- Up-to-date symlink: /repo/ws/install/include/px4/px4/msg/detail/mavlink_tunnel__rosidl_typesupport_fastrtps_cpp.hpp
[3.949s] -- Up-to-date symlink: /repo/ws/install/include/px4/px4/msg/detail/message_format_request__rosidl_typesupport_fastrtps_cpp.hpp
[3.949s] -- Up-to-date symlink: /repo/ws/install/include/px4/px4/msg/detail/message_format_response__rosidl_typesupport_fastrtps_cpp.hpp
[3.949s] -- Up-to-date symlink: /repo/ws/install/include/px4/px4/msg/detail/mission__rosidl_typesupport_fastrtps_cpp.hpp
[3.950s] -- Up-to-date symlink: /repo/ws/install/include/px4/px4/msg/detail/mission_result__rosidl_typesupport_fastrtps_cpp.hpp
[3.950s] -- Up-to-date symlink: /repo/ws/install/include/px4/px4/msg/detail/mode_completed__rosidl_typesupport_fastrtps_cpp.hpp
[3.950s] -- Up-to-date symlink: /repo/ws/install/include/px4/px4/msg/detail/mount_orientation__rosidl_typesupport_fastrtps_cpp.hpp
[3.950s] -- Up-to-date symlink: /repo/ws/install/include/px4/px4/msg/detail/navigator_mission_item__rosidl_typesupport_fastrtps_cpp.hpp
[3.950s] -- Up-to-date symlink: /repo/ws/install/include/px4/px4/msg/detail/navigator_status__rosidl_typesupport_fastrtps_cpp.hpp
[3.950s] -- Up-to-date symlink: /repo/ws/install/include/px4/px4/msg/detail/normalized_unsigned_setpoint__rosidl_typesupport_fastrtps_cpp.hpp
[3.950s] -- Up-to-date symlink: /repo/ws/install/include/px4/px4/msg/detail/npfg_status__rosidl_typesupport_fastrtps_cpp.hpp
[3.950s] -- Up-to-date symlink: /repo/ws/install/include/px4/px4/msg/detail/obstacle_distance__rosidl_typesupport_fastrtps_cpp.hpp
[3.950s] -- Up-to-date symlink: /repo/ws/install/include/px4/px4/msg/detail/offboard_control_mode__rosidl_typesupport_fastrtps_cpp.hpp
[3.951s] -- Up-to-date symlink: /repo/ws/install/include/px4/px4/msg/detail/onboard_computer_status__rosidl_typesupport_fastrtps_cpp.hpp
[3.951s] -- Up-to-date symlink: /repo/ws/install/include/px4/px4/msg/detail/open_drone_id_arm_status__rosidl_typesupport_fastrtps_cpp.hpp
[3.951s] -- Up-to-date symlink: /repo/ws/install/include/px4/px4/msg/detail/open_drone_id_operator_id__rosidl_typesupport_fastrtps_cpp.hpp
[3.951s] -- Up-to-date symlink: /repo/ws/install/include/px4/px4/msg/detail/open_drone_id_self_id__rosidl_typesupport_fastrtps_cpp.hpp
[3.951s] -- Up-to-date symlink: /repo/ws/install/include/px4/px4/msg/detail/open_drone_id_system__rosidl_typesupport_fastrtps_cpp.hpp
[3.952s] -- Up-to-date symlink: /repo/ws/install/include/px4/px4/msg/detail/orb_test__rosidl_typesupport_fastrtps_cpp.hpp
[3.952s] -- Up-to-date symlink: /repo/ws/install/include/px4/px4/msg/detail/orb_test_large__rosidl_typesupport_fastrtps_cpp.hpp
[3.952s] -- Up-to-date symlink: /repo/ws/install/include/px4/px4/msg/detail/orb_test_medium__rosidl_typesupport_fastrtps_cpp.hpp
[3.952s] -- Up-to-date symlink: /repo/ws/install/include/px4/px4/msg/detail/orbit_status__rosidl_typesupport_fastrtps_cpp.hpp
[3.953s] -- Up-to-date symlink: /repo/ws/install/include/px4/px4/msg/detail/parameter_reset_request__rosidl_typesupport_fastrtps_cpp.hpp
[3.953s] -- Up-to-date symlink: /repo/ws/install/include/px4/px4/msg/detail/parameter_set_used_request__rosidl_typesupport_fastrtps_cpp.hpp
[3.953s] -- Up-to-date symlink: /repo/ws/install/include/px4/px4/msg/detail/parameter_set_value_request__rosidl_typesupport_fastrtps_cpp.hpp
[3.953s] -- Up-to-date symlink: /repo/ws/install/include/px4/px4/msg/detail/parameter_set_value_response__rosidl_typesupport_fastrtps_cpp.hpp
[3.953s] -- Up-to-date symlink: /repo/ws/install/include/px4/px4/msg/detail/parameter_update__rosidl_typesupport_fastrtps_cpp.hpp
[3.954s] -- Up-to-date symlink: /repo/ws/install/include/px4/px4/msg/detail/ping__rosidl_typesupport_fastrtps_cpp.hpp
[3.954s] -- Up-to-date symlink: /repo/ws/install/include/px4/px4/msg/detail/position_controller_landing_status__rosidl_typesupport_fastrtps_cpp.hpp
[3.954s] -- Up-to-date symlink: /repo/ws/install/include/px4/px4/msg/detail/position_controller_status__rosidl_typesupport_fastrtps_cpp.hpp
[3.954s] -- Up-to-date symlink: /repo/ws/install/include/px4/px4/msg/detail/position_setpoint__rosidl_typesupport_fastrtps_cpp.hpp
[3.954s] -- Up-to-date symlink: /repo/ws/install/include/px4/px4/msg/detail/position_setpoint_triplet__rosidl_typesupport_fastrtps_cpp.hpp
[3.955s] -- Up-to-date symlink: /repo/ws/install/include/px4/px4/msg/detail/power_button_state__rosidl_typesupport_fastrtps_cpp.hpp
[3.955s] -- Up-to-date symlink: /repo/ws/install/include/px4/px4/msg/detail/power_monitor__rosidl_typesupport_fastrtps_cpp.hpp
[3.955s] -- Up-to-date symlink: /repo/ws/install/include/px4/px4/msg/detail/pps_capture__rosidl_typesupport_fastrtps_cpp.hpp
[3.955s] -- Up-to-date symlink: /repo/ws/install/include/px4/px4/msg/detail/pure_pursuit_status__rosidl_typesupport_fastrtps_cpp.hpp
[3.955s] -- Up-to-date symlink: /repo/ws/install/include/px4/px4/msg/detail/pwm_input__rosidl_typesupport_fastrtps_cpp.hpp
[3.956s] -- Up-to-date symlink: /repo/ws/install/include/px4/px4/msg/detail/px4io_status__rosidl_typesupport_fastrtps_cpp.hpp
[3.956s] -- Up-to-date symlink: /repo/ws/install/include/px4/px4/msg/detail/qshell_req__rosidl_typesupport_fastrtps_cpp.hpp
[3.956s] -- Up-to-date symlink: /repo/ws/install/include/px4/px4/msg/detail/qshell_retval__rosidl_typesupport_fastrtps_cpp.hpp
[3.956s] -- Up-to-date symlink: /repo/ws/install/include/px4/px4/msg/detail/radio_status__rosidl_typesupport_fastrtps_cpp.hpp
[3.957s] -- Up-to-date symlink: /repo/ws/install/include/px4/px4/msg/detail/rate_ctrl_status__rosidl_typesupport_fastrtps_cpp.hpp
[3.958s] -- Up-to-date symlink: /repo/ws/install/include/px4/px4/msg/detail/rc_channels__rosidl_typesupport_fastrtps_cpp.hpp
[3.958s] -- Up-to-date symlink: /repo/ws/install/include/px4/px4/msg/detail/rc_parameter_map__rosidl_typesupport_fastrtps_cpp.hpp
[3.958s] -- Up-to-date symlink: /repo/ws/install/include/px4/px4/msg/detail/register_ext_component_reply__rosidl_typesupport_fastrtps_cpp.hpp
[3.958s] -- Up-to-date symlink: /repo/ws/install/include/px4/px4/msg/detail/register_ext_component_request__rosidl_typesupport_fastrtps_cpp.hpp
[3.959s] -- Up-to-date symlink: /repo/ws/install/include/px4/px4/msg/detail/rover_attitude_setpoint__rosidl_typesupport_fastrtps_cpp.hpp
[3.959s] -- Up-to-date symlink: /repo/ws/install/include/px4/px4/msg/detail/rover_attitude_status__rosidl_typesupport_fastrtps_cpp.hpp
[3.959s] -- Up-to-date symlink: /repo/ws/install/include/px4/px4/msg/detail/rover_position_setpoint__rosidl_typesupport_fastrtps_cpp.hpp
[3.959s] -- Up-to-date symlink: /repo/ws/install/include/px4/px4/msg/detail/rover_rate_setpoint__rosidl_typesupport_fastrtps_cpp.hpp
[3.959s] -- Up-to-date symlink: /repo/ws/install/include/px4/px4/msg/detail/rover_rate_status__rosidl_typesupport_fastrtps_cpp.hpp
[3.959s] -- Up-to-date symlink: /repo/ws/install/include/px4/px4/msg/detail/rover_steering_setpoint__rosidl_typesupport_fastrtps_cpp.hpp
[3.959s] -- Up-to-date symlink: /repo/ws/install/include/px4/px4/msg/detail/rover_throttle_setpoint__rosidl_typesupport_fastrtps_cpp.hpp
[3.959s] -- Up-to-date symlink: /repo/ws/install/include/px4/px4/msg/detail/rover_velocity_status__rosidl_typesupport_fastrtps_cpp.hpp
[3.959s] -- Up-to-date symlink: /repo/ws/install/include/px4/px4/msg/detail/rpm__rosidl_typesupport_fastrtps_cpp.hpp
[3.960s] -- Up-to-date symlink: /repo/ws/install/include/px4/px4/msg/detail/rtl_status__rosidl_typesupport_fastrtps_cpp.hpp
[3.960s] -- Up-to-date symlink: /repo/ws/install/include/px4/px4/msg/detail/rtl_time_estimate__rosidl_typesupport_fastrtps_cpp.hpp
[3.960s] -- Up-to-date symlink: /repo/ws/install/include/px4/px4/msg/detail/satellite_info__rosidl_typesupport_fastrtps_cpp.hpp
[3.960s] -- Up-to-date symlink: /repo/ws/install/include/px4/px4/msg/detail/sensor_accel__rosidl_typesupport_fastrtps_cpp.hpp
[3.960s] -- Up-to-date symlink: /repo/ws/install/include/px4/px4/msg/detail/sensor_accel_fifo__rosidl_typesupport_fastrtps_cpp.hpp
[3.961s] -- Up-to-date symlink: /repo/ws/install/include/px4/px4/msg/detail/sensor_airflow__rosidl_typesupport_fastrtps_cpp.hpp
[3.961s] -- Up-to-date symlink: /repo/ws/install/include/px4/px4/msg/detail/sensor_baro__rosidl_typesupport_fastrtps_cpp.hpp
[3.961s] -- Up-to-date symlink: /repo/ws/install/include/px4/px4/msg/detail/sensor_combined__rosidl_typesupport_fastrtps_cpp.hpp
[3.961s] -- Up-to-date symlink: /repo/ws/install/include/px4/px4/msg/detail/sensor_correction__rosidl_typesupport_fastrtps_cpp.hpp
[3.961s] -- Up-to-date symlink: /repo/ws/install/include/px4/px4/msg/detail/sensor_gnss_relative__rosidl_typesupport_fastrtps_cpp.hpp
[3.962s] -- Up-to-date symlink: /repo/ws/install/include/px4/px4/msg/detail/sensor_gps__rosidl_typesupport_fastrtps_cpp.hpp
[3.962s] -- Up-to-date symlink: /repo/ws/install/include/px4/px4/msg/detail/sensor_gyro__rosidl_typesupport_fastrtps_cpp.hpp
[3.962s] -- Up-to-date symlink: /repo/ws/install/include/px4/px4/msg/detail/sensor_gyro_fft__rosidl_typesupport_fastrtps_cpp.hpp
[3.962s] -- Up-to-date symlink: /repo/ws/install/include/px4/px4/msg/detail/sensor_gyro_fifo__rosidl_typesupport_fastrtps_cpp.hpp
[3.962s] -- Up-to-date symlink: /repo/ws/install/include/px4/px4/msg/detail/sensor_hygrometer__rosidl_typesupport_fastrtps_cpp.hpp
[3.963s] -- Up-to-date symlink: /repo/ws/install/include/px4/px4/msg/detail/sensor_mag__rosidl_typesupport_fastrtps_cpp.hpp
[3.963s] -- Up-to-date symlink: /repo/ws/install/include/px4/px4/msg/detail/sensor_optical_flow__rosidl_typesupport_fastrtps_cpp.hpp
[3.963s] -- Up-to-date symlink: /repo/ws/install/include/px4/px4/msg/detail/sensor_preflight_mag__rosidl_typesupport_fastrtps_cpp.hpp
[3.963s] -- Up-to-date symlink: /repo/ws/install/include/px4/px4/msg/detail/sensor_selection__rosidl_typesupport_fastrtps_cpp.hpp
[3.964s] -- Up-to-date symlink: /repo/ws/install/include/px4/px4/msg/detail/sensor_uwb__rosidl_typesupport_fastrtps_cpp.hpp
[3.964s] -- Up-to-date symlink: /repo/ws/install/include/px4/px4/msg/detail/sensors_status__rosidl_typesupport_fastrtps_cpp.hpp
[3.964s] -- Up-to-date symlink: /repo/ws/install/include/px4/px4/msg/detail/sensors_status_imu__rosidl_typesupport_fastrtps_cpp.hpp
[3.964s] -- Up-to-date symlink: /repo/ws/install/include/px4/px4/msg/detail/system_power__rosidl_typesupport_fastrtps_cpp.hpp
[3.964s] -- Up-to-date symlink: /repo/ws/install/include/px4/px4/msg/detail/takeoff_status__rosidl_typesupport_fastrtps_cpp.hpp
[3.965s] -- Up-to-date symlink: /repo/ws/install/include/px4/px4/msg/detail/task_stack_info__rosidl_typesupport_fastrtps_cpp.hpp
[3.965s] -- Up-to-date symlink: /repo/ws/install/include/px4/px4/msg/detail/tecs_status__rosidl_typesupport_fastrtps_cpp.hpp
[3.965s] -- Up-to-date symlink: /repo/ws/install/include/px4/px4/msg/detail/telemetry_status__rosidl_typesupport_fastrtps_cpp.hpp
[3.965s] -- Up-to-date symlink: /repo/ws/install/include/px4/px4/msg/detail/tiltrotor_extra_controls__rosidl_typesupport_fastrtps_cpp.hpp
[3.966s] -- Up-to-date symlink: /repo/ws/install/include/px4/px4/msg/detail/timesync_status__rosidl_typesupport_fastrtps_cpp.hpp
[3.966s] -- Up-to-date symlink: /repo/ws/install/include/px4/px4/msg/detail/trajectory_setpoint6dof__rosidl_typesupport_fastrtps_cpp.hpp
[3.966s] -- Up-to-date symlink: /repo/ws/install/include/px4/px4/msg/detail/trajectory_setpoint__rosidl_typesupport_fastrtps_cpp.hpp
[3.966s] -- Up-to-date symlink: /repo/ws/install/include/px4/px4/msg/detail/transponder_report__rosidl_typesupport_fastrtps_cpp.hpp
[3.967s] -- Up-to-date symlink: /repo/ws/install/include/px4/px4/msg/detail/tune_control__rosidl_typesupport_fastrtps_cpp.hpp
[3.967s] -- Up-to-date symlink: /repo/ws/install/include/px4/px4/msg/detail/uavcan_parameter_request__rosidl_typesupport_fastrtps_cpp.hpp
[3.967s] -- Up-to-date symlink: /repo/ws/install/include/px4/px4/msg/detail/uavcan_parameter_value__rosidl_typesupport_fastrtps_cpp.hpp
[3.967s] -- Up-to-date symlink: /repo/ws/install/include/px4/px4/msg/detail/ulog_stream__rosidl_typesupport_fastrtps_cpp.hpp
[3.967s] -- Up-to-date symlink: /repo/ws/install/include/px4/px4/msg/detail/ulog_stream_ack__rosidl_typesupport_fastrtps_cpp.hpp
[3.967s] -- Up-to-date symlink: /repo/ws/install/include/px4/px4/msg/detail/unregister_ext_component__rosidl_typesupport_fastrtps_cpp.hpp
[3.968s] -- Up-to-date symlink: /repo/ws/install/include/px4/px4/msg/detail/vehicle_acceleration__rosidl_typesupport_fastrtps_cpp.hpp
[3.968s] -- Up-to-date symlink: /repo/ws/install/include/px4/px4/msg/detail/vehicle_air_data__rosidl_typesupport_fastrtps_cpp.hpp
[3.968s] -- Up-to-date symlink: /repo/ws/install/include/px4/px4/msg/detail/vehicle_angular_acceleration_setpoint__rosidl_typesupport_fastrtps_cpp.hpp
[3.968s] -- Up-to-date symlink: /repo/ws/install/include/px4/px4/msg/detail/vehicle_angular_velocity__rosidl_typesupport_fastrtps_cpp.hpp
[3.968s] -- Up-to-date symlink: /repo/ws/install/include/px4/px4/msg/detail/vehicle_attitude__rosidl_typesupport_fastrtps_cpp.hpp
[3.969s] -- Up-to-date symlink: /repo/ws/install/include/px4/px4/msg/detail/vehicle_attitude_setpoint__rosidl_typesupport_fastrtps_cpp.hpp
[3.969s] -- Up-to-date symlink: /repo/ws/install/include/px4/px4/msg/detail/vehicle_command__rosidl_typesupport_fastrtps_cpp.hpp
[3.969s] -- Up-to-date symlink: /repo/ws/install/include/px4/px4/msg/detail/vehicle_command_ack__rosidl_typesupport_fastrtps_cpp.hpp
[3.969s] -- Up-to-date symlink: /repo/ws/install/include/px4/px4/msg/detail/vehicle_constraints__rosidl_typesupport_fastrtps_cpp.hpp
[3.970s] -- Up-to-date symlink: /repo/ws/install/include/px4/px4/msg/detail/vehicle_control_mode__rosidl_typesupport_fastrtps_cpp.hpp
[3.970s] -- Up-to-date symlink: /repo/ws/install/include/px4/px4/msg/detail/vehicle_global_position__rosidl_typesupport_fastrtps_cpp.hpp
[3.970s] -- Up-to-date symlink: /repo/ws/install/include/px4/px4/msg/detail/vehicle_imu__rosidl_typesupport_fastrtps_cpp.hpp
[3.970s] -- Up-to-date symlink: /repo/ws/install/include/px4/px4/msg/detail/vehicle_imu_status__rosidl_typesupport_fastrtps_cpp.hpp
[3.970s] -- Up-to-date symlink: /repo/ws/install/include/px4/px4/msg/detail/vehicle_land_detected__rosidl_typesupport_fastrtps_cpp.hpp
[3.971s] -- Up-to-date symlink: /repo/ws/install/include/px4/px4/msg/detail/vehicle_local_position__rosidl_typesupport_fastrtps_cpp.hpp
[3.971s] -- Up-to-date symlink: /repo/ws/install/include/px4/px4/msg/detail/vehicle_local_position_setpoint__rosidl_typesupport_fastrtps_cpp.hpp
[3.971s] -- Up-to-date symlink: /repo/ws/install/include/px4/px4/msg/detail/vehicle_magnetometer__rosidl_typesupport_fastrtps_cpp.hpp
[3.971s] -- Up-to-date symlink: /repo/ws/install/include/px4/px4/msg/detail/vehicle_odometry__rosidl_typesupport_fastrtps_cpp.hpp
[3.971s] -- Up-to-date symlink: /repo/ws/install/include/px4/px4/msg/detail/vehicle_optical_flow__rosidl_typesupport_fastrtps_cpp.hpp
[3.972s] -- Up-to-date symlink: /repo/ws/install/include/px4/px4/msg/detail/vehicle_optical_flow_vel__rosidl_typesupport_fastrtps_cpp.hpp
[3.972s] -- Up-to-date symlink: /repo/ws/install/include/px4/px4/msg/detail/vehicle_rates_setpoint__rosidl_typesupport_fastrtps_cpp.hpp
[3.972s] -- Up-to-date symlink: /repo/ws/install/include/px4/px4/msg/detail/vehicle_roi__rosidl_typesupport_fastrtps_cpp.hpp
[3.972s] -- Up-to-date symlink: /repo/ws/install/include/px4/px4/msg/detail/vehicle_status__rosidl_typesupport_fastrtps_cpp.hpp
[3.972s] -- Up-to-date symlink: /repo/ws/install/include/px4/px4/msg/detail/vehicle_thrust_setpoint__rosidl_typesupport_fastrtps_cpp.hpp
[3.973s] -- Up-to-date symlink: /repo/ws/install/include/px4/px4/msg/detail/vehicle_torque_setpoint__rosidl_typesupport_fastrtps_cpp.hpp
[3.973s] -- Up-to-date symlink: /repo/ws/install/include/px4/px4/msg/detail/velocity_limits__rosidl_typesupport_fastrtps_cpp.hpp
[3.973s] -- Up-to-date symlink: /repo/ws/install/include/px4/px4/msg/detail/vtol_vehicle_status__rosidl_typesupport_fastrtps_cpp.hpp
[3.973s] -- Up-to-date symlink: /repo/ws/install/include/px4/px4/msg/detail/wheel_encoders__rosidl_typesupport_fastrtps_cpp.hpp
[3.973s] -- Up-to-date symlink: /repo/ws/install/include/px4/px4/msg/detail/wind__rosidl_typesupport_fastrtps_cpp.hpp
[3.974s] -- Up-to-date symlink: /repo/ws/install/include/px4/px4/msg/detail/yaw_estimator_status__rosidl_typesupport_fastrtps_cpp.hpp
[3.975s] -- Up-to-date symlink: /repo/ws/install/include/px4/px4/msg/rosidl_typesupport_fastrtps_cpp__visibility_control.h
[3.980s] -- Up-to-date symlink: /repo/ws/install/include/px4/px4/msg/detail/ackermann_velocity_setpoint__rosidl_typesupport_introspection_c.h
[3.980s] -- Up-to-date symlink: /repo/ws/install/include/px4/px4/msg/detail/action_request__rosidl_typesupport_introspection_c.h
[3.980s] -- Up-to-date symlink: /repo/ws/install/include/px4/px4/msg/detail/actuator_armed__rosidl_typesupport_introspection_c.h
[3.981s] -- Up-to-date symlink: /repo/ws/install/include/px4/px4/msg/detail/actuator_controls_status__rosidl_typesupport_introspection_c.h
[3.981s] -- Up-to-date symlink: /repo/ws/install/include/px4/px4/msg/detail/actuator_motors__rosidl_typesupport_introspection_c.h
[3.981s] -- Up-to-date symlink: /repo/ws/install/include/px4/px4/msg/detail/actuator_outputs__rosidl_typesupport_introspection_c.h
[3.981s] -- Up-to-date symlink: /repo/ws/install/include/px4/px4/msg/detail/actuator_servos__rosidl_typesupport_introspection_c.h
[3.982s] -- Up-to-date symlink: /repo/ws/install/include/px4/px4/msg/detail/actuator_servos_trim__rosidl_typesupport_introspection_c.h
[3.982s] -- Up-to-date symlink: /repo/ws/install/include/px4/px4/msg/detail/actuator_test__rosidl_typesupport_introspection_c.h
[3.982s] -- Up-to-date symlink: /repo/ws/install/include/px4/px4/msg/detail/adc_report__rosidl_typesupport_introspection_c.h
[3.982s] -- Up-to-date symlink: /repo/ws/install/include/px4/px4/msg/detail/airspeed__rosidl_typesupport_introspection_c.h
[3.982s] -- Up-to-date symlink: /repo/ws/install/include/px4/px4/msg/detail/airspeed_validated__rosidl_typesupport_introspection_c.h
[3.983s] -- Up-to-date symlink: /repo/ws/install/include/px4/px4/msg/detail/airspeed_wind__rosidl_typesupport_introspection_c.h
[3.983s] -- Up-to-date symlink: /repo/ws/install/include/px4/px4/msg/detail/arming_check_reply__rosidl_typesupport_introspection_c.h
[3.983s] -- Up-to-date symlink: /repo/ws/install/include/px4/px4/msg/detail/arming_check_request__rosidl_typesupport_introspection_c.h
[3.983s] -- Up-to-date symlink: /repo/ws/install/include/px4/px4/msg/detail/autotune_attitude_control_status__rosidl_typesupport_introspection_c.h
[3.983s] -- Up-to-date symlink: /repo/ws/install/include/px4/px4/msg/detail/battery_status__rosidl_typesupport_introspection_c.h
[3.984s] -- Up-to-date symlink: /repo/ws/install/include/px4/px4/msg/detail/button_event__rosidl_typesupport_introspection_c.h
[3.984s] -- Up-to-date symlink: /repo/ws/install/include/px4/px4/msg/detail/camera_capture__rosidl_typesupport_introspection_c.h
[3.984s] -- Up-to-date symlink: /repo/ws/install/include/px4/px4/msg/detail/camera_status__rosidl_typesupport_introspection_c.h
[3.984s] -- Up-to-date symlink: /repo/ws/install/include/px4/px4/msg/detail/camera_trigger__rosidl_typesupport_introspection_c.h
[3.984s] -- Up-to-date symlink: /repo/ws/install/include/px4/px4/msg/detail/can_interface_status__rosidl_typesupport_introspection_c.h
[3.985s] -- Up-to-date symlink: /repo/ws/install/include/px4/px4/msg/detail/cellular_status__rosidl_typesupport_introspection_c.h
[3.985s] -- Up-to-date symlink: /repo/ws/install/include/px4/px4/msg/detail/collision_constraints__rosidl_typesupport_introspection_c.h
[3.985s] -- Up-to-date symlink: /repo/ws/install/include/px4/px4/msg/detail/config_overrides__rosidl_typesupport_introspection_c.h
[3.985s] -- Up-to-date symlink: /repo/ws/install/include/px4/px4/msg/detail/control_allocator_status__rosidl_typesupport_introspection_c.h
[3.985s] -- Up-to-date symlink: /repo/ws/install/include/px4/px4/msg/detail/cpuload__rosidl_typesupport_introspection_c.h
[3.986s] -- Up-to-date symlink: /repo/ws/install/include/px4/px4/msg/detail/dataman_request__rosidl_typesupport_introspection_c.h
[3.986s] -- Up-to-date symlink: /repo/ws/install/include/px4/px4/msg/detail/dataman_response__rosidl_typesupport_introspection_c.h
[3.986s] -- Up-to-date symlink: /repo/ws/install/include/px4/px4/msg/detail/debug_array__rosidl_typesupport_introspection_c.h
[3.986s] -- Up-to-date symlink: /repo/ws/install/include/px4/px4/msg/detail/debug_key_value__rosidl_typesupport_introspection_c.h
[3.987s] -- Up-to-date symlink: /repo/ws/install/include/px4/px4/msg/detail/debug_value__rosidl_typesupport_introspection_c.h
[3.987s] -- Up-to-date symlink: /repo/ws/install/include/px4/px4/msg/detail/debug_vect__rosidl_typesupport_introspection_c.h
[3.987s] -- Up-to-date symlink: /repo/ws/install/include/px4/px4/msg/detail/differential_pressure__rosidl_typesupport_introspection_c.h
[3.987s] -- Up-to-date symlink: /repo/ws/install/include/px4/px4/msg/detail/differential_velocity_setpoint__rosidl_typesupport_introspection_c.h
[3.987s] -- Up-to-date symlink: /repo/ws/install/include/px4/px4/msg/detail/distance_sensor__rosidl_typesupport_introspection_c.h
[3.988s] -- Up-to-date symlink: /repo/ws/install/include/px4/px4/msg/detail/distance_sensor_mode_change_request__rosidl_typesupport_introspection_c.h
[3.988s] -- Up-to-date symlink: /repo/ws/install/include/px4/px4/msg/detail/ekf2_timestamps__rosidl_typesupport_introspection_c.h
[3.988s] -- Up-to-date symlink: /repo/ws/install/include/px4/px4/msg/detail/esc_report__rosidl_typesupport_introspection_c.h
[3.988s] -- Up-to-date symlink: /repo/ws/install/include/px4/px4/msg/detail/esc_status__rosidl_typesupport_introspection_c.h
[3.988s] -- Up-to-date symlink: /repo/ws/install/include/px4/px4/msg/detail/estimator_aid_source1d__rosidl_typesupport_introspection_c.h
[3.989s] -- Up-to-date symlink: /repo/ws/install/include/px4/px4/msg/detail/estimator_aid_source2d__rosidl_typesupport_introspection_c.h
[3.989s] -- Up-to-date symlink: /repo/ws/install/include/px4/px4/msg/detail/estimator_aid_source3d__rosidl_typesupport_introspection_c.h
[3.989s] -- Up-to-date symlink: /repo/ws/install/include/px4/px4/msg/detail/estimator_bias3d__rosidl_typesupport_introspection_c.h
[3.989s] -- Up-to-date symlink: /repo/ws/install/include/px4/px4/msg/detail/estimator_bias__rosidl_typesupport_introspection_c.h
[3.990s] -- Up-to-date symlink: /repo/ws/install/include/px4/px4/msg/detail/estimator_event_flags__rosidl_typesupport_introspection_c.h
[3.990s] -- Up-to-date symlink: /repo/ws/install/include/px4/px4/msg/detail/estimator_gps_status__rosidl_typesupport_introspection_c.h
[3.990s] -- Up-to-date symlink: /repo/ws/install/include/px4/px4/msg/detail/estimator_innovations__rosidl_typesupport_introspection_c.h
[3.990s] -- Up-to-date symlink: /repo/ws/install/include/px4/px4/msg/detail/estimator_selector_status__rosidl_typesupport_introspection_c.h
[3.991s] -- Up-to-date symlink: /repo/ws/install/include/px4/px4/msg/detail/estimator_sensor_bias__rosidl_typesupport_introspection_c.h
[3.991s] -- Up-to-date symlink: /repo/ws/install/include/px4/px4/msg/detail/estimator_states__rosidl_typesupport_introspection_c.h
[3.991s] -- Up-to-date symlink: /repo/ws/install/include/px4/px4/msg/detail/estimator_status__rosidl_typesupport_introspection_c.h
[3.991s] -- Up-to-date symlink: /repo/ws/install/include/px4/px4/msg/detail/estimator_status_flags__rosidl_typesupport_introspection_c.h
[3.991s] -- Up-to-date symlink: /repo/ws/install/include/px4/px4/msg/detail/event__rosidl_typesupport_introspection_c.h
[3.991s] -- Up-to-date symlink: /repo/ws/install/include/px4/px4/msg/detail/failsafe_flags__rosidl_typesupport_introspection_c.h
[3.992s] -- Up-to-date symlink: /repo/ws/install/include/px4/px4/msg/detail/failure_detector_status__rosidl_typesupport_introspection_c.h
[3.992s] -- Up-to-date symlink: /repo/ws/install/include/px4/px4/msg/detail/figure_eight_status__rosidl_typesupport_introspection_c.h
[3.992s] -- Up-to-date symlink: /repo/ws/install/include/px4/px4/msg/detail/flight_phase_estimation__rosidl_typesupport_introspection_c.h
[3.992s] -- Up-to-date symlink: /repo/ws/install/include/px4/px4/msg/detail/follow_target__rosidl_typesupport_introspection_c.h
[3.992s] -- Up-to-date symlink: /repo/ws/install/include/px4/px4/msg/detail/follow_target_estimator__rosidl_typesupport_introspection_c.h
[3.993s] -- Up-to-date symlink: /repo/ws/install/include/px4/px4/msg/detail/follow_target_status__rosidl_typesupport_introspection_c.h
[3.993s] -- Up-to-date symlink: /repo/ws/install/include/px4/px4/msg/detail/fuel_tank_status__rosidl_typesupport_introspection_c.h
[3.993s] -- Up-to-date symlink: /repo/ws/install/include/px4/px4/msg/detail/generator_status__rosidl_typesupport_introspection_c.h
[3.993s] -- Up-to-date symlink: /repo/ws/install/include/px4/px4/msg/detail/geofence_result__rosidl_typesupport_introspection_c.h
[3.994s] -- Up-to-date symlink: /repo/ws/install/include/px4/px4/msg/detail/geofence_status__rosidl_typesupport_introspection_c.h
[3.994s] -- Up-to-date symlink: /repo/ws/install/include/px4/px4/msg/detail/gimbal_controls__rosidl_typesupport_introspection_c.h
[3.994s] -- Up-to-date symlink: /repo/ws/install/include/px4/px4/msg/detail/gimbal_device_attitude_status__rosidl_typesupport_introspection_c.h
[3.994s] -- Up-to-date symlink: /repo/ws/install/include/px4/px4/msg/detail/gimbal_device_information__rosidl_typesupport_introspection_c.h
[3.995s] -- Up-to-date symlink: /repo/ws/install/include/px4/px4/msg/detail/gimbal_device_set_attitude__rosidl_typesupport_introspection_c.h
[3.995s] -- Up-to-date symlink: /repo/ws/install/include/px4/px4/msg/detail/gimbal_manager_information__rosidl_typesupport_introspection_c.h
[3.995s] -- Up-to-date symlink: /repo/ws/install/include/px4/px4/msg/detail/gimbal_manager_set_attitude__rosidl_typesupport_introspection_c.h
[3.995s] -- Up-to-date symlink: /repo/ws/install/include/px4/px4/msg/detail/gimbal_manager_set_manual_control__rosidl_typesupport_introspection_c.h
[3.996s] -- Up-to-date symlink: /repo/ws/install/include/px4/px4/msg/detail/gimbal_manager_status__rosidl_typesupport_introspection_c.h
[3.996s] -- Up-to-date symlink: /repo/ws/install/include/px4/px4/msg/detail/goto_setpoint__rosidl_typesupport_introspection_c.h
[3.996s] -- Up-to-date symlink: /repo/ws/install/include/px4/px4/msg/detail/gpio_config__rosidl_typesupport_introspection_c.h
[3.996s] -- Up-to-date symlink: /repo/ws/install/include/px4/px4/msg/detail/gpio_in__rosidl_typesupport_introspection_c.h
[3.996s] -- Up-to-date symlink: /repo/ws/install/include/px4/px4/msg/detail/gpio_out__rosidl_typesupport_introspection_c.h
[3.996s] -- Up-to-date symlink: /repo/ws/install/include/px4/px4/msg/detail/gpio_request__rosidl_typesupport_introspection_c.h
[3.997s] -- Up-to-date symlink: /repo/ws/install/include/px4/px4/msg/detail/gps_dump__rosidl_typesupport_introspection_c.h
[3.997s] -- Up-to-date symlink: /repo/ws/install/include/px4/px4/msg/detail/gps_inject_data__rosidl_typesupport_introspection_c.h
[3.997s] -- Up-to-date symlink: /repo/ws/install/include/px4/px4/msg/detail/gripper__rosidl_typesupport_introspection_c.h
[3.997s] -- Up-to-date symlink: /repo/ws/install/include/px4/px4/msg/detail/health_report__rosidl_typesupport_introspection_c.h
[3.997s] -- Up-to-date symlink: /repo/ws/install/include/px4/px4/msg/detail/heater_status__rosidl_typesupport_introspection_c.h
[3.998s] -- Up-to-date symlink: /repo/ws/install/include/px4/px4/msg/detail/home_position__rosidl_typesupport_introspection_c.h
[3.998s] -- Up-to-date symlink: /repo/ws/install/include/px4/px4/msg/detail/hover_thrust_estimate__rosidl_typesupport_introspection_c.h
[3.998s] -- Up-to-date symlink: /repo/ws/install/include/px4/px4/msg/detail/input_rc__rosidl_typesupport_introspection_c.h
[3.998s] -- Up-to-date symlink: /repo/ws/install/include/px4/px4/msg/detail/internal_combustion_engine_control__rosidl_typesupport_introspection_c.h
[3.998s] -- Up-to-date symlink: /repo/ws/install/include/px4/px4/msg/detail/internal_combustion_engine_status__rosidl_typesupport_introspection_c.h
[3.999s] -- Up-to-date symlink: /repo/ws/install/include/px4/px4/msg/detail/iridiumsbd_status__rosidl_typesupport_introspection_c.h
[3.999s] -- Up-to-date symlink: /repo/ws/install/include/px4/px4/msg/detail/irlock_report__rosidl_typesupport_introspection_c.h
[3.999s] -- Up-to-date symlink: /repo/ws/install/include/px4/px4/msg/detail/landing_gear__rosidl_typesupport_introspection_c.h
[4.000s] -- Up-to-date symlink: /repo/ws/install/include/px4/px4/msg/detail/landing_gear_wheel__rosidl_typesupport_introspection_c.h
[4.000s] -- Up-to-date symlink: /repo/ws/install/include/px4/px4/msg/detail/landing_target_innovations__rosidl_typesupport_introspection_c.h
[4.000s] -- Up-to-date symlink: /repo/ws/install/include/px4/px4/msg/detail/landing_target_pose__rosidl_typesupport_introspection_c.h
[4.000s] -- Up-to-date symlink: /repo/ws/install/include/px4/px4/msg/detail/launch_detection_status__rosidl_typesupport_introspection_c.h
[4.000s] -- Up-to-date symlink: /repo/ws/install/include/px4/px4/msg/detail/led_control__rosidl_typesupport_introspection_c.h
[4.000s] -- Up-to-date symlink: /repo/ws/install/include/px4/px4/msg/detail/log_message__rosidl_typesupport_introspection_c.h
[4.001s] -- Up-to-date symlink: /repo/ws/install/include/px4/px4/msg/detail/logger_status__rosidl_typesupport_introspection_c.h
[4.001s] -- Up-to-date symlink: /repo/ws/install/include/px4/px4/msg/detail/mag_worker_data__rosidl_typesupport_introspection_c.h
[4.001s] -- Up-to-date symlink: /repo/ws/install/include/px4/px4/msg/detail/magnetometer_bias_estimate__rosidl_typesupport_introspection_c.h
[4.001s] -- Up-to-date symlink: /repo/ws/install/include/px4/px4/msg/detail/manual_control_setpoint__rosidl_typesupport_introspection_c.h
[4.002s] -- Up-to-date symlink: /repo/ws/install/include/px4/px4/msg/detail/manual_control_switches__rosidl_typesupport_introspection_c.h
[4.002s] -- Up-to-date symlink: /repo/ws/install/include/px4/px4/msg/detail/mavlink_log__rosidl_typesupport_introspection_c.h
[4.002s] -- Up-to-date symlink: /repo/ws/install/include/px4/px4/msg/detail/mavlink_tunnel__rosidl_typesupport_introspection_c.h
[4.002s] -- Up-to-date symlink: /repo/ws/install/include/px4/px4/msg/detail/message_format_request__rosidl_typesupport_introspection_c.h
[4.003s] -- Up-to-date symlink: /repo/ws/install/include/px4/px4/msg/detail/message_format_response__rosidl_typesupport_introspection_c.h
[4.003s] -- Up-to-date symlink: /repo/ws/install/include/px4/px4/msg/detail/mission__rosidl_typesupport_introspection_c.h
[4.003s] -- Up-to-date symlink: /repo/ws/install/include/px4/px4/msg/detail/mission_result__rosidl_typesupport_introspection_c.h
[4.003s] -- Up-to-date symlink: /repo/ws/install/include/px4/px4/msg/detail/mode_completed__rosidl_typesupport_introspection_c.h
[4.003s] -- Up-to-date symlink: /repo/ws/install/include/px4/px4/msg/detail/mount_orientation__rosidl_typesupport_introspection_c.h
[4.003s] -- Up-to-date symlink: /repo/ws/install/include/px4/px4/msg/detail/navigator_mission_item__rosidl_typesupport_introspection_c.h
[4.004s] -- Up-to-date symlink: /repo/ws/install/include/px4/px4/msg/detail/navigator_status__rosidl_typesupport_introspection_c.h
[4.004s] -- Up-to-date symlink: /repo/ws/install/include/px4/px4/msg/detail/normalized_unsigned_setpoint__rosidl_typesupport_introspection_c.h
[4.004s] -- Up-to-date symlink: /repo/ws/install/include/px4/px4/msg/detail/npfg_status__rosidl_typesupport_introspection_c.h
[4.004s] -- Up-to-date symlink: /repo/ws/install/include/px4/px4/msg/detail/obstacle_distance__rosidl_typesupport_introspection_c.h
[4.004s] -- Up-to-date symlink: /repo/ws/install/include/px4/px4/msg/detail/offboard_control_mode__rosidl_typesupport_introspection_c.h
[4.005s] -- Up-to-date symlink: /repo/ws/install/include/px4/px4/msg/detail/onboard_computer_status__rosidl_typesupport_introspection_c.h
[4.005s] -- Up-to-date symlink: /repo/ws/install/include/px4/px4/msg/detail/open_drone_id_arm_status__rosidl_typesupport_introspection_c.h
[4.005s] -- Up-to-date symlink: /repo/ws/install/include/px4/px4/msg/detail/open_drone_id_operator_id__rosidl_typesupport_introspection_c.h
[4.006s] -- Up-to-date symlink: /repo/ws/install/include/px4/px4/msg/detail/open_drone_id_self_id__rosidl_typesupport_introspection_c.h
[4.006s] -- Up-to-date symlink: /repo/ws/install/include/px4/px4/msg/detail/open_drone_id_system__rosidl_typesupport_introspection_c.h
[4.006s] -- Up-to-date symlink: /repo/ws/install/include/px4/px4/msg/detail/orb_test__rosidl_typesupport_introspection_c.h
[4.006s] -- Up-to-date symlink: /repo/ws/install/include/px4/px4/msg/detail/orb_test_large__rosidl_typesupport_introspection_c.h
[4.006s] -- Up-to-date symlink: /repo/ws/install/include/px4/px4/msg/detail/orb_test_medium__rosidl_typesupport_introspection_c.h
[4.007s] -- Up-to-date symlink: /repo/ws/install/include/px4/px4/msg/detail/orbit_status__rosidl_typesupport_introspection_c.h
[4.007s] -- Up-to-date symlink: /repo/ws/install/include/px4/px4/msg/detail/parameter_reset_request__rosidl_typesupport_introspection_c.h
[4.007s] -- Up-to-date symlink: /repo/ws/install/include/px4/px4/msg/detail/parameter_set_used_request__rosidl_typesupport_introspection_c.h
[4.007s] -- Up-to-date symlink: /repo/ws/install/include/px4/px4/msg/detail/parameter_set_value_request__rosidl_typesupport_introspection_c.h
[4.007s] -- Up-to-date symlink: /repo/ws/install/include/px4/px4/msg/detail/parameter_set_value_response__rosidl_typesupport_introspection_c.h
[4.011s] -- Up-to-date symlink: /repo/ws/install/include/px4/px4/msg/detail/parameter_update__rosidl_typesupport_introspection_c.h
[4.011s] -- Up-to-date symlink: /repo/ws/install/include/px4/px4/msg/detail/ping__rosidl_typesupport_introspection_c.h
[4.011s] -- Up-to-date symlink: /repo/ws/install/include/px4/px4/msg/detail/position_controller_landing_status__rosidl_typesupport_introspection_c.h
[4.011s] -- Up-to-date symlink: /repo/ws/install/include/px4/px4/msg/detail/position_controller_status__rosidl_typesupport_introspection_c.h
[4.012s] -- Up-to-date symlink: /repo/ws/install/include/px4/px4/msg/detail/position_setpoint__rosidl_typesupport_introspection_c.h
[4.012s] -- Up-to-date symlink: /repo/ws/install/include/px4/px4/msg/detail/position_setpoint_triplet__rosidl_typesupport_introspection_c.h
[4.012s] -- Up-to-date symlink: /repo/ws/install/include/px4/px4/msg/detail/power_button_state__rosidl_typesupport_introspection_c.h
[4.012s] -- Up-to-date symlink: /repo/ws/install/include/px4/px4/msg/detail/power_monitor__rosidl_typesupport_introspection_c.h
[4.012s] -- Up-to-date symlink: /repo/ws/install/include/px4/px4/msg/detail/pps_capture__rosidl_typesupport_introspection_c.h
[4.012s] -- Up-to-date symlink: /repo/ws/install/include/px4/px4/msg/detail/pure_pursuit_status__rosidl_typesupport_introspection_c.h
[4.012s] -- Up-to-date symlink: /repo/ws/install/include/px4/px4/msg/detail/pwm_input__rosidl_typesupport_introspection_c.h
[4.012s] -- Up-to-date symlink: /repo/ws/install/include/px4/px4/msg/detail/px4io_status__rosidl_typesupport_introspection_c.h
[4.012s] -- Up-to-date symlink: /repo/ws/install/include/px4/px4/msg/detail/qshell_req__rosidl_typesupport_introspection_c.h
[4.013s] -- Up-to-date symlink: /repo/ws/install/include/px4/px4/msg/detail/qshell_retval__rosidl_typesupport_introspection_c.h
[4.013s] -- Up-to-date symlink: /repo/ws/install/include/px4/px4/msg/detail/radio_status__rosidl_typesupport_introspection_c.h
[4.013s] -- Up-to-date symlink: /repo/ws/install/include/px4/px4/msg/detail/rate_ctrl_status__rosidl_typesupport_introspection_c.h
[4.013s] -- Up-to-date symlink: /repo/ws/install/include/px4/px4/msg/detail/rc_channels__rosidl_typesupport_introspection_c.h
[4.013s] -- Up-to-date symlink: /repo/ws/install/include/px4/px4/msg/detail/rc_parameter_map__rosidl_typesupport_introspection_c.h
[4.013s] -- Up-to-date symlink: /repo/ws/install/include/px4/px4/msg/detail/register_ext_component_reply__rosidl_typesupport_introspection_c.h
[4.013s] -- Up-to-date symlink: /repo/ws/install/include/px4/px4/msg/detail/register_ext_component_request__rosidl_typesupport_introspection_c.h
[4.013s] -- Up-to-date symlink: /repo/ws/install/include/px4/px4/msg/detail/rover_attitude_setpoint__rosidl_typesupport_introspection_c.h
[4.013s] -- Up-to-date symlink: /repo/ws/install/include/px4/px4/msg/detail/rover_attitude_status__rosidl_typesupport_introspection_c.h
[4.013s] -- Up-to-date symlink: /repo/ws/install/include/px4/px4/msg/detail/rover_position_setpoint__rosidl_typesupport_introspection_c.h
[4.013s] -- Up-to-date symlink: /repo/ws/install/include/px4/px4/msg/detail/rover_rate_setpoint__rosidl_typesupport_introspection_c.h
[4.014s] -- Up-to-date symlink: /repo/ws/install/include/px4/px4/msg/detail/rover_rate_status__rosidl_typesupport_introspection_c.h
[4.014s] -- Up-to-date symlink: /repo/ws/install/include/px4/px4/msg/detail/rover_steering_setpoint__rosidl_typesupport_introspection_c.h
[4.014s] -- Up-to-date symlink: /repo/ws/install/include/px4/px4/msg/detail/rover_throttle_setpoint__rosidl_typesupport_introspection_c.h
[4.014s] -- Up-to-date symlink: /repo/ws/install/include/px4/px4/msg/detail/rover_velocity_status__rosidl_typesupport_introspection_c.h
[4.014s] -- Up-to-date symlink: /repo/ws/install/include/px4/px4/msg/detail/rpm__rosidl_typesupport_introspection_c.h
[4.014s] -- Up-to-date symlink: /repo/ws/install/include/px4/px4/msg/detail/rtl_status__rosidl_typesupport_introspection_c.h
[4.014s] -- Up-to-date symlink: /repo/ws/install/include/px4/px4/msg/detail/rtl_time_estimate__rosidl_typesupport_introspection_c.h
[4.014s] -- Up-to-date symlink: /repo/ws/install/include/px4/px4/msg/detail/satellite_info__rosidl_typesupport_introspection_c.h
[4.014s] -- Up-to-date symlink: /repo/ws/install/include/px4/px4/msg/detail/sensor_accel__rosidl_typesupport_introspection_c.h
[4.014s] -- Up-to-date symlink: /repo/ws/install/include/px4/px4/msg/detail/sensor_accel_fifo__rosidl_typesupport_introspection_c.h
[4.015s] -- Up-to-date symlink: /repo/ws/install/include/px4/px4/msg/detail/sensor_airflow__rosidl_typesupport_introspection_c.h
[4.015s] -- Up-to-date symlink: /repo/ws/install/include/px4/px4/msg/detail/sensor_baro__rosidl_typesupport_introspection_c.h
[4.015s] -- Up-to-date symlink: /repo/ws/install/include/px4/px4/msg/detail/sensor_combined__rosidl_typesupport_introspection_c.h
[4.015s] -- Up-to-date symlink: /repo/ws/install/include/px4/px4/msg/detail/sensor_correction__rosidl_typesupport_introspection_c.h
[4.015s] -- Up-to-date symlink: /repo/ws/install/include/px4/px4/msg/detail/sensor_gnss_relative__rosidl_typesupport_introspection_c.h
[4.015s] -- Up-to-date symlink: /repo/ws/install/include/px4/px4/msg/detail/sensor_gps__rosidl_typesupport_introspection_c.h
[4.015s] -- Up-to-date symlink: /repo/ws/install/include/px4/px4/msg/detail/sensor_gyro__rosidl_typesupport_introspection_c.h
[4.015s] -- Up-to-date symlink: /repo/ws/install/include/px4/px4/msg/detail/sensor_gyro_fft__rosidl_typesupport_introspection_c.h
[4.015s] -- Up-to-date symlink: /repo/ws/install/include/px4/px4/msg/detail/sensor_gyro_fifo__rosidl_typesupport_introspection_c.h
[4.015s] -- Up-to-date symlink: /repo/ws/install/include/px4/px4/msg/detail/sensor_hygrometer__rosidl_typesupport_introspection_c.h
[4.015s] -- Up-to-date symlink: /repo/ws/install/include/px4/px4/msg/detail/sensor_mag__rosidl_typesupport_introspection_c.h
[4.016s] -- Up-to-date symlink: /repo/ws/install/include/px4/px4/msg/detail/sensor_optical_flow__rosidl_typesupport_introspection_c.h
[4.016s] -- Up-to-date symlink: /repo/ws/install/include/px4/px4/msg/detail/sensor_preflight_mag__rosidl_typesupport_introspection_c.h
[4.016s] -- Up-to-date symlink: /repo/ws/install/include/px4/px4/msg/detail/sensor_selection__rosidl_typesupport_introspection_c.h
[4.016s] -- Up-to-date symlink: /repo/ws/install/include/px4/px4/msg/detail/sensor_uwb__rosidl_typesupport_introspection_c.h
[4.016s] -- Up-to-date symlink: /repo/ws/install/include/px4/px4/msg/detail/sensors_status__rosidl_typesupport_introspection_c.h
[4.016s] -- Up-to-date symlink: /repo/ws/install/include/px4/px4/msg/detail/sensors_status_imu__rosidl_typesupport_introspection_c.h
[4.016s] -- Up-to-date symlink: /repo/ws/install/include/px4/px4/msg/detail/system_power__rosidl_typesupport_introspection_c.h
[4.016s] -- Up-to-date symlink: /repo/ws/install/include/px4/px4/msg/detail/takeoff_status__rosidl_typesupport_introspection_c.h
[4.016s] -- Up-to-date symlink: /repo/ws/install/include/px4/px4/msg/detail/task_stack_info__rosidl_typesupport_introspection_c.h
[4.016s] -- Up-to-date symlink: /repo/ws/install/include/px4/px4/msg/detail/tecs_status__rosidl_typesupport_introspection_c.h
[4.017s] -- Up-to-date symlink: /repo/ws/install/include/px4/px4/msg/detail/telemetry_status__rosidl_typesupport_introspection_c.h
[4.017s] -- Up-to-date symlink: /repo/ws/install/include/px4/px4/msg/detail/tiltrotor_extra_controls__rosidl_typesupport_introspection_c.h
[4.017s] -- Up-to-date symlink: /repo/ws/install/include/px4/px4/msg/detail/timesync_status__rosidl_typesupport_introspection_c.h
[4.017s] -- Up-to-date symlink: /repo/ws/install/include/px4/px4/msg/detail/trajectory_setpoint6dof__rosidl_typesupport_introspection_c.h
[4.017s] -- Up-to-date symlink: /repo/ws/install/include/px4/px4/msg/detail/trajectory_setpoint__rosidl_typesupport_introspection_c.h
[4.017s] -- Up-to-date symlink: /repo/ws/install/include/px4/px4/msg/detail/transponder_report__rosidl_typesupport_introspection_c.h
[4.017s] -- Up-to-date symlink: /repo/ws/install/include/px4/px4/msg/detail/tune_control__rosidl_typesupport_introspection_c.h
[4.018s] -- Up-to-date symlink: /repo/ws/install/include/px4/px4/msg/detail/uavcan_parameter_request__rosidl_typesupport_introspection_c.h
[4.018s] -- Up-to-date symlink: /repo/ws/install/include/px4/px4/msg/detail/uavcan_parameter_value__rosidl_typesupport_introspection_c.h
[4.018s] -- Up-to-date symlink: /repo/ws/install/include/px4/px4/msg/detail/ulog_stream__rosidl_typesupport_introspection_c.h
[4.018s] -- Up-to-date symlink: /repo/ws/install/include/px4/px4/msg/detail/ulog_stream_ack__rosidl_typesupport_introspection_c.h
[4.018s] -- Up-to-date symlink: /repo/ws/install/include/px4/px4/msg/detail/unregister_ext_component__rosidl_typesupport_introspection_c.h
[4.018s] -- Up-to-date symlink: /repo/ws/install/include/px4/px4/msg/detail/vehicle_acceleration__rosidl_typesupport_introspection_c.h
[4.019s] -- Up-to-date symlink: /repo/ws/install/include/px4/px4/msg/detail/vehicle_air_data__rosidl_typesupport_introspection_c.h
[4.019s] -- Up-to-date symlink: /repo/ws/install/include/px4/px4/msg/detail/vehicle_angular_acceleration_setpoint__rosidl_typesupport_introspection_c.h
[4.019s] -- Up-to-date symlink: /repo/ws/install/include/px4/px4/msg/detail/vehicle_angular_velocity__rosidl_typesupport_introspection_c.h
[4.019s] -- Up-to-date symlink: /repo/ws/install/include/px4/px4/msg/detail/vehicle_attitude__rosidl_typesupport_introspection_c.h
[4.019s] -- Up-to-date symlink: /repo/ws/install/include/px4/px4/msg/detail/vehicle_attitude_setpoint__rosidl_typesupport_introspection_c.h
[4.019s] -- Up-to-date symlink: /repo/ws/install/include/px4/px4/msg/detail/vehicle_command__rosidl_typesupport_introspection_c.h
[4.020s] -- Up-to-date symlink: /repo/ws/install/include/px4/px4/msg/detail/vehicle_command_ack__rosidl_typesupport_introspection_c.h
[4.020s] -- Up-to-date symlink: /repo/ws/install/include/px4/px4/msg/detail/vehicle_constraints__rosidl_typesupport_introspection_c.h
[4.020s] -- Up-to-date symlink: /repo/ws/install/include/px4/px4/msg/detail/vehicle_control_mode__rosidl_typesupport_introspection_c.h
[4.020s] -- Up-to-date symlink: /repo/ws/install/include/px4/px4/msg/detail/vehicle_global_position__rosidl_typesupport_introspection_c.h
[4.020s] -- Up-to-date symlink: /repo/ws/install/include/px4/px4/msg/detail/vehicle_imu__rosidl_typesupport_introspection_c.h
[4.020s] -- Up-to-date symlink: /repo/ws/install/include/px4/px4/msg/detail/vehicle_imu_status__rosidl_typesupport_introspection_c.h
[4.020s] -- Up-to-date symlink: /repo/ws/install/include/px4/px4/msg/detail/vehicle_land_detected__rosidl_typesupport_introspection_c.h
[4.021s] -- Up-to-date symlink: /repo/ws/install/include/px4/px4/msg/detail/vehicle_local_position__rosidl_typesupport_introspection_c.h
[4.021s] -- Up-to-date symlink: /repo/ws/install/include/px4/px4/msg/detail/vehicle_local_position_setpoint__rosidl_typesupport_introspection_c.h
[4.021s] -- Up-to-date symlink: /repo/ws/install/include/px4/px4/msg/detail/vehicle_magnetometer__rosidl_typesupport_introspection_c.h
[4.021s] -- Up-to-date symlink: /repo/ws/install/include/px4/px4/msg/detail/vehicle_odometry__rosidl_typesupport_introspection_c.h
[4.021s] -- Up-to-date symlink: /repo/ws/install/include/px4/px4/msg/detail/vehicle_optical_flow__rosidl_typesupport_introspection_c.h
[4.021s] -- Up-to-date symlink: /repo/ws/install/include/px4/px4/msg/detail/vehicle_optical_flow_vel__rosidl_typesupport_introspection_c.h
[4.022s] -- Up-to-date symlink: /repo/ws/install/include/px4/px4/msg/detail/vehicle_rates_setpoint__rosidl_typesupport_introspection_c.h
[4.022s] -- Up-to-date symlink: /repo/ws/install/include/px4/px4/msg/detail/vehicle_roi__rosidl_typesupport_introspection_c.h
[4.022s] -- Up-to-date symlink: /repo/ws/install/include/px4/px4/msg/detail/vehicle_status__rosidl_typesupport_introspection_c.h
[4.022s] -- Up-to-date symlink: /repo/ws/install/include/px4/px4/msg/detail/vehicle_thrust_setpoint__rosidl_typesupport_introspection_c.h
[4.022s] -- Up-to-date symlink: /repo/ws/install/include/px4/px4/msg/detail/vehicle_torque_setpoint__rosidl_typesupport_introspection_c.h
[4.022s] -- Up-to-date symlink: /repo/ws/install/include/px4/px4/msg/detail/velocity_limits__rosidl_typesupport_introspection_c.h
[4.023s] -- Up-to-date symlink: /repo/ws/install/include/px4/px4/msg/detail/vtol_vehicle_status__rosidl_typesupport_introspection_c.h
[4.023s] -- Up-to-date symlink: /repo/ws/install/include/px4/px4/msg/detail/wheel_encoders__rosidl_typesupport_introspection_c.h
[4.023s] -- Up-to-date symlink: /repo/ws/install/include/px4/px4/msg/detail/wind__rosidl_typesupport_introspection_c.h
[4.023s] -- Up-to-date symlink: /repo/ws/install/include/px4/px4/msg/detail/yaw_estimator_status__rosidl_typesupport_introspection_c.h
[4.023s] -- Up-to-date symlink: /repo/ws/install/include/px4/px4/msg/rosidl_typesupport_introspection_c__visibility_control.h
[4.030s] -- Up-to-date symlink: /repo/ws/install/include/px4/px4/msg/detail/ackermann_velocity_setpoint__rosidl_typesupport_introspection_cpp.hpp
[4.030s] -- Up-to-date symlink: /repo/ws/install/include/px4/px4/msg/detail/action_request__rosidl_typesupport_introspection_cpp.hpp
[4.030s] -- Up-to-date symlink: /repo/ws/install/include/px4/px4/msg/detail/actuator_armed__rosidl_typesupport_introspection_cpp.hpp
[4.030s] -- Up-to-date symlink: /repo/ws/install/include/px4/px4/msg/detail/actuator_controls_status__rosidl_typesupport_introspection_cpp.hpp
[4.030s] -- Up-to-date symlink: /repo/ws/install/include/px4/px4/msg/detail/actuator_motors__rosidl_typesupport_introspection_cpp.hpp
[4.030s] -- Up-to-date symlink: /repo/ws/install/include/px4/px4/msg/detail/actuator_outputs__rosidl_typesupport_introspection_cpp.hpp
[4.030s] -- Up-to-date symlink: /repo/ws/install/include/px4/px4/msg/detail/actuator_servos__rosidl_typesupport_introspection_cpp.hpp
[4.031s] -- Up-to-date symlink: /repo/ws/install/include/px4/px4/msg/detail/actuator_servos_trim__rosidl_typesupport_introspection_cpp.hpp
[4.031s] -- Up-to-date symlink: /repo/ws/install/include/px4/px4/msg/detail/actuator_test__rosidl_typesupport_introspection_cpp.hpp
[4.031s] -- Up-to-date symlink: /repo/ws/install/include/px4/px4/msg/detail/adc_report__rosidl_typesupport_introspection_cpp.hpp
[4.031s] -- Up-to-date symlink: /repo/ws/install/include/px4/px4/msg/detail/airspeed__rosidl_typesupport_introspection_cpp.hpp
[4.031s] -- Up-to-date symlink: /repo/ws/install/include/px4/px4/msg/detail/airspeed_validated__rosidl_typesupport_introspection_cpp.hpp
[4.031s] -- Up-to-date symlink: /repo/ws/install/include/px4/px4/msg/detail/airspeed_wind__rosidl_typesupport_introspection_cpp.hpp
[4.032s] -- Up-to-date symlink: /repo/ws/install/include/px4/px4/msg/detail/arming_check_reply__rosidl_typesupport_introspection_cpp.hpp
[4.032s] -- Up-to-date symlink: /repo/ws/install/include/px4/px4/msg/detail/arming_check_request__rosidl_typesupport_introspection_cpp.hpp
[4.032s] -- Up-to-date symlink: /repo/ws/install/include/px4/px4/msg/detail/autotune_attitude_control_status__rosidl_typesupport_introspection_cpp.hpp
[4.032s] -- Up-to-date symlink: /repo/ws/install/include/px4/px4/msg/detail/battery_status__rosidl_typesupport_introspection_cpp.hpp
[4.032s] -- Up-to-date symlink: /repo/ws/install/include/px4/px4/msg/detail/button_event__rosidl_typesupport_introspection_cpp.hpp
[4.033s] -- Up-to-date symlink: /repo/ws/install/include/px4/px4/msg/detail/camera_capture__rosidl_typesupport_introspection_cpp.hpp
[4.033s] -- Up-to-date symlink: /repo/ws/install/include/px4/px4/msg/detail/camera_status__rosidl_typesupport_introspection_cpp.hpp
[4.033s] -- Up-to-date symlink: /repo/ws/install/include/px4/px4/msg/detail/camera_trigger__rosidl_typesupport_introspection_cpp.hpp
[4.033s] -- Up-to-date symlink: /repo/ws/install/include/px4/px4/msg/detail/can_interface_status__rosidl_typesupport_introspection_cpp.hpp
[4.033s] -- Up-to-date symlink: /repo/ws/install/include/px4/px4/msg/detail/cellular_status__rosidl_typesupport_introspection_cpp.hpp
[4.033s] -- Up-to-date symlink: /repo/ws/install/include/px4/px4/msg/detail/collision_constraints__rosidl_typesupport_introspection_cpp.hpp
[4.034s] -- Up-to-date symlink: /repo/ws/install/include/px4/px4/msg/detail/config_overrides__rosidl_typesupport_introspection_cpp.hpp
[4.034s] -- Up-to-date symlink: /repo/ws/install/include/px4/px4/msg/detail/control_allocator_status__rosidl_typesupport_introspection_cpp.hpp
[4.034s] -- Up-to-date symlink: /repo/ws/install/include/px4/px4/msg/detail/cpuload__rosidl_typesupport_introspection_cpp.hpp
[4.034s] -- Up-to-date symlink: /repo/ws/install/include/px4/px4/msg/detail/dataman_request__rosidl_typesupport_introspection_cpp.hpp
[4.034s] -- Up-to-date symlink: /repo/ws/install/include/px4/px4/msg/detail/dataman_response__rosidl_typesupport_introspection_cpp.hpp
[4.035s] -- Up-to-date symlink: /repo/ws/install/include/px4/px4/msg/detail/debug_array__rosidl_typesupport_introspection_cpp.hpp
[4.035s] -- Up-to-date symlink: /repo/ws/install/include/px4/px4/msg/detail/debug_key_value__rosidl_typesupport_introspection_cpp.hpp
[4.036s] -- Up-to-date symlink: /repo/ws/install/include/px4/px4/msg/detail/debug_value__rosidl_typesupport_introspection_cpp.hpp
[4.036s] -- Up-to-date symlink: /repo/ws/install/include/px4/px4/msg/detail/debug_vect__rosidl_typesupport_introspection_cpp.hpp
[4.036s] -- Up-to-date symlink: /repo/ws/install/include/px4/px4/msg/detail/differential_pressure__rosidl_typesupport_introspection_cpp.hpp
[4.036s] -- Up-to-date symlink: /repo/ws/install/include/px4/px4/msg/detail/differential_velocity_setpoint__rosidl_typesupport_introspection_cpp.hpp
[4.036s] -- Up-to-date symlink: /repo/ws/install/include/px4/px4/msg/detail/distance_sensor__rosidl_typesupport_introspection_cpp.hpp
[4.036s] -- Up-to-date symlink: /repo/ws/install/include/px4/px4/msg/detail/distance_sensor_mode_change_request__rosidl_typesupport_introspection_cpp.hpp
[4.036s] -- Up-to-date symlink: /repo/ws/install/include/px4/px4/msg/detail/ekf2_timestamps__rosidl_typesupport_introspection_cpp.hpp
[4.036s] -- Up-to-date symlink: /repo/ws/install/include/px4/px4/msg/detail/esc_report__rosidl_typesupport_introspection_cpp.hpp
[4.037s] -- Up-to-date symlink: /repo/ws/install/include/px4/px4/msg/detail/esc_status__rosidl_typesupport_introspection_cpp.hpp
[4.037s] -- Up-to-date symlink: /repo/ws/install/include/px4/px4/msg/detail/estimator_aid_source1d__rosidl_typesupport_introspection_cpp.hpp
[4.037s] -- Up-to-date symlink: /repo/ws/install/include/px4/px4/msg/detail/estimator_aid_source2d__rosidl_typesupport_introspection_cpp.hpp
[4.037s] -- Up-to-date symlink: /repo/ws/install/include/px4/px4/msg/detail/estimator_aid_source3d__rosidl_typesupport_introspection_cpp.hpp
[4.037s] -- Up-to-date symlink: /repo/ws/install/include/px4/px4/msg/detail/estimator_bias3d__rosidl_typesupport_introspection_cpp.hpp
[4.037s] -- Up-to-date symlink: /repo/ws/install/include/px4/px4/msg/detail/estimator_bias__rosidl_typesupport_introspection_cpp.hpp
[4.037s] -- Up-to-date symlink: /repo/ws/install/include/px4/px4/msg/detail/estimator_event_flags__rosidl_typesupport_introspection_cpp.hpp
[4.037s] -- Up-to-date symlink: /repo/ws/install/include/px4/px4/msg/detail/estimator_gps_status__rosidl_typesupport_introspection_cpp.hpp
[4.038s] -- Up-to-date symlink: /repo/ws/install/include/px4/px4/msg/detail/estimator_innovations__rosidl_typesupport_introspection_cpp.hpp
[4.038s] -- Up-to-date symlink: /repo/ws/install/include/px4/px4/msg/detail/estimator_selector_status__rosidl_typesupport_introspection_cpp.hpp
[4.038s] -- Up-to-date symlink: /repo/ws/install/include/px4/px4/msg/detail/estimator_sensor_bias__rosidl_typesupport_introspection_cpp.hpp
[4.038s] -- Up-to-date symlink: /repo/ws/install/include/px4/px4/msg/detail/estimator_states__rosidl_typesupport_introspection_cpp.hpp
[4.038s] -- Up-to-date symlink: /repo/ws/install/include/px4/px4/msg/detail/estimator_status__rosidl_typesupport_introspection_cpp.hpp
[4.038s] -- Up-to-date symlink: /repo/ws/install/include/px4/px4/msg/detail/estimator_status_flags__rosidl_typesupport_introspection_cpp.hpp
[4.038s] -- Up-to-date symlink: /repo/ws/install/include/px4/px4/msg/detail/event__rosidl_typesupport_introspection_cpp.hpp
[4.039s] -- Up-to-date symlink: /repo/ws/install/include/px4/px4/msg/detail/failsafe_flags__rosidl_typesupport_introspection_cpp.hpp
[4.039s] -- Up-to-date symlink: /repo/ws/install/include/px4/px4/msg/detail/failure_detector_status__rosidl_typesupport_introspection_cpp.hpp
[4.039s] -- Up-to-date symlink: /repo/ws/install/include/px4/px4/msg/detail/figure_eight_status__rosidl_typesupport_introspection_cpp.hpp
[4.039s] -- Up-to-date symlink: /repo/ws/install/include/px4/px4/msg/detail/flight_phase_estimation__rosidl_typesupport_introspection_cpp.hpp
[4.039s] -- Up-to-date symlink: /repo/ws/install/include/px4/px4/msg/detail/follow_target__rosidl_typesupport_introspection_cpp.hpp
[4.040s] -- Up-to-date symlink: /repo/ws/install/include/px4/px4/msg/detail/follow_target_estimator__rosidl_typesupport_introspection_cpp.hpp
[4.040s] -- Up-to-date symlink: /repo/ws/install/include/px4/px4/msg/detail/follow_target_status__rosidl_typesupport_introspection_cpp.hpp
[4.040s] -- Up-to-date symlink: /repo/ws/install/include/px4/px4/msg/detail/fuel_tank_status__rosidl_typesupport_introspection_cpp.hpp
[4.040s] -- Up-to-date symlink: /repo/ws/install/include/px4/px4/msg/detail/generator_status__rosidl_typesupport_introspection_cpp.hpp
[4.040s] -- Up-to-date symlink: /repo/ws/install/include/px4/px4/msg/detail/geofence_result__rosidl_typesupport_introspection_cpp.hpp
[4.040s] -- Up-to-date symlink: /repo/ws/install/include/px4/px4/msg/detail/geofence_status__rosidl_typesupport_introspection_cpp.hpp
[4.040s] -- Up-to-date symlink: /repo/ws/install/include/px4/px4/msg/detail/gimbal_controls__rosidl_typesupport_introspection_cpp.hpp
[4.041s] -- Up-to-date symlink: /repo/ws/install/include/px4/px4/msg/detail/gimbal_device_attitude_status__rosidl_typesupport_introspection_cpp.hpp
[4.041s] -- Up-to-date symlink: /repo/ws/install/include/px4/px4/msg/detail/gimbal_device_information__rosidl_typesupport_introspection_cpp.hpp
[4.041s] -- Up-to-date symlink: /repo/ws/install/include/px4/px4/msg/detail/gimbal_device_set_attitude__rosidl_typesupport_introspection_cpp.hpp
[4.041s] -- Up-to-date symlink: /repo/ws/install/include/px4/px4/msg/detail/gimbal_manager_information__rosidl_typesupport_introspection_cpp.hpp
[4.041s] -- Up-to-date symlink: /repo/ws/install/include/px4/px4/msg/detail/gimbal_manager_set_attitude__rosidl_typesupport_introspection_cpp.hpp
[4.042s] -- Up-to-date symlink: /repo/ws/install/include/px4/px4/msg/detail/gimbal_manager_set_manual_control__rosidl_typesupport_introspection_cpp.hpp
[4.042s] -- Up-to-date symlink: /repo/ws/install/include/px4/px4/msg/detail/gimbal_manager_status__rosidl_typesupport_introspection_cpp.hpp
[4.042s] -- Up-to-date symlink: /repo/ws/install/include/px4/px4/msg/detail/goto_setpoint__rosidl_typesupport_introspection_cpp.hpp
[4.042s] -- Up-to-date symlink: /repo/ws/install/include/px4/px4/msg/detail/gpio_config__rosidl_typesupport_introspection_cpp.hpp
[4.042s] -- Up-to-date symlink: /repo/ws/install/include/px4/px4/msg/detail/gpio_in__rosidl_typesupport_introspection_cpp.hpp
[4.042s] -- Up-to-date symlink: /repo/ws/install/include/px4/px4/msg/detail/gpio_out__rosidl_typesupport_introspection_cpp.hpp
[4.042s] -- Up-to-date symlink: /repo/ws/install/include/px4/px4/msg/detail/gpio_request__rosidl_typesupport_introspection_cpp.hpp
[4.043s] -- Up-to-date symlink: /repo/ws/install/include/px4/px4/msg/detail/gps_dump__rosidl_typesupport_introspection_cpp.hpp
[4.043s] -- Up-to-date symlink: /repo/ws/install/include/px4/px4/msg/detail/gps_inject_data__rosidl_typesupport_introspection_cpp.hpp
[4.043s] -- Up-to-date symlink: /repo/ws/install/include/px4/px4/msg/detail/gripper__rosidl_typesupport_introspection_cpp.hpp
[4.043s] -- Up-to-date symlink: /repo/ws/install/include/px4/px4/msg/detail/health_report__rosidl_typesupport_introspection_cpp.hpp
[4.043s] -- Up-to-date symlink: /repo/ws/install/include/px4/px4/msg/detail/heater_status__rosidl_typesupport_introspection_cpp.hpp
[4.043s] -- Up-to-date symlink: /repo/ws/install/include/px4/px4/msg/detail/home_position__rosidl_typesupport_introspection_cpp.hpp
[4.044s] -- Up-to-date symlink: /repo/ws/install/include/px4/px4/msg/detail/hover_thrust_estimate__rosidl_typesupport_introspection_cpp.hpp
[4.044s] -- Up-to-date symlink: /repo/ws/install/include/px4/px4/msg/detail/input_rc__rosidl_typesupport_introspection_cpp.hpp
[4.044s] -- Up-to-date symlink: /repo/ws/install/include/px4/px4/msg/detail/internal_combustion_engine_control__rosidl_typesupport_introspection_cpp.hpp
[4.044s] -- Up-to-date symlink: /repo/ws/install/include/px4/px4/msg/detail/internal_combustion_engine_status__rosidl_typesupport_introspection_cpp.hpp
[4.044s] -- Up-to-date symlink: /repo/ws/install/include/px4/px4/msg/detail/iridiumsbd_status__rosidl_typesupport_introspection_cpp.hpp
[4.044s] -- Up-to-date symlink: /repo/ws/install/include/px4/px4/msg/detail/irlock_report__rosidl_typesupport_introspection_cpp.hpp
[4.044s] -- Up-to-date symlink: /repo/ws/install/include/px4/px4/msg/detail/landing_gear__rosidl_typesupport_introspection_cpp.hpp
[4.045s] -- Up-to-date symlink: /repo/ws/install/include/px4/px4/msg/detail/landing_gear_wheel__rosidl_typesupport_introspection_cpp.hpp
[4.045s] -- Up-to-date symlink: /repo/ws/install/include/px4/px4/msg/detail/landing_target_innovations__rosidl_typesupport_introspection_cpp.hpp
[4.045s] -- Up-to-date symlink: /repo/ws/install/include/px4/px4/msg/detail/landing_target_pose__rosidl_typesupport_introspection_cpp.hpp
[4.045s] -- Up-to-date symlink: /repo/ws/install/include/px4/px4/msg/detail/launch_detection_status__rosidl_typesupport_introspection_cpp.hpp
[4.045s] -- Up-to-date symlink: /repo/ws/install/include/px4/px4/msg/detail/led_control__rosidl_typesupport_introspection_cpp.hpp
[4.045s] -- Up-to-date symlink: /repo/ws/install/include/px4/px4/msg/detail/log_message__rosidl_typesupport_introspection_cpp.hpp
[4.046s] -- Up-to-date symlink: /repo/ws/install/include/px4/px4/msg/detail/logger_status__rosidl_typesupport_introspection_cpp.hpp
[4.046s] -- Up-to-date symlink: /repo/ws/install/include/px4/px4/msg/detail/mag_worker_data__rosidl_typesupport_introspection_cpp.hpp
[4.046s] -- Up-to-date symlink: /repo/ws/install/include/px4/px4/msg/detail/magnetometer_bias_estimate__rosidl_typesupport_introspection_cpp.hpp
[4.046s] -- Up-to-date symlink: /repo/ws/install/include/px4/px4/msg/detail/manual_control_setpoint__rosidl_typesupport_introspection_cpp.hpp
[4.047s] -- Up-to-date symlink: /repo/ws/install/include/px4/px4/msg/detail/manual_control_switches__rosidl_typesupport_introspection_cpp.hpp
[4.047s] -- Up-to-date symlink: /repo/ws/install/include/px4/px4/msg/detail/mavlink_log__rosidl_typesupport_introspection_cpp.hpp
[4.047s] -- Up-to-date symlink: /repo/ws/install/include/px4/px4/msg/detail/mavlink_tunnel__rosidl_typesupport_introspection_cpp.hpp
[4.047s] -- Up-to-date symlink: /repo/ws/install/include/px4/px4/msg/detail/message_format_request__rosidl_typesupport_introspection_cpp.hpp
[4.047s] -- Up-to-date symlink: /repo/ws/install/include/px4/px4/msg/detail/message_format_response__rosidl_typesupport_introspection_cpp.hpp
[4.047s] -- Up-to-date symlink: /repo/ws/install/include/px4/px4/msg/detail/mission__rosidl_typesupport_introspection_cpp.hpp
[4.047s] -- Up-to-date symlink: /repo/ws/install/include/px4/px4/msg/detail/mission_result__rosidl_typesupport_introspection_cpp.hpp
[4.048s] -- Up-to-date symlink: /repo/ws/install/include/px4/px4/msg/detail/mode_completed__rosidl_typesupport_introspection_cpp.hpp
[4.048s] -- Up-to-date symlink: /repo/ws/install/include/px4/px4/msg/detail/mount_orientation__rosidl_typesupport_introspection_cpp.hpp
[4.048s] -- Up-to-date symlink: /repo/ws/install/include/px4/px4/msg/detail/navigator_mission_item__rosidl_typesupport_introspection_cpp.hpp
[4.048s] -- Up-to-date symlink: /repo/ws/install/include/px4/px4/msg/detail/navigator_status__rosidl_typesupport_introspection_cpp.hpp
[4.048s] -- Up-to-date symlink: /repo/ws/install/include/px4/px4/msg/detail/normalized_unsigned_setpoint__rosidl_typesupport_introspection_cpp.hpp
[4.048s] -- Up-to-date symlink: /repo/ws/install/include/px4/px4/msg/detail/npfg_status__rosidl_typesupport_introspection_cpp.hpp
[4.049s] -- Up-to-date symlink: /repo/ws/install/include/px4/px4/msg/detail/obstacle_distance__rosidl_typesupport_introspection_cpp.hpp
[4.049s] -- Up-to-date symlink: /repo/ws/install/include/px4/px4/msg/detail/offboard_control_mode__rosidl_typesupport_introspection_cpp.hpp
[4.049s] -- Up-to-date symlink: /repo/ws/install/include/px4/px4/msg/detail/onboard_computer_status__rosidl_typesupport_introspection_cpp.hpp
[4.049s] -- Up-to-date symlink: /repo/ws/install/include/px4/px4/msg/detail/open_drone_id_arm_status__rosidl_typesupport_introspection_cpp.hpp
[4.049s] -- Up-to-date symlink: /repo/ws/install/include/px4/px4/msg/detail/open_drone_id_operator_id__rosidl_typesupport_introspection_cpp.hpp
[4.049s] -- Up-to-date symlink: /repo/ws/install/include/px4/px4/msg/detail/open_drone_id_self_id__rosidl_typesupport_introspection_cpp.hpp
[4.049s] -- Up-to-date symlink: /repo/ws/install/include/px4/px4/msg/detail/open_drone_id_system__rosidl_typesupport_introspection_cpp.hpp
[4.050s] -- Up-to-date symlink: /repo/ws/install/include/px4/px4/msg/detail/orb_test__rosidl_typesupport_introspection_cpp.hpp
[4.050s] -- Up-to-date symlink: /repo/ws/install/include/px4/px4/msg/detail/orb_test_large__rosidl_typesupport_introspection_cpp.hpp
[4.050s] -- Up-to-date symlink: /repo/ws/install/include/px4/px4/msg/detail/orb_test_medium__rosidl_typesupport_introspection_cpp.hpp
[4.050s] -- Up-to-date symlink: /repo/ws/install/include/px4/px4/msg/detail/orbit_status__rosidl_typesupport_introspection_cpp.hpp
[4.050s] -- Up-to-date symlink: /repo/ws/install/include/px4/px4/msg/detail/parameter_reset_request__rosidl_typesupport_introspection_cpp.hpp
[4.050s] -- Up-to-date symlink: /repo/ws/install/include/px4/px4/msg/detail/parameter_set_used_request__rosidl_typesupport_introspection_cpp.hpp
[4.051s] -- Up-to-date symlink: /repo/ws/install/include/px4/px4/msg/detail/parameter_set_value_request__rosidl_typesupport_introspection_cpp.hpp
[4.051s] -- Up-to-date symlink: /repo/ws/install/include/px4/px4/msg/detail/parameter_set_value_response__rosidl_typesupport_introspection_cpp.hpp
[4.051s] -- Up-to-date symlink: /repo/ws/install/include/px4/px4/msg/detail/parameter_update__rosidl_typesupport_introspection_cpp.hpp
[4.051s] -- Up-to-date symlink: /repo/ws/install/include/px4/px4/msg/detail/ping__rosidl_typesupport_introspection_cpp.hpp
[4.051s] -- Up-to-date symlink: /repo/ws/install/include/px4/px4/msg/detail/position_controller_landing_status__rosidl_typesupport_introspection_cpp.hpp
[4.051s] -- Up-to-date symlink: /repo/ws/install/include/px4/px4/msg/detail/position_controller_status__rosidl_typesupport_introspection_cpp.hpp
[4.052s] -- Up-to-date symlink: /repo/ws/install/include/px4/px4/msg/detail/position_setpoint__rosidl_typesupport_introspection_cpp.hpp
[4.052s] -- Up-to-date symlink: /repo/ws/install/include/px4/px4/msg/detail/position_setpoint_triplet__rosidl_typesupport_introspection_cpp.hpp
[4.052s] -- Up-to-date symlink: /repo/ws/install/include/px4/px4/msg/detail/power_button_state__rosidl_typesupport_introspection_cpp.hpp
[4.052s] -- Up-to-date symlink: /repo/ws/install/include/px4/px4/msg/detail/power_monitor__rosidl_typesupport_introspection_cpp.hpp
[4.052s] -- Up-to-date symlink: /repo/ws/install/include/px4/px4/msg/detail/pps_capture__rosidl_typesupport_introspection_cpp.hpp
[4.052s] -- Up-to-date symlink: /repo/ws/install/include/px4/px4/msg/detail/pure_pursuit_status__rosidl_typesupport_introspection_cpp.hpp
[4.053s] -- Up-to-date symlink: /repo/ws/install/include/px4/px4/msg/detail/pwm_input__rosidl_typesupport_introspection_cpp.hpp
[4.053s] -- Up-to-date symlink: /repo/ws/install/include/px4/px4/msg/detail/px4io_status__rosidl_typesupport_introspection_cpp.hpp
[4.053s] -- Up-to-date symlink: /repo/ws/install/include/px4/px4/msg/detail/qshell_req__rosidl_typesupport_introspection_cpp.hpp
[4.053s] -- Up-to-date symlink: /repo/ws/install/include/px4/px4/msg/detail/qshell_retval__rosidl_typesupport_introspection_cpp.hpp
[4.053s] -- Up-to-date symlink: /repo/ws/install/include/px4/px4/msg/detail/radio_status__rosidl_typesupport_introspection_cpp.hpp
[4.053s] -- Up-to-date symlink: /repo/ws/install/include/px4/px4/msg/detail/rate_ctrl_status__rosidl_typesupport_introspection_cpp.hpp
[4.054s] -- Up-to-date symlink: /repo/ws/install/include/px4/px4/msg/detail/rc_channels__rosidl_typesupport_introspection_cpp.hpp
[4.054s] -- Up-to-date symlink: /repo/ws/install/include/px4/px4/msg/detail/rc_parameter_map__rosidl_typesupport_introspection_cpp.hpp
[4.054s] -- Up-to-date symlink: /repo/ws/install/include/px4/px4/msg/detail/register_ext_component_reply__rosidl_typesupport_introspection_cpp.hpp
[4.054s] -- Up-to-date symlink: /repo/ws/install/include/px4/px4/msg/detail/register_ext_component_request__rosidl_typesupport_introspection_cpp.hpp
[4.054s] -- Up-to-date symlink: /repo/ws/install/include/px4/px4/msg/detail/rover_attitude_setpoint__rosidl_typesupport_introspection_cpp.hpp
[4.054s] -- Up-to-date symlink: /repo/ws/install/include/px4/px4/msg/detail/rover_attitude_status__rosidl_typesupport_introspection_cpp.hpp
[4.054s] -- Up-to-date symlink: /repo/ws/install/include/px4/px4/msg/detail/rover_position_setpoint__rosidl_typesupport_introspection_cpp.hpp
[4.055s] -- Up-to-date symlink: /repo/ws/install/include/px4/px4/msg/detail/rover_rate_setpoint__rosidl_typesupport_introspection_cpp.hpp
[4.055s] -- Up-to-date symlink: /repo/ws/install/include/px4/px4/msg/detail/rover_rate_status__rosidl_typesupport_introspection_cpp.hpp
[4.055s] -- Up-to-date symlink: /repo/ws/install/include/px4/px4/msg/detail/rover_steering_setpoint__rosidl_typesupport_introspection_cpp.hpp
[4.055s] -- Up-to-date symlink: /repo/ws/install/include/px4/px4/msg/detail/rover_throttle_setpoint__rosidl_typesupport_introspection_cpp.hpp
[4.055s] -- Up-to-date symlink: /repo/ws/install/include/px4/px4/msg/detail/rover_velocity_status__rosidl_typesupport_introspection_cpp.hpp
[4.055s] -- Up-to-date symlink: /repo/ws/install/include/px4/px4/msg/detail/rpm__rosidl_typesupport_introspection_cpp.hpp
[4.056s] -- Up-to-date symlink: /repo/ws/install/include/px4/px4/msg/detail/rtl_status__rosidl_typesupport_introspection_cpp.hpp
[4.056s] -- Up-to-date symlink: /repo/ws/install/include/px4/px4/msg/detail/rtl_time_estimate__rosidl_typesupport_introspection_cpp.hpp
[4.056s] -- Up-to-date symlink: /repo/ws/install/include/px4/px4/msg/detail/satellite_info__rosidl_typesupport_introspection_cpp.hpp
[4.056s] -- Up-to-date symlink: /repo/ws/install/include/px4/px4/msg/detail/sensor_accel__rosidl_typesupport_introspection_cpp.hpp
[4.056s] -- Up-to-date symlink: /repo/ws/install/include/px4/px4/msg/detail/sensor_accel_fifo__rosidl_typesupport_introspection_cpp.hpp
[4.056s] -- Up-to-date symlink: /repo/ws/install/include/px4/px4/msg/detail/sensor_airflow__rosidl_typesupport_introspection_cpp.hpp
[4.056s] -- Up-to-date symlink: /repo/ws/install/include/px4/px4/msg/detail/sensor_baro__rosidl_typesupport_introspection_cpp.hpp
[4.057s] -- Up-to-date symlink: /repo/ws/install/include/px4/px4/msg/detail/sensor_combined__rosidl_typesupport_introspection_cpp.hpp
[4.057s] -- Up-to-date symlink: /repo/ws/install/include/px4/px4/msg/detail/sensor_correction__rosidl_typesupport_introspection_cpp.hpp
[4.057s] -- Up-to-date symlink: /repo/ws/install/include/px4/px4/msg/detail/sensor_gnss_relative__rosidl_typesupport_introspection_cpp.hpp
[4.058s] -- Up-to-date symlink: /repo/ws/install/include/px4/px4/msg/detail/sensor_gps__rosidl_typesupport_introspection_cpp.hpp
[4.058s] -- Up-to-date symlink: /repo/ws/install/include/px4/px4/msg/detail/sensor_gyro__rosidl_typesupport_introspection_cpp.hpp
[4.059s] -- Up-to-date symlink: /repo/ws/install/include/px4/px4/msg/detail/sensor_gyro_fft__rosidl_typesupport_introspection_cpp.hpp
[4.059s] -- Up-to-date symlink: /repo/ws/install/include/px4/px4/msg/detail/sensor_gyro_fifo__rosidl_typesupport_introspection_cpp.hpp
[4.059s] -- Up-to-date symlink: /repo/ws/install/include/px4/px4/msg/detail/sensor_hygrometer__rosidl_typesupport_introspection_cpp.hpp
[4.059s] -- Up-to-date symlink: /repo/ws/install/include/px4/px4/msg/detail/sensor_mag__rosidl_typesupport_introspection_cpp.hpp
[4.059s] -- Up-to-date symlink: /repo/ws/install/include/px4/px4/msg/detail/sensor_optical_flow__rosidl_typesupport_introspection_cpp.hpp
[4.059s] -- Up-to-date symlink: /repo/ws/install/include/px4/px4/msg/detail/sensor_preflight_mag__rosidl_typesupport_introspection_cpp.hpp
[4.059s] -- Up-to-date symlink: /repo/ws/install/include/px4/px4/msg/detail/sensor_selection__rosidl_typesupport_introspection_cpp.hpp
[4.060s] -- Up-to-date symlink: /repo/ws/install/include/px4/px4/msg/detail/sensor_uwb__rosidl_typesupport_introspection_cpp.hpp
[4.060s] -- Up-to-date symlink: /repo/ws/install/include/px4/px4/msg/detail/sensors_status__rosidl_typesupport_introspection_cpp.hpp
[4.060s] -- Up-to-date symlink: /repo/ws/install/include/px4/px4/msg/detail/sensors_status_imu__rosidl_typesupport_introspection_cpp.hpp
[4.060s] -- Up-to-date symlink: /repo/ws/install/include/px4/px4/msg/detail/system_power__rosidl_typesupport_introspection_cpp.hpp
[4.060s] -- Up-to-date symlink: /repo/ws/install/include/px4/px4/msg/detail/takeoff_status__rosidl_typesupport_introspection_cpp.hpp
[4.060s] -- Up-to-date symlink: /repo/ws/install/include/px4/px4/msg/detail/task_stack_info__rosidl_typesupport_introspection_cpp.hpp
[4.060s] -- Up-to-date symlink: /repo/ws/install/include/px4/px4/msg/detail/tecs_status__rosidl_typesupport_introspection_cpp.hpp
[4.060s] -- Up-to-date symlink: /repo/ws/install/include/px4/px4/msg/detail/telemetry_status__rosidl_typesupport_introspection_cpp.hpp
[4.060s] -- Up-to-date symlink: /repo/ws/install/include/px4/px4/msg/detail/tiltrotor_extra_controls__rosidl_typesupport_introspection_cpp.hpp
[4.060s] -- Up-to-date symlink: /repo/ws/install/include/px4/px4/msg/detail/timesync_status__rosidl_typesupport_introspection_cpp.hpp
[4.061s] -- Up-to-date symlink: /repo/ws/install/include/px4/px4/msg/detail/trajectory_setpoint6dof__rosidl_typesupport_introspection_cpp.hpp
[4.061s] -- Up-to-date symlink: /repo/ws/install/include/px4/px4/msg/detail/trajectory_setpoint__rosidl_typesupport_introspection_cpp.hpp
[4.061s] -- Up-to-date symlink: /repo/ws/install/include/px4/px4/msg/detail/transponder_report__rosidl_typesupport_introspection_cpp.hpp
[4.061s] -- Up-to-date symlink: /repo/ws/install/include/px4/px4/msg/detail/tune_control__rosidl_typesupport_introspection_cpp.hpp
[4.061s] -- Up-to-date symlink: /repo/ws/install/include/px4/px4/msg/detail/uavcan_parameter_request__rosidl_typesupport_introspection_cpp.hpp
[4.061s] -- Up-to-date symlink: /repo/ws/install/include/px4/px4/msg/detail/uavcan_parameter_value__rosidl_typesupport_introspection_cpp.hpp
[4.061s] -- Up-to-date symlink: /repo/ws/install/include/px4/px4/msg/detail/ulog_stream__rosidl_typesupport_introspection_cpp.hpp
[4.061s] -- Up-to-date symlink: /repo/ws/install/include/px4/px4/msg/detail/ulog_stream_ack__rosidl_typesupport_introspection_cpp.hpp
[4.062s] -- Up-to-date symlink: /repo/ws/install/include/px4/px4/msg/detail/unregister_ext_component__rosidl_typesupport_introspection_cpp.hpp
[4.062s] -- Up-to-date symlink: /repo/ws/install/include/px4/px4/msg/detail/vehicle_acceleration__rosidl_typesupport_introspection_cpp.hpp
[4.062s] -- Up-to-date symlink: /repo/ws/install/include/px4/px4/msg/detail/vehicle_air_data__rosidl_typesupport_introspection_cpp.hpp
[4.062s] -- Up-to-date symlink: /repo/ws/install/include/px4/px4/msg/detail/vehicle_angular_acceleration_setpoint__rosidl_typesupport_introspection_cpp.hpp
[4.062s] -- Up-to-date symlink: /repo/ws/install/include/px4/px4/msg/detail/vehicle_angular_velocity__rosidl_typesupport_introspection_cpp.hpp
[4.062s] -- Up-to-date symlink: /repo/ws/install/include/px4/px4/msg/detail/vehicle_attitude__rosidl_typesupport_introspection_cpp.hpp
[4.063s] -- Up-to-date symlink: /repo/ws/install/include/px4/px4/msg/detail/vehicle_attitude_setpoint__rosidl_typesupport_introspection_cpp.hpp
[4.063s] -- Up-to-date symlink: /repo/ws/install/include/px4/px4/msg/detail/vehicle_command__rosidl_typesupport_introspection_cpp.hpp
[4.063s] -- Up-to-date symlink: /repo/ws/install/include/px4/px4/msg/detail/vehicle_command_ack__rosidl_typesupport_introspection_cpp.hpp
[4.063s] -- Up-to-date symlink: /repo/ws/install/include/px4/px4/msg/detail/vehicle_constraints__rosidl_typesupport_introspection_cpp.hpp
[4.063s] -- Up-to-date symlink: /repo/ws/install/include/px4/px4/msg/detail/vehicle_control_mode__rosidl_typesupport_introspection_cpp.hpp
[4.063s] -- Up-to-date symlink: /repo/ws/install/include/px4/px4/msg/detail/vehicle_global_position__rosidl_typesupport_introspection_cpp.hpp
[4.063s] -- Up-to-date symlink: /repo/ws/install/include/px4/px4/msg/detail/vehicle_imu__rosidl_typesupport_introspection_cpp.hpp
[4.064s] -- Up-to-date symlink: /repo/ws/install/include/px4/px4/msg/detail/vehicle_imu_status__rosidl_typesupport_introspection_cpp.hpp
[4.064s] -- Up-to-date symlink: /repo/ws/install/include/px4/px4/msg/detail/vehicle_land_detected__rosidl_typesupport_introspection_cpp.hpp
[4.064s] -- Up-to-date symlink: /repo/ws/install/include/px4/px4/msg/detail/vehicle_local_position__rosidl_typesupport_introspection_cpp.hpp
[4.064s] -- Up-to-date symlink: /repo/ws/install/include/px4/px4/msg/detail/vehicle_local_position_setpoint__rosidl_typesupport_introspection_cpp.hpp
[4.064s] -- Up-to-date symlink: /repo/ws/install/include/px4/px4/msg/detail/vehicle_magnetometer__rosidl_typesupport_introspection_cpp.hpp
[4.064s] -- Up-to-date symlink: /repo/ws/install/include/px4/px4/msg/detail/vehicle_odometry__rosidl_typesupport_introspection_cpp.hpp
[4.065s] -- Up-to-date symlink: /repo/ws/install/include/px4/px4/msg/detail/vehicle_optical_flow__rosidl_typesupport_introspection_cpp.hpp
[4.065s] -- Up-to-date symlink: /repo/ws/install/include/px4/px4/msg/detail/vehicle_optical_flow_vel__rosidl_typesupport_introspection_cpp.hpp
[4.065s] -- Up-to-date symlink: /repo/ws/install/include/px4/px4/msg/detail/vehicle_rates_setpoint__rosidl_typesupport_introspection_cpp.hpp
[4.065s] -- Up-to-date symlink: /repo/ws/install/include/px4/px4/msg/detail/vehicle_roi__rosidl_typesupport_introspection_cpp.hpp
[4.065s] -- Up-to-date symlink: /repo/ws/install/include/px4/px4/msg/detail/vehicle_status__rosidl_typesupport_introspection_cpp.hpp
[4.065s] -- Up-to-date symlink: /repo/ws/install/include/px4/px4/msg/detail/vehicle_thrust_setpoint__rosidl_typesupport_introspection_cpp.hpp
[4.066s] -- Up-to-date symlink: /repo/ws/install/include/px4/px4/msg/detail/vehicle_torque_setpoint__rosidl_typesupport_introspection_cpp.hpp
[4.066s] -- Up-to-date symlink: /repo/ws/install/include/px4/px4/msg/detail/velocity_limits__rosidl_typesupport_introspection_cpp.hpp
[4.066s] -- Up-to-date symlink: /repo/ws/install/include/px4/px4/msg/detail/vtol_vehicle_status__rosidl_typesupport_introspection_cpp.hpp
[4.066s] -- Up-to-date symlink: /repo/ws/install/include/px4/px4/msg/detail/wheel_encoders__rosidl_typesupport_introspection_cpp.hpp
[4.066s] -- Up-to-date symlink: /repo/ws/install/include/px4/px4/msg/detail/wind__rosidl_typesupport_introspection_cpp.hpp
[4.066s] -- Up-to-date symlink: /repo/ws/install/include/px4/px4/msg/detail/yaw_estimator_status__rosidl_typesupport_introspection_cpp.hpp
[4.067s] -- Up-to-date symlink: /repo/ws/install/share/px4/environment/pythonpath.sh
[4.067s] -- Up-to-date symlink: /repo/ws/install/share/px4/environment/pythonpath.dsv
[4.067s] -- Up-to-date symlink: /repo/ws/install/lib/python3.12/site-packages/px4-1.14.0-py3.12.egg-info/PKG-INFO
[4.067s] -- Up-to-date symlink: /repo/ws/install/lib/python3.12/site-packages/px4-1.14.0-py3.12.egg-info/SOURCES.txt
[4.068s] -- Up-to-date symlink: /repo/ws/install/lib/python3.12/site-packages/px4-1.14.0-py3.12.egg-info/dependency_links.txt
[4.068s] -- Up-to-date symlink: /repo/ws/install/lib/python3.12/site-packages/px4-1.14.0-py3.12.egg-info/top_level.txt
[4.082s] -- Up-to-date symlink: /repo/ws/install/lib/python3.12/site-packages/px4/__init__.py
[4.083s] -- Up-to-date symlink: /repo/ws/install/lib/python3.12/site-packages/px4/_px4_s.ep.rosidl_typesupport_c.c
[4.083s] -- Up-to-date symlink: /repo/ws/install/lib/python3.12/site-packages/px4/_px4_s.ep.rosidl_typesupport_fastrtps_c.c
[4.083s] -- Up-to-date symlink: /repo/ws/install/lib/python3.12/site-packages/px4/_px4_s.ep.rosidl_typesupport_introspection_c.c
[4.083s] -- Up-to-date symlink: /repo/ws/install/lib/python3.12/site-packages/px4/msg/__init__.py
[4.083s] -- Up-to-date symlink: /repo/ws/install/lib/python3.12/site-packages/px4/msg/_ackermann_velocity_setpoint.py
[4.083s] -- Up-to-date symlink: /repo/ws/install/lib/python3.12/site-packages/px4/msg/_ackermann_velocity_setpoint_s.c
[4.084s] -- Up-to-date symlink: /repo/ws/install/lib/python3.12/site-packages/px4/msg/_action_request.py
[4.084s] -- Up-to-date symlink: /repo/ws/install/lib/python3.12/site-packages/px4/msg/_action_request_s.c
[4.084s] -- Up-to-date symlink: /repo/ws/install/lib/python3.12/site-packages/px4/msg/_actuator_armed.py
[4.084s] -- Up-to-date symlink: /repo/ws/install/lib/python3.12/site-packages/px4/msg/_actuator_armed_s.c
[4.084s] -- Up-to-date symlink: /repo/ws/install/lib/python3.12/site-packages/px4/msg/_actuator_controls_status.py
[4.084s] -- Up-to-date symlink: /repo/ws/install/lib/python3.12/site-packages/px4/msg/_actuator_controls_status_s.c
[4.085s] -- Up-to-date symlink: /repo/ws/install/lib/python3.12/site-packages/px4/msg/_actuator_motors.py
[4.085s] -- Up-to-date symlink: /repo/ws/install/lib/python3.12/site-packages/px4/msg/_actuator_motors_s.c
[4.085s] -- Up-to-date symlink: /repo/ws/install/lib/python3.12/site-packages/px4/msg/_actuator_outputs.py
[4.085s] -- Up-to-date symlink: /repo/ws/install/lib/python3.12/site-packages/px4/msg/_actuator_outputs_s.c
[4.085s] -- Up-to-date symlink: /repo/ws/install/lib/python3.12/site-packages/px4/msg/_actuator_servos.py
[4.085s] -- Up-to-date symlink: /repo/ws/install/lib/python3.12/site-packages/px4/msg/_actuator_servos_s.c
[4.085s] -- Up-to-date symlink: /repo/ws/install/lib/python3.12/site-packages/px4/msg/_actuator_servos_trim.py
[4.085s] -- Up-to-date symlink: /repo/ws/install/lib/python3.12/site-packages/px4/msg/_actuator_servos_trim_s.c
[4.086s] -- Up-to-date symlink: /repo/ws/install/lib/python3.12/site-packages/px4/msg/_actuator_test.py
[4.086s] -- Up-to-date symlink: /repo/ws/install/lib/python3.12/site-packages/px4/msg/_actuator_test_s.c
[4.086s] -- Up-to-date symlink: /repo/ws/install/lib/python3.12/site-packages/px4/msg/_adc_report.py
[4.086s] -- Up-to-date symlink: /repo/ws/install/lib/python3.12/site-packages/px4/msg/_adc_report_s.c
[4.086s] -- Up-to-date symlink: /repo/ws/install/lib/python3.12/site-packages/px4/msg/_airspeed.py
[4.086s] -- Up-to-date symlink: /repo/ws/install/lib/python3.12/site-packages/px4/msg/_airspeed_s.c
[4.086s] -- Up-to-date symlink: /repo/ws/install/lib/python3.12/site-packages/px4/msg/_airspeed_validated.py
[4.087s] -- Up-to-date symlink: /repo/ws/install/lib/python3.12/site-packages/px4/msg/_airspeed_validated_s.c
[4.087s] -- Up-to-date symlink: /repo/ws/install/lib/python3.12/site-packages/px4/msg/_airspeed_wind.py
[4.087s] -- Up-to-date symlink: /repo/ws/install/lib/python3.12/site-packages/px4/msg/_airspeed_wind_s.c
[4.087s] -- Up-to-date symlink: /repo/ws/install/lib/python3.12/site-packages/px4/msg/_arming_check_reply.py
[4.087s] -- Up-to-date symlink: /repo/ws/install/lib/python3.12/site-packages/px4/msg/_arming_check_reply_s.c
[4.087s] -- Up-to-date symlink: /repo/ws/install/lib/python3.12/site-packages/px4/msg/_arming_check_request.py
[4.088s] -- Up-to-date symlink: /repo/ws/install/lib/python3.12/site-packages/px4/msg/_arming_check_request_s.c
[4.088s] -- Up-to-date symlink: /repo/ws/install/lib/python3.12/site-packages/px4/msg/_autotune_attitude_control_status.py
[4.088s] -- Up-to-date symlink: /repo/ws/install/lib/python3.12/site-packages/px4/msg/_autotune_attitude_control_status_s.c
[4.088s] -- Up-to-date symlink: /repo/ws/install/lib/python3.12/site-packages/px4/msg/_battery_status.py
[4.088s] -- Up-to-date symlink: /repo/ws/install/lib/python3.12/site-packages/px4/msg/_battery_status_s.c
[4.088s] -- Up-to-date symlink: /repo/ws/install/lib/python3.12/site-packages/px4/msg/_button_event.py
[4.088s] -- Up-to-date symlink: /repo/ws/install/lib/python3.12/site-packages/px4/msg/_button_event_s.c
[4.089s] -- Up-to-date symlink: /repo/ws/install/lib/python3.12/site-packages/px4/msg/_camera_capture.py
[4.089s] -- Up-to-date symlink: /repo/ws/install/lib/python3.12/site-packages/px4/msg/_camera_capture_s.c
[4.089s] -- Up-to-date symlink: /repo/ws/install/lib/python3.12/site-packages/px4/msg/_camera_status.py
[4.089s] -- Up-to-date symlink: /repo/ws/install/lib/python3.12/site-packages/px4/msg/_camera_status_s.c
[4.089s] -- Up-to-date symlink: /repo/ws/install/lib/python3.12/site-packages/px4/msg/_camera_trigger.py
[4.089s] -- Up-to-date symlink: /repo/ws/install/lib/python3.12/site-packages/px4/msg/_camera_trigger_s.c
[4.090s] -- Up-to-date symlink: /repo/ws/install/lib/python3.12/site-packages/px4/msg/_can_interface_status.py
[4.090s] -- Up-to-date symlink: /repo/ws/install/lib/python3.12/site-packages/px4/msg/_can_interface_status_s.c
[4.090s] -- Up-to-date symlink: /repo/ws/install/lib/python3.12/site-packages/px4/msg/_cellular_status.py
[4.090s] -- Up-to-date symlink: /repo/ws/install/lib/python3.12/site-packages/px4/msg/_cellular_status_s.c
[4.090s] -- Up-to-date symlink: /repo/ws/install/lib/python3.12/site-packages/px4/msg/_collision_constraints.py
[4.090s] -- Up-to-date symlink: /repo/ws/install/lib/python3.12/site-packages/px4/msg/_collision_constraints_s.c
[4.091s] -- Up-to-date symlink: /repo/ws/install/lib/python3.12/site-packages/px4/msg/_config_overrides.py
[4.091s] -- Up-to-date symlink: /repo/ws/install/lib/python3.12/site-packages/px4/msg/_config_overrides_s.c
[4.091s] -- Up-to-date symlink: /repo/ws/install/lib/python3.12/site-packages/px4/msg/_control_allocator_status.py
[4.091s] -- Up-to-date symlink: /repo/ws/install/lib/python3.12/site-packages/px4/msg/_control_allocator_status_s.c
[4.091s] -- Up-to-date symlink: /repo/ws/install/lib/python3.12/site-packages/px4/msg/_cpuload.py
[4.091s] -- Up-to-date symlink: /repo/ws/install/lib/python3.12/site-packages/px4/msg/_cpuload_s.c
[4.091s] -- Up-to-date symlink: /repo/ws/install/lib/python3.12/site-packages/px4/msg/_dataman_request.py
[4.092s] -- Up-to-date symlink: /repo/ws/install/lib/python3.12/site-packages/px4/msg/_dataman_request_s.c
[4.092s] -- Up-to-date symlink: /repo/ws/install/lib/python3.12/site-packages/px4/msg/_dataman_response.py
[4.092s] -- Up-to-date symlink: /repo/ws/install/lib/python3.12/site-packages/px4/msg/_dataman_response_s.c
[4.092s] -- Up-to-date symlink: /repo/ws/install/lib/python3.12/site-packages/px4/msg/_debug_array.py
[4.092s] -- Up-to-date symlink: /repo/ws/install/lib/python3.12/site-packages/px4/msg/_debug_array_s.c
[4.092s] -- Up-to-date symlink: /repo/ws/install/lib/python3.12/site-packages/px4/msg/_debug_key_value.py
[4.093s] -- Up-to-date symlink: /repo/ws/install/lib/python3.12/site-packages/px4/msg/_debug_key_value_s.c
[4.093s] -- Up-to-date symlink: /repo/ws/install/lib/python3.12/site-packages/px4/msg/_debug_value.py
[4.093s] -- Up-to-date symlink: /repo/ws/install/lib/python3.12/site-packages/px4/msg/_debug_value_s.c
[4.093s] -- Up-to-date symlink: /repo/ws/install/lib/python3.12/site-packages/px4/msg/_debug_vect.py
[4.093s] -- Up-to-date symlink: /repo/ws/install/lib/python3.12/site-packages/px4/msg/_debug_vect_s.c
[4.093s] -- Up-to-date symlink: /repo/ws/install/lib/python3.12/site-packages/px4/msg/_differential_pressure.py
[4.093s] -- Up-to-date symlink: /repo/ws/install/lib/python3.12/site-packages/px4/msg/_differential_pressure_s.c
[4.094s] -- Up-to-date symlink: /repo/ws/install/lib/python3.12/site-packages/px4/msg/_differential_velocity_setpoint.py
[4.094s] -- Up-to-date symlink: /repo/ws/install/lib/python3.12/site-packages/px4/msg/_differential_velocity_setpoint_s.c
[4.094s] -- Up-to-date symlink: /repo/ws/install/lib/python3.12/site-packages/px4/msg/_distance_sensor.py
[4.094s] -- Up-to-date symlink: /repo/ws/install/lib/python3.12/site-packages/px4/msg/_distance_sensor_mode_change_request.py
[4.094s] -- Up-to-date symlink: /repo/ws/install/lib/python3.12/site-packages/px4/msg/_distance_sensor_mode_change_request_s.c
[4.094s] -- Up-to-date symlink: /repo/ws/install/lib/python3.12/site-packages/px4/msg/_distance_sensor_s.c
[4.095s] -- Up-to-date symlink: /repo/ws/install/lib/python3.12/site-packages/px4/msg/_ekf2_timestamps.py
[4.095s] -- Up-to-date symlink: /repo/ws/install/lib/python3.12/site-packages/px4/msg/_ekf2_timestamps_s.c
[4.095s] -- Up-to-date symlink: /repo/ws/install/lib/python3.12/site-packages/px4/msg/_esc_report.py
[4.095s] -- Up-to-date symlink: /repo/ws/install/lib/python3.12/site-packages/px4/msg/_esc_report_s.c
[4.095s] -- Up-to-date symlink: /repo/ws/install/lib/python3.12/site-packages/px4/msg/_esc_status.py
[4.095s] -- Up-to-date symlink: /repo/ws/install/lib/python3.12/site-packages/px4/msg/_esc_status_s.c
[4.096s] -- Up-to-date symlink: /repo/ws/install/lib/python3.12/site-packages/px4/msg/_estimator_aid_source1d.py
[4.096s] -- Up-to-date symlink: /repo/ws/install/lib/python3.12/site-packages/px4/msg/_estimator_aid_source1d_s.c
[4.096s] -- Up-to-date symlink: /repo/ws/install/lib/python3.12/site-packages/px4/msg/_estimator_aid_source2d.py
[4.096s] -- Up-to-date symlink: /repo/ws/install/lib/python3.12/site-packages/px4/msg/_estimator_aid_source2d_s.c
[4.096s] -- Up-to-date symlink: /repo/ws/install/lib/python3.12/site-packages/px4/msg/_estimator_aid_source3d.py
[4.097s] -- Up-to-date symlink: /repo/ws/install/lib/python3.12/site-packages/px4/msg/_estimator_aid_source3d_s.c
[4.097s] -- Up-to-date symlink: /repo/ws/install/lib/python3.12/site-packages/px4/msg/_estimator_bias.py
[4.097s] -- Up-to-date symlink: /repo/ws/install/lib/python3.12/site-packages/px4/msg/_estimator_bias3d.py
[4.097s] -- Up-to-date symlink: /repo/ws/install/lib/python3.12/site-packages/px4/msg/_estimator_bias3d_s.c
[4.097s] -- Up-to-date symlink: /repo/ws/install/lib/python3.12/site-packages/px4/msg/_estimator_bias_s.c
[4.097s] -- Up-to-date symlink: /repo/ws/install/lib/python3.12/site-packages/px4/msg/_estimator_event_flags.py
[4.098s] -- Up-to-date symlink: /repo/ws/install/lib/python3.12/site-packages/px4/msg/_estimator_event_flags_s.c
[4.098s] -- Up-to-date symlink: /repo/ws/install/lib/python3.12/site-packages/px4/msg/_estimator_gps_status.py
[4.098s] -- Up-to-date symlink: /repo/ws/install/lib/python3.12/site-packages/px4/msg/_estimator_gps_status_s.c
[4.098s] -- Up-to-date symlink: /repo/ws/install/lib/python3.12/site-packages/px4/msg/_estimator_innovations.py
[4.098s] -- Up-to-date symlink: /repo/ws/install/lib/python3.12/site-packages/px4/msg/_estimator_innovations_s.c
[4.099s] -- Up-to-date symlink: /repo/ws/install/lib/python3.12/site-packages/px4/msg/_estimator_selector_status.py
[4.099s] -- Up-to-date symlink: /repo/ws/install/lib/python3.12/site-packages/px4/msg/_estimator_selector_status_s.c
[4.099s] -- Up-to-date symlink: /repo/ws/install/lib/python3.12/site-packages/px4/msg/_estimator_sensor_bias.py
[4.099s] -- Up-to-date symlink: /repo/ws/install/lib/python3.12/site-packages/px4/msg/_estimator_sensor_bias_s.c
[4.099s] -- Up-to-date symlink: /repo/ws/install/lib/python3.12/site-packages/px4/msg/_estimator_states.py
[4.099s] -- Up-to-date symlink: /repo/ws/install/lib/python3.12/site-packages/px4/msg/_estimator_states_s.c
[4.100s] -- Up-to-date symlink: /repo/ws/install/lib/python3.12/site-packages/px4/msg/_estimator_status.py
[4.100s] -- Up-to-date symlink: /repo/ws/install/lib/python3.12/site-packages/px4/msg/_estimator_status_flags.py
[4.100s] -- Up-to-date symlink: /repo/ws/install/lib/python3.12/site-packages/px4/msg/_estimator_status_flags_s.c
[4.100s] -- Up-to-date symlink: /repo/ws/install/lib/python3.12/site-packages/px4/msg/_estimator_status_s.c
[4.100s] -- Up-to-date symlink: /repo/ws/install/lib/python3.12/site-packages/px4/msg/_event.py
[4.100s] -- Up-to-date symlink: /repo/ws/install/lib/python3.12/site-packages/px4/msg/_event_s.c
[4.101s] -- Up-to-date symlink: /repo/ws/install/lib/python3.12/site-packages/px4/msg/_failsafe_flags.py
[4.101s] -- Up-to-date symlink: /repo/ws/install/lib/python3.12/site-packages/px4/msg/_failsafe_flags_s.c
[4.101s] -- Up-to-date symlink: /repo/ws/install/lib/python3.12/site-packages/px4/msg/_failure_detector_status.py
[4.101s] -- Up-to-date symlink: /repo/ws/install/lib/python3.12/site-packages/px4/msg/_failure_detector_status_s.c
[4.101s] -- Up-to-date symlink: /repo/ws/install/lib/python3.12/site-packages/px4/msg/_figure_eight_status.py
[4.101s] -- Up-to-date symlink: /repo/ws/install/lib/python3.12/site-packages/px4/msg/_figure_eight_status_s.c
[4.102s] -- Up-to-date symlink: /repo/ws/install/lib/python3.12/site-packages/px4/msg/_flight_phase_estimation.py
[4.102s] -- Up-to-date symlink: /repo/ws/install/lib/python3.12/site-packages/px4/msg/_flight_phase_estimation_s.c
[4.102s] -- Up-to-date symlink: /repo/ws/install/lib/python3.12/site-packages/px4/msg/_follow_target.py
[4.102s] -- Up-to-date symlink: /repo/ws/install/lib/python3.12/site-packages/px4/msg/_follow_target_estimator.py
[4.102s] -- Up-to-date symlink: /repo/ws/install/lib/python3.12/site-packages/px4/msg/_follow_target_estimator_s.c
[4.102s] -- Up-to-date symlink: /repo/ws/install/lib/python3.12/site-packages/px4/msg/_follow_target_s.c
[4.103s] -- Up-to-date symlink: /repo/ws/install/lib/python3.12/site-packages/px4/msg/_follow_target_status.py
[4.103s] -- Up-to-date symlink: /repo/ws/install/lib/python3.12/site-packages/px4/msg/_follow_target_status_s.c
[4.103s] -- Up-to-date symlink: /repo/ws/install/lib/python3.12/site-packages/px4/msg/_fuel_tank_status.py
[4.103s] -- Up-to-date symlink: /repo/ws/install/lib/python3.12/site-packages/px4/msg/_fuel_tank_status_s.c
[4.103s] -- Up-to-date symlink: /repo/ws/install/lib/python3.12/site-packages/px4/msg/_generator_status.py
[4.104s] -- Up-to-date symlink: /repo/ws/install/lib/python3.12/site-packages/px4/msg/_generator_status_s.c
[4.104s] -- Up-to-date symlink: /repo/ws/install/lib/python3.12/site-packages/px4/msg/_geofence_result.py
[4.104s] -- Up-to-date symlink: /repo/ws/install/lib/python3.12/site-packages/px4/msg/_geofence_result_s.c
[4.104s] -- Up-to-date symlink: /repo/ws/install/lib/python3.12/site-packages/px4/msg/_geofence_status.py
[4.104s] -- Up-to-date symlink: /repo/ws/install/lib/python3.12/site-packages/px4/msg/_geofence_status_s.c
[4.104s] -- Up-to-date symlink: /repo/ws/install/lib/python3.12/site-packages/px4/msg/_gimbal_controls.py
[4.105s] -- Up-to-date symlink: /repo/ws/install/lib/python3.12/site-packages/px4/msg/_gimbal_controls_s.c
[4.105s] -- Up-to-date symlink: /repo/ws/install/lib/python3.12/site-packages/px4/msg/_gimbal_device_attitude_status.py
[4.105s] -- Up-to-date symlink: /repo/ws/install/lib/python3.12/site-packages/px4/msg/_gimbal_device_attitude_status_s.c
[4.105s] -- Up-to-date symlink: /repo/ws/install/lib/python3.12/site-packages/px4/msg/_gimbal_device_information.py
[4.105s] -- Up-to-date symlink: /repo/ws/install/lib/python3.12/site-packages/px4/msg/_gimbal_device_information_s.c
[4.105s] -- Up-to-date symlink: /repo/ws/install/lib/python3.12/site-packages/px4/msg/_gimbal_device_set_attitude.py
[4.105s] -- Up-to-date symlink: /repo/ws/install/lib/python3.12/site-packages/px4/msg/_gimbal_device_set_attitude_s.c
[4.106s] -- Up-to-date symlink: /repo/ws/install/lib/python3.12/site-packages/px4/msg/_gimbal_manager_information.py
[4.106s] -- Up-to-date symlink: /repo/ws/install/lib/python3.12/site-packages/px4/msg/_gimbal_manager_information_s.c
[4.106s] -- Up-to-date symlink: /repo/ws/install/lib/python3.12/site-packages/px4/msg/_gimbal_manager_set_attitude.py
[4.106s] -- Up-to-date symlink: /repo/ws/install/lib/python3.12/site-packages/px4/msg/_gimbal_manager_set_attitude_s.c
[4.106s] -- Up-to-date symlink: /repo/ws/install/lib/python3.12/site-packages/px4/msg/_gimbal_manager_set_manual_control.py
[4.106s] -- Up-to-date symlink: /repo/ws/install/lib/python3.12/site-packages/px4/msg/_gimbal_manager_set_manual_control_s.c
[4.106s] -- Up-to-date symlink: /repo/ws/install/lib/python3.12/site-packages/px4/msg/_gimbal_manager_status.py
[4.107s] -- Up-to-date symlink: /repo/ws/install/lib/python3.12/site-packages/px4/msg/_gimbal_manager_status_s.c
[4.107s] -- Up-to-date symlink: /repo/ws/install/lib/python3.12/site-packages/px4/msg/_goto_setpoint.py
[4.107s] -- Up-to-date symlink: /repo/ws/install/lib/python3.12/site-packages/px4/msg/_goto_setpoint_s.c
[4.107s] -- Up-to-date symlink: /repo/ws/install/lib/python3.12/site-packages/px4/msg/_gpio_config.py
[4.107s] -- Up-to-date symlink: /repo/ws/install/lib/python3.12/site-packages/px4/msg/_gpio_config_s.c
[4.108s] -- Up-to-date symlink: /repo/ws/install/lib/python3.12/site-packages/px4/msg/_gpio_in.py
[4.108s] -- Up-to-date symlink: /repo/ws/install/lib/python3.12/site-packages/px4/msg/_gpio_in_s.c
[4.108s] -- Up-to-date symlink: /repo/ws/install/lib/python3.12/site-packages/px4/msg/_gpio_out.py
[4.108s] -- Up-to-date symlink: /repo/ws/install/lib/python3.12/site-packages/px4/msg/_gpio_out_s.c
[4.108s] -- Up-to-date symlink: /repo/ws/install/lib/python3.12/site-packages/px4/msg/_gpio_request.py
[4.108s] -- Up-to-date symlink: /repo/ws/install/lib/python3.12/site-packages/px4/msg/_gpio_request_s.c
[4.108s] -- Up-to-date symlink: /repo/ws/install/lib/python3.12/site-packages/px4/msg/_gps_dump.py
[4.108s] -- Up-to-date symlink: /repo/ws/install/lib/python3.12/site-packages/px4/msg/_gps_dump_s.c
[4.109s] -- Up-to-date symlink: /repo/ws/install/lib/python3.12/site-packages/px4/msg/_gps_inject_data.py
[4.109s] -- Up-to-date symlink: /repo/ws/install/lib/python3.12/site-packages/px4/msg/_gps_inject_data_s.c
[4.109s] -- Up-to-date symlink: /repo/ws/install/lib/python3.12/site-packages/px4/msg/_gripper.py
[4.109s] -- Up-to-date symlink: /repo/ws/install/lib/python3.12/site-packages/px4/msg/_gripper_s.c
[4.109s] -- Up-to-date symlink: /repo/ws/install/lib/python3.12/site-packages/px4/msg/_health_report.py
[4.109s] -- Up-to-date symlink: /repo/ws/install/lib/python3.12/site-packages/px4/msg/_health_report_s.c
[4.110s] -- Up-to-date symlink: /repo/ws/install/lib/python3.12/site-packages/px4/msg/_heater_status.py
[4.110s] -- Up-to-date symlink: /repo/ws/install/lib/python3.12/site-packages/px4/msg/_heater_status_s.c
[4.110s] -- Up-to-date symlink: /repo/ws/install/lib/python3.12/site-packages/px4/msg/_home_position.py
[4.111s] -- Up-to-date symlink: /repo/ws/install/lib/python3.12/site-packages/px4/msg/_home_position_s.c
[4.111s] -- Up-to-date symlink: /repo/ws/install/lib/python3.12/site-packages/px4/msg/_hover_thrust_estimate.py
[4.111s] -- Up-to-date symlink: /repo/ws/install/lib/python3.12/site-packages/px4/msg/_hover_thrust_estimate_s.c
[4.111s] -- Up-to-date symlink: /repo/ws/install/lib/python3.12/site-packages/px4/msg/_input_rc.py
[4.112s] -- Up-to-date symlink: /repo/ws/install/lib/python3.12/site-packages/px4/msg/_input_rc_s.c
[4.112s] -- Up-to-date symlink: /repo/ws/install/lib/python3.12/site-packages/px4/msg/_internal_combustion_engine_control.py
[4.112s] -- Up-to-date symlink: /repo/ws/install/lib/python3.12/site-packages/px4/msg/_internal_combustion_engine_control_s.c
[4.112s] -- Up-to-date symlink: /repo/ws/install/lib/python3.12/site-packages/px4/msg/_internal_combustion_engine_status.py
[4.112s] -- Up-to-date symlink: /repo/ws/install/lib/python3.12/site-packages/px4/msg/_internal_combustion_engine_status_s.c
[4.112s] -- Up-to-date symlink: /repo/ws/install/lib/python3.12/site-packages/px4/msg/_iridiumsbd_status.py
[4.112s] -- Up-to-date symlink: /repo/ws/install/lib/python3.12/site-packages/px4/msg/_iridiumsbd_status_s.c
[4.113s] -- Up-to-date symlink: /repo/ws/install/lib/python3.12/site-packages/px4/msg/_irlock_report.py
[4.113s] -- Up-to-date symlink: /repo/ws/install/lib/python3.12/site-packages/px4/msg/_irlock_report_s.c
[4.113s] -- Up-to-date symlink: /repo/ws/install/lib/python3.12/site-packages/px4/msg/_landing_gear.py
[4.113s] -- Up-to-date symlink: /repo/ws/install/lib/python3.12/site-packages/px4/msg/_landing_gear_s.c
[4.113s] -- Up-to-date symlink: /repo/ws/install/lib/python3.12/site-packages/px4/msg/_landing_gear_wheel.py
[4.113s] -- Up-to-date symlink: /repo/ws/install/lib/python3.12/site-packages/px4/msg/_landing_gear_wheel_s.c
[4.113s] -- Up-to-date symlink: /repo/ws/install/lib/python3.12/site-packages/px4/msg/_landing_target_innovations.py
[4.113s] -- Up-to-date symlink: /repo/ws/install/lib/python3.12/site-packages/px4/msg/_landing_target_innovations_s.c
[4.114s] -- Up-to-date symlink: /repo/ws/install/lib/python3.12/site-packages/px4/msg/_landing_target_pose.py
[4.114s] -- Up-to-date symlink: /repo/ws/install/lib/python3.12/site-packages/px4/msg/_landing_target_pose_s.c
[4.114s] -- Up-to-date symlink: /repo/ws/install/lib/python3.12/site-packages/px4/msg/_launch_detection_status.py
[4.114s] -- Up-to-date symlink: /repo/ws/install/lib/python3.12/site-packages/px4/msg/_launch_detection_status_s.c
[4.114s] -- Up-to-date symlink: /repo/ws/install/lib/python3.12/site-packages/px4/msg/_led_control.py
[4.114s] -- Up-to-date symlink: /repo/ws/install/lib/python3.12/site-packages/px4/msg/_led_control_s.c
[4.114s] -- Up-to-date symlink: /repo/ws/install/lib/python3.12/site-packages/px4/msg/_log_message.py
[4.114s] -- Up-to-date symlink: /repo/ws/install/lib/python3.12/site-packages/px4/msg/_log_message_s.c
[4.115s] -- Up-to-date symlink: /repo/ws/install/lib/python3.12/site-packages/px4/msg/_logger_status.py
[4.115s] -- Up-to-date symlink: /repo/ws/install/lib/python3.12/site-packages/px4/msg/_logger_status_s.c
[4.115s] -- Up-to-date symlink: /repo/ws/install/lib/python3.12/site-packages/px4/msg/_mag_worker_data.py
[4.115s] -- Up-to-date symlink: /repo/ws/install/lib/python3.12/site-packages/px4/msg/_mag_worker_data_s.c
[4.115s] -- Up-to-date symlink: /repo/ws/install/lib/python3.12/site-packages/px4/msg/_magnetometer_bias_estimate.py
[4.115s] -- Up-to-date symlink: /repo/ws/install/lib/python3.12/site-packages/px4/msg/_magnetometer_bias_estimate_s.c
[4.115s] -- Up-to-date symlink: /repo/ws/install/lib/python3.12/site-packages/px4/msg/_manual_control_setpoint.py
[4.116s] -- Up-to-date symlink: /repo/ws/install/lib/python3.12/site-packages/px4/msg/_manual_control_setpoint_s.c
[4.116s] -- Up-to-date symlink: /repo/ws/install/lib/python3.12/site-packages/px4/msg/_manual_control_switches.py
[4.116s] -- Up-to-date symlink: /repo/ws/install/lib/python3.12/site-packages/px4/msg/_manual_control_switches_s.c
[4.116s] -- Up-to-date symlink: /repo/ws/install/lib/python3.12/site-packages/px4/msg/_mavlink_log.py
[4.116s] -- Up-to-date symlink: /repo/ws/install/lib/python3.12/site-packages/px4/msg/_mavlink_log_s.c
[4.116s] -- Up-to-date symlink: /repo/ws/install/lib/python3.12/site-packages/px4/msg/_mavlink_tunnel.py
[4.117s] -- Up-to-date symlink: /repo/ws/install/lib/python3.12/site-packages/px4/msg/_mavlink_tunnel_s.c
[4.117s] -- Up-to-date symlink: /repo/ws/install/lib/python3.12/site-packages/px4/msg/_message_format_request.py
[4.117s] -- Up-to-date symlink: /repo/ws/install/lib/python3.12/site-packages/px4/msg/_message_format_request_s.c
[4.117s] -- Up-to-date symlink: /repo/ws/install/lib/python3.12/site-packages/px4/msg/_message_format_response.py
[4.117s] -- Up-to-date symlink: /repo/ws/install/lib/python3.12/site-packages/px4/msg/_message_format_response_s.c
[4.118s] -- Up-to-date symlink: /repo/ws/install/lib/python3.12/site-packages/px4/msg/_mission.py
[4.118s] -- Up-to-date symlink: /repo/ws/install/lib/python3.12/site-packages/px4/msg/_mission_result.py
[4.118s] -- Up-to-date symlink: /repo/ws/install/lib/python3.12/site-packages/px4/msg/_mission_result_s.c
[4.118s] -- Up-to-date symlink: /repo/ws/install/lib/python3.12/site-packages/px4/msg/_mission_s.c
[4.118s] -- Up-to-date symlink: /repo/ws/install/lib/python3.12/site-packages/px4/msg/_mode_completed.py
[4.118s] -- Up-to-date symlink: /repo/ws/install/lib/python3.12/site-packages/px4/msg/_mode_completed_s.c
[4.119s] -- Up-to-date symlink: /repo/ws/install/lib/python3.12/site-packages/px4/msg/_mount_orientation.py
[4.119s] -- Up-to-date symlink: /repo/ws/install/lib/python3.12/site-packages/px4/msg/_mount_orientation_s.c
[4.119s] -- Up-to-date symlink: /repo/ws/install/lib/python3.12/site-packages/px4/msg/_navigator_mission_item.py
[4.119s] -- Up-to-date symlink: /repo/ws/install/lib/python3.12/site-packages/px4/msg/_navigator_mission_item_s.c
[4.119s] -- Up-to-date symlink: /repo/ws/install/lib/python3.12/site-packages/px4/msg/_navigator_status.py
[4.119s] -- Up-to-date symlink: /repo/ws/install/lib/python3.12/site-packages/px4/msg/_navigator_status_s.c
[4.120s] -- Up-to-date symlink: /repo/ws/install/lib/python3.12/site-packages/px4/msg/_normalized_unsigned_setpoint.py
[4.120s] -- Up-to-date symlink: /repo/ws/install/lib/python3.12/site-packages/px4/msg/_normalized_unsigned_setpoint_s.c
[4.120s] -- Up-to-date symlink: /repo/ws/install/lib/python3.12/site-packages/px4/msg/_npfg_status.py
[4.120s] -- Up-to-date symlink: /repo/ws/install/lib/python3.12/site-packages/px4/msg/_npfg_status_s.c
[4.120s] -- Up-to-date symlink: /repo/ws/install/lib/python3.12/site-packages/px4/msg/_obstacle_distance.py
[4.120s] -- Up-to-date symlink: /repo/ws/install/lib/python3.12/site-packages/px4/msg/_obstacle_distance_s.c
[4.120s] -- Up-to-date symlink: /repo/ws/install/lib/python3.12/site-packages/px4/msg/_offboard_control_mode.py
[4.121s] -- Up-to-date symlink: /repo/ws/install/lib/python3.12/site-packages/px4/msg/_offboard_control_mode_s.c
[4.121s] -- Up-to-date symlink: /repo/ws/install/lib/python3.12/site-packages/px4/msg/_onboard_computer_status.py
[4.121s] -- Up-to-date symlink: /repo/ws/install/lib/python3.12/site-packages/px4/msg/_onboard_computer_status_s.c
[4.121s] -- Up-to-date symlink: /repo/ws/install/lib/python3.12/site-packages/px4/msg/_open_drone_id_arm_status.py
[4.121s] -- Up-to-date symlink: /repo/ws/install/lib/python3.12/site-packages/px4/msg/_open_drone_id_arm_status_s.c
[4.121s] -- Up-to-date symlink: /repo/ws/install/lib/python3.12/site-packages/px4/msg/_open_drone_id_operator_id.py
[4.121s] -- Up-to-date symlink: /repo/ws/install/lib/python3.12/site-packages/px4/msg/_open_drone_id_operator_id_s.c
[4.122s] -- Up-to-date symlink: /repo/ws/install/lib/python3.12/site-packages/px4/msg/_open_drone_id_self_id.py
[4.122s] -- Up-to-date symlink: /repo/ws/install/lib/python3.12/site-packages/px4/msg/_open_drone_id_self_id_s.c
[4.122s] -- Up-to-date symlink: /repo/ws/install/lib/python3.12/site-packages/px4/msg/_open_drone_id_system.py
[4.122s] -- Up-to-date symlink: /repo/ws/install/lib/python3.12/site-packages/px4/msg/_open_drone_id_system_s.c
[4.122s] -- Up-to-date symlink: /repo/ws/install/lib/python3.12/site-packages/px4/msg/_orb_test.py
[4.122s] -- Up-to-date symlink: /repo/ws/install/lib/python3.12/site-packages/px4/msg/_orb_test_large.py
[4.123s] -- Up-to-date symlink: /repo/ws/install/lib/python3.12/site-packages/px4/msg/_orb_test_large_s.c
[4.123s] -- Up-to-date symlink: /repo/ws/install/lib/python3.12/site-packages/px4/msg/_orb_test_medium.py
[4.123s] -- Up-to-date symlink: /repo/ws/install/lib/python3.12/site-packages/px4/msg/_orb_test_medium_s.c
[4.123s] -- Up-to-date symlink: /repo/ws/install/lib/python3.12/site-packages/px4/msg/_orb_test_s.c
[4.123s] -- Up-to-date symlink: /repo/ws/install/lib/python3.12/site-packages/px4/msg/_orbit_status.py
[4.123s] -- Up-to-date symlink: /repo/ws/install/lib/python3.12/site-packages/px4/msg/_orbit_status_s.c
[4.123s] -- Up-to-date symlink: /repo/ws/install/lib/python3.12/site-packages/px4/msg/_parameter_reset_request.py
[4.124s] -- Up-to-date symlink: /repo/ws/install/lib/python3.12/site-packages/px4/msg/_parameter_reset_request_s.c
[4.124s] -- Up-to-date symlink: /repo/ws/install/lib/python3.12/site-packages/px4/msg/_parameter_set_used_request.py
[4.124s] -- Up-to-date symlink: /repo/ws/install/lib/python3.12/site-packages/px4/msg/_parameter_set_used_request_s.c
[4.124s] -- Up-to-date symlink: /repo/ws/install/lib/python3.12/site-packages/px4/msg/_parameter_set_value_request.py
[4.124s] -- Up-to-date symlink: /repo/ws/install/lib/python3.12/site-packages/px4/msg/_parameter_set_value_request_s.c
[4.125s] -- Up-to-date symlink: /repo/ws/install/lib/python3.12/site-packages/px4/msg/_parameter_set_value_response.py
[4.125s] -- Up-to-date symlink: /repo/ws/install/lib/python3.12/site-packages/px4/msg/_parameter_set_value_response_s.c
[4.125s] -- Up-to-date symlink: /repo/ws/install/lib/python3.12/site-packages/px4/msg/_parameter_update.py
[4.125s] -- Up-to-date symlink: /repo/ws/install/lib/python3.12/site-packages/px4/msg/_parameter_update_s.c
[4.125s] -- Up-to-date symlink: /repo/ws/install/lib/python3.12/site-packages/px4/msg/_ping.py
[4.126s] -- Up-to-date symlink: /repo/ws/install/lib/python3.12/site-packages/px4/msg/_ping_s.c
[4.126s] -- Up-to-date symlink: /repo/ws/install/lib/python3.12/site-packages/px4/msg/_position_controller_landing_status.py
[4.126s] -- Up-to-date symlink: /repo/ws/install/lib/python3.12/site-packages/px4/msg/_position_controller_landing_status_s.c
[4.126s] -- Up-to-date symlink: /repo/ws/install/lib/python3.12/site-packages/px4/msg/_position_controller_status.py
[4.126s] -- Up-to-date symlink: /repo/ws/install/lib/python3.12/site-packages/px4/msg/_position_controller_status_s.c
[4.127s] -- Up-to-date symlink: /repo/ws/install/lib/python3.12/site-packages/px4/msg/_position_setpoint.py
[4.127s] -- Up-to-date symlink: /repo/ws/install/lib/python3.12/site-packages/px4/msg/_position_setpoint_s.c
[4.127s] -- Up-to-date symlink: /repo/ws/install/lib/python3.12/site-packages/px4/msg/_position_setpoint_triplet.py
[4.128s] -- Up-to-date symlink: /repo/ws/install/lib/python3.12/site-packages/px4/msg/_position_setpoint_triplet_s.c
[4.128s] -- Up-to-date symlink: /repo/ws/install/lib/python3.12/site-packages/px4/msg/_power_button_state.py
[4.128s] -- Up-to-date symlink: /repo/ws/install/lib/python3.12/site-packages/px4/msg/_power_button_state_s.c
[4.128s] -- Up-to-date symlink: /repo/ws/install/lib/python3.12/site-packages/px4/msg/_power_monitor.py
[4.129s] -- Up-to-date symlink: /repo/ws/install/lib/python3.12/site-packages/px4/msg/_power_monitor_s.c
[4.129s] -- Up-to-date symlink: /repo/ws/install/lib/python3.12/site-packages/px4/msg/_pps_capture.py
[4.129s] -- Up-to-date symlink: /repo/ws/install/lib/python3.12/site-packages/px4/msg/_pps_capture_s.c
[4.129s] -- Up-to-date symlink: /repo/ws/install/lib/python3.12/site-packages/px4/msg/_pure_pursuit_status.py
[4.129s] -- Up-to-date symlink: /repo/ws/install/lib/python3.12/site-packages/px4/msg/_pure_pursuit_status_s.c
[4.129s] -- Up-to-date symlink: /repo/ws/install/lib/python3.12/site-packages/px4/msg/_pwm_input.py
[4.129s] -- Up-to-date symlink: /repo/ws/install/lib/python3.12/site-packages/px4/msg/_pwm_input_s.c
[4.129s] -- Up-to-date symlink: /repo/ws/install/lib/python3.12/site-packages/px4/msg/_px4io_status.py
[4.130s] -- Up-to-date symlink: /repo/ws/install/lib/python3.12/site-packages/px4/msg/_px4io_status_s.c
[4.130s] -- Up-to-date symlink: /repo/ws/install/lib/python3.12/site-packages/px4/msg/_qshell_req.py
[4.130s] -- Up-to-date symlink: /repo/ws/install/lib/python3.12/site-packages/px4/msg/_qshell_req_s.c
[4.130s] -- Up-to-date symlink: /repo/ws/install/lib/python3.12/site-packages/px4/msg/_qshell_retval.py
[4.130s] -- Up-to-date symlink: /repo/ws/install/lib/python3.12/site-packages/px4/msg/_qshell_retval_s.c
[4.130s] -- Up-to-date symlink: /repo/ws/install/lib/python3.12/site-packages/px4/msg/_radio_status.py
[4.130s] -- Up-to-date symlink: /repo/ws/install/lib/python3.12/site-packages/px4/msg/_radio_status_s.c
[4.130s] -- Up-to-date symlink: /repo/ws/install/lib/python3.12/site-packages/px4/msg/_rate_ctrl_status.py
[4.130s] -- Up-to-date symlink: /repo/ws/install/lib/python3.12/site-packages/px4/msg/_rate_ctrl_status_s.c
[4.131s] -- Up-to-date symlink: /repo/ws/install/lib/python3.12/site-packages/px4/msg/_rc_channels.py
[4.131s] -- Up-to-date symlink: /repo/ws/install/lib/python3.12/site-packages/px4/msg/_rc_channels_s.c
[4.131s] -- Up-to-date symlink: /repo/ws/install/lib/python3.12/site-packages/px4/msg/_rc_parameter_map.py
[4.131s] -- Up-to-date symlink: /repo/ws/install/lib/python3.12/site-packages/px4/msg/_rc_parameter_map_s.c
[4.131s] -- Up-to-date symlink: /repo/ws/install/lib/python3.12/site-packages/px4/msg/_register_ext_component_reply.py
[4.131s] -- Up-to-date symlink: /repo/ws/install/lib/python3.12/site-packages/px4/msg/_register_ext_component_reply_s.c
[4.131s] -- Up-to-date symlink: /repo/ws/install/lib/python3.12/site-packages/px4/msg/_register_ext_component_request.py
[4.131s] -- Up-to-date symlink: /repo/ws/install/lib/python3.12/site-packages/px4/msg/_register_ext_component_request_s.c
[4.131s] -- Up-to-date symlink: /repo/ws/install/lib/python3.12/site-packages/px4/msg/_rover_attitude_setpoint.py
[4.132s] -- Up-to-date symlink: /repo/ws/install/lib/python3.12/site-packages/px4/msg/_rover_attitude_setpoint_s.c
[4.132s] -- Up-to-date symlink: /repo/ws/install/lib/python3.12/site-packages/px4/msg/_rover_attitude_status.py
[4.132s] -- Up-to-date symlink: /repo/ws/install/lib/python3.12/site-packages/px4/msg/_rover_attitude_status_s.c
[4.132s] -- Up-to-date symlink: /repo/ws/install/lib/python3.12/site-packages/px4/msg/_rover_position_setpoint.py
[4.133s] -- Up-to-date symlink: /repo/ws/install/lib/python3.12/site-packages/px4/msg/_rover_position_setpoint_s.c
[4.133s] -- Up-to-date symlink: /repo/ws/install/lib/python3.12/site-packages/px4/msg/_rover_rate_setpoint.py
[4.133s] -- Up-to-date symlink: /repo/ws/install/lib/python3.12/site-packages/px4/msg/_rover_rate_setpoint_s.c
[4.133s] -- Up-to-date symlink: /repo/ws/install/lib/python3.12/site-packages/px4/msg/_rover_rate_status.py
[4.133s] -- Up-to-date symlink: /repo/ws/install/lib/python3.12/site-packages/px4/msg/_rover_rate_status_s.c
[4.133s] -- Up-to-date symlink: /repo/ws/install/lib/python3.12/site-packages/px4/msg/_rover_steering_setpoint.py
[4.134s] -- Up-to-date symlink: /repo/ws/install/lib/python3.12/site-packages/px4/msg/_rover_steering_setpoint_s.c
[4.134s] -- Up-to-date symlink: /repo/ws/install/lib/python3.12/site-packages/px4/msg/_rover_throttle_setpoint.py
[4.134s] -- Up-to-date symlink: /repo/ws/install/lib/python3.12/site-packages/px4/msg/_rover_throttle_setpoint_s.c
[4.134s] -- Up-to-date symlink: /repo/ws/install/lib/python3.12/site-packages/px4/msg/_rover_velocity_status.py
[4.134s] -- Up-to-date symlink: /repo/ws/install/lib/python3.12/site-packages/px4/msg/_rover_velocity_status_s.c
[4.134s] -- Up-to-date symlink: /repo/ws/install/lib/python3.12/site-packages/px4/msg/_rpm.py
[4.135s] -- Up-to-date symlink: /repo/ws/install/lib/python3.12/site-packages/px4/msg/_rpm_s.c
[4.135s] -- Up-to-date symlink: /repo/ws/install/lib/python3.12/site-packages/px4/msg/_rtl_status.py
[4.135s] -- Up-to-date symlink: /repo/ws/install/lib/python3.12/site-packages/px4/msg/_rtl_status_s.c
[4.135s] -- Up-to-date symlink: /repo/ws/install/lib/python3.12/site-packages/px4/msg/_rtl_time_estimate.py
[4.135s] -- Up-to-date symlink: /repo/ws/install/lib/python3.12/site-packages/px4/msg/_rtl_time_estimate_s.c
[4.136s] -- Up-to-date symlink: /repo/ws/install/lib/python3.12/site-packages/px4/msg/_satellite_info.py
[4.136s] -- Up-to-date symlink: /repo/ws/install/lib/python3.12/site-packages/px4/msg/_satellite_info_s.c
[4.136s] -- Up-to-date symlink: /repo/ws/install/lib/python3.12/site-packages/px4/msg/_sensor_accel.py
[4.136s] -- Up-to-date symlink: /repo/ws/install/lib/python3.12/site-packages/px4/msg/_sensor_accel_fifo.py
[4.136s] -- Up-to-date symlink: /repo/ws/install/lib/python3.12/site-packages/px4/msg/_sensor_accel_fifo_s.c
[4.136s] -- Up-to-date symlink: /repo/ws/install/lib/python3.12/site-packages/px4/msg/_sensor_accel_s.c
[4.136s] -- Up-to-date symlink: /repo/ws/install/lib/python3.12/site-packages/px4/msg/_sensor_airflow.py
[4.137s] -- Up-to-date symlink: /repo/ws/install/lib/python3.12/site-packages/px4/msg/_sensor_airflow_s.c
[4.137s] -- Up-to-date symlink: /repo/ws/install/lib/python3.12/site-packages/px4/msg/_sensor_baro.py
[4.137s] -- Up-to-date symlink: /repo/ws/install/lib/python3.12/site-packages/px4/msg/_sensor_baro_s.c
[4.137s] -- Up-to-date symlink: /repo/ws/install/lib/python3.12/site-packages/px4/msg/_sensor_combined.py
[4.137s] -- Up-to-date symlink: /repo/ws/install/lib/python3.12/site-packages/px4/msg/_sensor_combined_s.c
[4.137s] -- Up-to-date symlink: /repo/ws/install/lib/python3.12/site-packages/px4/msg/_sensor_correction.py
[4.138s] -- Up-to-date symlink: /repo/ws/install/lib/python3.12/site-packages/px4/msg/_sensor_correction_s.c
[4.138s] -- Up-to-date symlink: /repo/ws/install/lib/python3.12/site-packages/px4/msg/_sensor_gnss_relative.py
[4.138s] -- Up-to-date symlink: /repo/ws/install/lib/python3.12/site-packages/px4/msg/_sensor_gnss_relative_s.c
[4.138s] -- Up-to-date symlink: /repo/ws/install/lib/python3.12/site-packages/px4/msg/_sensor_gps.py
[4.138s] -- Up-to-date symlink: /repo/ws/install/lib/python3.12/site-packages/px4/msg/_sensor_gps_s.c
[4.138s] -- Up-to-date symlink: /repo/ws/install/lib/python3.12/site-packages/px4/msg/_sensor_gyro.py
[4.138s] -- Up-to-date symlink: /repo/ws/install/lib/python3.12/site-packages/px4/msg/_sensor_gyro_fft.py
[4.139s] -- Up-to-date symlink: /repo/ws/install/lib/python3.12/site-packages/px4/msg/_sensor_gyro_fft_s.c
[4.139s] -- Up-to-date symlink: /repo/ws/install/lib/python3.12/site-packages/px4/msg/_sensor_gyro_fifo.py
[4.139s] -- Up-to-date symlink: /repo/ws/install/lib/python3.12/site-packages/px4/msg/_sensor_gyro_fifo_s.c
[4.139s] -- Up-to-date symlink: /repo/ws/install/lib/python3.12/site-packages/px4/msg/_sensor_gyro_s.c
[4.139s] -- Up-to-date symlink: /repo/ws/install/lib/python3.12/site-packages/px4/msg/_sensor_hygrometer.py
[4.140s] -- Up-to-date symlink: /repo/ws/install/lib/python3.12/site-packages/px4/msg/_sensor_hygrometer_s.c
[4.140s] -- Up-to-date symlink: /repo/ws/install/lib/python3.12/site-packages/px4/msg/_sensor_mag.py
[4.140s] -- Up-to-date symlink: /repo/ws/install/lib/python3.12/site-packages/px4/msg/_sensor_mag_s.c
[4.140s] -- Up-to-date symlink: /repo/ws/install/lib/python3.12/site-packages/px4/msg/_sensor_optical_flow.py
[4.140s] -- Up-to-date symlink: /repo/ws/install/lib/python3.12/site-packages/px4/msg/_sensor_optical_flow_s.c
[4.141s] -- Up-to-date symlink: /repo/ws/install/lib/python3.12/site-packages/px4/msg/_sensor_preflight_mag.py
[4.141s] -- Up-to-date symlink: /repo/ws/install/lib/python3.12/site-packages/px4/msg/_sensor_preflight_mag_s.c
[4.141s] -- Up-to-date symlink: /repo/ws/install/lib/python3.12/site-packages/px4/msg/_sensor_selection.py
[4.141s] -- Up-to-date symlink: /repo/ws/install/lib/python3.12/site-packages/px4/msg/_sensor_selection_s.c
[4.141s] -- Up-to-date symlink: /repo/ws/install/lib/python3.12/site-packages/px4/msg/_sensor_uwb.py
[4.141s] -- Up-to-date symlink: /repo/ws/install/lib/python3.12/site-packages/px4/msg/_sensor_uwb_s.c
[4.142s] -- Up-to-date symlink: /repo/ws/install/lib/python3.12/site-packages/px4/msg/_sensors_status.py
[4.142s] -- Up-to-date symlink: /repo/ws/install/lib/python3.12/site-packages/px4/msg/_sensors_status_imu.py
[4.142s] -- Up-to-date symlink: /repo/ws/install/lib/python3.12/site-packages/px4/msg/_sensors_status_imu_s.c
[4.142s] -- Up-to-date symlink: /repo/ws/install/lib/python3.12/site-packages/px4/msg/_sensors_status_s.c
[4.142s] -- Up-to-date symlink: /repo/ws/install/lib/python3.12/site-packages/px4/msg/_system_power.py
[4.142s] -- Up-to-date symlink: /repo/ws/install/lib/python3.12/site-packages/px4/msg/_system_power_s.c
[4.142s] -- Up-to-date symlink: /repo/ws/install/lib/python3.12/site-packages/px4/msg/_takeoff_status.py
[4.143s] -- Up-to-date symlink: /repo/ws/install/lib/python3.12/site-packages/px4/msg/_takeoff_status_s.c
[4.143s] -- Up-to-date symlink: /repo/ws/install/lib/python3.12/site-packages/px4/msg/_task_stack_info.py
[4.143s] -- Up-to-date symlink: /repo/ws/install/lib/python3.12/site-packages/px4/msg/_task_stack_info_s.c
[4.143s] -- Up-to-date symlink: /repo/ws/install/lib/python3.12/site-packages/px4/msg/_tecs_status.py
[4.143s] -- Up-to-date symlink: /repo/ws/install/lib/python3.12/site-packages/px4/msg/_tecs_status_s.c
[4.143s] -- Up-to-date symlink: /repo/ws/install/lib/python3.12/site-packages/px4/msg/_telemetry_status.py
[4.144s] -- Up-to-date symlink: /repo/ws/install/lib/python3.12/site-packages/px4/msg/_telemetry_status_s.c
[4.144s] -- Up-to-date symlink: /repo/ws/install/lib/python3.12/site-packages/px4/msg/_tiltrotor_extra_controls.py
[4.144s] -- Up-to-date symlink: /repo/ws/install/lib/python3.12/site-packages/px4/msg/_tiltrotor_extra_controls_s.c
[4.144s] -- Up-to-date symlink: /repo/ws/install/lib/python3.12/site-packages/px4/msg/_timesync_status.py
[4.144s] -- Up-to-date symlink: /repo/ws/install/lib/python3.12/site-packages/px4/msg/_timesync_status_s.c
[4.144s] -- Up-to-date symlink: /repo/ws/install/lib/python3.12/site-packages/px4/msg/_trajectory_setpoint.py
[4.144s] -- Up-to-date symlink: /repo/ws/install/lib/python3.12/site-packages/px4/msg/_trajectory_setpoint6dof.py
[4.145s] -- Up-to-date symlink: /repo/ws/install/lib/python3.12/site-packages/px4/msg/_trajectory_setpoint6dof_s.c
[4.145s] -- Up-to-date symlink: /repo/ws/install/lib/python3.12/site-packages/px4/msg/_trajectory_setpoint_s.c
[4.145s] -- Up-to-date symlink: /repo/ws/install/lib/python3.12/site-packages/px4/msg/_transponder_report.py
[4.145s] -- Up-to-date symlink: /repo/ws/install/lib/python3.12/site-packages/px4/msg/_transponder_report_s.c
[4.145s] -- Up-to-date symlink: /repo/ws/install/lib/python3.12/site-packages/px4/msg/_tune_control.py
[4.145s] -- Up-to-date symlink: /repo/ws/install/lib/python3.12/site-packages/px4/msg/_tune_control_s.c
[4.145s] -- Up-to-date symlink: /repo/ws/install/lib/python3.12/site-packages/px4/msg/_uavcan_parameter_request.py
[4.146s] -- Up-to-date symlink: /repo/ws/install/lib/python3.12/site-packages/px4/msg/_uavcan_parameter_request_s.c
[4.146s] -- Up-to-date symlink: /repo/ws/install/lib/python3.12/site-packages/px4/msg/_uavcan_parameter_value.py
[4.146s] -- Up-to-date symlink: /repo/ws/install/lib/python3.12/site-packages/px4/msg/_uavcan_parameter_value_s.c
[4.146s] -- Up-to-date symlink: /repo/ws/install/lib/python3.12/site-packages/px4/msg/_ulog_stream.py
[4.147s] -- Up-to-date symlink: /repo/ws/install/lib/python3.12/site-packages/px4/msg/_ulog_stream_ack.py
[4.147s] -- Up-to-date symlink: /repo/ws/install/lib/python3.12/site-packages/px4/msg/_ulog_stream_ack_s.c
[4.147s] -- Up-to-date symlink: /repo/ws/install/lib/python3.12/site-packages/px4/msg/_ulog_stream_s.c
[4.147s] -- Up-to-date symlink: /repo/ws/install/lib/python3.12/site-packages/px4/msg/_unregister_ext_component.py
[4.147s] -- Up-to-date symlink: /repo/ws/install/lib/python3.12/site-packages/px4/msg/_unregister_ext_component_s.c
[4.147s] -- Up-to-date symlink: /repo/ws/install/lib/python3.12/site-packages/px4/msg/_vehicle_acceleration.py
[4.148s] -- Up-to-date symlink: /repo/ws/install/lib/python3.12/site-packages/px4/msg/_vehicle_acceleration_s.c
[4.148s] -- Up-to-date symlink: /repo/ws/install/lib/python3.12/site-packages/px4/msg/_vehicle_air_data.py
[4.148s] -- Up-to-date symlink: /repo/ws/install/lib/python3.12/site-packages/px4/msg/_vehicle_air_data_s.c
[4.148s] -- Up-to-date symlink: /repo/ws/install/lib/python3.12/site-packages/px4/msg/_vehicle_angular_acceleration_setpoint.py
[4.148s] -- Up-to-date symlink: /repo/ws/install/lib/python3.12/site-packages/px4/msg/_vehicle_angular_acceleration_setpoint_s.c
[4.148s] -- Up-to-date symlink: /repo/ws/install/lib/python3.12/site-packages/px4/msg/_vehicle_angular_velocity.py
[4.149s] -- Up-to-date symlink: /repo/ws/install/lib/python3.12/site-packages/px4/msg/_vehicle_angular_velocity_s.c
[4.149s] -- Up-to-date symlink: /repo/ws/install/lib/python3.12/site-packages/px4/msg/_vehicle_attitude.py
[4.149s] -- Up-to-date symlink: /repo/ws/install/lib/python3.12/site-packages/px4/msg/_vehicle_attitude_s.c
[4.149s] -- Up-to-date symlink: /repo/ws/install/lib/python3.12/site-packages/px4/msg/_vehicle_attitude_setpoint.py
[4.149s] -- Up-to-date symlink: /repo/ws/install/lib/python3.12/site-packages/px4/msg/_vehicle_attitude_setpoint_s.c
[4.149s] -- Up-to-date symlink: /repo/ws/install/lib/python3.12/site-packages/px4/msg/_vehicle_command.py
[4.149s] -- Up-to-date symlink: /repo/ws/install/lib/python3.12/site-packages/px4/msg/_vehicle_command_ack.py
[4.150s] -- Up-to-date symlink: /repo/ws/install/lib/python3.12/site-packages/px4/msg/_vehicle_command_ack_s.c
[4.150s] -- Up-to-date symlink: /repo/ws/install/lib/python3.12/site-packages/px4/msg/_vehicle_command_s.c
[4.150s] -- Up-to-date symlink: /repo/ws/install/lib/python3.12/site-packages/px4/msg/_vehicle_constraints.py
[4.150s] -- Up-to-date symlink: /repo/ws/install/lib/python3.12/site-packages/px4/msg/_vehicle_constraints_s.c
[4.150s] -- Up-to-date symlink: /repo/ws/install/lib/python3.12/site-packages/px4/msg/_vehicle_control_mode.py
[4.151s] -- Up-to-date symlink: /repo/ws/install/lib/python3.12/site-packages/px4/msg/_vehicle_control_mode_s.c
[4.151s] -- Up-to-date symlink: /repo/ws/install/lib/python3.12/site-packages/px4/msg/_vehicle_global_position.py
[4.151s] -- Up-to-date symlink: /repo/ws/install/lib/python3.12/site-packages/px4/msg/_vehicle_global_position_s.c
[4.151s] -- Up-to-date symlink: /repo/ws/install/lib/python3.12/site-packages/px4/msg/_vehicle_imu.py
[4.151s] -- Up-to-date symlink: /repo/ws/install/lib/python3.12/site-packages/px4/msg/_vehicle_imu_s.c
[4.151s] -- Up-to-date symlink: /repo/ws/install/lib/python3.12/site-packages/px4/msg/_vehicle_imu_status.py
[4.151s] -- Up-to-date symlink: /repo/ws/install/lib/python3.12/site-packages/px4/msg/_vehicle_imu_status_s.c
[4.151s] -- Up-to-date symlink: /repo/ws/install/lib/python3.12/site-packages/px4/msg/_vehicle_land_detected.py
[4.152s] -- Up-to-date symlink: /repo/ws/install/lib/python3.12/site-packages/px4/msg/_vehicle_land_detected_s.c
[4.152s] -- Up-to-date symlink: /repo/ws/install/lib/python3.12/site-packages/px4/msg/_vehicle_local_position.py
[4.152s] -- Up-to-date symlink: /repo/ws/install/lib/python3.12/site-packages/px4/msg/_vehicle_local_position_s.c
[4.152s] -- Up-to-date symlink: /repo/ws/install/lib/python3.12/site-packages/px4/msg/_vehicle_local_position_setpoint.py
[4.152s] -- Up-to-date symlink: /repo/ws/install/lib/python3.12/site-packages/px4/msg/_vehicle_local_position_setpoint_s.c
[4.152s] -- Up-to-date symlink: /repo/ws/install/lib/python3.12/site-packages/px4/msg/_vehicle_magnetometer.py
[4.153s] -- Up-to-date symlink: /repo/ws/install/lib/python3.12/site-packages/px4/msg/_vehicle_magnetometer_s.c
[4.153s] -- Up-to-date symlink: /repo/ws/install/lib/python3.12/site-packages/px4/msg/_vehicle_odometry.py
[4.153s] -- Up-to-date symlink: /repo/ws/install/lib/python3.12/site-packages/px4/msg/_vehicle_odometry_s.c
[4.153s] -- Up-to-date symlink: /repo/ws/install/lib/python3.12/site-packages/px4/msg/_vehicle_optical_flow.py
[4.153s] -- Up-to-date symlink: /repo/ws/install/lib/python3.12/site-packages/px4/msg/_vehicle_optical_flow_s.c
[4.153s] -- Up-to-date symlink: /repo/ws/install/lib/python3.12/site-packages/px4/msg/_vehicle_optical_flow_vel.py
[4.154s] -- Up-to-date symlink: /repo/ws/install/lib/python3.12/site-packages/px4/msg/_vehicle_optical_flow_vel_s.c
[4.154s] -- Up-to-date symlink: /repo/ws/install/lib/python3.12/site-packages/px4/msg/_vehicle_rates_setpoint.py
[4.154s] -- Up-to-date symlink: /repo/ws/install/lib/python3.12/site-packages/px4/msg/_vehicle_rates_setpoint_s.c
[4.154s] -- Up-to-date symlink: /repo/ws/install/lib/python3.12/site-packages/px4/msg/_vehicle_roi.py
[4.154s] -- Up-to-date symlink: /repo/ws/install/lib/python3.12/site-packages/px4/msg/_vehicle_roi_s.c
[4.155s] -- Up-to-date symlink: /repo/ws/install/lib/python3.12/site-packages/px4/msg/_vehicle_status.py
[4.155s] -- Up-to-date symlink: /repo/ws/install/lib/python3.12/site-packages/px4/msg/_vehicle_status_s.c
[4.155s] -- Up-to-date symlink: /repo/ws/install/lib/python3.12/site-packages/px4/msg/_vehicle_thrust_setpoint.py
[4.155s] -- Up-to-date symlink: /repo/ws/install/lib/python3.12/site-packages/px4/msg/_vehicle_thrust_setpoint_s.c
[4.155s] -- Up-to-date symlink: /repo/ws/install/lib/python3.12/site-packages/px4/msg/_vehicle_torque_setpoint.py
[4.156s] -- Up-to-date symlink: /repo/ws/install/lib/python3.12/site-packages/px4/msg/_vehicle_torque_setpoint_s.c
[4.156s] -- Up-to-date symlink: /repo/ws/install/lib/python3.12/site-packages/px4/msg/_velocity_limits.py
[4.156s] -- Up-to-date symlink: /repo/ws/install/lib/python3.12/site-packages/px4/msg/_velocity_limits_s.c
[4.156s] -- Up-to-date symlink: /repo/ws/install/lib/python3.12/site-packages/px4/msg/_vtol_vehicle_status.py
[4.156s] -- Up-to-date symlink: /repo/ws/install/lib/python3.12/site-packages/px4/msg/_vtol_vehicle_status_s.c
[4.156s] -- Up-to-date symlink: /repo/ws/install/lib/python3.12/site-packages/px4/msg/_wheel_encoders.py
[4.156s] -- Up-to-date symlink: /repo/ws/install/lib/python3.12/site-packages/px4/msg/_wheel_encoders_s.c
[4.156s] -- Up-to-date symlink: /repo/ws/install/lib/python3.12/site-packages/px4/msg/_wind.py
[4.157s] -- Up-to-date symlink: /repo/ws/install/lib/python3.12/site-packages/px4/msg/_wind_s.c
[4.157s] -- Up-to-date symlink: /repo/ws/install/lib/python3.12/site-packages/px4/msg/_yaw_estimator_status.py
[4.157s] -- Up-to-date symlink: /repo/ws/install/lib/python3.12/site-packages/px4/msg/_yaw_estimator_status_s.c
[4.158s] -- Up-to-date symlink: /repo/ws/install/lib/python3.12/site-packages/px4/px4_s__rosidl_typesupport_c.so
[4.158s] -- Up-to-date symlink: /repo/ws/install/lib/python3.12/site-packages/px4/px4_s__rosidl_typesupport_fastrtps_c.so
[4.158s] -- Up-to-date symlink: /repo/ws/install/lib/python3.12/site-packages/px4/px4_s__rosidl_typesupport_introspection_c.so
[4.159s] -- Up-to-date symlink: /repo/ws/install/lib/python3.12/site-packages/px4/px4_s__rosidl_typesupport_fastrtps_c.so
[4.159s] -- Up-to-date symlink: /repo/ws/install/lib/python3.12/site-packages/px4/px4_s__rosidl_typesupport_introspection_c.so
[4.159s] -- Up-to-date symlink: /repo/ws/install/lib/python3.12/site-packages/px4/px4_s__rosidl_typesupport_c.so
[4.159s] -- Up-to-date symlink: /repo/ws/install/share/px4/msg/AckermannVelocitySetpoint.idl
[4.159s] -- Up-to-date symlink: /repo/ws/install/share/px4/msg/ActionRequest.idl
[4.159s] -- Up-to-date symlink: /repo/ws/install/share/px4/msg/ActuatorArmed.idl
[4.160s] -- Up-to-date symlink: /repo/ws/install/share/px4/msg/ActuatorControlsStatus.idl
[4.160s] -- Up-to-date symlink: /repo/ws/install/share/px4/msg/ActuatorOutputs.idl
[4.160s] -- Up-to-date symlink: /repo/ws/install/share/px4/msg/ActuatorServosTrim.idl
[4.160s] -- Up-to-date symlink: /repo/ws/install/share/px4/msg/ActuatorTest.idl
[4.160s] -- Up-to-date symlink: /repo/ws/install/share/px4/msg/AdcReport.idl
[4.160s] -- Up-to-date symlink: /repo/ws/install/share/px4/msg/Airspeed.idl
[4.161s] -- Up-to-date symlink: /repo/ws/install/share/px4/msg/AirspeedWind.idl
[4.161s] -- Up-to-date symlink: /repo/ws/install/share/px4/msg/AutotuneAttitudeControlStatus.idl
[4.161s] -- Up-to-date symlink: /repo/ws/install/share/px4/msg/ButtonEvent.idl
[4.161s] -- Up-to-date symlink: /repo/ws/install/share/px4/msg/CameraCapture.idl
[4.162s] -- Up-to-date symlink: /repo/ws/install/share/px4/msg/CameraStatus.idl
[4.162s] -- Up-to-date symlink: /repo/ws/install/share/px4/msg/CameraTrigger.idl
[4.163s] -- Up-to-date symlink: /repo/ws/install/share/px4/msg/CanInterfaceStatus.idl
[4.163s] -- Up-to-date symlink: /repo/ws/install/share/px4/msg/CellularStatus.idl
[4.163s] -- Up-to-date symlink: /repo/ws/install/share/px4/msg/CollisionConstraints.idl
[4.163s] -- Up-to-date symlink: /repo/ws/install/share/px4/msg/ControlAllocatorStatus.idl
[4.163s] -- Up-to-date symlink: /repo/ws/install/share/px4/msg/Cpuload.idl
[4.163s] -- Up-to-date symlink: /repo/ws/install/share/px4/msg/DatamanRequest.idl
[4.164s] -- Up-to-date symlink: /repo/ws/install/share/px4/msg/DatamanResponse.idl
[4.164s] -- Up-to-date symlink: /repo/ws/install/share/px4/msg/DebugArray.idl
[4.164s] -- Up-to-date symlink: /repo/ws/install/share/px4/msg/DebugKeyValue.idl
[4.164s] -- Up-to-date symlink: /repo/ws/install/share/px4/msg/DebugValue.idl
[4.164s] -- Up-to-date symlink: /repo/ws/install/share/px4/msg/DebugVect.idl
[4.165s] -- Up-to-date symlink: /repo/ws/install/share/px4/msg/DifferentialPressure.idl
[4.165s] -- Up-to-date symlink: /repo/ws/install/share/px4/msg/DifferentialVelocitySetpoint.idl
[4.165s] -- Up-to-date symlink: /repo/ws/install/share/px4/msg/DistanceSensor.idl
[4.165s] -- Up-to-date symlink: /repo/ws/install/share/px4/msg/DistanceSensorModeChangeRequest.idl
[4.165s] -- Up-to-date symlink: /repo/ws/install/share/px4/msg/Ekf2Timestamps.idl
[4.166s] -- Up-to-date symlink: /repo/ws/install/share/px4/msg/EscReport.idl
[4.166s] -- Up-to-date symlink: /repo/ws/install/share/px4/msg/EscStatus.idl
[4.166s] -- Up-to-date symlink: /repo/ws/install/share/px4/msg/EstimatorAidSource1d.idl
[4.166s] -- Up-to-date symlink: /repo/ws/install/share/px4/msg/EstimatorAidSource2d.idl
[4.166s] -- Up-to-date symlink: /repo/ws/install/share/px4/msg/EstimatorAidSource3d.idl
[4.167s] -- Up-to-date symlink: /repo/ws/install/share/px4/msg/EstimatorBias.idl
[4.167s] -- Up-to-date symlink: /repo/ws/install/share/px4/msg/EstimatorBias3d.idl
[4.167s] -- Up-to-date symlink: /repo/ws/install/share/px4/msg/EstimatorEventFlags.idl
[4.167s] -- Up-to-date symlink: /repo/ws/install/share/px4/msg/EstimatorGpsStatus.idl
[4.167s] -- Up-to-date symlink: /repo/ws/install/share/px4/msg/EstimatorInnovations.idl
[4.168s] -- Up-to-date symlink: /repo/ws/install/share/px4/msg/EstimatorSelectorStatus.idl
[4.168s] -- Up-to-date symlink: /repo/ws/install/share/px4/msg/EstimatorSensorBias.idl
[4.168s] -- Up-to-date symlink: /repo/ws/install/share/px4/msg/EstimatorStates.idl
[4.168s] -- Up-to-date symlink: /repo/ws/install/share/px4/msg/EstimatorStatus.idl
[4.169s] -- Up-to-date symlink: /repo/ws/install/share/px4/msg/EstimatorStatusFlags.idl
[4.169s] -- Up-to-date symlink: /repo/ws/install/share/px4/msg/Event.idl
[4.169s] -- Up-to-date symlink: /repo/ws/install/share/px4/msg/FailsafeFlags.idl
[4.169s] -- Up-to-date symlink: /repo/ws/install/share/px4/msg/FailureDetectorStatus.idl
[4.170s] -- Up-to-date symlink: /repo/ws/install/share/px4/msg/FigureEightStatus.idl
[4.170s] -- Up-to-date symlink: /repo/ws/install/share/px4/msg/FlightPhaseEstimation.idl
[4.170s] -- Up-to-date symlink: /repo/ws/install/share/px4/msg/FollowTarget.idl
[4.170s] -- Up-to-date symlink: /repo/ws/install/share/px4/msg/FollowTargetEstimator.idl
[4.171s] -- Up-to-date symlink: /repo/ws/install/share/px4/msg/FollowTargetStatus.idl
[4.171s] -- Up-to-date symlink: /repo/ws/install/share/px4/msg/FuelTankStatus.idl
[4.171s] -- Up-to-date symlink: /repo/ws/install/share/px4/msg/GeneratorStatus.idl
[4.171s] -- Up-to-date symlink: /repo/ws/install/share/px4/msg/GeofenceResult.idl
[4.171s] -- Up-to-date symlink: /repo/ws/install/share/px4/msg/GeofenceStatus.idl
[4.172s] -- Up-to-date symlink: /repo/ws/install/share/px4/msg/GimbalControls.idl
[4.172s] -- Up-to-date symlink: /repo/ws/install/share/px4/msg/GimbalDeviceAttitudeStatus.idl
[4.172s] -- Up-to-date symlink: /repo/ws/install/share/px4/msg/GimbalDeviceInformation.idl
[4.172s] -- Up-to-date symlink: /repo/ws/install/share/px4/msg/GimbalDeviceSetAttitude.idl
[4.172s] -- Up-to-date symlink: /repo/ws/install/share/px4/msg/GimbalManagerInformation.idl
[4.173s] -- Up-to-date symlink: /repo/ws/install/share/px4/msg/GimbalManagerSetAttitude.idl
[4.173s] -- Up-to-date symlink: /repo/ws/install/share/px4/msg/GimbalManagerSetManualControl.idl
[4.173s] -- Up-to-date symlink: /repo/ws/install/share/px4/msg/GimbalManagerStatus.idl
[4.173s] -- Up-to-date symlink: /repo/ws/install/share/px4/msg/GpioConfig.idl
[4.174s] -- Up-to-date symlink: /repo/ws/install/share/px4/msg/GpioIn.idl
[4.174s] -- Up-to-date symlink: /repo/ws/install/share/px4/msg/GpioOut.idl
[4.174s] -- Up-to-date symlink: /repo/ws/install/share/px4/msg/GpioRequest.idl
[4.174s] -- Up-to-date symlink: /repo/ws/install/share/px4/msg/GpsDump.idl
[4.174s] -- Up-to-date symlink: /repo/ws/install/share/px4/msg/GpsInjectData.idl
[4.174s] -- Up-to-date symlink: /repo/ws/install/share/px4/msg/Gripper.idl
[4.175s] -- Up-to-date symlink: /repo/ws/install/share/px4/msg/HealthReport.idl
[4.175s] -- Up-to-date symlink: /repo/ws/install/share/px4/msg/HeaterStatus.idl
[4.175s] -- Up-to-date symlink: /repo/ws/install/share/px4/msg/HoverThrustEstimate.idl
[4.175s] -- Up-to-date symlink: /repo/ws/install/share/px4/msg/InputRc.idl
[4.176s] -- Up-to-date symlink: /repo/ws/install/share/px4/msg/InternalCombustionEngineControl.idl
[4.176s] -- Up-to-date symlink: /repo/ws/install/share/px4/msg/InternalCombustionEngineStatus.idl
[4.176s] -- Up-to-date symlink: /repo/ws/install/share/px4/msg/IridiumsbdStatus.idl
[4.176s] -- Up-to-date symlink: /repo/ws/install/share/px4/msg/IrlockReport.idl
[4.177s] -- Up-to-date symlink: /repo/ws/install/share/px4/msg/LandingGear.idl
[4.177s] -- Up-to-date symlink: /repo/ws/install/share/px4/msg/LandingGearWheel.idl
[4.177s] -- Up-to-date symlink: /repo/ws/install/share/px4/msg/LandingTargetInnovations.idl
[4.177s] -- Up-to-date symlink: /repo/ws/install/share/px4/msg/LandingTargetPose.idl
[4.178s] -- Up-to-date symlink: /repo/ws/install/share/px4/msg/LaunchDetectionStatus.idl
[4.178s] -- Up-to-date symlink: /repo/ws/install/share/px4/msg/LedControl.idl
[4.178s] -- Up-to-date symlink: /repo/ws/install/share/px4/msg/LogMessage.idl
[4.178s] -- Up-to-date symlink: /repo/ws/install/share/px4/msg/LoggerStatus.idl
[4.178s] -- Up-to-date symlink: /repo/ws/install/share/px4/msg/MagWorkerData.idl
[4.179s] -- Up-to-date symlink: /repo/ws/install/share/px4/msg/MagnetometerBiasEstimate.idl
[4.179s] -- Up-to-date symlink: /repo/ws/install/share/px4/msg/ManualControlSwitches.idl
[4.179s] -- Up-to-date symlink: /repo/ws/install/share/px4/msg/MavlinkLog.idl
[4.179s] -- Up-to-date symlink: /repo/ws/install/share/px4/msg/MavlinkTunnel.idl
[4.179s] -- Up-to-date symlink: /repo/ws/install/share/px4/msg/MessageFormatRequest.idl
[4.180s] -- Up-to-date symlink: /repo/ws/install/share/px4/msg/MessageFormatResponse.idl
[4.180s] -- Up-to-date symlink: /repo/ws/install/share/px4/msg/Mission.idl
[4.180s] -- Up-to-date symlink: /repo/ws/install/share/px4/msg/MissionResult.idl
[4.180s] -- Up-to-date symlink: /repo/ws/install/share/px4/msg/MountOrientation.idl
[4.180s] -- Up-to-date symlink: /repo/ws/install/share/px4/msg/NavigatorMissionItem.idl
[4.181s] -- Up-to-date symlink: /repo/ws/install/share/px4/msg/NavigatorStatus.idl
[4.181s] -- Up-to-date symlink: /repo/ws/install/share/px4/msg/NormalizedUnsignedSetpoint.idl
[4.181s] -- Up-to-date symlink: /repo/ws/install/share/px4/msg/NpfgStatus.idl
[4.181s] -- Up-to-date symlink: /repo/ws/install/share/px4/msg/ObstacleDistance.idl
[4.181s] -- Up-to-date symlink: /repo/ws/install/share/px4/msg/OffboardControlMode.idl
[4.182s] -- Up-to-date symlink: /repo/ws/install/share/px4/msg/OnboardComputerStatus.idl
[4.182s] -- Up-to-date symlink: /repo/ws/install/share/px4/msg/OpenDroneIdArmStatus.idl
[4.182s] -- Up-to-date symlink: /repo/ws/install/share/px4/msg/OpenDroneIdOperatorId.idl
[4.182s] -- Up-to-date symlink: /repo/ws/install/share/px4/msg/OpenDroneIdSelfId.idl
[4.182s] -- Up-to-date symlink: /repo/ws/install/share/px4/msg/OpenDroneIdSystem.idl
[4.183s] -- Up-to-date symlink: /repo/ws/install/share/px4/msg/OrbTest.idl
[4.183s] -- Up-to-date symlink: /repo/ws/install/share/px4/msg/OrbTestLarge.idl
[4.183s] -- Up-to-date symlink: /repo/ws/install/share/px4/msg/OrbTestMedium.idl
[4.184s] -- Up-to-date symlink: /repo/ws/install/share/px4/msg/OrbitStatus.idl
[4.184s] -- Up-to-date symlink: /repo/ws/install/share/px4/msg/ParameterResetRequest.idl
[4.184s] -- Up-to-date symlink: /repo/ws/install/share/px4/msg/ParameterSetUsedRequest.idl
[4.185s] -- Up-to-date symlink: /repo/ws/install/share/px4/msg/ParameterSetValueRequest.idl
[4.185s] -- Up-to-date symlink: /repo/ws/install/share/px4/msg/ParameterSetValueResponse.idl
[4.185s] -- Up-to-date symlink: /repo/ws/install/share/px4/msg/ParameterUpdate.idl
[4.185s] -- Up-to-date symlink: /repo/ws/install/share/px4/msg/Ping.idl
[4.185s] -- Up-to-date symlink: /repo/ws/install/share/px4/msg/PositionControllerLandingStatus.idl
[4.185s] -- Up-to-date symlink: /repo/ws/install/share/px4/msg/PositionControllerStatus.idl
[4.186s] -- Up-to-date symlink: /repo/ws/install/share/px4/msg/PositionSetpoint.idl
[4.186s] -- Up-to-date symlink: /repo/ws/install/share/px4/msg/PositionSetpointTriplet.idl
[4.186s] -- Up-to-date symlink: /repo/ws/install/share/px4/msg/PowerButtonState.idl
[4.186s] -- Up-to-date symlink: /repo/ws/install/share/px4/msg/PowerMonitor.idl
[4.186s] -- Up-to-date symlink: /repo/ws/install/share/px4/msg/PpsCapture.idl
[4.187s] -- Up-to-date symlink: /repo/ws/install/share/px4/msg/PurePursuitStatus.idl
[4.187s] -- Up-to-date symlink: /repo/ws/install/share/px4/msg/PwmInput.idl
[4.187s] -- Up-to-date symlink: /repo/ws/install/share/px4/msg/Px4ioStatus.idl
[4.187s] -- Up-to-date symlink: /repo/ws/install/share/px4/msg/QshellReq.idl
[4.187s] -- Up-to-date symlink: /repo/ws/install/share/px4/msg/QshellRetval.idl
[4.188s] -- Up-to-date symlink: /repo/ws/install/share/px4/msg/RadioStatus.idl
[4.188s] -- Up-to-date symlink: /repo/ws/install/share/px4/msg/RateCtrlStatus.idl
[4.188s] -- Up-to-date symlink: /repo/ws/install/share/px4/msg/RcChannels.idl
[4.188s] -- Up-to-date symlink: /repo/ws/install/share/px4/msg/RcParameterMap.idl
[4.188s] -- Up-to-date symlink: /repo/ws/install/share/px4/msg/RoverAttitudeSetpoint.idl
[4.189s] -- Up-to-date symlink: /repo/ws/install/share/px4/msg/RoverAttitudeStatus.idl
[4.189s] -- Up-to-date symlink: /repo/ws/install/share/px4/msg/RoverPositionSetpoint.idl
[4.189s] -- Up-to-date symlink: /repo/ws/install/share/px4/msg/RoverRateSetpoint.idl
[4.189s] -- Up-to-date symlink: /repo/ws/install/share/px4/msg/RoverRateStatus.idl
[4.189s] -- Up-to-date symlink: /repo/ws/install/share/px4/msg/RoverSteeringSetpoint.idl
[4.190s] -- Up-to-date symlink: /repo/ws/install/share/px4/msg/RoverThrottleSetpoint.idl
[4.190s] -- Up-to-date symlink: /repo/ws/install/share/px4/msg/RoverVelocityStatus.idl
[4.190s] -- Up-to-date symlink: /repo/ws/install/share/px4/msg/Rpm.idl
[4.191s] -- Up-to-date symlink: /repo/ws/install/share/px4/msg/RtlStatus.idl
[4.191s] -- Up-to-date symlink: /repo/ws/install/share/px4/msg/RtlTimeEstimate.idl
[4.191s] -- Up-to-date symlink: /repo/ws/install/share/px4/msg/SatelliteInfo.idl
[4.192s] -- Up-to-date symlink: /repo/ws/install/share/px4/msg/SensorAccel.idl
[4.192s] -- Up-to-date symlink: /repo/ws/install/share/px4/msg/SensorAccelFifo.idl
[4.192s] -- Up-to-date symlink: /repo/ws/install/share/px4/msg/SensorAirflow.idl
[4.192s] -- Up-to-date symlink: /repo/ws/install/share/px4/msg/SensorBaro.idl
[4.192s] -- Up-to-date symlink: /repo/ws/install/share/px4/msg/SensorCombined.idl
[4.193s] -- Up-to-date symlink: /repo/ws/install/share/px4/msg/SensorCorrection.idl
[4.193s] -- Up-to-date symlink: /repo/ws/install/share/px4/msg/SensorGnssRelative.idl
[4.193s] -- Up-to-date symlink: /repo/ws/install/share/px4/msg/SensorGps.idl
[4.193s] -- Up-to-date symlink: /repo/ws/install/share/px4/msg/SensorGyro.idl
[4.193s] -- Up-to-date symlink: /repo/ws/install/share/px4/msg/SensorGyroFft.idl
[4.193s] -- Up-to-date symlink: /repo/ws/install/share/px4/msg/SensorGyroFifo.idl
[4.194s] -- Up-to-date symlink: /repo/ws/install/share/px4/msg/SensorHygrometer.idl
[4.194s] -- Up-to-date symlink: /repo/ws/install/share/px4/msg/SensorMag.idl
[4.194s] -- Up-to-date symlink: /repo/ws/install/share/px4/msg/SensorOpticalFlow.idl
[4.194s] -- Up-to-date symlink: /repo/ws/install/share/px4/msg/SensorPreflightMag.idl
[4.194s] -- Up-to-date symlink: /repo/ws/install/share/px4/msg/SensorSelection.idl
[4.195s] -- Up-to-date symlink: /repo/ws/install/share/px4/msg/SensorUwb.idl
[4.195s] -- Up-to-date symlink: /repo/ws/install/share/px4/msg/SensorsStatus.idl
[4.195s] -- Up-to-date symlink: /repo/ws/install/share/px4/msg/SensorsStatusImu.idl
[4.195s] -- Up-to-date symlink: /repo/ws/install/share/px4/msg/SystemPower.idl
[4.196s] -- Up-to-date symlink: /repo/ws/install/share/px4/msg/TakeoffStatus.idl
[4.196s] -- Up-to-date symlink: /repo/ws/install/share/px4/msg/TaskStackInfo.idl
[4.196s] -- Up-to-date symlink: /repo/ws/install/share/px4/msg/TecsStatus.idl
[4.196s] -- Up-to-date symlink: /repo/ws/install/share/px4/msg/TelemetryStatus.idl
[4.196s] -- Up-to-date symlink: /repo/ws/install/share/px4/msg/TiltrotorExtraControls.idl
[4.197s] -- Up-to-date symlink: /repo/ws/install/share/px4/msg/TimesyncStatus.idl
[4.197s] -- Up-to-date symlink: /repo/ws/install/share/px4/msg/TrajectorySetpoint6dof.idl
[4.197s] -- Up-to-date symlink: /repo/ws/install/share/px4/msg/TransponderReport.idl
[4.197s] -- Up-to-date symlink: /repo/ws/install/share/px4/msg/TuneControl.idl
[4.198s] -- Up-to-date symlink: /repo/ws/install/share/px4/msg/UavcanParameterRequest.idl
[4.198s] -- Up-to-date symlink: /repo/ws/install/share/px4/msg/UavcanParameterValue.idl
[4.198s] -- Up-to-date symlink: /repo/ws/install/share/px4/msg/UlogStream.idl
[4.198s] -- Up-to-date symlink: /repo/ws/install/share/px4/msg/UlogStreamAck.idl
[4.198s] -- Up-to-date symlink: /repo/ws/install/share/px4/msg/VehicleAcceleration.idl
[4.199s] -- Up-to-date symlink: /repo/ws/install/share/px4/msg/VehicleAirData.idl
[4.199s] -- Up-to-date symlink: /repo/ws/install/share/px4/msg/VehicleAngularAccelerationSetpoint.idl
[4.200s] -- Up-to-date symlink: /repo/ws/install/share/px4/msg/VehicleConstraints.idl
[4.200s] -- Up-to-date symlink: /repo/ws/install/share/px4/msg/VehicleImu.idl
[4.200s] -- Up-to-date symlink: /repo/ws/install/share/px4/msg/VehicleImuStatus.idl
[4.200s] -- Up-to-date symlink: /repo/ws/install/share/px4/msg/VehicleLocalPositionSetpoint.idl
[4.200s] -- Up-to-date symlink: /repo/ws/install/share/px4/msg/VehicleMagnetometer.idl
[4.200s] -- Up-to-date symlink: /repo/ws/install/share/px4/msg/VehicleOpticalFlow.idl
[4.201s] -- Up-to-date symlink: /repo/ws/install/share/px4/msg/VehicleOpticalFlowVel.idl
[4.201s] -- Up-to-date symlink: /repo/ws/install/share/px4/msg/VehicleRoi.idl
[4.201s] -- Up-to-date symlink: /repo/ws/install/share/px4/msg/VehicleThrustSetpoint.idl
[4.201s] -- Up-to-date symlink: /repo/ws/install/share/px4/msg/VehicleTorqueSetpoint.idl
[4.201s] -- Up-to-date symlink: /repo/ws/install/share/px4/msg/VelocityLimits.idl
[4.202s] -- Up-to-date symlink: /repo/ws/install/share/px4/msg/WheelEncoders.idl
[4.202s] -- Up-to-date symlink: /repo/ws/install/share/px4/msg/Wind.idl
[4.202s] -- Up-to-date symlink: /repo/ws/install/share/px4/msg/YawEstimatorStatus.idl
[4.202s] -- Up-to-date symlink: /repo/ws/install/share/px4/msg/ActuatorMotors.idl
[4.202s] -- Up-to-date symlink: /repo/ws/install/share/px4/msg/ActuatorServos.idl
[4.203s] -- Up-to-date symlink: /repo/ws/install/share/px4/msg/AirspeedValidated.idl
[4.203s] -- Up-to-date symlink: /repo/ws/install/share/px4/msg/ArmingCheckReply.idl
[4.203s] -- Up-to-date symlink: /repo/ws/install/share/px4/msg/ArmingCheckRequest.idl
[4.203s] -- Up-to-date symlink: /repo/ws/install/share/px4/msg/BatteryStatus.idl
[4.203s] -- Up-to-date symlink: /repo/ws/install/share/px4/msg/ConfigOverrides.idl
[4.204s] -- Up-to-date symlink: /repo/ws/install/share/px4/msg/GotoSetpoint.idl
[4.204s] -- Up-to-date symlink: /repo/ws/install/share/px4/msg/HomePosition.idl
[4.204s] -- Up-to-date symlink: /repo/ws/install/share/px4/msg/ManualControlSetpoint.idl
[4.204s] -- Up-to-date symlink: /repo/ws/install/share/px4/msg/ModeCompleted.idl
[4.205s] -- Up-to-date symlink: /repo/ws/install/share/px4/msg/RegisterExtComponentReply.idl
[4.205s] -- Up-to-date symlink: /repo/ws/install/share/px4/msg/RegisterExtComponentRequest.idl
[4.205s] -- Up-to-date symlink: /repo/ws/install/share/px4/msg/TrajectorySetpoint.idl
[4.205s] -- Up-to-date symlink: /repo/ws/install/share/px4/msg/UnregisterExtComponent.idl
[4.206s] -- Up-to-date symlink: /repo/ws/install/share/px4/msg/VehicleAngularVelocity.idl
[4.206s] -- Up-to-date symlink: /repo/ws/install/share/px4/msg/VehicleAttitude.idl
[4.206s] -- Up-to-date symlink: /repo/ws/install/share/px4/msg/VehicleAttitudeSetpoint.idl
[4.207s] -- Up-to-date symlink: /repo/ws/install/share/px4/msg/VehicleCommand.idl
[4.207s] -- Up-to-date symlink: /repo/ws/install/share/px4/msg/VehicleCommandAck.idl
[4.207s] -- Up-to-date symlink: /repo/ws/install/share/px4/msg/VehicleControlMode.idl
[4.207s] -- Up-to-date symlink: /repo/ws/install/share/px4/msg/VehicleGlobalPosition.idl
[4.207s] -- Up-to-date symlink: /repo/ws/install/share/px4/msg/VehicleLandDetected.idl
[4.208s] -- Up-to-date symlink: /repo/ws/install/share/px4/msg/VehicleLocalPosition.idl
[4.208s] -- Up-to-date symlink: /repo/ws/install/share/px4/msg/VehicleOdometry.idl
[4.208s] -- Up-to-date symlink: /repo/ws/install/share/px4/msg/VehicleRatesSetpoint.idl
[4.208s] -- Up-to-date symlink: /repo/ws/install/share/px4/msg/VehicleStatus.idl
[4.208s] -- Up-to-date symlink: /repo/ws/install/share/px4/msg/VtolVehicleStatus.idl
[4.208s] -- Up-to-date symlink: /repo/ws/install/share/px4/msg/AckermannVelocitySetpoint.msg
[4.209s] -- Up-to-date symlink: /repo/ws/install/share/px4/msg/ActionRequest.msg
[4.209s] -- Up-to-date symlink: /repo/ws/install/share/px4/msg/ActuatorArmed.msg
[4.209s] -- Up-to-date symlink: /repo/ws/install/share/px4/msg/ActuatorControlsStatus.msg
[4.209s] -- Up-to-date symlink: /repo/ws/install/share/px4/msg/ActuatorOutputs.msg
[4.209s] -- Up-to-date symlink: /repo/ws/install/share/px4/msg/ActuatorServosTrim.msg
[4.210s] -- Up-to-date symlink: /repo/ws/install/share/px4/msg/ActuatorTest.msg
[4.210s] -- Up-to-date symlink: /repo/ws/install/share/px4/msg/AdcReport.msg
[4.210s] -- Up-to-date symlink: /repo/ws/install/share/px4/msg/Airspeed.msg
[4.210s] -- Up-to-date symlink: /repo/ws/install/share/px4/msg/AirspeedWind.msg
[4.211s] -- Up-to-date symlink: /repo/ws/install/share/px4/msg/AutotuneAttitudeControlStatus.msg
[4.211s] -- Up-to-date symlink: /repo/ws/install/share/px4/msg/ButtonEvent.msg
[4.211s] -- Up-to-date symlink: /repo/ws/install/share/px4/msg/CameraCapture.msg
[4.211s] -- Up-to-date symlink: /repo/ws/install/share/px4/msg/CameraStatus.msg
[4.212s] -- Up-to-date symlink: /repo/ws/install/share/px4/msg/CameraTrigger.msg
[4.212s] -- Up-to-date symlink: /repo/ws/install/share/px4/msg/CanInterfaceStatus.msg
[4.212s] -- Up-to-date symlink: /repo/ws/install/share/px4/msg/CellularStatus.msg
[4.212s] -- Up-to-date symlink: /repo/ws/install/share/px4/msg/CollisionConstraints.msg
[4.212s] -- Up-to-date symlink: /repo/ws/install/share/px4/msg/ControlAllocatorStatus.msg
[4.212s] -- Up-to-date symlink: /repo/ws/install/share/px4/msg/Cpuload.msg
[4.213s] -- Up-to-date symlink: /repo/ws/install/share/px4/msg/DatamanRequest.msg
[4.213s] -- Up-to-date symlink: /repo/ws/install/share/px4/msg/DatamanResponse.msg
[4.213s] -- Up-to-date symlink: /repo/ws/install/share/px4/msg/DebugArray.msg
[4.213s] -- Up-to-date symlink: /repo/ws/install/share/px4/msg/DebugKeyValue.msg
[4.214s] -- Up-to-date symlink: /repo/ws/install/share/px4/msg/DebugValue.msg
[4.214s] -- Up-to-date symlink: /repo/ws/install/share/px4/msg/DebugVect.msg
[4.214s] -- Up-to-date symlink: /repo/ws/install/share/px4/msg/DifferentialPressure.msg
[4.214s] -- Up-to-date symlink: /repo/ws/install/share/px4/msg/DifferentialVelocitySetpoint.msg
[4.214s] -- Up-to-date symlink: /repo/ws/install/share/px4/msg/DistanceSensor.msg
[4.214s] -- Up-to-date symlink: /repo/ws/install/share/px4/msg/DistanceSensorModeChangeRequest.msg
[4.215s] -- Up-to-date symlink: /repo/ws/install/share/px4/msg/Ekf2Timestamps.msg
[4.215s] -- Up-to-date symlink: /repo/ws/install/share/px4/msg/EscReport.msg
[4.215s] -- Up-to-date symlink: /repo/ws/install/share/px4/msg/EscStatus.msg
[4.215s] -- Up-to-date symlink: /repo/ws/install/share/px4/msg/EstimatorAidSource1d.msg
[4.215s] -- Up-to-date symlink: /repo/ws/install/share/px4/msg/EstimatorAidSource2d.msg
[4.216s] -- Up-to-date symlink: /repo/ws/install/share/px4/msg/EstimatorAidSource3d.msg
[4.216s] -- Up-to-date symlink: /repo/ws/install/share/px4/msg/EstimatorBias.msg
[4.216s] -- Up-to-date symlink: /repo/ws/install/share/px4/msg/EstimatorBias3d.msg
[4.216s] -- Up-to-date symlink: /repo/ws/install/share/px4/msg/EstimatorEventFlags.msg
[4.216s] -- Up-to-date symlink: /repo/ws/install/share/px4/msg/EstimatorGpsStatus.msg
[4.217s] -- Up-to-date symlink: /repo/ws/install/share/px4/msg/EstimatorInnovations.msg
[4.217s] -- Up-to-date symlink: /repo/ws/install/share/px4/msg/EstimatorSelectorStatus.msg
[4.217s] -- Up-to-date symlink: /repo/ws/install/share/px4/msg/EstimatorSensorBias.msg
[4.217s] -- Up-to-date symlink: /repo/ws/install/share/px4/msg/EstimatorStates.msg
[4.217s] -- Up-to-date symlink: /repo/ws/install/share/px4/msg/EstimatorStatus.msg
[4.218s] -- Up-to-date symlink: /repo/ws/install/share/px4/msg/EstimatorStatusFlags.msg
[4.218s] -- Up-to-date symlink: /repo/ws/install/share/px4/msg/Event.msg
[4.218s] -- Up-to-date symlink: /repo/ws/install/share/px4/msg/FailsafeFlags.msg
[4.218s] -- Up-to-date symlink: /repo/ws/install/share/px4/msg/FailureDetectorStatus.msg
[4.218s] -- Up-to-date symlink: /repo/ws/install/share/px4/msg/FigureEightStatus.msg
[4.218s] -- Up-to-date symlink: /repo/ws/install/share/px4/msg/FlightPhaseEstimation.msg
[4.219s] -- Up-to-date symlink: /repo/ws/install/share/px4/msg/FollowTarget.msg
[4.219s] -- Up-to-date symlink: /repo/ws/install/share/px4/msg/FollowTargetEstimator.msg
[4.219s] -- Up-to-date symlink: /repo/ws/install/share/px4/msg/FollowTargetStatus.msg
[4.219s] -- Up-to-date symlink: /repo/ws/install/share/px4/msg/FuelTankStatus.msg
[4.220s] -- Up-to-date symlink: /repo/ws/install/share/px4/msg/GeneratorStatus.msg
[4.220s] -- Up-to-date symlink: /repo/ws/install/share/px4/msg/GeofenceResult.msg
[4.220s] -- Up-to-date symlink: /repo/ws/install/share/px4/msg/GeofenceStatus.msg
[4.220s] -- Up-to-date symlink: /repo/ws/install/share/px4/msg/GimbalControls.msg
[4.221s] -- Up-to-date symlink: /repo/ws/install/share/px4/msg/GimbalDeviceAttitudeStatus.msg
[4.221s] -- Up-to-date symlink: /repo/ws/install/share/px4/msg/GimbalDeviceInformation.msg
[4.221s] -- Up-to-date symlink: /repo/ws/install/share/px4/msg/GimbalDeviceSetAttitude.msg
[4.221s] -- Up-to-date symlink: /repo/ws/install/share/px4/msg/GimbalManagerInformation.msg
[4.222s] -- Up-to-date symlink: /repo/ws/install/share/px4/msg/GimbalManagerSetAttitude.msg
[4.222s] -- Up-to-date symlink: /repo/ws/install/share/px4/msg/GimbalManagerSetManualControl.msg
[4.222s] -- Up-to-date symlink: /repo/ws/install/share/px4/msg/GimbalManagerStatus.msg
[4.222s] -- Up-to-date symlink: /repo/ws/install/share/px4/msg/GpioConfig.msg
[4.222s] -- Up-to-date symlink: /repo/ws/install/share/px4/msg/GpioIn.msg
[4.222s] -- Up-to-date symlink: /repo/ws/install/share/px4/msg/GpioOut.msg
[4.223s] -- Up-to-date symlink: /repo/ws/install/share/px4/msg/GpioRequest.msg
[4.223s] -- Up-to-date symlink: /repo/ws/install/share/px4/msg/GpsDump.msg
[4.223s] -- Up-to-date symlink: /repo/ws/install/share/px4/msg/GpsInjectData.msg
[4.223s] -- Up-to-date symlink: /repo/ws/install/share/px4/msg/Gripper.msg
[4.224s] -- Up-to-date symlink: /repo/ws/install/share/px4/msg/HealthReport.msg
[4.224s] -- Up-to-date symlink: /repo/ws/install/share/px4/msg/HeaterStatus.msg
[4.224s] -- Up-to-date symlink: /repo/ws/install/share/px4/msg/HoverThrustEstimate.msg
[4.224s] -- Up-to-date symlink: /repo/ws/install/share/px4/msg/InputRc.msg
[4.224s] -- Up-to-date symlink: /repo/ws/install/share/px4/msg/InternalCombustionEngineControl.msg
[4.224s] -- Up-to-date symlink: /repo/ws/install/share/px4/msg/InternalCombustionEngineStatus.msg
[4.225s] -- Up-to-date symlink: /repo/ws/install/share/px4/msg/IridiumsbdStatus.msg
[4.225s] -- Up-to-date symlink: /repo/ws/install/share/px4/msg/IrlockReport.msg
[4.225s] -- Up-to-date symlink: /repo/ws/install/share/px4/msg/LandingGear.msg
[4.225s] -- Up-to-date symlink: /repo/ws/install/share/px4/msg/LandingGearWheel.msg
[4.225s] -- Up-to-date symlink: /repo/ws/install/share/px4/msg/LandingTargetInnovations.msg
[4.226s] -- Up-to-date symlink: /repo/ws/install/share/px4/msg/LandingTargetPose.msg
[4.226s] -- Up-to-date symlink: /repo/ws/install/share/px4/msg/LaunchDetectionStatus.msg
[4.226s] -- Up-to-date symlink: /repo/ws/install/share/px4/msg/LedControl.msg
[4.226s] -- Up-to-date symlink: /repo/ws/install/share/px4/msg/LogMessage.msg
[4.226s] -- Up-to-date symlink: /repo/ws/install/share/px4/msg/LoggerStatus.msg
[4.227s] -- Up-to-date symlink: /repo/ws/install/share/px4/msg/MagWorkerData.msg
[4.227s] -- Up-to-date symlink: /repo/ws/install/share/px4/msg/MagnetometerBiasEstimate.msg
[4.227s] -- Up-to-date symlink: /repo/ws/install/share/px4/msg/ManualControlSwitches.msg
[4.228s] -- Up-to-date symlink: /repo/ws/install/share/px4/msg/MavlinkLog.msg
[4.228s] -- Up-to-date symlink: /repo/ws/install/share/px4/msg/MavlinkTunnel.msg
[4.229s] -- Up-to-date symlink: /repo/ws/install/share/px4/msg/MessageFormatRequest.msg
[4.229s] -- Up-to-date symlink: /repo/ws/install/share/px4/msg/MessageFormatResponse.msg
[4.229s] -- Up-to-date symlink: /repo/ws/install/share/px4/msg/Mission.msg
[4.229s] -- Up-to-date symlink: /repo/ws/install/share/px4/msg/MissionResult.msg
[4.230s] -- Up-to-date symlink: /repo/ws/install/share/px4/msg/MountOrientation.msg
[4.230s] -- Up-to-date symlink: /repo/ws/install/share/px4/msg/NavigatorMissionItem.msg
[4.230s] -- Up-to-date symlink: /repo/ws/install/share/px4/msg/NavigatorStatus.msg
[4.230s] -- Up-to-date symlink: /repo/ws/install/share/px4/msg/NormalizedUnsignedSetpoint.msg
[4.230s] -- Up-to-date symlink: /repo/ws/install/share/px4/msg/NpfgStatus.msg
[4.230s] -- Up-to-date symlink: /repo/ws/install/share/px4/msg/ObstacleDistance.msg
[4.230s] -- Up-to-date symlink: /repo/ws/install/share/px4/msg/OffboardControlMode.msg
[4.230s] -- Up-to-date symlink: /repo/ws/install/share/px4/msg/OnboardComputerStatus.msg
[4.230s] -- Up-to-date symlink: /repo/ws/install/share/px4/msg/OpenDroneIdArmStatus.msg
[4.231s] -- Up-to-date symlink: /repo/ws/install/share/px4/msg/OpenDroneIdOperatorId.msg
[4.231s] -- Up-to-date symlink: /repo/ws/install/share/px4/msg/OpenDroneIdSelfId.msg
[4.231s] -- Up-to-date symlink: /repo/ws/install/share/px4/msg/OpenDroneIdSystem.msg
[4.231s] -- Up-to-date symlink: /repo/ws/install/share/px4/msg/OrbTest.msg
[4.231s] -- Up-to-date symlink: /repo/ws/install/share/px4/msg/OrbTestLarge.msg
[4.231s] -- Up-to-date symlink: /repo/ws/install/share/px4/msg/OrbTestMedium.msg
[4.232s] -- Up-to-date symlink: /repo/ws/install/share/px4/msg/OrbitStatus.msg
[4.232s] -- Up-to-date symlink: /repo/ws/install/share/px4/msg/ParameterResetRequest.msg
[4.232s] -- Up-to-date symlink: /repo/ws/install/share/px4/msg/ParameterSetUsedRequest.msg
[4.232s] -- Up-to-date symlink: /repo/ws/install/share/px4/msg/ParameterSetValueRequest.msg
[4.232s] -- Up-to-date symlink: /repo/ws/install/share/px4/msg/ParameterSetValueResponse.msg
[4.233s] -- Up-to-date symlink: /repo/ws/install/share/px4/msg/ParameterUpdate.msg
[4.233s] -- Up-to-date symlink: /repo/ws/install/share/px4/msg/Ping.msg
[4.233s] -- Up-to-date symlink: /repo/ws/install/share/px4/msg/PositionControllerLandingStatus.msg
[4.233s] -- Up-to-date symlink: /repo/ws/install/share/px4/msg/PositionControllerStatus.msg
[4.233s] -- Up-to-date symlink: /repo/ws/install/share/px4/msg/PositionSetpoint.msg
[4.234s] -- Up-to-date symlink: /repo/ws/install/share/px4/msg/PositionSetpointTriplet.msg
[4.234s] -- Up-to-date symlink: /repo/ws/install/share/px4/msg/PowerButtonState.msg
[4.234s] -- Up-to-date symlink: /repo/ws/install/share/px4/msg/PowerMonitor.msg
[4.234s] -- Up-to-date symlink: /repo/ws/install/share/px4/msg/PpsCapture.msg
[4.235s] -- Up-to-date symlink: /repo/ws/install/share/px4/msg/PurePursuitStatus.msg
[4.235s] -- Up-to-date symlink: /repo/ws/install/share/px4/msg/PwmInput.msg
[4.236s] -- Up-to-date symlink: /repo/ws/install/share/px4/msg/Px4ioStatus.msg
[4.236s] -- Up-to-date symlink: /repo/ws/install/share/px4/msg/QshellReq.msg
[4.236s] -- Up-to-date symlink: /repo/ws/install/share/px4/msg/QshellRetval.msg
[4.236s] -- Up-to-date symlink: /repo/ws/install/share/px4/msg/RadioStatus.msg
[4.236s] -- Up-to-date symlink: /repo/ws/install/share/px4/msg/RateCtrlStatus.msg
[4.237s] -- Up-to-date symlink: /repo/ws/install/share/px4/msg/RcChannels.msg
[4.237s] -- Up-to-date symlink: /repo/ws/install/share/px4/msg/RcParameterMap.msg
[4.237s] -- Up-to-date symlink: /repo/ws/install/share/px4/msg/RoverAttitudeSetpoint.msg
[4.237s] -- Up-to-date symlink: /repo/ws/install/share/px4/msg/RoverAttitudeStatus.msg
[4.237s] -- Up-to-date symlink: /repo/ws/install/share/px4/msg/RoverPositionSetpoint.msg
[4.238s] -- Up-to-date symlink: /repo/ws/install/share/px4/msg/RoverRateSetpoint.msg
[4.238s] -- Up-to-date symlink: /repo/ws/install/share/px4/msg/RoverRateStatus.msg
[4.238s] -- Up-to-date symlink: /repo/ws/install/share/px4/msg/RoverSteeringSetpoint.msg
[4.238s] -- Up-to-date symlink: /repo/ws/install/share/px4/msg/RoverThrottleSetpoint.msg
[4.238s] -- Up-to-date symlink: /repo/ws/install/share/px4/msg/RoverVelocityStatus.msg
[4.239s] -- Up-to-date symlink: /repo/ws/install/share/px4/msg/Rpm.msg
[4.239s] -- Up-to-date symlink: /repo/ws/install/share/px4/msg/RtlStatus.msg
[4.239s] -- Up-to-date symlink: /repo/ws/install/share/px4/msg/RtlTimeEstimate.msg
[4.239s] -- Up-to-date symlink: /repo/ws/install/share/px4/msg/SatelliteInfo.msg
[4.239s] -- Up-to-date symlink: /repo/ws/install/share/px4/msg/SensorAccel.msg
[4.239s] -- Up-to-date symlink: /repo/ws/install/share/px4/msg/SensorAccelFifo.msg
[4.240s] -- Up-to-date symlink: /repo/ws/install/share/px4/msg/SensorAirflow.msg
[4.240s] -- Up-to-date symlink: /repo/ws/install/share/px4/msg/SensorBaro.msg
[4.240s] -- Up-to-date symlink: /repo/ws/install/share/px4/msg/SensorCombined.msg
[4.240s] -- Up-to-date symlink: /repo/ws/install/share/px4/msg/SensorCorrection.msg
[4.241s] -- Up-to-date symlink: /repo/ws/install/share/px4/msg/SensorGnssRelative.msg
[4.241s] -- Up-to-date symlink: /repo/ws/install/share/px4/msg/SensorGps.msg
[4.241s] -- Up-to-date symlink: /repo/ws/install/share/px4/msg/SensorGyro.msg
[4.241s] -- Up-to-date symlink: /repo/ws/install/share/px4/msg/SensorGyroFft.msg
[4.242s] -- Up-to-date symlink: /repo/ws/install/share/px4/msg/SensorGyroFifo.msg
[4.242s] -- Up-to-date symlink: /repo/ws/install/share/px4/msg/SensorHygrometer.msg
[4.242s] -- Up-to-date symlink: /repo/ws/install/share/px4/msg/SensorMag.msg
[4.242s] -- Up-to-date symlink: /repo/ws/install/share/px4/msg/SensorOpticalFlow.msg
[4.243s] -- Up-to-date symlink: /repo/ws/install/share/px4/msg/SensorPreflightMag.msg
[4.243s] -- Up-to-date symlink: /repo/ws/install/share/px4/msg/SensorSelection.msg
[4.243s] -- Up-to-date symlink: /repo/ws/install/share/px4/msg/SensorUwb.msg
[4.243s] -- Up-to-date symlink: /repo/ws/install/share/px4/msg/SensorsStatus.msg
[4.243s] -- Up-to-date symlink: /repo/ws/install/share/px4/msg/SensorsStatusImu.msg
[4.243s] -- Up-to-date symlink: /repo/ws/install/share/px4/msg/SystemPower.msg
[4.244s] -- Up-to-date symlink: /repo/ws/install/share/px4/msg/TakeoffStatus.msg
[4.244s] -- Up-to-date symlink: /repo/ws/install/share/px4/msg/TaskStackInfo.msg
[4.244s] -- Up-to-date symlink: /repo/ws/install/share/px4/msg/TecsStatus.msg
[4.244s] -- Up-to-date symlink: /repo/ws/install/share/px4/msg/TelemetryStatus.msg
[4.244s] -- Up-to-date symlink: /repo/ws/install/share/px4/msg/TiltrotorExtraControls.msg
[4.245s] -- Up-to-date symlink: /repo/ws/install/share/px4/msg/TimesyncStatus.msg
[4.245s] -- Up-to-date symlink: /repo/ws/install/share/px4/msg/TrajectorySetpoint6dof.msg
[4.245s] -- Up-to-date symlink: /repo/ws/install/share/px4/msg/TransponderReport.msg
[4.245s] -- Up-to-date symlink: /repo/ws/install/share/px4/msg/TuneControl.msg
[4.245s] -- Up-to-date symlink: /repo/ws/install/share/px4/msg/UavcanParameterRequest.msg
[4.246s] -- Up-to-date symlink: /repo/ws/install/share/px4/msg/UavcanParameterValue.msg
[4.246s] -- Up-to-date symlink: /repo/ws/install/share/px4/msg/UlogStream.msg
[4.246s] -- Up-to-date symlink: /repo/ws/install/share/px4/msg/UlogStreamAck.msg
[4.246s] -- Up-to-date symlink: /repo/ws/install/share/px4/msg/VehicleAcceleration.msg
[4.247s] -- Up-to-date symlink: /repo/ws/install/share/px4/msg/VehicleAirData.msg
[4.247s] -- Up-to-date symlink: /repo/ws/install/share/px4/msg/VehicleAngularAccelerationSetpoint.msg
[4.247s] -- Up-to-date symlink: /repo/ws/install/share/px4/msg/VehicleConstraints.msg
[4.247s] -- Up-to-date symlink: /repo/ws/install/share/px4/msg/VehicleImu.msg
[4.247s] -- Up-to-date symlink: /repo/ws/install/share/px4/msg/VehicleImuStatus.msg
[4.247s] -- Up-to-date symlink: /repo/ws/install/share/px4/msg/VehicleLocalPositionSetpoint.msg
[4.248s] -- Up-to-date symlink: /repo/ws/install/share/px4/msg/VehicleMagnetometer.msg
[4.248s] -- Up-to-date symlink: /repo/ws/install/share/px4/msg/VehicleOpticalFlow.msg
[4.248s] -- Up-to-date symlink: /repo/ws/install/share/px4/msg/VehicleOpticalFlowVel.msg
[4.248s] -- Up-to-date symlink: /repo/ws/install/share/px4/msg/VehicleRoi.msg
[4.248s] -- Up-to-date symlink: /repo/ws/install/share/px4/msg/VehicleThrustSetpoint.msg
[4.249s] -- Up-to-date symlink: /repo/ws/install/share/px4/msg/VehicleTorqueSetpoint.msg
[4.249s] -- Up-to-date symlink: /repo/ws/install/share/px4/msg/VelocityLimits.msg
[4.249s] -- Up-to-date symlink: /repo/ws/install/share/px4/msg/WheelEncoders.msg
[4.250s] -- Up-to-date symlink: /repo/ws/install/share/px4/msg/Wind.msg
[4.250s] -- Up-to-date symlink: /repo/ws/install/share/px4/msg/YawEstimatorStatus.msg
[4.250s] -- Up-to-date symlink: /repo/ws/install/share/px4/versioned/ActuatorMotors.msg
[4.250s] -- Up-to-date symlink: /repo/ws/install/share/px4/versioned/ActuatorServos.msg
[4.250s] -- Up-to-date symlink: /repo/ws/install/share/px4/versioned/AirspeedValidated.msg
[4.251s] -- Up-to-date symlink: /repo/ws/install/share/px4/versioned/ArmingCheckReply.msg
[4.251s] -- Up-to-date symlink: /repo/ws/install/share/px4/versioned/ArmingCheckRequest.msg
[4.251s] -- Up-to-date symlink: /repo/ws/install/share/px4/versioned/BatteryStatus.msg
[4.251s] -- Up-to-date symlink: /repo/ws/install/share/px4/versioned/ConfigOverrides.msg
[4.251s] -- Up-to-date symlink: /repo/ws/install/share/px4/versioned/GotoSetpoint.msg
[4.252s] -- Up-to-date symlink: /repo/ws/install/share/px4/versioned/HomePosition.msg
[4.252s] -- Up-to-date symlink: /repo/ws/install/share/px4/versioned/ManualControlSetpoint.msg
[4.252s] -- Up-to-date symlink: /repo/ws/install/share/px4/versioned/ModeCompleted.msg
[4.252s] -- Up-to-date symlink: /repo/ws/install/share/px4/versioned/RegisterExtComponentReply.msg
[4.252s] -- Up-to-date symlink: /repo/ws/install/share/px4/versioned/RegisterExtComponentRequest.msg
[4.253s] -- Up-to-date symlink: /repo/ws/install/share/px4/versioned/TrajectorySetpoint.msg
[4.253s] -- Up-to-date symlink: /repo/ws/install/share/px4/versioned/UnregisterExtComponent.msg
[4.253s] -- Up-to-date symlink: /repo/ws/install/share/px4/versioned/VehicleAngularVelocity.msg
[4.253s] -- Up-to-date symlink: /repo/ws/install/share/px4/versioned/VehicleAttitude.msg
[4.253s] -- Up-to-date symlink: /repo/ws/install/share/px4/versioned/VehicleAttitudeSetpoint.msg
[4.254s] -- Up-to-date symlink: /repo/ws/install/share/px4/versioned/VehicleCommand.msg
[4.254s] -- Up-to-date symlink: /repo/ws/install/share/px4/versioned/VehicleCommandAck.msg
[4.254s] -- Up-to-date symlink: /repo/ws/install/share/px4/versioned/VehicleControlMode.msg
[4.254s] -- Up-to-date symlink: /repo/ws/install/share/px4/versioned/VehicleGlobalPosition.msg
[4.254s] -- Up-to-date symlink: /repo/ws/install/share/px4/versioned/VehicleLandDetected.msg
[4.255s] -- Up-to-date symlink: /repo/ws/install/share/px4/versioned/VehicleLocalPosition.msg
[4.255s] -- Up-to-date symlink: /repo/ws/install/share/px4/versioned/VehicleOdometry.msg
[4.255s] -- Up-to-date symlink: /repo/ws/install/share/px4/versioned/VehicleRatesSetpoint.msg
[4.255s] -- Up-to-date symlink: /repo/ws/install/share/px4/versioned/VehicleStatus.msg
[4.255s] -- Up-to-date symlink: /repo/ws/install/share/px4/versioned/VtolVehicleStatus.msg
[4.256s] -- Up-to-date symlink: /repo/ws/install/share/ament_index/resource_index/package_run_dependencies/px4
[4.256s] -- Up-to-date symlink: /repo/ws/install/share/ament_index/resource_index/parent_prefix_path/px4
[4.256s] -- Up-to-date symlink: /repo/ws/install/share/px4/environment/ament_prefix_path.sh
[4.257s] -- Up-to-date symlink: /repo/ws/install/share/px4/environment/ament_prefix_path.dsv
[4.257s] -- Up-to-date symlink: /repo/ws/install/share/px4/environment/path.sh
[4.257s] -- Up-to-date symlink: /repo/ws/install/share/px4/environment/path.dsv
[4.258s] -- Up-to-date symlink: /repo/ws/install/share/px4/local_setup.bash
[4.258s] -- Up-to-date symlink: /repo/ws/install/share/px4/local_setup.sh
[4.258s] -- Up-to-date symlink: /repo/ws/install/share/px4/local_setup.zsh
[4.259s] -- Up-to-date symlink: /repo/ws/install/share/px4/local_setup.dsv
[4.259s] -- Symlinking: /repo/ws/install/share/px4/package.dsv
[4.273s] -- Up-to-date symlink: /repo/ws/install/share/ament_index/resource_index/packages/px4
[4.273s] -- Up-to-date symlink: /repo/ws/install/share/px4/cmake/px4Config.cmake
[4.273s] -- Up-to-date symlink: /repo/ws/install/share/px4/cmake/px4Config-version.cmake
[4.274s] -- Up-to-date symlink: /repo/ws/install/share/px4/package.xml
[4.275s] -- Up-to-date: /repo/ws/install/lib/libpx4__rosidl_generator_c.so
[4.275s] -- Up-to-date: /repo/ws/install/lib/libpx4__rosidl_typesupport_fastrtps_c.so
[4.276s] -- Up-to-date: /repo/ws/install/lib/libpx4__rosidl_typesupport_fastrtps_cpp.so
[4.276s] -- Up-to-date: /repo/ws/install/lib/libpx4__rosidl_typesupport_introspection_c.so
[4.277s] -- Up-to-date: /repo/ws/install/lib/libpx4__rosidl_typesupport_c.so
[4.277s] -- Up-to-date: /repo/ws/install/lib/libpx4__rosidl_typesupport_introspection_cpp.so
[4.278s] -- Up-to-date: /repo/ws/install/lib/libpx4__rosidl_typesupport_cpp.so
[4.338s] Listing '/repo/ws/install/lib/python3.12/site-packages/px4'...
[4.338s] Listing '/repo/ws/install/lib/python3.12/site-packages/px4/msg'...
[4.343s] -- Up-to-date: /repo/ws/install/lib/libpx4__rosidl_generator_py.so
[4.346s] Invoked command in '/repo/ws/build/px4' returned '0': CMAKE_PREFIX_PATH=${CMAKE_PREFIX_PATH}:/opt/ros/jazzy /usr/bin/cmake --install /repo/ws/build/px4
