[0.276s] Invoking command in '/repo/ws/build/px4_msgs': CMAKE_PREFIX_PATH=${CMAKE_PREFIX_PATH}:/opt/ros/jazzy /usr/bin/cmake /repo/ws/src/px4_msgs -DAMENT_CMAKE_SYMLINK_INSTALL=1 -DCMAKE_INSTALL_PREFIX=/repo/ws/install
[0.368s] -- The C compiler identification is GNU 13.3.0
[0.446s] -- The CXX compiler identification is GNU 13.3.0
[0.477s] -- Detecting C compiler ABI info
[0.627s] -- Detecting C compiler ABI info - done
[0.639s] -- Check for working C compiler: /usr/bin/cc - skipped
[0.639s] -- Detecting C compile features
[0.645s] -- Detecting C compile features - done
[0.672s] -- Detecting CXX compiler ABI info
[0.981s] -- Detecting CXX compiler ABI info - done
[1.034s] -- Check for working CXX compiler: /usr/bin/c++ - skipped
[1.035s] -- Detecting CXX compile features
[1.035s] -- Detecting CXX compile features - done
[1.052s] -- Found ament_cmake: 2.5.4 (/opt/ros/jazzy/share/ament_cmake/cmake)
[1.396s] -- Found Python3: /opt/venv/bin/python3 (found version "3.12.3") found components: Interpreter 
[1.666s] -- Override CMake install command with custom implementation using symlinks instead of copying resources
[2.032s] -- Found builtin_interfaces: 2.0.3 (/opt/ros/jazzy/share/builtin_interfaces/cmake)
[2.145s] -- Found rosidl_generator_c: 4.6.6 (/opt/ros/jazzy/share/rosidl_generator_c/cmake)
[2.206s] -- Found rosidl_generator_cpp: 4.6.6 (/opt/ros/jazzy/share/rosidl_generator_cpp/cmake)
[2.247s] -- Using all available rosidl_typesupport_c: rosidl_typesupport_fastrtps_c;rosidl_typesupport_introspection_c
[2.304s] -- Using all available rosidl_typesupport_cpp: rosidl_typesupport_fastrtps_cpp;rosidl_typesupport_introspection_cpp
[2.440s] -- Found rosidl_default_generators: 1.6.0 (/opt/ros/jazzy/share/rosidl_default_generators/cmake)
[2.536s] -- Found rosidl_adapter: 4.6.6 (/opt/ros/jazzy/share/rosidl_adapter/cmake)
[5.695s] -- Found ament_cmake_ros: 0.12.0 (/opt/ros/jazzy/share/ament_cmake_ros/cmake)
[6.772s] -- Using all available rosidl_typesupport_c: rosidl_typesupport_fastrtps_c;rosidl_typesupport_introspection_c
[7.219s] -- Using all available rosidl_typesupport_cpp: rosidl_typesupport_fastrtps_cpp;rosidl_typesupport_introspection_cpp
[7.230s] -- Found python_cmake_module: 0.11.1 (/opt/ros/jazzy/share/python_cmake_module/cmake)
[7.402s] -- Found PythonExtra: /opt/venv/bin/python3  
[8.212s] -- Found Python3: /opt/venv/bin/python3 (found version "3.12.3") found components: Interpreter Development NumPy Development.Module Development.Embed 
[8.422s] -- Configuring done (8.1s)
[9.125s] -- Generating done (0.6s)
[9.177s] -- Build files have been written to: /repo/ws/build/px4_msgs
[9.206s] Invoked command in '/repo/ws/build/px4_msgs' returned '0': CMAKE_PREFIX_PATH=${CMAKE_PREFIX_PATH}:/opt/ros/jazzy /usr/bin/cmake /repo/ws/src/px4_msgs -DAMENT_CMAKE_SYMLINK_INSTALL=1 -DCMAKE_INSTALL_PREFIX=/repo/ws/install
[9.206s] Invoking command in '/repo/ws/build/px4_msgs': CMAKE_PREFIX_PATH=${CMAKE_PREFIX_PATH}:/opt/ros/jazzy /usr/bin/cmake --build /repo/ws/build/px4_msgs -- -j4 -l4
[11.015s] [  0%] [34m[1mGenerating type hashes for ROS interfaces[0m
[11.025s] [  0%] Built target ament_cmake_python_symlink_px4_msgs
[11.348s] running egg_info
[11.362s] creating px4_msgs.egg-info
[11.363s] writing px4_msgs.egg-info/PKG-INFO
[11.363s] writing dependency_links to px4_msgs.egg-info/dependency_links.txt
[11.363s] writing top-level names to px4_msgs.egg-info/top_level.txt
[11.363s] writing manifest file 'px4_msgs.egg-info/SOURCES.txt'
[11.408s] reading manifest file 'px4_msgs.egg-info/SOURCES.txt'
[11.408s] writing manifest file 'px4_msgs.egg-info/SOURCES.txt'
[11.450s] [  0%] Built target ament_cmake_python_build_px4_msgs_egg
[68.394s] [  0%] Built target px4_msgs__rosidl_generator_type_description
[68.495s] [  0%] [34m[1mGenerating C++ code for ROS interfaces[0m
[145.308s] [  0%] Built target px4_msgs__cpp
[145.379s] [  0%] [34m[1mGenerating C code for ROS interfaces[0m
[246.210s] [  0%] [32mBuilding C object CMakeFiles/px4_msgs__rosidl_generator_c.dir/rosidl_generator_c/px4_msgs/msg/detail/action_request__description.c.o[0m
[246.284s] [  0%] [32mBuilding C object CMakeFiles/px4_msgs__rosidl_generator_c.dir/rosidl_generator_c/px4_msgs/msg/detail/actuator_armed__description.c.o[0m
[246.358s] [  0%] [32mBuilding C object CMakeFiles/px4_msgs__rosidl_generator_c.dir/rosidl_generator_c/px4_msgs/msg/detail/actuator_armed__functions.c.o[0m
[246.455s] [  0%] [32mBuilding C object CMakeFiles/px4_msgs__rosidl_generator_c.dir/rosidl_generator_c/px4_msgs/msg/detail/actuator_armed__type_support.c.o[0m
[246.519s] [  0%] [32mBuilding C object CMakeFiles/px4_msgs__rosidl_generator_c.dir/rosidl_generator_c/px4_msgs/msg/detail/actuator_controls_status__description.c.o[0m
[246.596s] [  0%] [32mBuilding C object CMakeFiles/px4_msgs__rosidl_generator_c.dir/rosidl_generator_c/px4_msgs/msg/detail/actuator_controls_status__functions.c.o[0m
[246.685s] [  0%] [32mBuilding C object CMakeFiles/px4_msgs__rosidl_generator_c.dir/rosidl_generator_c/px4_msgs/msg/detail/actuator_controls_status__type_support.c.o[0m
[246.747s] [  0%] [32mBuilding C object CMakeFiles/px4_msgs__rosidl_generator_c.dir/rosidl_generator_c/px4_msgs/msg/detail/actuator_motors__description.c.o[0m
[246.819s] [  0%] [32mBuilding C object CMakeFiles/px4_msgs__rosidl_generator_c.dir/rosidl_generator_c/px4_msgs/msg/detail/actuator_motors__functions.c.o[0m
[246.912s] [  0%] [32mBuilding C object CMakeFiles/px4_msgs__rosidl_generator_c.dir/rosidl_generator_c/px4_msgs/msg/detail/actuator_motors__type_support.c.o[0m
[246.972s] [  0%] [32mBuilding C object CMakeFiles/px4_msgs__rosidl_generator_c.dir/rosidl_generator_c/px4_msgs/msg/detail/actuator_outputs__description.c.o[0m
[247.043s] [  0%] [32mBuilding C object CMakeFiles/px4_msgs__rosidl_generator_c.dir/rosidl_generator_c/px4_msgs/msg/detail/actuator_outputs__functions.c.o[0m
[247.134s] [  0%] [32mBuilding C object CMakeFiles/px4_msgs__rosidl_generator_c.dir/rosidl_generator_c/px4_msgs/msg/detail/actuator_outputs__type_support.c.o[0m
[247.195s] [  0%] [32mBuilding C object CMakeFiles/px4_msgs__rosidl_generator_c.dir/rosidl_generator_c/px4_msgs/msg/detail/actuator_servos__description.c.o[0m
[247.269s] [  0%] [32mBuilding C object CMakeFiles/px4_msgs__rosidl_generator_c.dir/rosidl_generator_c/px4_msgs/msg/detail/actuator_servos__functions.c.o[0m
[247.357s] [  0%] [32mBuilding C object CMakeFiles/px4_msgs__rosidl_generator_c.dir/rosidl_generator_c/px4_msgs/msg/detail/actuator_servos__type_support.c.o[0m
[247.419s] [  0%] [32mBuilding C object CMakeFiles/px4_msgs__rosidl_generator_c.dir/rosidl_generator_c/px4_msgs/msg/detail/actuator_servos_trim__description.c.o[0m
[247.499s] [  0%] [32mBuilding C object CMakeFiles/px4_msgs__rosidl_generator_c.dir/rosidl_generator_c/px4_msgs/msg/detail/actuator_servos_trim__functions.c.o[0m
[247.594s] [  0%] [32mBuilding C object CMakeFiles/px4_msgs__rosidl_generator_c.dir/rosidl_generator_c/px4_msgs/msg/detail/actuator_servos_trim__type_support.c.o[0m
[247.661s] [  1%] [32mBuilding C object CMakeFiles/px4_msgs__rosidl_generator_c.dir/rosidl_generator_c/px4_msgs/msg/detail/actuator_test__description.c.o[0m
[247.731s] [  1%] [32mBuilding C object CMakeFiles/px4_msgs__rosidl_generator_c.dir/rosidl_generator_c/px4_msgs/msg/detail/actuator_test__functions.c.o[0m
[247.823s] [  1%] [32mBuilding C object CMakeFiles/px4_msgs__rosidl_generator_c.dir/rosidl_generator_c/px4_msgs/msg/detail/actuator_test__type_support.c.o[0m
[247.889s] [  1%] [32mBuilding C object CMakeFiles/px4_msgs__rosidl_generator_c.dir/rosidl_generator_c/px4_msgs/msg/detail/adc_report__description.c.o[0m
[247.959s] [  1%] [32mBuilding C object CMakeFiles/px4_msgs__rosidl_generator_c.dir/rosidl_generator_c/px4_msgs/msg/detail/adc_report__functions.c.o[0m
[248.047s] [  1%] [32mBuilding C object CMakeFiles/px4_msgs__rosidl_generator_c.dir/rosidl_generator_c/px4_msgs/msg/detail/adc_report__type_support.c.o[0m
[248.110s] [  1%] [32mBuilding C object CMakeFiles/px4_msgs__rosidl_generator_c.dir/rosidl_generator_c/px4_msgs/msg/detail/airspeed__description.c.o[0m
[248.183s] [  1%] [32mBuilding C object CMakeFiles/px4_msgs__rosidl_generator_c.dir/rosidl_generator_c/px4_msgs/msg/detail/airspeed__functions.c.o[0m
[248.276s] [  1%] [32mBuilding C object CMakeFiles/px4_msgs__rosidl_generator_c.dir/rosidl_generator_c/px4_msgs/msg/detail/airspeed__type_support.c.o[0m
[248.333s] [  1%] [32mBuilding C object CMakeFiles/px4_msgs__rosidl_generator_c.dir/rosidl_generator_c/px4_msgs/msg/detail/airspeed_validated__description.c.o[0m
[248.411s] [  1%] [32mBuilding C object CMakeFiles/px4_msgs__rosidl_generator_c.dir/rosidl_generator_c/px4_msgs/msg/detail/airspeed_validated__functions.c.o[0m
[248.510s] [  1%] [32mBuilding C object CMakeFiles/px4_msgs__rosidl_generator_c.dir/rosidl_generator_c/px4_msgs/msg/detail/airspeed_validated__type_support.c.o[0m
[248.579s] [  1%] [32mBuilding C object CMakeFiles/px4_msgs__rosidl_generator_c.dir/rosidl_generator_c/px4_msgs/msg/detail/airspeed_wind__description.c.o[0m
[248.653s] [  1%] [32mBuilding C object CMakeFiles/px4_msgs__rosidl_generator_c.dir/rosidl_generator_c/px4_msgs/msg/detail/airspeed_wind__functions.c.o[0m
[248.742s] [  1%] [32mBuilding C object CMakeFiles/px4_msgs__rosidl_generator_c.dir/rosidl_generator_c/px4_msgs/msg/detail/airspeed_wind__type_support.c.o[0m
[248.799s] [  1%] [32mBuilding C object CMakeFiles/px4_msgs__rosidl_generator_c.dir/rosidl_generator_c/px4_msgs/msg/detail/arming_check_reply__description.c.o[0m
[248.879s] [  1%] [32mBuilding C object CMakeFiles/px4_msgs__rosidl_generator_c.dir/rosidl_generator_c/px4_msgs/msg/detail/arming_check_reply__functions.c.o[0m
[248.973s] [  1%] [32mBuilding C object CMakeFiles/px4_msgs__rosidl_generator_c.dir/rosidl_generator_c/px4_msgs/msg/detail/arming_check_reply__type_support.c.o[0m
[249.033s] [  1%] [32mBuilding C object CMakeFiles/px4_msgs__rosidl_generator_c.dir/rosidl_generator_c/px4_msgs/msg/detail/arming_check_request__description.c.o[0m
[249.106s] [  1%] [32mBuilding C object CMakeFiles/px4_msgs__rosidl_generator_c.dir/rosidl_generator_c/px4_msgs/msg/detail/arming_check_request__functions.c.o[0m
[249.194s] [  1%] [32mBuilding C object CMakeFiles/px4_msgs__rosidl_generator_c.dir/rosidl_generator_c/px4_msgs/msg/detail/arming_check_request__type_support.c.o[0m
[249.250s] [  1%] [32mBuilding C object CMakeFiles/px4_msgs__rosidl_generator_c.dir/rosidl_generator_c/px4_msgs/msg/detail/autotune_attitude_control_status__description.c.o[0m
[249.320s] [  1%] [32mBuilding C object CMakeFiles/px4_msgs__rosidl_generator_c.dir/rosidl_generator_c/px4_msgs/msg/detail/autotune_attitude_control_status__functions.c.o[0m
[249.410s] [  1%] [32mBuilding C object CMakeFiles/px4_msgs__rosidl_generator_c.dir/rosidl_generator_c/px4_msgs/msg/detail/autotune_attitude_control_status__type_support.c.o[0m
[249.476s] [  2%] [32mBuilding C object CMakeFiles/px4_msgs__rosidl_generator_c.dir/rosidl_generator_c/px4_msgs/msg/detail/battery_info__description.c.o[0m
[249.549s] [  2%] [32mBuilding C object CMakeFiles/px4_msgs__rosidl_generator_c.dir/rosidl_generator_c/px4_msgs/msg/detail/battery_info__functions.c.o[0m
[249.640s] [  2%] [32mBuilding C object CMakeFiles/px4_msgs__rosidl_generator_c.dir/rosidl_generator_c/px4_msgs/msg/detail/battery_info__type_support.c.o[0m
[249.712s] [  2%] [32mBuilding C object CMakeFiles/px4_msgs__rosidl_generator_c.dir/rosidl_generator_c/px4_msgs/msg/detail/battery_status__description.c.o[0m
[249.789s] [  2%] [32mBuilding C object CMakeFiles/px4_msgs__rosidl_generator_c.dir/rosidl_generator_c/px4_msgs/msg/detail/battery_status__functions.c.o[0m
[249.884s] [  2%] [32mBuilding C object CMakeFiles/px4_msgs__rosidl_generator_c.dir/rosidl_generator_c/px4_msgs/msg/detail/battery_status__type_support.c.o[0m
[249.946s] [  2%] [32mBuilding C object CMakeFiles/px4_msgs__rosidl_generator_c.dir/rosidl_generator_c/px4_msgs/msg/detail/button_event__description.c.o[0m
[250.015s] [  2%] [32mBuilding C object CMakeFiles/px4_msgs__rosidl_generator_c.dir/rosidl_generator_c/px4_msgs/msg/detail/button_event__functions.c.o[0m
[250.101s] [  2%] [32mBuilding C object CMakeFiles/px4_msgs__rosidl_generator_c.dir/rosidl_generator_c/px4_msgs/msg/detail/button_event__type_support.c.o[0m
[250.166s] [  2%] [32mBuilding C object CMakeFiles/px4_msgs__rosidl_generator_c.dir/rosidl_generator_c/px4_msgs/msg/detail/camera_capture__description.c.o[0m
[250.234s] [  2%] [32mBuilding C object CMakeFiles/px4_msgs__rosidl_generator_c.dir/rosidl_generator_c/px4_msgs/msg/detail/camera_capture__functions.c.o[0m
[250.322s] [  2%] [32mBuilding C object CMakeFiles/px4_msgs__rosidl_generator_c.dir/rosidl_generator_c/px4_msgs/msg/detail/camera_capture__type_support.c.o[0m
[250.383s] [  2%] [32mBuilding C object CMakeFiles/px4_msgs__rosidl_generator_c.dir/rosidl_generator_c/px4_msgs/msg/detail/camera_status__description.c.o[0m
[250.450s] [  2%] [32mBuilding C object CMakeFiles/px4_msgs__rosidl_generator_c.dir/rosidl_generator_c/px4_msgs/msg/detail/camera_status__functions.c.o[0m
[250.541s] [  2%] [32mBuilding C object CMakeFiles/px4_msgs__rosidl_generator_c.dir/rosidl_generator_c/px4_msgs/msg/detail/camera_status__type_support.c.o[0m
[250.597s] [  2%] [32mBuilding C object CMakeFiles/px4_msgs__rosidl_generator_c.dir/rosidl_generator_c/px4_msgs/msg/detail/camera_trigger__description.c.o[0m
[250.667s] [  2%] [32mBuilding C object CMakeFiles/px4_msgs__rosidl_generator_c.dir/rosidl_generator_c/px4_msgs/msg/detail/camera_trigger__functions.c.o[0m
[250.753s] [  2%] [32mBuilding C object CMakeFiles/px4_msgs__rosidl_generator_c.dir/rosidl_generator_c/px4_msgs/msg/detail/camera_trigger__type_support.c.o[0m
[250.816s] [  2%] [32mBuilding C object CMakeFiles/px4_msgs__rosidl_generator_c.dir/rosidl_generator_c/px4_msgs/msg/detail/can_interface_status__description.c.o[0m
[250.895s] [  2%] [32mBuilding C object CMakeFiles/px4_msgs__rosidl_generator_c.dir/rosidl_generator_c/px4_msgs/msg/detail/can_interface_status__functions.c.o[0m
[250.988s] [  2%] [32mBuilding C object CMakeFiles/px4_msgs__rosidl_generator_c.dir/rosidl_generator_c/px4_msgs/msg/detail/can_interface_status__type_support.c.o[0m
[251.051s] [  2%] [32mBuilding C object CMakeFiles/px4_msgs__rosidl_generator_c.dir/rosidl_generator_c/px4_msgs/msg/detail/cellular_status__description.c.o[0m
[251.117s] [  2%] [32mBuilding C object CMakeFiles/px4_msgs__rosidl_generator_c.dir/rosidl_generator_c/px4_msgs/msg/detail/cellular_status__functions.c.o[0m
[251.207s] [  2%] [32mBuilding C object CMakeFiles/px4_msgs__rosidl_generator_c.dir/rosidl_generator_c/px4_msgs/msg/detail/cellular_status__type_support.c.o[0m
[251.266s] [  2%] [32mBuilding C object CMakeFiles/px4_msgs__rosidl_generator_c.dir/rosidl_generator_c/px4_msgs/msg/detail/collision_constraints__description.c.o[0m
[251.337s] [  3%] [32mBuilding C object CMakeFiles/px4_msgs__rosidl_generator_c.dir/rosidl_generator_c/px4_msgs/msg/detail/collision_constraints__functions.c.o[0m
[251.426s] [  3%] [32mBuilding C object CMakeFiles/px4_msgs__rosidl_generator_c.dir/rosidl_generator_c/px4_msgs/msg/detail/collision_constraints__type_support.c.o[0m
[251.496s] [  3%] [32mBuilding C object CMakeFiles/px4_msgs__rosidl_generator_c.dir/rosidl_generator_c/px4_msgs/msg/detail/config_overrides__description.c.o[0m
[251.565s] [  3%] [32mBuilding C object CMakeFiles/px4_msgs__rosidl_generator_c.dir/rosidl_generator_c/px4_msgs/msg/detail/config_overrides__functions.c.o[0m
[251.650s] [  3%] [32mBuilding C object CMakeFiles/px4_msgs__rosidl_generator_c.dir/rosidl_generator_c/px4_msgs/msg/detail/config_overrides__type_support.c.o[0m
[251.712s] [  3%] [32mBuilding C object CMakeFiles/px4_msgs__rosidl_generator_c.dir/rosidl_generator_c/px4_msgs/msg/detail/control_allocator_status__description.c.o[0m
[251.783s] [  3%] [32mBuilding C object CMakeFiles/px4_msgs__rosidl_generator_c.dir/rosidl_generator_c/px4_msgs/msg/detail/control_allocator_status__functions.c.o[0m
[251.867s] [  3%] [32mBuilding C object CMakeFiles/px4_msgs__rosidl_generator_c.dir/rosidl_generator_c/px4_msgs/msg/detail/control_allocator_status__type_support.c.o[0m
[251.925s] [  3%] [32mBuilding C object CMakeFiles/px4_msgs__rosidl_generator_c.dir/rosidl_generator_c/px4_msgs/msg/detail/cpuload__description.c.o[0m
[251.997s] [  3%] [32mBuilding C object CMakeFiles/px4_msgs__rosidl_generator_c.dir/rosidl_generator_c/px4_msgs/msg/detail/cpuload__functions.c.o[0m
[252.080s] [  3%] [32mBuilding C object CMakeFiles/px4_msgs__rosidl_generator_c.dir/rosidl_generator_c/px4_msgs/msg/detail/cpuload__type_support.c.o[0m
[252.140s] [  3%] [32mBuilding C object CMakeFiles/px4_msgs__rosidl_generator_c.dir/rosidl_generator_c/px4_msgs/msg/detail/dataman_request__description.c.o[0m
[252.209s] [  3%] [32mBuilding C object CMakeFiles/px4_msgs__rosidl_generator_c.dir/rosidl_generator_c/px4_msgs/msg/detail/dataman_request__functions.c.o[0m
[252.294s] [  3%] [32mBuilding C object CMakeFiles/px4_msgs__rosidl_generator_c.dir/rosidl_generator_c/px4_msgs/msg/detail/dataman_request__type_support.c.o[0m
[252.347s] [  3%] [32mBuilding C object CMakeFiles/px4_msgs__rosidl_generator_c.dir/rosidl_generator_c/px4_msgs/msg/detail/dataman_response__description.c.o[0m
[252.416s] [  3%] [32mBuilding C object CMakeFiles/px4_msgs__rosidl_generator_c.dir/rosidl_generator_c/px4_msgs/msg/detail/dataman_response__functions.c.o[0m
[252.508s] [  3%] [32mBuilding C object CMakeFiles/px4_msgs__rosidl_generator_c.dir/rosidl_generator_c/px4_msgs/msg/detail/dataman_response__type_support.c.o[0m
[252.568s] [  3%] [32mBuilding C object CMakeFiles/px4_msgs__rosidl_generator_c.dir/rosidl_generator_c/px4_msgs/msg/detail/debug_array__description.c.o[0m
[252.641s] [  3%] [32mBuilding C object CMakeFiles/px4_msgs__rosidl_generator_c.dir/rosidl_generator_c/px4_msgs/msg/detail/debug_array__functions.c.o[0m
[252.725s] [  3%] [32mBuilding C object CMakeFiles/px4_msgs__rosidl_generator_c.dir/rosidl_generator_c/px4_msgs/msg/detail/debug_array__type_support.c.o[0m
[252.783s] [  3%] [32mBuilding C object CMakeFiles/px4_msgs__rosidl_generator_c.dir/rosidl_generator_c/px4_msgs/msg/detail/debug_key_value__description.c.o[0m
[252.850s] [  3%] [32mBuilding C object CMakeFiles/px4_msgs__rosidl_generator_c.dir/rosidl_generator_c/px4_msgs/msg/detail/debug_key_value__functions.c.o[0m
[252.932s] [  3%] [32mBuilding C object CMakeFiles/px4_msgs__rosidl_generator_c.dir/rosidl_generator_c/px4_msgs/msg/detail/debug_key_value__type_support.c.o[0m
[252.999s] [  3%] [32mBuilding C object CMakeFiles/px4_msgs__rosidl_generator_c.dir/rosidl_generator_c/px4_msgs/msg/detail/debug_value__description.c.o[0m
[253.064s] [  4%] [32mBuilding C object CMakeFiles/px4_msgs__rosidl_generator_c.dir/rosidl_generator_c/px4_msgs/msg/detail/debug_value__functions.c.o[0m
[253.151s] [  4%] [32mBuilding C object CMakeFiles/px4_msgs__rosidl_generator_c.dir/rosidl_generator_c/px4_msgs/msg/detail/debug_value__type_support.c.o[0m
[253.215s] [  4%] [32mBuilding C object CMakeFiles/px4_msgs__rosidl_generator_c.dir/rosidl_generator_c/px4_msgs/msg/detail/debug_vect__description.c.o[0m
[253.281s] [  4%] [32mBuilding C object CMakeFiles/px4_msgs__rosidl_generator_c.dir/rosidl_generator_c/px4_msgs/msg/detail/debug_vect__functions.c.o[0m
[253.364s] [  4%] [32mBuilding C object CMakeFiles/px4_msgs__rosidl_generator_c.dir/rosidl_generator_c/px4_msgs/msg/detail/debug_vect__type_support.c.o[0m
[253.426s] [  4%] [32mBuilding C object CMakeFiles/px4_msgs__rosidl_generator_c.dir/rosidl_generator_c/px4_msgs/msg/detail/device_information__description.c.o[0m
[253.498s] [  4%] [32mBuilding C object CMakeFiles/px4_msgs__rosidl_generator_c.dir/rosidl_generator_c/px4_msgs/msg/detail/device_information__functions.c.o[0m
[253.581s] [  4%] [32mBuilding C object CMakeFiles/px4_msgs__rosidl_generator_c.dir/rosidl_generator_c/px4_msgs/msg/detail/device_information__type_support.c.o[0m
[253.637s] [  4%] [32mBuilding C object CMakeFiles/px4_msgs__rosidl_generator_c.dir/rosidl_generator_c/px4_msgs/msg/detail/differential_pressure__description.c.o[0m
[253.712s] [  4%] [32mBuilding C object CMakeFiles/px4_msgs__rosidl_generator_c.dir/rosidl_generator_c/px4_msgs/msg/detail/differential_pressure__functions.c.o[0m
[253.805s] [  4%] [32mBuilding C object CMakeFiles/px4_msgs__rosidl_generator_c.dir/rosidl_generator_c/px4_msgs/msg/detail/differential_pressure__type_support.c.o[0m
[253.864s] [  4%] [32mBuilding C object CMakeFiles/px4_msgs__rosidl_generator_c.dir/rosidl_generator_c/px4_msgs/msg/detail/distance_sensor__description.c.o[0m
[253.938s] [  4%] [32mBuilding C object CMakeFiles/px4_msgs__rosidl_generator_c.dir/rosidl_generator_c/px4_msgs/msg/detail/distance_sensor__functions.c.o[0m
[254.035s] [  4%] [32mBuilding C object CMakeFiles/px4_msgs__rosidl_generator_c.dir/rosidl_generator_c/px4_msgs/msg/detail/distance_sensor__type_support.c.o[0m
[254.099s] [  4%] [32mBuilding C object CMakeFiles/px4_msgs__rosidl_generator_c.dir/rosidl_generator_c/px4_msgs/msg/detail/distance_sensor_mode_change_request__description.c.o[0m
[254.173s] [  4%] [32mBuilding C object CMakeFiles/px4_msgs__rosidl_generator_c.dir/rosidl_generator_c/px4_msgs/msg/detail/distance_sensor_mode_change_request__functions.c.o[0m
[254.254s] [  4%] [32mBuilding C object CMakeFiles/px4_msgs__rosidl_generator_c.dir/rosidl_generator_c/px4_msgs/msg/detail/distance_sensor_mode_change_request__type_support.c.o[0m
[254.322s] [  4%] [32mBuilding C object CMakeFiles/px4_msgs__rosidl_generator_c.dir/rosidl_generator_c/px4_msgs/msg/detail/dronecan_node_status__description.c.o[0m
[254.397s] [  4%] [32mBuilding C object CMakeFiles/px4_msgs__rosidl_generator_c.dir/rosidl_generator_c/px4_msgs/msg/detail/dronecan_node_status__functions.c.o[0m
[254.491s] [  4%] [32mBuilding C object CMakeFiles/px4_msgs__rosidl_generator_c.dir/rosidl_generator_c/px4_msgs/msg/detail/dronecan_node_status__type_support.c.o[0m
[254.553s] [  4%] [32mBuilding C object CMakeFiles/px4_msgs__rosidl_generator_c.dir/rosidl_generator_c/px4_msgs/msg/detail/ekf2_timestamps__description.c.o[0m
[254.624s] [  4%] [32mBuilding C object CMakeFiles/px4_msgs__rosidl_generator_c.dir/rosidl_generator_c/px4_msgs/msg/detail/ekf2_timestamps__functions.c.o[0m
[254.715s] [  4%] [32mBuilding C object CMakeFiles/px4_msgs__rosidl_generator_c.dir/rosidl_generator_c/px4_msgs/msg/detail/ekf2_timestamps__type_support.c.o[0m
[254.786s] [  4%] [32mBuilding C object CMakeFiles/px4_msgs__rosidl_generator_c.dir/rosidl_generator_c/px4_msgs/msg/detail/esc_report__description.c.o[0m
[254.864s] [  4%] [32mBuilding C object CMakeFiles/px4_msgs__rosidl_generator_c.dir/rosidl_generator_c/px4_msgs/msg/detail/esc_report__functions.c.o[0m
[254.954s] [  5%] [32mBuilding C object CMakeFiles/px4_msgs__rosidl_generator_c.dir/rosidl_generator_c/px4_msgs/msg/detail/esc_report__type_support.c.o[0m
[255.015s] [  5%] [32mBuilding C object CMakeFiles/px4_msgs__rosidl_generator_c.dir/rosidl_generator_c/px4_msgs/msg/detail/esc_status__description.c.o[0m
[255.089s] [  5%] [32mBuilding C object CMakeFiles/px4_msgs__rosidl_generator_c.dir/rosidl_generator_c/px4_msgs/msg/detail/esc_status__functions.c.o[0m
[255.183s] [  5%] [32mBuilding C object CMakeFiles/px4_msgs__rosidl_generator_c.dir/rosidl_generator_c/px4_msgs/msg/detail/esc_status__type_support.c.o[0m
[255.241s] [  5%] [32mBuilding C object CMakeFiles/px4_msgs__rosidl_generator_c.dir/rosidl_generator_c/px4_msgs/msg/detail/estimator_aid_source1d__description.c.o[0m
[255.312s] [  5%] [32mBuilding C object CMakeFiles/px4_msgs__rosidl_generator_c.dir/rosidl_generator_c/px4_msgs/msg/detail/estimator_aid_source1d__functions.c.o[0m
[255.405s] [  5%] [32mBuilding C object CMakeFiles/px4_msgs__rosidl_generator_c.dir/rosidl_generator_c/px4_msgs/msg/detail/estimator_aid_source1d__type_support.c.o[0m
[255.464s] [  5%] [32mBuilding C object CMakeFiles/px4_msgs__rosidl_generator_c.dir/rosidl_generator_c/px4_msgs/msg/detail/estimator_aid_source2d__description.c.o[0m
[255.542s] [  5%] [32mBuilding C object CMakeFiles/px4_msgs__rosidl_generator_c.dir/rosidl_generator_c/px4_msgs/msg/detail/estimator_aid_source2d__functions.c.o[0m
[255.636s] [  5%] [32mBuilding C object CMakeFiles/px4_msgs__rosidl_generator_c.dir/rosidl_generator_c/px4_msgs/msg/detail/estimator_aid_source2d__type_support.c.o[0m
[255.692s] [  5%] [32mBuilding C object CMakeFiles/px4_msgs__rosidl_generator_c.dir/rosidl_generator_c/px4_msgs/msg/detail/estimator_aid_source3d__description.c.o[0m
[255.766s] [  5%] [32mBuilding C object CMakeFiles/px4_msgs__rosidl_generator_c.dir/rosidl_generator_c/px4_msgs/msg/detail/estimator_aid_source3d__functions.c.o[0m
[255.873s] [  5%] [32mBuilding C object CMakeFiles/px4_msgs__rosidl_generator_c.dir/rosidl_generator_c/px4_msgs/msg/detail/estimator_aid_source3d__type_support.c.o[0m
[255.936s] [  5%] [32mBuilding C object CMakeFiles/px4_msgs__rosidl_generator_c.dir/rosidl_generator_c/px4_msgs/msg/detail/estimator_bias__description.c.o[0m
[256.007s] [  5%] [32mBuilding C object CMakeFiles/px4_msgs__rosidl_generator_c.dir/rosidl_generator_c/px4_msgs/msg/detail/estimator_bias__functions.c.o[0m
[256.105s] [  5%] [32mBuilding C object CMakeFiles/px4_msgs__rosidl_generator_c.dir/rosidl_generator_c/px4_msgs/msg/detail/estimator_bias__type_support.c.o[0m
[256.164s] [  5%] [32mBuilding C object CMakeFiles/px4_msgs__rosidl_generator_c.dir/rosidl_generator_c/px4_msgs/msg/detail/estimator_bias3d__description.c.o[0m
[256.231s] [  5%] [32mBuilding C object CMakeFiles/px4_msgs__rosidl_generator_c.dir/rosidl_generator_c/px4_msgs/msg/detail/estimator_bias3d__functions.c.o[0m
[256.318s] [  5%] [32mBuilding C object CMakeFiles/px4_msgs__rosidl_generator_c.dir/rosidl_generator_c/px4_msgs/msg/detail/estimator_bias3d__type_support.c.o[0m
[256.375s] [  5%] [32mBuilding C object CMakeFiles/px4_msgs__rosidl_generator_c.dir/rosidl_generator_c/px4_msgs/msg/detail/estimator_event_flags__description.c.o[0m
[256.449s] [  5%] [32mBuilding C object CMakeFiles/px4_msgs__rosidl_generator_c.dir/rosidl_generator_c/px4_msgs/msg/detail/estimator_event_flags__functions.c.o[0m
[256.541s] [  5%] [32mBuilding C object CMakeFiles/px4_msgs__rosidl_generator_c.dir/rosidl_generator_c/px4_msgs/msg/detail/estimator_event_flags__type_support.c.o[0m
[256.606s] [  5%] [32mBuilding C object CMakeFiles/px4_msgs__rosidl_generator_c.dir/rosidl_generator_c/px4_msgs/msg/detail/estimator_gps_status__description.c.o[0m
[256.673s] [  5%] [32mBuilding C object CMakeFiles/px4_msgs__rosidl_generator_c.dir/rosidl_generator_c/px4_msgs/msg/detail/estimator_gps_status__functions.c.o[0m
[256.770s] [  6%] [32mBuilding C object CMakeFiles/px4_msgs__rosidl_generator_c.dir/rosidl_generator_c/px4_msgs/msg/detail/estimator_gps_status__type_support.c.o[0m
[256.831s] [  6%] [32mBuilding C object CMakeFiles/px4_msgs__rosidl_generator_c.dir/rosidl_generator_c/px4_msgs/msg/detail/estimator_innovations__description.c.o[0m
[256.905s] [  6%] [32mBuilding C object CMakeFiles/px4_msgs__rosidl_generator_c.dir/rosidl_generator_c/px4_msgs/msg/detail/estimator_innovations__functions.c.o[0m
[256.996s] [  6%] [32mBuilding C object CMakeFiles/px4_msgs__rosidl_generator_c.dir/rosidl_generator_c/px4_msgs/msg/detail/estimator_innovations__type_support.c.o[0m
[257.054s] [  6%] [32mBuilding C object CMakeFiles/px4_msgs__rosidl_generator_c.dir/rosidl_generator_c/px4_msgs/msg/detail/estimator_selector_status__description.c.o[0m
[257.125s] [  6%] [32mBuilding C object CMakeFiles/px4_msgs__rosidl_generator_c.dir/rosidl_generator_c/px4_msgs/msg/detail/estimator_selector_status__functions.c.o[0m
[257.225s] [  6%] [32mBuilding C object CMakeFiles/px4_msgs__rosidl_generator_c.dir/rosidl_generator_c/px4_msgs/msg/detail/estimator_selector_status__type_support.c.o[0m
[257.287s] [  6%] [32mBuilding C object CMakeFiles/px4_msgs__rosidl_generator_c.dir/rosidl_generator_c/px4_msgs/msg/detail/estimator_sensor_bias__description.c.o[0m
[257.355s] [  6%] [32mBuilding C object CMakeFiles/px4_msgs__rosidl_generator_c.dir/rosidl_generator_c/px4_msgs/msg/detail/estimator_sensor_bias__functions.c.o[0m
[257.451s] [  6%] [32mBuilding C object CMakeFiles/px4_msgs__rosidl_generator_c.dir/rosidl_generator_c/px4_msgs/msg/detail/estimator_sensor_bias__type_support.c.o[0m
[257.517s] [  6%] [32mBuilding C object CMakeFiles/px4_msgs__rosidl_generator_c.dir/rosidl_generator_c/px4_msgs/msg/detail/estimator_states__description.c.o[0m
[257.589s] [  6%] [32mBuilding C object CMakeFiles/px4_msgs__rosidl_generator_c.dir/rosidl_generator_c/px4_msgs/msg/detail/estimator_states__functions.c.o[0m
[257.689s] [  6%] [32mBuilding C object CMakeFiles/px4_msgs__rosidl_generator_c.dir/rosidl_generator_c/px4_msgs/msg/detail/estimator_states__type_support.c.o[0m
[257.754s] [  6%] [32mBuilding C object CMakeFiles/px4_msgs__rosidl_generator_c.dir/rosidl_generator_c/px4_msgs/msg/detail/estimator_status__description.c.o[0m
[257.836s] [  6%] [32mBuilding C object CMakeFiles/px4_msgs__rosidl_generator_c.dir/rosidl_generator_c/px4_msgs/msg/detail/estimator_status__functions.c.o[0m
[257.931s] [  6%] [32mBuilding C object CMakeFiles/px4_msgs__rosidl_generator_c.dir/rosidl_generator_c/px4_msgs/msg/detail/estimator_status__type_support.c.o[0m
[258.003s] [  6%] [32mBuilding C object CMakeFiles/px4_msgs__rosidl_generator_c.dir/rosidl_generator_c/px4_msgs/msg/detail/estimator_status_flags__description.c.o[0m
[258.091s] [  6%] [32mBuilding C object CMakeFiles/px4_msgs__rosidl_generator_c.dir/rosidl_generator_c/px4_msgs/msg/detail/estimator_status_flags__functions.c.o[0m
[258.201s] [  6%] [32mBuilding C object CMakeFiles/px4_msgs__rosidl_generator_c.dir/rosidl_generator_c/px4_msgs/msg/detail/estimator_status_flags__type_support.c.o[0m
[258.264s] [  6%] [32mBuilding C object CMakeFiles/px4_msgs__rosidl_generator_c.dir/rosidl_generator_c/px4_msgs/msg/detail/event__description.c.o[0m
[258.338s] [  6%] [32mBuilding C object CMakeFiles/px4_msgs__rosidl_generator_c.dir/rosidl_generator_c/px4_msgs/msg/detail/event__functions.c.o[0m
[258.423s] [  6%] [32mBuilding C object CMakeFiles/px4_msgs__rosidl_generator_c.dir/rosidl_generator_c/px4_msgs/msg/detail/event__type_support.c.o[0m
[258.480s] [  6%] [32mBuilding C object CMakeFiles/px4_msgs__rosidl_generator_c.dir/rosidl_generator_c/px4_msgs/msg/detail/failsafe_flags__description.c.o[0m
[258.550s] [  6%] [32mBuilding C object CMakeFiles/px4_msgs__rosidl_generator_c.dir/rosidl_generator_c/px4_msgs/msg/detail/failsafe_flags__functions.c.o[0m
[258.642s] [  6%] [32mBuilding C object CMakeFiles/px4_msgs__rosidl_generator_c.dir/rosidl_generator_c/px4_msgs/msg/detail/failsafe_flags__type_support.c.o[0m
[258.704s] [  7%] [32mBuilding C object CMakeFiles/px4_msgs__rosidl_generator_c.dir/rosidl_generator_c/px4_msgs/msg/detail/failure_detector_status__description.c.o[0m
[258.774s] [  7%] [32mBuilding C object CMakeFiles/px4_msgs__rosidl_generator_c.dir/rosidl_generator_c/px4_msgs/msg/detail/failure_detector_status__functions.c.o[0m
[258.860s] [  7%] [32mBuilding C object CMakeFiles/px4_msgs__rosidl_generator_c.dir/rosidl_generator_c/px4_msgs/msg/detail/failure_detector_status__type_support.c.o[0m
[258.923s] [  7%] [32mBuilding C object CMakeFiles/px4_msgs__rosidl_generator_c.dir/rosidl_generator_c/px4_msgs/msg/detail/figure_eight_status__description.c.o[0m
[258.991s] [  7%] [32mBuilding C object CMakeFiles/px4_msgs__rosidl_generator_c.dir/rosidl_generator_c/px4_msgs/msg/detail/figure_eight_status__functions.c.o[0m
[259.074s] [  7%] [32mBuilding C object CMakeFiles/px4_msgs__rosidl_generator_c.dir/rosidl_generator_c/px4_msgs/msg/detail/figure_eight_status__type_support.c.o[0m
[259.130s] [  7%] [32mBuilding C object CMakeFiles/px4_msgs__rosidl_generator_c.dir/rosidl_generator_c/px4_msgs/msg/detail/fixed_wing_lateral_guidance_status__description.c.o[0m
[259.207s] [  7%] [32mBuilding C object CMakeFiles/px4_msgs__rosidl_generator_c.dir/rosidl_generator_c/px4_msgs/msg/detail/fixed_wing_lateral_guidance_status__functions.c.o[0m
[259.293s] [  7%] [32mBuilding C object CMakeFiles/px4_msgs__rosidl_generator_c.dir/rosidl_generator_c/px4_msgs/msg/detail/fixed_wing_lateral_guidance_status__type_support.c.o[0m
[259.346s] [  7%] [32mBuilding C object CMakeFiles/px4_msgs__rosidl_generator_c.dir/rosidl_generator_c/px4_msgs/msg/detail/fixed_wing_lateral_setpoint__description.c.o[0m
[259.410s] [  7%] [32mBuilding C object CMakeFiles/px4_msgs__rosidl_generator_c.dir/rosidl_generator_c/px4_msgs/msg/detail/fixed_wing_lateral_setpoint__functions.c.o[0m
[259.494s] [  7%] [32mBuilding C object CMakeFiles/px4_msgs__rosidl_generator_c.dir/rosidl_generator_c/px4_msgs/msg/detail/fixed_wing_lateral_setpoint__type_support.c.o[0m
[259.558s] [  7%] [32mBuilding C object CMakeFiles/px4_msgs__rosidl_generator_c.dir/rosidl_generator_c/px4_msgs/msg/detail/fixed_wing_lateral_status__description.c.o[0m
[259.626s] [  7%] [32mBuilding C object CMakeFiles/px4_msgs__rosidl_generator_c.dir/rosidl_generator_c/px4_msgs/msg/detail/fixed_wing_lateral_status__functions.c.o[0m
[259.710s] [  7%] [32mBuilding C object CMakeFiles/px4_msgs__rosidl_generator_c.dir/rosidl_generator_c/px4_msgs/msg/detail/fixed_wing_lateral_status__type_support.c.o[0m
[259.764s] [  7%] [32mBuilding C object CMakeFiles/px4_msgs__rosidl_generator_c.dir/rosidl_generator_c/px4_msgs/msg/detail/fixed_wing_longitudinal_setpoint__description.c.o[0m
[259.831s] [  7%] [32mBuilding C object CMakeFiles/px4_msgs__rosidl_generator_c.dir/rosidl_generator_c/px4_msgs/msg/detail/fixed_wing_longitudinal_setpoint__functions.c.o[0m
[259.921s] [  7%] [32mBuilding C object CMakeFiles/px4_msgs__rosidl_generator_c.dir/rosidl_generator_c/px4_msgs/msg/detail/fixed_wing_longitudinal_setpoint__type_support.c.o[0m
[259.976s] [  7%] [32mBuilding C object CMakeFiles/px4_msgs__rosidl_generator_c.dir/rosidl_generator_c/px4_msgs/msg/detail/fixed_wing_runway_control__description.c.o[0m
[260.039s] [  7%] [32mBuilding C object CMakeFiles/px4_msgs__rosidl_generator_c.dir/rosidl_generator_c/px4_msgs/msg/detail/fixed_wing_runway_control__functions.c.o[0m
[260.123s] [  7%] [32mBuilding C object CMakeFiles/px4_msgs__rosidl_generator_c.dir/rosidl_generator_c/px4_msgs/msg/detail/fixed_wing_runway_control__type_support.c.o[0m
[260.189s] [  7%] [32mBuilding C object CMakeFiles/px4_msgs__rosidl_generator_c.dir/rosidl_generator_c/px4_msgs/msg/detail/flight_phase_estimation__description.c.o[0m
[260.258s] [  7%] [32mBuilding C object CMakeFiles/px4_msgs__rosidl_generator_c.dir/rosidl_generator_c/px4_msgs/msg/detail/flight_phase_estimation__functions.c.o[0m
[260.340s] [  7%] [32mBuilding C object CMakeFiles/px4_msgs__rosidl_generator_c.dir/rosidl_generator_c/px4_msgs/msg/detail/flight_phase_estimation__type_support.c.o[0m
[260.397s] [  8%] [32mBuilding C object CMakeFiles/px4_msgs__rosidl_generator_c.dir/rosidl_generator_c/px4_msgs/msg/detail/follow_target__description.c.o[0m
[260.466s] [  8%] [32mBuilding C object CMakeFiles/px4_msgs__rosidl_generator_c.dir/rosidl_generator_c/px4_msgs/msg/detail/follow_target__functions.c.o[0m
[260.549s] [  8%] [32mBuilding C object CMakeFiles/px4_msgs__rosidl_generator_c.dir/rosidl_generator_c/px4_msgs/msg/detail/follow_target__type_support.c.o[0m
[260.608s] [  8%] [32mBuilding C object CMakeFiles/px4_msgs__rosidl_generator_c.dir/rosidl_generator_c/px4_msgs/msg/detail/follow_target_estimator__description.c.o[0m
[260.674s] [  8%] [32mBuilding C object CMakeFiles/px4_msgs__rosidl_generator_c.dir/rosidl_generator_c/px4_msgs/msg/detail/follow_target_estimator__functions.c.o[0m
[260.765s] [  8%] [32mBuilding C object CMakeFiles/px4_msgs__rosidl_generator_c.dir/rosidl_generator_c/px4_msgs/msg/detail/follow_target_estimator__type_support.c.o[0m
[260.831s] [  8%] [32mBuilding C object CMakeFiles/px4_msgs__rosidl_generator_c.dir/rosidl_generator_c/px4_msgs/msg/detail/follow_target_status__description.c.o[0m
[260.900s] [  8%] [32mBuilding C object CMakeFiles/px4_msgs__rosidl_generator_c.dir/rosidl_generator_c/px4_msgs/msg/detail/follow_target_status__functions.c.o[0m
[260.994s] [  8%] [32mBuilding C object CMakeFiles/px4_msgs__rosidl_generator_c.dir/rosidl_generator_c/px4_msgs/msg/detail/follow_target_status__type_support.c.o[0m
[261.057s] [  8%] [32mBuilding C object CMakeFiles/px4_msgs__rosidl_generator_c.dir/rosidl_generator_c/px4_msgs/msg/detail/fuel_tank_status__description.c.o[0m
[261.133s] [  8%] [32mBuilding C object CMakeFiles/px4_msgs__rosidl_generator_c.dir/rosidl_generator_c/px4_msgs/msg/detail/fuel_tank_status__functions.c.o[0m
[261.217s] [  8%] [32mBuilding C object CMakeFiles/px4_msgs__rosidl_generator_c.dir/rosidl_generator_c/px4_msgs/msg/detail/fuel_tank_status__type_support.c.o[0m
[261.274s] [  8%] [32mBuilding C object CMakeFiles/px4_msgs__rosidl_generator_c.dir/rosidl_generator_c/px4_msgs/msg/detail/gain_compression__description.c.o[0m
[261.339s] [  8%] [32mBuilding C object CMakeFiles/px4_msgs__rosidl_generator_c.dir/rosidl_generator_c/px4_msgs/msg/detail/gain_compression__functions.c.o[0m
[261.424s] [  8%] [32mBuilding C object CMakeFiles/px4_msgs__rosidl_generator_c.dir/rosidl_generator_c/px4_msgs/msg/detail/gain_compression__type_support.c.o[0m
[261.479s] [  8%] [32mBuilding C object CMakeFiles/px4_msgs__rosidl_generator_c.dir/rosidl_generator_c/px4_msgs/msg/detail/generator_status__description.c.o[0m
[261.546s] [  8%] [32mBuilding C object CMakeFiles/px4_msgs__rosidl_generator_c.dir/rosidl_generator_c/px4_msgs/msg/detail/generator_status__functions.c.o[0m
[261.636s] [  8%] [32mBuilding C object CMakeFiles/px4_msgs__rosidl_generator_c.dir/rosidl_generator_c/px4_msgs/msg/detail/generator_status__type_support.c.o[0m
[261.694s] [  8%] [32mBuilding C object CMakeFiles/px4_msgs__rosidl_generator_c.dir/rosidl_generator_c/px4_msgs/msg/detail/geofence_result__description.c.o[0m
[261.783s] [  8%] [32mBuilding C object CMakeFiles/px4_msgs__rosidl_generator_c.dir/rosidl_generator_c/px4_msgs/msg/detail/geofence_result__functions.c.o[0m
[261.892s] [  8%] [32mBuilding C object CMakeFiles/px4_msgs__rosidl_generator_c.dir/rosidl_generator_c/px4_msgs/msg/detail/geofence_result__type_support.c.o[0m
[261.959s] [  8%] [32mBuilding C object CMakeFiles/px4_msgs__rosidl_generator_c.dir/rosidl_generator_c/px4_msgs/msg/detail/geofence_status__description.c.o[0m
[262.035s] [  8%] [32mBuilding C object CMakeFiles/px4_msgs__rosidl_generator_c.dir/rosidl_generator_c/px4_msgs/msg/detail/geofence_status__functions.c.o[0m
[262.142s] [  8%] [32mBuilding C object CMakeFiles/px4_msgs__rosidl_generator_c.dir/rosidl_generator_c/px4_msgs/msg/detail/geofence_status__type_support.c.o[0m
[262.213s] [  9%] [32mBuilding C object CMakeFiles/px4_msgs__rosidl_generator_c.dir/rosidl_generator_c/px4_msgs/msg/detail/gimbal_controls__description.c.o[0m
[262.291s] [  9%] [32mBuilding C object CMakeFiles/px4_msgs__rosidl_generator_c.dir/rosidl_generator_c/px4_msgs/msg/detail/gimbal_controls__functions.c.o[0m
[262.384s] [  9%] [32mBuilding C object CMakeFiles/px4_msgs__rosidl_generator_c.dir/rosidl_generator_c/px4_msgs/msg/detail/gimbal_controls__type_support.c.o[0m
[262.441s] [  9%] [32mBuilding C object CMakeFiles/px4_msgs__rosidl_generator_c.dir/rosidl_generator_c/px4_msgs/msg/detail/gimbal_device_attitude_status__description.c.o[0m
[262.511s] [  9%] [32mBuilding C object CMakeFiles/px4_msgs__rosidl_generator_c.dir/rosidl_generator_c/px4_msgs/msg/detail/gimbal_device_attitude_status__functions.c.o[0m
[262.597s] [  9%] [32mBuilding C object CMakeFiles/px4_msgs__rosidl_generator_c.dir/rosidl_generator_c/px4_msgs/msg/detail/gimbal_device_attitude_status__type_support.c.o[0m
[262.655s] [  9%] [32mBuilding C object CMakeFiles/px4_msgs__rosidl_generator_c.dir/rosidl_generator_c/px4_msgs/msg/detail/gimbal_device_information__description.c.o[0m
[262.724s] [  9%] [32mBuilding C object CMakeFiles/px4_msgs__rosidl_generator_c.dir/rosidl_generator_c/px4_msgs/msg/detail/gimbal_device_information__functions.c.o[0m
[262.823s] [  9%] [32mBuilding C object CMakeFiles/px4_msgs__rosidl_generator_c.dir/rosidl_generator_c/px4_msgs/msg/detail/gimbal_device_information__type_support.c.o[0m
[262.880s] [  9%] [32mBuilding C object CMakeFiles/px4_msgs__rosidl_generator_c.dir/rosidl_generator_c/px4_msgs/msg/detail/gimbal_device_set_attitude__description.c.o[0m
[262.952s] [  9%] [32mBuilding C object CMakeFiles/px4_msgs__rosidl_generator_c.dir/rosidl_generator_c/px4_msgs/msg/detail/gimbal_device_set_attitude__functions.c.o[0m
[263.037s] [  9%] [32mBuilding C object CMakeFiles/px4_msgs__rosidl_generator_c.dir/rosidl_generator_c/px4_msgs/msg/detail/gimbal_device_set_attitude__type_support.c.o[0m
[263.093s] [  9%] [32mBuilding C object CMakeFiles/px4_msgs__rosidl_generator_c.dir/rosidl_generator_c/px4_msgs/msg/detail/gimbal_manager_information__description.c.o[0m
[263.160s] [  9%] [32mBuilding C object CMakeFiles/px4_msgs__rosidl_generator_c.dir/rosidl_generator_c/px4_msgs/msg/detail/gimbal_manager_information__functions.c.o[0m
[263.245s] [  9%] [32mBuilding C object CMakeFiles/px4_msgs__rosidl_generator_c.dir/rosidl_generator_c/px4_msgs/msg/detail/gimbal_manager_information__type_support.c.o[0m
[263.300s] [  9%] [32mBuilding C object CMakeFiles/px4_msgs__rosidl_generator_c.dir/rosidl_generator_c/px4_msgs/msg/detail/gimbal_manager_set_attitude__description.c.o[0m
[263.369s] [  9%] [32mBuilding C object CMakeFiles/px4_msgs__rosidl_generator_c.dir/rosidl_generator_c/px4_msgs/msg/detail/gimbal_manager_set_attitude__functions.c.o[0m
[263.460s] [  9%] [32mBuilding C object CMakeFiles/px4_msgs__rosidl_generator_c.dir/rosidl_generator_c/px4_msgs/msg/detail/gimbal_manager_set_attitude__type_support.c.o[0m
[263.519s] [  9%] [32mBuilding C object CMakeFiles/px4_msgs__rosidl_generator_c.dir/rosidl_generator_c/px4_msgs/msg/detail/gimbal_manager_set_manual_control__description.c.o[0m
[263.591s] [  9%] [32mBuilding C object CMakeFiles/px4_msgs__rosidl_generator_c.dir/rosidl_generator_c/px4_msgs/msg/detail/gimbal_manager_set_manual_control__functions.c.o[0m
[263.675s] [  9%] [32mBuilding C object CMakeFiles/px4_msgs__rosidl_generator_c.dir/rosidl_generator_c/px4_msgs/msg/detail/gimbal_manager_set_manual_control__type_support.c.o[0m
[263.734s] [  9%] [32mBuilding C object CMakeFiles/px4_msgs__rosidl_generator_c.dir/rosidl_generator_c/px4_msgs/msg/detail/gimbal_manager_status__description.c.o[0m
[263.806s] [  9%] [32mBuilding C object CMakeFiles/px4_msgs__rosidl_generator_c.dir/rosidl_generator_c/px4_msgs/msg/detail/gimbal_manager_status__functions.c.o[0m
[263.890s] [  9%] [32mBuilding C object CMakeFiles/px4_msgs__rosidl_generator_c.dir/rosidl_generator_c/px4_msgs/msg/detail/gimbal_manager_status__type_support.c.o[0m
[263.951s] [  9%] [32mBuilding C object CMakeFiles/px4_msgs__rosidl_generator_c.dir/rosidl_generator_c/px4_msgs/msg/detail/goto_setpoint__description.c.o[0m
[264.025s] [ 10%] [32mBuilding C object CMakeFiles/px4_msgs__rosidl_generator_c.dir/rosidl_generator_c/px4_msgs/msg/detail/goto_setpoint__functions.c.o[0m
[264.111s] [ 10%] [32mBuilding C object CMakeFiles/px4_msgs__rosidl_generator_c.dir/rosidl_generator_c/px4_msgs/msg/detail/goto_setpoint__type_support.c.o[0m
[264.178s] [ 10%] [32mBuilding C object CMakeFiles/px4_msgs__rosidl_generator_c.dir/rosidl_generator_c/px4_msgs/msg/detail/gpio_config__description.c.o[0m
[264.269s] [ 10%] [32mBuilding C object CMakeFiles/px4_msgs__rosidl_generator_c.dir/rosidl_generator_c/px4_msgs/msg/detail/gpio_config__functions.c.o[0m
[264.360s] [ 10%] [32mBuilding C object CMakeFiles/px4_msgs__rosidl_generator_c.dir/rosidl_generator_c/px4_msgs/msg/detail/gpio_config__type_support.c.o[0m
[264.422s] [ 10%] [32mBuilding C object CMakeFiles/px4_msgs__rosidl_generator_c.dir/rosidl_generator_c/px4_msgs/msg/detail/gpio_in__description.c.o[0m
[264.494s] [ 10%] [32mBuilding C object CMakeFiles/px4_msgs__rosidl_generator_c.dir/rosidl_generator_c/px4_msgs/msg/detail/gpio_in__functions.c.o[0m
[264.589s] [ 10%] [32mBuilding C object CMakeFiles/px4_msgs__rosidl_generator_c.dir/rosidl_generator_c/px4_msgs/msg/detail/gpio_in__type_support.c.o[0m
[264.649s] [ 10%] [32mBuilding C object CMakeFiles/px4_msgs__rosidl_generator_c.dir/rosidl_generator_c/px4_msgs/msg/detail/gpio_out__description.c.o[0m
[264.721s] [ 10%] [32mBuilding C object CMakeFiles/px4_msgs__rosidl_generator_c.dir/rosidl_generator_c/px4_msgs/msg/detail/gpio_out__functions.c.o[0m
[264.810s] [ 10%] [32mBuilding C object CMakeFiles/px4_msgs__rosidl_generator_c.dir/rosidl_generator_c/px4_msgs/msg/detail/gpio_out__type_support.c.o[0m
[264.874s] [ 10%] [32mBuilding C object CMakeFiles/px4_msgs__rosidl_generator_c.dir/rosidl_generator_c/px4_msgs/msg/detail/gpio_request__description.c.o[0m
[264.947s] [ 10%] [32mBuilding C object CMakeFiles/px4_msgs__rosidl_generator_c.dir/rosidl_generator_c/px4_msgs/msg/detail/gpio_request__functions.c.o[0m
[265.035s] [ 10%] [32mBuilding C object CMakeFiles/px4_msgs__rosidl_generator_c.dir/rosidl_generator_c/px4_msgs/msg/detail/gpio_request__type_support.c.o[0m
[265.094s] [ 10%] [32mBuilding C object CMakeFiles/px4_msgs__rosidl_generator_c.dir/rosidl_generator_c/px4_msgs/msg/detail/gps_dump__description.c.o[0m
[265.162s] [ 10%] [32mBuilding C object CMakeFiles/px4_msgs__rosidl_generator_c.dir/rosidl_generator_c/px4_msgs/msg/detail/gps_dump__functions.c.o[0m
[265.253s] [ 10%] [32mBuilding C object CMakeFiles/px4_msgs__rosidl_generator_c.dir/rosidl_generator_c/px4_msgs/msg/detail/gps_dump__type_support.c.o[0m
[265.307s] [ 10%] [32mBuilding C object CMakeFiles/px4_msgs__rosidl_generator_c.dir/rosidl_generator_c/px4_msgs/msg/detail/gps_inject_data__description.c.o[0m
[265.378s] [ 10%] [32mBuilding C object CMakeFiles/px4_msgs__rosidl_generator_c.dir/rosidl_generator_c/px4_msgs/msg/detail/gps_inject_data__functions.c.o[0m
[265.474s] [ 10%] [32mBuilding C object CMakeFiles/px4_msgs__rosidl_generator_c.dir/rosidl_generator_c/px4_msgs/msg/detail/gps_inject_data__type_support.c.o[0m
[265.537s] [ 10%] [32mBuilding C object CMakeFiles/px4_msgs__rosidl_generator_c.dir/rosidl_generator_c/px4_msgs/msg/detail/gripper__description.c.o[0m
[265.608s] [ 10%] [32mBuilding C object CMakeFiles/px4_msgs__rosidl_generator_c.dir/rosidl_generator_c/px4_msgs/msg/detail/gripper__functions.c.o[0m
[265.690s] [ 10%] [32mBuilding C object CMakeFiles/px4_msgs__rosidl_generator_c.dir/rosidl_generator_c/px4_msgs/msg/detail/gripper__type_support.c.o[0m
[265.745s] [ 10%] [32mBuilding C object CMakeFiles/px4_msgs__rosidl_generator_c.dir/rosidl_generator_c/px4_msgs/msg/detail/health_report__description.c.o[0m
[265.820s] [ 11%] [32mBuilding C object CMakeFiles/px4_msgs__rosidl_generator_c.dir/rosidl_generator_c/px4_msgs/msg/detail/health_report__functions.c.o[0m
[265.908s] [ 11%] [32mBuilding C object CMakeFiles/px4_msgs__rosidl_generator_c.dir/rosidl_generator_c/px4_msgs/msg/detail/health_report__type_support.c.o[0m
[265.965s] [ 11%] [32mBuilding C object CMakeFiles/px4_msgs__rosidl_generator_c.dir/rosidl_generator_c/px4_msgs/msg/detail/heater_status__description.c.o[0m
[266.038s] [ 11%] [32mBuilding C object CMakeFiles/px4_msgs__rosidl_generator_c.dir/rosidl_generator_c/px4_msgs/msg/detail/heater_status__functions.c.o[0m
[266.136s] [ 11%] [32mBuilding C object CMakeFiles/px4_msgs__rosidl_generator_c.dir/rosidl_generator_c/px4_msgs/msg/detail/heater_status__type_support.c.o[0m
[266.194s] [ 11%] [32mBuilding C object CMakeFiles/px4_msgs__rosidl_generator_c.dir/rosidl_generator_c/px4_msgs/msg/detail/home_position__description.c.o[0m
[266.264s] [ 11%] [32mBuilding C object CMakeFiles/px4_msgs__rosidl_generator_c.dir/rosidl_generator_c/px4_msgs/msg/detail/home_position__functions.c.o[0m
[266.365s] [ 11%] [32mBuilding C object CMakeFiles/px4_msgs__rosidl_generator_c.dir/rosidl_generator_c/px4_msgs/msg/detail/home_position__type_support.c.o[0m
[266.433s] [ 11%] [32mBuilding C object CMakeFiles/px4_msgs__rosidl_generator_c.dir/rosidl_generator_c/px4_msgs/msg/detail/hover_thrust_estimate__description.c.o[0m
[266.500s] [ 11%] [32mBuilding C object CMakeFiles/px4_msgs__rosidl_generator_c.dir/rosidl_generator_c/px4_msgs/msg/detail/hover_thrust_estimate__functions.c.o[0m
[266.586s] [ 11%] [32mBuilding C object CMakeFiles/px4_msgs__rosidl_generator_c.dir/rosidl_generator_c/px4_msgs/msg/detail/hover_thrust_estimate__type_support.c.o[0m
[266.646s] [ 11%] [32mBuilding C object CMakeFiles/px4_msgs__rosidl_generator_c.dir/rosidl_generator_c/px4_msgs/msg/detail/input_rc__description.c.o[0m
[266.731s] [ 11%] [32mBuilding C object CMakeFiles/px4_msgs__rosidl_generator_c.dir/rosidl_generator_c/px4_msgs/msg/detail/input_rc__functions.c.o[0m
[266.821s] [ 11%] [32mBuilding C object CMakeFiles/px4_msgs__rosidl_generator_c.dir/rosidl_generator_c/px4_msgs/msg/detail/input_rc__type_support.c.o[0m
[266.899s] [ 11%] [32mBuilding C object CMakeFiles/px4_msgs__rosidl_generator_c.dir/rosidl_generator_c/px4_msgs/msg/detail/internal_combustion_engine_control__description.c.o[0m
[266.970s] [ 11%] [32mBuilding C object CMakeFiles/px4_msgs__rosidl_generator_c.dir/rosidl_generator_c/px4_msgs/msg/detail/internal_combustion_engine_control__functions.c.o[0m
[267.070s] [ 11%] [32mBuilding C object CMakeFiles/px4_msgs__rosidl_generator_c.dir/rosidl_generator_c/px4_msgs/msg/detail/internal_combustion_engine_control__type_support.c.o[0m
[267.132s] [ 11%] [32mBuilding C object CMakeFiles/px4_msgs__rosidl_generator_c.dir/rosidl_generator_c/px4_msgs/msg/detail/internal_combustion_engine_status__description.c.o[0m
[267.208s] [ 11%] [32mBuilding C object CMakeFiles/px4_msgs__rosidl_generator_c.dir/rosidl_generator_c/px4_msgs/msg/detail/internal_combustion_engine_status__functions.c.o[0m
[267.303s] [ 11%] [32mBuilding C object CMakeFiles/px4_msgs__rosidl_generator_c.dir/rosidl_generator_c/px4_msgs/msg/detail/internal_combustion_engine_status__type_support.c.o[0m
[267.365s] [ 11%] [32mBuilding C object CMakeFiles/px4_msgs__rosidl_generator_c.dir/rosidl_generator_c/px4_msgs/msg/detail/iridiumsbd_status__description.c.o[0m
[267.443s] [ 11%] [32mBuilding C object CMakeFiles/px4_msgs__rosidl_generator_c.dir/rosidl_generator_c/px4_msgs/msg/detail/iridiumsbd_status__functions.c.o[0m
[267.537s] [ 11%] [32mBuilding C object CMakeFiles/px4_msgs__rosidl_generator_c.dir/rosidl_generator_c/px4_msgs/msg/detail/iridiumsbd_status__type_support.c.o[0m
[267.607s] [ 11%] [32mBuilding C object CMakeFiles/px4_msgs__rosidl_generator_c.dir/rosidl_generator_c/px4_msgs/msg/detail/irlock_report__description.c.o[0m
[267.697s] [ 11%] [32mBuilding C object CMakeFiles/px4_msgs__rosidl_generator_c.dir/rosidl_generator_c/px4_msgs/msg/detail/irlock_report__functions.c.o[0m
[267.794s] [ 12%] [32mBuilding C object CMakeFiles/px4_msgs__rosidl_generator_c.dir/rosidl_generator_c/px4_msgs/msg/detail/irlock_report__type_support.c.o[0m
[267.856s] [ 12%] [32mBuilding C object CMakeFiles/px4_msgs__rosidl_generator_c.dir/rosidl_generator_c/px4_msgs/msg/detail/landing_gear__description.c.o[0m
[267.936s] [ 12%] [32mBuilding C object CMakeFiles/px4_msgs__rosidl_generator_c.dir/rosidl_generator_c/px4_msgs/msg/detail/landing_gear__functions.c.o[0m
[268.029s] [ 12%] [32mBuilding C object CMakeFiles/px4_msgs__rosidl_generator_c.dir/rosidl_generator_c/px4_msgs/msg/detail/landing_gear__type_support.c.o[0m
[268.087s] [ 12%] [32mBuilding C object CMakeFiles/px4_msgs__rosidl_generator_c.dir/rosidl_generator_c/px4_msgs/msg/detail/landing_gear_wheel__description.c.o[0m
[268.156s] [ 12%] [32mBuilding C object CMakeFiles/px4_msgs__rosidl_generator_c.dir/rosidl_generator_c/px4_msgs/msg/detail/landing_gear_wheel__functions.c.o[0m
[268.252s] [ 12%] [32mBuilding C object CMakeFiles/px4_msgs__rosidl_generator_c.dir/rosidl_generator_c/px4_msgs/msg/detail/landing_gear_wheel__type_support.c.o[0m
[268.321s] [ 12%] [32mBuilding C object CMakeFiles/px4_msgs__rosidl_generator_c.dir/rosidl_generator_c/px4_msgs/msg/detail/landing_target_innovations__description.c.o[0m
[268.390s] [ 12%] [32mBuilding C object CMakeFiles/px4_msgs__rosidl_generator_c.dir/rosidl_generator_c/px4_msgs/msg/detail/landing_target_innovations__functions.c.o[0m
[268.485s] [ 12%] [32mBuilding C object CMakeFiles/px4_msgs__rosidl_generator_c.dir/rosidl_generator_c/px4_msgs/msg/detail/landing_target_innovations__type_support.c.o[0m
[268.550s] [ 12%] [32mBuilding C object CMakeFiles/px4_msgs__rosidl_generator_c.dir/rosidl_generator_c/px4_msgs/msg/detail/landing_target_pose__description.c.o[0m
[268.620s] [ 12%] [32mBuilding C object CMakeFiles/px4_msgs__rosidl_generator_c.dir/rosidl_generator_c/px4_msgs/msg/detail/landing_target_pose__functions.c.o[0m
[268.720s] [ 12%] [32mBuilding C object CMakeFiles/px4_msgs__rosidl_generator_c.dir/rosidl_generator_c/px4_msgs/msg/detail/landing_target_pose__type_support.c.o[0m
[268.783s] [ 12%] [32mBuilding C object CMakeFiles/px4_msgs__rosidl_generator_c.dir/rosidl_generator_c/px4_msgs/msg/detail/lateral_control_configuration__description.c.o[0m
[268.854s] [ 12%] [32mBuilding C object CMakeFiles/px4_msgs__rosidl_generator_c.dir/rosidl_generator_c/px4_msgs/msg/detail/lateral_control_configuration__functions.c.o[0m
[268.950s] [ 12%] [32mBuilding C object CMakeFiles/px4_msgs__rosidl_generator_c.dir/rosidl_generator_c/px4_msgs/msg/detail/lateral_control_configuration__type_support.c.o[0m
[269.018s] [ 12%] [32mBuilding C object CMakeFiles/px4_msgs__rosidl_generator_c.dir/rosidl_generator_c/px4_msgs/msg/detail/launch_detection_status__description.c.o[0m
[269.089s] [ 12%] [32mBuilding C object CMakeFiles/px4_msgs__rosidl_generator_c.dir/rosidl_generator_c/px4_msgs/msg/detail/launch_detection_status__functions.c.o[0m
[269.180s] [ 12%] [32mBuilding C object CMakeFiles/px4_msgs__rosidl_generator_c.dir/rosidl_generator_c/px4_msgs/msg/detail/launch_detection_status__type_support.c.o[0m
[269.243s] [ 12%] [32mBuilding C object CMakeFiles/px4_msgs__rosidl_generator_c.dir/rosidl_generator_c/px4_msgs/msg/detail/led_control__description.c.o[0m
[269.319s] [ 12%] [32mBuilding C object CMakeFiles/px4_msgs__rosidl_generator_c.dir/rosidl_generator_c/px4_msgs/msg/detail/led_control__functions.c.o[0m
[269.404s] [ 12%] [32mBuilding C object CMakeFiles/px4_msgs__rosidl_generator_c.dir/rosidl_generator_c/px4_msgs/msg/detail/led_control__type_support.c.o[0m
[269.460s] [ 12%] [32mBuilding C object CMakeFiles/px4_msgs__rosidl_generator_c.dir/rosidl_generator_c/px4_msgs/msg/detail/log_message__description.c.o[0m
[269.535s] [ 12%] [32mBuilding C object CMakeFiles/px4_msgs__rosidl_generator_c.dir/rosidl_generator_c/px4_msgs/msg/detail/log_message__functions.c.o[0m
[269.619s] [ 13%] [32mBuilding C object CMakeFiles/px4_msgs__rosidl_generator_c.dir/rosidl_generator_c/px4_msgs/msg/detail/log_message__type_support.c.o[0m
[269.695s] [ 13%] [32mBuilding C object CMakeFiles/px4_msgs__rosidl_generator_c.dir/rosidl_generator_c/px4_msgs/msg/detail/logger_status__description.c.o[0m
[269.770s] [ 13%] [32mBuilding C object CMakeFiles/px4_msgs__rosidl_generator_c.dir/rosidl_generator_c/px4_msgs/msg/detail/logger_status__functions.c.o[0m
[269.856s] [ 13%] [32mBuilding C object CMakeFiles/px4_msgs__rosidl_generator_c.dir/rosidl_generator_c/px4_msgs/msg/detail/logger_status__type_support.c.o[0m
[269.917s] [ 13%] [32mBuilding C object CMakeFiles/px4_msgs__rosidl_generator_c.dir/rosidl_generator_c/px4_msgs/msg/detail/longitudinal_control_configuration__description.c.o[0m
[269.985s] [ 13%] [32mBuilding C object CMakeFiles/px4_msgs__rosidl_generator_c.dir/rosidl_generator_c/px4_msgs/msg/detail/longitudinal_control_configuration__functions.c.o[0m
[270.083s] [ 13%] [32mBuilding C object CMakeFiles/px4_msgs__rosidl_generator_c.dir/rosidl_generator_c/px4_msgs/msg/detail/longitudinal_control_configuration__type_support.c.o[0m
[270.144s] [ 13%] [32mBuilding C object CMakeFiles/px4_msgs__rosidl_generator_c.dir/rosidl_generator_c/px4_msgs/msg/detail/mag_worker_data__description.c.o[0m
[270.217s] [ 13%] [32mBuilding C object CMakeFiles/px4_msgs__rosidl_generator_c.dir/rosidl_generator_c/px4_msgs/msg/detail/mag_worker_data__functions.c.o[0m
[270.305s] [ 13%] [32mBuilding C object CMakeFiles/px4_msgs__rosidl_generator_c.dir/rosidl_generator_c/px4_msgs/msg/detail/mag_worker_data__type_support.c.o[0m
[270.369s] [ 13%] [32mBuilding C object CMakeFiles/px4_msgs__rosidl_generator_c.dir/rosidl_generator_c/px4_msgs/msg/detail/magnetometer_bias_estimate__description.c.o[0m
[270.438s] [ 13%] [32mBuilding C object CMakeFiles/px4_msgs__rosidl_generator_c.dir/rosidl_generator_c/px4_msgs/msg/detail/magnetometer_bias_estimate__functions.c.o[0m
[270.536s] [ 13%] [32mBuilding C object CMakeFiles/px4_msgs__rosidl_generator_c.dir/rosidl_generator_c/px4_msgs/msg/detail/magnetometer_bias_estimate__type_support.c.o[0m
[270.602s] [ 13%] [32mBuilding C object CMakeFiles/px4_msgs__rosidl_generator_c.dir/rosidl_generator_c/px4_msgs/msg/detail/manual_control_setpoint__description.c.o[0m
[270.683s] [ 13%] [32mBuilding C object CMakeFiles/px4_msgs__rosidl_generator_c.dir/rosidl_generator_c/px4_msgs/msg/detail/manual_control_setpoint__functions.c.o[0m
[270.788s] [ 13%] [32mBuilding C object CMakeFiles/px4_msgs__rosidl_generator_c.dir/rosidl_generator_c/px4_msgs/msg/detail/manual_control_setpoint__type_support.c.o[0m
[270.854s] [ 13%] [32mBuilding C object CMakeFiles/px4_msgs__rosidl_generator_c.dir/rosidl_generator_c/px4_msgs/msg/detail/manual_control_switches__description.c.o[0m
[270.928s] [ 13%] [32mBuilding C object CMakeFiles/px4_msgs__rosidl_generator_c.dir/rosidl_generator_c/px4_msgs/msg/detail/manual_control_switches__functions.c.o[0m
[271.022s] [ 13%] [32mBuilding C object CMakeFiles/px4_msgs__rosidl_generator_c.dir/rosidl_generator_c/px4_msgs/msg/detail/manual_control_switches__type_support.c.o[0m
[271.083s] [ 13%] [32mBuilding C object CMakeFiles/px4_msgs__rosidl_generator_c.dir/rosidl_generator_c/px4_msgs/msg/detail/mavlink_log__description.c.o[0m
[271.155s] [ 13%] [32mBuilding C object CMakeFiles/px4_msgs__rosidl_generator_c.dir/rosidl_generator_c/px4_msgs/msg/detail/mavlink_log__functions.c.o[0m
[271.250s] [ 13%] [32mBuilding C object CMakeFiles/px4_msgs__rosidl_generator_c.dir/rosidl_generator_c/px4_msgs/msg/detail/mavlink_log__type_support.c.o[0m
[271.311s] [ 13%] [32mBuilding C object CMakeFiles/px4_msgs__rosidl_generator_c.dir/rosidl_generator_c/px4_msgs/msg/detail/mavlink_tunnel__description.c.o[0m
[271.384s] [ 13%] [32mBuilding C object CMakeFiles/px4_msgs__rosidl_generator_c.dir/rosidl_generator_c/px4_msgs/msg/detail/mavlink_tunnel__functions.c.o[0m
[271.479s] [ 13%] [32mBuilding C object CMakeFiles/px4_msgs__rosidl_generator_c.dir/rosidl_generator_c/px4_msgs/msg/detail/mavlink_tunnel__type_support.c.o[0m
[271.537s] [ 14%] [32mBuilding C object CMakeFiles/px4_msgs__rosidl_generator_c.dir/rosidl_generator_c/px4_msgs/msg/detail/message_format_request__description.c.o[0m
[271.605s] [ 14%] [32mBuilding C object CMakeFiles/px4_msgs__rosidl_generator_c.dir/rosidl_generator_c/px4_msgs/msg/detail/message_format_request__functions.c.o[0m
[271.703s] [ 14%] [32mBuilding C object CMakeFiles/px4_msgs__rosidl_generator_c.dir/rosidl_generator_c/px4_msgs/msg/detail/message_format_request__type_support.c.o[0m
[271.768s] [ 14%] [32mBuilding C object CMakeFiles/px4_msgs__rosidl_generator_c.dir/rosidl_generator_c/px4_msgs/msg/detail/message_format_response__description.c.o[0m
[271.842s] [ 14%] [32mBuilding C object CMakeFiles/px4_msgs__rosidl_generator_c.dir/rosidl_generator_c/px4_msgs/msg/detail/message_format_response__functions.c.o[0m
[271.935s] [ 14%] [32mBuilding C object CMakeFiles/px4_msgs__rosidl_generator_c.dir/rosidl_generator_c/px4_msgs/msg/detail/message_format_response__type_support.c.o[0m
[271.997s] [ 14%] [32mBuilding C object CMakeFiles/px4_msgs__rosidl_generator_c.dir/rosidl_generator_c/px4_msgs/msg/detail/mission__description.c.o[0m
[272.071s] [ 14%] [32mBuilding C object CMakeFiles/px4_msgs__rosidl_generator_c.dir/rosidl_generator_c/px4_msgs/msg/detail/mission__functions.c.o[0m
[272.167s] [ 14%] [32mBuilding C object CMakeFiles/px4_msgs__rosidl_generator_c.dir/rosidl_generator_c/px4_msgs/msg/detail/mission__type_support.c.o[0m
[272.223s] [ 14%] [32mBuilding C object CMakeFiles/px4_msgs__rosidl_generator_c.dir/rosidl_generator_c/px4_msgs/msg/detail/mission_result__description.c.o[0m
[272.298s] [ 14%] [32mBuilding C object CMakeFiles/px4_msgs__rosidl_generator_c.dir/rosidl_generator_c/px4_msgs/msg/detail/mission_result__functions.c.o[0m
[272.389s] [ 14%] [32mBuilding C object CMakeFiles/px4_msgs__rosidl_generator_c.dir/rosidl_generator_c/px4_msgs/msg/detail/mission_result__type_support.c.o[0m
[272.454s] [ 14%] [32mBuilding C object CMakeFiles/px4_msgs__rosidl_generator_c.dir/rosidl_generator_c/px4_msgs/msg/detail/mode_completed__description.c.o[0m
[272.522s] [ 14%] [32mBuilding C object CMakeFiles/px4_msgs__rosidl_generator_c.dir/rosidl_generator_c/px4_msgs/msg/detail/mode_completed__functions.c.o[0m
[272.613s] [ 14%] [32mBuilding C object CMakeFiles/px4_msgs__rosidl_generator_c.dir/rosidl_generator_c/px4_msgs/msg/detail/mode_completed__type_support.c.o[0m
[272.671s] [ 14%] [32mBuilding C object CMakeFiles/px4_msgs__rosidl_generator_c.dir/rosidl_generator_c/px4_msgs/msg/detail/mount_orientation__description.c.o[0m
[272.749s] [ 14%] [32mBuilding C object CMakeFiles/px4_msgs__rosidl_generator_c.dir/rosidl_generator_c/px4_msgs/msg/detail/mount_orientation__functions.c.o[0m
[272.839s] [ 14%] [32mBuilding C object CMakeFiles/px4_msgs__rosidl_generator_c.dir/rosidl_generator_c/px4_msgs/msg/detail/mount_orientation__type_support.c.o[0m
[272.895s] [ 14%] [32mBuilding C object CMakeFiles/px4_msgs__rosidl_generator_c.dir/rosidl_generator_c/px4_msgs/msg/detail/navigator_mission_item__description.c.o[0m
[272.970s] [ 14%] [32mBuilding C object CMakeFiles/px4_msgs__rosidl_generator_c.dir/rosidl_generator_c/px4_msgs/msg/detail/navigator_mission_item__functions.c.o[0m
[273.059s] [ 14%] [32mBuilding C object CMakeFiles/px4_msgs__rosidl_generator_c.dir/rosidl_generator_c/px4_msgs/msg/detail/navigator_mission_item__type_support.c.o[0m
[273.122s] [ 14%] [32mBuilding C object CMakeFiles/px4_msgs__rosidl_generator_c.dir/rosidl_generator_c/px4_msgs/msg/detail/navigator_status__description.c.o[0m
[273.192s] [ 14%] [32mBuilding C object CMakeFiles/px4_msgs__rosidl_generator_c.dir/rosidl_generator_c/px4_msgs/msg/detail/navigator_status__functions.c.o[0m
[273.282s] [ 14%] [32mBuilding C object CMakeFiles/px4_msgs__rosidl_generator_c.dir/rosidl_generator_c/px4_msgs/msg/detail/navigator_status__type_support.c.o[0m
[273.341s] [ 15%] [32mBuilding C object CMakeFiles/px4_msgs__rosidl_generator_c.dir/rosidl_generator_c/px4_msgs/msg/detail/neural_control__description.c.o[0m
[273.409s] [ 15%] [32mBuilding C object CMakeFiles/px4_msgs__rosidl_generator_c.dir/rosidl_generator_c/px4_msgs/msg/detail/neural_control__functions.c.o[0m
[273.503s] [ 15%] [32mBuilding C object CMakeFiles/px4_msgs__rosidl_generator_c.dir/rosidl_generator_c/px4_msgs/msg/detail/neural_control__type_support.c.o[0m
[273.561s] [ 15%] [32mBuilding C object CMakeFiles/px4_msgs__rosidl_generator_c.dir/rosidl_generator_c/px4_msgs/msg/detail/normalized_unsigned_setpoint__description.c.o[0m
[273.629s] [ 15%] [32mBuilding C object CMakeFiles/px4_msgs__rosidl_generator_c.dir/rosidl_generator_c/px4_msgs/msg/detail/normalized_unsigned_setpoint__functions.c.o[0m
[273.719s] [ 15%] [32mBuilding C object CMakeFiles/px4_msgs__rosidl_generator_c.dir/rosidl_generator_c/px4_msgs/msg/detail/normalized_unsigned_setpoint__type_support.c.o[0m
[273.785s] [ 15%] [32mBuilding C object CMakeFiles/px4_msgs__rosidl_generator_c.dir/rosidl_generator_c/px4_msgs/msg/detail/obstacle_distance__description.c.o[0m
[273.855s] [ 15%] [32mBuilding C object CMakeFiles/px4_msgs__rosidl_generator_c.dir/rosidl_generator_c/px4_msgs/msg/detail/obstacle_distance__functions.c.o[0m
[273.946s] [ 15%] [32mBuilding C object CMakeFiles/px4_msgs__rosidl_generator_c.dir/rosidl_generator_c/px4_msgs/msg/detail/obstacle_distance__type_support.c.o[0m
[274.007s] [ 15%] [32mBuilding C object CMakeFiles/px4_msgs__rosidl_generator_c.dir/rosidl_generator_c/px4_msgs/msg/detail/offboard_control_mode__description.c.o[0m
[274.082s] [ 15%] [32mBuilding C object CMakeFiles/px4_msgs__rosidl_generator_c.dir/rosidl_generator_c/px4_msgs/msg/detail/offboard_control_mode__functions.c.o[0m
[274.179s] [ 15%] [32mBuilding C object CMakeFiles/px4_msgs__rosidl_generator_c.dir/rosidl_generator_c/px4_msgs/msg/detail/offboard_control_mode__type_support.c.o[0m
[274.237s] [ 15%] [32mBuilding C object CMakeFiles/px4_msgs__rosidl_generator_c.dir/rosidl_generator_c/px4_msgs/msg/detail/onboard_computer_status__description.c.o[0m
[274.308s] [ 15%] [32mBuilding C object CMakeFiles/px4_msgs__rosidl_generator_c.dir/rosidl_generator_c/px4_msgs/msg/detail/onboard_computer_status__functions.c.o[0m
[274.410s] [ 15%] [32mBuilding C object CMakeFiles/px4_msgs__rosidl_generator_c.dir/rosidl_generator_c/px4_msgs/msg/detail/onboard_computer_status__type_support.c.o[0m
[274.479s] [ 15%] [32mBuilding C object CMakeFiles/px4_msgs__rosidl_generator_c.dir/rosidl_generator_c/px4_msgs/msg/detail/open_drone_id_arm_status__description.c.o[0m
[274.553s] [ 15%] [32mBuilding C object CMakeFiles/px4_msgs__rosidl_generator_c.dir/rosidl_generator_c/px4_msgs/msg/detail/open_drone_id_arm_status__functions.c.o[0m
[274.639s] [ 15%] [32mBuilding C object CMakeFiles/px4_msgs__rosidl_generator_c.dir/rosidl_generator_c/px4_msgs/msg/detail/open_drone_id_arm_status__type_support.c.o[0m
[274.702s] [ 15%] [32mBuilding C object CMakeFiles/px4_msgs__rosidl_generator_c.dir/rosidl_generator_c/px4_msgs/msg/detail/open_drone_id_operator_id__description.c.o[0m
[274.772s] [ 15%] [32mBuilding C object CMakeFiles/px4_msgs__rosidl_generator_c.dir/rosidl_generator_c/px4_msgs/msg/detail/open_drone_id_operator_id__functions.c.o[0m
[274.873s] [ 15%] [32mBuilding C object CMakeFiles/px4_msgs__rosidl_generator_c.dir/rosidl_generator_c/px4_msgs/msg/detail/open_drone_id_operator_id__type_support.c.o[0m
[274.932s] [ 15%] [32mBuilding C object CMakeFiles/px4_msgs__rosidl_generator_c.dir/rosidl_generator_c/px4_msgs/msg/detail/open_drone_id_self_id__description.c.o[0m
[275.000s] [ 15%] [32mBuilding C object CMakeFiles/px4_msgs__rosidl_generator_c.dir/rosidl_generator_c/px4_msgs/msg/detail/open_drone_id_self_id__functions.c.o[0m
[275.092s] [ 15%] [32mBuilding C object CMakeFiles/px4_msgs__rosidl_generator_c.dir/rosidl_generator_c/px4_msgs/msg/detail/open_drone_id_self_id__type_support.c.o[0m
[275.156s] [ 15%] [32mBuilding C object CMakeFiles/px4_msgs__rosidl_generator_c.dir/rosidl_generator_c/px4_msgs/msg/detail/open_drone_id_system__description.c.o[0m
[275.237s] [ 16%] [32mBuilding C object CMakeFiles/px4_msgs__rosidl_generator_c.dir/rosidl_generator_c/px4_msgs/msg/detail/open_drone_id_system__functions.c.o[0m
[275.329s] [ 16%] [32mBuilding C object CMakeFiles/px4_msgs__rosidl_generator_c.dir/rosidl_generator_c/px4_msgs/msg/detail/open_drone_id_system__type_support.c.o[0m
[275.393s] [ 16%] [32mBuilding C object CMakeFiles/px4_msgs__rosidl_generator_c.dir/rosidl_generator_c/px4_msgs/msg/detail/orb_test__description.c.o[0m
[275.464s] [ 16%] [32mBuilding C object CMakeFiles/px4_msgs__rosidl_generator_c.dir/rosidl_generator_c/px4_msgs/msg/detail/orb_test__functions.c.o[0m
[275.549s] [ 16%] [32mBuilding C object CMakeFiles/px4_msgs__rosidl_generator_c.dir/rosidl_generator_c/px4_msgs/msg/detail/orb_test__type_support.c.o[0m
[275.617s] [ 16%] [32mBuilding C object CMakeFiles/px4_msgs__rosidl_generator_c.dir/rosidl_generator_c/px4_msgs/msg/detail/orb_test_large__description.c.o[0m
[275.688s] [ 16%] [32mBuilding C object CMakeFiles/px4_msgs__rosidl_generator_c.dir/rosidl_generator_c/px4_msgs/msg/detail/orb_test_large__functions.c.o[0m
[275.778s] [ 16%] [32mBuilding C object CMakeFiles/px4_msgs__rosidl_generator_c.dir/rosidl_generator_c/px4_msgs/msg/detail/orb_test_large__type_support.c.o[0m
[275.840s] [ 16%] [32mBuilding C object CMakeFiles/px4_msgs__rosidl_generator_c.dir/rosidl_generator_c/px4_msgs/msg/detail/orb_test_medium__description.c.o[0m
[275.916s] [ 16%] [32mBuilding C object CMakeFiles/px4_msgs__rosidl_generator_c.dir/rosidl_generator_c/px4_msgs/msg/detail/orb_test_medium__functions.c.o[0m
[276.000s] [ 16%] [32mBuilding C object CMakeFiles/px4_msgs__rosidl_generator_c.dir/rosidl_generator_c/px4_msgs/msg/detail/orb_test_medium__type_support.c.o[0m
[276.061s] [ 16%] [32mBuilding C object CMakeFiles/px4_msgs__rosidl_generator_c.dir/rosidl_generator_c/px4_msgs/msg/detail/orbit_status__description.c.o[0m
[276.140s] [ 16%] [32mBuilding C object CMakeFiles/px4_msgs__rosidl_generator_c.dir/rosidl_generator_c/px4_msgs/msg/detail/orbit_status__functions.c.o[0m
[276.237s] [ 16%] [32mBuilding C object CMakeFiles/px4_msgs__rosidl_generator_c.dir/rosidl_generator_c/px4_msgs/msg/detail/orbit_status__type_support.c.o[0m
[276.302s] [ 16%] [32mBuilding C object CMakeFiles/px4_msgs__rosidl_generator_c.dir/rosidl_generator_c/px4_msgs/msg/detail/parameter_reset_request__description.c.o[0m
[276.373s] [ 16%] [32mBuilding C object CMakeFiles/px4_msgs__rosidl_generator_c.dir/rosidl_generator_c/px4_msgs/msg/detail/parameter_reset_request__functions.c.o[0m
[276.462s] [ 16%] [32mBuilding C object CMakeFiles/px4_msgs__rosidl_generator_c.dir/rosidl_generator_c/px4_msgs/msg/detail/parameter_reset_request__type_support.c.o[0m
[276.523s] [ 16%] [32mBuilding C object CMakeFiles/px4_msgs__rosidl_generator_c.dir/rosidl_generator_c/px4_msgs/msg/detail/parameter_set_used_request__description.c.o[0m
[276.594s] [ 16%] [32mBuilding C object CMakeFiles/px4_msgs__rosidl_generator_c.dir/rosidl_generator_c/px4_msgs/msg/detail/parameter_set_used_request__functions.c.o[0m
[276.684s] [ 16%] [32mBuilding C object CMakeFiles/px4_msgs__rosidl_generator_c.dir/rosidl_generator_c/px4_msgs/msg/detail/parameter_set_used_request__type_support.c.o[0m
[276.742s] [ 16%] [32mBuilding C object CMakeFiles/px4_msgs__rosidl_generator_c.dir/rosidl_generator_c/px4_msgs/msg/detail/parameter_set_value_request__description.c.o[0m
[276.819s] [ 16%] [32mBuilding C object CMakeFiles/px4_msgs__rosidl_generator_c.dir/rosidl_generator_c/px4_msgs/msg/detail/parameter_set_value_request__functions.c.o[0m
[276.921s] [ 16%] [32mBuilding C object CMakeFiles/px4_msgs__rosidl_generator_c.dir/rosidl_generator_c/px4_msgs/msg/detail/parameter_set_value_request__type_support.c.o[0m
[276.995s] [ 16%] [32mBuilding C object CMakeFiles/px4_msgs__rosidl_generator_c.dir/rosidl_generator_c/px4_msgs/msg/detail/parameter_set_value_response__description.c.o[0m
[277.079s] [ 17%] [32mBuilding C object CMakeFiles/px4_msgs__rosidl_generator_c.dir/rosidl_generator_c/px4_msgs/msg/detail/parameter_set_value_response__functions.c.o[0m
[277.170s] [ 17%] [32mBuilding C object CMakeFiles/px4_msgs__rosidl_generator_c.dir/rosidl_generator_c/px4_msgs/msg/detail/parameter_set_value_response__type_support.c.o[0m
[277.231s] [ 17%] [32mBuilding C object CMakeFiles/px4_msgs__rosidl_generator_c.dir/rosidl_generator_c/px4_msgs/msg/detail/parameter_update__description.c.o[0m
[277.309s] [ 17%] [32mBuilding C object CMakeFiles/px4_msgs__rosidl_generator_c.dir/rosidl_generator_c/px4_msgs/msg/detail/parameter_update__functions.c.o[0m
[277.398s] [ 17%] [32mBuilding C object CMakeFiles/px4_msgs__rosidl_generator_c.dir/rosidl_generator_c/px4_msgs/msg/detail/parameter_update__type_support.c.o[0m
[277.462s] [ 17%] [32mBuilding C object CMakeFiles/px4_msgs__rosidl_generator_c.dir/rosidl_generator_c/px4_msgs/msg/detail/ping__description.c.o[0m
[277.531s] [ 17%] [32mBuilding C object CMakeFiles/px4_msgs__rosidl_generator_c.dir/rosidl_generator_c/px4_msgs/msg/detail/ping__functions.c.o[0m
[277.622s] [ 17%] [32mBuilding C object CMakeFiles/px4_msgs__rosidl_generator_c.dir/rosidl_generator_c/px4_msgs/msg/detail/ping__type_support.c.o[0m
[277.687s] [ 17%] [32mBuilding C object CMakeFiles/px4_msgs__rosidl_generator_c.dir/rosidl_generator_c/px4_msgs/msg/detail/position_controller_landing_status__description.c.o[0m
[277.756s] [ 17%] [32mBuilding C object CMakeFiles/px4_msgs__rosidl_generator_c.dir/rosidl_generator_c/px4_msgs/msg/detail/position_controller_landing_status__functions.c.o[0m
[277.847s] [ 17%] [32mBuilding C object CMakeFiles/px4_msgs__rosidl_generator_c.dir/rosidl_generator_c/px4_msgs/msg/detail/position_controller_landing_status__type_support.c.o[0m
[277.907s] [ 17%] [32mBuilding C object CMakeFiles/px4_msgs__rosidl_generator_c.dir/rosidl_generator_c/px4_msgs/msg/detail/position_controller_status__description.c.o[0m
[277.989s] [ 17%] [32mBuilding C object CMakeFiles/px4_msgs__rosidl_generator_c.dir/rosidl_generator_c/px4_msgs/msg/detail/position_controller_status__functions.c.o[0m
[278.084s] [ 17%] [32mBuilding C object CMakeFiles/px4_msgs__rosidl_generator_c.dir/rosidl_generator_c/px4_msgs/msg/detail/position_controller_status__type_support.c.o[0m
[278.151s] [ 17%] [32mBuilding C object CMakeFiles/px4_msgs__rosidl_generator_c.dir/rosidl_generator_c/px4_msgs/msg/detail/position_setpoint__description.c.o[0m
[278.223s] [ 17%] [32mBuilding C object CMakeFiles/px4_msgs__rosidl_generator_c.dir/rosidl_generator_c/px4_msgs/msg/detail/position_setpoint__functions.c.o[0m
[278.324s] [ 17%] [32mBuilding C object CMakeFiles/px4_msgs__rosidl_generator_c.dir/rosidl_generator_c/px4_msgs/msg/detail/position_setpoint__type_support.c.o[0m
[278.386s] [ 17%] [32mBuilding C object CMakeFiles/px4_msgs__rosidl_generator_c.dir/rosidl_generator_c/px4_msgs/msg/detail/position_setpoint_triplet__description.c.o[0m
[278.454s] [ 17%] [32mBuilding C object CMakeFiles/px4_msgs__rosidl_generator_c.dir/rosidl_generator_c/px4_msgs/msg/detail/position_setpoint_triplet__functions.c.o[0m
[278.543s] [ 17%] [32mBuilding C object CMakeFiles/px4_msgs__rosidl_generator_c.dir/rosidl_generator_c/px4_msgs/msg/detail/position_setpoint_triplet__type_support.c.o[0m
[278.608s] [ 17%] [32mBuilding C object CMakeFiles/px4_msgs__rosidl_generator_c.dir/rosidl_generator_c/px4_msgs/msg/detail/power_button_state__description.c.o[0m
[278.687s] [ 17%] [32mBuilding C object CMakeFiles/px4_msgs__rosidl_generator_c.dir/rosidl_generator_c/px4_msgs/msg/detail/power_button_state__functions.c.o[0m
[278.780s] [ 17%] [32mBuilding C object CMakeFiles/px4_msgs__rosidl_generator_c.dir/rosidl_generator_c/px4_msgs/msg/detail/power_button_state__type_support.c.o[0m
[278.837s] [ 17%] [32mBuilding C object CMakeFiles/px4_msgs__rosidl_generator_c.dir/rosidl_generator_c/px4_msgs/msg/detail/power_monitor__description.c.o[0m
[278.908s] [ 18%] [32mBuilding C object CMakeFiles/px4_msgs__rosidl_generator_c.dir/rosidl_generator_c/px4_msgs/msg/detail/power_monitor__functions.c.o[0m
[279.003s] [ 18%] [32mBuilding C object CMakeFiles/px4_msgs__rosidl_generator_c.dir/rosidl_generator_c/px4_msgs/msg/detail/power_monitor__type_support.c.o[0m
[279.087s] [ 18%] [32mBuilding C object CMakeFiles/px4_msgs__rosidl_generator_c.dir/rosidl_generator_c/px4_msgs/msg/detail/pps_capture__description.c.o[0m
[279.163s] [ 18%] [32mBuilding C object CMakeFiles/px4_msgs__rosidl_generator_c.dir/rosidl_generator_c/px4_msgs/msg/detail/pps_capture__functions.c.o[0m
[279.248s] [ 18%] [32mBuilding C object CMakeFiles/px4_msgs__rosidl_generator_c.dir/rosidl_generator_c/px4_msgs/msg/detail/pps_capture__type_support.c.o[0m
[279.302s] [ 18%] [32mBuilding C object CMakeFiles/px4_msgs__rosidl_generator_c.dir/rosidl_generator_c/px4_msgs/msg/detail/pure_pursuit_status__description.c.o[0m
[279.371s] [ 18%] [32mBuilding C object CMakeFiles/px4_msgs__rosidl_generator_c.dir/rosidl_generator_c/px4_msgs/msg/detail/pure_pursuit_status__functions.c.o[0m
[279.457s] [ 18%] [32mBuilding C object CMakeFiles/px4_msgs__rosidl_generator_c.dir/rosidl_generator_c/px4_msgs/msg/detail/pure_pursuit_status__type_support.c.o[0m
[279.522s] [ 18%] [32mBuilding C object CMakeFiles/px4_msgs__rosidl_generator_c.dir/rosidl_generator_c/px4_msgs/msg/detail/pwm_input__description.c.o[0m
[279.600s] [ 18%] [32mBuilding C object CMakeFiles/px4_msgs__rosidl_generator_c.dir/rosidl_generator_c/px4_msgs/msg/detail/pwm_input__functions.c.o[0m
[279.685s] [ 18%] [32mBuilding C object CMakeFiles/px4_msgs__rosidl_generator_c.dir/rosidl_generator_c/px4_msgs/msg/detail/pwm_input__type_support.c.o[0m
[279.743s] [ 18%] [32mBuilding C object CMakeFiles/px4_msgs__rosidl_generator_c.dir/rosidl_generator_c/px4_msgs/msg/detail/px4io_status__description.c.o[0m
[279.806s] [ 18%] [32mBuilding C object CMakeFiles/px4_msgs__rosidl_generator_c.dir/rosidl_generator_c/px4_msgs/msg/detail/px4io_status__functions.c.o[0m
[279.901s] [ 18%] [32mBuilding C object CMakeFiles/px4_msgs__rosidl_generator_c.dir/rosidl_generator_c/px4_msgs/msg/detail/px4io_status__type_support.c.o[0m
[279.971s] [ 18%] [32mBuilding C object CMakeFiles/px4_msgs__rosidl_generator_c.dir/rosidl_generator_c/px4_msgs/msg/detail/qshell_req__description.c.o[0m
[280.038s] [ 18%] [32mBuilding C object CMakeFiles/px4_msgs__rosidl_generator_c.dir/rosidl_generator_c/px4_msgs/msg/detail/qshell_req__functions.c.o[0m
[280.123s] [ 18%] [32mBuilding C object CMakeFiles/px4_msgs__rosidl_generator_c.dir/rosidl_generator_c/px4_msgs/msg/detail/qshell_req__type_support.c.o[0m
[280.182s] [ 18%] [32mBuilding C object CMakeFiles/px4_msgs__rosidl_generator_c.dir/rosidl_generator_c/px4_msgs/msg/detail/qshell_retval__description.c.o[0m
[280.248s] [ 18%] [32mBuilding C object CMakeFiles/px4_msgs__rosidl_generator_c.dir/rosidl_generator_c/px4_msgs/msg/detail/qshell_retval__functions.c.o[0m
[280.324s] [ 18%] [32mBuilding C object CMakeFiles/px4_msgs__rosidl_generator_c.dir/rosidl_generator_c/px4_msgs/msg/detail/qshell_retval__type_support.c.o[0m
[280.382s] [ 18%] [32mBuilding C object CMakeFiles/px4_msgs__rosidl_generator_c.dir/rosidl_generator_c/px4_msgs/msg/detail/radio_status__description.c.o[0m
[280.450s] [ 18%] [32mBuilding C object CMakeFiles/px4_msgs__rosidl_generator_c.dir/rosidl_generator_c/px4_msgs/msg/detail/radio_status__functions.c.o[0m
[280.530s] [ 18%] [32mBuilding C object CMakeFiles/px4_msgs__rosidl_generator_c.dir/rosidl_generator_c/px4_msgs/msg/detail/radio_status__type_support.c.o[0m
[280.585s] [ 18%] [32mBuilding C object CMakeFiles/px4_msgs__rosidl_generator_c.dir/rosidl_generator_c/px4_msgs/msg/detail/raptor_input__description.c.o[0m
[280.653s] [ 18%] [32mBuilding C object CMakeFiles/px4_msgs__rosidl_generator_c.dir/rosidl_generator_c/px4_msgs/msg/detail/raptor_input__functions.c.o[0m
[280.739s] [ 19%] [32mBuilding C object CMakeFiles/px4_msgs__rosidl_generator_c.dir/rosidl_generator_c/px4_msgs/msg/detail/raptor_input__type_support.c.o[0m
[280.795s] [ 19%] [32mBuilding C object CMakeFiles/px4_msgs__rosidl_generator_c.dir/rosidl_generator_c/px4_msgs/msg/detail/raptor_status__description.c.o[0m
[280.862s] [ 19%] [32mBuilding C object CMakeFiles/px4_msgs__rosidl_generator_c.dir/rosidl_generator_c/px4_msgs/msg/detail/raptor_status__functions.c.o[0m
[280.952s] [ 19%] [32mBuilding C object CMakeFiles/px4_msgs__rosidl_generator_c.dir/rosidl_generator_c/px4_msgs/msg/detail/raptor_status__type_support.c.o[0m
[281.010s] [ 19%] [32mBuilding C object CMakeFiles/px4_msgs__rosidl_generator_c.dir/rosidl_generator_c/px4_msgs/msg/detail/rate_ctrl_status__description.c.o[0m
[281.086s] [ 19%] [32mBuilding C object CMakeFiles/px4_msgs__rosidl_generator_c.dir/rosidl_generator_c/px4_msgs/msg/detail/rate_ctrl_status__functions.c.o[0m
[281.171s] [ 19%] [32mBuilding C object CMakeFiles/px4_msgs__rosidl_generator_c.dir/rosidl_generator_c/px4_msgs/msg/detail/rate_ctrl_status__type_support.c.o[0m
[281.236s] [ 19%] [32mBuilding C object CMakeFiles/px4_msgs__rosidl_generator_c.dir/rosidl_generator_c/px4_msgs/msg/detail/rc_channels__description.c.o[0m
[281.303s] [ 19%] [32mBuilding C object CMakeFiles/px4_msgs__rosidl_generator_c.dir/rosidl_generator_c/px4_msgs/msg/detail/rc_channels__functions.c.o[0m
[281.390s] [ 19%] [32mBuilding C object CMakeFiles/px4_msgs__rosidl_generator_c.dir/rosidl_generator_c/px4_msgs/msg/detail/rc_channels__type_support.c.o[0m
[281.449s] [ 19%] [32mBuilding C object CMakeFiles/px4_msgs__rosidl_generator_c.dir/rosidl_generator_c/px4_msgs/msg/detail/rc_parameter_map__description.c.o[0m
[281.513s] [ 19%] [32mBuilding C object CMakeFiles/px4_msgs__rosidl_generator_c.dir/rosidl_generator_c/px4_msgs/msg/detail/rc_parameter_map__functions.c.o[0m
[281.599s] [ 19%] [32mBuilding C object CMakeFiles/px4_msgs__rosidl_generator_c.dir/rosidl_generator_c/px4_msgs/msg/detail/rc_parameter_map__type_support.c.o[0m
[281.662s] [ 19%] [32mBuilding C object CMakeFiles/px4_msgs__rosidl_generator_c.dir/rosidl_generator_c/px4_msgs/msg/detail/register_ext_component_reply__description.c.o[0m
[281.733s] [ 19%] [32mBuilding C object CMakeFiles/px4_msgs__rosidl_generator_c.dir/rosidl_generator_c/px4_msgs/msg/detail/register_ext_component_reply__functions.c.o[0m
[281.822s] [ 19%] [32mBuilding C object CMakeFiles/px4_msgs__rosidl_generator_c.dir/rosidl_generator_c/px4_msgs/msg/detail/register_ext_component_reply__type_support.c.o[0m
[281.882s] [ 19%] [32mBuilding C object CMakeFiles/px4_msgs__rosidl_generator_c.dir/rosidl_generator_c/px4_msgs/msg/detail/register_ext_component_request__description.c.o[0m
[281.952s] [ 19%] [32mBuilding C object CMakeFiles/px4_msgs__rosidl_generator_c.dir/rosidl_generator_c/px4_msgs/msg/detail/register_ext_component_request__functions.c.o[0m
[282.036s] [ 19%] [32mBuilding C object CMakeFiles/px4_msgs__rosidl_generator_c.dir/rosidl_generator_c/px4_msgs/msg/detail/register_ext_component_request__type_support.c.o[0m
[282.094s] [ 19%] [32mBuilding C object CMakeFiles/px4_msgs__rosidl_generator_c.dir/rosidl_generator_c/px4_msgs/msg/detail/rover_attitude_setpoint__description.c.o[0m
[282.159s] [ 19%] [32mBuilding C object CMakeFiles/px4_msgs__rosidl_generator_c.dir/rosidl_generator_c/px4_msgs/msg/detail/rover_attitude_setpoint__functions.c.o[0m
[282.243s] [ 19%] [32mBuilding C object CMakeFiles/px4_msgs__rosidl_generator_c.dir/rosidl_generator_c/px4_msgs/msg/detail/rover_attitude_setpoint__type_support.c.o[0m
[282.298s] [ 19%] [32mBuilding C object CMakeFiles/px4_msgs__rosidl_generator_c.dir/rosidl_generator_c/px4_msgs/msg/detail/rover_attitude_status__description.c.o[0m
[282.375s] [ 19%] [32mBuilding C object CMakeFiles/px4_msgs__rosidl_generator_c.dir/rosidl_generator_c/px4_msgs/msg/detail/rover_attitude_status__functions.c.o[0m
[282.457s] [ 20%] [32mBuilding C object CMakeFiles/px4_msgs__rosidl_generator_c.dir/rosidl_generator_c/px4_msgs/msg/detail/rover_attitude_status__type_support.c.o[0m
[282.515s] [ 20%] [32mBuilding C object CMakeFiles/px4_msgs__rosidl_generator_c.dir/rosidl_generator_c/px4_msgs/msg/detail/rover_position_setpoint__description.c.o[0m
[282.584s] [ 20%] [32mBuilding C object CMakeFiles/px4_msgs__rosidl_generator_c.dir/rosidl_generator_c/px4_msgs/msg/detail/rover_position_setpoint__functions.c.o[0m
[282.671s] [ 20%] [32mBuilding C object CMakeFiles/px4_msgs__rosidl_generator_c.dir/rosidl_generator_c/px4_msgs/msg/detail/rover_position_setpoint__type_support.c.o[0m
[282.723s] [ 20%] [32mBuilding C object CMakeFiles/px4_msgs__rosidl_generator_c.dir/rosidl_generator_c/px4_msgs/msg/detail/rover_rate_setpoint__description.c.o[0m
[282.790s] [ 20%] [32mBuilding C object CMakeFiles/px4_msgs__rosidl_generator_c.dir/rosidl_generator_c/px4_msgs/msg/detail/rover_rate_setpoint__functions.c.o[0m
[282.871s] [ 20%] [32mBuilding C object CMakeFiles/px4_msgs__rosidl_generator_c.dir/rosidl_generator_c/px4_msgs/msg/detail/rover_rate_setpoint__type_support.c.o[0m
[282.926s] [ 20%] [32mBuilding C object CMakeFiles/px4_msgs__rosidl_generator_c.dir/rosidl_generator_c/px4_msgs/msg/detail/rover_rate_status__description.c.o[0m
[283.000s] [ 20%] [32mBuilding C object CMakeFiles/px4_msgs__rosidl_generator_c.dir/rosidl_generator_c/px4_msgs/msg/detail/rover_rate_status__functions.c.o[0m
[283.083s] [ 20%] [32mBuilding C object CMakeFiles/px4_msgs__rosidl_generator_c.dir/rosidl_generator_c/px4_msgs/msg/detail/rover_rate_status__type_support.c.o[0m
[283.144s] [ 20%] [32mBuilding C object CMakeFiles/px4_msgs__rosidl_generator_c.dir/rosidl_generator_c/px4_msgs/msg/detail/rover_speed_setpoint__description.c.o[0m
[283.207s] [ 20%] [32mBuilding C object CMakeFiles/px4_msgs__rosidl_generator_c.dir/rosidl_generator_c/px4_msgs/msg/detail/rover_speed_setpoint__functions.c.o[0m
[283.305s] [ 20%] [32mBuilding C object CMakeFiles/px4_msgs__rosidl_generator_c.dir/rosidl_generator_c/px4_msgs/msg/detail/rover_speed_setpoint__type_support.c.o[0m
[283.381s] [ 20%] [32mBuilding C object CMakeFiles/px4_msgs__rosidl_generator_c.dir/rosidl_generator_c/px4_msgs/msg/detail/rover_speed_status__description.c.o[0m
[283.447s] [ 20%] [32mBuilding C object CMakeFiles/px4_msgs__rosidl_generator_c.dir/rosidl_generator_c/px4_msgs/msg/detail/rover_speed_status__functions.c.o[0m
[283.532s] [ 20%] [32mBuilding C object CMakeFiles/px4_msgs__rosidl_generator_c.dir/rosidl_generator_c/px4_msgs/msg/detail/rover_speed_status__type_support.c.o[0m
[283.591s] [ 20%] [32mBuilding C object CMakeFiles/px4_msgs__rosidl_generator_c.dir/rosidl_generator_c/px4_msgs/msg/detail/rover_steering_setpoint__description.c.o[0m
[283.661s] [ 20%] [32mBuilding C object CMakeFiles/px4_msgs__rosidl_generator_c.dir/rosidl_generator_c/px4_msgs/msg/detail/rover_steering_setpoint__functions.c.o[0m
[283.747s] [ 20%] [32mBuilding C object CMakeFiles/px4_msgs__rosidl_generator_c.dir/rosidl_generator_c/px4_msgs/msg/detail/rover_steering_setpoint__type_support.c.o[0m
[283.804s] [ 20%] [32mBuilding C object CMakeFiles/px4_msgs__rosidl_generator_c.dir/rosidl_generator_c/px4_msgs/msg/detail/rover_throttle_setpoint__description.c.o[0m
[283.878s] [ 20%] [32mBuilding C object CMakeFiles/px4_msgs__rosidl_generator_c.dir/rosidl_generator_c/px4_msgs/msg/detail/rover_throttle_setpoint__functions.c.o[0m
[283.964s] [ 20%] [32mBuilding C object CMakeFiles/px4_msgs__rosidl_generator_c.dir/rosidl_generator_c/px4_msgs/msg/detail/rover_throttle_setpoint__type_support.c.o[0m
[284.028s] [ 20%] [32mBuilding C object CMakeFiles/px4_msgs__rosidl_generator_c.dir/rosidl_generator_c/px4_msgs/msg/detail/rpm__description.c.o[0m
[284.097s] [ 20%] [32mBuilding C object CMakeFiles/px4_msgs__rosidl_generator_c.dir/rosidl_generator_c/px4_msgs/msg/detail/rpm__functions.c.o[0m
[284.182s] [ 20%] [32mBuilding C object CMakeFiles/px4_msgs__rosidl_generator_c.dir/rosidl_generator_c/px4_msgs/msg/detail/rpm__type_support.c.o[0m
[284.247s] [ 21%] [32mBuilding C object CMakeFiles/px4_msgs__rosidl_generator_c.dir/rosidl_generator_c/px4_msgs/msg/detail/rtl_status__description.c.o[0m
[284.317s] [ 21%] [32mBuilding C object CMakeFiles/px4_msgs__rosidl_generator_c.dir/rosidl_generator_c/px4_msgs/msg/detail/rtl_status__functions.c.o[0m
[284.410s] [ 21%] [32mBuilding C object CMakeFiles/px4_msgs__rosidl_generator_c.dir/rosidl_generator_c/px4_msgs/msg/detail/rtl_status__type_support.c.o[0m
[284.472s] [ 21%] [32mBuilding C object CMakeFiles/px4_msgs__rosidl_generator_c.dir/rosidl_generator_c/px4_msgs/msg/detail/rtl_time_estimate__description.c.o[0m
[284.546s] [ 21%] [32mBuilding C object CMakeFiles/px4_msgs__rosidl_generator_c.dir/rosidl_generator_c/px4_msgs/msg/detail/rtl_time_estimate__functions.c.o[0m
[284.633s] [ 21%] [32mBuilding C object CMakeFiles/px4_msgs__rosidl_generator_c.dir/rosidl_generator_c/px4_msgs/msg/detail/rtl_time_estimate__type_support.c.o[0m
[284.692s] [ 21%] [32mBuilding C object CMakeFiles/px4_msgs__rosidl_generator_c.dir/rosidl_generator_c/px4_msgs/msg/detail/satellite_info__description.c.o[0m
[284.769s] [ 21%] [32mBuilding C object CMakeFiles/px4_msgs__rosidl_generator_c.dir/rosidl_generator_c/px4_msgs/msg/detail/satellite_info__functions.c.o[0m
[284.868s] [ 21%] [32mBuilding C object CMakeFiles/px4_msgs__rosidl_generator_c.dir/rosidl_generator_c/px4_msgs/msg/detail/satellite_info__type_support.c.o[0m
[284.930s] [ 21%] [32mBuilding C object CMakeFiles/px4_msgs__rosidl_generator_c.dir/rosidl_generator_c/px4_msgs/msg/detail/sensor_accel__description.c.o[0m
[285.002s] [ 21%] [32mBuilding C object CMakeFiles/px4_msgs__rosidl_generator_c.dir/rosidl_generator_c/px4_msgs/msg/detail/sensor_accel__functions.c.o[0m
[285.090s] [ 21%] [32mBuilding C object CMakeFiles/px4_msgs__rosidl_generator_c.dir/rosidl_generator_c/px4_msgs/msg/detail/sensor_accel__type_support.c.o[0m
[285.153s] [ 21%] [32mBuilding C object CMakeFiles/px4_msgs__rosidl_generator_c.dir/rosidl_generator_c/px4_msgs/msg/detail/sensor_accel_fifo__description.c.o[0m
[285.226s] [ 21%] [32mBuilding C object CMakeFiles/px4_msgs__rosidl_generator_c.dir/rosidl_generator_c/px4_msgs/msg/detail/sensor_accel_fifo__functions.c.o[0m
[285.321s] [ 21%] [32mBuilding C object CMakeFiles/px4_msgs__rosidl_generator_c.dir/rosidl_generator_c/px4_msgs/msg/detail/sensor_accel_fifo__type_support.c.o[0m
[285.382s] [ 21%] [32mBuilding C object CMakeFiles/px4_msgs__rosidl_generator_c.dir/rosidl_generator_c/px4_msgs/msg/detail/sensor_airflow__description.c.o[0m
[285.460s] [ 21%] [32mBuilding C object CMakeFiles/px4_msgs__rosidl_generator_c.dir/rosidl_generator_c/px4_msgs/msg/detail/sensor_airflow__functions.c.o[0m
[285.557s] [ 21%] [32mBuilding C object CMakeFiles/px4_msgs__rosidl_generator_c.dir/rosidl_generator_c/px4_msgs/msg/detail/sensor_airflow__type_support.c.o[0m
[285.614s] [ 21%] [32mBuilding C object CMakeFiles/px4_msgs__rosidl_generator_c.dir/rosidl_generator_c/px4_msgs/msg/detail/sensor_baro__description.c.o[0m
[285.697s] [ 21%] [32mBuilding C object CMakeFiles/px4_msgs__rosidl_generator_c.dir/rosidl_generator_c/px4_msgs/msg/detail/sensor_baro__functions.c.o[0m
[285.799s] [ 21%] [32mBuilding C object CMakeFiles/px4_msgs__rosidl_generator_c.dir/rosidl_generator_c/px4_msgs/msg/detail/sensor_baro__type_support.c.o[0m
[285.868s] [ 21%] [32mBuilding C object CMakeFiles/px4_msgs__rosidl_generator_c.dir/rosidl_generator_c/px4_msgs/msg/detail/sensor_combined__description.c.o[0m
[285.953s] [ 21%] [32mBuilding C object CMakeFiles/px4_msgs__rosidl_generator_c.dir/rosidl_generator_c/px4_msgs/msg/detail/sensor_combined__functions.c.o[0m
[286.091s] [ 21%] [32mBuilding C object CMakeFiles/px4_msgs__rosidl_generator_c.dir/rosidl_generator_c/px4_msgs/msg/detail/sensor_combined__type_support.c.o[0m
[286.175s] [ 22%] [32mBuilding C object CMakeFiles/px4_msgs__rosidl_generator_c.dir/rosidl_generator_c/px4_msgs/msg/detail/sensor_correction__description.c.o[0m
[286.276s] [ 22%] [32mBuilding C object CMakeFiles/px4_msgs__rosidl_generator_c.dir/rosidl_generator_c/px4_msgs/msg/detail/sensor_correction__functions.c.o[0m
[286.395s] [ 22%] [32mBuilding C object CMakeFiles/px4_msgs__rosidl_generator_c.dir/rosidl_generator_c/px4_msgs/msg/detail/sensor_correction__type_support.c.o[0m
[286.458s] [ 22%] [32mBuilding C object CMakeFiles/px4_msgs__rosidl_generator_c.dir/rosidl_generator_c/px4_msgs/msg/detail/sensor_gnss_relative__description.c.o[0m
[286.542s] [ 22%] [32mBuilding C object CMakeFiles/px4_msgs__rosidl_generator_c.dir/rosidl_generator_c/px4_msgs/msg/detail/sensor_gnss_relative__functions.c.o[0m
[286.638s] [ 22%] [32mBuilding C object CMakeFiles/px4_msgs__rosidl_generator_c.dir/rosidl_generator_c/px4_msgs/msg/detail/sensor_gnss_relative__type_support.c.o[0m
[286.698s] [ 22%] [32mBuilding C object CMakeFiles/px4_msgs__rosidl_generator_c.dir/rosidl_generator_c/px4_msgs/msg/detail/sensor_gnss_status__description.c.o[0m
[286.772s] [ 22%] [32mBuilding C object CMakeFiles/px4_msgs__rosidl_generator_c.dir/rosidl_generator_c/px4_msgs/msg/detail/sensor_gnss_status__functions.c.o[0m
[286.867s] [ 22%] [32mBuilding C object CMakeFiles/px4_msgs__rosidl_generator_c.dir/rosidl_generator_c/px4_msgs/msg/detail/sensor_gnss_status__type_support.c.o[0m
[286.932s] [ 22%] [32mBuilding C object CMakeFiles/px4_msgs__rosidl_generator_c.dir/rosidl_generator_c/px4_msgs/msg/detail/sensor_gps__description.c.o[0m
[287.004s] [ 22%] [32mBuilding C object CMakeFiles/px4_msgs__rosidl_generator_c.dir/rosidl_generator_c/px4_msgs/msg/detail/sensor_gps__functions.c.o[0m
[287.100s] [ 22%] [32mBuilding C object CMakeFiles/px4_msgs__rosidl_generator_c.dir/rosidl_generator_c/px4_msgs/msg/detail/sensor_gps__type_support.c.o[0m
[287.163s] [ 22%] [32mBuilding C object CMakeFiles/px4_msgs__rosidl_generator_c.dir/rosidl_generator_c/px4_msgs/msg/detail/sensor_gyro__description.c.o[0m
[287.242s] [ 22%] [32mBuilding C object CMakeFiles/px4_msgs__rosidl_generator_c.dir/rosidl_generator_c/px4_msgs/msg/detail/sensor_gyro__functions.c.o[0m
[287.336s] [ 22%] [32mBuilding C object CMakeFiles/px4_msgs__rosidl_generator_c.dir/rosidl_generator_c/px4_msgs/msg/detail/sensor_gyro__type_support.c.o[0m
[287.400s] [ 22%] [32mBuilding C object CMakeFiles/px4_msgs__rosidl_generator_c.dir/rosidl_generator_c/px4_msgs/msg/detail/sensor_gyro_fft__description.c.o[0m
[287.474s] [ 22%] [32mBuilding C object CMakeFiles/px4_msgs__rosidl_generator_c.dir/rosidl_generator_c/px4_msgs/msg/detail/sensor_gyro_fft__functions.c.o[0m
[287.573s] [ 22%] [32mBuilding C object CMakeFiles/px4_msgs__rosidl_generator_c.dir/rosidl_generator_c/px4_msgs/msg/detail/sensor_gyro_fft__type_support.c.o[0m
[287.642s] [ 22%] [32mBuilding C object CMakeFiles/px4_msgs__rosidl_generator_c.dir/rosidl_generator_c/px4_msgs/msg/detail/sensor_gyro_fifo__description.c.o[0m
[287.718s] [ 22%] [32mBuilding C object CMakeFiles/px4_msgs__rosidl_generator_c.dir/rosidl_generator_c/px4_msgs/msg/detail/sensor_gyro_fifo__functions.c.o[0m
[287.812s] [ 22%] [32mBuilding C object CMakeFiles/px4_msgs__rosidl_generator_c.dir/rosidl_generator_c/px4_msgs/msg/detail/sensor_gyro_fifo__type_support.c.o[0m
[287.873s] [ 22%] [32mBuilding C object CMakeFiles/px4_msgs__rosidl_generator_c.dir/rosidl_generator_c/px4_msgs/msg/detail/sensor_hygrometer__description.c.o[0m
[287.950s] [ 22%] [32mBuilding C object CMakeFiles/px4_msgs__rosidl_generator_c.dir/rosidl_generator_c/px4_msgs/msg/detail/sensor_hygrometer__functions.c.o[0m
[288.039s] [ 22%] [32mBuilding C object CMakeFiles/px4_msgs__rosidl_generator_c.dir/rosidl_generator_c/px4_msgs/msg/detail/sensor_hygrometer__type_support.c.o[0m
[288.106s] [ 22%] [32mBuilding C object CMakeFiles/px4_msgs__rosidl_generator_c.dir/rosidl_generator_c/px4_msgs/msg/detail/sensor_mag__description.c.o[0m
[288.182s] [ 23%] [32mBuilding C object CMakeFiles/px4_msgs__rosidl_generator_c.dir/rosidl_generator_c/px4_msgs/msg/detail/sensor_mag__functions.c.o[0m
[288.278s] [ 23%] [32mBuilding C object CMakeFiles/px4_msgs__rosidl_generator_c.dir/rosidl_generator_c/px4_msgs/msg/detail/sensor_mag__type_support.c.o[0m
[288.337s] [ 23%] [32mBuilding C object CMakeFiles/px4_msgs__rosidl_generator_c.dir/rosidl_generator_c/px4_msgs/msg/detail/sensor_optical_flow__description.c.o[0m
[288.411s] [ 23%] [32mBuilding C object CMakeFiles/px4_msgs__rosidl_generator_c.dir/rosidl_generator_c/px4_msgs/msg/detail/sensor_optical_flow__functions.c.o[0m
[288.503s] [ 23%] [32mBuilding C object CMakeFiles/px4_msgs__rosidl_generator_c.dir/rosidl_generator_c/px4_msgs/msg/detail/sensor_optical_flow__type_support.c.o[0m
[288.563s] [ 23%] [32mBuilding C object CMakeFiles/px4_msgs__rosidl_generator_c.dir/rosidl_generator_c/px4_msgs/msg/detail/sensor_preflight_mag__description.c.o[0m
[288.637s] [ 23%] [32mBuilding C object CMakeFiles/px4_msgs__rosidl_generator_c.dir/rosidl_generator_c/px4_msgs/msg/detail/sensor_preflight_mag__functions.c.o[0m
[288.726s] [ 23%] [32mBuilding C object CMakeFiles/px4_msgs__rosidl_generator_c.dir/rosidl_generator_c/px4_msgs/msg/detail/sensor_preflight_mag__type_support.c.o[0m
[288.796s] [ 23%] [32mBuilding C object CMakeFiles/px4_msgs__rosidl_generator_c.dir/rosidl_generator_c/px4_msgs/msg/detail/sensor_selection__description.c.o[0m
[288.867s] [ 23%] [32mBuilding C object CMakeFiles/px4_msgs__rosidl_generator_c.dir/rosidl_generator_c/px4_msgs/msg/detail/sensor_selection__functions.c.o[0m
[288.957s] [ 23%] [32mBuilding C object CMakeFiles/px4_msgs__rosidl_generator_c.dir/rosidl_generator_c/px4_msgs/msg/detail/sensor_selection__type_support.c.o[0m
[289.020s] [ 23%] [32mBuilding C object CMakeFiles/px4_msgs__rosidl_generator_c.dir/rosidl_generator_c/px4_msgs/msg/detail/sensor_temp__description.c.o[0m
[289.087s] [ 23%] [32mBuilding C object CMakeFiles/px4_msgs__rosidl_generator_c.dir/rosidl_generator_c/px4_msgs/msg/detail/sensor_temp__functions.c.o[0m
[289.178s] [ 23%] [32mBuilding C object CMakeFiles/px4_msgs__rosidl_generator_c.dir/rosidl_generator_c/px4_msgs/msg/detail/sensor_temp__type_support.c.o[0m
[289.238s] [ 23%] [32mBuilding C object CMakeFiles/px4_msgs__rosidl_generator_c.dir/rosidl_generator_c/px4_msgs/msg/detail/sensor_uwb__description.c.o[0m
[289.315s] [ 23%] [32mBuilding C object CMakeFiles/px4_msgs__rosidl_generator_c.dir/rosidl_generator_c/px4_msgs/msg/detail/sensor_uwb__functions.c.o[0m
[289.409s] [ 23%] [32mBuilding C object CMakeFiles/px4_msgs__rosidl_generator_c.dir/rosidl_generator_c/px4_msgs/msg/detail/sensor_uwb__type_support.c.o[0m
[289.468s] [ 23%] [32mBuilding C object CMakeFiles/px4_msgs__rosidl_generator_c.dir/rosidl_generator_c/px4_msgs/msg/detail/sensors_status__description.c.o[0m
[289.539s] [ 23%] [32mBuilding C object CMakeFiles/px4_msgs__rosidl_generator_c.dir/rosidl_generator_c/px4_msgs/msg/detail/sensors_status__functions.c.o[0m
[289.632s] [ 23%] [32mBuilding C object CMakeFiles/px4_msgs__rosidl_generator_c.dir/rosidl_generator_c/px4_msgs/msg/detail/sensors_status__type_support.c.o[0m
[289.697s] [ 23%] [32mBuilding C object CMakeFiles/px4_msgs__rosidl_generator_c.dir/rosidl_generator_c/px4_msgs/msg/detail/sensors_status_imu__description.c.o[0m
[289.783s] [ 23%] [32mBuilding C object CMakeFiles/px4_msgs__rosidl_generator_c.dir/rosidl_generator_c/px4_msgs/msg/detail/sensors_status_imu__functions.c.o[0m
[289.881s] [ 23%] [32mBuilding C object CMakeFiles/px4_msgs__rosidl_generator_c.dir/rosidl_generator_c/px4_msgs/msg/detail/sensors_status_imu__type_support.c.o[0m
[289.936s] [ 23%] [32mBuilding C object CMakeFiles/px4_msgs__rosidl_generator_c.dir/rosidl_generator_c/px4_msgs/msg/detail/system_power__description.c.o[0m
[290.013s] [ 24%] [32mBuilding C object CMakeFiles/px4_msgs__rosidl_generator_c.dir/rosidl_generator_c/px4_msgs/msg/detail/system_power__functions.c.o[0m
[290.100s] [ 24%] [32mBuilding C object CMakeFiles/px4_msgs__rosidl_generator_c.dir/rosidl_generator_c/px4_msgs/msg/detail/system_power__type_support.c.o[0m
[290.158s] [ 24%] [32mBuilding C object CMakeFiles/px4_msgs__rosidl_generator_c.dir/rosidl_generator_c/px4_msgs/msg/detail/takeoff_status__description.c.o[0m
[290.229s] [ 24%] [32mBuilding C object CMakeFiles/px4_msgs__rosidl_generator_c.dir/rosidl_generator_c/px4_msgs/msg/detail/takeoff_status__functions.c.o[0m
[290.331s] [ 24%] [32mBuilding C object CMakeFiles/px4_msgs__rosidl_generator_c.dir/rosidl_generator_c/px4_msgs/msg/detail/takeoff_status__type_support.c.o[0m
[290.395s] [ 24%] [32mBuilding C object CMakeFiles/px4_msgs__rosidl_generator_c.dir/rosidl_generator_c/px4_msgs/msg/detail/task_stack_info__description.c.o[0m
[290.470s] [ 24%] [32mBuilding C object CMakeFiles/px4_msgs__rosidl_generator_c.dir/rosidl_generator_c/px4_msgs/msg/detail/task_stack_info__functions.c.o[0m
[290.563s] [ 24%] [32mBuilding C object CMakeFiles/px4_msgs__rosidl_generator_c.dir/rosidl_generator_c/px4_msgs/msg/detail/task_stack_info__type_support.c.o[0m
[290.619s] [ 24%] [32mBuilding C object CMakeFiles/px4_msgs__rosidl_generator_c.dir/rosidl_generator_c/px4_msgs/msg/detail/tecs_status__description.c.o[0m
[290.697s] [ 24%] [32mBuilding C object CMakeFiles/px4_msgs__rosidl_generator_c.dir/rosidl_generator_c/px4_msgs/msg/detail/tecs_status__functions.c.o[0m
[290.786s] [ 24%] [32mBuilding C object CMakeFiles/px4_msgs__rosidl_generator_c.dir/rosidl_generator_c/px4_msgs/msg/detail/tecs_status__type_support.c.o[0m
[290.848s] [ 24%] [32mBuilding C object CMakeFiles/px4_msgs__rosidl_generator_c.dir/rosidl_generator_c/px4_msgs/msg/detail/telemetry_status__description.c.o[0m
[290.917s] [ 24%] [32mBuilding C object CMakeFiles/px4_msgs__rosidl_generator_c.dir/rosidl_generator_c/px4_msgs/msg/detail/telemetry_status__functions.c.o[0m
[291.016s] [ 24%] [32mBuilding C object CMakeFiles/px4_msgs__rosidl_generator_c.dir/rosidl_generator_c/px4_msgs/msg/detail/telemetry_status__type_support.c.o[0m
[291.082s] [ 24%] [32mBuilding C object CMakeFiles/px4_msgs__rosidl_generator_c.dir/rosidl_generator_c/px4_msgs/msg/detail/tiltrotor_extra_controls__description.c.o[0m
[291.151s] [ 24%] [32mBuilding C object CMakeFiles/px4_msgs__rosidl_generator_c.dir/rosidl_generator_c/px4_msgs/msg/detail/tiltrotor_extra_controls__functions.c.o[0m
[291.246s] [ 24%] [32mBuilding C object CMakeFiles/px4_msgs__rosidl_generator_c.dir/rosidl_generator_c/px4_msgs/msg/detail/tiltrotor_extra_controls__type_support.c.o[0m
[291.305s] [ 24%] [32mBuilding C object CMakeFiles/px4_msgs__rosidl_generator_c.dir/rosidl_generator_c/px4_msgs/msg/detail/timesync_status__description.c.o[0m
[291.381s] [ 24%] [32mBuilding C object CMakeFiles/px4_msgs__rosidl_generator_c.dir/rosidl_generator_c/px4_msgs/msg/detail/timesync_status__functions.c.o[0m
[291.466s] [ 24%] [32mBuilding C object CMakeFiles/px4_msgs__rosidl_generator_c.dir/rosidl_generator_c/px4_msgs/msg/detail/timesync_status__type_support.c.o[0m
[291.525s] [ 24%] [32mBuilding C object CMakeFiles/px4_msgs__rosidl_generator_c.dir/rosidl_generator_c/px4_msgs/msg/detail/trajectory_setpoint__description.c.o[0m
[291.600s] [ 24%] [32mBuilding C object CMakeFiles/px4_msgs__rosidl_generator_c.dir/rosidl_generator_c/px4_msgs/msg/detail/trajectory_setpoint__functions.c.o[0m
[291.686s] [ 24%] [32mBuilding C object CMakeFiles/px4_msgs__rosidl_generator_c.dir/rosidl_generator_c/px4_msgs/msg/detail/trajectory_setpoint__type_support.c.o[0m
[291.747s] [ 24%] [32mBuilding C object CMakeFiles/px4_msgs__rosidl_generator_c.dir/rosidl_generator_c/px4_msgs/msg/detail/trajectory_setpoint6dof__description.c.o[0m
[291.816s] [ 25%] [32mBuilding C object CMakeFiles/px4_msgs__rosidl_generator_c.dir/rosidl_generator_c/px4_msgs/msg/detail/trajectory_setpoint6dof__functions.c.o[0m
[291.919s] [ 25%] [32mBuilding C object CMakeFiles/px4_msgs__rosidl_generator_c.dir/rosidl_generator_c/px4_msgs/msg/detail/trajectory_setpoint6dof__type_support.c.o[0m
[291.983s] [ 25%] [32mBuilding C object CMakeFiles/px4_msgs__rosidl_generator_c.dir/rosidl_generator_c/px4_msgs/msg/detail/transponder_report__description.c.o[0m
[292.059s] [ 25%] [32mBuilding C object CMakeFiles/px4_msgs__rosidl_generator_c.dir/rosidl_generator_c/px4_msgs/msg/detail/transponder_report__functions.c.o[0m
[292.149s] [ 25%] [32mBuilding C object CMakeFiles/px4_msgs__rosidl_generator_c.dir/rosidl_generator_c/px4_msgs/msg/detail/transponder_report__type_support.c.o[0m
[292.211s] [ 25%] [32mBuilding C object CMakeFiles/px4_msgs__rosidl_generator_c.dir/rosidl_generator_c/px4_msgs/msg/detail/tune_control__description.c.o[0m
[292.282s] [ 25%] [32mBuilding C object CMakeFiles/px4_msgs__rosidl_generator_c.dir/rosidl_generator_c/px4_msgs/msg/detail/tune_control__functions.c.o[0m
[292.366s] [ 25%] [32mBuilding C object CMakeFiles/px4_msgs__rosidl_generator_c.dir/rosidl_generator_c/px4_msgs/msg/detail/tune_control__type_support.c.o[0m
[292.425s] [ 25%] [32mBuilding C object CMakeFiles/px4_msgs__rosidl_generator_c.dir/rosidl_generator_c/px4_msgs/msg/detail/uavcan_parameter_request__description.c.o[0m
[292.501s] [ 25%] [32mBuilding C object CMakeFiles/px4_msgs__rosidl_generator_c.dir/rosidl_generator_c/px4_msgs/msg/detail/uavcan_parameter_request__functions.c.o[0m
[292.587s] [ 25%] [32mBuilding C object CMakeFiles/px4_msgs__rosidl_generator_c.dir/rosidl_generator_c/px4_msgs/msg/detail/uavcan_parameter_request__type_support.c.o[0m
[292.645s] [ 25%] [32mBuilding C object CMakeFiles/px4_msgs__rosidl_generator_c.dir/rosidl_generator_c/px4_msgs/msg/detail/uavcan_parameter_value__description.c.o[0m
[292.714s] [ 25%] [32mBuilding C object CMakeFiles/px4_msgs__rosidl_generator_c.dir/rosidl_generator_c/px4_msgs/msg/detail/uavcan_parameter_value__functions.c.o[0m
[292.805s] [ 25%] [32mBuilding C object CMakeFiles/px4_msgs__rosidl_generator_c.dir/rosidl_generator_c/px4_msgs/msg/detail/uavcan_parameter_value__type_support.c.o[0m
[292.865s] [ 25%] [32mBuilding C object CMakeFiles/px4_msgs__rosidl_generator_c.dir/rosidl_generator_c/px4_msgs/msg/detail/ulog_stream__description.c.o[0m
[292.935s] [ 25%] [32mBuilding C object CMakeFiles/px4_msgs__rosidl_generator_c.dir/rosidl_generator_c/px4_msgs/msg/detail/ulog_stream__functions.c.o[0m
[293.020s] [ 25%] [32mBuilding C object CMakeFiles/px4_msgs__rosidl_generator_c.dir/rosidl_generator_c/px4_msgs/msg/detail/ulog_stream__type_support.c.o[0m
[293.084s] [ 25%] [32mBuilding C object CMakeFiles/px4_msgs__rosidl_generator_c.dir/rosidl_generator_c/px4_msgs/msg/detail/ulog_stream_ack__description.c.o[0m
[293.152s] [ 25%] [32mBuilding C object CMakeFiles/px4_msgs__rosidl_generator_c.dir/rosidl_generator_c/px4_msgs/msg/detail/ulog_stream_ack__functions.c.o[0m
[293.238s] [ 25%] [32mBuilding C object CMakeFiles/px4_msgs__rosidl_generator_c.dir/rosidl_generator_c/px4_msgs/msg/detail/ulog_stream_ack__type_support.c.o[0m
[293.298s] [ 25%] [32mBuilding C object CMakeFiles/px4_msgs__rosidl_generator_c.dir/rosidl_generator_c/px4_msgs/msg/detail/unregister_ext_component__description.c.o[0m
[293.369s] [ 25%] [32mBuilding C object CMakeFiles/px4_msgs__rosidl_generator_c.dir/rosidl_generator_c/px4_msgs/msg/detail/unregister_ext_component__functions.c.o[0m
[293.458s] [ 25%] [32mBuilding C object CMakeFiles/px4_msgs__rosidl_generator_c.dir/rosidl_generator_c/px4_msgs/msg/detail/unregister_ext_component__type_support.c.o[0m
[293.516s] [ 25%] [32mBuilding C object CMakeFiles/px4_msgs__rosidl_generator_c.dir/rosidl_generator_c/px4_msgs/msg/detail/vehicle_acceleration__description.c.o[0m
[293.587s] [ 25%] [32mBuilding C object CMakeFiles/px4_msgs__rosidl_generator_c.dir/rosidl_generator_c/px4_msgs/msg/detail/vehicle_acceleration__functions.c.o[0m
[293.673s] [ 26%] [32mBuilding C object CMakeFiles/px4_msgs__rosidl_generator_c.dir/rosidl_generator_c/px4_msgs/msg/detail/vehicle_acceleration__type_support.c.o[0m
[293.733s] [ 26%] [32mBuilding C object CMakeFiles/px4_msgs__rosidl_generator_c.dir/rosidl_generator_c/px4_msgs/msg/detail/vehicle_air_data__description.c.o[0m
[293.806s] [ 26%] [32mBuilding C object CMakeFiles/px4_msgs__rosidl_generator_c.dir/rosidl_generator_c/px4_msgs/msg/detail/vehicle_air_data__functions.c.o[0m
[293.892s] [ 26%] [32mBuilding C object CMakeFiles/px4_msgs__rosidl_generator_c.dir/rosidl_generator_c/px4_msgs/msg/detail/vehicle_air_data__type_support.c.o[0m
[293.949s] [ 26%] [32mBuilding C object CMakeFiles/px4_msgs__rosidl_generator_c.dir/rosidl_generator_c/px4_msgs/msg/detail/vehicle_angular_acceleration_setpoint__description.c.o[0m
[294.020s] [ 26%] [32mBuilding C object CMakeFiles/px4_msgs__rosidl_generator_c.dir/rosidl_generator_c/px4_msgs/msg/detail/vehicle_angular_acceleration_setpoint__functions.c.o[0m
[294.119s] [ 26%] [32mBuilding C object CMakeFiles/px4_msgs__rosidl_generator_c.dir/rosidl_generator_c/px4_msgs/msg/detail/vehicle_angular_acceleration_setpoint__type_support.c.o[0m
[294.184s] [ 26%] [32mBuilding C object CMakeFiles/px4_msgs__rosidl_generator_c.dir/rosidl_generator_c/px4_msgs/msg/detail/vehicle_angular_velocity__description.c.o[0m
[294.254s] [ 26%] [32mBuilding C object CMakeFiles/px4_msgs__rosidl_generator_c.dir/rosidl_generator_c/px4_msgs/msg/detail/vehicle_angular_velocity__functions.c.o[0m
[294.339s] [ 26%] [32mBuilding C object CMakeFiles/px4_msgs__rosidl_generator_c.dir/rosidl_generator_c/px4_msgs/msg/detail/vehicle_angular_velocity__type_support.c.o[0m
[294.407s] [ 26%] [32mBuilding C object CMakeFiles/px4_msgs__rosidl_generator_c.dir/rosidl_generator_c/px4_msgs/msg/detail/vehicle_attitude__description.c.o[0m
[294.474s] [ 26%] [32mBuilding C object CMakeFiles/px4_msgs__rosidl_generator_c.dir/rosidl_generator_c/px4_msgs/msg/detail/vehicle_attitude__functions.c.o[0m
[294.574s] [ 26%] [32mBuilding C object CMakeFiles/px4_msgs__rosidl_generator_c.dir/rosidl_generator_c/px4_msgs/msg/detail/vehicle_attitude__type_support.c.o[0m
[294.635s] [ 26%] [32mBuilding C object CMakeFiles/px4_msgs__rosidl_generator_c.dir/rosidl_generator_c/px4_msgs/msg/detail/vehicle_attitude_setpoint__description.c.o[0m
[294.708s] [ 26%] [32mBuilding C object CMakeFiles/px4_msgs__rosidl_generator_c.dir/rosidl_generator_c/px4_msgs/msg/detail/vehicle_attitude_setpoint__functions.c.o[0m
[294.803s] [ 26%] [32mBuilding C object CMakeFiles/px4_msgs__rosidl_generator_c.dir/rosidl_generator_c/px4_msgs/msg/detail/vehicle_attitude_setpoint__type_support.c.o[0m
[294.859s] [ 26%] [32mBuilding C object CMakeFiles/px4_msgs__rosidl_generator_c.dir/rosidl_generator_c/px4_msgs/msg/detail/vehicle_command__description.c.o[0m
[294.932s] [ 26%] [32mBuilding C object CMakeFiles/px4_msgs__rosidl_generator_c.dir/rosidl_generator_c/px4_msgs/msg/detail/vehicle_command__functions.c.o[0m
[295.023s] [ 26%] [32mBuilding C object CMakeFiles/px4_msgs__rosidl_generator_c.dir/rosidl_generator_c/px4_msgs/msg/detail/vehicle_command__type_support.c.o[0m
[295.095s] [ 26%] [32mBuilding C object CMakeFiles/px4_msgs__rosidl_generator_c.dir/rosidl_generator_c/px4_msgs/msg/detail/vehicle_command_ack__description.c.o[0m
[295.168s] [ 26%] [32mBuilding C object CMakeFiles/px4_msgs__rosidl_generator_c.dir/rosidl_generator_c/px4_msgs/msg/detail/vehicle_command_ack__functions.c.o[0m
[295.257s] [ 26%] [32mBuilding C object CMakeFiles/px4_msgs__rosidl_generator_c.dir/rosidl_generator_c/px4_msgs/msg/detail/vehicle_command_ack__type_support.c.o[0m
[295.325s] [ 26%] [32mBuilding C object CMakeFiles/px4_msgs__rosidl_generator_c.dir/rosidl_generator_c/px4_msgs/msg/detail/vehicle_constraints__description.c.o[0m
[295.401s] [ 26%] [32mBuilding C object CMakeFiles/px4_msgs__rosidl_generator_c.dir/rosidl_generator_c/px4_msgs/msg/detail/vehicle_constraints__functions.c.o[0m
[295.496s] [ 27%] [32mBuilding C object CMakeFiles/px4_msgs__rosidl_generator_c.dir/rosidl_generator_c/px4_msgs/msg/detail/vehicle_constraints__type_support.c.o[0m
[295.557s] [ 27%] [32mBuilding C object CMakeFiles/px4_msgs__rosidl_generator_c.dir/rosidl_generator_c/px4_msgs/msg/detail/vehicle_control_mode__description.c.o[0m
[295.632s] [ 27%] [32mBuilding C object CMakeFiles/px4_msgs__rosidl_generator_c.dir/rosidl_generator_c/px4_msgs/msg/detail/vehicle_control_mode__functions.c.o[0m
[295.724s] [ 27%] [32mBuilding C object CMakeFiles/px4_msgs__rosidl_generator_c.dir/rosidl_generator_c/px4_msgs/msg/detail/vehicle_control_mode__type_support.c.o[0m
[295.788s] [ 27%] [32mBuilding C object CMakeFiles/px4_msgs__rosidl_generator_c.dir/rosidl_generator_c/px4_msgs/msg/detail/vehicle_global_position__description.c.o[0m
[295.857s] [ 27%] [32mBuilding C object CMakeFiles/px4_msgs__rosidl_generator_c.dir/rosidl_generator_c/px4_msgs/msg/detail/vehicle_global_position__functions.c.o[0m
[295.947s] [ 27%] [32mBuilding C object CMakeFiles/px4_msgs__rosidl_generator_c.dir/rosidl_generator_c/px4_msgs/msg/detail/vehicle_global_position__type_support.c.o[0m
[296.007s] [ 27%] [32mBuilding C object CMakeFiles/px4_msgs__rosidl_generator_c.dir/rosidl_generator_c/px4_msgs/msg/detail/vehicle_imu__description.c.o[0m
[296.078s] [ 27%] [32mBuilding C object CMakeFiles/px4_msgs__rosidl_generator_c.dir/rosidl_generator_c/px4_msgs/msg/detail/vehicle_imu__functions.c.o[0m
[296.168s] [ 27%] [32mBuilding C object CMakeFiles/px4_msgs__rosidl_generator_c.dir/rosidl_generator_c/px4_msgs/msg/detail/vehicle_imu__type_support.c.o[0m
[296.235s] [ 27%] [32mBuilding C object CMakeFiles/px4_msgs__rosidl_generator_c.dir/rosidl_generator_c/px4_msgs/msg/detail/vehicle_imu_status__description.c.o[0m
[296.313s] [ 27%] [32mBuilding C object CMakeFiles/px4_msgs__rosidl_generator_c.dir/rosidl_generator_c/px4_msgs/msg/detail/vehicle_imu_status__functions.c.o[0m
[296.414s] [ 27%] [32mBuilding C object CMakeFiles/px4_msgs__rosidl_generator_c.dir/rosidl_generator_c/px4_msgs/msg/detail/vehicle_imu_status__type_support.c.o[0m
[296.474s] [ 27%] [32mBuilding C object CMakeFiles/px4_msgs__rosidl_generator_c.dir/rosidl_generator_c/px4_msgs/msg/detail/vehicle_land_detected__description.c.o[0m
[296.546s] [ 27%] [32mBuilding C object CMakeFiles/px4_msgs__rosidl_generator_c.dir/rosidl_generator_c/px4_msgs/msg/detail/vehicle_land_detected__functions.c.o[0m
[296.641s] [ 27%] [32mBuilding C object CMakeFiles/px4_msgs__rosidl_generator_c.dir/rosidl_generator_c/px4_msgs/msg/detail/vehicle_land_detected__type_support.c.o[0m
[296.705s] [ 27%] [32mBuilding C object CMakeFiles/px4_msgs__rosidl_generator_c.dir/rosidl_generator_c/px4_msgs/msg/detail/vehicle_local_position__description.c.o[0m
[296.776s] [ 27%] [32mBuilding C object CMakeFiles/px4_msgs__rosidl_generator_c.dir/rosidl_generator_c/px4_msgs/msg/detail/vehicle_local_position__functions.c.o[0m
[296.874s] [ 27%] [32mBuilding C object CMakeFiles/px4_msgs__rosidl_generator_c.dir/rosidl_generator_c/px4_msgs/msg/detail/vehicle_local_position__type_support.c.o[0m
[296.934s] [ 27%] [32mBuilding C object CMakeFiles/px4_msgs__rosidl_generator_c.dir/rosidl_generator_c/px4_msgs/msg/detail/vehicle_local_position_setpoint__description.c.o[0m
[297.005s] [ 27%] [32mBuilding C object CMakeFiles/px4_msgs__rosidl_generator_c.dir/rosidl_generator_c/px4_msgs/msg/detail/vehicle_local_position_setpoint__functions.c.o[0m
[297.094s] [ 27%] [32mBuilding C object CMakeFiles/px4_msgs__rosidl_generator_c.dir/rosidl_generator_c/px4_msgs/msg/detail/vehicle_local_position_setpoint__type_support.c.o[0m
[297.154s] [ 27%] [32mBuilding C object CMakeFiles/px4_msgs__rosidl_generator_c.dir/rosidl_generator_c/px4_msgs/msg/detail/vehicle_magnetometer__description.c.o[0m
[297.225s] [ 27%] [32mBuilding C object CMakeFiles/px4_msgs__rosidl_generator_c.dir/rosidl_generator_c/px4_msgs/msg/detail/vehicle_magnetometer__functions.c.o[0m
[297.321s] [ 27%] [32mBuilding C object CMakeFiles/px4_msgs__rosidl_generator_c.dir/rosidl_generator_c/px4_msgs/msg/detail/vehicle_magnetometer__type_support.c.o[0m
[297.391s] [ 28%] [32mBuilding C object CMakeFiles/px4_msgs__rosidl_generator_c.dir/rosidl_generator_c/px4_msgs/msg/detail/vehicle_odometry__description.c.o[0m
[297.472s] [ 28%] [32mBuilding C object CMakeFiles/px4_msgs__rosidl_generator_c.dir/rosidl_generator_c/px4_msgs/msg/detail/vehicle_odometry__functions.c.o[0m
[297.576s] [ 28%] [32mBuilding C object CMakeFiles/px4_msgs__rosidl_generator_c.dir/rosidl_generator_c/px4_msgs/msg/detail/vehicle_odometry__type_support.c.o[0m
[297.642s] [ 28%] [32mBuilding C object CMakeFiles/px4_msgs__rosidl_generator_c.dir/rosidl_generator_c/px4_msgs/msg/detail/vehicle_optical_flow__description.c.o[0m
[297.717s] [ 28%] [32mBuilding C object CMakeFiles/px4_msgs__rosidl_generator_c.dir/rosidl_generator_c/px4_msgs/msg/detail/vehicle_optical_flow__functions.c.o[0m
[297.812s] [ 28%] [32mBuilding C object CMakeFiles/px4_msgs__rosidl_generator_c.dir/rosidl_generator_c/px4_msgs/msg/detail/vehicle_optical_flow__type_support.c.o[0m
[297.874s] [ 28%] [32mBuilding C object CMakeFiles/px4_msgs__rosidl_generator_c.dir/rosidl_generator_c/px4_msgs/msg/detail/vehicle_optical_flow_vel__description.c.o[0m
[297.948s] [ 28%] [32mBuilding C object CMakeFiles/px4_msgs__rosidl_generator_c.dir/rosidl_generator_c/px4_msgs/msg/detail/vehicle_optical_flow_vel__functions.c.o[0m
[298.046s] [ 28%] [32mBuilding C object CMakeFiles/px4_msgs__rosidl_generator_c.dir/rosidl_generator_c/px4_msgs/msg/detail/vehicle_optical_flow_vel__type_support.c.o[0m
[298.109s] [ 28%] [32mBuilding C object CMakeFiles/px4_msgs__rosidl_generator_c.dir/rosidl_generator_c/px4_msgs/msg/detail/vehicle_rates_setpoint__description.c.o[0m
[298.178s] [ 28%] [32mBuilding C object CMakeFiles/px4_msgs__rosidl_generator_c.dir/rosidl_generator_c/px4_msgs/msg/detail/vehicle_rates_setpoint__functions.c.o[0m
[298.274s] [ 28%] [32mBuilding C object CMakeFiles/px4_msgs__rosidl_generator_c.dir/rosidl_generator_c/px4_msgs/msg/detail/vehicle_rates_setpoint__type_support.c.o[0m
[298.333s] [ 28%] [32mBuilding C object CMakeFiles/px4_msgs__rosidl_generator_c.dir/rosidl_generator_c/px4_msgs/msg/detail/vehicle_roi__description.c.o[0m
[298.404s] [ 28%] [32mBuilding C object CMakeFiles/px4_msgs__rosidl_generator_c.dir/rosidl_generator_c/px4_msgs/msg/detail/vehicle_roi__functions.c.o[0m
[298.493s] [ 28%] [32mBuilding C object CMakeFiles/px4_msgs__rosidl_generator_c.dir/rosidl_generator_c/px4_msgs/msg/detail/vehicle_roi__type_support.c.o[0m
[298.554s] [ 28%] [32mBuilding C object CMakeFiles/px4_msgs__rosidl_generator_c.dir/rosidl_generator_c/px4_msgs/msg/detail/vehicle_status__description.c.o[0m
[298.634s] [ 28%] [32mBuilding C object CMakeFiles/px4_msgs__rosidl_generator_c.dir/rosidl_generator_c/px4_msgs/msg/detail/vehicle_status__functions.c.o[0m
[298.740s] [ 28%] [32mBuilding C object CMakeFiles/px4_msgs__rosidl_generator_c.dir/rosidl_generator_c/px4_msgs/msg/detail/vehicle_status__type_support.c.o[0m
[298.802s] [ 28%] [32mBuilding C object CMakeFiles/px4_msgs__rosidl_generator_c.dir/rosidl_generator_c/px4_msgs/msg/detail/vehicle_thrust_setpoint__description.c.o[0m
[298.875s] [ 28%] [32mBuilding C object CMakeFiles/px4_msgs__rosidl_generator_c.dir/rosidl_generator_c/px4_msgs/msg/detail/vehicle_thrust_setpoint__functions.c.o[0m
[298.966s] [ 28%] [32mBuilding C object CMakeFiles/px4_msgs__rosidl_generator_c.dir/rosidl_generator_c/px4_msgs/msg/detail/vehicle_thrust_setpoint__type_support.c.o[0m
[299.026s] [ 28%] [32mBuilding C object CMakeFiles/px4_msgs__rosidl_generator_c.dir/rosidl_generator_c/px4_msgs/msg/detail/vehicle_torque_setpoint__description.c.o[0m
[299.104s] [ 28%] [32mBuilding C object CMakeFiles/px4_msgs__rosidl_generator_c.dir/rosidl_generator_c/px4_msgs/msg/detail/vehicle_torque_setpoint__functions.c.o[0m
[299.195s] [ 28%] [32mBuilding C object CMakeFiles/px4_msgs__rosidl_generator_c.dir/rosidl_generator_c/px4_msgs/msg/detail/vehicle_torque_setpoint__type_support.c.o[0m
[299.262s] [ 29%] [32mBuilding C object CMakeFiles/px4_msgs__rosidl_generator_c.dir/rosidl_generator_c/px4_msgs/msg/detail/velocity_limits__description.c.o[0m
[299.340s] [ 29%] [32mBuilding C object CMakeFiles/px4_msgs__rosidl_generator_c.dir/rosidl_generator_c/px4_msgs/msg/detail/velocity_limits__functions.c.o[0m
[299.429s] [ 29%] [32mBuilding C object CMakeFiles/px4_msgs__rosidl_generator_c.dir/rosidl_generator_c/px4_msgs/msg/detail/velocity_limits__type_support.c.o[0m
[299.490s] [ 29%] [32mBuilding C object CMakeFiles/px4_msgs__rosidl_generator_c.dir/rosidl_generator_c/px4_msgs/msg/detail/vtol_vehicle_status__description.c.o[0m
[299.562s] [ 29%] [32mBuilding C object CMakeFiles/px4_msgs__rosidl_generator_c.dir/rosidl_generator_c/px4_msgs/msg/detail/vtol_vehicle_status__functions.c.o[0m
[299.656s] [ 29%] [32mBuilding C object CMakeFiles/px4_msgs__rosidl_generator_c.dir/rosidl_generator_c/px4_msgs/msg/detail/vtol_vehicle_status__type_support.c.o[0m
[299.723s] [ 29%] [32mBuilding C object CMakeFiles/px4_msgs__rosidl_generator_c.dir/rosidl_generator_c/px4_msgs/msg/detail/vtx__description.c.o[0m
[299.796s] [ 29%] [32mBuilding C object CMakeFiles/px4_msgs__rosidl_generator_c.dir/rosidl_generator_c/px4_msgs/msg/detail/vtx__functions.c.o[0m
[299.892s] [ 29%] [32mBuilding C object CMakeFiles/px4_msgs__rosidl_generator_c.dir/rosidl_generator_c/px4_msgs/msg/detail/vtx__type_support.c.o[0m
[299.955s] [ 29%] [32mBuilding C object CMakeFiles/px4_msgs__rosidl_generator_c.dir/rosidl_generator_c/px4_msgs/msg/detail/wheel_encoders__description.c.o[0m
[300.029s] [ 29%] [32mBuilding C object CMakeFiles/px4_msgs__rosidl_generator_c.dir/rosidl_generator_c/px4_msgs/msg/detail/wheel_encoders__functions.c.o[0m
[300.120s] [ 29%] [32mBuilding C object CMakeFiles/px4_msgs__rosidl_generator_c.dir/rosidl_generator_c/px4_msgs/msg/detail/wheel_encoders__type_support.c.o[0m
[300.177s] [ 29%] [32mBuilding C object CMakeFiles/px4_msgs__rosidl_generator_c.dir/rosidl_generator_c/px4_msgs/msg/detail/wind__description.c.o[0m
[300.250s] [ 29%] [32mBuilding C object CMakeFiles/px4_msgs__rosidl_generator_c.dir/rosidl_generator_c/px4_msgs/msg/detail/wind__functions.c.o[0m
[300.341s] [ 29%] [32mBuilding C object CMakeFiles/px4_msgs__rosidl_generator_c.dir/rosidl_generator_c/px4_msgs/msg/detail/wind__type_support.c.o[0m
[300.396s] [ 29%] [32mBuilding C object CMakeFiles/px4_msgs__rosidl_generator_c.dir/rosidl_generator_c/px4_msgs/msg/detail/yaw_estimator_status__description.c.o[0m
[300.465s] [ 29%] [32mBuilding C object CMakeFiles/px4_msgs__rosidl_generator_c.dir/rosidl_generator_c/px4_msgs/msg/detail/yaw_estimator_status__functions.c.o[0m
[300.565s] [ 29%] [32mBuilding C object CMakeFiles/px4_msgs__rosidl_generator_c.dir/rosidl_generator_c/px4_msgs/msg/detail/yaw_estimator_status__type_support.c.o[0m
[300.630s] [ 29%] [32mBuilding C object CMakeFiles/px4_msgs__rosidl_generator_c.dir/rosidl_generator_c/px4_msgs/srv/detail/vehicle_command__description.c.o[0m
[300.736s] [ 29%] [32mBuilding C object CMakeFiles/px4_msgs__rosidl_generator_c.dir/rosidl_generator_c/px4_msgs/srv/detail/vehicle_command__functions.c.o[0m
[300.867s] [ 29%] [32mBuilding C object CMakeFiles/px4_msgs__rosidl_generator_c.dir/rosidl_generator_c/px4_msgs/srv/detail/vehicle_command__type_support.c.o[0m
[300.941s] [ 29%] [32mBuilding C object CMakeFiles/px4_msgs__rosidl_generator_c.dir/rosidl_generator_c/px4_msgs/msg/detail/action_request__type_support.c.o[0m
[300.998s] [ 29%] [32mBuilding C object CMakeFiles/px4_msgs__rosidl_generator_c.dir/rosidl_generator_c/px4_msgs/msg/detail/action_request__functions.c.o[0m
[301.082s] [ 29%] [32m[1mLinking C shared library libpx4_msgs__rosidl_generator_c.so[0m
[301.410s] [ 29%] Built target px4_msgs__rosidl_generator_c
[301.443s] [ 29%] [34m[1mGenerating C++ type support dispatch for ROS interfaces[0m
[364.463s] [ 29%] [32mBuilding CXX object CMakeFiles/px4_msgs__rosidl_typesupport_cpp.dir/rosidl_typesupport_cpp/px4_msgs/msg/action_request__type_support.cpp.o[0m
[364.951s] [ 29%] [32mBuilding CXX object CMakeFiles/px4_msgs__rosidl_typesupport_cpp.dir/rosidl_typesupport_cpp/px4_msgs/msg/actuator_armed__type_support.cpp.o[0m
[365.445s] [ 30%] [32mBuilding CXX object CMakeFiles/px4_msgs__rosidl_typesupport_cpp.dir/rosidl_typesupport_cpp/px4_msgs/msg/actuator_controls_status__type_support.cpp.o[0m
[365.985s] [ 30%] [32mBuilding CXX object CMakeFiles/px4_msgs__rosidl_typesupport_cpp.dir/rosidl_typesupport_cpp/px4_msgs/msg/actuator_motors__type_support.cpp.o[0m
[366.538s] [ 30%] [32mBuilding CXX object CMakeFiles/px4_msgs__rosidl_typesupport_cpp.dir/rosidl_typesupport_cpp/px4_msgs/msg/actuator_outputs__type_support.cpp.o[0m
[367.087s] [ 30%] [32mBuilding CXX object CMakeFiles/px4_msgs__rosidl_typesupport_cpp.dir/rosidl_typesupport_cpp/px4_msgs/msg/actuator_servos__type_support.cpp.o[0m
[367.633s] [ 30%] [32mBuilding CXX object CMakeFiles/px4_msgs__rosidl_typesupport_cpp.dir/rosidl_typesupport_cpp/px4_msgs/msg/actuator_servos_trim__type_support.cpp.o[0m
[368.184s] [ 30%] [32mBuilding CXX object CMakeFiles/px4_msgs__rosidl_typesupport_cpp.dir/rosidl_typesupport_cpp/px4_msgs/msg/actuator_test__type_support.cpp.o[0m
[368.730s] [ 30%] [32mBuilding CXX object CMakeFiles/px4_msgs__rosidl_typesupport_cpp.dir/rosidl_typesupport_cpp/px4_msgs/msg/adc_report__type_support.cpp.o[0m
[369.268s] [ 30%] [32mBuilding CXX object CMakeFiles/px4_msgs__rosidl_typesupport_cpp.dir/rosidl_typesupport_cpp/px4_msgs/msg/airspeed__type_support.cpp.o[0m
[369.816s] [ 30%] [32mBuilding CXX object CMakeFiles/px4_msgs__rosidl_typesupport_cpp.dir/rosidl_typesupport_cpp/px4_msgs/msg/airspeed_validated__type_support.cpp.o[0m
[370.339s] [ 30%] [32mBuilding CXX object CMakeFiles/px4_msgs__rosidl_typesupport_cpp.dir/rosidl_typesupport_cpp/px4_msgs/msg/airspeed_wind__type_support.cpp.o[0m
[370.895s] [ 30%] [32mBuilding CXX object CMakeFiles/px4_msgs__rosidl_typesupport_cpp.dir/rosidl_typesupport_cpp/px4_msgs/msg/arming_check_reply__type_support.cpp.o[0m
[371.438s] [ 30%] [32mBuilding CXX object CMakeFiles/px4_msgs__rosidl_typesupport_cpp.dir/rosidl_typesupport_cpp/px4_msgs/msg/arming_check_request__type_support.cpp.o[0m
[371.985s] [ 30%] [32mBuilding CXX object CMakeFiles/px4_msgs__rosidl_typesupport_cpp.dir/rosidl_typesupport_cpp/px4_msgs/msg/autotune_attitude_control_status__type_support.cpp.o[0m
[372.549s] [ 30%] [32mBuilding CXX object CMakeFiles/px4_msgs__rosidl_typesupport_cpp.dir/rosidl_typesupport_cpp/px4_msgs/msg/battery_info__type_support.cpp.o[0m
[373.102s] [ 30%] [32mBuilding CXX object CMakeFiles/px4_msgs__rosidl_typesupport_cpp.dir/rosidl_typesupport_cpp/px4_msgs/msg/battery_status__type_support.cpp.o[0m
[373.647s] [ 30%] [32mBuilding CXX object CMakeFiles/px4_msgs__rosidl_typesupport_cpp.dir/rosidl_typesupport_cpp/px4_msgs/msg/button_event__type_support.cpp.o[0m
[374.202s] [ 30%] [32mBuilding CXX object CMakeFiles/px4_msgs__rosidl_typesupport_cpp.dir/rosidl_typesupport_cpp/px4_msgs/msg/camera_capture__type_support.cpp.o[0m
[374.745s] [ 30%] [32mBuilding CXX object CMakeFiles/px4_msgs__rosidl_typesupport_cpp.dir/rosidl_typesupport_cpp/px4_msgs/msg/camera_status__type_support.cpp.o[0m
[375.261s] [ 30%] [32mBuilding CXX object CMakeFiles/px4_msgs__rosidl_typesupport_cpp.dir/rosidl_typesupport_cpp/px4_msgs/msg/camera_trigger__type_support.cpp.o[0m
[375.794s] [ 30%] [32mBuilding CXX object CMakeFiles/px4_msgs__rosidl_typesupport_cpp.dir/rosidl_typesupport_cpp/px4_msgs/msg/can_interface_status__type_support.cpp.o[0m
[376.334s] [ 30%] [32mBuilding CXX object CMakeFiles/px4_msgs__rosidl_typesupport_cpp.dir/rosidl_typesupport_cpp/px4_msgs/msg/cellular_status__type_support.cpp.o[0m
[376.887s] [ 30%] [32mBuilding CXX object CMakeFiles/px4_msgs__rosidl_typesupport_cpp.dir/rosidl_typesupport_cpp/px4_msgs/msg/collision_constraints__type_support.cpp.o[0m
[377.437s] [ 30%] [32mBuilding CXX object CMakeFiles/px4_msgs__rosidl_typesupport_cpp.dir/rosidl_typesupport_cpp/px4_msgs/msg/config_overrides__type_support.cpp.o[0m
[377.979s] [ 30%] [32mBuilding CXX object CMakeFiles/px4_msgs__rosidl_typesupport_cpp.dir/rosidl_typesupport_cpp/px4_msgs/msg/control_allocator_status__type_support.cpp.o[0m
[378.507s] [ 30%] [32mBuilding CXX object CMakeFiles/px4_msgs__rosidl_typesupport_cpp.dir/rosidl_typesupport_cpp/px4_msgs/msg/cpuload__type_support.cpp.o[0m
[379.029s] [ 31%] [32mBuilding CXX object CMakeFiles/px4_msgs__rosidl_typesupport_cpp.dir/rosidl_typesupport_cpp/px4_msgs/msg/dataman_request__type_support.cpp.o[0m
[379.557s] [ 31%] [32mBuilding CXX object CMakeFiles/px4_msgs__rosidl_typesupport_cpp.dir/rosidl_typesupport_cpp/px4_msgs/msg/dataman_response__type_support.cpp.o[0m
[380.074s] [ 31%] [32mBuilding CXX object CMakeFiles/px4_msgs__rosidl_typesupport_cpp.dir/rosidl_typesupport_cpp/px4_msgs/msg/debug_array__type_support.cpp.o[0m
[380.598s] [ 31%] [32mBuilding CXX object CMakeFiles/px4_msgs__rosidl_typesupport_cpp.dir/rosidl_typesupport_cpp/px4_msgs/msg/debug_key_value__type_support.cpp.o[0m
[381.097s] [ 31%] [32mBuilding CXX object CMakeFiles/px4_msgs__rosidl_typesupport_cpp.dir/rosidl_typesupport_cpp/px4_msgs/msg/debug_value__type_support.cpp.o[0m
[381.606s] [ 31%] [32mBuilding CXX object CMakeFiles/px4_msgs__rosidl_typesupport_cpp.dir/rosidl_typesupport_cpp/px4_msgs/msg/debug_vect__type_support.cpp.o[0m
[382.200s] [ 31%] [32mBuilding CXX object CMakeFiles/px4_msgs__rosidl_typesupport_cpp.dir/rosidl_typesupport_cpp/px4_msgs/msg/device_information__type_support.cpp.o[0m
[382.751s] [ 31%] [32mBuilding CXX object CMakeFiles/px4_msgs__rosidl_typesupport_cpp.dir/rosidl_typesupport_cpp/px4_msgs/msg/differential_pressure__type_support.cpp.o[0m
[383.274s] [ 31%] [32mBuilding CXX object CMakeFiles/px4_msgs__rosidl_typesupport_cpp.dir/rosidl_typesupport_cpp/px4_msgs/msg/distance_sensor__type_support.cpp.o[0m
[383.788s] [ 31%] [32mBuilding CXX object CMakeFiles/px4_msgs__rosidl_typesupport_cpp.dir/rosidl_typesupport_cpp/px4_msgs/msg/distance_sensor_mode_change_request__type_support.cpp.o[0m
[384.301s] [ 31%] [32mBuilding CXX object CMakeFiles/px4_msgs__rosidl_typesupport_cpp.dir/rosidl_typesupport_cpp/px4_msgs/msg/dronecan_node_status__type_support.cpp.o[0m
[384.824s] [ 31%] [32mBuilding CXX object CMakeFiles/px4_msgs__rosidl_typesupport_cpp.dir/rosidl_typesupport_cpp/px4_msgs/msg/ekf2_timestamps__type_support.cpp.o[0m
[385.354s] [ 31%] [32mBuilding CXX object CMakeFiles/px4_msgs__rosidl_typesupport_cpp.dir/rosidl_typesupport_cpp/px4_msgs/msg/esc_report__type_support.cpp.o[0m
[385.858s] [ 31%] [32mBuilding CXX object CMakeFiles/px4_msgs__rosidl_typesupport_cpp.dir/rosidl_typesupport_cpp/px4_msgs/msg/esc_status__type_support.cpp.o[0m
[386.387s] [ 31%] [32mBuilding CXX object CMakeFiles/px4_msgs__rosidl_typesupport_cpp.dir/rosidl_typesupport_cpp/px4_msgs/msg/estimator_aid_source1d__type_support.cpp.o[0m
[386.920s] [ 31%] [32mBuilding CXX object CMakeFiles/px4_msgs__rosidl_typesupport_cpp.dir/rosidl_typesupport_cpp/px4_msgs/msg/estimator_aid_source2d__type_support.cpp.o[0m
[387.483s] [ 31%] [32mBuilding CXX object CMakeFiles/px4_msgs__rosidl_typesupport_cpp.dir/rosidl_typesupport_cpp/px4_msgs/msg/estimator_aid_source3d__type_support.cpp.o[0m
[388.028s] [ 31%] [32mBuilding CXX object CMakeFiles/px4_msgs__rosidl_typesupport_cpp.dir/rosidl_typesupport_cpp/px4_msgs/msg/estimator_bias__type_support.cpp.o[0m
[388.568s] [ 31%] [32mBuilding CXX object CMakeFiles/px4_msgs__rosidl_typesupport_cpp.dir/rosidl_typesupport_cpp/px4_msgs/msg/estimator_bias3d__type_support.cpp.o[0m
[389.119s] [ 31%] [32mBuilding CXX object CMakeFiles/px4_msgs__rosidl_typesupport_cpp.dir/rosidl_typesupport_cpp/px4_msgs/msg/estimator_event_flags__type_support.cpp.o[0m
[389.684s] [ 31%] [32mBuilding CXX object CMakeFiles/px4_msgs__rosidl_typesupport_cpp.dir/rosidl_typesupport_cpp/px4_msgs/msg/estimator_gps_status__type_support.cpp.o[0m
[390.214s] [ 31%] [32mBuilding CXX object CMakeFiles/px4_msgs__rosidl_typesupport_cpp.dir/rosidl_typesupport_cpp/px4_msgs/msg/estimator_innovations__type_support.cpp.o[0m
[390.753s] [ 31%] [32mBuilding CXX object CMakeFiles/px4_msgs__rosidl_typesupport_cpp.dir/rosidl_typesupport_cpp/px4_msgs/msg/estimator_selector_status__type_support.cpp.o[0m
[391.267s] [ 31%] [32mBuilding CXX object CMakeFiles/px4_msgs__rosidl_typesupport_cpp.dir/rosidl_typesupport_cpp/px4_msgs/msg/estimator_sensor_bias__type_support.cpp.o[0m
[391.787s] [ 32%] [32mBuilding CXX object CMakeFiles/px4_msgs__rosidl_typesupport_cpp.dir/rosidl_typesupport_cpp/px4_msgs/msg/estimator_states__type_support.cpp.o[0m
[392.294s] [ 32%] [32mBuilding CXX object CMakeFiles/px4_msgs__rosidl_typesupport_cpp.dir/rosidl_typesupport_cpp/px4_msgs/msg/estimator_status__type_support.cpp.o[0m
[392.803s] [ 32%] [32mBuilding CXX object CMakeFiles/px4_msgs__rosidl_typesupport_cpp.dir/rosidl_typesupport_cpp/px4_msgs/msg/estimator_status_flags__type_support.cpp.o[0m
[393.343s] [ 32%] [32mBuilding CXX object CMakeFiles/px4_msgs__rosidl_typesupport_cpp.dir/rosidl_typesupport_cpp/px4_msgs/msg/event__type_support.cpp.o[0m
[393.866s] [ 32%] [32mBuilding CXX object CMakeFiles/px4_msgs__rosidl_typesupport_cpp.dir/rosidl_typesupport_cpp/px4_msgs/msg/failsafe_flags__type_support.cpp.o[0m
[394.392s] [ 32%] [32mBuilding CXX object CMakeFiles/px4_msgs__rosidl_typesupport_cpp.dir/rosidl_typesupport_cpp/px4_msgs/msg/failure_detector_status__type_support.cpp.o[0m
[394.937s] [ 32%] [32mBuilding CXX object CMakeFiles/px4_msgs__rosidl_typesupport_cpp.dir/rosidl_typesupport_cpp/px4_msgs/msg/figure_eight_status__type_support.cpp.o[0m
[395.496s] [ 32%] [32mBuilding CXX object CMakeFiles/px4_msgs__rosidl_typesupport_cpp.dir/rosidl_typesupport_cpp/px4_msgs/msg/fixed_wing_lateral_guidance_status__type_support.cpp.o[0m
[396.023s] [ 32%] [32mBuilding CXX object CMakeFiles/px4_msgs__rosidl_typesupport_cpp.dir/rosidl_typesupport_cpp/px4_msgs/msg/fixed_wing_lateral_setpoint__type_support.cpp.o[0m
[396.553s] [ 32%] [32mBuilding CXX object CMakeFiles/px4_msgs__rosidl_typesupport_cpp.dir/rosidl_typesupport_cpp/px4_msgs/msg/fixed_wing_lateral_status__type_support.cpp.o[0m
[397.091s] [ 32%] [32mBuilding CXX object CMakeFiles/px4_msgs__rosidl_typesupport_cpp.dir/rosidl_typesupport_cpp/px4_msgs/msg/fixed_wing_longitudinal_setpoint__type_support.cpp.o[0m
[397.643s] [ 32%] [32mBuilding CXX object CMakeFiles/px4_msgs__rosidl_typesupport_cpp.dir/rosidl_typesupport_cpp/px4_msgs/msg/fixed_wing_runway_control__type_support.cpp.o[0m
[398.172s] [ 32%] [32mBuilding CXX object CMakeFiles/px4_msgs__rosidl_typesupport_cpp.dir/rosidl_typesupport_cpp/px4_msgs/msg/flight_phase_estimation__type_support.cpp.o[0m
[398.710s] [ 32%] [32mBuilding CXX object CMakeFiles/px4_msgs__rosidl_typesupport_cpp.dir/rosidl_typesupport_cpp/px4_msgs/msg/follow_target__type_support.cpp.o[0m
[399.260s] [ 32%] [32mBuilding CXX object CMakeFiles/px4_msgs__rosidl_typesupport_cpp.dir/rosidl_typesupport_cpp/px4_msgs/msg/follow_target_estimator__type_support.cpp.o[0m
[399.794s] [ 32%] [32mBuilding CXX object CMakeFiles/px4_msgs__rosidl_typesupport_cpp.dir/rosidl_typesupport_cpp/px4_msgs/msg/follow_target_status__type_support.cpp.o[0m
[400.325s] [ 32%] [32mBuilding CXX object CMakeFiles/px4_msgs__rosidl_typesupport_cpp.dir/rosidl_typesupport_cpp/px4_msgs/msg/fuel_tank_status__type_support.cpp.o[0m
[400.845s] [ 32%] [32mBuilding CXX object CMakeFiles/px4_msgs__rosidl_typesupport_cpp.dir/rosidl_typesupport_cpp/px4_msgs/msg/gain_compression__type_support.cpp.o[0m
[401.377s] [ 32%] [32mBuilding CXX object CMakeFiles/px4_msgs__rosidl_typesupport_cpp.dir/rosidl_typesupport_cpp/px4_msgs/msg/generator_status__type_support.cpp.o[0m
[401.890s] [ 32%] [32mBuilding CXX object CMakeFiles/px4_msgs__rosidl_typesupport_cpp.dir/rosidl_typesupport_cpp/px4_msgs/msg/geofence_result__type_support.cpp.o[0m
[402.404s] [ 32%] [32mBuilding CXX object CMakeFiles/px4_msgs__rosidl_typesupport_cpp.dir/rosidl_typesupport_cpp/px4_msgs/msg/geofence_status__type_support.cpp.o[0m
[402.900s] [ 32%] [32mBuilding CXX object CMakeFiles/px4_msgs__rosidl_typesupport_cpp.dir/rosidl_typesupport_cpp/px4_msgs/msg/gimbal_controls__type_support.cpp.o[0m
[403.432s] [ 32%] [32mBuilding CXX object CMakeFiles/px4_msgs__rosidl_typesupport_cpp.dir/rosidl_typesupport_cpp/px4_msgs/msg/gimbal_device_attitude_status__type_support.cpp.o[0m
[403.954s] [ 32%] [32mBuilding CXX object CMakeFiles/px4_msgs__rosidl_typesupport_cpp.dir/rosidl_typesupport_cpp/px4_msgs/msg/gimbal_device_information__type_support.cpp.o[0m
[404.495s] [ 32%] [32mBuilding CXX object CMakeFiles/px4_msgs__rosidl_typesupport_cpp.dir/rosidl_typesupport_cpp/px4_msgs/msg/gimbal_device_set_attitude__type_support.cpp.o[0m
[404.996s] [ 33%] [32mBuilding CXX object CMakeFiles/px4_msgs__rosidl_typesupport_cpp.dir/rosidl_typesupport_cpp/px4_msgs/msg/gimbal_manager_information__type_support.cpp.o[0m
[405.491s] [ 33%] [32mBuilding CXX object CMakeFiles/px4_msgs__rosidl_typesupport_cpp.dir/rosidl_typesupport_cpp/px4_msgs/msg/gimbal_manager_set_attitude__type_support.cpp.o[0m
[406.079s] [ 33%] [32mBuilding CXX object CMakeFiles/px4_msgs__rosidl_typesupport_cpp.dir/rosidl_typesupport_cpp/px4_msgs/msg/gimbal_manager_set_manual_control__type_support.cpp.o[0m
[406.710s] [ 33%] [32mBuilding CXX object CMakeFiles/px4_msgs__rosidl_typesupport_cpp.dir/rosidl_typesupport_cpp/px4_msgs/msg/gimbal_manager_status__type_support.cpp.o[0m
[407.227s] [ 33%] [32mBuilding CXX object CMakeFiles/px4_msgs__rosidl_typesupport_cpp.dir/rosidl_typesupport_cpp/px4_msgs/msg/goto_setpoint__type_support.cpp.o[0m
[407.764s] [ 33%] [32mBuilding CXX object CMakeFiles/px4_msgs__rosidl_typesupport_cpp.dir/rosidl_typesupport_cpp/px4_msgs/msg/gpio_config__type_support.cpp.o[0m
[408.305s] [ 33%] [32mBuilding CXX object CMakeFiles/px4_msgs__rosidl_typesupport_cpp.dir/rosidl_typesupport_cpp/px4_msgs/msg/gpio_in__type_support.cpp.o[0m
[408.844s] [ 33%] [32mBuilding CXX object CMakeFiles/px4_msgs__rosidl_typesupport_cpp.dir/rosidl_typesupport_cpp/px4_msgs/msg/gpio_out__type_support.cpp.o[0m
[409.403s] [ 33%] [32mBuilding CXX object CMakeFiles/px4_msgs__rosidl_typesupport_cpp.dir/rosidl_typesupport_cpp/px4_msgs/msg/gpio_request__type_support.cpp.o[0m
[409.952s] [ 33%] [32mBuilding CXX object CMakeFiles/px4_msgs__rosidl_typesupport_cpp.dir/rosidl_typesupport_cpp/px4_msgs/msg/gps_dump__type_support.cpp.o[0m
[410.472s] [ 33%] [32mBuilding CXX object CMakeFiles/px4_msgs__rosidl_typesupport_cpp.dir/rosidl_typesupport_cpp/px4_msgs/msg/gps_inject_data__type_support.cpp.o[0m
[410.992s] [ 33%] [32mBuilding CXX object CMakeFiles/px4_msgs__rosidl_typesupport_cpp.dir/rosidl_typesupport_cpp/px4_msgs/msg/gripper__type_support.cpp.o[0m
[411.524s] [ 33%] [32mBuilding CXX object CMakeFiles/px4_msgs__rosidl_typesupport_cpp.dir/rosidl_typesupport_cpp/px4_msgs/msg/health_report__type_support.cpp.o[0m
[412.056s] [ 33%] [32mBuilding CXX object CMakeFiles/px4_msgs__rosidl_typesupport_cpp.dir/rosidl_typesupport_cpp/px4_msgs/msg/heater_status__type_support.cpp.o[0m
[412.645s] [ 33%] [32mBuilding CXX object CMakeFiles/px4_msgs__rosidl_typesupport_cpp.dir/rosidl_typesupport_cpp/px4_msgs/msg/home_position__type_support.cpp.o[0m
[413.205s] [ 33%] [32mBuilding CXX object CMakeFiles/px4_msgs__rosidl_typesupport_cpp.dir/rosidl_typesupport_cpp/px4_msgs/msg/hover_thrust_estimate__type_support.cpp.o[0m
[413.771s] [ 33%] [32mBuilding CXX object CMakeFiles/px4_msgs__rosidl_typesupport_cpp.dir/rosidl_typesupport_cpp/px4_msgs/msg/input_rc__type_support.cpp.o[0m
[414.335s] [ 33%] [32mBuilding CXX object CMakeFiles/px4_msgs__rosidl_typesupport_cpp.dir/rosidl_typesupport_cpp/px4_msgs/msg/internal_combustion_engine_control__type_support.cpp.o[0m
[414.874s] [ 33%] [32mBuilding CXX object CMakeFiles/px4_msgs__rosidl_typesupport_cpp.dir/rosidl_typesupport_cpp/px4_msgs/msg/internal_combustion_engine_status__type_support.cpp.o[0m
[415.392s] [ 33%] [32mBuilding CXX object CMakeFiles/px4_msgs__rosidl_typesupport_cpp.dir/rosidl_typesupport_cpp/px4_msgs/msg/iridiumsbd_status__type_support.cpp.o[0m
[415.939s] [ 33%] [32mBuilding CXX object CMakeFiles/px4_msgs__rosidl_typesupport_cpp.dir/rosidl_typesupport_cpp/px4_msgs/msg/irlock_report__type_support.cpp.o[0m
[416.474s] [ 33%] [32mBuilding CXX object CMakeFiles/px4_msgs__rosidl_typesupport_cpp.dir/rosidl_typesupport_cpp/px4_msgs/msg/landing_gear__type_support.cpp.o[0m
[417.031s] [ 33%] [32mBuilding CXX object CMakeFiles/px4_msgs__rosidl_typesupport_cpp.dir/rosidl_typesupport_cpp/px4_msgs/msg/landing_gear_wheel__type_support.cpp.o[0m
[417.572s] [ 33%] [32mBuilding CXX object CMakeFiles/px4_msgs__rosidl_typesupport_cpp.dir/rosidl_typesupport_cpp/px4_msgs/msg/landing_target_innovations__type_support.cpp.o[0m
[418.111s] [ 34%] [32mBuilding CXX object CMakeFiles/px4_msgs__rosidl_typesupport_cpp.dir/rosidl_typesupport_cpp/px4_msgs/msg/landing_target_pose__type_support.cpp.o[0m
[418.642s] [ 34%] [32mBuilding CXX object CMakeFiles/px4_msgs__rosidl_typesupport_cpp.dir/rosidl_typesupport_cpp/px4_msgs/msg/lateral_control_configuration__type_support.cpp.o[0m
[419.192s] [ 34%] [32mBuilding CXX object CMakeFiles/px4_msgs__rosidl_typesupport_cpp.dir/rosidl_typesupport_cpp/px4_msgs/msg/launch_detection_status__type_support.cpp.o[0m
[419.726s] [ 34%] [32mBuilding CXX object CMakeFiles/px4_msgs__rosidl_typesupport_cpp.dir/rosidl_typesupport_cpp/px4_msgs/msg/led_control__type_support.cpp.o[0m
[420.243s] [ 34%] [32mBuilding CXX object CMakeFiles/px4_msgs__rosidl_typesupport_cpp.dir/rosidl_typesupport_cpp/px4_msgs/msg/log_message__type_support.cpp.o[0m
[420.761s] [ 34%] [32mBuilding CXX object CMakeFiles/px4_msgs__rosidl_typesupport_cpp.dir/rosidl_typesupport_cpp/px4_msgs/msg/logger_status__type_support.cpp.o[0m
[421.317s] [ 34%] [32mBuilding CXX object CMakeFiles/px4_msgs__rosidl_typesupport_cpp.dir/rosidl_typesupport_cpp/px4_msgs/msg/longitudinal_control_configuration__type_support.cpp.o[0m
[421.824s] [ 34%] [32mBuilding CXX object CMakeFiles/px4_msgs__rosidl_typesupport_cpp.dir/rosidl_typesupport_cpp/px4_msgs/msg/mag_worker_data__type_support.cpp.o[0m
[422.357s] [ 34%] [32mBuilding CXX object CMakeFiles/px4_msgs__rosidl_typesupport_cpp.dir/rosidl_typesupport_cpp/px4_msgs/msg/magnetometer_bias_estimate__type_support.cpp.o[0m
[422.892s] [ 34%] [32mBuilding CXX object CMakeFiles/px4_msgs__rosidl_typesupport_cpp.dir/rosidl_typesupport_cpp/px4_msgs/msg/manual_control_setpoint__type_support.cpp.o[0m
[423.456s] [ 34%] [32mBuilding CXX object CMakeFiles/px4_msgs__rosidl_typesupport_cpp.dir/rosidl_typesupport_cpp/px4_msgs/msg/manual_control_switches__type_support.cpp.o[0m
[424.001s] [ 34%] [32mBuilding CXX object CMakeFiles/px4_msgs__rosidl_typesupport_cpp.dir/rosidl_typesupport_cpp/px4_msgs/msg/mavlink_log__type_support.cpp.o[0m
[424.520s] [ 34%] [32mBuilding CXX object CMakeFiles/px4_msgs__rosidl_typesupport_cpp.dir/rosidl_typesupport_cpp/px4_msgs/msg/mavlink_tunnel__type_support.cpp.o[0m
[425.042s] [ 34%] [32mBuilding CXX object CMakeFiles/px4_msgs__rosidl_typesupport_cpp.dir/rosidl_typesupport_cpp/px4_msgs/msg/message_format_request__type_support.cpp.o[0m
[425.583s] [ 34%] [32mBuilding CXX object CMakeFiles/px4_msgs__rosidl_typesupport_cpp.dir/rosidl_typesupport_cpp/px4_msgs/msg/message_format_response__type_support.cpp.o[0m
[426.118s] [ 34%] [32mBuilding CXX object CMakeFiles/px4_msgs__rosidl_typesupport_cpp.dir/rosidl_typesupport_cpp/px4_msgs/msg/mission__type_support.cpp.o[0m
[426.653s] [ 34%] [32mBuilding CXX object CMakeFiles/px4_msgs__rosidl_typesupport_cpp.dir/rosidl_typesupport_cpp/px4_msgs/msg/mission_result__type_support.cpp.o[0m
[427.204s] [ 34%] [32mBuilding CXX object CMakeFiles/px4_msgs__rosidl_typesupport_cpp.dir/rosidl_typesupport_cpp/px4_msgs/msg/mode_completed__type_support.cpp.o[0m
[427.770s] [ 34%] [32mBuilding CXX object CMakeFiles/px4_msgs__rosidl_typesupport_cpp.dir/rosidl_typesupport_cpp/px4_msgs/msg/mount_orientation__type_support.cpp.o[0m
[428.318s] [ 34%] [32mBuilding CXX object CMakeFiles/px4_msgs__rosidl_typesupport_cpp.dir/rosidl_typesupport_cpp/px4_msgs/msg/navigator_mission_item__type_support.cpp.o[0m
[428.868s] [ 34%] [32mBuilding CXX object CMakeFiles/px4_msgs__rosidl_typesupport_cpp.dir/rosidl_typesupport_cpp/px4_msgs/msg/navigator_status__type_support.cpp.o[0m
[429.425s] [ 34%] [32mBuilding CXX object CMakeFiles/px4_msgs__rosidl_typesupport_cpp.dir/rosidl_typesupport_cpp/px4_msgs/msg/neural_control__type_support.cpp.o[0m
[430.034s] [ 34%] [32mBuilding CXX object CMakeFiles/px4_msgs__rosidl_typesupport_cpp.dir/rosidl_typesupport_cpp/px4_msgs/msg/normalized_unsigned_setpoint__type_support.cpp.o[0m
[430.660s] [ 34%] [32mBuilding CXX object CMakeFiles/px4_msgs__rosidl_typesupport_cpp.dir/rosidl_typesupport_cpp/px4_msgs/msg/obstacle_distance__type_support.cpp.o[0m
[431.238s] [ 34%] [32mBuilding CXX object CMakeFiles/px4_msgs__rosidl_typesupport_cpp.dir/rosidl_typesupport_cpp/px4_msgs/msg/offboard_control_mode__type_support.cpp.o[0m
[431.805s] [ 35%] [32mBuilding CXX object CMakeFiles/px4_msgs__rosidl_typesupport_cpp.dir/rosidl_typesupport_cpp/px4_msgs/msg/onboard_computer_status__type_support.cpp.o[0m
[432.321s] [ 35%] [32mBuilding CXX object CMakeFiles/px4_msgs__rosidl_typesupport_cpp.dir/rosidl_typesupport_cpp/px4_msgs/msg/open_drone_id_arm_status__type_support.cpp.o[0m
[432.832s] [ 35%] [32mBuilding CXX object CMakeFiles/px4_msgs__rosidl_typesupport_cpp.dir/rosidl_typesupport_cpp/px4_msgs/msg/open_drone_id_operator_id__type_support.cpp.o[0m
[433.339s] [ 35%] [32mBuilding CXX object CMakeFiles/px4_msgs__rosidl_typesupport_cpp.dir/rosidl_typesupport_cpp/px4_msgs/msg/open_drone_id_self_id__type_support.cpp.o[0m
[433.832s] [ 35%] [32mBuilding CXX object CMakeFiles/px4_msgs__rosidl_typesupport_cpp.dir/rosidl_typesupport_cpp/px4_msgs/msg/open_drone_id_system__type_support.cpp.o[0m
[434.356s] [ 35%] [32mBuilding CXX object CMakeFiles/px4_msgs__rosidl_typesupport_cpp.dir/rosidl_typesupport_cpp/px4_msgs/msg/orb_test__type_support.cpp.o[0m
[434.873s] [ 35%] [32mBuilding CXX object CMakeFiles/px4_msgs__rosidl_typesupport_cpp.dir/rosidl_typesupport_cpp/px4_msgs/msg/orb_test_large__type_support.cpp.o[0m
[435.415s] [ 35%] [32mBuilding CXX object CMakeFiles/px4_msgs__rosidl_typesupport_cpp.dir/rosidl_typesupport_cpp/px4_msgs/msg/orb_test_medium__type_support.cpp.o[0m
[435.947s] [ 35%] [32mBuilding CXX object CMakeFiles/px4_msgs__rosidl_typesupport_cpp.dir/rosidl_typesupport_cpp/px4_msgs/msg/orbit_status__type_support.cpp.o[0m
[436.490s] [ 35%] [32mBuilding CXX object CMakeFiles/px4_msgs__rosidl_typesupport_cpp.dir/rosidl_typesupport_cpp/px4_msgs/msg/parameter_reset_request__type_support.cpp.o[0m
[437.012s] [ 35%] [32mBuilding CXX object CMakeFiles/px4_msgs__rosidl_typesupport_cpp.dir/rosidl_typesupport_cpp/px4_msgs/msg/parameter_set_used_request__type_support.cpp.o[0m
[437.550s] [ 35%] [32mBuilding CXX object CMakeFiles/px4_msgs__rosidl_typesupport_cpp.dir/rosidl_typesupport_cpp/px4_msgs/msg/parameter_set_value_request__type_support.cpp.o[0m
[438.122s] [ 35%] [32mBuilding CXX object CMakeFiles/px4_msgs__rosidl_typesupport_cpp.dir/rosidl_typesupport_cpp/px4_msgs/msg/parameter_set_value_response__type_support.cpp.o[0m
[438.663s] [ 35%] [32mBuilding CXX object CMakeFiles/px4_msgs__rosidl_typesupport_cpp.dir/rosidl_typesupport_cpp/px4_msgs/msg/parameter_update__type_support.cpp.o[0m
[439.176s] [ 35%] [32mBuilding CXX object CMakeFiles/px4_msgs__rosidl_typesupport_cpp.dir/rosidl_typesupport_cpp/px4_msgs/msg/ping__type_support.cpp.o[0m
[439.693s] [ 35%] [32mBuilding CXX object CMakeFiles/px4_msgs__rosidl_typesupport_cpp.dir/rosidl_typesupport_cpp/px4_msgs/msg/position_controller_landing_status__type_support.cpp.o[0m
[440.215s] [ 35%] [32mBuilding CXX object CMakeFiles/px4_msgs__rosidl_typesupport_cpp.dir/rosidl_typesupport_cpp/px4_msgs/msg/position_controller_status__type_support.cpp.o[0m
[440.748s] [ 35%] [32mBuilding CXX object CMakeFiles/px4_msgs__rosidl_typesupport_cpp.dir/rosidl_typesupport_cpp/px4_msgs/msg/position_setpoint__type_support.cpp.o[0m
[441.274s] [ 35%] [32mBuilding CXX object CMakeFiles/px4_msgs__rosidl_typesupport_cpp.dir/rosidl_typesupport_cpp/px4_msgs/msg/position_setpoint_triplet__type_support.cpp.o[0m
[441.791s] [ 35%] [32mBuilding CXX object CMakeFiles/px4_msgs__rosidl_typesupport_cpp.dir/rosidl_typesupport_cpp/px4_msgs/msg/power_button_state__type_support.cpp.o[0m
[442.289s] [ 35%] [32mBuilding CXX object CMakeFiles/px4_msgs__rosidl_typesupport_cpp.dir/rosidl_typesupport_cpp/px4_msgs/msg/power_monitor__type_support.cpp.o[0m
[442.817s] [ 35%] [32mBuilding CXX object CMakeFiles/px4_msgs__rosidl_typesupport_cpp.dir/rosidl_typesupport_cpp/px4_msgs/msg/pps_capture__type_support.cpp.o[0m
[443.328s] [ 35%] [32mBuilding CXX object CMakeFiles/px4_msgs__rosidl_typesupport_cpp.dir/rosidl_typesupport_cpp/px4_msgs/msg/pure_pursuit_status__type_support.cpp.o[0m
[443.875s] [ 35%] [32mBuilding CXX object CMakeFiles/px4_msgs__rosidl_typesupport_cpp.dir/rosidl_typesupport_cpp/px4_msgs/msg/pwm_input__type_support.cpp.o[0m
[444.392s] [ 36%] [32mBuilding CXX object CMakeFiles/px4_msgs__rosidl_typesupport_cpp.dir/rosidl_typesupport_cpp/px4_msgs/msg/px4io_status__type_support.cpp.o[0m
[444.923s] [ 36%] [32mBuilding CXX object CMakeFiles/px4_msgs__rosidl_typesupport_cpp.dir/rosidl_typesupport_cpp/px4_msgs/msg/qshell_req__type_support.cpp.o[0m
[445.430s] [ 36%] [32mBuilding CXX object CMakeFiles/px4_msgs__rosidl_typesupport_cpp.dir/rosidl_typesupport_cpp/px4_msgs/msg/qshell_retval__type_support.cpp.o[0m
[445.943s] [ 36%] [32mBuilding CXX object CMakeFiles/px4_msgs__rosidl_typesupport_cpp.dir/rosidl_typesupport_cpp/px4_msgs/msg/radio_status__type_support.cpp.o[0m
[446.455s] [ 36%] [32mBuilding CXX object CMakeFiles/px4_msgs__rosidl_typesupport_cpp.dir/rosidl_typesupport_cpp/px4_msgs/msg/raptor_input__type_support.cpp.o[0m
[446.989s] [ 36%] [32mBuilding CXX object CMakeFiles/px4_msgs__rosidl_typesupport_cpp.dir/rosidl_typesupport_cpp/px4_msgs/msg/raptor_status__type_support.cpp.o[0m
[447.554s] [ 36%] [32mBuilding CXX object CMakeFiles/px4_msgs__rosidl_typesupport_cpp.dir/rosidl_typesupport_cpp/px4_msgs/msg/rate_ctrl_status__type_support.cpp.o[0m
[448.166s] [ 36%] [32mBuilding CXX object CMakeFiles/px4_msgs__rosidl_typesupport_cpp.dir/rosidl_typesupport_cpp/px4_msgs/msg/rc_channels__type_support.cpp.o[0m
[448.733s] [ 36%] [32mBuilding CXX object CMakeFiles/px4_msgs__rosidl_typesupport_cpp.dir/rosidl_typesupport_cpp/px4_msgs/msg/rc_parameter_map__type_support.cpp.o[0m
[449.299s] [ 36%] [32mBuilding CXX object CMakeFiles/px4_msgs__rosidl_typesupport_cpp.dir/rosidl_typesupport_cpp/px4_msgs/msg/register_ext_component_reply__type_support.cpp.o[0m
[449.855s] [ 36%] [32mBuilding CXX object CMakeFiles/px4_msgs__rosidl_typesupport_cpp.dir/rosidl_typesupport_cpp/px4_msgs/msg/register_ext_component_request__type_support.cpp.o[0m
[450.403s] [ 36%] [32mBuilding CXX object CMakeFiles/px4_msgs__rosidl_typesupport_cpp.dir/rosidl_typesupport_cpp/px4_msgs/msg/rover_attitude_setpoint__type_support.cpp.o[0m
[450.949s] [ 36%] [32mBuilding CXX object CMakeFiles/px4_msgs__rosidl_typesupport_cpp.dir/rosidl_typesupport_cpp/px4_msgs/msg/rover_attitude_status__type_support.cpp.o[0m
[451.504s] [ 36%] [32mBuilding CXX object CMakeFiles/px4_msgs__rosidl_typesupport_cpp.dir/rosidl_typesupport_cpp/px4_msgs/msg/rover_position_setpoint__type_support.cpp.o[0m
[452.049s] [ 36%] [32mBuilding CXX object CMakeFiles/px4_msgs__rosidl_typesupport_cpp.dir/rosidl_typesupport_cpp/px4_msgs/msg/rover_rate_setpoint__type_support.cpp.o[0m
[452.591s] [ 36%] [32mBuilding CXX object CMakeFiles/px4_msgs__rosidl_typesupport_cpp.dir/rosidl_typesupport_cpp/px4_msgs/msg/rover_rate_status__type_support.cpp.o[0m
[453.145s] [ 36%] [32mBuilding CXX object CMakeFiles/px4_msgs__rosidl_typesupport_cpp.dir/rosidl_typesupport_cpp/px4_msgs/msg/rover_speed_setpoint__type_support.cpp.o[0m
[453.693s] [ 36%] [32mBuilding CXX object CMakeFiles/px4_msgs__rosidl_typesupport_cpp.dir/rosidl_typesupport_cpp/px4_msgs/msg/rover_speed_status__type_support.cpp.o[0m
[454.377s] [ 36%] [32mBuilding CXX object CMakeFiles/px4_msgs__rosidl_typesupport_cpp.dir/rosidl_typesupport_cpp/px4_msgs/msg/rover_steering_setpoint__type_support.cpp.o[0m
[454.890s] [ 36%] [32mBuilding CXX object CMakeFiles/px4_msgs__rosidl_typesupport_cpp.dir/rosidl_typesupport_cpp/px4_msgs/msg/rover_throttle_setpoint__type_support.cpp.o[0m
[455.429s] [ 36%] [32mBuilding CXX object CMakeFiles/px4_msgs__rosidl_typesupport_cpp.dir/rosidl_typesupport_cpp/px4_msgs/msg/rpm__type_support.cpp.o[0m
[455.954s] [ 36%] [32mBuilding CXX object CMakeFiles/px4_msgs__rosidl_typesupport_cpp.dir/rosidl_typesupport_cpp/px4_msgs/msg/rtl_status__type_support.cpp.o[0m
[456.492s] [ 36%] [32mBuilding CXX object CMakeFiles/px4_msgs__rosidl_typesupport_cpp.dir/rosidl_typesupport_cpp/px4_msgs/msg/rtl_time_estimate__type_support.cpp.o[0m
[457.011s] [ 36%] [32mBuilding CXX object CMakeFiles/px4_msgs__rosidl_typesupport_cpp.dir/rosidl_typesupport_cpp/px4_msgs/msg/satellite_info__type_support.cpp.o[0m
[457.577s] [ 36%] [32mBuilding CXX object CMakeFiles/px4_msgs__rosidl_typesupport_cpp.dir/rosidl_typesupport_cpp/px4_msgs/msg/sensor_accel__type_support.cpp.o[0m
[458.106s] [ 37%] [32mBuilding CXX object CMakeFiles/px4_msgs__rosidl_typesupport_cpp.dir/rosidl_typesupport_cpp/px4_msgs/msg/sensor_accel_fifo__type_support.cpp.o[0m
[458.657s] [ 37%] [32mBuilding CXX object CMakeFiles/px4_msgs__rosidl_typesupport_cpp.dir/rosidl_typesupport_cpp/px4_msgs/msg/sensor_airflow__type_support.cpp.o[0m
[459.170s] [ 37%] [32mBuilding CXX object CMakeFiles/px4_msgs__rosidl_typesupport_cpp.dir/rosidl_typesupport_cpp/px4_msgs/msg/sensor_baro__type_support.cpp.o[0m
[459.705s] [ 37%] [32mBuilding CXX object CMakeFiles/px4_msgs__rosidl_typesupport_cpp.dir/rosidl_typesupport_cpp/px4_msgs/msg/sensor_combined__type_support.cpp.o[0m
[460.235s] [ 37%] [32mBuilding CXX object CMakeFiles/px4_msgs__rosidl_typesupport_cpp.dir/rosidl_typesupport_cpp/px4_msgs/msg/sensor_correction__type_support.cpp.o[0m
[460.780s] [ 37%] [32mBuilding CXX object CMakeFiles/px4_msgs__rosidl_typesupport_cpp.dir/rosidl_typesupport_cpp/px4_msgs/msg/sensor_gnss_relative__type_support.cpp.o[0m
[461.304s] [ 37%] [32mBuilding CXX object CMakeFiles/px4_msgs__rosidl_typesupport_cpp.dir/rosidl_typesupport_cpp/px4_msgs/msg/sensor_gnss_status__type_support.cpp.o[0m
[461.817s] [ 37%] [32mBuilding CXX object CMakeFiles/px4_msgs__rosidl_typesupport_cpp.dir/rosidl_typesupport_cpp/px4_msgs/msg/sensor_gps__type_support.cpp.o[0m
[462.340s] [ 37%] [32mBuilding CXX object CMakeFiles/px4_msgs__rosidl_typesupport_cpp.dir/rosidl_typesupport_cpp/px4_msgs/msg/sensor_gyro__type_support.cpp.o[0m
[462.844s] [ 37%] [32mBuilding CXX object CMakeFiles/px4_msgs__rosidl_typesupport_cpp.dir/rosidl_typesupport_cpp/px4_msgs/msg/sensor_gyro_fft__type_support.cpp.o[0m
[463.352s] [ 37%] [32mBuilding CXX object CMakeFiles/px4_msgs__rosidl_typesupport_cpp.dir/rosidl_typesupport_cpp/px4_msgs/msg/sensor_gyro_fifo__type_support.cpp.o[0m
[463.867s] [ 37%] [32mBuilding CXX object CMakeFiles/px4_msgs__rosidl_typesupport_cpp.dir/rosidl_typesupport_cpp/px4_msgs/msg/sensor_hygrometer__type_support.cpp.o[0m
[464.400s] [ 37%] [32mBuilding CXX object CMakeFiles/px4_msgs__rosidl_typesupport_cpp.dir/rosidl_typesupport_cpp/px4_msgs/msg/sensor_mag__type_support.cpp.o[0m
[464.936s] [ 37%] [32mBuilding CXX object CMakeFiles/px4_msgs__rosidl_typesupport_cpp.dir/rosidl_typesupport_cpp/px4_msgs/msg/sensor_optical_flow__type_support.cpp.o[0m
[465.490s] [ 37%] [32mBuilding CXX object CMakeFiles/px4_msgs__rosidl_typesupport_cpp.dir/rosidl_typesupport_cpp/px4_msgs/msg/sensor_preflight_mag__type_support.cpp.o[0m
[466.037s] [ 37%] [32mBuilding CXX object CMakeFiles/px4_msgs__rosidl_typesupport_cpp.dir/rosidl_typesupport_cpp/px4_msgs/msg/sensor_selection__type_support.cpp.o[0m
[466.589s] [ 37%] [32mBuilding CXX object CMakeFiles/px4_msgs__rosidl_typesupport_cpp.dir/rosidl_typesupport_cpp/px4_msgs/msg/sensor_temp__type_support.cpp.o[0m
[467.113s] [ 37%] [32mBuilding CXX object CMakeFiles/px4_msgs__rosidl_typesupport_cpp.dir/rosidl_typesupport_cpp/px4_msgs/msg/sensor_uwb__type_support.cpp.o[0m
[467.680s] [ 37%] [32mBuilding CXX object CMakeFiles/px4_msgs__rosidl_typesupport_cpp.dir/rosidl_typesupport_cpp/px4_msgs/msg/sensors_status__type_support.cpp.o[0m
[468.243s] [ 37%] [32mBuilding CXX object CMakeFiles/px4_msgs__rosidl_typesupport_cpp.dir/rosidl_typesupport_cpp/px4_msgs/msg/sensors_status_imu__type_support.cpp.o[0m
[468.793s] [ 37%] [32mBuilding CXX object CMakeFiles/px4_msgs__rosidl_typesupport_cpp.dir/rosidl_typesupport_cpp/px4_msgs/msg/system_power__type_support.cpp.o[0m
[469.358s] [ 37%] [32mBuilding CXX object CMakeFiles/px4_msgs__rosidl_typesupport_cpp.dir/rosidl_typesupport_cpp/px4_msgs/msg/takeoff_status__type_support.cpp.o[0m
[469.910s] [ 37%] [32mBuilding CXX object CMakeFiles/px4_msgs__rosidl_typesupport_cpp.dir/rosidl_typesupport_cpp/px4_msgs/msg/task_stack_info__type_support.cpp.o[0m
[470.489s] [ 37%] [32mBuilding CXX object CMakeFiles/px4_msgs__rosidl_typesupport_cpp.dir/rosidl_typesupport_cpp/px4_msgs/msg/tecs_status__type_support.cpp.o[0m
[471.052s] [ 38%] [32mBuilding CXX object CMakeFiles/px4_msgs__rosidl_typesupport_cpp.dir/rosidl_typesupport_cpp/px4_msgs/msg/telemetry_status__type_support.cpp.o[0m
[471.611s] [ 38%] [32mBuilding CXX object CMakeFiles/px4_msgs__rosidl_typesupport_cpp.dir/rosidl_typesupport_cpp/px4_msgs/msg/tiltrotor_extra_controls__type_support.cpp.o[0m
[472.158s] [ 38%] [32mBuilding CXX object CMakeFiles/px4_msgs__rosidl_typesupport_cpp.dir/rosidl_typesupport_cpp/px4_msgs/msg/timesync_status__type_support.cpp.o[0m
[472.676s] [ 38%] [32mBuilding CXX object CMakeFiles/px4_msgs__rosidl_typesupport_cpp.dir/rosidl_typesupport_cpp/px4_msgs/msg/trajectory_setpoint__type_support.cpp.o[0m
[473.187s] [ 38%] [32mBuilding CXX object CMakeFiles/px4_msgs__rosidl_typesupport_cpp.dir/rosidl_typesupport_cpp/px4_msgs/msg/trajectory_setpoint6dof__type_support.cpp.o[0m
[473.700s] [ 38%] [32mBuilding CXX object CMakeFiles/px4_msgs__rosidl_typesupport_cpp.dir/rosidl_typesupport_cpp/px4_msgs/msg/transponder_report__type_support.cpp.o[0m
[474.206s] [ 38%] [32mBuilding CXX object CMakeFiles/px4_msgs__rosidl_typesupport_cpp.dir/rosidl_typesupport_cpp/px4_msgs/msg/tune_control__type_support.cpp.o[0m
[474.728s] [ 38%] [32mBuilding CXX object CMakeFiles/px4_msgs__rosidl_typesupport_cpp.dir/rosidl_typesupport_cpp/px4_msgs/msg/uavcan_parameter_request__type_support.cpp.o[0m
[475.225s] [ 38%] [32mBuilding CXX object CMakeFiles/px4_msgs__rosidl_typesupport_cpp.dir/rosidl_typesupport_cpp/px4_msgs/msg/uavcan_parameter_value__type_support.cpp.o[0m
[475.711s] [ 38%] [32mBuilding CXX object CMakeFiles/px4_msgs__rosidl_typesupport_cpp.dir/rosidl_typesupport_cpp/px4_msgs/msg/ulog_stream__type_support.cpp.o[0m
[476.212s] [ 38%] [32mBuilding CXX object CMakeFiles/px4_msgs__rosidl_typesupport_cpp.dir/rosidl_typesupport_cpp/px4_msgs/msg/ulog_stream_ack__type_support.cpp.o[0m
[476.713s] [ 38%] [32mBuilding CXX object CMakeFiles/px4_msgs__rosidl_typesupport_cpp.dir/rosidl_typesupport_cpp/px4_msgs/msg/unregister_ext_component__type_support.cpp.o[0m
[477.206s] [ 38%] [32mBuilding CXX object CMakeFiles/px4_msgs__rosidl_typesupport_cpp.dir/rosidl_typesupport_cpp/px4_msgs/msg/vehicle_acceleration__type_support.cpp.o[0m
[477.741s] [ 38%] [32mBuilding CXX object CMakeFiles/px4_msgs__rosidl_typesupport_cpp.dir/rosidl_typesupport_cpp/px4_msgs/msg/vehicle_air_data__type_support.cpp.o[0m
[478.419s] [ 38%] [32mBuilding CXX object CMakeFiles/px4_msgs__rosidl_typesupport_cpp.dir/rosidl_typesupport_cpp/px4_msgs/msg/vehicle_angular_acceleration_setpoint__type_support.cpp.o[0m
[478.957s] [ 38%] [32mBuilding CXX object CMakeFiles/px4_msgs__rosidl_typesupport_cpp.dir/rosidl_typesupport_cpp/px4_msgs/msg/vehicle_angular_velocity__type_support.cpp.o[0m
[479.499s] [ 38%] [32mBuilding CXX object CMakeFiles/px4_msgs__rosidl_typesupport_cpp.dir/rosidl_typesupport_cpp/px4_msgs/msg/vehicle_attitude__type_support.cpp.o[0m
[480.049s] [ 38%] [32mBuilding CXX object CMakeFiles/px4_msgs__rosidl_typesupport_cpp.dir/rosidl_typesupport_cpp/px4_msgs/msg/vehicle_attitude_setpoint__type_support.cpp.o[0m
[480.599s] [ 38%] [32mBuilding CXX object CMakeFiles/px4_msgs__rosidl_typesupport_cpp.dir/rosidl_typesupport_cpp/px4_msgs/msg/vehicle_command__type_support.cpp.o[0m
[481.164s] [ 38%] [32mBuilding CXX object CMakeFiles/px4_msgs__rosidl_typesupport_cpp.dir/rosidl_typesupport_cpp/px4_msgs/msg/vehicle_command_ack__type_support.cpp.o[0m
[481.694s] [ 38%] [32mBuilding CXX object CMakeFiles/px4_msgs__rosidl_typesupport_cpp.dir/rosidl_typesupport_cpp/px4_msgs/msg/vehicle_constraints__type_support.cpp.o[0m
[482.222s] [ 38%] [32mBuilding CXX object CMakeFiles/px4_msgs__rosidl_typesupport_cpp.dir/rosidl_typesupport_cpp/px4_msgs/msg/vehicle_control_mode__type_support.cpp.o[0m
[482.767s] [ 38%] [32mBuilding CXX object CMakeFiles/px4_msgs__rosidl_typesupport_cpp.dir/rosidl_typesupport_cpp/px4_msgs/msg/vehicle_global_position__type_support.cpp.o[0m
[483.305s] [ 38%] [32mBuilding CXX object CMakeFiles/px4_msgs__rosidl_typesupport_cpp.dir/rosidl_typesupport_cpp/px4_msgs/msg/vehicle_imu__type_support.cpp.o[0m
[483.849s] [ 39%] [32mBuilding CXX object CMakeFiles/px4_msgs__rosidl_typesupport_cpp.dir/rosidl_typesupport_cpp/px4_msgs/msg/vehicle_imu_status__type_support.cpp.o[0m
[484.359s] [ 39%] [32mBuilding CXX object CMakeFiles/px4_msgs__rosidl_typesupport_cpp.dir/rosidl_typesupport_cpp/px4_msgs/msg/vehicle_land_detected__type_support.cpp.o[0m
[484.883s] [ 39%] [32mBuilding CXX object CMakeFiles/px4_msgs__rosidl_typesupport_cpp.dir/rosidl_typesupport_cpp/px4_msgs/msg/vehicle_local_position__type_support.cpp.o[0m
[485.418s] [ 39%] [32mBuilding CXX object CMakeFiles/px4_msgs__rosidl_typesupport_cpp.dir/rosidl_typesupport_cpp/px4_msgs/msg/vehicle_local_position_setpoint__type_support.cpp.o[0m
[485.921s] [ 39%] [32mBuilding CXX object CMakeFiles/px4_msgs__rosidl_typesupport_cpp.dir/rosidl_typesupport_cpp/px4_msgs/msg/vehicle_magnetometer__type_support.cpp.o[0m
[486.448s] [ 39%] [32mBuilding CXX object CMakeFiles/px4_msgs__rosidl_typesupport_cpp.dir/rosidl_typesupport_cpp/px4_msgs/msg/vehicle_odometry__type_support.cpp.o[0m
[486.992s] [ 39%] [32mBuilding CXX object CMakeFiles/px4_msgs__rosidl_typesupport_cpp.dir/rosidl_typesupport_cpp/px4_msgs/msg/vehicle_optical_flow__type_support.cpp.o[0m
[487.490s] [ 39%] [32mBuilding CXX object CMakeFiles/px4_msgs__rosidl_typesupport_cpp.dir/rosidl_typesupport_cpp/px4_msgs/msg/vehicle_optical_flow_vel__type_support.cpp.o[0m
[487.993s] [ 39%] [32mBuilding CXX object CMakeFiles/px4_msgs__rosidl_typesupport_cpp.dir/rosidl_typesupport_cpp/px4_msgs/msg/vehicle_rates_setpoint__type_support.cpp.o[0m
[488.533s] [ 39%] [32mBuilding CXX object CMakeFiles/px4_msgs__rosidl_typesupport_cpp.dir/rosidl_typesupport_cpp/px4_msgs/msg/vehicle_roi__type_support.cpp.o[0m
[489.091s] [ 39%] [32mBuilding CXX object CMakeFiles/px4_msgs__rosidl_typesupport_cpp.dir/rosidl_typesupport_cpp/px4_msgs/msg/vehicle_status__type_support.cpp.o[0m
[489.629s] [ 39%] [32mBuilding CXX object CMakeFiles/px4_msgs__rosidl_typesupport_cpp.dir/rosidl_typesupport_cpp/px4_msgs/msg/vehicle_thrust_setpoint__type_support.cpp.o[0m
[490.175s] [ 39%] [32mBuilding CXX object CMakeFiles/px4_msgs__rosidl_typesupport_cpp.dir/rosidl_typesupport_cpp/px4_msgs/msg/vehicle_torque_setpoint__type_support.cpp.o[0m
[490.712s] [ 39%] [32mBuilding CXX object CMakeFiles/px4_msgs__rosidl_typesupport_cpp.dir/rosidl_typesupport_cpp/px4_msgs/msg/velocity_limits__type_support.cpp.o[0m
[491.293s] [ 39%] [32mBuilding CXX object CMakeFiles/px4_msgs__rosidl_typesupport_cpp.dir/rosidl_typesupport_cpp/px4_msgs/msg/vtol_vehicle_status__type_support.cpp.o[0m
[491.876s] [ 39%] [32mBuilding CXX object CMakeFiles/px4_msgs__rosidl_typesupport_cpp.dir/rosidl_typesupport_cpp/px4_msgs/msg/vtx__type_support.cpp.o[0m
[492.431s] [ 39%] [32mBuilding CXX object CMakeFiles/px4_msgs__rosidl_typesupport_cpp.dir/rosidl_typesupport_cpp/px4_msgs/msg/wheel_encoders__type_support.cpp.o[0m
[493.037s] [ 39%] [32mBuilding CXX object CMakeFiles/px4_msgs__rosidl_typesupport_cpp.dir/rosidl_typesupport_cpp/px4_msgs/msg/wind__type_support.cpp.o[0m
[493.594s] [ 39%] [32mBuilding CXX object CMakeFiles/px4_msgs__rosidl_typesupport_cpp.dir/rosidl_typesupport_cpp/px4_msgs/msg/yaw_estimator_status__type_support.cpp.o[0m
[494.144s] [ 39%] [32mBuilding CXX object CMakeFiles/px4_msgs__rosidl_typesupport_cpp.dir/rosidl_typesupport_cpp/px4_msgs/srv/vehicle_command__type_support.cpp.o[0m
[494.830s] [ 39%] [32m[1mLinking CXX shared library libpx4_msgs__rosidl_typesupport_cpp.so[0m
[495.112s] [ 39%] Built target px4_msgs__rosidl_typesupport_cpp
[495.153s] [ 39%] [34m[1mGenerating C introspection for ROS interfaces[0m
[565.403s] [ 39%] [32mBuilding C object CMakeFiles/px4_msgs__rosidl_typesupport_introspection_c.dir/rosidl_typesupport_introspection_c/px4_msgs/msg/detail/action_request__type_support.c.o[0m
[565.471s] [ 39%] [32mBuilding C object CMakeFiles/px4_msgs__rosidl_typesupport_introspection_c.dir/rosidl_typesupport_introspection_c/px4_msgs/msg/detail/actuator_armed__type_support.c.o[0m
[565.537s] [ 39%] [32mBuilding C object CMakeFiles/px4_msgs__rosidl_typesupport_introspection_c.dir/rosidl_typesupport_introspection_c/px4_msgs/msg/detail/actuator_controls_status__type_support.c.o[0m
[565.609s] [ 39%] [32mBuilding C object CMakeFiles/px4_msgs__rosidl_typesupport_introspection_c.dir/rosidl_typesupport_introspection_c/px4_msgs/msg/detail/actuator_motors__type_support.c.o[0m
[565.675s] [ 40%] [32mBuilding C object CMakeFiles/px4_msgs__rosidl_typesupport_introspection_c.dir/rosidl_typesupport_introspection_c/px4_msgs/msg/detail/actuator_outputs__type_support.c.o[0m
[565.744s] [ 40%] [32mBuilding C object CMakeFiles/px4_msgs__rosidl_typesupport_introspection_c.dir/rosidl_typesupport_introspection_c/px4_msgs/msg/detail/actuator_servos__type_support.c.o[0m
[565.814s] [ 40%] [32mBuilding C object CMakeFiles/px4_msgs__rosidl_typesupport_introspection_c.dir/rosidl_typesupport_introspection_c/px4_msgs/msg/detail/actuator_servos_trim__type_support.c.o[0m
[565.886s] [ 40%] [32mBuilding C object CMakeFiles/px4_msgs__rosidl_typesupport_introspection_c.dir/rosidl_typesupport_introspection_c/px4_msgs/msg/detail/actuator_test__type_support.c.o[0m
[565.953s] [ 40%] [32mBuilding C object CMakeFiles/px4_msgs__rosidl_typesupport_introspection_c.dir/rosidl_typesupport_introspection_c/px4_msgs/msg/detail/adc_report__type_support.c.o[0m
[566.032s] [ 40%] [32mBuilding C object CMakeFiles/px4_msgs__rosidl_typesupport_introspection_c.dir/rosidl_typesupport_introspection_c/px4_msgs/msg/detail/airspeed__type_support.c.o[0m
[566.115s] [ 40%] [32mBuilding C object CMakeFiles/px4_msgs__rosidl_typesupport_introspection_c.dir/rosidl_typesupport_introspection_c/px4_msgs/msg/detail/airspeed_validated__type_support.c.o[0m
[566.187s] [ 40%] [32mBuilding C object CMakeFiles/px4_msgs__rosidl_typesupport_introspection_c.dir/rosidl_typesupport_introspection_c/px4_msgs/msg/detail/airspeed_wind__type_support.c.o[0m
[566.262s] [ 40%] [32mBuilding C object CMakeFiles/px4_msgs__rosidl_typesupport_introspection_c.dir/rosidl_typesupport_introspection_c/px4_msgs/msg/detail/arming_check_reply__type_support.c.o[0m
[566.345s] [ 40%] [32mBuilding C object CMakeFiles/px4_msgs__rosidl_typesupport_introspection_c.dir/rosidl_typesupport_introspection_c/px4_msgs/msg/detail/arming_check_request__type_support.c.o[0m
[566.420s] [ 40%] [32mBuilding C object CMakeFiles/px4_msgs__rosidl_typesupport_introspection_c.dir/rosidl_typesupport_introspection_c/px4_msgs/msg/detail/autotune_attitude_control_status__type_support.c.o[0m
[566.506s] [ 40%] [32mBuilding C object CMakeFiles/px4_msgs__rosidl_typesupport_introspection_c.dir/rosidl_typesupport_introspection_c/px4_msgs/msg/detail/battery_info__type_support.c.o[0m
[566.579s] [ 40%] [32mBuilding C object CMakeFiles/px4_msgs__rosidl_typesupport_introspection_c.dir/rosidl_typesupport_introspection_c/px4_msgs/msg/detail/battery_status__type_support.c.o[0m
[566.662s] [ 40%] [32mBuilding C object CMakeFiles/px4_msgs__rosidl_typesupport_introspection_c.dir/rosidl_typesupport_introspection_c/px4_msgs/msg/detail/button_event__type_support.c.o[0m
[566.733s] [ 40%] [32mBuilding C object CMakeFiles/px4_msgs__rosidl_typesupport_introspection_c.dir/rosidl_typesupport_introspection_c/px4_msgs/msg/detail/camera_capture__type_support.c.o[0m
[566.821s] [ 40%] [32mBuilding C object CMakeFiles/px4_msgs__rosidl_typesupport_introspection_c.dir/rosidl_typesupport_introspection_c/px4_msgs/msg/detail/camera_status__type_support.c.o[0m
[566.901s] [ 40%] [32mBuilding C object CMakeFiles/px4_msgs__rosidl_typesupport_introspection_c.dir/rosidl_typesupport_introspection_c/px4_msgs/msg/detail/camera_trigger__type_support.c.o[0m
[566.975s] [ 40%] [32mBuilding C object CMakeFiles/px4_msgs__rosidl_typesupport_introspection_c.dir/rosidl_typesupport_introspection_c/px4_msgs/msg/detail/can_interface_status__type_support.c.o[0m
[567.043s] [ 40%] [32mBuilding C object CMakeFiles/px4_msgs__rosidl_typesupport_introspection_c.dir/rosidl_typesupport_introspection_c/px4_msgs/msg/detail/cellular_status__type_support.c.o[0m
[567.115s] [ 40%] [32mBuilding C object CMakeFiles/px4_msgs__rosidl_typesupport_introspection_c.dir/rosidl_typesupport_introspection_c/px4_msgs/msg/detail/collision_constraints__type_support.c.o[0m
[567.189s] [ 40%] [32mBuilding C object CMakeFiles/px4_msgs__rosidl_typesupport_introspection_c.dir/rosidl_typesupport_introspection_c/px4_msgs/msg/detail/config_overrides__type_support.c.o[0m
[567.256s] [ 40%] [32mBuilding C object CMakeFiles/px4_msgs__rosidl_typesupport_introspection_c.dir/rosidl_typesupport_introspection_c/px4_msgs/msg/detail/control_allocator_status__type_support.c.o[0m
[567.336s] [ 40%] [32mBuilding C object CMakeFiles/px4_msgs__rosidl_typesupport_introspection_c.dir/rosidl_typesupport_introspection_c/px4_msgs/msg/detail/cpuload__type_support.c.o[0m
[567.408s] [ 40%] [32mBuilding C object CMakeFiles/px4_msgs__rosidl_typesupport_introspection_c.dir/rosidl_typesupport_introspection_c/px4_msgs/msg/detail/dataman_request__type_support.c.o[0m
[567.483s] [ 41%] [32mBuilding C object CMakeFiles/px4_msgs__rosidl_typesupport_introspection_c.dir/rosidl_typesupport_introspection_c/px4_msgs/msg/detail/dataman_response__type_support.c.o[0m
[567.555s] [ 41%] [32mBuilding C object CMakeFiles/px4_msgs__rosidl_typesupport_introspection_c.dir/rosidl_typesupport_introspection_c/px4_msgs/msg/detail/debug_array__type_support.c.o[0m
[567.636s] [ 41%] [32mBuilding C object CMakeFiles/px4_msgs__rosidl_typesupport_introspection_c.dir/rosidl_typesupport_introspection_c/px4_msgs/msg/detail/debug_key_value__type_support.c.o[0m
[567.712s] [ 41%] [32mBuilding C object CMakeFiles/px4_msgs__rosidl_typesupport_introspection_c.dir/rosidl_typesupport_introspection_c/px4_msgs/msg/detail/debug_value__type_support.c.o[0m
[567.779s] [ 41%] [32mBuilding C object CMakeFiles/px4_msgs__rosidl_typesupport_introspection_c.dir/rosidl_typesupport_introspection_c/px4_msgs/msg/detail/debug_vect__type_support.c.o[0m
[567.852s] [ 41%] [32mBuilding C object CMakeFiles/px4_msgs__rosidl_typesupport_introspection_c.dir/rosidl_typesupport_introspection_c/px4_msgs/msg/detail/device_information__type_support.c.o[0m
[567.934s] [ 41%] [32mBuilding C object CMakeFiles/px4_msgs__rosidl_typesupport_introspection_c.dir/rosidl_typesupport_introspection_c/px4_msgs/msg/detail/differential_pressure__type_support.c.o[0m
[568.001s] [ 41%] [32mBuilding C object CMakeFiles/px4_msgs__rosidl_typesupport_introspection_c.dir/rosidl_typesupport_introspection_c/px4_msgs/msg/detail/distance_sensor__type_support.c.o[0m
[568.072s] [ 41%] [32mBuilding C object CMakeFiles/px4_msgs__rosidl_typesupport_introspection_c.dir/rosidl_typesupport_introspection_c/px4_msgs/msg/detail/distance_sensor_mode_change_request__type_support.c.o[0m
[568.142s] [ 41%] [32mBuilding C object CMakeFiles/px4_msgs__rosidl_typesupport_introspection_c.dir/rosidl_typesupport_introspection_c/px4_msgs/msg/detail/dronecan_node_status__type_support.c.o[0m
[568.216s] [ 41%] [32mBuilding C object CMakeFiles/px4_msgs__rosidl_typesupport_introspection_c.dir/rosidl_typesupport_introspection_c/px4_msgs/msg/detail/ekf2_timestamps__type_support.c.o[0m
[568.288s] [ 41%] [32mBuilding C object CMakeFiles/px4_msgs__rosidl_typesupport_introspection_c.dir/rosidl_typesupport_introspection_c/px4_msgs/msg/detail/esc_report__type_support.c.o[0m
[568.353s] [ 41%] [32mBuilding C object CMakeFiles/px4_msgs__rosidl_typesupport_introspection_c.dir/rosidl_typesupport_introspection_c/px4_msgs/msg/detail/esc_status__type_support.c.o[0m
[568.422s] [ 41%] [32mBuilding C object CMakeFiles/px4_msgs__rosidl_typesupport_introspection_c.dir/rosidl_typesupport_introspection_c/px4_msgs/msg/detail/estimator_aid_source1d__type_support.c.o[0m
[568.490s] [ 41%] [32mBuilding C object CMakeFiles/px4_msgs__rosidl_typesupport_introspection_c.dir/rosidl_typesupport_introspection_c/px4_msgs/msg/detail/estimator_aid_source2d__type_support.c.o[0m
[568.587s] [ 41%] [32mBuilding C object CMakeFiles/px4_msgs__rosidl_typesupport_introspection_c.dir/rosidl_typesupport_introspection_c/px4_msgs/msg/detail/estimator_aid_source3d__type_support.c.o[0m
[568.677s] [ 41%] [32mBuilding C object CMakeFiles/px4_msgs__rosidl_typesupport_introspection_c.dir/rosidl_typesupport_introspection_c/px4_msgs/msg/detail/estimator_bias__type_support.c.o[0m
[568.745s] [ 41%] [32mBuilding C object CMakeFiles/px4_msgs__rosidl_typesupport_introspection_c.dir/rosidl_typesupport_introspection_c/px4_msgs/msg/detail/estimator_bias3d__type_support.c.o[0m
[568.835s] [ 41%] [32mBuilding C object CMakeFiles/px4_msgs__rosidl_typesupport_introspection_c.dir/rosidl_typesupport_introspection_c/px4_msgs/msg/detail/estimator_event_flags__type_support.c.o[0m
[568.905s] [ 41%] [32mBuilding C object CMakeFiles/px4_msgs__rosidl_typesupport_introspection_c.dir/rosidl_typesupport_introspection_c/px4_msgs/msg/detail/estimator_gps_status__type_support.c.o[0m
[568.972s] [ 41%] [32mBuilding C object CMakeFiles/px4_msgs__rosidl_typesupport_introspection_c.dir/rosidl_typesupport_introspection_c/px4_msgs/msg/detail/estimator_innovations__type_support.c.o[0m
[569.069s] [ 41%] [32mBuilding C object CMakeFiles/px4_msgs__rosidl_typesupport_introspection_c.dir/rosidl_typesupport_introspection_c/px4_msgs/msg/detail/estimator_selector_status__type_support.c.o[0m
[569.153s] [ 41%] [32mBuilding C object CMakeFiles/px4_msgs__rosidl_typesupport_introspection_c.dir/rosidl_typesupport_introspection_c/px4_msgs/msg/detail/estimator_sensor_bias__type_support.c.o[0m
[569.239s] [ 41%] [32mBuilding C object CMakeFiles/px4_msgs__rosidl_typesupport_introspection_c.dir/rosidl_typesupport_introspection_c/px4_msgs/msg/detail/estimator_states__type_support.c.o[0m
[569.313s] [ 41%] [32mBuilding C object CMakeFiles/px4_msgs__rosidl_typesupport_introspection_c.dir/rosidl_typesupport_introspection_c/px4_msgs/msg/detail/estimator_status__type_support.c.o[0m
[569.387s] [ 42%] [32mBuilding C object CMakeFiles/px4_msgs__rosidl_typesupport_introspection_c.dir/rosidl_typesupport_introspection_c/px4_msgs/msg/detail/estimator_status_flags__type_support.c.o[0m
[569.456s] [ 42%] [32mBuilding C object CMakeFiles/px4_msgs__rosidl_typesupport_introspection_c.dir/rosidl_typesupport_introspection_c/px4_msgs/msg/detail/event__type_support.c.o[0m
[569.533s] [ 42%] [32mBuilding C object CMakeFiles/px4_msgs__rosidl_typesupport_introspection_c.dir/rosidl_typesupport_introspection_c/px4_msgs/msg/detail/failsafe_flags__type_support.c.o[0m
[569.608s] [ 42%] [32mBuilding C object CMakeFiles/px4_msgs__rosidl_typesupport_introspection_c.dir/rosidl_typesupport_introspection_c/px4_msgs/msg/detail/failure_detector_status__type_support.c.o[0m
[569.677s] [ 42%] [32mBuilding C object CMakeFiles/px4_msgs__rosidl_typesupport_introspection_c.dir/rosidl_typesupport_introspection_c/px4_msgs/msg/detail/figure_eight_status__type_support.c.o[0m
[569.746s] [ 42%] [32mBuilding C object CMakeFiles/px4_msgs__rosidl_typesupport_introspection_c.dir/rosidl_typesupport_introspection_c/px4_msgs/msg/detail/fixed_wing_lateral_guidance_status__type_support.c.o[0m
[569.813s] [ 42%] [32mBuilding C object CMakeFiles/px4_msgs__rosidl_typesupport_introspection_c.dir/rosidl_typesupport_introspection_c/px4_msgs/msg/detail/fixed_wing_lateral_setpoint__type_support.c.o[0m
[569.883s] [ 42%] [32mBuilding C object CMakeFiles/px4_msgs__rosidl_typesupport_introspection_c.dir/rosidl_typesupport_introspection_c/px4_msgs/msg/detail/fixed_wing_lateral_status__type_support.c.o[0m
[569.957s] [ 42%] [32mBuilding C object CMakeFiles/px4_msgs__rosidl_typesupport_introspection_c.dir/rosidl_typesupport_introspection_c/px4_msgs/msg/detail/fixed_wing_longitudinal_setpoint__type_support.c.o[0m
[570.030s] [ 42%] [32mBuilding C object CMakeFiles/px4_msgs__rosidl_typesupport_introspection_c.dir/rosidl_typesupport_introspection_c/px4_msgs/msg/detail/fixed_wing_runway_control__type_support.c.o[0m
[570.100s] [ 42%] [32mBuilding C object CMakeFiles/px4_msgs__rosidl_typesupport_introspection_c.dir/rosidl_typesupport_introspection_c/px4_msgs/msg/detail/flight_phase_estimation__type_support.c.o[0m
[570.166s] [ 42%] [32mBuilding C object CMakeFiles/px4_msgs__rosidl_typesupport_introspection_c.dir/rosidl_typesupport_introspection_c/px4_msgs/msg/detail/follow_target__type_support.c.o[0m
[570.235s] [ 42%] [32mBuilding C object CMakeFiles/px4_msgs__rosidl_typesupport_introspection_c.dir/rosidl_typesupport_introspection_c/px4_msgs/msg/detail/follow_target_estimator__type_support.c.o[0m
[570.323s] [ 42%] [32mBuilding C object CMakeFiles/px4_msgs__rosidl_typesupport_introspection_c.dir/rosidl_typesupport_introspection_c/px4_msgs/msg/detail/follow_target_status__type_support.c.o[0m
[570.396s] [ 42%] [32mBuilding C object CMakeFiles/px4_msgs__rosidl_typesupport_introspection_c.dir/rosidl_typesupport_introspection_c/px4_msgs/msg/detail/fuel_tank_status__type_support.c.o[0m
[570.467s] [ 42%] [32mBuilding C object CMakeFiles/px4_msgs__rosidl_typesupport_introspection_c.dir/rosidl_typesupport_introspection_c/px4_msgs/msg/detail/gain_compression__type_support.c.o[0m
[570.546s] [ 42%] [32mBuilding C object CMakeFiles/px4_msgs__rosidl_typesupport_introspection_c.dir/rosidl_typesupport_introspection_c/px4_msgs/msg/detail/generator_status__type_support.c.o[0m
[570.621s] [ 42%] [32mBuilding C object CMakeFiles/px4_msgs__rosidl_typesupport_introspection_c.dir/rosidl_typesupport_introspection_c/px4_msgs/msg/detail/geofence_result__type_support.c.o[0m
[570.690s] [ 42%] [32mBuilding C object CMakeFiles/px4_msgs__rosidl_typesupport_introspection_c.dir/rosidl_typesupport_introspection_c/px4_msgs/msg/detail/geofence_status__type_support.c.o[0m
[570.756s] [ 42%] [32mBuilding C object CMakeFiles/px4_msgs__rosidl_typesupport_introspection_c.dir/rosidl_typesupport_introspection_c/px4_msgs/msg/detail/gimbal_controls__type_support.c.o[0m
[570.828s] [ 42%] [32mBuilding C object CMakeFiles/px4_msgs__rosidl_typesupport_introspection_c.dir/rosidl_typesupport_introspection_c/px4_msgs/msg/detail/gimbal_device_attitude_status__type_support.c.o[0m
[570.896s] [ 42%] [32mBuilding C object CMakeFiles/px4_msgs__rosidl_typesupport_introspection_c.dir/rosidl_typesupport_introspection_c/px4_msgs/msg/detail/gimbal_device_information__type_support.c.o[0m
[570.975s] [ 42%] [32mBuilding C object CMakeFiles/px4_msgs__rosidl_typesupport_introspection_c.dir/rosidl_typesupport_introspection_c/px4_msgs/msg/detail/gimbal_device_set_attitude__type_support.c.o[0m
[571.052s] [ 42%] [32mBuilding C object CMakeFiles/px4_msgs__rosidl_typesupport_introspection_c.dir/rosidl_typesupport_introspection_c/px4_msgs/msg/detail/gimbal_manager_information__type_support.c.o[0m
[571.126s] [ 43%] [32mBuilding C object CMakeFiles/px4_msgs__rosidl_typesupport_introspection_c.dir/rosidl_typesupport_introspection_c/px4_msgs/msg/detail/gimbal_manager_set_attitude__type_support.c.o[0m
[571.199s] [ 43%] [32mBuilding C object CMakeFiles/px4_msgs__rosidl_typesupport_introspection_c.dir/rosidl_typesupport_introspection_c/px4_msgs/msg/detail/gimbal_manager_set_manual_control__type_support.c.o[0m
[571.271s] [ 43%] [32mBuilding C object CMakeFiles/px4_msgs__rosidl_typesupport_introspection_c.dir/rosidl_typesupport_introspection_c/px4_msgs/msg/detail/gimbal_manager_status__type_support.c.o[0m
[571.343s] [ 43%] [32mBuilding C object CMakeFiles/px4_msgs__rosidl_typesupport_introspection_c.dir/rosidl_typesupport_introspection_c/px4_msgs/msg/detail/goto_setpoint__type_support.c.o[0m
[571.420s] [ 43%] [32mBuilding C object CMakeFiles/px4_msgs__rosidl_typesupport_introspection_c.dir/rosidl_typesupport_introspection_c/px4_msgs/msg/detail/gpio_config__type_support.c.o[0m
[571.492s] [ 43%] [32mBuilding C object CMakeFiles/px4_msgs__rosidl_typesupport_introspection_c.dir/rosidl_typesupport_introspection_c/px4_msgs/msg/detail/gpio_in__type_support.c.o[0m
[571.560s] [ 43%] [32mBuilding C object CMakeFiles/px4_msgs__rosidl_typesupport_introspection_c.dir/rosidl_typesupport_introspection_c/px4_msgs/msg/detail/gpio_out__type_support.c.o[0m
[571.634s] [ 43%] [32mBuilding C object CMakeFiles/px4_msgs__rosidl_typesupport_introspection_c.dir/rosidl_typesupport_introspection_c/px4_msgs/msg/detail/gpio_request__type_support.c.o[0m
[571.704s] [ 43%] [32mBuilding C object CMakeFiles/px4_msgs__rosidl_typesupport_introspection_c.dir/rosidl_typesupport_introspection_c/px4_msgs/msg/detail/gps_dump__type_support.c.o[0m
[571.776s] [ 43%] [32mBuilding C object CMakeFiles/px4_msgs__rosidl_typesupport_introspection_c.dir/rosidl_typesupport_introspection_c/px4_msgs/msg/detail/gps_inject_data__type_support.c.o[0m
[571.848s] [ 43%] [32mBuilding C object CMakeFiles/px4_msgs__rosidl_typesupport_introspection_c.dir/rosidl_typesupport_introspection_c/px4_msgs/msg/detail/gripper__type_support.c.o[0m
[571.915s] [ 43%] [32mBuilding C object CMakeFiles/px4_msgs__rosidl_typesupport_introspection_c.dir/rosidl_typesupport_introspection_c/px4_msgs/msg/detail/health_report__type_support.c.o[0m
[571.985s] [ 43%] [32mBuilding C object CMakeFiles/px4_msgs__rosidl_typesupport_introspection_c.dir/rosidl_typesupport_introspection_c/px4_msgs/msg/detail/heater_status__type_support.c.o[0m
[572.062s] [ 43%] [32mBuilding C object CMakeFiles/px4_msgs__rosidl_typesupport_introspection_c.dir/rosidl_typesupport_introspection_c/px4_msgs/msg/detail/home_position__type_support.c.o[0m
[572.131s] [ 43%] [32mBuilding C object CMakeFiles/px4_msgs__rosidl_typesupport_introspection_c.dir/rosidl_typesupport_introspection_c/px4_msgs/msg/detail/hover_thrust_estimate__type_support.c.o[0m
[572.204s] [ 43%] [32mBuilding C object CMakeFiles/px4_msgs__rosidl_typesupport_introspection_c.dir/rosidl_typesupport_introspection_c/px4_msgs/msg/detail/input_rc__type_support.c.o[0m
[572.278s] [ 43%] [32mBuilding C object CMakeFiles/px4_msgs__rosidl_typesupport_introspection_c.dir/rosidl_typesupport_introspection_c/px4_msgs/msg/detail/internal_combustion_engine_control__type_support.c.o[0m
[572.351s] [ 43%] [32mBuilding C object CMakeFiles/px4_msgs__rosidl_typesupport_introspection_c.dir/rosidl_typesupport_introspection_c/px4_msgs/msg/detail/internal_combustion_engine_status__type_support.c.o[0m
[572.420s] [ 43%] [32mBuilding C object CMakeFiles/px4_msgs__rosidl_typesupport_introspection_c.dir/rosidl_typesupport_introspection_c/px4_msgs/msg/detail/iridiumsbd_status__type_support.c.o[0m
[572.489s] [ 43%] [32mBuilding C object CMakeFiles/px4_msgs__rosidl_typesupport_introspection_c.dir/rosidl_typesupport_introspection_c/px4_msgs/msg/detail/irlock_report__type_support.c.o[0m
[572.557s] [ 43%] [32mBuilding C object CMakeFiles/px4_msgs__rosidl_typesupport_introspection_c.dir/rosidl_typesupport_introspection_c/px4_msgs/msg/detail/landing_gear__type_support.c.o[0m
[572.629s] [ 43%] [32mBuilding C object CMakeFiles/px4_msgs__rosidl_typesupport_introspection_c.dir/rosidl_typesupport_introspection_c/px4_msgs/msg/detail/landing_gear_wheel__type_support.c.o[0m
[572.696s] [ 43%] [32mBuilding C object CMakeFiles/px4_msgs__rosidl_typesupport_introspection_c.dir/rosidl_typesupport_introspection_c/px4_msgs/msg/detail/landing_target_innovations__type_support.c.o[0m
[572.763s] [ 43%] [32mBuilding C object CMakeFiles/px4_msgs__rosidl_typesupport_introspection_c.dir/rosidl_typesupport_introspection_c/px4_msgs/msg/detail/landing_target_pose__type_support.c.o[0m
[572.839s] [ 44%] [32mBuilding C object CMakeFiles/px4_msgs__rosidl_typesupport_introspection_c.dir/rosidl_typesupport_introspection_c/px4_msgs/msg/detail/lateral_control_configuration__type_support.c.o[0m
[572.918s] [ 44%] [32mBuilding C object CMakeFiles/px4_msgs__rosidl_typesupport_introspection_c.dir/rosidl_typesupport_introspection_c/px4_msgs/msg/detail/launch_detection_status__type_support.c.o[0m
[572.995s] [ 44%] [32mBuilding C object CMakeFiles/px4_msgs__rosidl_typesupport_introspection_c.dir/rosidl_typesupport_introspection_c/px4_msgs/msg/detail/led_control__type_support.c.o[0m
[573.068s] [ 44%] [32mBuilding C object CMakeFiles/px4_msgs__rosidl_typesupport_introspection_c.dir/rosidl_typesupport_introspection_c/px4_msgs/msg/detail/log_message__type_support.c.o[0m
[573.147s] [ 44%] [32mBuilding C object CMakeFiles/px4_msgs__rosidl_typesupport_introspection_c.dir/rosidl_typesupport_introspection_c/px4_msgs/msg/detail/logger_status__type_support.c.o[0m
[573.216s] [ 44%] [32mBuilding C object CMakeFiles/px4_msgs__rosidl_typesupport_introspection_c.dir/rosidl_typesupport_introspection_c/px4_msgs/msg/detail/longitudinal_control_configuration__type_support.c.o[0m
[573.284s] [ 44%] [32mBuilding C object CMakeFiles/px4_msgs__rosidl_typesupport_introspection_c.dir/rosidl_typesupport_introspection_c/px4_msgs/msg/detail/mag_worker_data__type_support.c.o[0m
[573.368s] [ 44%] [32mBuilding C object CMakeFiles/px4_msgs__rosidl_typesupport_introspection_c.dir/rosidl_typesupport_introspection_c/px4_msgs/msg/detail/magnetometer_bias_estimate__type_support.c.o[0m
[573.464s] [ 44%] [32mBuilding C object CMakeFiles/px4_msgs__rosidl_typesupport_introspection_c.dir/rosidl_typesupport_introspection_c/px4_msgs/msg/detail/manual_control_setpoint__type_support.c.o[0m
[573.543s] [ 44%] [32mBuilding C object CMakeFiles/px4_msgs__rosidl_typesupport_introspection_c.dir/rosidl_typesupport_introspection_c/px4_msgs/msg/detail/manual_control_switches__type_support.c.o[0m
[573.619s] [ 44%] [32mBuilding C object CMakeFiles/px4_msgs__rosidl_typesupport_introspection_c.dir/rosidl_typesupport_introspection_c/px4_msgs/msg/detail/mavlink_log__type_support.c.o[0m
[573.695s] [ 44%] [32mBuilding C object CMakeFiles/px4_msgs__rosidl_typesupport_introspection_c.dir/rosidl_typesupport_introspection_c/px4_msgs/msg/detail/mavlink_tunnel__type_support.c.o[0m
[573.767s] [ 44%] [32mBuilding C object CMakeFiles/px4_msgs__rosidl_typesupport_introspection_c.dir/rosidl_typesupport_introspection_c/px4_msgs/msg/detail/message_format_request__type_support.c.o[0m
[573.847s] [ 44%] [32mBuilding C object CMakeFiles/px4_msgs__rosidl_typesupport_introspection_c.dir/rosidl_typesupport_introspection_c/px4_msgs/msg/detail/message_format_response__type_support.c.o[0m
[573.938s] [ 44%] [32mBuilding C object CMakeFiles/px4_msgs__rosidl_typesupport_introspection_c.dir/rosidl_typesupport_introspection_c/px4_msgs/msg/detail/mission__type_support.c.o[0m
[574.014s] [ 44%] [32mBuilding C object CMakeFiles/px4_msgs__rosidl_typesupport_introspection_c.dir/rosidl_typesupport_introspection_c/px4_msgs/msg/detail/mission_result__type_support.c.o[0m
[574.096s] [ 44%] [32mBuilding C object CMakeFiles/px4_msgs__rosidl_typesupport_introspection_c.dir/rosidl_typesupport_introspection_c/px4_msgs/msg/detail/mode_completed__type_support.c.o[0m
[574.166s] [ 44%] [32mBuilding C object CMakeFiles/px4_msgs__rosidl_typesupport_introspection_c.dir/rosidl_typesupport_introspection_c/px4_msgs/msg/detail/mount_orientation__type_support.c.o[0m
[574.248s] [ 44%] [32mBuilding C object CMakeFiles/px4_msgs__rosidl_typesupport_introspection_c.dir/rosidl_typesupport_introspection_c/px4_msgs/msg/detail/navigator_mission_item__type_support.c.o[0m
[574.331s] [ 44%] [32mBuilding C object CMakeFiles/px4_msgs__rosidl_typesupport_introspection_c.dir/rosidl_typesupport_introspection_c/px4_msgs/msg/detail/navigator_status__type_support.c.o[0m
[574.409s] [ 44%] [32mBuilding C object CMakeFiles/px4_msgs__rosidl_typesupport_introspection_c.dir/rosidl_typesupport_introspection_c/px4_msgs/msg/detail/neural_control__type_support.c.o[0m
[574.498s] [ 44%] [32mBuilding C object CMakeFiles/px4_msgs__rosidl_typesupport_introspection_c.dir/rosidl_typesupport_introspection_c/px4_msgs/msg/detail/normalized_unsigned_setpoint__type_support.c.o[0m
[574.588s] [ 44%] [32mBuilding C object CMakeFiles/px4_msgs__rosidl_typesupport_introspection_c.dir/rosidl_typesupport_introspection_c/px4_msgs/msg/detail/obstacle_distance__type_support.c.o[0m
[574.670s] [ 44%] [32mBuilding C object CMakeFiles/px4_msgs__rosidl_typesupport_introspection_c.dir/rosidl_typesupport_introspection_c/px4_msgs/msg/detail/offboard_control_mode__type_support.c.o[0m
[574.778s] [ 44%] [32mBuilding C object CMakeFiles/px4_msgs__rosidl_typesupport_introspection_c.dir/rosidl_typesupport_introspection_c/px4_msgs/msg/detail/onboard_computer_status__type_support.c.o[0m
[574.892s] [ 45%] [32mBuilding C object CMakeFiles/px4_msgs__rosidl_typesupport_introspection_c.dir/rosidl_typesupport_introspection_c/px4_msgs/msg/detail/open_drone_id_arm_status__type_support.c.o[0m
[574.969s] [ 45%] [32mBuilding C object CMakeFiles/px4_msgs__rosidl_typesupport_introspection_c.dir/rosidl_typesupport_introspection_c/px4_msgs/msg/detail/open_drone_id_operator_id__type_support.c.o[0m
[575.045s] [ 45%] [32mBuilding C object CMakeFiles/px4_msgs__rosidl_typesupport_introspection_c.dir/rosidl_typesupport_introspection_c/px4_msgs/msg/detail/open_drone_id_self_id__type_support.c.o[0m
[575.129s] [ 45%] [32mBuilding C object CMakeFiles/px4_msgs__rosidl_typesupport_introspection_c.dir/rosidl_typesupport_introspection_c/px4_msgs/msg/detail/open_drone_id_system__type_support.c.o[0m
[575.200s] [ 45%] [32mBuilding C object CMakeFiles/px4_msgs__rosidl_typesupport_introspection_c.dir/rosidl_typesupport_introspection_c/px4_msgs/msg/detail/orb_test__type_support.c.o[0m
[575.276s] [ 45%] [32mBuilding C object CMakeFiles/px4_msgs__rosidl_typesupport_introspection_c.dir/rosidl_typesupport_introspection_c/px4_msgs/msg/detail/orb_test_large__type_support.c.o[0m
[575.347s] [ 45%] [32mBuilding C object CMakeFiles/px4_msgs__rosidl_typesupport_introspection_c.dir/rosidl_typesupport_introspection_c/px4_msgs/msg/detail/orb_test_medium__type_support.c.o[0m
[575.422s] [ 45%] [32mBuilding C object CMakeFiles/px4_msgs__rosidl_typesupport_introspection_c.dir/rosidl_typesupport_introspection_c/px4_msgs/msg/detail/orbit_status__type_support.c.o[0m
[575.491s] [ 45%] [32mBuilding C object CMakeFiles/px4_msgs__rosidl_typesupport_introspection_c.dir/rosidl_typesupport_introspection_c/px4_msgs/msg/detail/parameter_reset_request__type_support.c.o[0m
[575.560s] [ 45%] [32mBuilding C object CMakeFiles/px4_msgs__rosidl_typesupport_introspection_c.dir/rosidl_typesupport_introspection_c/px4_msgs/msg/detail/parameter_set_used_request__type_support.c.o[0m
[575.631s] [ 45%] [32mBuilding C object CMakeFiles/px4_msgs__rosidl_typesupport_introspection_c.dir/rosidl_typesupport_introspection_c/px4_msgs/msg/detail/parameter_set_value_request__type_support.c.o[0m
[575.709s] [ 45%] [32mBuilding C object CMakeFiles/px4_msgs__rosidl_typesupport_introspection_c.dir/rosidl_typesupport_introspection_c/px4_msgs/msg/detail/parameter_set_value_response__type_support.c.o[0m
[575.779s] [ 45%] [32mBuilding C object CMakeFiles/px4_msgs__rosidl_typesupport_introspection_c.dir/rosidl_typesupport_introspection_c/px4_msgs/msg/detail/parameter_update__type_support.c.o[0m
[575.849s] [ 45%] [32mBuilding C object CMakeFiles/px4_msgs__rosidl_typesupport_introspection_c.dir/rosidl_typesupport_introspection_c/px4_msgs/msg/detail/ping__type_support.c.o[0m
[575.924s] [ 45%] [32mBuilding C object CMakeFiles/px4_msgs__rosidl_typesupport_introspection_c.dir/rosidl_typesupport_introspection_c/px4_msgs/msg/detail/position_controller_landing_status__type_support.c.o[0m
[575.997s] [ 45%] [32mBuilding C object CMakeFiles/px4_msgs__rosidl_typesupport_introspection_c.dir/rosidl_typesupport_introspection_c/px4_msgs/msg/detail/position_controller_status__type_support.c.o[0m
[576.065s] [ 45%] [32mBuilding C object CMakeFiles/px4_msgs__rosidl_typesupport_introspection_c.dir/rosidl_typesupport_introspection_c/px4_msgs/msg/detail/position_setpoint__type_support.c.o[0m
[576.140s] [ 45%] [32mBuilding C object CMakeFiles/px4_msgs__rosidl_typesupport_introspection_c.dir/rosidl_typesupport_introspection_c/px4_msgs/msg/detail/position_setpoint_triplet__type_support.c.o[0m
[576.215s] [ 45%] [32mBuilding C object CMakeFiles/px4_msgs__rosidl_typesupport_introspection_c.dir/rosidl_typesupport_introspection_c/px4_msgs/msg/detail/power_button_state__type_support.c.o[0m
[576.285s] [ 45%] [32mBuilding C object CMakeFiles/px4_msgs__rosidl_typesupport_introspection_c.dir/rosidl_typesupport_introspection_c/px4_msgs/msg/detail/power_monitor__type_support.c.o[0m
[576.361s] [ 45%] [32mBuilding C object CMakeFiles/px4_msgs__rosidl_typesupport_introspection_c.dir/rosidl_typesupport_introspection_c/px4_msgs/msg/detail/pps_capture__type_support.c.o[0m
[576.434s] [ 45%] [32mBuilding C object CMakeFiles/px4_msgs__rosidl_typesupport_introspection_c.dir/rosidl_typesupport_introspection_c/px4_msgs/msg/detail/pure_pursuit_status__type_support.c.o[0m
[576.508s] [ 45%] [32mBuilding C object CMakeFiles/px4_msgs__rosidl_typesupport_introspection_c.dir/rosidl_typesupport_introspection_c/px4_msgs/msg/detail/pwm_input__type_support.c.o[0m
[576.580s] [ 45%] [32mBuilding C object CMakeFiles/px4_msgs__rosidl_typesupport_introspection_c.dir/rosidl_typesupport_introspection_c/px4_msgs/msg/detail/px4io_status__type_support.c.o[0m
[576.668s] [ 46%] [32mBuilding C object CMakeFiles/px4_msgs__rosidl_typesupport_introspection_c.dir/rosidl_typesupport_introspection_c/px4_msgs/msg/detail/qshell_req__type_support.c.o[0m
[576.746s] [ 46%] [32mBuilding C object CMakeFiles/px4_msgs__rosidl_typesupport_introspection_c.dir/rosidl_typesupport_introspection_c/px4_msgs/msg/detail/qshell_retval__type_support.c.o[0m
[576.816s] [ 46%] [32mBuilding C object CMakeFiles/px4_msgs__rosidl_typesupport_introspection_c.dir/rosidl_typesupport_introspection_c/px4_msgs/msg/detail/radio_status__type_support.c.o[0m
[576.882s] [ 46%] [32mBuilding C object CMakeFiles/px4_msgs__rosidl_typesupport_introspection_c.dir/rosidl_typesupport_introspection_c/px4_msgs/msg/detail/raptor_input__type_support.c.o[0m
[576.974s] [ 46%] [32mBuilding C object CMakeFiles/px4_msgs__rosidl_typesupport_introspection_c.dir/rosidl_typesupport_introspection_c/px4_msgs/msg/detail/raptor_status__type_support.c.o[0m
[577.054s] [ 46%] [32mBuilding C object CMakeFiles/px4_msgs__rosidl_typesupport_introspection_c.dir/rosidl_typesupport_introspection_c/px4_msgs/msg/detail/rate_ctrl_status__type_support.c.o[0m
[577.132s] [ 46%] [32mBuilding C object CMakeFiles/px4_msgs__rosidl_typesupport_introspection_c.dir/rosidl_typesupport_introspection_c/px4_msgs/msg/detail/rc_channels__type_support.c.o[0m
[577.211s] [ 46%] [32mBuilding C object CMakeFiles/px4_msgs__rosidl_typesupport_introspection_c.dir/rosidl_typesupport_introspection_c/px4_msgs/msg/detail/rc_parameter_map__type_support.c.o[0m
[577.315s] [ 46%] [32mBuilding C object CMakeFiles/px4_msgs__rosidl_typesupport_introspection_c.dir/rosidl_typesupport_introspection_c/px4_msgs/msg/detail/register_ext_component_reply__type_support.c.o[0m
[577.386s] [ 46%] [32mBuilding C object CMakeFiles/px4_msgs__rosidl_typesupport_introspection_c.dir/rosidl_typesupport_introspection_c/px4_msgs/msg/detail/register_ext_component_request__type_support.c.o[0m
[577.463s] [ 46%] [32mBuilding C object CMakeFiles/px4_msgs__rosidl_typesupport_introspection_c.dir/rosidl_typesupport_introspection_c/px4_msgs/msg/detail/rover_attitude_setpoint__type_support.c.o[0m
[577.537s] [ 46%] [32mBuilding C object CMakeFiles/px4_msgs__rosidl_typesupport_introspection_c.dir/rosidl_typesupport_introspection_c/px4_msgs/msg/detail/rover_attitude_status__type_support.c.o[0m
[577.610s] [ 46%] [32mBuilding C object CMakeFiles/px4_msgs__rosidl_typesupport_introspection_c.dir/rosidl_typesupport_introspection_c/px4_msgs/msg/detail/rover_position_setpoint__type_support.c.o[0m
[577.682s] [ 46%] [32mBuilding C object CMakeFiles/px4_msgs__rosidl_typesupport_introspection_c.dir/rosidl_typesupport_introspection_c/px4_msgs/msg/detail/rover_rate_setpoint__type_support.c.o[0m
[577.752s] [ 46%] [32mBuilding C object CMakeFiles/px4_msgs__rosidl_typesupport_introspection_c.dir/rosidl_typesupport_introspection_c/px4_msgs/msg/detail/rover_rate_status__type_support.c.o[0m
[577.821s] [ 46%] [32mBuilding C object CMakeFiles/px4_msgs__rosidl_typesupport_introspection_c.dir/rosidl_typesupport_introspection_c/px4_msgs/msg/detail/rover_speed_setpoint__type_support.c.o[0m
[577.894s] [ 46%] [32mBuilding C object CMakeFiles/px4_msgs__rosidl_typesupport_introspection_c.dir/rosidl_typesupport_introspection_c/px4_msgs/msg/detail/rover_speed_status__type_support.c.o[0m
[577.965s] [ 46%] [32mBuilding C object CMakeFiles/px4_msgs__rosidl_typesupport_introspection_c.dir/rosidl_typesupport_introspection_c/px4_msgs/msg/detail/rover_steering_setpoint__type_support.c.o[0m
[578.033s] [ 46%] [32mBuilding C object CMakeFiles/px4_msgs__rosidl_typesupport_introspection_c.dir/rosidl_typesupport_introspection_c/px4_msgs/msg/detail/rover_throttle_setpoint__type_support.c.o[0m
[578.100s] [ 46%] [32mBuilding C object CMakeFiles/px4_msgs__rosidl_typesupport_introspection_c.dir/rosidl_typesupport_introspection_c/px4_msgs/msg/detail/rpm__type_support.c.o[0m
[578.166s] [ 46%] [32mBuilding C object CMakeFiles/px4_msgs__rosidl_typesupport_introspection_c.dir/rosidl_typesupport_introspection_c/px4_msgs/msg/detail/rtl_status__type_support.c.o[0m
[578.234s] [ 46%] [32mBuilding C object CMakeFiles/px4_msgs__rosidl_typesupport_introspection_c.dir/rosidl_typesupport_introspection_c/px4_msgs/msg/detail/rtl_time_estimate__type_support.c.o[0m
[578.303s] [ 46%] [32mBuilding C object CMakeFiles/px4_msgs__rosidl_typesupport_introspection_c.dir/rosidl_typesupport_introspection_c/px4_msgs/msg/detail/satellite_info__type_support.c.o[0m
[578.389s] [ 46%] [32mBuilding C object CMakeFiles/px4_msgs__rosidl_typesupport_introspection_c.dir/rosidl_typesupport_introspection_c/px4_msgs/msg/detail/sensor_accel__type_support.c.o[0m
[578.465s] [ 46%] [32mBuilding C object CMakeFiles/px4_msgs__rosidl_typesupport_introspection_c.dir/rosidl_typesupport_introspection_c/px4_msgs/msg/detail/sensor_accel_fifo__type_support.c.o[0m
[578.547s] [ 47%] [32mBuilding C object CMakeFiles/px4_msgs__rosidl_typesupport_introspection_c.dir/rosidl_typesupport_introspection_c/px4_msgs/msg/detail/sensor_airflow__type_support.c.o[0m
[578.617s] [ 47%] [32mBuilding C object CMakeFiles/px4_msgs__rosidl_typesupport_introspection_c.dir/rosidl_typesupport_introspection_c/px4_msgs/msg/detail/sensor_baro__type_support.c.o[0m
[578.684s] [ 47%] [32mBuilding C object CMakeFiles/px4_msgs__rosidl_typesupport_introspection_c.dir/rosidl_typesupport_introspection_c/px4_msgs/msg/detail/sensor_combined__type_support.c.o[0m
[578.762s] [ 47%] [32mBuilding C object CMakeFiles/px4_msgs__rosidl_typesupport_introspection_c.dir/rosidl_typesupport_introspection_c/px4_msgs/msg/detail/sensor_correction__type_support.c.o[0m
[578.893s] [ 47%] [32mBuilding C object CMakeFiles/px4_msgs__rosidl_typesupport_introspection_c.dir/rosidl_typesupport_introspection_c/px4_msgs/msg/detail/sensor_gnss_relative__type_support.c.o[0m
[578.967s] [ 47%] [32mBuilding C object CMakeFiles/px4_msgs__rosidl_typesupport_introspection_c.dir/rosidl_typesupport_introspection_c/px4_msgs/msg/detail/sensor_gnss_status__type_support.c.o[0m
[579.056s] [ 47%] [32mBuilding C object CMakeFiles/px4_msgs__rosidl_typesupport_introspection_c.dir/rosidl_typesupport_introspection_c/px4_msgs/msg/detail/sensor_gps__type_support.c.o[0m
[579.128s] [ 47%] [32mBuilding C object CMakeFiles/px4_msgs__rosidl_typesupport_introspection_c.dir/rosidl_typesupport_introspection_c/px4_msgs/msg/detail/sensor_gyro__type_support.c.o[0m
[579.199s] [ 47%] [32mBuilding C object CMakeFiles/px4_msgs__rosidl_typesupport_introspection_c.dir/rosidl_typesupport_introspection_c/px4_msgs/msg/detail/sensor_gyro_fft__type_support.c.o[0m
[579.289s] [ 47%] [32mBuilding C object CMakeFiles/px4_msgs__rosidl_typesupport_introspection_c.dir/rosidl_typesupport_introspection_c/px4_msgs/msg/detail/sensor_gyro_fifo__type_support.c.o[0m
[579.376s] [ 47%] [32mBuilding C object CMakeFiles/px4_msgs__rosidl_typesupport_introspection_c.dir/rosidl_typesupport_introspection_c/px4_msgs/msg/detail/sensor_hygrometer__type_support.c.o[0m
[579.448s] [ 47%] [32mBuilding C object CMakeFiles/px4_msgs__rosidl_typesupport_introspection_c.dir/rosidl_typesupport_introspection_c/px4_msgs/msg/detail/sensor_mag__type_support.c.o[0m
[579.516s] [ 47%] [32mBuilding C object CMakeFiles/px4_msgs__rosidl_typesupport_introspection_c.dir/rosidl_typesupport_introspection_c/px4_msgs/msg/detail/sensor_optical_flow__type_support.c.o[0m
[579.592s] [ 47%] [32mBuilding C object CMakeFiles/px4_msgs__rosidl_typesupport_introspection_c.dir/rosidl_typesupport_introspection_c/px4_msgs/msg/detail/sensor_preflight_mag__type_support.c.o[0m
[579.662s] [ 47%] [32mBuilding C object CMakeFiles/px4_msgs__rosidl_typesupport_introspection_c.dir/rosidl_typesupport_introspection_c/px4_msgs/msg/detail/sensor_selection__type_support.c.o[0m
[579.731s] [ 47%] [32mBuilding C object CMakeFiles/px4_msgs__rosidl_typesupport_introspection_c.dir/rosidl_typesupport_introspection_c/px4_msgs/msg/detail/sensor_temp__type_support.c.o[0m
[579.800s] [ 47%] [32mBuilding C object CMakeFiles/px4_msgs__rosidl_typesupport_introspection_c.dir/rosidl_typesupport_introspection_c/px4_msgs/msg/detail/sensor_uwb__type_support.c.o[0m
[579.872s] [ 47%] [32mBuilding C object CMakeFiles/px4_msgs__rosidl_typesupport_introspection_c.dir/rosidl_typesupport_introspection_c/px4_msgs/msg/detail/sensors_status__type_support.c.o[0m
[579.959s] [ 47%] [32mBuilding C object CMakeFiles/px4_msgs__rosidl_typesupport_introspection_c.dir/rosidl_typesupport_introspection_c/px4_msgs/msg/detail/sensors_status_imu__type_support.c.o[0m
[580.060s] [ 47%] [32mBuilding C object CMakeFiles/px4_msgs__rosidl_typesupport_introspection_c.dir/rosidl_typesupport_introspection_c/px4_msgs/msg/detail/system_power__type_support.c.o[0m
[580.133s] [ 47%] [32mBuilding C object CMakeFiles/px4_msgs__rosidl_typesupport_introspection_c.dir/rosidl_typesupport_introspection_c/px4_msgs/msg/detail/takeoff_status__type_support.c.o[0m
[580.202s] [ 47%] [32mBuilding C object CMakeFiles/px4_msgs__rosidl_typesupport_introspection_c.dir/rosidl_typesupport_introspection_c/px4_msgs/msg/detail/task_stack_info__type_support.c.o[0m
[580.279s] [ 47%] [32mBuilding C object CMakeFiles/px4_msgs__rosidl_typesupport_introspection_c.dir/rosidl_typesupport_introspection_c/px4_msgs/msg/detail/tecs_status__type_support.c.o[0m
[580.350s] [ 47%] [32mBuilding C object CMakeFiles/px4_msgs__rosidl_typesupport_introspection_c.dir/rosidl_typesupport_introspection_c/px4_msgs/msg/detail/telemetry_status__type_support.c.o[0m
[580.419s] [ 48%] [32mBuilding C object CMakeFiles/px4_msgs__rosidl_typesupport_introspection_c.dir/rosidl_typesupport_introspection_c/px4_msgs/msg/detail/tiltrotor_extra_controls__type_support.c.o[0m
[580.495s] [ 48%] [32mBuilding C object CMakeFiles/px4_msgs__rosidl_typesupport_introspection_c.dir/rosidl_typesupport_introspection_c/px4_msgs/msg/detail/timesync_status__type_support.c.o[0m
[580.569s] [ 48%] [32mBuilding C object CMakeFiles/px4_msgs__rosidl_typesupport_introspection_c.dir/rosidl_typesupport_introspection_c/px4_msgs/msg/detail/trajectory_setpoint__type_support.c.o[0m
[580.655s] [ 48%] [32mBuilding C object CMakeFiles/px4_msgs__rosidl_typesupport_introspection_c.dir/rosidl_typesupport_introspection_c/px4_msgs/msg/detail/trajectory_setpoint6dof__type_support.c.o[0m
[580.748s] [ 48%] [32mBuilding C object CMakeFiles/px4_msgs__rosidl_typesupport_introspection_c.dir/rosidl_typesupport_introspection_c/px4_msgs/msg/detail/transponder_report__type_support.c.o[0m
[580.825s] [ 48%] [32mBuilding C object CMakeFiles/px4_msgs__rosidl_typesupport_introspection_c.dir/rosidl_typesupport_introspection_c/px4_msgs/msg/detail/tune_control__type_support.c.o[0m
[580.895s] [ 48%] [32mBuilding C object CMakeFiles/px4_msgs__rosidl_typesupport_introspection_c.dir/rosidl_typesupport_introspection_c/px4_msgs/msg/detail/uavcan_parameter_request__type_support.c.o[0m
[580.978s] [ 48%] [32mBuilding C object CMakeFiles/px4_msgs__rosidl_typesupport_introspection_c.dir/rosidl_typesupport_introspection_c/px4_msgs/msg/detail/uavcan_parameter_value__type_support.c.o[0m
[581.052s] [ 48%] [32mBuilding C object CMakeFiles/px4_msgs__rosidl_typesupport_introspection_c.dir/rosidl_typesupport_introspection_c/px4_msgs/msg/detail/ulog_stream__type_support.c.o[0m
[581.125s] [ 48%] [32mBuilding C object CMakeFiles/px4_msgs__rosidl_typesupport_introspection_c.dir/rosidl_typesupport_introspection_c/px4_msgs/msg/detail/ulog_stream_ack__type_support.c.o[0m
[581.200s] [ 48%] [32mBuilding C object CMakeFiles/px4_msgs__rosidl_typesupport_introspection_c.dir/rosidl_typesupport_introspection_c/px4_msgs/msg/detail/unregister_ext_component__type_support.c.o[0m
[581.278s] [ 48%] [32mBuilding C object CMakeFiles/px4_msgs__rosidl_typesupport_introspection_c.dir/rosidl_typesupport_introspection_c/px4_msgs/msg/detail/vehicle_acceleration__type_support.c.o[0m
[581.354s] [ 48%] [32mBuilding C object CMakeFiles/px4_msgs__rosidl_typesupport_introspection_c.dir/rosidl_typesupport_introspection_c/px4_msgs/msg/detail/vehicle_air_data__type_support.c.o[0m
[581.425s] [ 48%] [32mBuilding C object CMakeFiles/px4_msgs__rosidl_typesupport_introspection_c.dir/rosidl_typesupport_introspection_c/px4_msgs/msg/detail/vehicle_angular_acceleration_setpoint__type_support.c.o[0m
[581.497s] [ 48%] [32mBuilding C object CMakeFiles/px4_msgs__rosidl_typesupport_introspection_c.dir/rosidl_typesupport_introspection_c/px4_msgs/msg/detail/vehicle_angular_velocity__type_support.c.o[0m
[581.574s] [ 48%] [32mBuilding C object CMakeFiles/px4_msgs__rosidl_typesupport_introspection_c.dir/rosidl_typesupport_introspection_c/px4_msgs/msg/detail/vehicle_attitude__type_support.c.o[0m
[581.654s] [ 48%] [32mBuilding C object CMakeFiles/px4_msgs__rosidl_typesupport_introspection_c.dir/rosidl_typesupport_introspection_c/px4_msgs/msg/detail/vehicle_attitude_setpoint__type_support.c.o[0m
[581.730s] [ 48%] [32mBuilding C object CMakeFiles/px4_msgs__rosidl_typesupport_introspection_c.dir/rosidl_typesupport_introspection_c/px4_msgs/msg/detail/vehicle_command__type_support.c.o[0m
[581.801s] [ 48%] [32mBuilding C object CMakeFiles/px4_msgs__rosidl_typesupport_introspection_c.dir/rosidl_typesupport_introspection_c/px4_msgs/msg/detail/vehicle_command_ack__type_support.c.o[0m
[581.875s] [ 48%] [32mBuilding C object CMakeFiles/px4_msgs__rosidl_typesupport_introspection_c.dir/rosidl_typesupport_introspection_c/px4_msgs/msg/detail/vehicle_constraints__type_support.c.o[0m
[581.949s] [ 48%] [32mBuilding C object CMakeFiles/px4_msgs__rosidl_typesupport_introspection_c.dir/rosidl_typesupport_introspection_c/px4_msgs/msg/detail/vehicle_control_mode__type_support.c.o[0m
[582.016s] [ 48%] [32mBuilding C object CMakeFiles/px4_msgs__rosidl_typesupport_introspection_c.dir/rosidl_typesupport_introspection_c/px4_msgs/msg/detail/vehicle_global_position__type_support.c.o[0m
[582.087s] [ 48%] [32mBuilding C object CMakeFiles/px4_msgs__rosidl_typesupport_introspection_c.dir/rosidl_typesupport_introspection_c/px4_msgs/msg/detail/vehicle_imu__type_support.c.o[0m
[582.168s] [ 48%] [32mBuilding C object CMakeFiles/px4_msgs__rosidl_typesupport_introspection_c.dir/rosidl_typesupport_introspection_c/px4_msgs/msg/detail/vehicle_imu_status__type_support.c.o[0m
[582.269s] [ 48%] [32mBuilding C object CMakeFiles/px4_msgs__rosidl_typesupport_introspection_c.dir/rosidl_typesupport_introspection_c/px4_msgs/msg/detail/vehicle_land_detected__type_support.c.o[0m
[582.339s] [ 49%] [32mBuilding C object CMakeFiles/px4_msgs__rosidl_typesupport_introspection_c.dir/rosidl_typesupport_introspection_c/px4_msgs/msg/detail/vehicle_local_position__type_support.c.o[0m
[582.421s] [ 49%] [32mBuilding C object CMakeFiles/px4_msgs__rosidl_typesupport_introspection_c.dir/rosidl_typesupport_introspection_c/px4_msgs/msg/detail/vehicle_local_position_setpoint__type_support.c.o[0m
[582.497s] [ 49%] [32mBuilding C object CMakeFiles/px4_msgs__rosidl_typesupport_introspection_c.dir/rosidl_typesupport_introspection_c/px4_msgs/msg/detail/vehicle_magnetometer__type_support.c.o[0m
[582.576s] [ 49%] [32mBuilding C object CMakeFiles/px4_msgs__rosidl_typesupport_introspection_c.dir/rosidl_typesupport_introspection_c/px4_msgs/msg/detail/vehicle_odometry__type_support.c.o[0m
[582.668s] [ 49%] [32mBuilding C object CMakeFiles/px4_msgs__rosidl_typesupport_introspection_c.dir/rosidl_typesupport_introspection_c/px4_msgs/msg/detail/vehicle_optical_flow__type_support.c.o[0m
[582.748s] [ 49%] [32mBuilding C object CMakeFiles/px4_msgs__rosidl_typesupport_introspection_c.dir/rosidl_typesupport_introspection_c/px4_msgs/msg/detail/vehicle_optical_flow_vel__type_support.c.o[0m
[582.840s] [ 49%] [32mBuilding C object CMakeFiles/px4_msgs__rosidl_typesupport_introspection_c.dir/rosidl_typesupport_introspection_c/px4_msgs/msg/detail/vehicle_rates_setpoint__type_support.c.o[0m
[582.918s] [ 49%] [32mBuilding C object CMakeFiles/px4_msgs__rosidl_typesupport_introspection_c.dir/rosidl_typesupport_introspection_c/px4_msgs/msg/detail/vehicle_roi__type_support.c.o[0m
[582.991s] [ 49%] [32mBuilding C object CMakeFiles/px4_msgs__rosidl_typesupport_introspection_c.dir/rosidl_typesupport_introspection_c/px4_msgs/msg/detail/vehicle_status__type_support.c.o[0m
[583.066s] [ 49%] [32mBuilding C object CMakeFiles/px4_msgs__rosidl_typesupport_introspection_c.dir/rosidl_typesupport_introspection_c/px4_msgs/msg/detail/vehicle_thrust_setpoint__type_support.c.o[0m
[583.137s] [ 49%] [32mBuilding C object CMakeFiles/px4_msgs__rosidl_typesupport_introspection_c.dir/rosidl_typesupport_introspection_c/px4_msgs/msg/detail/vehicle_torque_setpoint__type_support.c.o[0m
[583.213s] [ 49%] [32mBuilding C object CMakeFiles/px4_msgs__rosidl_typesupport_introspection_c.dir/rosidl_typesupport_introspection_c/px4_msgs/msg/detail/velocity_limits__type_support.c.o[0m
[583.282s] [ 49%] [32mBuilding C object CMakeFiles/px4_msgs__rosidl_typesupport_introspection_c.dir/rosidl_typesupport_introspection_c/px4_msgs/msg/detail/vtol_vehicle_status__type_support.c.o[0m
[583.353s] [ 49%] [32mBuilding C object CMakeFiles/px4_msgs__rosidl_typesupport_introspection_c.dir/rosidl_typesupport_introspection_c/px4_msgs/msg/detail/vtx__type_support.c.o[0m
[583.427s] [ 49%] [32mBuilding C object CMakeFiles/px4_msgs__rosidl_typesupport_introspection_c.dir/rosidl_typesupport_introspection_c/px4_msgs/msg/detail/wheel_encoders__type_support.c.o[0m
[583.499s] [ 49%] [32mBuilding C object CMakeFiles/px4_msgs__rosidl_typesupport_introspection_c.dir/rosidl_typesupport_introspection_c/px4_msgs/msg/detail/wind__type_support.c.o[0m
[583.570s] [ 49%] [32mBuilding C object CMakeFiles/px4_msgs__rosidl_typesupport_introspection_c.dir/rosidl_typesupport_introspection_c/px4_msgs/msg/detail/yaw_estimator_status__type_support.c.o[0m
[583.662s] [ 49%] [32mBuilding C object CMakeFiles/px4_msgs__rosidl_typesupport_introspection_c.dir/rosidl_typesupport_introspection_c/px4_msgs/srv/detail/vehicle_command__type_support.c.o[0m
[583.759s] [ 49%] [32m[1mLinking C shared library libpx4_msgs__rosidl_typesupport_introspection_c.so[0m
[583.952s] [ 49%] Built target px4_msgs__rosidl_typesupport_introspection_c
[583.980s] [ 49%] [34m[1mGenerating C type support dispatch for ROS interfaces[0m
[646.628s] [ 49%] [32mBuilding CXX object CMakeFiles/px4_msgs__rosidl_typesupport_c.dir/rosidl_typesupport_c/px4_msgs/msg/action_request__type_support.cpp.o[0m
[646.713s] [ 49%] [32mBuilding CXX object CMakeFiles/px4_msgs__rosidl_typesupport_c.dir/rosidl_typesupport_c/px4_msgs/msg/actuator_armed__type_support.cpp.o[0m
[646.795s] [ 50%] [32mBuilding CXX object CMakeFiles/px4_msgs__rosidl_typesupport_c.dir/rosidl_typesupport_c/px4_msgs/msg/actuator_controls_status__type_support.cpp.o[0m
[646.878s] [ 50%] [32mBuilding CXX object CMakeFiles/px4_msgs__rosidl_typesupport_c.dir/rosidl_typesupport_c/px4_msgs/msg/actuator_motors__type_support.cpp.o[0m
[646.961s] [ 50%] [32mBuilding CXX object CMakeFiles/px4_msgs__rosidl_typesupport_c.dir/rosidl_typesupport_c/px4_msgs/msg/actuator_outputs__type_support.cpp.o[0m
[647.041s] [ 50%] [32mBuilding CXX object CMakeFiles/px4_msgs__rosidl_typesupport_c.dir/rosidl_typesupport_c/px4_msgs/msg/actuator_servos__type_support.cpp.o[0m
[647.120s] [ 50%] [32mBuilding CXX object CMakeFiles/px4_msgs__rosidl_typesupport_c.dir/rosidl_typesupport_c/px4_msgs/msg/actuator_servos_trim__type_support.cpp.o[0m
[647.200s] [ 50%] [32mBuilding CXX object CMakeFiles/px4_msgs__rosidl_typesupport_c.dir/rosidl_typesupport_c/px4_msgs/msg/actuator_test__type_support.cpp.o[0m
[647.282s] [ 50%] [32mBuilding CXX object CMakeFiles/px4_msgs__rosidl_typesupport_c.dir/rosidl_typesupport_c/px4_msgs/msg/adc_report__type_support.cpp.o[0m
[647.360s] [ 50%] [32mBuilding CXX object CMakeFiles/px4_msgs__rosidl_typesupport_c.dir/rosidl_typesupport_c/px4_msgs/msg/airspeed__type_support.cpp.o[0m
[647.442s] [ 50%] [32mBuilding CXX object CMakeFiles/px4_msgs__rosidl_typesupport_c.dir/rosidl_typesupport_c/px4_msgs/msg/airspeed_validated__type_support.cpp.o[0m
[647.526s] [ 50%] [32mBuilding CXX object CMakeFiles/px4_msgs__rosidl_typesupport_c.dir/rosidl_typesupport_c/px4_msgs/msg/airspeed_wind__type_support.cpp.o[0m
[647.605s] [ 50%] [32mBuilding CXX object CMakeFiles/px4_msgs__rosidl_typesupport_c.dir/rosidl_typesupport_c/px4_msgs/msg/arming_check_reply__type_support.cpp.o[0m
[647.684s] [ 50%] [32mBuilding CXX object CMakeFiles/px4_msgs__rosidl_typesupport_c.dir/rosidl_typesupport_c/px4_msgs/msg/arming_check_request__type_support.cpp.o[0m
[647.762s] [ 50%] [32mBuilding CXX object CMakeFiles/px4_msgs__rosidl_typesupport_c.dir/rosidl_typesupport_c/px4_msgs/msg/autotune_attitude_control_status__type_support.cpp.o[0m
[647.844s] [ 50%] [32mBuilding CXX object CMakeFiles/px4_msgs__rosidl_typesupport_c.dir/rosidl_typesupport_c/px4_msgs/msg/battery_info__type_support.cpp.o[0m
[647.926s] [ 50%] [32mBuilding CXX object CMakeFiles/px4_msgs__rosidl_typesupport_c.dir/rosidl_typesupport_c/px4_msgs/msg/battery_status__type_support.cpp.o[0m
[648.007s] [ 50%] [32mBuilding CXX object CMakeFiles/px4_msgs__rosidl_typesupport_c.dir/rosidl_typesupport_c/px4_msgs/msg/button_event__type_support.cpp.o[0m
[648.088s] [ 50%] [32mBuilding CXX object CMakeFiles/px4_msgs__rosidl_typesupport_c.dir/rosidl_typesupport_c/px4_msgs/msg/camera_capture__type_support.cpp.o[0m
[648.163s] [ 50%] [32mBuilding CXX object CMakeFiles/px4_msgs__rosidl_typesupport_c.dir/rosidl_typesupport_c/px4_msgs/msg/camera_status__type_support.cpp.o[0m
[648.242s] [ 50%] [32mBuilding CXX object CMakeFiles/px4_msgs__rosidl_typesupport_c.dir/rosidl_typesupport_c/px4_msgs/msg/camera_trigger__type_support.cpp.o[0m
[648.317s] [ 50%] [32mBuilding CXX object CMakeFiles/px4_msgs__rosidl_typesupport_c.dir/rosidl_typesupport_c/px4_msgs/msg/can_interface_status__type_support.cpp.o[0m
[648.395s] [ 50%] [32mBuilding CXX object CMakeFiles/px4_msgs__rosidl_typesupport_c.dir/rosidl_typesupport_c/px4_msgs/msg/cellular_status__type_support.cpp.o[0m
[648.475s] [ 50%] [32mBuilding CXX object CMakeFiles/px4_msgs__rosidl_typesupport_c.dir/rosidl_typesupport_c/px4_msgs/msg/collision_constraints__type_support.cpp.o[0m
[648.552s] [ 50%] [32mBuilding CXX object CMakeFiles/px4_msgs__rosidl_typesupport_c.dir/rosidl_typesupport_c/px4_msgs/msg/config_overrides__type_support.cpp.o[0m
[648.631s] [ 50%] [32mBuilding CXX object CMakeFiles/px4_msgs__rosidl_typesupport_c.dir/rosidl_typesupport_c/px4_msgs/msg/control_allocator_status__type_support.cpp.o[0m
[648.709s] [ 50%] [32mBuilding CXX object CMakeFiles/px4_msgs__rosidl_typesupport_c.dir/rosidl_typesupport_c/px4_msgs/msg/cpuload__type_support.cpp.o[0m
[648.791s] [ 51%] [32mBuilding CXX object CMakeFiles/px4_msgs__rosidl_typesupport_c.dir/rosidl_typesupport_c/px4_msgs/msg/dataman_request__type_support.cpp.o[0m
[648.875s] [ 51%] [32mBuilding CXX object CMakeFiles/px4_msgs__rosidl_typesupport_c.dir/rosidl_typesupport_c/px4_msgs/msg/dataman_response__type_support.cpp.o[0m
[648.960s] [ 51%] [32mBuilding CXX object CMakeFiles/px4_msgs__rosidl_typesupport_c.dir/rosidl_typesupport_c/px4_msgs/msg/debug_array__type_support.cpp.o[0m
[649.042s] [ 51%] [32mBuilding CXX object CMakeFiles/px4_msgs__rosidl_typesupport_c.dir/rosidl_typesupport_c/px4_msgs/msg/debug_key_value__type_support.cpp.o[0m
[649.122s] [ 51%] [32mBuilding CXX object CMakeFiles/px4_msgs__rosidl_typesupport_c.dir/rosidl_typesupport_c/px4_msgs/msg/debug_value__type_support.cpp.o[0m
[649.201s] [ 51%] [32mBuilding CXX object CMakeFiles/px4_msgs__rosidl_typesupport_c.dir/rosidl_typesupport_c/px4_msgs/msg/debug_vect__type_support.cpp.o[0m
[649.282s] [ 51%] [32mBuilding CXX object CMakeFiles/px4_msgs__rosidl_typesupport_c.dir/rosidl_typesupport_c/px4_msgs/msg/device_information__type_support.cpp.o[0m
[649.359s] [ 51%] [32mBuilding CXX object CMakeFiles/px4_msgs__rosidl_typesupport_c.dir/rosidl_typesupport_c/px4_msgs/msg/differential_pressure__type_support.cpp.o[0m
[649.440s] [ 51%] [32mBuilding CXX object CMakeFiles/px4_msgs__rosidl_typesupport_c.dir/rosidl_typesupport_c/px4_msgs/msg/distance_sensor__type_support.cpp.o[0m
[649.515s] [ 51%] [32mBuilding CXX object CMakeFiles/px4_msgs__rosidl_typesupport_c.dir/rosidl_typesupport_c/px4_msgs/msg/distance_sensor_mode_change_request__type_support.cpp.o[0m
[649.595s] [ 51%] [32mBuilding CXX object CMakeFiles/px4_msgs__rosidl_typesupport_c.dir/rosidl_typesupport_c/px4_msgs/msg/dronecan_node_status__type_support.cpp.o[0m
[649.677s] [ 51%] [32mBuilding CXX object CMakeFiles/px4_msgs__rosidl_typesupport_c.dir/rosidl_typesupport_c/px4_msgs/msg/ekf2_timestamps__type_support.cpp.o[0m
[649.758s] [ 51%] [32mBuilding CXX object CMakeFiles/px4_msgs__rosidl_typesupport_c.dir/rosidl_typesupport_c/px4_msgs/msg/esc_report__type_support.cpp.o[0m
[649.842s] [ 51%] [32mBuilding CXX object CMakeFiles/px4_msgs__rosidl_typesupport_c.dir/rosidl_typesupport_c/px4_msgs/msg/esc_status__type_support.cpp.o[0m
[649.922s] [ 51%] [32mBuilding CXX object CMakeFiles/px4_msgs__rosidl_typesupport_c.dir/rosidl_typesupport_c/px4_msgs/msg/estimator_aid_source1d__type_support.cpp.o[0m
[650.005s] [ 51%] [32mBuilding CXX object CMakeFiles/px4_msgs__rosidl_typesupport_c.dir/rosidl_typesupport_c/px4_msgs/msg/estimator_aid_source2d__type_support.cpp.o[0m
[650.093s] [ 51%] [32mBuilding CXX object CMakeFiles/px4_msgs__rosidl_typesupport_c.dir/rosidl_typesupport_c/px4_msgs/msg/estimator_aid_source3d__type_support.cpp.o[0m
[650.176s] [ 51%] [32mBuilding CXX object CMakeFiles/px4_msgs__rosidl_typesupport_c.dir/rosidl_typesupport_c/px4_msgs/msg/estimator_bias__type_support.cpp.o[0m
[650.259s] [ 51%] [32mBuilding CXX object CMakeFiles/px4_msgs__rosidl_typesupport_c.dir/rosidl_typesupport_c/px4_msgs/msg/estimator_bias3d__type_support.cpp.o[0m
[650.335s] [ 51%] [32mBuilding CXX object CMakeFiles/px4_msgs__rosidl_typesupport_c.dir/rosidl_typesupport_c/px4_msgs/msg/estimator_event_flags__type_support.cpp.o[0m
[650.424s] [ 51%] [32mBuilding CXX object CMakeFiles/px4_msgs__rosidl_typesupport_c.dir/rosidl_typesupport_c/px4_msgs/msg/estimator_gps_status__type_support.cpp.o[0m
[650.505s] [ 51%] [32mBuilding CXX object CMakeFiles/px4_msgs__rosidl_typesupport_c.dir/rosidl_typesupport_c/px4_msgs/msg/estimator_innovations__type_support.cpp.o[0m
[650.590s] [ 51%] [32mBuilding CXX object CMakeFiles/px4_msgs__rosidl_typesupport_c.dir/rosidl_typesupport_c/px4_msgs/msg/estimator_selector_status__type_support.cpp.o[0m
[650.667s] [ 51%] [32mBuilding CXX object CMakeFiles/px4_msgs__rosidl_typesupport_c.dir/rosidl_typesupport_c/px4_msgs/msg/estimator_sensor_bias__type_support.cpp.o[0m
[650.756s] [ 52%] [32mBuilding CXX object CMakeFiles/px4_msgs__rosidl_typesupport_c.dir/rosidl_typesupport_c/px4_msgs/msg/estimator_states__type_support.cpp.o[0m
[650.843s] [ 52%] [32mBuilding CXX object CMakeFiles/px4_msgs__rosidl_typesupport_c.dir/rosidl_typesupport_c/px4_msgs/msg/estimator_status__type_support.cpp.o[0m
[650.928s] [ 52%] [32mBuilding CXX object CMakeFiles/px4_msgs__rosidl_typesupport_c.dir/rosidl_typesupport_c/px4_msgs/msg/estimator_status_flags__type_support.cpp.o[0m
[651.023s] [ 52%] [32mBuilding CXX object CMakeFiles/px4_msgs__rosidl_typesupport_c.dir/rosidl_typesupport_c/px4_msgs/msg/event__type_support.cpp.o[0m
[651.108s] [ 52%] [32mBuilding CXX object CMakeFiles/px4_msgs__rosidl_typesupport_c.dir/rosidl_typesupport_c/px4_msgs/msg/failsafe_flags__type_support.cpp.o[0m
[651.188s] [ 52%] [32mBuilding CXX object CMakeFiles/px4_msgs__rosidl_typesupport_c.dir/rosidl_typesupport_c/px4_msgs/msg/failure_detector_status__type_support.cpp.o[0m
[651.268s] [ 52%] [32mBuilding CXX object CMakeFiles/px4_msgs__rosidl_typesupport_c.dir/rosidl_typesupport_c/px4_msgs/msg/figure_eight_status__type_support.cpp.o[0m
[651.358s] [ 52%] [32mBuilding CXX object CMakeFiles/px4_msgs__rosidl_typesupport_c.dir/rosidl_typesupport_c/px4_msgs/msg/fixed_wing_lateral_guidance_status__type_support.cpp.o[0m
[651.440s] [ 52%] [32mBuilding CXX object CMakeFiles/px4_msgs__rosidl_typesupport_c.dir/rosidl_typesupport_c/px4_msgs/msg/fixed_wing_lateral_setpoint__type_support.cpp.o[0m
[651.521s] [ 52%] [32mBuilding CXX object CMakeFiles/px4_msgs__rosidl_typesupport_c.dir/rosidl_typesupport_c/px4_msgs/msg/fixed_wing_lateral_status__type_support.cpp.o[0m
[651.603s] [ 52%] [32mBuilding CXX object CMakeFiles/px4_msgs__rosidl_typesupport_c.dir/rosidl_typesupport_c/px4_msgs/msg/fixed_wing_longitudinal_setpoint__type_support.cpp.o[0m
[651.687s] [ 52%] [32mBuilding CXX object CMakeFiles/px4_msgs__rosidl_typesupport_c.dir/rosidl_typesupport_c/px4_msgs/msg/fixed_wing_runway_control__type_support.cpp.o[0m
[651.773s] [ 52%] [32mBuilding CXX object CMakeFiles/px4_msgs__rosidl_typesupport_c.dir/rosidl_typesupport_c/px4_msgs/msg/flight_phase_estimation__type_support.cpp.o[0m
[651.856s] [ 52%] [32mBuilding CXX object CMakeFiles/px4_msgs__rosidl_typesupport_c.dir/rosidl_typesupport_c/px4_msgs/msg/follow_target__type_support.cpp.o[0m
[651.938s] [ 52%] [32mBuilding CXX object CMakeFiles/px4_msgs__rosidl_typesupport_c.dir/rosidl_typesupport_c/px4_msgs/msg/follow_target_estimator__type_support.cpp.o[0m
[652.028s] [ 52%] [32mBuilding CXX object CMakeFiles/px4_msgs__rosidl_typesupport_c.dir/rosidl_typesupport_c/px4_msgs/msg/follow_target_status__type_support.cpp.o[0m
[652.114s] [ 52%] [32mBuilding CXX object CMakeFiles/px4_msgs__rosidl_typesupport_c.dir/rosidl_typesupport_c/px4_msgs/msg/fuel_tank_status__type_support.cpp.o[0m
[652.200s] [ 52%] [32mBuilding CXX object CMakeFiles/px4_msgs__rosidl_typesupport_c.dir/rosidl_typesupport_c/px4_msgs/msg/gain_compression__type_support.cpp.o[0m
[652.282s] [ 52%] [32mBuilding CXX object CMakeFiles/px4_msgs__rosidl_typesupport_c.dir/rosidl_typesupport_c/px4_msgs/msg/generator_status__type_support.cpp.o[0m
[652.375s] [ 52%] [32mBuilding CXX object CMakeFiles/px4_msgs__rosidl_typesupport_c.dir/rosidl_typesupport_c/px4_msgs/msg/geofence_result__type_support.cpp.o[0m
[652.455s] [ 52%] [32mBuilding CXX object CMakeFiles/px4_msgs__rosidl_typesupport_c.dir/rosidl_typesupport_c/px4_msgs/msg/geofence_status__type_support.cpp.o[0m
[652.531s] [ 52%] [32mBuilding CXX object CMakeFiles/px4_msgs__rosidl_typesupport_c.dir/rosidl_typesupport_c/px4_msgs/msg/gimbal_controls__type_support.cpp.o[0m
[652.613s] [ 52%] [32mBuilding CXX object CMakeFiles/px4_msgs__rosidl_typesupport_c.dir/rosidl_typesupport_c/px4_msgs/msg/gimbal_device_attitude_status__type_support.cpp.o[0m
[652.694s] [ 52%] [32mBuilding CXX object CMakeFiles/px4_msgs__rosidl_typesupport_c.dir/rosidl_typesupport_c/px4_msgs/msg/gimbal_device_information__type_support.cpp.o[0m
[652.777s] [ 53%] [32mBuilding CXX object CMakeFiles/px4_msgs__rosidl_typesupport_c.dir/rosidl_typesupport_c/px4_msgs/msg/gimbal_device_set_attitude__type_support.cpp.o[0m
[652.858s] [ 53%] [32mBuilding CXX object CMakeFiles/px4_msgs__rosidl_typesupport_c.dir/rosidl_typesupport_c/px4_msgs/msg/gimbal_manager_information__type_support.cpp.o[0m
[652.936s] [ 53%] [32mBuilding CXX object CMakeFiles/px4_msgs__rosidl_typesupport_c.dir/rosidl_typesupport_c/px4_msgs/msg/gimbal_manager_set_attitude__type_support.cpp.o[0m
[653.028s] [ 53%] [32mBuilding CXX object CMakeFiles/px4_msgs__rosidl_typesupport_c.dir/rosidl_typesupport_c/px4_msgs/msg/gimbal_manager_set_manual_control__type_support.cpp.o[0m
[653.117s] [ 53%] [32mBuilding CXX object CMakeFiles/px4_msgs__rosidl_typesupport_c.dir/rosidl_typesupport_c/px4_msgs/msg/gimbal_manager_status__type_support.cpp.o[0m
[653.196s] [ 53%] [32mBuilding CXX object CMakeFiles/px4_msgs__rosidl_typesupport_c.dir/rosidl_typesupport_c/px4_msgs/msg/goto_setpoint__type_support.cpp.o[0m
[653.275s] [ 53%] [32mBuilding CXX object CMakeFiles/px4_msgs__rosidl_typesupport_c.dir/rosidl_typesupport_c/px4_msgs/msg/gpio_config__type_support.cpp.o[0m
[653.359s] [ 53%] [32mBuilding CXX object CMakeFiles/px4_msgs__rosidl_typesupport_c.dir/rosidl_typesupport_c/px4_msgs/msg/gpio_in__type_support.cpp.o[0m
[653.442s] [ 53%] [32mBuilding CXX object CMakeFiles/px4_msgs__rosidl_typesupport_c.dir/rosidl_typesupport_c/px4_msgs/msg/gpio_out__type_support.cpp.o[0m
[653.524s] [ 53%] [32mBuilding CXX object CMakeFiles/px4_msgs__rosidl_typesupport_c.dir/rosidl_typesupport_c/px4_msgs/msg/gpio_request__type_support.cpp.o[0m
[653.603s] [ 53%] [32mBuilding CXX object CMakeFiles/px4_msgs__rosidl_typesupport_c.dir/rosidl_typesupport_c/px4_msgs/msg/gps_dump__type_support.cpp.o[0m
[653.690s] [ 53%] [32mBuilding CXX object CMakeFiles/px4_msgs__rosidl_typesupport_c.dir/rosidl_typesupport_c/px4_msgs/msg/gps_inject_data__type_support.cpp.o[0m
[653.773s] [ 53%] [32mBuilding CXX object CMakeFiles/px4_msgs__rosidl_typesupport_c.dir/rosidl_typesupport_c/px4_msgs/msg/gripper__type_support.cpp.o[0m
[653.855s] [ 53%] [32mBuilding CXX object CMakeFiles/px4_msgs__rosidl_typesupport_c.dir/rosidl_typesupport_c/px4_msgs/msg/health_report__type_support.cpp.o[0m
[653.936s] [ 53%] [32mBuilding CXX object CMakeFiles/px4_msgs__rosidl_typesupport_c.dir/rosidl_typesupport_c/px4_msgs/msg/heater_status__type_support.cpp.o[0m
[654.023s] [ 53%] [32mBuilding CXX object CMakeFiles/px4_msgs__rosidl_typesupport_c.dir/rosidl_typesupport_c/px4_msgs/msg/home_position__type_support.cpp.o[0m
[654.102s] [ 53%] [32mBuilding CXX object CMakeFiles/px4_msgs__rosidl_typesupport_c.dir/rosidl_typesupport_c/px4_msgs/msg/hover_thrust_estimate__type_support.cpp.o[0m
[654.182s] [ 53%] [32mBuilding CXX object CMakeFiles/px4_msgs__rosidl_typesupport_c.dir/rosidl_typesupport_c/px4_msgs/msg/input_rc__type_support.cpp.o[0m
[654.260s] [ 53%] [32mBuilding CXX object CMakeFiles/px4_msgs__rosidl_typesupport_c.dir/rosidl_typesupport_c/px4_msgs/msg/internal_combustion_engine_control__type_support.cpp.o[0m
[654.347s] [ 53%] [32mBuilding CXX object CMakeFiles/px4_msgs__rosidl_typesupport_c.dir/rosidl_typesupport_c/px4_msgs/msg/internal_combustion_engine_status__type_support.cpp.o[0m
[654.427s] [ 53%] [32mBuilding CXX object CMakeFiles/px4_msgs__rosidl_typesupport_c.dir/rosidl_typesupport_c/px4_msgs/msg/iridiumsbd_status__type_support.cpp.o[0m
[654.516s] [ 53%] [32mBuilding CXX object CMakeFiles/px4_msgs__rosidl_typesupport_c.dir/rosidl_typesupport_c/px4_msgs/msg/irlock_report__type_support.cpp.o[0m
[654.598s] [ 53%] [32mBuilding CXX object CMakeFiles/px4_msgs__rosidl_typesupport_c.dir/rosidl_typesupport_c/px4_msgs/msg/landing_gear__type_support.cpp.o[0m
[654.680s] [ 53%] [32mBuilding CXX object CMakeFiles/px4_msgs__rosidl_typesupport_c.dir/rosidl_typesupport_c/px4_msgs/msg/landing_gear_wheel__type_support.cpp.o[0m
[654.764s] [ 53%] [32mBuilding CXX object CMakeFiles/px4_msgs__rosidl_typesupport_c.dir/rosidl_typesupport_c/px4_msgs/msg/landing_target_innovations__type_support.cpp.o[0m
[654.847s] [ 54%] [32mBuilding CXX object CMakeFiles/px4_msgs__rosidl_typesupport_c.dir/rosidl_typesupport_c/px4_msgs/msg/landing_target_pose__type_support.cpp.o[0m
[654.930s] [ 54%] [32mBuilding CXX object CMakeFiles/px4_msgs__rosidl_typesupport_c.dir/rosidl_typesupport_c/px4_msgs/msg/lateral_control_configuration__type_support.cpp.o[0m
[655.015s] [ 54%] [32mBuilding CXX object CMakeFiles/px4_msgs__rosidl_typesupport_c.dir/rosidl_typesupport_c/px4_msgs/msg/launch_detection_status__type_support.cpp.o[0m
[655.095s] [ 54%] [32mBuilding CXX object CMakeFiles/px4_msgs__rosidl_typesupport_c.dir/rosidl_typesupport_c/px4_msgs/msg/led_control__type_support.cpp.o[0m
[655.179s] [ 54%] [32mBuilding CXX object CMakeFiles/px4_msgs__rosidl_typesupport_c.dir/rosidl_typesupport_c/px4_msgs/msg/log_message__type_support.cpp.o[0m
[655.260s] [ 54%] [32mBuilding CXX object CMakeFiles/px4_msgs__rosidl_typesupport_c.dir/rosidl_typesupport_c/px4_msgs/msg/logger_status__type_support.cpp.o[0m
[655.336s] [ 54%] [32mBuilding CXX object CMakeFiles/px4_msgs__rosidl_typesupport_c.dir/rosidl_typesupport_c/px4_msgs/msg/longitudinal_control_configuration__type_support.cpp.o[0m
[655.413s] [ 54%] [32mBuilding CXX object CMakeFiles/px4_msgs__rosidl_typesupport_c.dir/rosidl_typesupport_c/px4_msgs/msg/mag_worker_data__type_support.cpp.o[0m
[655.491s] [ 54%] [32mBuilding CXX object CMakeFiles/px4_msgs__rosidl_typesupport_c.dir/rosidl_typesupport_c/px4_msgs/msg/magnetometer_bias_estimate__type_support.cpp.o[0m
[655.564s] [ 54%] [32mBuilding CXX object CMakeFiles/px4_msgs__rosidl_typesupport_c.dir/rosidl_typesupport_c/px4_msgs/msg/manual_control_setpoint__type_support.cpp.o[0m
[655.639s] [ 54%] [32mBuilding CXX object CMakeFiles/px4_msgs__rosidl_typesupport_c.dir/rosidl_typesupport_c/px4_msgs/msg/manual_control_switches__type_support.cpp.o[0m
[655.713s] [ 54%] [32mBuilding CXX object CMakeFiles/px4_msgs__rosidl_typesupport_c.dir/rosidl_typesupport_c/px4_msgs/msg/mavlink_log__type_support.cpp.o[0m
[655.800s] [ 54%] [32mBuilding CXX object CMakeFiles/px4_msgs__rosidl_typesupport_c.dir/rosidl_typesupport_c/px4_msgs/msg/mavlink_tunnel__type_support.cpp.o[0m
[655.882s] [ 54%] [32mBuilding CXX object CMakeFiles/px4_msgs__rosidl_typesupport_c.dir/rosidl_typesupport_c/px4_msgs/msg/message_format_request__type_support.cpp.o[0m
[655.964s] [ 54%] [32mBuilding CXX object CMakeFiles/px4_msgs__rosidl_typesupport_c.dir/rosidl_typesupport_c/px4_msgs/msg/message_format_response__type_support.cpp.o[0m
[656.041s] [ 54%] [32mBuilding CXX object CMakeFiles/px4_msgs__rosidl_typesupport_c.dir/rosidl_typesupport_c/px4_msgs/msg/mission__type_support.cpp.o[0m
[656.117s] [ 54%] [32mBuilding CXX object CMakeFiles/px4_msgs__rosidl_typesupport_c.dir/rosidl_typesupport_c/px4_msgs/msg/mission_result__type_support.cpp.o[0m
[656.195s] [ 54%] [32mBuilding CXX object CMakeFiles/px4_msgs__rosidl_typesupport_c.dir/rosidl_typesupport_c/px4_msgs/msg/mode_completed__type_support.cpp.o[0m
[656.274s] [ 54%] [32mBuilding CXX object CMakeFiles/px4_msgs__rosidl_typesupport_c.dir/rosidl_typesupport_c/px4_msgs/msg/mount_orientation__type_support.cpp.o[0m
[656.351s] [ 54%] [32mBuilding CXX object CMakeFiles/px4_msgs__rosidl_typesupport_c.dir/rosidl_typesupport_c/px4_msgs/msg/navigator_mission_item__type_support.cpp.o[0m
[656.428s] [ 54%] [32mBuilding CXX object CMakeFiles/px4_msgs__rosidl_typesupport_c.dir/rosidl_typesupport_c/px4_msgs/msg/navigator_status__type_support.cpp.o[0m
[656.506s] [ 54%] [32mBuilding CXX object CMakeFiles/px4_msgs__rosidl_typesupport_c.dir/rosidl_typesupport_c/px4_msgs/msg/neural_control__type_support.cpp.o[0m
[656.581s] [ 54%] [32mBuilding CXX object CMakeFiles/px4_msgs__rosidl_typesupport_c.dir/rosidl_typesupport_c/px4_msgs/msg/normalized_unsigned_setpoint__type_support.cpp.o[0m
[656.656s] [ 54%] [32mBuilding CXX object CMakeFiles/px4_msgs__rosidl_typesupport_c.dir/rosidl_typesupport_c/px4_msgs/msg/obstacle_distance__type_support.cpp.o[0m
[656.732s] [ 55%] [32mBuilding CXX object CMakeFiles/px4_msgs__rosidl_typesupport_c.dir/rosidl_typesupport_c/px4_msgs/msg/offboard_control_mode__type_support.cpp.o[0m
[656.813s] [ 55%] [32mBuilding CXX object CMakeFiles/px4_msgs__rosidl_typesupport_c.dir/rosidl_typesupport_c/px4_msgs/msg/onboard_computer_status__type_support.cpp.o[0m
[656.892s] [ 55%] [32mBuilding CXX object CMakeFiles/px4_msgs__rosidl_typesupport_c.dir/rosidl_typesupport_c/px4_msgs/msg/open_drone_id_arm_status__type_support.cpp.o[0m
[656.964s] [ 55%] [32mBuilding CXX object CMakeFiles/px4_msgs__rosidl_typesupport_c.dir/rosidl_typesupport_c/px4_msgs/msg/open_drone_id_operator_id__type_support.cpp.o[0m
[657.038s] [ 55%] [32mBuilding CXX object CMakeFiles/px4_msgs__rosidl_typesupport_c.dir/rosidl_typesupport_c/px4_msgs/msg/open_drone_id_self_id__type_support.cpp.o[0m
[657.113s] [ 55%] [32mBuilding CXX object CMakeFiles/px4_msgs__rosidl_typesupport_c.dir/rosidl_typesupport_c/px4_msgs/msg/open_drone_id_system__type_support.cpp.o[0m
[657.195s] [ 55%] [32mBuilding CXX object CMakeFiles/px4_msgs__rosidl_typesupport_c.dir/rosidl_typesupport_c/px4_msgs/msg/orb_test__type_support.cpp.o[0m
[657.284s] [ 55%] [32mBuilding CXX object CMakeFiles/px4_msgs__rosidl_typesupport_c.dir/rosidl_typesupport_c/px4_msgs/msg/orb_test_large__type_support.cpp.o[0m
[657.364s] [ 55%] [32mBuilding CXX object CMakeFiles/px4_msgs__rosidl_typesupport_c.dir/rosidl_typesupport_c/px4_msgs/msg/orb_test_medium__type_support.cpp.o[0m
[657.439s] [ 55%] [32mBuilding CXX object CMakeFiles/px4_msgs__rosidl_typesupport_c.dir/rosidl_typesupport_c/px4_msgs/msg/orbit_status__type_support.cpp.o[0m
[657.513s] [ 55%] [32mBuilding CXX object CMakeFiles/px4_msgs__rosidl_typesupport_c.dir/rosidl_typesupport_c/px4_msgs/msg/parameter_reset_request__type_support.cpp.o[0m
[657.598s] [ 55%] [32mBuilding CXX object CMakeFiles/px4_msgs__rosidl_typesupport_c.dir/rosidl_typesupport_c/px4_msgs/msg/parameter_set_used_request__type_support.cpp.o[0m
[657.675s] [ 55%] [32mBuilding CXX object CMakeFiles/px4_msgs__rosidl_typesupport_c.dir/rosidl_typesupport_c/px4_msgs/msg/parameter_set_value_request__type_support.cpp.o[0m
[657.751s] [ 55%] [32mBuilding CXX object CMakeFiles/px4_msgs__rosidl_typesupport_c.dir/rosidl_typesupport_c/px4_msgs/msg/parameter_set_value_response__type_support.cpp.o[0m
[657.832s] [ 55%] [32mBuilding CXX object CMakeFiles/px4_msgs__rosidl_typesupport_c.dir/rosidl_typesupport_c/px4_msgs/msg/parameter_update__type_support.cpp.o[0m
[657.914s] [ 55%] [32mBuilding CXX object CMakeFiles/px4_msgs__rosidl_typesupport_c.dir/rosidl_typesupport_c/px4_msgs/msg/ping__type_support.cpp.o[0m
[657.996s] [ 55%] [32mBuilding CXX object CMakeFiles/px4_msgs__rosidl_typesupport_c.dir/rosidl_typesupport_c/px4_msgs/msg/position_controller_landing_status__type_support.cpp.o[0m
[658.074s] [ 55%] [32mBuilding CXX object CMakeFiles/px4_msgs__rosidl_typesupport_c.dir/rosidl_typesupport_c/px4_msgs/msg/position_controller_status__type_support.cpp.o[0m
[658.152s] [ 55%] [32mBuilding CXX object CMakeFiles/px4_msgs__rosidl_typesupport_c.dir/rosidl_typesupport_c/px4_msgs/msg/position_setpoint__type_support.cpp.o[0m
[658.232s] [ 55%] [32mBuilding CXX object CMakeFiles/px4_msgs__rosidl_typesupport_c.dir/rosidl_typesupport_c/px4_msgs/msg/position_setpoint_triplet__type_support.cpp.o[0m
[658.315s] [ 55%] [32mBuilding CXX object CMakeFiles/px4_msgs__rosidl_typesupport_c.dir/rosidl_typesupport_c/px4_msgs/msg/power_button_state__type_support.cpp.o[0m
[658.393s] [ 55%] [32mBuilding CXX object CMakeFiles/px4_msgs__rosidl_typesupport_c.dir/rosidl_typesupport_c/px4_msgs/msg/power_monitor__type_support.cpp.o[0m
[658.468s] [ 55%] [32mBuilding CXX object CMakeFiles/px4_msgs__rosidl_typesupport_c.dir/rosidl_typesupport_c/px4_msgs/msg/pps_capture__type_support.cpp.o[0m
[658.552s] [ 55%] [32mBuilding CXX object CMakeFiles/px4_msgs__rosidl_typesupport_c.dir/rosidl_typesupport_c/px4_msgs/msg/pure_pursuit_status__type_support.cpp.o[0m
[658.634s] [ 55%] [32mBuilding CXX object CMakeFiles/px4_msgs__rosidl_typesupport_c.dir/rosidl_typesupport_c/px4_msgs/msg/pwm_input__type_support.cpp.o[0m
[658.716s] [ 56%] [32mBuilding CXX object CMakeFiles/px4_msgs__rosidl_typesupport_c.dir/rosidl_typesupport_c/px4_msgs/msg/px4io_status__type_support.cpp.o[0m
[658.802s] [ 56%] [32mBuilding CXX object CMakeFiles/px4_msgs__rosidl_typesupport_c.dir/rosidl_typesupport_c/px4_msgs/msg/qshell_req__type_support.cpp.o[0m
[658.885s] [ 56%] [32mBuilding CXX object CMakeFiles/px4_msgs__rosidl_typesupport_c.dir/rosidl_typesupport_c/px4_msgs/msg/qshell_retval__type_support.cpp.o[0m
[658.969s] [ 56%] [32mBuilding CXX object CMakeFiles/px4_msgs__rosidl_typesupport_c.dir/rosidl_typesupport_c/px4_msgs/msg/radio_status__type_support.cpp.o[0m
[659.054s] [ 56%] [32mBuilding CXX object CMakeFiles/px4_msgs__rosidl_typesupport_c.dir/rosidl_typesupport_c/px4_msgs/msg/raptor_input__type_support.cpp.o[0m
[659.136s] [ 56%] [32mBuilding CXX object CMakeFiles/px4_msgs__rosidl_typesupport_c.dir/rosidl_typesupport_c/px4_msgs/msg/raptor_status__type_support.cpp.o[0m
[659.219s] [ 56%] [32mBuilding CXX object CMakeFiles/px4_msgs__rosidl_typesupport_c.dir/rosidl_typesupport_c/px4_msgs/msg/rate_ctrl_status__type_support.cpp.o[0m
[659.301s] [ 56%] [32mBuilding CXX object CMakeFiles/px4_msgs__rosidl_typesupport_c.dir/rosidl_typesupport_c/px4_msgs/msg/rc_channels__type_support.cpp.o[0m
[659.386s] [ 56%] [32mBuilding CXX object CMakeFiles/px4_msgs__rosidl_typesupport_c.dir/rosidl_typesupport_c/px4_msgs/msg/rc_parameter_map__type_support.cpp.o[0m
[659.469s] [ 56%] [32mBuilding CXX object CMakeFiles/px4_msgs__rosidl_typesupport_c.dir/rosidl_typesupport_c/px4_msgs/msg/register_ext_component_reply__type_support.cpp.o[0m
[659.545s] [ 56%] [32mBuilding CXX object CMakeFiles/px4_msgs__rosidl_typesupport_c.dir/rosidl_typesupport_c/px4_msgs/msg/register_ext_component_request__type_support.cpp.o[0m
[659.631s] [ 56%] [32mBuilding CXX object CMakeFiles/px4_msgs__rosidl_typesupport_c.dir/rosidl_typesupport_c/px4_msgs/msg/rover_attitude_setpoint__type_support.cpp.o[0m
[659.717s] [ 56%] [32mBuilding CXX object CMakeFiles/px4_msgs__rosidl_typesupport_c.dir/rosidl_typesupport_c/px4_msgs/msg/rover_attitude_status__type_support.cpp.o[0m
[659.799s] [ 56%] [32mBuilding CXX object CMakeFiles/px4_msgs__rosidl_typesupport_c.dir/rosidl_typesupport_c/px4_msgs/msg/rover_position_setpoint__type_support.cpp.o[0m
[659.880s] [ 56%] [32mBuilding CXX object CMakeFiles/px4_msgs__rosidl_typesupport_c.dir/rosidl_typesupport_c/px4_msgs/msg/rover_rate_setpoint__type_support.cpp.o[0m
[659.957s] [ 56%] [32mBuilding CXX object CMakeFiles/px4_msgs__rosidl_typesupport_c.dir/rosidl_typesupport_c/px4_msgs/msg/rover_rate_status__type_support.cpp.o[0m
[660.036s] [ 56%] [32mBuilding CXX object CMakeFiles/px4_msgs__rosidl_typesupport_c.dir/rosidl_typesupport_c/px4_msgs/msg/rover_speed_setpoint__type_support.cpp.o[0m
[660.122s] [ 56%] [32mBuilding CXX object CMakeFiles/px4_msgs__rosidl_typesupport_c.dir/rosidl_typesupport_c/px4_msgs/msg/rover_speed_status__type_support.cpp.o[0m
[660.205s] [ 56%] [32mBuilding CXX object CMakeFiles/px4_msgs__rosidl_typesupport_c.dir/rosidl_typesupport_c/px4_msgs/msg/rover_steering_setpoint__type_support.cpp.o[0m
[660.287s] [ 56%] [32mBuilding CXX object CMakeFiles/px4_msgs__rosidl_typesupport_c.dir/rosidl_typesupport_c/px4_msgs/msg/rover_throttle_setpoint__type_support.cpp.o[0m
[660.368s] [ 56%] [32mBuilding CXX object CMakeFiles/px4_msgs__rosidl_typesupport_c.dir/rosidl_typesupport_c/px4_msgs/msg/rpm__type_support.cpp.o[0m
[660.452s] [ 56%] [32mBuilding CXX object CMakeFiles/px4_msgs__rosidl_typesupport_c.dir/rosidl_typesupport_c/px4_msgs/msg/rtl_status__type_support.cpp.o[0m
[660.539s] [ 56%] [32mBuilding CXX object CMakeFiles/px4_msgs__rosidl_typesupport_c.dir/rosidl_typesupport_c/px4_msgs/msg/rtl_time_estimate__type_support.cpp.o[0m
[660.622s] [ 56%] [32mBuilding CXX object CMakeFiles/px4_msgs__rosidl_typesupport_c.dir/rosidl_typesupport_c/px4_msgs/msg/satellite_info__type_support.cpp.o[0m
[660.700s] [ 57%] [32mBuilding CXX object CMakeFiles/px4_msgs__rosidl_typesupport_c.dir/rosidl_typesupport_c/px4_msgs/msg/sensor_accel__type_support.cpp.o[0m
[660.788s] [ 57%] [32mBuilding CXX object CMakeFiles/px4_msgs__rosidl_typesupport_c.dir/rosidl_typesupport_c/px4_msgs/msg/sensor_accel_fifo__type_support.cpp.o[0m
[660.864s] [ 57%] [32mBuilding CXX object CMakeFiles/px4_msgs__rosidl_typesupport_c.dir/rosidl_typesupport_c/px4_msgs/msg/sensor_airflow__type_support.cpp.o[0m
[660.938s] [ 57%] [32mBuilding CXX object CMakeFiles/px4_msgs__rosidl_typesupport_c.dir/rosidl_typesupport_c/px4_msgs/msg/sensor_baro__type_support.cpp.o[0m
[661.018s] [ 57%] [32mBuilding CXX object CMakeFiles/px4_msgs__rosidl_typesupport_c.dir/rosidl_typesupport_c/px4_msgs/msg/sensor_combined__type_support.cpp.o[0m
[661.090s] [ 57%] [32mBuilding CXX object CMakeFiles/px4_msgs__rosidl_typesupport_c.dir/rosidl_typesupport_c/px4_msgs/msg/sensor_correction__type_support.cpp.o[0m
[661.182s] [ 57%] [32mBuilding CXX object CMakeFiles/px4_msgs__rosidl_typesupport_c.dir/rosidl_typesupport_c/px4_msgs/msg/sensor_gnss_relative__type_support.cpp.o[0m
[661.267s] [ 57%] [32mBuilding CXX object CMakeFiles/px4_msgs__rosidl_typesupport_c.dir/rosidl_typesupport_c/px4_msgs/msg/sensor_gnss_status__type_support.cpp.o[0m
[661.347s] [ 57%] [32mBuilding CXX object CMakeFiles/px4_msgs__rosidl_typesupport_c.dir/rosidl_typesupport_c/px4_msgs/msg/sensor_gps__type_support.cpp.o[0m
[661.429s] [ 57%] [32mBuilding CXX object CMakeFiles/px4_msgs__rosidl_typesupport_c.dir/rosidl_typesupport_c/px4_msgs/msg/sensor_gyro__type_support.cpp.o[0m
[661.527s] [ 57%] [32mBuilding CXX object CMakeFiles/px4_msgs__rosidl_typesupport_c.dir/rosidl_typesupport_c/px4_msgs/msg/sensor_gyro_fft__type_support.cpp.o[0m
[661.611s] [ 57%] [32mBuilding CXX object CMakeFiles/px4_msgs__rosidl_typesupport_c.dir/rosidl_typesupport_c/px4_msgs/msg/sensor_gyro_fifo__type_support.cpp.o[0m
[661.690s] [ 57%] [32mBuilding CXX object CMakeFiles/px4_msgs__rosidl_typesupport_c.dir/rosidl_typesupport_c/px4_msgs/msg/sensor_hygrometer__type_support.cpp.o[0m
[661.774s] [ 57%] [32mBuilding CXX object CMakeFiles/px4_msgs__rosidl_typesupport_c.dir/rosidl_typesupport_c/px4_msgs/msg/sensor_mag__type_support.cpp.o[0m
[661.855s] [ 57%] [32mBuilding CXX object CMakeFiles/px4_msgs__rosidl_typesupport_c.dir/rosidl_typesupport_c/px4_msgs/msg/sensor_optical_flow__type_support.cpp.o[0m
[661.937s] [ 57%] [32mBuilding CXX object CMakeFiles/px4_msgs__rosidl_typesupport_c.dir/rosidl_typesupport_c/px4_msgs/msg/sensor_preflight_mag__type_support.cpp.o[0m
[662.019s] [ 57%] [32mBuilding CXX object CMakeFiles/px4_msgs__rosidl_typesupport_c.dir/rosidl_typesupport_c/px4_msgs/msg/sensor_selection__type_support.cpp.o[0m
[662.102s] [ 57%] [32mBuilding CXX object CMakeFiles/px4_msgs__rosidl_typesupport_c.dir/rosidl_typesupport_c/px4_msgs/msg/sensor_temp__type_support.cpp.o[0m
[662.186s] [ 57%] [32mBuilding CXX object CMakeFiles/px4_msgs__rosidl_typesupport_c.dir/rosidl_typesupport_c/px4_msgs/msg/sensor_uwb__type_support.cpp.o[0m
[662.269s] [ 57%] [32mBuilding CXX object CMakeFiles/px4_msgs__rosidl_typesupport_c.dir/rosidl_typesupport_c/px4_msgs/msg/sensors_status__type_support.cpp.o[0m
[662.351s] [ 57%] [32mBuilding CXX object CMakeFiles/px4_msgs__rosidl_typesupport_c.dir/rosidl_typesupport_c/px4_msgs/msg/sensors_status_imu__type_support.cpp.o[0m
[662.435s] [ 57%] [32mBuilding CXX object CMakeFiles/px4_msgs__rosidl_typesupport_c.dir/rosidl_typesupport_c/px4_msgs/msg/system_power__type_support.cpp.o[0m
[662.518s] [ 57%] [32mBuilding CXX object CMakeFiles/px4_msgs__rosidl_typesupport_c.dir/rosidl_typesupport_c/px4_msgs/msg/takeoff_status__type_support.cpp.o[0m
[662.600s] [ 57%] [32mBuilding CXX object CMakeFiles/px4_msgs__rosidl_typesupport_c.dir/rosidl_typesupport_c/px4_msgs/msg/task_stack_info__type_support.cpp.o[0m
[662.680s] [ 57%] [32mBuilding CXX object CMakeFiles/px4_msgs__rosidl_typesupport_c.dir/rosidl_typesupport_c/px4_msgs/msg/tecs_status__type_support.cpp.o[0m
[662.762s] [ 58%] [32mBuilding CXX object CMakeFiles/px4_msgs__rosidl_typesupport_c.dir/rosidl_typesupport_c/px4_msgs/msg/telemetry_status__type_support.cpp.o[0m
[662.843s] [ 58%] [32mBuilding CXX object CMakeFiles/px4_msgs__rosidl_typesupport_c.dir/rosidl_typesupport_c/px4_msgs/msg/tiltrotor_extra_controls__type_support.cpp.o[0m
[662.926s] [ 58%] [32mBuilding CXX object CMakeFiles/px4_msgs__rosidl_typesupport_c.dir/rosidl_typesupport_c/px4_msgs/msg/timesync_status__type_support.cpp.o[0m
[663.010s] [ 58%] [32mBuilding CXX object CMakeFiles/px4_msgs__rosidl_typesupport_c.dir/rosidl_typesupport_c/px4_msgs/msg/trajectory_setpoint__type_support.cpp.o[0m
[663.088s] [ 58%] [32mBuilding CXX object CMakeFiles/px4_msgs__rosidl_typesupport_c.dir/rosidl_typesupport_c/px4_msgs/msg/trajectory_setpoint6dof__type_support.cpp.o[0m
[663.167s] [ 58%] [32mBuilding CXX object CMakeFiles/px4_msgs__rosidl_typesupport_c.dir/rosidl_typesupport_c/px4_msgs/msg/transponder_report__type_support.cpp.o[0m
[663.251s] [ 58%] [32mBuilding CXX object CMakeFiles/px4_msgs__rosidl_typesupport_c.dir/rosidl_typesupport_c/px4_msgs/msg/tune_control__type_support.cpp.o[0m
[663.332s] [ 58%] [32mBuilding CXX object CMakeFiles/px4_msgs__rosidl_typesupport_c.dir/rosidl_typesupport_c/px4_msgs/msg/uavcan_parameter_request__type_support.cpp.o[0m
[663.411s] [ 58%] [32mBuilding CXX object CMakeFiles/px4_msgs__rosidl_typesupport_c.dir/rosidl_typesupport_c/px4_msgs/msg/uavcan_parameter_value__type_support.cpp.o[0m
[663.492s] [ 58%] [32mBuilding CXX object CMakeFiles/px4_msgs__rosidl_typesupport_c.dir/rosidl_typesupport_c/px4_msgs/msg/ulog_stream__type_support.cpp.o[0m
[663.568s] [ 58%] [32mBuilding CXX object CMakeFiles/px4_msgs__rosidl_typesupport_c.dir/rosidl_typesupport_c/px4_msgs/msg/ulog_stream_ack__type_support.cpp.o[0m
[663.654s] [ 58%] [32mBuilding CXX object CMakeFiles/px4_msgs__rosidl_typesupport_c.dir/rosidl_typesupport_c/px4_msgs/msg/unregister_ext_component__type_support.cpp.o[0m
[663.743s] [ 58%] [32mBuilding CXX object CMakeFiles/px4_msgs__rosidl_typesupport_c.dir/rosidl_typesupport_c/px4_msgs/msg/vehicle_acceleration__type_support.cpp.o[0m
[663.827s] [ 58%] [32mBuilding CXX object CMakeFiles/px4_msgs__rosidl_typesupport_c.dir/rosidl_typesupport_c/px4_msgs/msg/vehicle_air_data__type_support.cpp.o[0m
[663.919s] [ 58%] [32mBuilding CXX object CMakeFiles/px4_msgs__rosidl_typesupport_c.dir/rosidl_typesupport_c/px4_msgs/msg/vehicle_angular_acceleration_setpoint__type_support.cpp.o[0m
[664.000s] [ 58%] [32mBuilding CXX object CMakeFiles/px4_msgs__rosidl_typesupport_c.dir/rosidl_typesupport_c/px4_msgs/msg/vehicle_angular_velocity__type_support.cpp.o[0m
[664.076s] [ 58%] [32mBuilding CXX object CMakeFiles/px4_msgs__rosidl_typesupport_c.dir/rosidl_typesupport_c/px4_msgs/msg/vehicle_attitude__type_support.cpp.o[0m
[664.156s] [ 58%] [32mBuilding CXX object CMakeFiles/px4_msgs__rosidl_typesupport_c.dir/rosidl_typesupport_c/px4_msgs/msg/vehicle_attitude_setpoint__type_support.cpp.o[0m
[664.235s] [ 58%] [32mBuilding CXX object CMakeFiles/px4_msgs__rosidl_typesupport_c.dir/rosidl_typesupport_c/px4_msgs/msg/vehicle_command__type_support.cpp.o[0m
[664.326s] [ 58%] [32mBuilding CXX object CMakeFiles/px4_msgs__rosidl_typesupport_c.dir/rosidl_typesupport_c/px4_msgs/msg/vehicle_command_ack__type_support.cpp.o[0m
[664.405s] [ 58%] [32mBuilding CXX object CMakeFiles/px4_msgs__rosidl_typesupport_c.dir/rosidl_typesupport_c/px4_msgs/msg/vehicle_constraints__type_support.cpp.o[0m
[664.485s] [ 58%] [32mBuilding CXX object CMakeFiles/px4_msgs__rosidl_typesupport_c.dir/rosidl_typesupport_c/px4_msgs/msg/vehicle_control_mode__type_support.cpp.o[0m
[664.565s] [ 58%] [32mBuilding CXX object CMakeFiles/px4_msgs__rosidl_typesupport_c.dir/rosidl_typesupport_c/px4_msgs/msg/vehicle_global_position__type_support.cpp.o[0m
[664.656s] [ 58%] [32mBuilding CXX object CMakeFiles/px4_msgs__rosidl_typesupport_c.dir/rosidl_typesupport_c/px4_msgs/msg/vehicle_imu__type_support.cpp.o[0m
[664.736s] [ 59%] [32mBuilding CXX object CMakeFiles/px4_msgs__rosidl_typesupport_c.dir/rosidl_typesupport_c/px4_msgs/msg/vehicle_imu_status__type_support.cpp.o[0m
[664.822s] [ 59%] [32mBuilding CXX object CMakeFiles/px4_msgs__rosidl_typesupport_c.dir/rosidl_typesupport_c/px4_msgs/msg/vehicle_land_detected__type_support.cpp.o[0m
[664.903s] [ 59%] [32mBuilding CXX object CMakeFiles/px4_msgs__rosidl_typesupport_c.dir/rosidl_typesupport_c/px4_msgs/msg/vehicle_local_position__type_support.cpp.o[0m
[664.993s] [ 59%] [32mBuilding CXX object CMakeFiles/px4_msgs__rosidl_typesupport_c.dir/rosidl_typesupport_c/px4_msgs/msg/vehicle_local_position_setpoint__type_support.cpp.o[0m
[665.074s] [ 59%] [32mBuilding CXX object CMakeFiles/px4_msgs__rosidl_typesupport_c.dir/rosidl_typesupport_c/px4_msgs/msg/vehicle_magnetometer__type_support.cpp.o[0m
[665.155s] [ 59%] [32mBuilding CXX object CMakeFiles/px4_msgs__rosidl_typesupport_c.dir/rosidl_typesupport_c/px4_msgs/msg/vehicle_odometry__type_support.cpp.o[0m
[665.239s] [ 59%] [32mBuilding CXX object CMakeFiles/px4_msgs__rosidl_typesupport_c.dir/rosidl_typesupport_c/px4_msgs/msg/vehicle_optical_flow__type_support.cpp.o[0m
[665.325s] [ 59%] [32mBuilding CXX object CMakeFiles/px4_msgs__rosidl_typesupport_c.dir/rosidl_typesupport_c/px4_msgs/msg/vehicle_optical_flow_vel__type_support.cpp.o[0m
[665.401s] [ 59%] [32mBuilding CXX object CMakeFiles/px4_msgs__rosidl_typesupport_c.dir/rosidl_typesupport_c/px4_msgs/msg/vehicle_rates_setpoint__type_support.cpp.o[0m
[665.476s] [ 59%] [32mBuilding CXX object CMakeFiles/px4_msgs__rosidl_typesupport_c.dir/rosidl_typesupport_c/px4_msgs/msg/vehicle_roi__type_support.cpp.o[0m
[665.552s] [ 59%] [32mBuilding CXX object CMakeFiles/px4_msgs__rosidl_typesupport_c.dir/rosidl_typesupport_c/px4_msgs/msg/vehicle_status__type_support.cpp.o[0m
[665.636s] [ 59%] [32mBuilding CXX object CMakeFiles/px4_msgs__rosidl_typesupport_c.dir/rosidl_typesupport_c/px4_msgs/msg/vehicle_thrust_setpoint__type_support.cpp.o[0m
[665.722s] [ 59%] [32mBuilding CXX object CMakeFiles/px4_msgs__rosidl_typesupport_c.dir/rosidl_typesupport_c/px4_msgs/msg/vehicle_torque_setpoint__type_support.cpp.o[0m
[665.809s] [ 59%] [32mBuilding CXX object CMakeFiles/px4_msgs__rosidl_typesupport_c.dir/rosidl_typesupport_c/px4_msgs/msg/velocity_limits__type_support.cpp.o[0m
[665.886s] [ 59%] [32mBuilding CXX object CMakeFiles/px4_msgs__rosidl_typesupport_c.dir/rosidl_typesupport_c/px4_msgs/msg/vtol_vehicle_status__type_support.cpp.o[0m
[665.966s] [ 59%] [32mBuilding CXX object CMakeFiles/px4_msgs__rosidl_typesupport_c.dir/rosidl_typesupport_c/px4_msgs/msg/vtx__type_support.cpp.o[0m
[666.050s] [ 59%] [32mBuilding CXX object CMakeFiles/px4_msgs__rosidl_typesupport_c.dir/rosidl_typesupport_c/px4_msgs/msg/wheel_encoders__type_support.cpp.o[0m
[666.125s] [ 59%] [32mBuilding CXX object CMakeFiles/px4_msgs__rosidl_typesupport_c.dir/rosidl_typesupport_c/px4_msgs/msg/wind__type_support.cpp.o[0m
[666.203s] [ 59%] [32mBuilding CXX object CMakeFiles/px4_msgs__rosidl_typesupport_c.dir/rosidl_typesupport_c/px4_msgs/msg/yaw_estimator_status__type_support.cpp.o[0m
[666.282s] [ 59%] [32mBuilding CXX object CMakeFiles/px4_msgs__rosidl_typesupport_c.dir/rosidl_typesupport_c/px4_msgs/srv/vehicle_command__type_support.cpp.o[0m
[666.374s] [ 59%] [32m[1mLinking CXX shared library libpx4_msgs__rosidl_typesupport_c.so[0m
[666.555s] [ 59%] Built target px4_msgs__rosidl_typesupport_c
[666.601s] [ 59%] [34m[1mGenerating C++ introspection for ROS interfaces[0m
[736.302s] [ 59%] [32mBuilding CXX object CMakeFiles/px4_msgs__rosidl_typesupport_introspection_cpp.dir/rosidl_typesupport_introspection_cpp/px4_msgs/msg/detail/action_request__type_support.cpp.o[0m
[736.829s] [ 59%] [32mBuilding CXX object CMakeFiles/px4_msgs__rosidl_typesupport_introspection_cpp.dir/rosidl_typesupport_introspection_cpp/px4_msgs/msg/detail/actuator_armed__type_support.cpp.o[0m
[737.349s] [ 59%] [32mBuilding CXX object CMakeFiles/px4_msgs__rosidl_typesupport_introspection_cpp.dir/rosidl_typesupport_introspection_cpp/px4_msgs/msg/detail/actuator_controls_status__type_support.cpp.o[0m
[737.897s] [ 59%] [32mBuilding CXX object CMakeFiles/px4_msgs__rosidl_typesupport_introspection_cpp.dir/rosidl_typesupport_introspection_cpp/px4_msgs/msg/detail/actuator_motors__type_support.cpp.o[0m
[738.419s] [ 60%] [32mBuilding CXX object CMakeFiles/px4_msgs__rosidl_typesupport_introspection_cpp.dir/rosidl_typesupport_introspection_cpp/px4_msgs/msg/detail/actuator_outputs__type_support.cpp.o[0m
[738.942s] [ 60%] [32mBuilding CXX object CMakeFiles/px4_msgs__rosidl_typesupport_introspection_cpp.dir/rosidl_typesupport_introspection_cpp/px4_msgs/msg/detail/actuator_servos__type_support.cpp.o[0m
[739.476s] [ 60%] [32mBuilding CXX object CMakeFiles/px4_msgs__rosidl_typesupport_introspection_cpp.dir/rosidl_typesupport_introspection_cpp/px4_msgs/msg/detail/actuator_servos_trim__type_support.cpp.o[0m
[740.007s] [ 60%] [32mBuilding CXX object CMakeFiles/px4_msgs__rosidl_typesupport_introspection_cpp.dir/rosidl_typesupport_introspection_cpp/px4_msgs/msg/detail/actuator_test__type_support.cpp.o[0m
[740.542s] [ 60%] [32mBuilding CXX object CMakeFiles/px4_msgs__rosidl_typesupport_introspection_cpp.dir/rosidl_typesupport_introspection_cpp/px4_msgs/msg/detail/adc_report__type_support.cpp.o[0m
[741.075s] [ 60%] [32mBuilding CXX object CMakeFiles/px4_msgs__rosidl_typesupport_introspection_cpp.dir/rosidl_typesupport_introspection_cpp/px4_msgs/msg/detail/airspeed__type_support.cpp.o[0m
[741.662s] [ 60%] [32mBuilding CXX object CMakeFiles/px4_msgs__rosidl_typesupport_introspection_cpp.dir/rosidl_typesupport_introspection_cpp/px4_msgs/msg/detail/airspeed_validated__type_support.cpp.o[0m
[742.253s] [ 60%] [32mBuilding CXX object CMakeFiles/px4_msgs__rosidl_typesupport_introspection_cpp.dir/rosidl_typesupport_introspection_cpp/px4_msgs/msg/detail/airspeed_wind__type_support.cpp.o[0m
[742.822s] [ 60%] [32mBuilding CXX object CMakeFiles/px4_msgs__rosidl_typesupport_introspection_cpp.dir/rosidl_typesupport_introspection_cpp/px4_msgs/msg/detail/arming_check_reply__type_support.cpp.o[0m
[743.400s] [ 60%] [32mBuilding CXX object CMakeFiles/px4_msgs__rosidl_typesupport_introspection_cpp.dir/rosidl_typesupport_introspection_cpp/px4_msgs/msg/detail/arming_check_request__type_support.cpp.o[0m
[743.960s] [ 60%] [32mBuilding CXX object CMakeFiles/px4_msgs__rosidl_typesupport_introspection_cpp.dir/rosidl_typesupport_introspection_cpp/px4_msgs/msg/detail/autotune_attitude_control_status__type_support.cpp.o[0m
[744.508s] [ 60%] [32mBuilding CXX object CMakeFiles/px4_msgs__rosidl_typesupport_introspection_cpp.dir/rosidl_typesupport_introspection_cpp/px4_msgs/msg/detail/battery_info__type_support.cpp.o[0m
[745.061s] [ 60%] [32mBuilding CXX object CMakeFiles/px4_msgs__rosidl_typesupport_introspection_cpp.dir/rosidl_typesupport_introspection_cpp/px4_msgs/msg/detail/battery_status__type_support.cpp.o[0m
[745.632s] [ 60%] [32mBuilding CXX object CMakeFiles/px4_msgs__rosidl_typesupport_introspection_cpp.dir/rosidl_typesupport_introspection_cpp/px4_msgs/msg/detail/button_event__type_support.cpp.o[0m
[746.160s] [ 60%] [32mBuilding CXX object CMakeFiles/px4_msgs__rosidl_typesupport_introspection_cpp.dir/rosidl_typesupport_introspection_cpp/px4_msgs/msg/detail/camera_capture__type_support.cpp.o[0m
[746.711s] [ 60%] [32mBuilding CXX object CMakeFiles/px4_msgs__rosidl_typesupport_introspection_cpp.dir/rosidl_typesupport_introspection_cpp/px4_msgs/msg/detail/camera_status__type_support.cpp.o[0m
[747.228s] [ 60%] [32mBuilding CXX object CMakeFiles/px4_msgs__rosidl_typesupport_introspection_cpp.dir/rosidl_typesupport_introspection_cpp/px4_msgs/msg/detail/camera_trigger__type_support.cpp.o[0m
[747.739s] [ 60%] [32mBuilding CXX object CMakeFiles/px4_msgs__rosidl_typesupport_introspection_cpp.dir/rosidl_typesupport_introspection_cpp/px4_msgs/msg/detail/can_interface_status__type_support.cpp.o[0m
[748.262s] [ 60%] [32mBuilding CXX object CMakeFiles/px4_msgs__rosidl_typesupport_introspection_cpp.dir/rosidl_typesupport_introspection_cpp/px4_msgs/msg/detail/cellular_status__type_support.cpp.o[0m
[748.789s] [ 60%] [32mBuilding CXX object CMakeFiles/px4_msgs__rosidl_typesupport_introspection_cpp.dir/rosidl_typesupport_introspection_cpp/px4_msgs/msg/detail/collision_constraints__type_support.cpp.o[0m
[749.322s] [ 60%] [32mBuilding CXX object CMakeFiles/px4_msgs__rosidl_typesupport_introspection_cpp.dir/rosidl_typesupport_introspection_cpp/px4_msgs/msg/detail/config_overrides__type_support.cpp.o[0m
[749.840s] [ 60%] [32mBuilding CXX object CMakeFiles/px4_msgs__rosidl_typesupport_introspection_cpp.dir/rosidl_typesupport_introspection_cpp/px4_msgs/msg/detail/control_allocator_status__type_support.cpp.o[0m
[750.388s] [ 60%] [32mBuilding CXX object CMakeFiles/px4_msgs__rosidl_typesupport_introspection_cpp.dir/rosidl_typesupport_introspection_cpp/px4_msgs/msg/detail/cpuload__type_support.cpp.o[0m
[750.900s] [ 60%] [32mBuilding CXX object CMakeFiles/px4_msgs__rosidl_typesupport_introspection_cpp.dir/rosidl_typesupport_introspection_cpp/px4_msgs/msg/detail/dataman_request__type_support.cpp.o[0m
[751.436s] [ 60%] [32mBuilding CXX object CMakeFiles/px4_msgs__rosidl_typesupport_introspection_cpp.dir/rosidl_typesupport_introspection_cpp/px4_msgs/msg/detail/dataman_response__type_support.cpp.o[0m
[752.001s] [ 61%] [32mBuilding CXX object CMakeFiles/px4_msgs__rosidl_typesupport_introspection_cpp.dir/rosidl_typesupport_introspection_cpp/px4_msgs/msg/detail/debug_array__type_support.cpp.o[0m
[752.561s] [ 61%] [32mBuilding CXX object CMakeFiles/px4_msgs__rosidl_typesupport_introspection_cpp.dir/rosidl_typesupport_introspection_cpp/px4_msgs/msg/detail/debug_key_value__type_support.cpp.o[0m
[753.103s] [ 61%] [32mBuilding CXX object CMakeFiles/px4_msgs__rosidl_typesupport_introspection_cpp.dir/rosidl_typesupport_introspection_cpp/px4_msgs/msg/detail/debug_value__type_support.cpp.o[0m
[753.666s] [ 61%] [32mBuilding CXX object CMakeFiles/px4_msgs__rosidl_typesupport_introspection_cpp.dir/rosidl_typesupport_introspection_cpp/px4_msgs/msg/detail/debug_vect__type_support.cpp.o[0m
[754.219s] [ 61%] [32mBuilding CXX object CMakeFiles/px4_msgs__rosidl_typesupport_introspection_cpp.dir/rosidl_typesupport_introspection_cpp/px4_msgs/msg/detail/device_information__type_support.cpp.o[0m
[754.814s] [ 61%] [32mBuilding CXX object CMakeFiles/px4_msgs__rosidl_typesupport_introspection_cpp.dir/rosidl_typesupport_introspection_cpp/px4_msgs/msg/detail/differential_pressure__type_support.cpp.o[0m
[755.397s] [ 61%] [32mBuilding CXX object CMakeFiles/px4_msgs__rosidl_typesupport_introspection_cpp.dir/rosidl_typesupport_introspection_cpp/px4_msgs/msg/detail/distance_sensor__type_support.cpp.o[0m
[755.968s] [ 61%] [32mBuilding CXX object CMakeFiles/px4_msgs__rosidl_typesupport_introspection_cpp.dir/rosidl_typesupport_introspection_cpp/px4_msgs/msg/detail/distance_sensor_mode_change_request__type_support.cpp.o[0m
[756.504s] [ 61%] [32mBuilding CXX object CMakeFiles/px4_msgs__rosidl_typesupport_introspection_cpp.dir/rosidl_typesupport_introspection_cpp/px4_msgs/msg/detail/dronecan_node_status__type_support.cpp.o[0m
[757.040s] [ 61%] [32mBuilding CXX object CMakeFiles/px4_msgs__rosidl_typesupport_introspection_cpp.dir/rosidl_typesupport_introspection_cpp/px4_msgs/msg/detail/ekf2_timestamps__type_support.cpp.o[0m
[757.600s] [ 61%] [32mBuilding CXX object CMakeFiles/px4_msgs__rosidl_typesupport_introspection_cpp.dir/rosidl_typesupport_introspection_cpp/px4_msgs/msg/detail/esc_report__type_support.cpp.o[0m
[758.122s] [ 61%] [32mBuilding CXX object CMakeFiles/px4_msgs__rosidl_typesupport_introspection_cpp.dir/rosidl_typesupport_introspection_cpp/px4_msgs/msg/detail/esc_status__type_support.cpp.o[0m
[758.659s] [ 61%] [32mBuilding CXX object CMakeFiles/px4_msgs__rosidl_typesupport_introspection_cpp.dir/rosidl_typesupport_introspection_cpp/px4_msgs/msg/detail/estimator_aid_source1d__type_support.cpp.o[0m
[759.202s] [ 61%] [32mBuilding CXX object CMakeFiles/px4_msgs__rosidl_typesupport_introspection_cpp.dir/rosidl_typesupport_introspection_cpp/px4_msgs/msg/detail/estimator_aid_source2d__type_support.cpp.o[0m
[759.774s] [ 61%] [32mBuilding CXX object CMakeFiles/px4_msgs__rosidl_typesupport_introspection_cpp.dir/rosidl_typesupport_introspection_cpp/px4_msgs/msg/detail/estimator_aid_source3d__type_support.cpp.o[0m
[760.338s] [ 61%] [32mBuilding CXX object CMakeFiles/px4_msgs__rosidl_typesupport_introspection_cpp.dir/rosidl_typesupport_introspection_cpp/px4_msgs/msg/detail/estimator_bias__type_support.cpp.o[0m
[760.873s] [ 61%] [32mBuilding CXX object CMakeFiles/px4_msgs__rosidl_typesupport_introspection_cpp.dir/rosidl_typesupport_introspection_cpp/px4_msgs/msg/detail/estimator_bias3d__type_support.cpp.o[0m
[761.429s] [ 61%] [32mBuilding CXX object CMakeFiles/px4_msgs__rosidl_typesupport_introspection_cpp.dir/rosidl_typesupport_introspection_cpp/px4_msgs/msg/detail/estimator_event_flags__type_support.cpp.o[0m
[761.943s] [ 61%] [32mBuilding CXX object CMakeFiles/px4_msgs__rosidl_typesupport_introspection_cpp.dir/rosidl_typesupport_introspection_cpp/px4_msgs/msg/detail/estimator_gps_status__type_support.cpp.o[0m
[762.486s] [ 61%] [32mBuilding CXX object CMakeFiles/px4_msgs__rosidl_typesupport_introspection_cpp.dir/rosidl_typesupport_introspection_cpp/px4_msgs/msg/detail/estimator_innovations__type_support.cpp.o[0m
[763.085s] [ 61%] [32mBuilding CXX object CMakeFiles/px4_msgs__rosidl_typesupport_introspection_cpp.dir/rosidl_typesupport_introspection_cpp/px4_msgs/msg/detail/estimator_selector_status__type_support.cpp.o[0m
[763.654s] [ 61%] [32mBuilding CXX object CMakeFiles/px4_msgs__rosidl_typesupport_introspection_cpp.dir/rosidl_typesupport_introspection_cpp/px4_msgs/msg/detail/estimator_sensor_bias__type_support.cpp.o[0m
[764.273s] [ 61%] [32mBuilding CXX object CMakeFiles/px4_msgs__rosidl_typesupport_introspection_cpp.dir/rosidl_typesupport_introspection_cpp/px4_msgs/msg/detail/estimator_states__type_support.cpp.o[0m
[764.858s] [ 61%] [32mBuilding CXX object CMakeFiles/px4_msgs__rosidl_typesupport_introspection_cpp.dir/rosidl_typesupport_introspection_cpp/px4_msgs/msg/detail/estimator_status__type_support.cpp.o[0m
[765.413s] [ 62%] [32mBuilding CXX object CMakeFiles/px4_msgs__rosidl_typesupport_introspection_cpp.dir/rosidl_typesupport_introspection_cpp/px4_msgs/msg/detail/estimator_status_flags__type_support.cpp.o[0m
[766.002s] [ 62%] [32mBuilding CXX object CMakeFiles/px4_msgs__rosidl_typesupport_introspection_cpp.dir/rosidl_typesupport_introspection_cpp/px4_msgs/msg/detail/event__type_support.cpp.o[0m
[766.634s] [ 62%] [32mBuilding CXX object CMakeFiles/px4_msgs__rosidl_typesupport_introspection_cpp.dir/rosidl_typesupport_introspection_cpp/px4_msgs/msg/detail/failsafe_flags__type_support.cpp.o[0m
[767.188s] [ 62%] [32mBuilding CXX object CMakeFiles/px4_msgs__rosidl_typesupport_introspection_cpp.dir/rosidl_typesupport_introspection_cpp/px4_msgs/msg/detail/failure_detector_status__type_support.cpp.o[0m
[767.725s] [ 62%] [32mBuilding CXX object CMakeFiles/px4_msgs__rosidl_typesupport_introspection_cpp.dir/rosidl_typesupport_introspection_cpp/px4_msgs/msg/detail/figure_eight_status__type_support.cpp.o[0m
[768.256s] [ 62%] [32mBuilding CXX object CMakeFiles/px4_msgs__rosidl_typesupport_introspection_cpp.dir/rosidl_typesupport_introspection_cpp/px4_msgs/msg/detail/fixed_wing_lateral_guidance_status__type_support.cpp.o[0m
[768.788s] [ 62%] [32mBuilding CXX object CMakeFiles/px4_msgs__rosidl_typesupport_introspection_cpp.dir/rosidl_typesupport_introspection_cpp/px4_msgs/msg/detail/fixed_wing_lateral_setpoint__type_support.cpp.o[0m
[769.335s] [ 62%] [32mBuilding CXX object CMakeFiles/px4_msgs__rosidl_typesupport_introspection_cpp.dir/rosidl_typesupport_introspection_cpp/px4_msgs/msg/detail/fixed_wing_lateral_status__type_support.cpp.o[0m
[769.880s] [ 62%] [32mBuilding CXX object CMakeFiles/px4_msgs__rosidl_typesupport_introspection_cpp.dir/rosidl_typesupport_introspection_cpp/px4_msgs/msg/detail/fixed_wing_longitudinal_setpoint__type_support.cpp.o[0m
[770.401s] [ 62%] [32mBuilding CXX object CMakeFiles/px4_msgs__rosidl_typesupport_introspection_cpp.dir/rosidl_typesupport_introspection_cpp/px4_msgs/msg/detail/fixed_wing_runway_control__type_support.cpp.o[0m
[770.967s] [ 62%] [32mBuilding CXX object CMakeFiles/px4_msgs__rosidl_typesupport_introspection_cpp.dir/rosidl_typesupport_introspection_cpp/px4_msgs/msg/detail/flight_phase_estimation__type_support.cpp.o[0m
[771.517s] [ 62%] [32mBuilding CXX object CMakeFiles/px4_msgs__rosidl_typesupport_introspection_cpp.dir/rosidl_typesupport_introspection_cpp/px4_msgs/msg/detail/follow_target__type_support.cpp.o[0m
[772.082s] [ 62%] [32mBuilding CXX object CMakeFiles/px4_msgs__rosidl_typesupport_introspection_cpp.dir/rosidl_typesupport_introspection_cpp/px4_msgs/msg/detail/follow_target_estimator__type_support.cpp.o[0m
[772.667s] [ 62%] [32mBuilding CXX object CMakeFiles/px4_msgs__rosidl_typesupport_introspection_cpp.dir/rosidl_typesupport_introspection_cpp/px4_msgs/msg/detail/follow_target_status__type_support.cpp.o[0m
[773.234s] [ 62%] [32mBuilding CXX object CMakeFiles/px4_msgs__rosidl_typesupport_introspection_cpp.dir/rosidl_typesupport_introspection_cpp/px4_msgs/msg/detail/fuel_tank_status__type_support.cpp.o[0m
[773.801s] [ 62%] [32mBuilding CXX object CMakeFiles/px4_msgs__rosidl_typesupport_introspection_cpp.dir/rosidl_typesupport_introspection_cpp/px4_msgs/msg/detail/gain_compression__type_support.cpp.o[0m
[774.368s] [ 62%] [32mBuilding CXX object CMakeFiles/px4_msgs__rosidl_typesupport_introspection_cpp.dir/rosidl_typesupport_introspection_cpp/px4_msgs/msg/detail/generator_status__type_support.cpp.o[0m
[774.925s] [ 62%] [32mBuilding CXX object CMakeFiles/px4_msgs__rosidl_typesupport_introspection_cpp.dir/rosidl_typesupport_introspection_cpp/px4_msgs/msg/detail/geofence_result__type_support.cpp.o[0m
[775.478s] [ 62%] [32mBuilding CXX object CMakeFiles/px4_msgs__rosidl_typesupport_introspection_cpp.dir/rosidl_typesupport_introspection_cpp/px4_msgs/msg/detail/geofence_status__type_support.cpp.o[0m
[776.019s] [ 62%] [32mBuilding CXX object CMakeFiles/px4_msgs__rosidl_typesupport_introspection_cpp.dir/rosidl_typesupport_introspection_cpp/px4_msgs/msg/detail/gimbal_controls__type_support.cpp.o[0m
[776.605s] [ 62%] [32mBuilding CXX object CMakeFiles/px4_msgs__rosidl_typesupport_introspection_cpp.dir/rosidl_typesupport_introspection_cpp/px4_msgs/msg/detail/gimbal_device_attitude_status__type_support.cpp.o[0m
[777.182s] [ 62%] [32mBuilding CXX object CMakeFiles/px4_msgs__rosidl_typesupport_introspection_cpp.dir/rosidl_typesupport_introspection_cpp/px4_msgs/msg/detail/gimbal_device_information__type_support.cpp.o[0m
[777.718s] [ 62%] [32mBuilding CXX object CMakeFiles/px4_msgs__rosidl_typesupport_introspection_cpp.dir/rosidl_typesupport_introspection_cpp/px4_msgs/msg/detail/gimbal_device_set_attitude__type_support.cpp.o[0m
[778.249s] [ 62%] [32mBuilding CXX object CMakeFiles/px4_msgs__rosidl_typesupport_introspection_cpp.dir/rosidl_typesupport_introspection_cpp/px4_msgs/msg/detail/gimbal_manager_information__type_support.cpp.o[0m
[778.764s] [ 63%] [32mBuilding CXX object CMakeFiles/px4_msgs__rosidl_typesupport_introspection_cpp.dir/rosidl_typesupport_introspection_cpp/px4_msgs/msg/detail/gimbal_manager_set_attitude__type_support.cpp.o[0m
[779.295s] [ 63%] [32mBuilding CXX object CMakeFiles/px4_msgs__rosidl_typesupport_introspection_cpp.dir/rosidl_typesupport_introspection_cpp/px4_msgs/msg/detail/gimbal_manager_set_manual_control__type_support.cpp.o[0m
[779.826s] [ 63%] [32mBuilding CXX object CMakeFiles/px4_msgs__rosidl_typesupport_introspection_cpp.dir/rosidl_typesupport_introspection_cpp/px4_msgs/msg/detail/gimbal_manager_status__type_support.cpp.o[0m
[780.346s] [ 63%] [32mBuilding CXX object CMakeFiles/px4_msgs__rosidl_typesupport_introspection_cpp.dir/rosidl_typesupport_introspection_cpp/px4_msgs/msg/detail/goto_setpoint__type_support.cpp.o[0m
[780.861s] [ 63%] [32mBuilding CXX object CMakeFiles/px4_msgs__rosidl_typesupport_introspection_cpp.dir/rosidl_typesupport_introspection_cpp/px4_msgs/msg/detail/gpio_config__type_support.cpp.o[0m
[781.377s] [ 63%] [32mBuilding CXX object CMakeFiles/px4_msgs__rosidl_typesupport_introspection_cpp.dir/rosidl_typesupport_introspection_cpp/px4_msgs/msg/detail/gpio_in__type_support.cpp.o[0m
[781.900s] [ 63%] [32mBuilding CXX object CMakeFiles/px4_msgs__rosidl_typesupport_introspection_cpp.dir/rosidl_typesupport_introspection_cpp/px4_msgs/msg/detail/gpio_out__type_support.cpp.o[0m
[782.442s] [ 63%] [32mBuilding CXX object CMakeFiles/px4_msgs__rosidl_typesupport_introspection_cpp.dir/rosidl_typesupport_introspection_cpp/px4_msgs/msg/detail/gpio_request__type_support.cpp.o[0m
[782.995s] [ 63%] [32mBuilding CXX object CMakeFiles/px4_msgs__rosidl_typesupport_introspection_cpp.dir/rosidl_typesupport_introspection_cpp/px4_msgs/msg/detail/gps_dump__type_support.cpp.o[0m
[783.568s] [ 63%] [32mBuilding CXX object CMakeFiles/px4_msgs__rosidl_typesupport_introspection_cpp.dir/rosidl_typesupport_introspection_cpp/px4_msgs/msg/detail/gps_inject_data__type_support.cpp.o[0m
[784.144s] [ 63%] [32mBuilding CXX object CMakeFiles/px4_msgs__rosidl_typesupport_introspection_cpp.dir/rosidl_typesupport_introspection_cpp/px4_msgs/msg/detail/gripper__type_support.cpp.o[0m
[784.707s] [ 63%] [32mBuilding CXX object CMakeFiles/px4_msgs__rosidl_typesupport_introspection_cpp.dir/rosidl_typesupport_introspection_cpp/px4_msgs/msg/detail/health_report__type_support.cpp.o[0m
[785.260s] [ 63%] [32mBuilding CXX object CMakeFiles/px4_msgs__rosidl_typesupport_introspection_cpp.dir/rosidl_typesupport_introspection_cpp/px4_msgs/msg/detail/heater_status__type_support.cpp.o[0m
[785.798s] [ 63%] [32mBuilding CXX object CMakeFiles/px4_msgs__rosidl_typesupport_introspection_cpp.dir/rosidl_typesupport_introspection_cpp/px4_msgs/msg/detail/home_position__type_support.cpp.o[0m
[786.326s] [ 63%] [32mBuilding CXX object CMakeFiles/px4_msgs__rosidl_typesupport_introspection_cpp.dir/rosidl_typesupport_introspection_cpp/px4_msgs/msg/detail/hover_thrust_estimate__type_support.cpp.o[0m
[786.864s] [ 63%] [32mBuilding CXX object CMakeFiles/px4_msgs__rosidl_typesupport_introspection_cpp.dir/rosidl_typesupport_introspection_cpp/px4_msgs/msg/detail/input_rc__type_support.cpp.o[0m
[787.410s] [ 63%] [32mBuilding CXX object CMakeFiles/px4_msgs__rosidl_typesupport_introspection_cpp.dir/rosidl_typesupport_introspection_cpp/px4_msgs/msg/detail/internal_combustion_engine_control__type_support.cpp.o[0m
[787.928s] [ 63%] [32mBuilding CXX object CMakeFiles/px4_msgs__rosidl_typesupport_introspection_cpp.dir/rosidl_typesupport_introspection_cpp/px4_msgs/msg/detail/internal_combustion_engine_status__type_support.cpp.o[0m
[788.441s] [ 63%] [32mBuilding CXX object CMakeFiles/px4_msgs__rosidl_typesupport_introspection_cpp.dir/rosidl_typesupport_introspection_cpp/px4_msgs/msg/detail/iridiumsbd_status__type_support.cpp.o[0m
[788.973s] [ 63%] [32mBuilding CXX object CMakeFiles/px4_msgs__rosidl_typesupport_introspection_cpp.dir/rosidl_typesupport_introspection_cpp/px4_msgs/msg/detail/irlock_report__type_support.cpp.o[0m
[789.479s] [ 63%] [32mBuilding CXX object CMakeFiles/px4_msgs__rosidl_typesupport_introspection_cpp.dir/rosidl_typesupport_introspection_cpp/px4_msgs/msg/detail/landing_gear__type_support.cpp.o[0m
[789.994s] [ 63%] [32mBuilding CXX object CMakeFiles/px4_msgs__rosidl_typesupport_introspection_cpp.dir/rosidl_typesupport_introspection_cpp/px4_msgs/msg/detail/landing_gear_wheel__type_support.cpp.o[0m
[790.561s] [ 63%] [32mBuilding CXX object CMakeFiles/px4_msgs__rosidl_typesupport_introspection_cpp.dir/rosidl_typesupport_introspection_cpp/px4_msgs/msg/detail/landing_target_innovations__type_support.cpp.o[0m
[791.116s] [ 63%] [32mBuilding CXX object CMakeFiles/px4_msgs__rosidl_typesupport_introspection_cpp.dir/rosidl_typesupport_introspection_cpp/px4_msgs/msg/detail/landing_target_pose__type_support.cpp.o[0m
[791.720s] [ 63%] [32mBuilding CXX object CMakeFiles/px4_msgs__rosidl_typesupport_introspection_cpp.dir/rosidl_typesupport_introspection_cpp/px4_msgs/msg/detail/lateral_control_configuration__type_support.cpp.o[0m
[792.255s] [ 64%] [32mBuilding CXX object CMakeFiles/px4_msgs__rosidl_typesupport_introspection_cpp.dir/rosidl_typesupport_introspection_cpp/px4_msgs/msg/detail/launch_detection_status__type_support.cpp.o[0m
[792.768s] [ 64%] [32mBuilding CXX object CMakeFiles/px4_msgs__rosidl_typesupport_introspection_cpp.dir/rosidl_typesupport_introspection_cpp/px4_msgs/msg/detail/led_control__type_support.cpp.o[0m
[793.303s] [ 64%] [32mBuilding CXX object CMakeFiles/px4_msgs__rosidl_typesupport_introspection_cpp.dir/rosidl_typesupport_introspection_cpp/px4_msgs/msg/detail/log_message__type_support.cpp.o[0m
[793.841s] [ 64%] [32mBuilding CXX object CMakeFiles/px4_msgs__rosidl_typesupport_introspection_cpp.dir/rosidl_typesupport_introspection_cpp/px4_msgs/msg/detail/logger_status__type_support.cpp.o[0m
[794.391s] [ 64%] [32mBuilding CXX object CMakeFiles/px4_msgs__rosidl_typesupport_introspection_cpp.dir/rosidl_typesupport_introspection_cpp/px4_msgs/msg/detail/longitudinal_control_configuration__type_support.cpp.o[0m
[794.954s] [ 64%] [32mBuilding CXX object CMakeFiles/px4_msgs__rosidl_typesupport_introspection_cpp.dir/rosidl_typesupport_introspection_cpp/px4_msgs/msg/detail/mag_worker_data__type_support.cpp.o[0m
[795.567s] [ 64%] [32mBuilding CXX object CMakeFiles/px4_msgs__rosidl_typesupport_introspection_cpp.dir/rosidl_typesupport_introspection_cpp/px4_msgs/msg/detail/magnetometer_bias_estimate__type_support.cpp.o[0m
[796.158s] [ 64%] [32mBuilding CXX object CMakeFiles/px4_msgs__rosidl_typesupport_introspection_cpp.dir/rosidl_typesupport_introspection_cpp/px4_msgs/msg/detail/manual_control_setpoint__type_support.cpp.o[0m
[796.699s] [ 64%] [32mBuilding CXX object CMakeFiles/px4_msgs__rosidl_typesupport_introspection_cpp.dir/rosidl_typesupport_introspection_cpp/px4_msgs/msg/detail/manual_control_switches__type_support.cpp.o[0m
[797.251s] [ 64%] [32mBuilding CXX object CMakeFiles/px4_msgs__rosidl_typesupport_introspection_cpp.dir/rosidl_typesupport_introspection_cpp/px4_msgs/msg/detail/mavlink_log__type_support.cpp.o[0m
[797.807s] [ 64%] [32mBuilding CXX object CMakeFiles/px4_msgs__rosidl_typesupport_introspection_cpp.dir/rosidl_typesupport_introspection_cpp/px4_msgs/msg/detail/mavlink_tunnel__type_support.cpp.o[0m
[798.376s] [ 64%] [32mBuilding CXX object CMakeFiles/px4_msgs__rosidl_typesupport_introspection_cpp.dir/rosidl_typesupport_introspection_cpp/px4_msgs/msg/detail/message_format_request__type_support.cpp.o[0m
[798.933s] [ 64%] [32mBuilding CXX object CMakeFiles/px4_msgs__rosidl_typesupport_introspection_cpp.dir/rosidl_typesupport_introspection_cpp/px4_msgs/msg/detail/message_format_response__type_support.cpp.o[0m
[799.492s] [ 64%] [32mBuilding CXX object CMakeFiles/px4_msgs__rosidl_typesupport_introspection_cpp.dir/rosidl_typesupport_introspection_cpp/px4_msgs/msg/detail/mission__type_support.cpp.o[0m
[800.028s] [ 64%] [32mBuilding CXX object CMakeFiles/px4_msgs__rosidl_typesupport_introspection_cpp.dir/rosidl_typesupport_introspection_cpp/px4_msgs/msg/detail/mission_result__type_support.cpp.o[0m
[800.577s] [ 64%] [32mBuilding CXX object CMakeFiles/px4_msgs__rosidl_typesupport_introspection_cpp.dir/rosidl_typesupport_introspection_cpp/px4_msgs/msg/detail/mode_completed__type_support.cpp.o[0m
[801.134s] [ 64%] [32mBuilding CXX object CMakeFiles/px4_msgs__rosidl_typesupport_introspection_cpp.dir/rosidl_typesupport_introspection_cpp/px4_msgs/msg/detail/mount_orientation__type_support.cpp.o[0m
[801.664s] [ 64%] [32mBuilding CXX object CMakeFiles/px4_msgs__rosidl_typesupport_introspection_cpp.dir/rosidl_typesupport_introspection_cpp/px4_msgs/msg/detail/navigator_mission_item__type_support.cpp.o[0m
[802.195s] [ 64%] [32mBuilding CXX object CMakeFiles/px4_msgs__rosidl_typesupport_introspection_cpp.dir/rosidl_typesupport_introspection_cpp/px4_msgs/msg/detail/navigator_status__type_support.cpp.o[0m
[802.729s] [ 64%] [32mBuilding CXX object CMakeFiles/px4_msgs__rosidl_typesupport_introspection_cpp.dir/rosidl_typesupport_introspection_cpp/px4_msgs/msg/detail/neural_control__type_support.cpp.o[0m
[803.290s] [ 64%] [32mBuilding CXX object CMakeFiles/px4_msgs__rosidl_typesupport_introspection_cpp.dir/rosidl_typesupport_introspection_cpp/px4_msgs/msg/detail/normalized_unsigned_setpoint__type_support.cpp.o[0m
[803.820s] [ 64%] [32mBuilding CXX object CMakeFiles/px4_msgs__rosidl_typesupport_introspection_cpp.dir/rosidl_typesupport_introspection_cpp/px4_msgs/msg/detail/obstacle_distance__type_support.cpp.o[0m
[804.403s] [ 64%] [32mBuilding CXX object CMakeFiles/px4_msgs__rosidl_typesupport_introspection_cpp.dir/rosidl_typesupport_introspection_cpp/px4_msgs/msg/detail/offboard_control_mode__type_support.cpp.o[0m
[804.974s] [ 64%] [32mBuilding CXX object CMakeFiles/px4_msgs__rosidl_typesupport_introspection_cpp.dir/rosidl_typesupport_introspection_cpp/px4_msgs/msg/detail/onboard_computer_status__type_support.cpp.o[0m
[805.599s] [ 65%] [32mBuilding CXX object CMakeFiles/px4_msgs__rosidl_typesupport_introspection_cpp.dir/rosidl_typesupport_introspection_cpp/px4_msgs/msg/detail/open_drone_id_arm_status__type_support.cpp.o[0m
[806.137s] [ 65%] [32mBuilding CXX object CMakeFiles/px4_msgs__rosidl_typesupport_introspection_cpp.dir/rosidl_typesupport_introspection_cpp/px4_msgs/msg/detail/open_drone_id_operator_id__type_support.cpp.o[0m
[806.691s] [ 65%] [32mBuilding CXX object CMakeFiles/px4_msgs__rosidl_typesupport_introspection_cpp.dir/rosidl_typesupport_introspection_cpp/px4_msgs/msg/detail/open_drone_id_self_id__type_support.cpp.o[0m
[807.283s] [ 65%] [32mBuilding CXX object CMakeFiles/px4_msgs__rosidl_typesupport_introspection_cpp.dir/rosidl_typesupport_introspection_cpp/px4_msgs/msg/detail/open_drone_id_system__type_support.cpp.o[0m
[807.834s] [ 65%] [32mBuilding CXX object CMakeFiles/px4_msgs__rosidl_typesupport_introspection_cpp.dir/rosidl_typesupport_introspection_cpp/px4_msgs/msg/detail/orb_test__type_support.cpp.o[0m
[808.328s] [ 65%] [32mBuilding CXX object CMakeFiles/px4_msgs__rosidl_typesupport_introspection_cpp.dir/rosidl_typesupport_introspection_cpp/px4_msgs/msg/detail/orb_test_large__type_support.cpp.o[0m
[808.834s] [ 65%] [32mBuilding CXX object CMakeFiles/px4_msgs__rosidl_typesupport_introspection_cpp.dir/rosidl_typesupport_introspection_cpp/px4_msgs/msg/detail/orb_test_medium__type_support.cpp.o[0m
[809.336s] [ 65%] [32mBuilding CXX object CMakeFiles/px4_msgs__rosidl_typesupport_introspection_cpp.dir/rosidl_typesupport_introspection_cpp/px4_msgs/msg/detail/orbit_status__type_support.cpp.o[0m
[809.835s] [ 65%] [32mBuilding CXX object CMakeFiles/px4_msgs__rosidl_typesupport_introspection_cpp.dir/rosidl_typesupport_introspection_cpp/px4_msgs/msg/detail/parameter_reset_request__type_support.cpp.o[0m
[810.344s] [ 65%] [32mBuilding CXX object CMakeFiles/px4_msgs__rosidl_typesupport_introspection_cpp.dir/rosidl_typesupport_introspection_cpp/px4_msgs/msg/detail/parameter_set_used_request__type_support.cpp.o[0m
[810.886s] [ 65%] [32mBuilding CXX object CMakeFiles/px4_msgs__rosidl_typesupport_introspection_cpp.dir/rosidl_typesupport_introspection_cpp/px4_msgs/msg/detail/parameter_set_value_request__type_support.cpp.o[0m
[811.426s] [ 65%] [32mBuilding CXX object CMakeFiles/px4_msgs__rosidl_typesupport_introspection_cpp.dir/rosidl_typesupport_introspection_cpp/px4_msgs/msg/detail/parameter_set_value_response__type_support.cpp.o[0m
[811.968s] [ 65%] [32mBuilding CXX object CMakeFiles/px4_msgs__rosidl_typesupport_introspection_cpp.dir/rosidl_typesupport_introspection_cpp/px4_msgs/msg/detail/parameter_update__type_support.cpp.o[0m
[812.502s] [ 65%] [32mBuilding CXX object CMakeFiles/px4_msgs__rosidl_typesupport_introspection_cpp.dir/rosidl_typesupport_introspection_cpp/px4_msgs/msg/detail/ping__type_support.cpp.o[0m
[813.038s] [ 65%] [32mBuilding CXX object CMakeFiles/px4_msgs__rosidl_typesupport_introspection_cpp.dir/rosidl_typesupport_introspection_cpp/px4_msgs/msg/detail/position_controller_landing_status__type_support.cpp.o[0m
[813.575s] [ 65%] [32mBuilding CXX object CMakeFiles/px4_msgs__rosidl_typesupport_introspection_cpp.dir/rosidl_typesupport_introspection_cpp/px4_msgs/msg/detail/position_controller_status__type_support.cpp.o[0m
[814.158s] [ 65%] [32mBuilding CXX object CMakeFiles/px4_msgs__rosidl_typesupport_introspection_cpp.dir/rosidl_typesupport_introspection_cpp/px4_msgs/msg/detail/position_setpoint__type_support.cpp.o[0m
[814.758s] [ 65%] [32mBuilding CXX object CMakeFiles/px4_msgs__rosidl_typesupport_introspection_cpp.dir/rosidl_typesupport_introspection_cpp/px4_msgs/msg/detail/position_setpoint_triplet__type_support.cpp.o[0m
[815.350s] [ 65%] [32mBuilding CXX object CMakeFiles/px4_msgs__rosidl_typesupport_introspection_cpp.dir/rosidl_typesupport_introspection_cpp/px4_msgs/msg/detail/power_button_state__type_support.cpp.o[0m
[815.914s] [ 65%] [32mBuilding CXX object CMakeFiles/px4_msgs__rosidl_typesupport_introspection_cpp.dir/rosidl_typesupport_introspection_cpp/px4_msgs/msg/detail/power_monitor__type_support.cpp.o[0m
[816.464s] [ 65%] [32mBuilding CXX object CMakeFiles/px4_msgs__rosidl_typesupport_introspection_cpp.dir/rosidl_typesupport_introspection_cpp/px4_msgs/msg/detail/pps_capture__type_support.cpp.o[0m
[817.009s] [ 65%] [32mBuilding CXX object CMakeFiles/px4_msgs__rosidl_typesupport_introspection_cpp.dir/rosidl_typesupport_introspection_cpp/px4_msgs/msg/detail/pure_pursuit_status__type_support.cpp.o[0m
[817.566s] [ 65%] [32mBuilding CXX object CMakeFiles/px4_msgs__rosidl_typesupport_introspection_cpp.dir/rosidl_typesupport_introspection_cpp/px4_msgs/msg/detail/pwm_input__type_support.cpp.o[0m
[818.112s] [ 65%] [32mBuilding CXX object CMakeFiles/px4_msgs__rosidl_typesupport_introspection_cpp.dir/rosidl_typesupport_introspection_cpp/px4_msgs/msg/detail/px4io_status__type_support.cpp.o[0m
[818.673s] [ 65%] [32mBuilding CXX object CMakeFiles/px4_msgs__rosidl_typesupport_introspection_cpp.dir/rosidl_typesupport_introspection_cpp/px4_msgs/msg/detail/qshell_req__type_support.cpp.o[0m
[819.200s] [ 66%] [32mBuilding CXX object CMakeFiles/px4_msgs__rosidl_typesupport_introspection_cpp.dir/rosidl_typesupport_introspection_cpp/px4_msgs/msg/detail/qshell_retval__type_support.cpp.o[0m
[819.727s] [ 66%] [32mBuilding CXX object CMakeFiles/px4_msgs__rosidl_typesupport_introspection_cpp.dir/rosidl_typesupport_introspection_cpp/px4_msgs/msg/detail/radio_status__type_support.cpp.o[0m
[820.287s] [ 66%] [32mBuilding CXX object CMakeFiles/px4_msgs__rosidl_typesupport_introspection_cpp.dir/rosidl_typesupport_introspection_cpp/px4_msgs/msg/detail/raptor_input__type_support.cpp.o[0m
[820.853s] [ 66%] [32mBuilding CXX object CMakeFiles/px4_msgs__rosidl_typesupport_introspection_cpp.dir/rosidl_typesupport_introspection_cpp/px4_msgs/msg/detail/raptor_status__type_support.cpp.o[0m
[821.389s] [ 66%] [32mBuilding CXX object CMakeFiles/px4_msgs__rosidl_typesupport_introspection_cpp.dir/rosidl_typesupport_introspection_cpp/px4_msgs/msg/detail/rate_ctrl_status__type_support.cpp.o[0m
[821.902s] [ 66%] [32mBuilding CXX object CMakeFiles/px4_msgs__rosidl_typesupport_introspection_cpp.dir/rosidl_typesupport_introspection_cpp/px4_msgs/msg/detail/rc_channels__type_support.cpp.o[0m
[822.419s] [ 66%] [32mBuilding CXX object CMakeFiles/px4_msgs__rosidl_typesupport_introspection_cpp.dir/rosidl_typesupport_introspection_cpp/px4_msgs/msg/detail/rc_parameter_map__type_support.cpp.o[0m
[823.012s] [ 66%] [32mBuilding CXX object CMakeFiles/px4_msgs__rosidl_typesupport_introspection_cpp.dir/rosidl_typesupport_introspection_cpp/px4_msgs/msg/detail/register_ext_component_reply__type_support.cpp.o[0m
[823.559s] [ 66%] [32mBuilding CXX object CMakeFiles/px4_msgs__rosidl_typesupport_introspection_cpp.dir/rosidl_typesupport_introspection_cpp/px4_msgs/msg/detail/register_ext_component_request__type_support.cpp.o[0m
[824.126s] [ 66%] [32mBuilding CXX object CMakeFiles/px4_msgs__rosidl_typesupport_introspection_cpp.dir/rosidl_typesupport_introspection_cpp/px4_msgs/msg/detail/rover_attitude_setpoint__type_support.cpp.o[0m
[824.718s] [ 66%] [32mBuilding CXX object CMakeFiles/px4_msgs__rosidl_typesupport_introspection_cpp.dir/rosidl_typesupport_introspection_cpp/px4_msgs/msg/detail/rover_attitude_status__type_support.cpp.o[0m
[825.275s] [ 66%] [32mBuilding CXX object CMakeFiles/px4_msgs__rosidl_typesupport_introspection_cpp.dir/rosidl_typesupport_introspection_cpp/px4_msgs/msg/detail/rover_position_setpoint__type_support.cpp.o[0m
[825.823s] [ 66%] [32mBuilding CXX object CMakeFiles/px4_msgs__rosidl_typesupport_introspection_cpp.dir/rosidl_typesupport_introspection_cpp/px4_msgs/msg/detail/rover_rate_setpoint__type_support.cpp.o[0m
[826.326s] [ 66%] [32mBuilding CXX object CMakeFiles/px4_msgs__rosidl_typesupport_introspection_cpp.dir/rosidl_typesupport_introspection_cpp/px4_msgs/msg/detail/rover_rate_status__type_support.cpp.o[0m
[826.805s] [ 66%] [32mBuilding CXX object CMakeFiles/px4_msgs__rosidl_typesupport_introspection_cpp.dir/rosidl_typesupport_introspection_cpp/px4_msgs/msg/detail/rover_speed_setpoint__type_support.cpp.o[0m
[827.279s] [ 66%] [32mBuilding CXX object CMakeFiles/px4_msgs__rosidl_typesupport_introspection_cpp.dir/rosidl_typesupport_introspection_cpp/px4_msgs/msg/detail/rover_speed_status__type_support.cpp.o[0m
[827.758s] [ 66%] [32mBuilding CXX object CMakeFiles/px4_msgs__rosidl_typesupport_introspection_cpp.dir/rosidl_typesupport_introspection_cpp/px4_msgs/msg/detail/rover_steering_setpoint__type_support.cpp.o[0m
[828.230s] [ 66%] [32mBuilding CXX object CMakeFiles/px4_msgs__rosidl_typesupport_introspection_cpp.dir/rosidl_typesupport_introspection_cpp/px4_msgs/msg/detail/rover_throttle_setpoint__type_support.cpp.o[0m
[828.689s] [ 66%] [32mBuilding CXX object CMakeFiles/px4_msgs__rosidl_typesupport_introspection_cpp.dir/rosidl_typesupport_introspection_cpp/px4_msgs/msg/detail/rpm__type_support.cpp.o[0m
[829.154s] [ 66%] [32mBuilding CXX object CMakeFiles/px4_msgs__rosidl_typesupport_introspection_cpp.dir/rosidl_typesupport_introspection_cpp/px4_msgs/msg/detail/rtl_status__type_support.cpp.o[0m
[829.636s] [ 66%] [32mBuilding CXX object CMakeFiles/px4_msgs__rosidl_typesupport_introspection_cpp.dir/rosidl_typesupport_introspection_cpp/px4_msgs/msg/detail/rtl_time_estimate__type_support.cpp.o[0m
[830.048s] [ 66%] [32mBuilding CXX object CMakeFiles/px4_msgs__rosidl_typesupport_introspection_cpp.dir/rosidl_typesupport_introspection_cpp/px4_msgs/msg/detail/satellite_info__type_support.cpp.o[0m
[830.530s] [ 66%] [32mBuilding CXX object CMakeFiles/px4_msgs__rosidl_typesupport_introspection_cpp.dir/rosidl_typesupport_introspection_cpp/px4_msgs/msg/detail/sensor_accel__type_support.cpp.o[0m
[830.932s] [ 66%] [32mBuilding CXX object CMakeFiles/px4_msgs__rosidl_typesupport_introspection_cpp.dir/rosidl_typesupport_introspection_cpp/px4_msgs/msg/detail/sensor_accel_fifo__type_support.cpp.o[0m
[831.340s] [ 67%] [32mBuilding CXX object CMakeFiles/px4_msgs__rosidl_typesupport_introspection_cpp.dir/rosidl_typesupport_introspection_cpp/px4_msgs/msg/detail/sensor_airflow__type_support.cpp.o[0m
[831.745s] [ 67%] [32mBuilding CXX object CMakeFiles/px4_msgs__rosidl_typesupport_introspection_cpp.dir/rosidl_typesupport_introspection_cpp/px4_msgs/msg/detail/sensor_baro__type_support.cpp.o[0m
[832.127s] [ 67%] [32mBuilding CXX object CMakeFiles/px4_msgs__rosidl_typesupport_introspection_cpp.dir/rosidl_typesupport_introspection_cpp/px4_msgs/msg/detail/sensor_combined__type_support.cpp.o[0m
[832.519s] [ 67%] [32mBuilding CXX object CMakeFiles/px4_msgs__rosidl_typesupport_introspection_cpp.dir/rosidl_typesupport_introspection_cpp/px4_msgs/msg/detail/sensor_correction__type_support.cpp.o[0m
[832.978s] [ 67%] [32mBuilding CXX object CMakeFiles/px4_msgs__rosidl_typesupport_introspection_cpp.dir/rosidl_typesupport_introspection_cpp/px4_msgs/msg/detail/sensor_gnss_relative__type_support.cpp.o[0m
[833.373s] [ 67%] [32mBuilding CXX object CMakeFiles/px4_msgs__rosidl_typesupport_introspection_cpp.dir/rosidl_typesupport_introspection_cpp/px4_msgs/msg/detail/sensor_gnss_status__type_support.cpp.o[0m
[833.751s] [ 67%] [32mBuilding CXX object CMakeFiles/px4_msgs__rosidl_typesupport_introspection_cpp.dir/rosidl_typesupport_introspection_cpp/px4_msgs/msg/detail/sensor_gps__type_support.cpp.o[0m
[834.132s] [ 67%] [32mBuilding CXX object CMakeFiles/px4_msgs__rosidl_typesupport_introspection_cpp.dir/rosidl_typesupport_introspection_cpp/px4_msgs/msg/detail/sensor_gyro__type_support.cpp.o[0m
[834.517s] [ 67%] [32mBuilding CXX object CMakeFiles/px4_msgs__rosidl_typesupport_introspection_cpp.dir/rosidl_typesupport_introspection_cpp/px4_msgs/msg/detail/sensor_gyro_fft__type_support.cpp.o[0m
[834.919s] [ 67%] [32mBuilding CXX object CMakeFiles/px4_msgs__rosidl_typesupport_introspection_cpp.dir/rosidl_typesupport_introspection_cpp/px4_msgs/msg/detail/sensor_gyro_fifo__type_support.cpp.o[0m
[835.310s] [ 67%] [32mBuilding CXX object CMakeFiles/px4_msgs__rosidl_typesupport_introspection_cpp.dir/rosidl_typesupport_introspection_cpp/px4_msgs/msg/detail/sensor_hygrometer__type_support.cpp.o[0m
[835.691s] [ 67%] [32mBuilding CXX object CMakeFiles/px4_msgs__rosidl_typesupport_introspection_cpp.dir/rosidl_typesupport_introspection_cpp/px4_msgs/msg/detail/sensor_mag__type_support.cpp.o[0m
[836.070s] [ 67%] [32mBuilding CXX object CMakeFiles/px4_msgs__rosidl_typesupport_introspection_cpp.dir/rosidl_typesupport_introspection_cpp/px4_msgs/msg/detail/sensor_optical_flow__type_support.cpp.o[0m
[836.466s] [ 67%] [32mBuilding CXX object CMakeFiles/px4_msgs__rosidl_typesupport_introspection_cpp.dir/rosidl_typesupport_introspection_cpp/px4_msgs/msg/detail/sensor_preflight_mag__type_support.cpp.o[0m
[836.844s] [ 67%] [32mBuilding CXX object CMakeFiles/px4_msgs__rosidl_typesupport_introspection_cpp.dir/rosidl_typesupport_introspection_cpp/px4_msgs/msg/detail/sensor_selection__type_support.cpp.o[0m
[837.221s] [ 67%] [32mBuilding CXX object CMakeFiles/px4_msgs__rosidl_typesupport_introspection_cpp.dir/rosidl_typesupport_introspection_cpp/px4_msgs/msg/detail/sensor_temp__type_support.cpp.o[0m
[837.598s] [ 67%] [32mBuilding CXX object CMakeFiles/px4_msgs__rosidl_typesupport_introspection_cpp.dir/rosidl_typesupport_introspection_cpp/px4_msgs/msg/detail/sensor_uwb__type_support.cpp.o[0m
[837.979s] [ 67%] [32mBuilding CXX object CMakeFiles/px4_msgs__rosidl_typesupport_introspection_cpp.dir/rosidl_typesupport_introspection_cpp/px4_msgs/msg/detail/sensors_status__type_support.cpp.o[0m
[838.390s] [ 67%] [32mBuilding CXX object CMakeFiles/px4_msgs__rosidl_typesupport_introspection_cpp.dir/rosidl_typesupport_introspection_cpp/px4_msgs/msg/detail/sensors_status_imu__type_support.cpp.o[0m
[838.816s] [ 67%] [32mBuilding CXX object CMakeFiles/px4_msgs__rosidl_typesupport_introspection_cpp.dir/rosidl_typesupport_introspection_cpp/px4_msgs/msg/detail/system_power__type_support.cpp.o[0m
[839.326s] [ 67%] [32mBuilding CXX object CMakeFiles/px4_msgs__rosidl_typesupport_introspection_cpp.dir/rosidl_typesupport_introspection_cpp/px4_msgs/msg/detail/takeoff_status__type_support.cpp.o[0m
[839.792s] [ 67%] [32mBuilding CXX object CMakeFiles/px4_msgs__rosidl_typesupport_introspection_cpp.dir/rosidl_typesupport_introspection_cpp/px4_msgs/msg/detail/task_stack_info__type_support.cpp.o[0m
[840.263s] [ 67%] [32mBuilding CXX object CMakeFiles/px4_msgs__rosidl_typesupport_introspection_cpp.dir/rosidl_typesupport_introspection_cpp/px4_msgs/msg/detail/tecs_status__type_support.cpp.o[0m
[840.720s] [ 67%] [32mBuilding CXX object CMakeFiles/px4_msgs__rosidl_typesupport_introspection_cpp.dir/rosidl_typesupport_introspection_cpp/px4_msgs/msg/detail/telemetry_status__type_support.cpp.o[0m
[841.191s] [ 67%] [32mBuilding CXX object CMakeFiles/px4_msgs__rosidl_typesupport_introspection_cpp.dir/rosidl_typesupport_introspection_cpp/px4_msgs/msg/detail/tiltrotor_extra_controls__type_support.cpp.o[0m
[841.623s] [ 68%] [32mBuilding CXX object CMakeFiles/px4_msgs__rosidl_typesupport_introspection_cpp.dir/rosidl_typesupport_introspection_cpp/px4_msgs/msg/detail/timesync_status__type_support.cpp.o[0m
[842.089s] [ 68%] [32mBuilding CXX object CMakeFiles/px4_msgs__rosidl_typesupport_introspection_cpp.dir/rosidl_typesupport_introspection_cpp/px4_msgs/msg/detail/trajectory_setpoint__type_support.cpp.o[0m
[842.578s] [ 68%] [32mBuilding CXX object CMakeFiles/px4_msgs__rosidl_typesupport_introspection_cpp.dir/rosidl_typesupport_introspection_cpp/px4_msgs/msg/detail/trajectory_setpoint6dof__type_support.cpp.o[0m
[843.044s] [ 68%] [32mBuilding CXX object CMakeFiles/px4_msgs__rosidl_typesupport_introspection_cpp.dir/rosidl_typesupport_introspection_cpp/px4_msgs/msg/detail/transponder_report__type_support.cpp.o[0m
[843.487s] [ 68%] [32mBuilding CXX object CMakeFiles/px4_msgs__rosidl_typesupport_introspection_cpp.dir/rosidl_typesupport_introspection_cpp/px4_msgs/msg/detail/tune_control__type_support.cpp.o[0m
[843.913s] [ 68%] [32mBuilding CXX object CMakeFiles/px4_msgs__rosidl_typesupport_introspection_cpp.dir/rosidl_typesupport_introspection_cpp/px4_msgs/msg/detail/uavcan_parameter_request__type_support.cpp.o[0m
[844.345s] [ 68%] [32mBuilding CXX object CMakeFiles/px4_msgs__rosidl_typesupport_introspection_cpp.dir/rosidl_typesupport_introspection_cpp/px4_msgs/msg/detail/uavcan_parameter_value__type_support.cpp.o[0m
[844.774s] [ 68%] [32mBuilding CXX object CMakeFiles/px4_msgs__rosidl_typesupport_introspection_cpp.dir/rosidl_typesupport_introspection_cpp/px4_msgs/msg/detail/ulog_stream__type_support.cpp.o[0m
[845.207s] [ 68%] [32mBuilding CXX object CMakeFiles/px4_msgs__rosidl_typesupport_introspection_cpp.dir/rosidl_typesupport_introspection_cpp/px4_msgs/msg/detail/ulog_stream_ack__type_support.cpp.o[0m
[845.629s] [ 68%] [32mBuilding CXX object CMakeFiles/px4_msgs__rosidl_typesupport_introspection_cpp.dir/rosidl_typesupport_introspection_cpp/px4_msgs/msg/detail/unregister_ext_component__type_support.cpp.o[0m
[846.082s] [ 68%] [32mBuilding CXX object CMakeFiles/px4_msgs__rosidl_typesupport_introspection_cpp.dir/rosidl_typesupport_introspection_cpp/px4_msgs/msg/detail/vehicle_acceleration__type_support.cpp.o[0m
[846.520s] [ 68%] [32mBuilding CXX object CMakeFiles/px4_msgs__rosidl_typesupport_introspection_cpp.dir/rosidl_typesupport_introspection_cpp/px4_msgs/msg/detail/vehicle_air_data__type_support.cpp.o[0m
[846.928s] [ 68%] [32mBuilding CXX object CMakeFiles/px4_msgs__rosidl_typesupport_introspection_cpp.dir/rosidl_typesupport_introspection_cpp/px4_msgs/msg/detail/vehicle_angular_acceleration_setpoint__type_support.cpp.o[0m
[847.363s] [ 68%] [32mBuilding CXX object CMakeFiles/px4_msgs__rosidl_typesupport_introspection_cpp.dir/rosidl_typesupport_introspection_cpp/px4_msgs/msg/detail/vehicle_angular_velocity__type_support.cpp.o[0m
[847.813s] [ 68%] [32mBuilding CXX object CMakeFiles/px4_msgs__rosidl_typesupport_introspection_cpp.dir/rosidl_typesupport_introspection_cpp/px4_msgs/msg/detail/vehicle_attitude__type_support.cpp.o[0m
[848.271s] [ 68%] [32mBuilding CXX object CMakeFiles/px4_msgs__rosidl_typesupport_introspection_cpp.dir/rosidl_typesupport_introspection_cpp/px4_msgs/msg/detail/vehicle_attitude_setpoint__type_support.cpp.o[0m
[848.719s] [ 68%] [32mBuilding CXX object CMakeFiles/px4_msgs__rosidl_typesupport_introspection_cpp.dir/rosidl_typesupport_introspection_cpp/px4_msgs/msg/detail/vehicle_command__type_support.cpp.o[0m
[849.170s] [ 68%] [32mBuilding CXX object CMakeFiles/px4_msgs__rosidl_typesupport_introspection_cpp.dir/rosidl_typesupport_introspection_cpp/px4_msgs/msg/detail/vehicle_command_ack__type_support.cpp.o[0m
[849.631s] [ 68%] [32mBuilding CXX object CMakeFiles/px4_msgs__rosidl_typesupport_introspection_cpp.dir/rosidl_typesupport_introspection_cpp/px4_msgs/msg/detail/vehicle_constraints__type_support.cpp.o[0m
[850.059s] [ 68%] [32mBuilding CXX object CMakeFiles/px4_msgs__rosidl_typesupport_introspection_cpp.dir/rosidl_typesupport_introspection_cpp/px4_msgs/msg/detail/vehicle_control_mode__type_support.cpp.o[0m
[850.503s] [ 68%] [32mBuilding CXX object CMakeFiles/px4_msgs__rosidl_typesupport_introspection_cpp.dir/rosidl_typesupport_introspection_cpp/px4_msgs/msg/detail/vehicle_global_position__type_support.cpp.o[0m
[850.943s] [ 68%] [32mBuilding CXX object CMakeFiles/px4_msgs__rosidl_typesupport_introspection_cpp.dir/rosidl_typesupport_introspection_cpp/px4_msgs/msg/detail/vehicle_imu__type_support.cpp.o[0m
[851.385s] [ 68%] [32mBuilding CXX object CMakeFiles/px4_msgs__rosidl_typesupport_introspection_cpp.dir/rosidl_typesupport_introspection_cpp/px4_msgs/msg/detail/vehicle_imu_status__type_support.cpp.o[0m
[851.862s] [ 68%] [32mBuilding CXX object CMakeFiles/px4_msgs__rosidl_typesupport_introspection_cpp.dir/rosidl_typesupport_introspection_cpp/px4_msgs/msg/detail/vehicle_land_detected__type_support.cpp.o[0m
[852.301s] [ 69%] [32mBuilding CXX object CMakeFiles/px4_msgs__rosidl_typesupport_introspection_cpp.dir/rosidl_typesupport_introspection_cpp/px4_msgs/msg/detail/vehicle_local_position__type_support.cpp.o[0m
[852.736s] [ 69%] [32mBuilding CXX object CMakeFiles/px4_msgs__rosidl_typesupport_introspection_cpp.dir/rosidl_typesupport_introspection_cpp/px4_msgs/msg/detail/vehicle_local_position_setpoint__type_support.cpp.o[0m
[853.163s] [ 69%] [32mBuilding CXX object CMakeFiles/px4_msgs__rosidl_typesupport_introspection_cpp.dir/rosidl_typesupport_introspection_cpp/px4_msgs/msg/detail/vehicle_magnetometer__type_support.cpp.o[0m
[853.607s] [ 69%] [32mBuilding CXX object CMakeFiles/px4_msgs__rosidl_typesupport_introspection_cpp.dir/rosidl_typesupport_introspection_cpp/px4_msgs/msg/detail/vehicle_odometry__type_support.cpp.o[0m
[854.059s] [ 69%] [32mBuilding CXX object CMakeFiles/px4_msgs__rosidl_typesupport_introspection_cpp.dir/rosidl_typesupport_introspection_cpp/px4_msgs/msg/detail/vehicle_optical_flow__type_support.cpp.o[0m
[854.520s] [ 69%] [32mBuilding CXX object CMakeFiles/px4_msgs__rosidl_typesupport_introspection_cpp.dir/rosidl_typesupport_introspection_cpp/px4_msgs/msg/detail/vehicle_optical_flow_vel__type_support.cpp.o[0m
[854.976s] [ 69%] [32mBuilding CXX object CMakeFiles/px4_msgs__rosidl_typesupport_introspection_cpp.dir/rosidl_typesupport_introspection_cpp/px4_msgs/msg/detail/vehicle_rates_setpoint__type_support.cpp.o[0m
[855.433s] [ 69%] [32mBuilding CXX object CMakeFiles/px4_msgs__rosidl_typesupport_introspection_cpp.dir/rosidl_typesupport_introspection_cpp/px4_msgs/msg/detail/vehicle_roi__type_support.cpp.o[0m
[855.870s] [ 69%] [32mBuilding CXX object CMakeFiles/px4_msgs__rosidl_typesupport_introspection_cpp.dir/rosidl_typesupport_introspection_cpp/px4_msgs/msg/detail/vehicle_status__type_support.cpp.o[0m
[856.313s] [ 69%] [32mBuilding CXX object CMakeFiles/px4_msgs__rosidl_typesupport_introspection_cpp.dir/rosidl_typesupport_introspection_cpp/px4_msgs/msg/detail/vehicle_thrust_setpoint__type_support.cpp.o[0m
[856.827s] [ 69%] [32mBuilding CXX object CMakeFiles/px4_msgs__rosidl_typesupport_introspection_cpp.dir/rosidl_typesupport_introspection_cpp/px4_msgs/msg/detail/vehicle_torque_setpoint__type_support.cpp.o[0m
[857.312s] [ 69%] [32mBuilding CXX object CMakeFiles/px4_msgs__rosidl_typesupport_introspection_cpp.dir/rosidl_typesupport_introspection_cpp/px4_msgs/msg/detail/velocity_limits__type_support.cpp.o[0m
[857.761s] [ 69%] [32mBuilding CXX object CMakeFiles/px4_msgs__rosidl_typesupport_introspection_cpp.dir/rosidl_typesupport_introspection_cpp/px4_msgs/msg/detail/vtol_vehicle_status__type_support.cpp.o[0m
[858.179s] [ 69%] [32mBuilding CXX object CMakeFiles/px4_msgs__rosidl_typesupport_introspection_cpp.dir/rosidl_typesupport_introspection_cpp/px4_msgs/msg/detail/vtx__type_support.cpp.o[0m
[858.635s] [ 69%] [32mBuilding CXX object CMakeFiles/px4_msgs__rosidl_typesupport_introspection_cpp.dir/rosidl_typesupport_introspection_cpp/px4_msgs/msg/detail/wheel_encoders__type_support.cpp.o[0m
[859.089s] [ 69%] [32mBuilding CXX object CMakeFiles/px4_msgs__rosidl_typesupport_introspection_cpp.dir/rosidl_typesupport_introspection_cpp/px4_msgs/msg/detail/wind__type_support.cpp.o[0m
[859.523s] [ 69%] [32mBuilding CXX object CMakeFiles/px4_msgs__rosidl_typesupport_introspection_cpp.dir/rosidl_typesupport_introspection_cpp/px4_msgs/msg/detail/yaw_estimator_status__type_support.cpp.o[0m
[859.990s] [ 69%] [32mBuilding CXX object CMakeFiles/px4_msgs__rosidl_typesupport_introspection_cpp.dir/rosidl_typesupport_introspection_cpp/px4_msgs/srv/detail/vehicle_command__type_support.cpp.o[0m
[860.602s] [ 69%] [32m[1mLinking CXX shared library libpx4_msgs__rosidl_typesupport_introspection_cpp.so[0m
[860.877s] [ 69%] Built target px4_msgs__rosidl_typesupport_introspection_cpp
[860.918s] [ 69%] [34m[1mGenerating C++ type support for eProsima Fast-RTPS[0m
[924.178s] [ 69%] [32mBuilding CXX object CMakeFiles/px4_msgs__rosidl_typesupport_fastrtps_cpp.dir/rosidl_typesupport_fastrtps_cpp/px4_msgs/msg/detail/dds_fastrtps/action_request__type_support.cpp.o[0m
[924.823s] [ 69%] [32mBuilding CXX object CMakeFiles/px4_msgs__rosidl_typesupport_fastrtps_cpp.dir/rosidl_typesupport_fastrtps_cpp/px4_msgs/msg/detail/dds_fastrtps/actuator_controls_status__type_support.cpp.o[0m
[925.468s] [ 70%] [32mBuilding CXX object CMakeFiles/px4_msgs__rosidl_typesupport_fastrtps_cpp.dir/rosidl_typesupport_fastrtps_cpp/px4_msgs/msg/detail/dds_fastrtps/actuator_motors__type_support.cpp.o[0m
[926.126s] [ 70%] [32mBuilding CXX object CMakeFiles/px4_msgs__rosidl_typesupport_fastrtps_cpp.dir/rosidl_typesupport_fastrtps_cpp/px4_msgs/msg/detail/dds_fastrtps/actuator_outputs__type_support.cpp.o[0m
[926.785s] [ 70%] [32mBuilding CXX object CMakeFiles/px4_msgs__rosidl_typesupport_fastrtps_cpp.dir/rosidl_typesupport_fastrtps_cpp/px4_msgs/msg/detail/dds_fastrtps/actuator_servos__type_support.cpp.o[0m
[927.480s] [ 70%] [32mBuilding CXX object CMakeFiles/px4_msgs__rosidl_typesupport_fastrtps_cpp.dir/rosidl_typesupport_fastrtps_cpp/px4_msgs/msg/detail/dds_fastrtps/actuator_servos_trim__type_support.cpp.o[0m
[928.148s] [ 70%] [32mBuilding CXX object CMakeFiles/px4_msgs__rosidl_typesupport_fastrtps_cpp.dir/rosidl_typesupport_fastrtps_cpp/px4_msgs/msg/detail/dds_fastrtps/actuator_test__type_support.cpp.o[0m
[928.825s] [ 70%] [32mBuilding CXX object CMakeFiles/px4_msgs__rosidl_typesupport_fastrtps_cpp.dir/rosidl_typesupport_fastrtps_cpp/px4_msgs/msg/detail/dds_fastrtps/adc_report__type_support.cpp.o[0m
[929.513s] [ 70%] [32mBuilding CXX object CMakeFiles/px4_msgs__rosidl_typesupport_fastrtps_cpp.dir/rosidl_typesupport_fastrtps_cpp/px4_msgs/msg/detail/dds_fastrtps/airspeed__type_support.cpp.o[0m
[930.173s] [ 70%] [32mBuilding CXX object CMakeFiles/px4_msgs__rosidl_typesupport_fastrtps_cpp.dir/rosidl_typesupport_fastrtps_cpp/px4_msgs/msg/detail/dds_fastrtps/airspeed_validated__type_support.cpp.o[0m
[930.857s] [ 70%] [32mBuilding CXX object CMakeFiles/px4_msgs__rosidl_typesupport_fastrtps_cpp.dir/rosidl_typesupport_fastrtps_cpp/px4_msgs/msg/detail/dds_fastrtps/airspeed_wind__type_support.cpp.o[0m
[931.552s] [ 70%] [32mBuilding CXX object CMakeFiles/px4_msgs__rosidl_typesupport_fastrtps_cpp.dir/rosidl_typesupport_fastrtps_cpp/px4_msgs/msg/detail/dds_fastrtps/arming_check_reply__type_support.cpp.o[0m
[932.227s] [ 70%] [32mBuilding CXX object CMakeFiles/px4_msgs__rosidl_typesupport_fastrtps_cpp.dir/rosidl_typesupport_fastrtps_cpp/px4_msgs/msg/detail/dds_fastrtps/arming_check_request__type_support.cpp.o[0m
[932.859s] [ 70%] [32mBuilding CXX object CMakeFiles/px4_msgs__rosidl_typesupport_fastrtps_cpp.dir/rosidl_typesupport_fastrtps_cpp/px4_msgs/msg/detail/dds_fastrtps/autotune_attitude_control_status__type_support.cpp.o[0m
[933.623s] [ 70%] [32mBuilding CXX object CMakeFiles/px4_msgs__rosidl_typesupport_fastrtps_cpp.dir/rosidl_typesupport_fastrtps_cpp/px4_msgs/msg/detail/dds_fastrtps/battery_info__type_support.cpp.o[0m
[934.346s] [ 70%] [32mBuilding CXX object CMakeFiles/px4_msgs__rosidl_typesupport_fastrtps_cpp.dir/rosidl_typesupport_fastrtps_cpp/px4_msgs/msg/detail/dds_fastrtps/battery_status__type_support.cpp.o[0m
[935.060s] [ 70%] [32mBuilding CXX object CMakeFiles/px4_msgs__rosidl_typesupport_fastrtps_cpp.dir/rosidl_typesupport_fastrtps_cpp/px4_msgs/msg/detail/dds_fastrtps/button_event__type_support.cpp.o[0m
[935.772s] [ 70%] [32mBuilding CXX object CMakeFiles/px4_msgs__rosidl_typesupport_fastrtps_cpp.dir/rosidl_typesupport_fastrtps_cpp/px4_msgs/msg/detail/dds_fastrtps/camera_capture__type_support.cpp.o[0m
[936.490s] [ 70%] [32mBuilding CXX object CMakeFiles/px4_msgs__rosidl_typesupport_fastrtps_cpp.dir/rosidl_typesupport_fastrtps_cpp/px4_msgs/msg/detail/dds_fastrtps/camera_status__type_support.cpp.o[0m
[937.168s] [ 70%] [32mBuilding CXX object CMakeFiles/px4_msgs__rosidl_typesupport_fastrtps_cpp.dir/rosidl_typesupport_fastrtps_cpp/px4_msgs/msg/detail/dds_fastrtps/camera_trigger__type_support.cpp.o[0m
[937.826s] [ 70%] [32mBuilding CXX object CMakeFiles/px4_msgs__rosidl_typesupport_fastrtps_cpp.dir/rosidl_typesupport_fastrtps_cpp/px4_msgs/msg/detail/dds_fastrtps/can_interface_status__type_support.cpp.o[0m
[938.481s] [ 70%] [32mBuilding CXX object CMakeFiles/px4_msgs__rosidl_typesupport_fastrtps_cpp.dir/rosidl_typesupport_fastrtps_cpp/px4_msgs/msg/detail/dds_fastrtps/cellular_status__type_support.cpp.o[0m
[939.154s] [ 70%] [32mBuilding CXX object CMakeFiles/px4_msgs__rosidl_typesupport_fastrtps_cpp.dir/rosidl_typesupport_fastrtps_cpp/px4_msgs/msg/detail/dds_fastrtps/collision_constraints__type_support.cpp.o[0m
[939.825s] [ 70%] [32mBuilding CXX object CMakeFiles/px4_msgs__rosidl_typesupport_fastrtps_cpp.dir/rosidl_typesupport_fastrtps_cpp/px4_msgs/msg/detail/dds_fastrtps/config_overrides__type_support.cpp.o[0m
[940.584s] [ 70%] [32mBuilding CXX object CMakeFiles/px4_msgs__rosidl_typesupport_fastrtps_cpp.dir/rosidl_typesupport_fastrtps_cpp/px4_msgs/msg/detail/dds_fastrtps/control_allocator_status__type_support.cpp.o[0m
[941.330s] [ 70%] [32mBuilding CXX object CMakeFiles/px4_msgs__rosidl_typesupport_fastrtps_cpp.dir/rosidl_typesupport_fastrtps_cpp/px4_msgs/msg/detail/dds_fastrtps/cpuload__type_support.cpp.o[0m
[941.999s] [ 70%] [32mBuilding CXX object CMakeFiles/px4_msgs__rosidl_typesupport_fastrtps_cpp.dir/rosidl_typesupport_fastrtps_cpp/px4_msgs/msg/detail/dds_fastrtps/dataman_request__type_support.cpp.o[0m
[942.644s] [ 71%] [32mBuilding CXX object CMakeFiles/px4_msgs__rosidl_typesupport_fastrtps_cpp.dir/rosidl_typesupport_fastrtps_cpp/px4_msgs/msg/detail/dds_fastrtps/dataman_response__type_support.cpp.o[0m
[943.321s] [ 71%] [32mBuilding CXX object CMakeFiles/px4_msgs__rosidl_typesupport_fastrtps_cpp.dir/rosidl_typesupport_fastrtps_cpp/px4_msgs/msg/detail/dds_fastrtps/debug_array__type_support.cpp.o[0m
[944.004s] [ 71%] [32mBuilding CXX object CMakeFiles/px4_msgs__rosidl_typesupport_fastrtps_cpp.dir/rosidl_typesupport_fastrtps_cpp/px4_msgs/msg/detail/dds_fastrtps/debug_key_value__type_support.cpp.o[0m
[944.817s] [ 71%] [32mBuilding CXX object CMakeFiles/px4_msgs__rosidl_typesupport_fastrtps_cpp.dir/rosidl_typesupport_fastrtps_cpp/px4_msgs/msg/detail/dds_fastrtps/debug_value__type_support.cpp.o[0m
[945.510s] [ 71%] [32mBuilding CXX object CMakeFiles/px4_msgs__rosidl_typesupport_fastrtps_cpp.dir/rosidl_typesupport_fastrtps_cpp/px4_msgs/msg/detail/dds_fastrtps/debug_vect__type_support.cpp.o[0m
[946.237s] [ 71%] [32mBuilding CXX object CMakeFiles/px4_msgs__rosidl_typesupport_fastrtps_cpp.dir/rosidl_typesupport_fastrtps_cpp/px4_msgs/msg/detail/dds_fastrtps/device_information__type_support.cpp.o[0m
[947.020s] [ 71%] [32mBuilding CXX object CMakeFiles/px4_msgs__rosidl_typesupport_fastrtps_cpp.dir/rosidl_typesupport_fastrtps_cpp/px4_msgs/msg/detail/dds_fastrtps/differential_pressure__type_support.cpp.o[0m
[947.714s] [ 71%] [32mBuilding CXX object CMakeFiles/px4_msgs__rosidl_typesupport_fastrtps_cpp.dir/rosidl_typesupport_fastrtps_cpp/px4_msgs/msg/detail/dds_fastrtps/distance_sensor__type_support.cpp.o[0m
[948.381s] [ 71%] [32mBuilding CXX object CMakeFiles/px4_msgs__rosidl_typesupport_fastrtps_cpp.dir/rosidl_typesupport_fastrtps_cpp/px4_msgs/msg/detail/dds_fastrtps/distance_sensor_mode_change_request__type_support.cpp.o[0m
[949.061s] [ 71%] [32mBuilding CXX object CMakeFiles/px4_msgs__rosidl_typesupport_fastrtps_cpp.dir/rosidl_typesupport_fastrtps_cpp/px4_msgs/msg/detail/dds_fastrtps/dronecan_node_status__type_support.cpp.o[0m
[949.867s] [ 71%] [32mBuilding CXX object CMakeFiles/px4_msgs__rosidl_typesupport_fastrtps_cpp.dir/rosidl_typesupport_fastrtps_cpp/px4_msgs/msg/detail/dds_fastrtps/ekf2_timestamps__type_support.cpp.o[0m
[950.674s] [ 71%] [32mBuilding CXX object CMakeFiles/px4_msgs__rosidl_typesupport_fastrtps_cpp.dir/rosidl_typesupport_fastrtps_cpp/px4_msgs/msg/detail/dds_fastrtps/esc_report__type_support.cpp.o[0m
[951.605s] [ 71%] [32mBuilding CXX object CMakeFiles/px4_msgs__rosidl_typesupport_fastrtps_cpp.dir/rosidl_typesupport_fastrtps_cpp/px4_msgs/msg/detail/dds_fastrtps/esc_status__type_support.cpp.o[0m
[952.491s] [ 71%] [32mBuilding CXX object CMakeFiles/px4_msgs__rosidl_typesupport_fastrtps_cpp.dir/rosidl_typesupport_fastrtps_cpp/px4_msgs/msg/detail/dds_fastrtps/estimator_aid_source1d__type_support.cpp.o[0m
[953.327s] [ 71%] [32mBuilding CXX object CMakeFiles/px4_msgs__rosidl_typesupport_fastrtps_cpp.dir/rosidl_typesupport_fastrtps_cpp/px4_msgs/msg/detail/dds_fastrtps/estimator_aid_source2d__type_support.cpp.o[0m
[954.195s] [ 71%] [32mBuilding CXX object CMakeFiles/px4_msgs__rosidl_typesupport_fastrtps_cpp.dir/rosidl_typesupport_fastrtps_cpp/px4_msgs/msg/detail/dds_fastrtps/estimator_aid_source3d__type_support.cpp.o[0m
[954.957s] [ 71%] [32mBuilding CXX object CMakeFiles/px4_msgs__rosidl_typesupport_fastrtps_cpp.dir/rosidl_typesupport_fastrtps_cpp/px4_msgs/msg/detail/dds_fastrtps/estimator_bias__type_support.cpp.o[0m
[955.760s] [ 71%] [32mBuilding CXX object CMakeFiles/px4_msgs__rosidl_typesupport_fastrtps_cpp.dir/rosidl_typesupport_fastrtps_cpp/px4_msgs/msg/detail/dds_fastrtps/estimator_bias3d__type_support.cpp.o[0m
[956.488s] [ 71%] [32mBuilding CXX object CMakeFiles/px4_msgs__rosidl_typesupport_fastrtps_cpp.dir/rosidl_typesupport_fastrtps_cpp/px4_msgs/msg/detail/dds_fastrtps/estimator_event_flags__type_support.cpp.o[0m
[957.240s] [ 71%] [32mBuilding CXX object CMakeFiles/px4_msgs__rosidl_typesupport_fastrtps_cpp.dir/rosidl_typesupport_fastrtps_cpp/px4_msgs/msg/detail/dds_fastrtps/estimator_gps_status__type_support.cpp.o[0m
[957.955s] [ 71%] [32mBuilding CXX object CMakeFiles/px4_msgs__rosidl_typesupport_fastrtps_cpp.dir/rosidl_typesupport_fastrtps_cpp/px4_msgs/msg/detail/dds_fastrtps/estimator_innovations__type_support.cpp.o[0m
[958.773s] [ 71%] [32mBuilding CXX object CMakeFiles/px4_msgs__rosidl_typesupport_fastrtps_cpp.dir/rosidl_typesupport_fastrtps_cpp/px4_msgs/msg/detail/dds_fastrtps/estimator_selector_status__type_support.cpp.o[0m
[959.507s] [ 71%] [32mBuilding CXX object CMakeFiles/px4_msgs__rosidl_typesupport_fastrtps_cpp.dir/rosidl_typesupport_fastrtps_cpp/px4_msgs/msg/detail/dds_fastrtps/estimator_sensor_bias__type_support.cpp.o[0m
[960.274s] [ 71%] [32mBuilding CXX object CMakeFiles/px4_msgs__rosidl_typesupport_fastrtps_cpp.dir/rosidl_typesupport_fastrtps_cpp/px4_msgs/msg/detail/dds_fastrtps/estimator_states__type_support.cpp.o[0m
[961.017s] [ 72%] [32mBuilding CXX object CMakeFiles/px4_msgs__rosidl_typesupport_fastrtps_cpp.dir/rosidl_typesupport_fastrtps_cpp/px4_msgs/msg/detail/dds_fastrtps/estimator_status__type_support.cpp.o[0m
[961.845s] [ 72%] [32mBuilding CXX object CMakeFiles/px4_msgs__rosidl_typesupport_fastrtps_cpp.dir/rosidl_typesupport_fastrtps_cpp/px4_msgs/msg/detail/dds_fastrtps/estimator_status_flags__type_support.cpp.o[0m
[962.685s] [ 72%] [32mBuilding CXX object CMakeFiles/px4_msgs__rosidl_typesupport_fastrtps_cpp.dir/rosidl_typesupport_fastrtps_cpp/px4_msgs/msg/detail/dds_fastrtps/event__type_support.cpp.o[0m
[963.480s] [ 72%] [32mBuilding CXX object CMakeFiles/px4_msgs__rosidl_typesupport_fastrtps_cpp.dir/rosidl_typesupport_fastrtps_cpp/px4_msgs/msg/detail/dds_fastrtps/failsafe_flags__type_support.cpp.o[0m
[964.290s] [ 72%] [32mBuilding CXX object CMakeFiles/px4_msgs__rosidl_typesupport_fastrtps_cpp.dir/rosidl_typesupport_fastrtps_cpp/px4_msgs/msg/detail/dds_fastrtps/failure_detector_status__type_support.cpp.o[0m
[965.051s] [ 72%] [32mBuilding CXX object CMakeFiles/px4_msgs__rosidl_typesupport_fastrtps_cpp.dir/rosidl_typesupport_fastrtps_cpp/px4_msgs/msg/detail/dds_fastrtps/figure_eight_status__type_support.cpp.o[0m
[965.829s] [ 72%] [32mBuilding CXX object CMakeFiles/px4_msgs__rosidl_typesupport_fastrtps_cpp.dir/rosidl_typesupport_fastrtps_cpp/px4_msgs/msg/detail/dds_fastrtps/fixed_wing_lateral_guidance_status__type_support.cpp.o[0m
[966.645s] [ 72%] [32mBuilding CXX object CMakeFiles/px4_msgs__rosidl_typesupport_fastrtps_cpp.dir/rosidl_typesupport_fastrtps_cpp/px4_msgs/msg/detail/dds_fastrtps/fixed_wing_lateral_setpoint__type_support.cpp.o[0m
[967.357s] [ 72%] [32mBuilding CXX object CMakeFiles/px4_msgs__rosidl_typesupport_fastrtps_cpp.dir/rosidl_typesupport_fastrtps_cpp/px4_msgs/msg/detail/dds_fastrtps/fixed_wing_lateral_status__type_support.cpp.o[0m
[968.053s] [ 72%] [32mBuilding CXX object CMakeFiles/px4_msgs__rosidl_typesupport_fastrtps_cpp.dir/rosidl_typesupport_fastrtps_cpp/px4_msgs/msg/detail/dds_fastrtps/fixed_wing_longitudinal_setpoint__type_support.cpp.o[0m
[968.784s] [ 72%] [32mBuilding CXX object CMakeFiles/px4_msgs__rosidl_typesupport_fastrtps_cpp.dir/rosidl_typesupport_fastrtps_cpp/px4_msgs/msg/detail/dds_fastrtps/fixed_wing_runway_control__type_support.cpp.o[0m
[969.530s] [ 72%] [32mBuilding CXX object CMakeFiles/px4_msgs__rosidl_typesupport_fastrtps_cpp.dir/rosidl_typesupport_fastrtps_cpp/px4_msgs/msg/detail/dds_fastrtps/flight_phase_estimation__type_support.cpp.o[0m
[970.257s] [ 72%] [32mBuilding CXX object CMakeFiles/px4_msgs__rosidl_typesupport_fastrtps_cpp.dir/rosidl_typesupport_fastrtps_cpp/px4_msgs/msg/detail/dds_fastrtps/follow_target__type_support.cpp.o[0m
[971.006s] [ 72%] [32mBuilding CXX object CMakeFiles/px4_msgs__rosidl_typesupport_fastrtps_cpp.dir/rosidl_typesupport_fastrtps_cpp/px4_msgs/msg/detail/dds_fastrtps/follow_target_estimator__type_support.cpp.o[0m
[971.763s] [ 72%] [32mBuilding CXX object CMakeFiles/px4_msgs__rosidl_typesupport_fastrtps_cpp.dir/rosidl_typesupport_fastrtps_cpp/px4_msgs/msg/detail/dds_fastrtps/follow_target_status__type_support.cpp.o[0m
[972.488s] [ 72%] [32mBuilding CXX object CMakeFiles/px4_msgs__rosidl_typesupport_fastrtps_cpp.dir/rosidl_typesupport_fastrtps_cpp/px4_msgs/msg/detail/dds_fastrtps/fuel_tank_status__type_support.cpp.o[0m
[973.211s] [ 72%] [32mBuilding CXX object CMakeFiles/px4_msgs__rosidl_typesupport_fastrtps_cpp.dir/rosidl_typesupport_fastrtps_cpp/px4_msgs/msg/detail/dds_fastrtps/gain_compression__type_support.cpp.o[0m
[973.961s] [ 72%] [32mBuilding CXX object CMakeFiles/px4_msgs__rosidl_typesupport_fastrtps_cpp.dir/rosidl_typesupport_fastrtps_cpp/px4_msgs/msg/detail/dds_fastrtps/generator_status__type_support.cpp.o[0m
[974.717s] [ 72%] [32mBuilding CXX object CMakeFiles/px4_msgs__rosidl_typesupport_fastrtps_cpp.dir/rosidl_typesupport_fastrtps_cpp/px4_msgs/msg/detail/dds_fastrtps/geofence_result__type_support.cpp.o[0m
[975.465s] [ 72%] [32mBuilding CXX object CMakeFiles/px4_msgs__rosidl_typesupport_fastrtps_cpp.dir/rosidl_typesupport_fastrtps_cpp/px4_msgs/msg/detail/dds_fastrtps/geofence_status__type_support.cpp.o[0m
[976.222s] [ 72%] [32mBuilding CXX object CMakeFiles/px4_msgs__rosidl_typesupport_fastrtps_cpp.dir/rosidl_typesupport_fastrtps_cpp/px4_msgs/msg/detail/dds_fastrtps/gimbal_controls__type_support.cpp.o[0m
[977.104s] [ 72%] [32mBuilding CXX object CMakeFiles/px4_msgs__rosidl_typesupport_fastrtps_cpp.dir/rosidl_typesupport_fastrtps_cpp/px4_msgs/msg/detail/dds_fastrtps/gimbal_device_attitude_status__type_support.cpp.o[0m
[977.913s] [ 72%] [32mBuilding CXX object CMakeFiles/px4_msgs__rosidl_typesupport_fastrtps_cpp.dir/rosidl_typesupport_fastrtps_cpp/px4_msgs/msg/detail/dds_fastrtps/gimbal_device_information__type_support.cpp.o[0m
[978.658s] [ 72%] [32mBuilding CXX object CMakeFiles/px4_msgs__rosidl_typesupport_fastrtps_cpp.dir/rosidl_typesupport_fastrtps_cpp/px4_msgs/msg/detail/dds_fastrtps/gimbal_device_set_attitude__type_support.cpp.o[0m
[979.415s] [ 72%] [32mBuilding CXX object CMakeFiles/px4_msgs__rosidl_typesupport_fastrtps_cpp.dir/rosidl_typesupport_fastrtps_cpp/px4_msgs/msg/detail/dds_fastrtps/gimbal_manager_information__type_support.cpp.o[0m
[980.167s] [ 73%] [32mBuilding CXX object CMakeFiles/px4_msgs__rosidl_typesupport_fastrtps_cpp.dir/rosidl_typesupport_fastrtps_cpp/px4_msgs/msg/detail/dds_fastrtps/gimbal_manager_set_attitude__type_support.cpp.o[0m
[980.946s] [ 73%] [32mBuilding CXX object CMakeFiles/px4_msgs__rosidl_typesupport_fastrtps_cpp.dir/rosidl_typesupport_fastrtps_cpp/px4_msgs/msg/detail/dds_fastrtps/gimbal_manager_set_manual_control__type_support.cpp.o[0m
[981.721s] [ 73%] [32mBuilding CXX object CMakeFiles/px4_msgs__rosidl_typesupport_fastrtps_cpp.dir/rosidl_typesupport_fastrtps_cpp/px4_msgs/msg/detail/dds_fastrtps/gimbal_manager_status__type_support.cpp.o[0m
[982.519s] [ 73%] [32mBuilding CXX object CMakeFiles/px4_msgs__rosidl_typesupport_fastrtps_cpp.dir/rosidl_typesupport_fastrtps_cpp/px4_msgs/msg/detail/dds_fastrtps/goto_setpoint__type_support.cpp.o[0m
[983.367s] [ 73%] [32mBuilding CXX object CMakeFiles/px4_msgs__rosidl_typesupport_fastrtps_cpp.dir/rosidl_typesupport_fastrtps_cpp/px4_msgs/msg/detail/dds_fastrtps/gpio_config__type_support.cpp.o[0m
[984.087s] [ 73%] [32mBuilding CXX object CMakeFiles/px4_msgs__rosidl_typesupport_fastrtps_cpp.dir/rosidl_typesupport_fastrtps_cpp/px4_msgs/msg/detail/dds_fastrtps/gpio_in__type_support.cpp.o[0m
[984.819s] [ 73%] [32mBuilding CXX object CMakeFiles/px4_msgs__rosidl_typesupport_fastrtps_cpp.dir/rosidl_typesupport_fastrtps_cpp/px4_msgs/msg/detail/dds_fastrtps/gpio_out__type_support.cpp.o[0m
[985.539s] [ 73%] [32mBuilding CXX object CMakeFiles/px4_msgs__rosidl_typesupport_fastrtps_cpp.dir/rosidl_typesupport_fastrtps_cpp/px4_msgs/msg/detail/dds_fastrtps/gpio_request__type_support.cpp.o[0m
[986.295s] [ 73%] [32mBuilding CXX object CMakeFiles/px4_msgs__rosidl_typesupport_fastrtps_cpp.dir/rosidl_typesupport_fastrtps_cpp/px4_msgs/msg/detail/dds_fastrtps/gps_dump__type_support.cpp.o[0m
[987.096s] [ 73%] [32mBuilding CXX object CMakeFiles/px4_msgs__rosidl_typesupport_fastrtps_cpp.dir/rosidl_typesupport_fastrtps_cpp/px4_msgs/msg/detail/dds_fastrtps/gps_inject_data__type_support.cpp.o[0m
[987.861s] [ 73%] [32mBuilding CXX object CMakeFiles/px4_msgs__rosidl_typesupport_fastrtps_cpp.dir/rosidl_typesupport_fastrtps_cpp/px4_msgs/msg/detail/dds_fastrtps/gripper__type_support.cpp.o[0m
[988.599s] [ 73%] [32mBuilding CXX object CMakeFiles/px4_msgs__rosidl_typesupport_fastrtps_cpp.dir/rosidl_typesupport_fastrtps_cpp/px4_msgs/msg/detail/dds_fastrtps/health_report__type_support.cpp.o[0m
[989.320s] [ 73%] [32mBuilding CXX object CMakeFiles/px4_msgs__rosidl_typesupport_fastrtps_cpp.dir/rosidl_typesupport_fastrtps_cpp/px4_msgs/msg/detail/dds_fastrtps/heater_status__type_support.cpp.o[0m
[990.110s] [ 73%] [32mBuilding CXX object CMakeFiles/px4_msgs__rosidl_typesupport_fastrtps_cpp.dir/rosidl_typesupport_fastrtps_cpp/px4_msgs/msg/detail/dds_fastrtps/home_position__type_support.cpp.o[0m
[990.843s] [ 73%] [32mBuilding CXX object CMakeFiles/px4_msgs__rosidl_typesupport_fastrtps_cpp.dir/rosidl_typesupport_fastrtps_cpp/px4_msgs/msg/detail/dds_fastrtps/hover_thrust_estimate__type_support.cpp.o[0m
[991.614s] [ 73%] [32mBuilding CXX object CMakeFiles/px4_msgs__rosidl_typesupport_fastrtps_cpp.dir/rosidl_typesupport_fastrtps_cpp/px4_msgs/msg/detail/dds_fastrtps/input_rc__type_support.cpp.o[0m
[992.455s] [ 73%] [32mBuilding CXX object CMakeFiles/px4_msgs__rosidl_typesupport_fastrtps_cpp.dir/rosidl_typesupport_fastrtps_cpp/px4_msgs/msg/detail/dds_fastrtps/internal_combustion_engine_control__type_support.cpp.o[0m
[993.248s] [ 73%] [32mBuilding CXX object CMakeFiles/px4_msgs__rosidl_typesupport_fastrtps_cpp.dir/rosidl_typesupport_fastrtps_cpp/px4_msgs/msg/detail/dds_fastrtps/internal_combustion_engine_status__type_support.cpp.o[0m
[994.022s] [ 73%] [32mBuilding CXX object CMakeFiles/px4_msgs__rosidl_typesupport_fastrtps_cpp.dir/rosidl_typesupport_fastrtps_cpp/px4_msgs/msg/detail/dds_fastrtps/iridiumsbd_status__type_support.cpp.o[0m
[994.724s] [ 73%] [32mBuilding CXX object CMakeFiles/px4_msgs__rosidl_typesupport_fastrtps_cpp.dir/rosidl_typesupport_fastrtps_cpp/px4_msgs/msg/detail/dds_fastrtps/irlock_report__type_support.cpp.o[0m
[995.514s] [ 73%] [32mBuilding CXX object CMakeFiles/px4_msgs__rosidl_typesupport_fastrtps_cpp.dir/rosidl_typesupport_fastrtps_cpp/px4_msgs/msg/detail/dds_fastrtps/landing_gear__type_support.cpp.o[0m
[996.197s] [ 73%] [32mBuilding CXX object CMakeFiles/px4_msgs__rosidl_typesupport_fastrtps_cpp.dir/rosidl_typesupport_fastrtps_cpp/px4_msgs/msg/detail/dds_fastrtps/landing_gear_wheel__type_support.cpp.o[0m
[996.899s] [ 73%] [32mBuilding CXX object CMakeFiles/px4_msgs__rosidl_typesupport_fastrtps_cpp.dir/rosidl_typesupport_fastrtps_cpp/px4_msgs/msg/detail/dds_fastrtps/landing_target_innovations__type_support.cpp.o[0m
[997.600s] [ 73%] [32mBuilding CXX object CMakeFiles/px4_msgs__rosidl_typesupport_fastrtps_cpp.dir/rosidl_typesupport_fastrtps_cpp/px4_msgs/msg/detail/dds_fastrtps/landing_target_pose__type_support.cpp.o[0m
[998.331s] [ 74%] [32mBuilding CXX object CMakeFiles/px4_msgs__rosidl_typesupport_fastrtps_cpp.dir/rosidl_typesupport_fastrtps_cpp/px4_msgs/msg/detail/dds_fastrtps/lateral_control_configuration__type_support.cpp.o[0m
[999.052s] [ 74%] [32mBuilding CXX object CMakeFiles/px4_msgs__rosidl_typesupport_fastrtps_cpp.dir/rosidl_typesupport_fastrtps_cpp/px4_msgs/msg/detail/dds_fastrtps/launch_detection_status__type_support.cpp.o[0m
[999.761s] [ 74%] [32mBuilding CXX object CMakeFiles/px4_msgs__rosidl_typesupport_fastrtps_cpp.dir/rosidl_typesupport_fastrtps_cpp/px4_msgs/msg/detail/dds_fastrtps/led_control__type_support.cpp.o[0m
[1000.472s] [ 74%] [32mBuilding CXX object CMakeFiles/px4_msgs__rosidl_typesupport_fastrtps_cpp.dir/rosidl_typesupport_fastrtps_cpp/px4_msgs/msg/detail/dds_fastrtps/log_message__type_support.cpp.o[0m
[1001.178s] [ 74%] [32mBuilding CXX object CMakeFiles/px4_msgs__rosidl_typesupport_fastrtps_cpp.dir/rosidl_typesupport_fastrtps_cpp/px4_msgs/msg/detail/dds_fastrtps/logger_status__type_support.cpp.o[0m
[1001.893s] [ 74%] [32mBuilding CXX object CMakeFiles/px4_msgs__rosidl_typesupport_fastrtps_cpp.dir/rosidl_typesupport_fastrtps_cpp/px4_msgs/msg/detail/dds_fastrtps/longitudinal_control_configuration__type_support.cpp.o[0m
[1002.639s] [ 74%] [32mBuilding CXX object CMakeFiles/px4_msgs__rosidl_typesupport_fastrtps_cpp.dir/rosidl_typesupport_fastrtps_cpp/px4_msgs/msg/detail/dds_fastrtps/mag_worker_data__type_support.cpp.o[0m
[1003.466s] [ 74%] [32mBuilding CXX object CMakeFiles/px4_msgs__rosidl_typesupport_fastrtps_cpp.dir/rosidl_typesupport_fastrtps_cpp/px4_msgs/msg/detail/dds_fastrtps/magnetometer_bias_estimate__type_support.cpp.o[0m
[1004.290s] [ 74%] [32mBuilding CXX object CMakeFiles/px4_msgs__rosidl_typesupport_fastrtps_cpp.dir/rosidl_typesupport_fastrtps_cpp/px4_msgs/msg/detail/dds_fastrtps/manual_control_setpoint__type_support.cpp.o[0m
[1005.040s] [ 74%] [32mBuilding CXX object CMakeFiles/px4_msgs__rosidl_typesupport_fastrtps_cpp.dir/rosidl_typesupport_fastrtps_cpp/px4_msgs/msg/detail/dds_fastrtps/manual_control_switches__type_support.cpp.o[0m
[1005.745s] [ 74%] [32mBuilding CXX object CMakeFiles/px4_msgs__rosidl_typesupport_fastrtps_cpp.dir/rosidl_typesupport_fastrtps_cpp/px4_msgs/msg/detail/dds_fastrtps/mavlink_log__type_support.cpp.o[0m
[1006.442s] [ 74%] [32mBuilding CXX object CMakeFiles/px4_msgs__rosidl_typesupport_fastrtps_cpp.dir/rosidl_typesupport_fastrtps_cpp/px4_msgs/msg/detail/dds_fastrtps/mavlink_tunnel__type_support.cpp.o[0m
[1007.154s] [ 74%] [32mBuilding CXX object CMakeFiles/px4_msgs__rosidl_typesupport_fastrtps_cpp.dir/rosidl_typesupport_fastrtps_cpp/px4_msgs/msg/detail/dds_fastrtps/message_format_request__type_support.cpp.o[0m
[1007.878s] [ 74%] [32mBuilding CXX object CMakeFiles/px4_msgs__rosidl_typesupport_fastrtps_cpp.dir/rosidl_typesupport_fastrtps_cpp/px4_msgs/msg/detail/dds_fastrtps/message_format_response__type_support.cpp.o[0m
[1008.598s] [ 74%] [32mBuilding CXX object CMakeFiles/px4_msgs__rosidl_typesupport_fastrtps_cpp.dir/rosidl_typesupport_fastrtps_cpp/px4_msgs/msg/detail/dds_fastrtps/mission__type_support.cpp.o[0m
[1009.327s] [ 74%] [32mBuilding CXX object CMakeFiles/px4_msgs__rosidl_typesupport_fastrtps_cpp.dir/rosidl_typesupport_fastrtps_cpp/px4_msgs/msg/detail/dds_fastrtps/mission_result__type_support.cpp.o[0m
[1010.064s] [ 74%] [32mBuilding CXX object CMakeFiles/px4_msgs__rosidl_typesupport_fastrtps_cpp.dir/rosidl_typesupport_fastrtps_cpp/px4_msgs/msg/detail/dds_fastrtps/mode_completed__type_support.cpp.o[0m
[1010.782s] [ 74%] [32mBuilding CXX object CMakeFiles/px4_msgs__rosidl_typesupport_fastrtps_cpp.dir/rosidl_typesupport_fastrtps_cpp/px4_msgs/msg/detail/dds_fastrtps/mount_orientation__type_support.cpp.o[0m
[1011.557s] [ 74%] [32mBuilding CXX object CMakeFiles/px4_msgs__rosidl_typesupport_fastrtps_cpp.dir/rosidl_typesupport_fastrtps_cpp/px4_msgs/msg/detail/dds_fastrtps/navigator_mission_item__type_support.cpp.o[0m
[1012.398s] [ 74%] [32mBuilding CXX object CMakeFiles/px4_msgs__rosidl_typesupport_fastrtps_cpp.dir/rosidl_typesupport_fastrtps_cpp/px4_msgs/msg/detail/dds_fastrtps/navigator_status__type_support.cpp.o[0m
[1013.200s] [ 74%] [32mBuilding CXX object CMakeFiles/px4_msgs__rosidl_typesupport_fastrtps_cpp.dir/rosidl_typesupport_fastrtps_cpp/px4_msgs/msg/detail/dds_fastrtps/neural_control__type_support.cpp.o[0m
[1013.976s] [ 74%] [32mBuilding CXX object CMakeFiles/px4_msgs__rosidl_typesupport_fastrtps_cpp.dir/rosidl_typesupport_fastrtps_cpp/px4_msgs/msg/detail/dds_fastrtps/normalized_unsigned_setpoint__type_support.cpp.o[0m
[1014.719s] [ 74%] [32mBuilding CXX object CMakeFiles/px4_msgs__rosidl_typesupport_fastrtps_cpp.dir/rosidl_typesupport_fastrtps_cpp/px4_msgs/msg/detail/dds_fastrtps/obstacle_distance__type_support.cpp.o[0m
[1015.466s] [ 74%] [32mBuilding CXX object CMakeFiles/px4_msgs__rosidl_typesupport_fastrtps_cpp.dir/rosidl_typesupport_fastrtps_cpp/px4_msgs/msg/detail/dds_fastrtps/offboard_control_mode__type_support.cpp.o[0m
[1016.192s] [ 75%] [32mBuilding CXX object CMakeFiles/px4_msgs__rosidl_typesupport_fastrtps_cpp.dir/rosidl_typesupport_fastrtps_cpp/px4_msgs/msg/detail/dds_fastrtps/onboard_computer_status__type_support.cpp.o[0m
[1017.043s] [ 75%] [32mBuilding CXX object CMakeFiles/px4_msgs__rosidl_typesupport_fastrtps_cpp.dir/rosidl_typesupport_fastrtps_cpp/px4_msgs/msg/detail/dds_fastrtps/open_drone_id_arm_status__type_support.cpp.o[0m
[1017.794s] [ 75%] [32mBuilding CXX object CMakeFiles/px4_msgs__rosidl_typesupport_fastrtps_cpp.dir/rosidl_typesupport_fastrtps_cpp/px4_msgs/msg/detail/dds_fastrtps/open_drone_id_operator_id__type_support.cpp.o[0m
[1018.531s] [ 75%] [32mBuilding CXX object CMakeFiles/px4_msgs__rosidl_typesupport_fastrtps_cpp.dir/rosidl_typesupport_fastrtps_cpp/px4_msgs/msg/detail/dds_fastrtps/open_drone_id_self_id__type_support.cpp.o[0m
[1019.290s] [ 75%] [32mBuilding CXX object CMakeFiles/px4_msgs__rosidl_typesupport_fastrtps_cpp.dir/rosidl_typesupport_fastrtps_cpp/px4_msgs/msg/detail/dds_fastrtps/open_drone_id_system__type_support.cpp.o[0m
[1020.074s] [ 75%] [32mBuilding CXX object CMakeFiles/px4_msgs__rosidl_typesupport_fastrtps_cpp.dir/rosidl_typesupport_fastrtps_cpp/px4_msgs/msg/detail/dds_fastrtps/orb_test__type_support.cpp.o[0m
[1020.771s] [ 75%] [32mBuilding CXX object CMakeFiles/px4_msgs__rosidl_typesupport_fastrtps_cpp.dir/rosidl_typesupport_fastrtps_cpp/px4_msgs/msg/detail/dds_fastrtps/orb_test_large__type_support.cpp.o[0m
[1021.458s] [ 75%] [32mBuilding CXX object CMakeFiles/px4_msgs__rosidl_typesupport_fastrtps_cpp.dir/rosidl_typesupport_fastrtps_cpp/px4_msgs/msg/detail/dds_fastrtps/orb_test_medium__type_support.cpp.o[0m
[1022.194s] [ 75%] [32mBuilding CXX object CMakeFiles/px4_msgs__rosidl_typesupport_fastrtps_cpp.dir/rosidl_typesupport_fastrtps_cpp/px4_msgs/msg/detail/dds_fastrtps/orbit_status__type_support.cpp.o[0m
[1022.951s] [ 75%] [32mBuilding CXX object CMakeFiles/px4_msgs__rosidl_typesupport_fastrtps_cpp.dir/rosidl_typesupport_fastrtps_cpp/px4_msgs/msg/detail/dds_fastrtps/parameter_reset_request__type_support.cpp.o[0m
[1023.648s] [ 75%] [32mBuilding CXX object CMakeFiles/px4_msgs__rosidl_typesupport_fastrtps_cpp.dir/rosidl_typesupport_fastrtps_cpp/px4_msgs/msg/detail/dds_fastrtps/parameter_set_used_request__type_support.cpp.o[0m
[1024.349s] [ 75%] [32mBuilding CXX object CMakeFiles/px4_msgs__rosidl_typesupport_fastrtps_cpp.dir/rosidl_typesupport_fastrtps_cpp/px4_msgs/msg/detail/dds_fastrtps/parameter_set_value_request__type_support.cpp.o[0m
[1025.060s] [ 75%] [32mBuilding CXX object CMakeFiles/px4_msgs__rosidl_typesupport_fastrtps_cpp.dir/rosidl_typesupport_fastrtps_cpp/px4_msgs/msg/detail/dds_fastrtps/parameter_set_value_response__type_support.cpp.o[0m
[1025.789s] [ 75%] [32mBuilding CXX object CMakeFiles/px4_msgs__rosidl_typesupport_fastrtps_cpp.dir/rosidl_typesupport_fastrtps_cpp/px4_msgs/msg/detail/dds_fastrtps/parameter_update__type_support.cpp.o[0m
[1026.536s] [ 75%] [32mBuilding CXX object CMakeFiles/px4_msgs__rosidl_typesupport_fastrtps_cpp.dir/rosidl_typesupport_fastrtps_cpp/px4_msgs/msg/detail/dds_fastrtps/ping__type_support.cpp.o[0m
[1027.234s] [ 75%] [32mBuilding CXX object CMakeFiles/px4_msgs__rosidl_typesupport_fastrtps_cpp.dir/rosidl_typesupport_fastrtps_cpp/px4_msgs/msg/detail/dds_fastrtps/position_controller_landing_status__type_support.cpp.o[0m
[1027.947s] [ 75%] [32mBuilding CXX object CMakeFiles/px4_msgs__rosidl_typesupport_fastrtps_cpp.dir/rosidl_typesupport_fastrtps_cpp/px4_msgs/msg/detail/dds_fastrtps/position_controller_status__type_support.cpp.o[0m
[1028.643s] [ 75%] [32mBuilding CXX object CMakeFiles/px4_msgs__rosidl_typesupport_fastrtps_cpp.dir/rosidl_typesupport_fastrtps_cpp/px4_msgs/msg/detail/dds_fastrtps/position_setpoint__type_support.cpp.o[0m
[1029.402s] [ 75%] [32mBuilding CXX object CMakeFiles/px4_msgs__rosidl_typesupport_fastrtps_cpp.dir/rosidl_typesupport_fastrtps_cpp/px4_msgs/msg/detail/dds_fastrtps/position_setpoint_triplet__type_support.cpp.o[0m
[1030.187s] [ 75%] [32mBuilding CXX object CMakeFiles/px4_msgs__rosidl_typesupport_fastrtps_cpp.dir/rosidl_typesupport_fastrtps_cpp/px4_msgs/msg/detail/dds_fastrtps/power_button_state__type_support.cpp.o[0m
[1030.922s] [ 75%] [32mBuilding CXX object CMakeFiles/px4_msgs__rosidl_typesupport_fastrtps_cpp.dir/rosidl_typesupport_fastrtps_cpp/px4_msgs/msg/detail/dds_fastrtps/power_monitor__type_support.cpp.o[0m
[1031.701s] [ 75%] [32mBuilding CXX object CMakeFiles/px4_msgs__rosidl_typesupport_fastrtps_cpp.dir/rosidl_typesupport_fastrtps_cpp/px4_msgs/msg/detail/dds_fastrtps/pps_capture__type_support.cpp.o[0m
[1032.478s] [ 75%] [32mBuilding CXX object CMakeFiles/px4_msgs__rosidl_typesupport_fastrtps_cpp.dir/rosidl_typesupport_fastrtps_cpp/px4_msgs/msg/detail/dds_fastrtps/pure_pursuit_status__type_support.cpp.o[0m
[1033.237s] [ 75%] [32mBuilding CXX object CMakeFiles/px4_msgs__rosidl_typesupport_fastrtps_cpp.dir/rosidl_typesupport_fastrtps_cpp/px4_msgs/msg/detail/dds_fastrtps/pwm_input__type_support.cpp.o[0m
[1033.992s] [ 75%] [32mBuilding CXX object CMakeFiles/px4_msgs__rosidl_typesupport_fastrtps_cpp.dir/rosidl_typesupport_fastrtps_cpp/px4_msgs/msg/detail/dds_fastrtps/px4io_status__type_support.cpp.o[0m
[1034.826s] [ 76%] [32mBuilding CXX object CMakeFiles/px4_msgs__rosidl_typesupport_fastrtps_cpp.dir/rosidl_typesupport_fastrtps_cpp/px4_msgs/msg/detail/dds_fastrtps/qshell_req__type_support.cpp.o[0m
[1035.589s] [ 76%] [32mBuilding CXX object CMakeFiles/px4_msgs__rosidl_typesupport_fastrtps_cpp.dir/rosidl_typesupport_fastrtps_cpp/px4_msgs/msg/detail/dds_fastrtps/qshell_retval__type_support.cpp.o[0m
[1036.354s] [ 76%] [32mBuilding CXX object CMakeFiles/px4_msgs__rosidl_typesupport_fastrtps_cpp.dir/rosidl_typesupport_fastrtps_cpp/px4_msgs/msg/detail/dds_fastrtps/radio_status__type_support.cpp.o[0m
[1037.136s] [ 76%] [32mBuilding CXX object CMakeFiles/px4_msgs__rosidl_typesupport_fastrtps_cpp.dir/rosidl_typesupport_fastrtps_cpp/px4_msgs/msg/detail/dds_fastrtps/raptor_input__type_support.cpp.o[0m
[1037.954s] [ 76%] [32mBuilding CXX object CMakeFiles/px4_msgs__rosidl_typesupport_fastrtps_cpp.dir/rosidl_typesupport_fastrtps_cpp/px4_msgs/msg/detail/dds_fastrtps/raptor_status__type_support.cpp.o[0m
[1038.739s] [ 76%] [32mBuilding CXX object CMakeFiles/px4_msgs__rosidl_typesupport_fastrtps_cpp.dir/rosidl_typesupport_fastrtps_cpp/px4_msgs/msg/detail/dds_fastrtps/rate_ctrl_status__type_support.cpp.o[0m
[1039.440s] [ 76%] [32mBuilding CXX object CMakeFiles/px4_msgs__rosidl_typesupport_fastrtps_cpp.dir/rosidl_typesupport_fastrtps_cpp/px4_msgs/msg/detail/dds_fastrtps/rc_channels__type_support.cpp.o[0m
[1040.220s] [ 76%] [32mBuilding CXX object CMakeFiles/px4_msgs__rosidl_typesupport_fastrtps_cpp.dir/rosidl_typesupport_fastrtps_cpp/px4_msgs/msg/detail/dds_fastrtps/rc_parameter_map__type_support.cpp.o[0m
[1040.999s] [ 76%] [32mBuilding CXX object CMakeFiles/px4_msgs__rosidl_typesupport_fastrtps_cpp.dir/rosidl_typesupport_fastrtps_cpp/px4_msgs/msg/detail/dds_fastrtps/register_ext_component_reply__type_support.cpp.o[0m
[1041.740s] [ 76%] [32mBuilding CXX object CMakeFiles/px4_msgs__rosidl_typesupport_fastrtps_cpp.dir/rosidl_typesupport_fastrtps_cpp/px4_msgs/msg/detail/dds_fastrtps/register_ext_component_request__type_support.cpp.o[0m
[1042.472s] [ 76%] [32mBuilding CXX object CMakeFiles/px4_msgs__rosidl_typesupport_fastrtps_cpp.dir/rosidl_typesupport_fastrtps_cpp/px4_msgs/msg/detail/dds_fastrtps/rover_attitude_setpoint__type_support.cpp.o[0m
[1043.138s] [ 76%] [32mBuilding CXX object CMakeFiles/px4_msgs__rosidl_typesupport_fastrtps_cpp.dir/rosidl_typesupport_fastrtps_cpp/px4_msgs/msg/detail/dds_fastrtps/rover_attitude_status__type_support.cpp.o[0m
[1043.833s] [ 76%] [32mBuilding CXX object CMakeFiles/px4_msgs__rosidl_typesupport_fastrtps_cpp.dir/rosidl_typesupport_fastrtps_cpp/px4_msgs/msg/detail/dds_fastrtps/rover_position_setpoint__type_support.cpp.o[0m
[1044.546s] [ 76%] [32mBuilding CXX object CMakeFiles/px4_msgs__rosidl_typesupport_fastrtps_cpp.dir/rosidl_typesupport_fastrtps_cpp/px4_msgs/msg/detail/dds_fastrtps/rover_rate_setpoint__type_support.cpp.o[0m
[1045.215s] [ 76%] [32mBuilding CXX object CMakeFiles/px4_msgs__rosidl_typesupport_fastrtps_cpp.dir/rosidl_typesupport_fastrtps_cpp/px4_msgs/msg/detail/dds_fastrtps/rover_rate_status__type_support.cpp.o[0m
[1045.874s] [ 76%] [32mBuilding CXX object CMakeFiles/px4_msgs__rosidl_typesupport_fastrtps_cpp.dir/rosidl_typesupport_fastrtps_cpp/px4_msgs/msg/detail/dds_fastrtps/rover_speed_setpoint__type_support.cpp.o[0m
[1046.636s] [ 76%] [32mBuilding CXX object CMakeFiles/px4_msgs__rosidl_typesupport_fastrtps_cpp.dir/rosidl_typesupport_fastrtps_cpp/px4_msgs/msg/detail/dds_fastrtps/rover_speed_status__type_support.cpp.o[0m
[1047.466s] [ 76%] [32mBuilding CXX object CMakeFiles/px4_msgs__rosidl_typesupport_fastrtps_cpp.dir/rosidl_typesupport_fastrtps_cpp/px4_msgs/msg/detail/dds_fastrtps/rover_steering_setpoint__type_support.cpp.o[0m
[1048.231s] [ 76%] [32mBuilding CXX object CMakeFiles/px4_msgs__rosidl_typesupport_fastrtps_cpp.dir/rosidl_typesupport_fastrtps_cpp/px4_msgs/msg/detail/dds_fastrtps/rover_throttle_setpoint__type_support.cpp.o[0m
[1048.993s] [ 76%] [32mBuilding CXX object CMakeFiles/px4_msgs__rosidl_typesupport_fastrtps_cpp.dir/rosidl_typesupport_fastrtps_cpp/px4_msgs/msg/detail/dds_fastrtps/rpm__type_support.cpp.o[0m
[1049.714s] [ 76%] [32mBuilding CXX object CMakeFiles/px4_msgs__rosidl_typesupport_fastrtps_cpp.dir/rosidl_typesupport_fastrtps_cpp/px4_msgs/msg/detail/dds_fastrtps/rtl_status__type_support.cpp.o[0m
[1050.517s] [ 76%] [32mBuilding CXX object CMakeFiles/px4_msgs__rosidl_typesupport_fastrtps_cpp.dir/rosidl_typesupport_fastrtps_cpp/px4_msgs/msg/detail/dds_fastrtps/rtl_time_estimate__type_support.cpp.o[0m
[1051.291s] [ 76%] [32mBuilding CXX object CMakeFiles/px4_msgs__rosidl_typesupport_fastrtps_cpp.dir/rosidl_typesupport_fastrtps_cpp/px4_msgs/msg/detail/dds_fastrtps/satellite_info__type_support.cpp.o[0m
[1052.017s] [ 76%] [32mBuilding CXX object CMakeFiles/px4_msgs__rosidl_typesupport_fastrtps_cpp.dir/rosidl_typesupport_fastrtps_cpp/px4_msgs/msg/detail/dds_fastrtps/sensor_accel__type_support.cpp.o[0m
[1052.774s] [ 77%] [32mBuilding CXX object CMakeFiles/px4_msgs__rosidl_typesupport_fastrtps_cpp.dir/rosidl_typesupport_fastrtps_cpp/px4_msgs/msg/detail/dds_fastrtps/sensor_accel_fifo__type_support.cpp.o[0m
[1053.497s] [ 77%] [32mBuilding CXX object CMakeFiles/px4_msgs__rosidl_typesupport_fastrtps_cpp.dir/rosidl_typesupport_fastrtps_cpp/px4_msgs/msg/detail/dds_fastrtps/sensor_airflow__type_support.cpp.o[0m
[1054.201s] [ 77%] [32mBuilding CXX object CMakeFiles/px4_msgs__rosidl_typesupport_fastrtps_cpp.dir/rosidl_typesupport_fastrtps_cpp/px4_msgs/msg/detail/dds_fastrtps/sensor_baro__type_support.cpp.o[0m
[1054.908s] [ 77%] [32mBuilding CXX object CMakeFiles/px4_msgs__rosidl_typesupport_fastrtps_cpp.dir/rosidl_typesupport_fastrtps_cpp/px4_msgs/msg/detail/dds_fastrtps/sensor_combined__type_support.cpp.o[0m
[1055.637s] [ 77%] [32mBuilding CXX object CMakeFiles/px4_msgs__rosidl_typesupport_fastrtps_cpp.dir/rosidl_typesupport_fastrtps_cpp/px4_msgs/msg/detail/dds_fastrtps/sensor_correction__type_support.cpp.o[0m
[1056.420s] [ 77%] [32mBuilding CXX object CMakeFiles/px4_msgs__rosidl_typesupport_fastrtps_cpp.dir/rosidl_typesupport_fastrtps_cpp/px4_msgs/msg/detail/dds_fastrtps/sensor_gnss_relative__type_support.cpp.o[0m
[1057.225s] [ 77%] [32mBuilding CXX object CMakeFiles/px4_msgs__rosidl_typesupport_fastrtps_cpp.dir/rosidl_typesupport_fastrtps_cpp/px4_msgs/msg/detail/dds_fastrtps/sensor_gnss_status__type_support.cpp.o[0m
[1057.983s] [ 77%] [32mBuilding CXX object CMakeFiles/px4_msgs__rosidl_typesupport_fastrtps_cpp.dir/rosidl_typesupport_fastrtps_cpp/px4_msgs/msg/detail/dds_fastrtps/sensor_gps__type_support.cpp.o[0m
[1058.816s] [ 77%] [32mBuilding CXX object CMakeFiles/px4_msgs__rosidl_typesupport_fastrtps_cpp.dir/rosidl_typesupport_fastrtps_cpp/px4_msgs/msg/detail/dds_fastrtps/sensor_gyro__type_support.cpp.o[0m
[1059.608s] [ 77%] [32mBuilding CXX object CMakeFiles/px4_msgs__rosidl_typesupport_fastrtps_cpp.dir/rosidl_typesupport_fastrtps_cpp/px4_msgs/msg/detail/dds_fastrtps/sensor_gyro_fft__type_support.cpp.o[0m
[1060.373s] [ 77%] [32mBuilding CXX object CMakeFiles/px4_msgs__rosidl_typesupport_fastrtps_cpp.dir/rosidl_typesupport_fastrtps_cpp/px4_msgs/msg/detail/dds_fastrtps/sensor_gyro_fifo__type_support.cpp.o[0m
[1061.129s] [ 77%] [32mBuilding CXX object CMakeFiles/px4_msgs__rosidl_typesupport_fastrtps_cpp.dir/rosidl_typesupport_fastrtps_cpp/px4_msgs/msg/detail/dds_fastrtps/sensor_hygrometer__type_support.cpp.o[0m
[1061.819s] [ 77%] [32mBuilding CXX object CMakeFiles/px4_msgs__rosidl_typesupport_fastrtps_cpp.dir/rosidl_typesupport_fastrtps_cpp/px4_msgs/msg/detail/dds_fastrtps/sensor_mag__type_support.cpp.o[0m
[1062.545s] [ 77%] [32mBuilding CXX object CMakeFiles/px4_msgs__rosidl_typesupport_fastrtps_cpp.dir/rosidl_typesupport_fastrtps_cpp/px4_msgs/msg/detail/dds_fastrtps/sensor_optical_flow__type_support.cpp.o[0m
[1063.324s] [ 77%] [32mBuilding CXX object CMakeFiles/px4_msgs__rosidl_typesupport_fastrtps_cpp.dir/rosidl_typesupport_fastrtps_cpp/px4_msgs/msg/detail/dds_fastrtps/sensor_preflight_mag__type_support.cpp.o[0m
[1064.074s] [ 77%] [32mBuilding CXX object CMakeFiles/px4_msgs__rosidl_typesupport_fastrtps_cpp.dir/rosidl_typesupport_fastrtps_cpp/px4_msgs/msg/detail/dds_fastrtps/sensor_selection__type_support.cpp.o[0m
[1064.815s] [ 77%] [32mBuilding CXX object CMakeFiles/px4_msgs__rosidl_typesupport_fastrtps_cpp.dir/rosidl_typesupport_fastrtps_cpp/px4_msgs/msg/detail/dds_fastrtps/sensor_temp__type_support.cpp.o[0m
[1065.557s] [ 77%] [32mBuilding CXX object CMakeFiles/px4_msgs__rosidl_typesupport_fastrtps_cpp.dir/rosidl_typesupport_fastrtps_cpp/px4_msgs/msg/detail/dds_fastrtps/sensor_uwb__type_support.cpp.o[0m
[1066.350s] [ 77%] [32mBuilding CXX object CMakeFiles/px4_msgs__rosidl_typesupport_fastrtps_cpp.dir/rosidl_typesupport_fastrtps_cpp/px4_msgs/msg/detail/dds_fastrtps/sensors_status__type_support.cpp.o[0m
[1067.098s] [ 77%] [32mBuilding CXX object CMakeFiles/px4_msgs__rosidl_typesupport_fastrtps_cpp.dir/rosidl_typesupport_fastrtps_cpp/px4_msgs/msg/detail/dds_fastrtps/sensors_status_imu__type_support.cpp.o[0m
[1067.852s] [ 77%] [32mBuilding CXX object CMakeFiles/px4_msgs__rosidl_typesupport_fastrtps_cpp.dir/rosidl_typesupport_fastrtps_cpp/px4_msgs/msg/detail/dds_fastrtps/system_power__type_support.cpp.o[0m
[1068.586s] [ 77%] [32mBuilding CXX object CMakeFiles/px4_msgs__rosidl_typesupport_fastrtps_cpp.dir/rosidl_typesupport_fastrtps_cpp/px4_msgs/msg/detail/dds_fastrtps/takeoff_status__type_support.cpp.o[0m
[1069.287s] [ 77%] [32mBuilding CXX object CMakeFiles/px4_msgs__rosidl_typesupport_fastrtps_cpp.dir/rosidl_typesupport_fastrtps_cpp/px4_msgs/msg/detail/dds_fastrtps/task_stack_info__type_support.cpp.o[0m
[1070.006s] [ 77%] [32mBuilding CXX object CMakeFiles/px4_msgs__rosidl_typesupport_fastrtps_cpp.dir/rosidl_typesupport_fastrtps_cpp/px4_msgs/msg/detail/dds_fastrtps/tecs_status__type_support.cpp.o[0m
[1070.731s] [ 77%] [32mBuilding CXX object CMakeFiles/px4_msgs__rosidl_typesupport_fastrtps_cpp.dir/rosidl_typesupport_fastrtps_cpp/px4_msgs/msg/detail/dds_fastrtps/telemetry_status__type_support.cpp.o[0m
[1071.501s] [ 78%] [32mBuilding CXX object CMakeFiles/px4_msgs__rosidl_typesupport_fastrtps_cpp.dir/rosidl_typesupport_fastrtps_cpp/px4_msgs/msg/detail/dds_fastrtps/tiltrotor_extra_controls__type_support.cpp.o[0m
[1072.237s] [ 78%] [32mBuilding CXX object CMakeFiles/px4_msgs__rosidl_typesupport_fastrtps_cpp.dir/rosidl_typesupport_fastrtps_cpp/px4_msgs/msg/detail/dds_fastrtps/timesync_status__type_support.cpp.o[0m
[1073.061s] [ 78%] [32mBuilding CXX object CMakeFiles/px4_msgs__rosidl_typesupport_fastrtps_cpp.dir/rosidl_typesupport_fastrtps_cpp/px4_msgs/msg/detail/dds_fastrtps/trajectory_setpoint__type_support.cpp.o[0m
[1073.850s] [ 78%] [32mBuilding CXX object CMakeFiles/px4_msgs__rosidl_typesupport_fastrtps_cpp.dir/rosidl_typesupport_fastrtps_cpp/px4_msgs/msg/detail/dds_fastrtps/trajectory_setpoint6dof__type_support.cpp.o[0m
[1074.622s] [ 78%] [32mBuilding CXX object CMakeFiles/px4_msgs__rosidl_typesupport_fastrtps_cpp.dir/rosidl_typesupport_fastrtps_cpp/px4_msgs/msg/detail/dds_fastrtps/transponder_report__type_support.cpp.o[0m
[1075.425s] [ 78%] [32mBuilding CXX object CMakeFiles/px4_msgs__rosidl_typesupport_fastrtps_cpp.dir/rosidl_typesupport_fastrtps_cpp/px4_msgs/msg/detail/dds_fastrtps/tune_control__type_support.cpp.o[0m
[1076.153s] [ 78%] [32mBuilding CXX object CMakeFiles/px4_msgs__rosidl_typesupport_fastrtps_cpp.dir/rosidl_typesupport_fastrtps_cpp/px4_msgs/msg/detail/dds_fastrtps/uavcan_parameter_request__type_support.cpp.o[0m
[1076.895s] [ 78%] [32mBuilding CXX object CMakeFiles/px4_msgs__rosidl_typesupport_fastrtps_cpp.dir/rosidl_typesupport_fastrtps_cpp/px4_msgs/msg/detail/dds_fastrtps/uavcan_parameter_value__type_support.cpp.o[0m
[1077.639s] [ 78%] [32mBuilding CXX object CMakeFiles/px4_msgs__rosidl_typesupport_fastrtps_cpp.dir/rosidl_typesupport_fastrtps_cpp/px4_msgs/msg/detail/dds_fastrtps/ulog_stream__type_support.cpp.o[0m
[1078.369s] [ 78%] [32mBuilding CXX object CMakeFiles/px4_msgs__rosidl_typesupport_fastrtps_cpp.dir/rosidl_typesupport_fastrtps_cpp/px4_msgs/msg/detail/dds_fastrtps/ulog_stream_ack__type_support.cpp.o[0m
[1079.069s] [ 78%] [32mBuilding CXX object CMakeFiles/px4_msgs__rosidl_typesupport_fastrtps_cpp.dir/rosidl_typesupport_fastrtps_cpp/px4_msgs/msg/detail/dds_fastrtps/unregister_ext_component__type_support.cpp.o[0m
[1079.805s] [ 78%] [32mBuilding CXX object CMakeFiles/px4_msgs__rosidl_typesupport_fastrtps_cpp.dir/rosidl_typesupport_fastrtps_cpp/px4_msgs/msg/detail/dds_fastrtps/vehicle_acceleration__type_support.cpp.o[0m
[1080.512s] [ 78%] [32mBuilding CXX object CMakeFiles/px4_msgs__rosidl_typesupport_fastrtps_cpp.dir/rosidl_typesupport_fastrtps_cpp/px4_msgs/msg/detail/dds_fastrtps/vehicle_air_data__type_support.cpp.o[0m
[1081.241s] [ 78%] [32mBuilding CXX object CMakeFiles/px4_msgs__rosidl_typesupport_fastrtps_cpp.dir/rosidl_typesupport_fastrtps_cpp/px4_msgs/msg/detail/dds_fastrtps/vehicle_angular_acceleration_setpoint__type_support.cpp.o[0m
[1081.942s] [ 78%] [32mBuilding CXX object CMakeFiles/px4_msgs__rosidl_typesupport_fastrtps_cpp.dir/rosidl_typesupport_fastrtps_cpp/px4_msgs/msg/detail/dds_fastrtps/vehicle_angular_velocity__type_support.cpp.o[0m
[1082.717s] [ 78%] [32mBuilding CXX object CMakeFiles/px4_msgs__rosidl_typesupport_fastrtps_cpp.dir/rosidl_typesupport_fastrtps_cpp/px4_msgs/msg/detail/dds_fastrtps/vehicle_attitude__type_support.cpp.o[0m
[1083.490s] [ 78%] [32mBuilding CXX object CMakeFiles/px4_msgs__rosidl_typesupport_fastrtps_cpp.dir/rosidl_typesupport_fastrtps_cpp/px4_msgs/msg/detail/dds_fastrtps/vehicle_attitude_setpoint__type_support.cpp.o[0m
[1084.274s] [ 78%] [32mBuilding CXX object CMakeFiles/px4_msgs__rosidl_typesupport_fastrtps_cpp.dir/rosidl_typesupport_fastrtps_cpp/px4_msgs/msg/detail/dds_fastrtps/vehicle_command__type_support.cpp.o[0m
[1085.057s] [ 78%] [32mBuilding CXX object CMakeFiles/px4_msgs__rosidl_typesupport_fastrtps_cpp.dir/rosidl_typesupport_fastrtps_cpp/px4_msgs/msg/detail/dds_fastrtps/vehicle_command_ack__type_support.cpp.o[0m
[1085.831s] [ 78%] [32mBuilding CXX object CMakeFiles/px4_msgs__rosidl_typesupport_fastrtps_cpp.dir/rosidl_typesupport_fastrtps_cpp/px4_msgs/msg/detail/dds_fastrtps/vehicle_constraints__type_support.cpp.o[0m
[1086.603s] [ 78%] [32mBuilding CXX object CMakeFiles/px4_msgs__rosidl_typesupport_fastrtps_cpp.dir/rosidl_typesupport_fastrtps_cpp/px4_msgs/msg/detail/dds_fastrtps/vehicle_control_mode__type_support.cpp.o[0m
[1087.339s] [ 78%] [32mBuilding CXX object CMakeFiles/px4_msgs__rosidl_typesupport_fastrtps_cpp.dir/rosidl_typesupport_fastrtps_cpp/px4_msgs/msg/detail/dds_fastrtps/vehicle_global_position__type_support.cpp.o[0m
[1088.058s] [ 78%] [32mBuilding CXX object CMakeFiles/px4_msgs__rosidl_typesupport_fastrtps_cpp.dir/rosidl_typesupport_fastrtps_cpp/px4_msgs/msg/detail/dds_fastrtps/vehicle_imu__type_support.cpp.o[0m
[1088.774s] [ 78%] [32mBuilding CXX object CMakeFiles/px4_msgs__rosidl_typesupport_fastrtps_cpp.dir/rosidl_typesupport_fastrtps_cpp/px4_msgs/msg/detail/dds_fastrtps/vehicle_imu_status__type_support.cpp.o[0m
[1089.527s] [ 79%] [32mBuilding CXX object CMakeFiles/px4_msgs__rosidl_typesupport_fastrtps_cpp.dir/rosidl_typesupport_fastrtps_cpp/px4_msgs/msg/detail/dds_fastrtps/vehicle_land_detected__type_support.cpp.o[0m
[1090.285s] [ 79%] [32mBuilding CXX object CMakeFiles/px4_msgs__rosidl_typesupport_fastrtps_cpp.dir/rosidl_typesupport_fastrtps_cpp/px4_msgs/msg/detail/dds_fastrtps/vehicle_local_position__type_support.cpp.o[0m
[1091.144s] [ 79%] [32mBuilding CXX object CMakeFiles/px4_msgs__rosidl_typesupport_fastrtps_cpp.dir/rosidl_typesupport_fastrtps_cpp/px4_msgs/msg/detail/dds_fastrtps/vehicle_local_position_setpoint__type_support.cpp.o[0m
[1091.946s] [ 79%] [32mBuilding CXX object CMakeFiles/px4_msgs__rosidl_typesupport_fastrtps_cpp.dir/rosidl_typesupport_fastrtps_cpp/px4_msgs/msg/detail/dds_fastrtps/vehicle_magnetometer__type_support.cpp.o[0m
[1092.726s] [ 79%] [32mBuilding CXX object CMakeFiles/px4_msgs__rosidl_typesupport_fastrtps_cpp.dir/rosidl_typesupport_fastrtps_cpp/px4_msgs/msg/detail/dds_fastrtps/vehicle_odometry__type_support.cpp.o[0m
[1093.537s] [ 79%] [32mBuilding CXX object CMakeFiles/px4_msgs__rosidl_typesupport_fastrtps_cpp.dir/rosidl_typesupport_fastrtps_cpp/px4_msgs/msg/detail/dds_fastrtps/vehicle_optical_flow__type_support.cpp.o[0m
[1094.359s] [ 79%] [32mBuilding CXX object CMakeFiles/px4_msgs__rosidl_typesupport_fastrtps_cpp.dir/rosidl_typesupport_fastrtps_cpp/px4_msgs/msg/detail/dds_fastrtps/vehicle_optical_flow_vel__type_support.cpp.o[0m
[1095.284s] [ 79%] [32mBuilding CXX object CMakeFiles/px4_msgs__rosidl_typesupport_fastrtps_cpp.dir/rosidl_typesupport_fastrtps_cpp/px4_msgs/msg/detail/dds_fastrtps/vehicle_rates_setpoint__type_support.cpp.o[0m
[1096.071s] [ 79%] [32mBuilding CXX object CMakeFiles/px4_msgs__rosidl_typesupport_fastrtps_cpp.dir/rosidl_typesupport_fastrtps_cpp/px4_msgs/msg/detail/dds_fastrtps/vehicle_roi__type_support.cpp.o[0m
[1096.845s] [ 79%] [32mBuilding CXX object CMakeFiles/px4_msgs__rosidl_typesupport_fastrtps_cpp.dir/rosidl_typesupport_fastrtps_cpp/px4_msgs/msg/detail/dds_fastrtps/vehicle_status__type_support.cpp.o[0m
[1097.625s] [ 79%] [32mBuilding CXX object CMakeFiles/px4_msgs__rosidl_typesupport_fastrtps_cpp.dir/rosidl_typesupport_fastrtps_cpp/px4_msgs/msg/detail/dds_fastrtps/vehicle_thrust_setpoint__type_support.cpp.o[0m
[1098.378s] [ 79%] [32mBuilding CXX object CMakeFiles/px4_msgs__rosidl_typesupport_fastrtps_cpp.dir/rosidl_typesupport_fastrtps_cpp/px4_msgs/msg/detail/dds_fastrtps/vehicle_torque_setpoint__type_support.cpp.o[0m
[1099.144s] [ 79%] [32mBuilding CXX object CMakeFiles/px4_msgs__rosidl_typesupport_fastrtps_cpp.dir/rosidl_typesupport_fastrtps_cpp/px4_msgs/msg/detail/dds_fastrtps/velocity_limits__type_support.cpp.o[0m
[1099.880s] [ 79%] [32mBuilding CXX object CMakeFiles/px4_msgs__rosidl_typesupport_fastrtps_cpp.dir/rosidl_typesupport_fastrtps_cpp/px4_msgs/msg/detail/dds_fastrtps/vtol_vehicle_status__type_support.cpp.o[0m
[1100.629s] [ 79%] [32mBuilding CXX object CMakeFiles/px4_msgs__rosidl_typesupport_fastrtps_cpp.dir/rosidl_typesupport_fastrtps_cpp/px4_msgs/msg/detail/dds_fastrtps/vtx__type_support.cpp.o[0m
[1101.423s] [ 79%] [32mBuilding CXX object CMakeFiles/px4_msgs__rosidl_typesupport_fastrtps_cpp.dir/rosidl_typesupport_fastrtps_cpp/px4_msgs/msg/detail/dds_fastrtps/wheel_encoders__type_support.cpp.o[0m
[1102.167s] [ 79%] [32mBuilding CXX object CMakeFiles/px4_msgs__rosidl_typesupport_fastrtps_cpp.dir/rosidl_typesupport_fastrtps_cpp/px4_msgs/msg/detail/dds_fastrtps/wind__type_support.cpp.o[0m
[1102.877s] [ 79%] [32mBuilding CXX object CMakeFiles/px4_msgs__rosidl_typesupport_fastrtps_cpp.dir/rosidl_typesupport_fastrtps_cpp/px4_msgs/msg/detail/dds_fastrtps/yaw_estimator_status__type_support.cpp.o[0m
[1103.672s] [ 79%] [32mBuilding CXX object CMakeFiles/px4_msgs__rosidl_typesupport_fastrtps_cpp.dir/rosidl_typesupport_fastrtps_cpp/px4_msgs/srv/detail/dds_fastrtps/vehicle_command__type_support.cpp.o[0m
[1104.625s] [ 79%] [32mBuilding CXX object CMakeFiles/px4_msgs__rosidl_typesupport_fastrtps_cpp.dir/rosidl_typesupport_fastrtps_cpp/px4_msgs/msg/detail/dds_fastrtps/actuator_armed__type_support.cpp.o[0m
[1105.348s] [ 79%] [32m[1mLinking CXX shared library libpx4_msgs__rosidl_typesupport_fastrtps_cpp.so[0m
[1105.679s] [ 79%] Built target px4_msgs__rosidl_typesupport_fastrtps_cpp
[1105.712s] [ 79%] [34m[1mGenerating C type support for eProsima Fast-RTPS[0m
[1176.843s] [ 79%] [32mBuilding CXX object CMakeFiles/px4_msgs__rosidl_typesupport_fastrtps_c.dir/rosidl_typesupport_fastrtps_c/px4_msgs/msg/detail/action_request__type_support_c.cpp.o[0m
[1177.529s] [ 80%] [32mBuilding CXX object CMakeFiles/px4_msgs__rosidl_typesupport_fastrtps_c.dir/rosidl_typesupport_fastrtps_c/px4_msgs/msg/detail/actuator_motors__type_support_c.cpp.o[0m
[1178.214s] [ 80%] [32mBuilding CXX object CMakeFiles/px4_msgs__rosidl_typesupport_fastrtps_c.dir/rosidl_typesupport_fastrtps_c/px4_msgs/msg/detail/actuator_outputs__type_support_c.cpp.o[0m
[1178.895s] [ 80%] [32mBuilding CXX object CMakeFiles/px4_msgs__rosidl_typesupport_fastrtps_c.dir/rosidl_typesupport_fastrtps_c/px4_msgs/msg/detail/actuator_servos__type_support_c.cpp.o[0m
[1179.569s] [ 80%] [32mBuilding CXX object CMakeFiles/px4_msgs__rosidl_typesupport_fastrtps_c.dir/rosidl_typesupport_fastrtps_c/px4_msgs/msg/detail/actuator_servos_trim__type_support_c.cpp.o[0m
[1180.236s] [ 80%] [32mBuilding CXX object CMakeFiles/px4_msgs__rosidl_typesupport_fastrtps_c.dir/rosidl_typesupport_fastrtps_c/px4_msgs/msg/detail/actuator_test__type_support_c.cpp.o[0m
[1180.954s] [ 80%] [32mBuilding CXX object CMakeFiles/px4_msgs__rosidl_typesupport_fastrtps_c.dir/rosidl_typesupport_fastrtps_c/px4_msgs/msg/detail/adc_report__type_support_c.cpp.o[0m
[1181.658s] [ 80%] [32mBuilding CXX object CMakeFiles/px4_msgs__rosidl_typesupport_fastrtps_c.dir/rosidl_typesupport_fastrtps_c/px4_msgs/msg/detail/airspeed__type_support_c.cpp.o[0m
[1182.353s] [ 80%] [32mBuilding CXX object CMakeFiles/px4_msgs__rosidl_typesupport_fastrtps_c.dir/rosidl_typesupport_fastrtps_c/px4_msgs/msg/detail/airspeed_validated__type_support_c.cpp.o[0m
[1183.074s] [ 80%] [32mBuilding CXX object CMakeFiles/px4_msgs__rosidl_typesupport_fastrtps_c.dir/rosidl_typesupport_fastrtps_c/px4_msgs/msg/detail/airspeed_wind__type_support_c.cpp.o[0m
[1183.769s] [ 80%] [32mBuilding CXX object CMakeFiles/px4_msgs__rosidl_typesupport_fastrtps_c.dir/rosidl_typesupport_fastrtps_c/px4_msgs/msg/detail/arming_check_reply__type_support_c.cpp.o[0m
[1184.468s] [ 80%] [32mBuilding CXX object CMakeFiles/px4_msgs__rosidl_typesupport_fastrtps_c.dir/rosidl_typesupport_fastrtps_c/px4_msgs/msg/detail/arming_check_request__type_support_c.cpp.o[0m
[1185.131s] [ 80%] [32mBuilding CXX object CMakeFiles/px4_msgs__rosidl_typesupport_fastrtps_c.dir/rosidl_typesupport_fastrtps_c/px4_msgs/msg/detail/autotune_attitude_control_status__type_support_c.cpp.o[0m
[1185.807s] [ 80%] [32mBuilding CXX object CMakeFiles/px4_msgs__rosidl_typesupport_fastrtps_c.dir/rosidl_typesupport_fastrtps_c/px4_msgs/msg/detail/battery_info__type_support_c.cpp.o[0m
[1186.489s] [ 80%] [32mBuilding CXX object CMakeFiles/px4_msgs__rosidl_typesupport_fastrtps_c.dir/rosidl_typesupport_fastrtps_c/px4_msgs/msg/detail/battery_status__type_support_c.cpp.o[0m
[1187.210s] [ 80%] [32mBuilding CXX object CMakeFiles/px4_msgs__rosidl_typesupport_fastrtps_c.dir/rosidl_typesupport_fastrtps_c/px4_msgs/msg/detail/button_event__type_support_c.cpp.o[0m
[1187.866s] [ 80%] [32mBuilding CXX object CMakeFiles/px4_msgs__rosidl_typesupport_fastrtps_c.dir/rosidl_typesupport_fastrtps_c/px4_msgs/msg/detail/camera_capture__type_support_c.cpp.o[0m
[1188.547s] [ 80%] [32mBuilding CXX object CMakeFiles/px4_msgs__rosidl_typesupport_fastrtps_c.dir/rosidl_typesupport_fastrtps_c/px4_msgs/msg/detail/camera_status__type_support_c.cpp.o[0m
[1189.223s] [ 80%] [32mBuilding CXX object CMakeFiles/px4_msgs__rosidl_typesupport_fastrtps_c.dir/rosidl_typesupport_fastrtps_c/px4_msgs/msg/detail/camera_trigger__type_support_c.cpp.o[0m
[1189.898s] [ 80%] [32mBuilding CXX object CMakeFiles/px4_msgs__rosidl_typesupport_fastrtps_c.dir/rosidl_typesupport_fastrtps_c/px4_msgs/msg/detail/can_interface_status__type_support_c.cpp.o[0m
[1190.649s] [ 80%] [32mBuilding CXX object CMakeFiles/px4_msgs__rosidl_typesupport_fastrtps_c.dir/rosidl_typesupport_fastrtps_c/px4_msgs/msg/detail/cellular_status__type_support_c.cpp.o[0m
[1191.401s] [ 80%] [32mBuilding CXX object CMakeFiles/px4_msgs__rosidl_typesupport_fastrtps_c.dir/rosidl_typesupport_fastrtps_c/px4_msgs/msg/detail/collision_constraints__type_support_c.cpp.o[0m
[1192.098s] [ 80%] [32mBuilding CXX object CMakeFiles/px4_msgs__rosidl_typesupport_fastrtps_c.dir/rosidl_typesupport_fastrtps_c/px4_msgs/msg/detail/config_overrides__type_support_c.cpp.o[0m
[1192.861s] [ 80%] [32mBuilding CXX object CMakeFiles/px4_msgs__rosidl_typesupport_fastrtps_c.dir/rosidl_typesupport_fastrtps_c/px4_msgs/msg/detail/control_allocator_status__type_support_c.cpp.o[0m
[1193.596s] [ 80%] [32mBuilding CXX object CMakeFiles/px4_msgs__rosidl_typesupport_fastrtps_c.dir/rosidl_typesupport_fastrtps_c/px4_msgs/msg/detail/cpuload__type_support_c.cpp.o[0m
[1194.315s] [ 81%] [32mBuilding CXX object CMakeFiles/px4_msgs__rosidl_typesupport_fastrtps_c.dir/rosidl_typesupport_fastrtps_c/px4_msgs/msg/detail/dataman_request__type_support_c.cpp.o[0m
[1195.043s] [ 81%] [32mBuilding CXX object CMakeFiles/px4_msgs__rosidl_typesupport_fastrtps_c.dir/rosidl_typesupport_fastrtps_c/px4_msgs/msg/detail/dataman_response__type_support_c.cpp.o[0m
[1195.798s] [ 81%] [32mBuilding CXX object CMakeFiles/px4_msgs__rosidl_typesupport_fastrtps_c.dir/rosidl_typesupport_fastrtps_c/px4_msgs/msg/detail/debug_array__type_support_c.cpp.o[0m
[1196.517s] [ 81%] [32mBuilding CXX object CMakeFiles/px4_msgs__rosidl_typesupport_fastrtps_c.dir/rosidl_typesupport_fastrtps_c/px4_msgs/msg/detail/debug_key_value__type_support_c.cpp.o[0m
[1197.238s] [ 81%] [32mBuilding CXX object CMakeFiles/px4_msgs__rosidl_typesupport_fastrtps_c.dir/rosidl_typesupport_fastrtps_c/px4_msgs/msg/detail/debug_value__type_support_c.cpp.o[0m
[1197.993s] [ 81%] [32mBuilding CXX object CMakeFiles/px4_msgs__rosidl_typesupport_fastrtps_c.dir/rosidl_typesupport_fastrtps_c/px4_msgs/msg/detail/debug_vect__type_support_c.cpp.o[0m
[1198.754s] [ 81%] [32mBuilding CXX object CMakeFiles/px4_msgs__rosidl_typesupport_fastrtps_c.dir/rosidl_typesupport_fastrtps_c/px4_msgs/msg/detail/device_information__type_support_c.cpp.o[0m
[1199.514s] [ 81%] [32mBuilding CXX object CMakeFiles/px4_msgs__rosidl_typesupport_fastrtps_c.dir/rosidl_typesupport_fastrtps_c/px4_msgs/msg/detail/differential_pressure__type_support_c.cpp.o[0m
[1200.297s] [ 81%] [32mBuilding CXX object CMakeFiles/px4_msgs__rosidl_typesupport_fastrtps_c.dir/rosidl_typesupport_fastrtps_c/px4_msgs/msg/detail/distance_sensor__type_support_c.cpp.o[0m
[1201.056s] [ 81%] [32mBuilding CXX object CMakeFiles/px4_msgs__rosidl_typesupport_fastrtps_c.dir/rosidl_typesupport_fastrtps_c/px4_msgs/msg/detail/distance_sensor_mode_change_request__type_support_c.cpp.o[0m
[1201.754s] [ 81%] [32mBuilding CXX object CMakeFiles/px4_msgs__rosidl_typesupport_fastrtps_c.dir/rosidl_typesupport_fastrtps_c/px4_msgs/msg/detail/dronecan_node_status__type_support_c.cpp.o[0m
[1202.514s] [ 81%] [32mBuilding CXX object CMakeFiles/px4_msgs__rosidl_typesupport_fastrtps_c.dir/rosidl_typesupport_fastrtps_c/px4_msgs/msg/detail/ekf2_timestamps__type_support_c.cpp.o[0m
[1203.249s] [ 81%] [32mBuilding CXX object CMakeFiles/px4_msgs__rosidl_typesupport_fastrtps_c.dir/rosidl_typesupport_fastrtps_c/px4_msgs/msg/detail/esc_report__type_support_c.cpp.o[0m
[1203.997s] [ 81%] [32mBuilding CXX object CMakeFiles/px4_msgs__rosidl_typesupport_fastrtps_c.dir/rosidl_typesupport_fastrtps_c/px4_msgs/msg/detail/esc_status__type_support_c.cpp.o[0m
[1204.732s] [ 81%] [32mBuilding CXX object CMakeFiles/px4_msgs__rosidl_typesupport_fastrtps_c.dir/rosidl_typesupport_fastrtps_c/px4_msgs/msg/detail/estimator_aid_source1d__type_support_c.cpp.o[0m
[1205.492s] [ 81%] [32mBuilding CXX object CMakeFiles/px4_msgs__rosidl_typesupport_fastrtps_c.dir/rosidl_typesupport_fastrtps_c/px4_msgs/msg/detail/estimator_aid_source2d__type_support_c.cpp.o[0m
[1206.250s] [ 81%] [32mBuilding CXX object CMakeFiles/px4_msgs__rosidl_typesupport_fastrtps_c.dir/rosidl_typesupport_fastrtps_c/px4_msgs/msg/detail/estimator_aid_source3d__type_support_c.cpp.o[0m
[1207.008s] [ 81%] [32mBuilding CXX object CMakeFiles/px4_msgs__rosidl_typesupport_fastrtps_c.dir/rosidl_typesupport_fastrtps_c/px4_msgs/msg/detail/estimator_bias__type_support_c.cpp.o[0m
[1207.730s] [ 81%] [32mBuilding CXX object CMakeFiles/px4_msgs__rosidl_typesupport_fastrtps_c.dir/rosidl_typesupport_fastrtps_c/px4_msgs/msg/detail/estimator_bias3d__type_support_c.cpp.o[0m
[1208.407s] [ 81%] [32mBuilding CXX object CMakeFiles/px4_msgs__rosidl_typesupport_fastrtps_c.dir/rosidl_typesupport_fastrtps_c/px4_msgs/msg/detail/estimator_event_flags__type_support_c.cpp.o[0m
[1209.151s] [ 81%] [32mBuilding CXX object CMakeFiles/px4_msgs__rosidl_typesupport_fastrtps_c.dir/rosidl_typesupport_fastrtps_c/px4_msgs/msg/detail/estimator_gps_status__type_support_c.cpp.o[0m
[1209.857s] [ 81%] [32mBuilding CXX object CMakeFiles/px4_msgs__rosidl_typesupport_fastrtps_c.dir/rosidl_typesupport_fastrtps_c/px4_msgs/msg/detail/estimator_innovations__type_support_c.cpp.o[0m
[1210.569s] [ 81%] [32mBuilding CXX object CMakeFiles/px4_msgs__rosidl_typesupport_fastrtps_c.dir/rosidl_typesupport_fastrtps_c/px4_msgs/msg/detail/estimator_selector_status__type_support_c.cpp.o[0m
[1211.311s] [ 81%] [32mBuilding CXX object CMakeFiles/px4_msgs__rosidl_typesupport_fastrtps_c.dir/rosidl_typesupport_fastrtps_c/px4_msgs/msg/detail/estimator_sensor_bias__type_support_c.cpp.o[0m
[1212.066s] [ 81%] [32mBuilding CXX object CMakeFiles/px4_msgs__rosidl_typesupport_fastrtps_c.dir/rosidl_typesupport_fastrtps_c/px4_msgs/msg/detail/estimator_states__type_support_c.cpp.o[0m
[1212.777s] [ 82%] [32mBuilding CXX object CMakeFiles/px4_msgs__rosidl_typesupport_fastrtps_c.dir/rosidl_typesupport_fastrtps_c/px4_msgs/msg/detail/estimator_status__type_support_c.cpp.o[0m
[1213.609s] [ 82%] [32mBuilding CXX object CMakeFiles/px4_msgs__rosidl_typesupport_fastrtps_c.dir/rosidl_typesupport_fastrtps_c/px4_msgs/msg/detail/estimator_status_flags__type_support_c.cpp.o[0m
[1214.403s] [ 82%] [32mBuilding CXX object CMakeFiles/px4_msgs__rosidl_typesupport_fastrtps_c.dir/rosidl_typesupport_fastrtps_c/px4_msgs/msg/detail/event__type_support_c.cpp.o[0m
[1215.202s] [ 82%] [32mBuilding CXX object CMakeFiles/px4_msgs__rosidl_typesupport_fastrtps_c.dir/rosidl_typesupport_fastrtps_c/px4_msgs/msg/detail/failsafe_flags__type_support_c.cpp.o[0m
[1215.991s] [ 82%] [32mBuilding CXX object CMakeFiles/px4_msgs__rosidl_typesupport_fastrtps_c.dir/rosidl_typesupport_fastrtps_c/px4_msgs/msg/detail/failure_detector_status__type_support_c.cpp.o[0m
[1216.773s] [ 82%] [32mBuilding CXX object CMakeFiles/px4_msgs__rosidl_typesupport_fastrtps_c.dir/rosidl_typesupport_fastrtps_c/px4_msgs/msg/detail/figure_eight_status__type_support_c.cpp.o[0m
[1217.514s] [ 82%] [32mBuilding CXX object CMakeFiles/px4_msgs__rosidl_typesupport_fastrtps_c.dir/rosidl_typesupport_fastrtps_c/px4_msgs/msg/detail/fixed_wing_lateral_guidance_status__type_support_c.cpp.o[0m
[1218.228s] [ 82%] [32mBuilding CXX object CMakeFiles/px4_msgs__rosidl_typesupport_fastrtps_c.dir/rosidl_typesupport_fastrtps_c/px4_msgs/msg/detail/fixed_wing_lateral_setpoint__type_support_c.cpp.o[0m
[1218.922s] [ 82%] [32mBuilding CXX object CMakeFiles/px4_msgs__rosidl_typesupport_fastrtps_c.dir/rosidl_typesupport_fastrtps_c/px4_msgs/msg/detail/fixed_wing_lateral_status__type_support_c.cpp.o[0m
[1219.655s] [ 82%] [32mBuilding CXX object CMakeFiles/px4_msgs__rosidl_typesupport_fastrtps_c.dir/rosidl_typesupport_fastrtps_c/px4_msgs/msg/detail/fixed_wing_longitudinal_setpoint__type_support_c.cpp.o[0m
[1220.396s] [ 82%] [32mBuilding CXX object CMakeFiles/px4_msgs__rosidl_typesupport_fastrtps_c.dir/rosidl_typesupport_fastrtps_c/px4_msgs/msg/detail/fixed_wing_runway_control__type_support_c.cpp.o[0m
[1221.084s] [ 82%] [32mBuilding CXX object CMakeFiles/px4_msgs__rosidl_typesupport_fastrtps_c.dir/rosidl_typesupport_fastrtps_c/px4_msgs/msg/detail/flight_phase_estimation__type_support_c.cpp.o[0m
[1221.805s] [ 82%] [32mBuilding CXX object CMakeFiles/px4_msgs__rosidl_typesupport_fastrtps_c.dir/rosidl_typesupport_fastrtps_c/px4_msgs/msg/detail/follow_target__type_support_c.cpp.o[0m
[1222.543s] [ 82%] [32mBuilding CXX object CMakeFiles/px4_msgs__rosidl_typesupport_fastrtps_c.dir/rosidl_typesupport_fastrtps_c/px4_msgs/msg/detail/follow_target_estimator__type_support_c.cpp.o[0m
[1223.322s] [ 82%] [32mBuilding CXX object CMakeFiles/px4_msgs__rosidl_typesupport_fastrtps_c.dir/rosidl_typesupport_fastrtps_c/px4_msgs/msg/detail/follow_target_status__type_support_c.cpp.o[0m
[1224.059s] [ 82%] [32mBuilding CXX object CMakeFiles/px4_msgs__rosidl_typesupport_fastrtps_c.dir/rosidl_typesupport_fastrtps_c/px4_msgs/msg/detail/fuel_tank_status__type_support_c.cpp.o[0m
[1224.823s] [ 82%] [32mBuilding CXX object CMakeFiles/px4_msgs__rosidl_typesupport_fastrtps_c.dir/rosidl_typesupport_fastrtps_c/px4_msgs/msg/detail/gain_compression__type_support_c.cpp.o[0m
[1225.544s] [ 82%] [32mBuilding CXX object CMakeFiles/px4_msgs__rosidl_typesupport_fastrtps_c.dir/rosidl_typesupport_fastrtps_c/px4_msgs/msg/detail/generator_status__type_support_c.cpp.o[0m
[1226.319s] [ 82%] [32mBuilding CXX object CMakeFiles/px4_msgs__rosidl_typesupport_fastrtps_c.dir/rosidl_typesupport_fastrtps_c/px4_msgs/msg/detail/geofence_result__type_support_c.cpp.o[0m
[1227.018s] [ 82%] [32mBuilding CXX object CMakeFiles/px4_msgs__rosidl_typesupport_fastrtps_c.dir/rosidl_typesupport_fastrtps_c/px4_msgs/msg/detail/geofence_status__type_support_c.cpp.o[0m
[1227.865s] [ 82%] [32mBuilding CXX object CMakeFiles/px4_msgs__rosidl_typesupport_fastrtps_c.dir/rosidl_typesupport_fastrtps_c/px4_msgs/msg/detail/gimbal_controls__type_support_c.cpp.o[0m
[1228.766s] [ 82%] [32mBuilding CXX object CMakeFiles/px4_msgs__rosidl_typesupport_fastrtps_c.dir/rosidl_typesupport_fastrtps_c/px4_msgs/msg/detail/gimbal_device_attitude_status__type_support_c.cpp.o[0m
[1229.722s] [ 82%] [32mBuilding CXX object CMakeFiles/px4_msgs__rosidl_typesupport_fastrtps_c.dir/rosidl_typesupport_fastrtps_c/px4_msgs/msg/detail/gimbal_device_information__type_support_c.cpp.o[0m
[1230.474s] [ 82%] [32mBuilding CXX object CMakeFiles/px4_msgs__rosidl_typesupport_fastrtps_c.dir/rosidl_typesupport_fastrtps_c/px4_msgs/msg/detail/gimbal_device_set_attitude__type_support_c.cpp.o[0m
[1231.204s] [ 83%] [32mBuilding CXX object CMakeFiles/px4_msgs__rosidl_typesupport_fastrtps_c.dir/rosidl_typesupport_fastrtps_c/px4_msgs/msg/detail/gimbal_manager_information__type_support_c.cpp.o[0m
[1231.954s] [ 83%] [32mBuilding CXX object CMakeFiles/px4_msgs__rosidl_typesupport_fastrtps_c.dir/rosidl_typesupport_fastrtps_c/px4_msgs/msg/detail/gimbal_manager_set_attitude__type_support_c.cpp.o[0m
[1232.723s] [ 83%] [32mBuilding CXX object CMakeFiles/px4_msgs__rosidl_typesupport_fastrtps_c.dir/rosidl_typesupport_fastrtps_c/px4_msgs/msg/detail/gimbal_manager_set_manual_control__type_support_c.cpp.o[0m
[1233.455s] [ 83%] [32mBuilding CXX object CMakeFiles/px4_msgs__rosidl_typesupport_fastrtps_c.dir/rosidl_typesupport_fastrtps_c/px4_msgs/msg/detail/gimbal_manager_status__type_support_c.cpp.o[0m
[1234.179s] [ 83%] [32mBuilding CXX object CMakeFiles/px4_msgs__rosidl_typesupport_fastrtps_c.dir/rosidl_typesupport_fastrtps_c/px4_msgs/msg/detail/goto_setpoint__type_support_c.cpp.o[0m
[1234.958s] [ 83%] [32mBuilding CXX object CMakeFiles/px4_msgs__rosidl_typesupport_fastrtps_c.dir/rosidl_typesupport_fastrtps_c/px4_msgs/msg/detail/gpio_config__type_support_c.cpp.o[0m
[1235.661s] [ 83%] [32mBuilding CXX object CMakeFiles/px4_msgs__rosidl_typesupport_fastrtps_c.dir/rosidl_typesupport_fastrtps_c/px4_msgs/msg/detail/gpio_in__type_support_c.cpp.o[0m
[1236.341s] [ 83%] [32mBuilding CXX object CMakeFiles/px4_msgs__rosidl_typesupport_fastrtps_c.dir/rosidl_typesupport_fastrtps_c/px4_msgs/msg/detail/gpio_out__type_support_c.cpp.o[0m
[1237.071s] [ 83%] [32mBuilding CXX object CMakeFiles/px4_msgs__rosidl_typesupport_fastrtps_c.dir/rosidl_typesupport_fastrtps_c/px4_msgs/msg/detail/gpio_request__type_support_c.cpp.o[0m
[1237.859s] [ 83%] [32mBuilding CXX object CMakeFiles/px4_msgs__rosidl_typesupport_fastrtps_c.dir/rosidl_typesupport_fastrtps_c/px4_msgs/msg/detail/gps_dump__type_support_c.cpp.o[0m
[1238.596s] [ 83%] [32mBuilding CXX object CMakeFiles/px4_msgs__rosidl_typesupport_fastrtps_c.dir/rosidl_typesupport_fastrtps_c/px4_msgs/msg/detail/gps_inject_data__type_support_c.cpp.o[0m
[1239.344s] [ 83%] [32mBuilding CXX object CMakeFiles/px4_msgs__rosidl_typesupport_fastrtps_c.dir/rosidl_typesupport_fastrtps_c/px4_msgs/msg/detail/gripper__type_support_c.cpp.o[0m
[1240.057s] [ 83%] [32mBuilding CXX object CMakeFiles/px4_msgs__rosidl_typesupport_fastrtps_c.dir/rosidl_typesupport_fastrtps_c/px4_msgs/msg/detail/health_report__type_support_c.cpp.o[0m
[1240.778s] [ 83%] [32mBuilding CXX object CMakeFiles/px4_msgs__rosidl_typesupport_fastrtps_c.dir/rosidl_typesupport_fastrtps_c/px4_msgs/msg/detail/heater_status__type_support_c.cpp.o[0m
[1241.581s] [ 83%] [32mBuilding CXX object CMakeFiles/px4_msgs__rosidl_typesupport_fastrtps_c.dir/rosidl_typesupport_fastrtps_c/px4_msgs/msg/detail/home_position__type_support_c.cpp.o[0m
[1242.367s] [ 83%] [32mBuilding CXX object CMakeFiles/px4_msgs__rosidl_typesupport_fastrtps_c.dir/rosidl_typesupport_fastrtps_c/px4_msgs/msg/detail/hover_thrust_estimate__type_support_c.cpp.o[0m
[1243.109s] [ 83%] [32mBuilding CXX object CMakeFiles/px4_msgs__rosidl_typesupport_fastrtps_c.dir/rosidl_typesupport_fastrtps_c/px4_msgs/msg/detail/input_rc__type_support_c.cpp.o[0m
[1243.886s] [ 83%] [32mBuilding CXX object CMakeFiles/px4_msgs__rosidl_typesupport_fastrtps_c.dir/rosidl_typesupport_fastrtps_c/px4_msgs/msg/detail/internal_combustion_engine_control__type_support_c.cpp.o[0m
[1244.647s] [ 83%] [32mBuilding CXX object CMakeFiles/px4_msgs__rosidl_typesupport_fastrtps_c.dir/rosidl_typesupport_fastrtps_c/px4_msgs/msg/detail/internal_combustion_engine_status__type_support_c.cpp.o[0m
[1245.410s] [ 83%] [32mBuilding CXX object CMakeFiles/px4_msgs__rosidl_typesupport_fastrtps_c.dir/rosidl_typesupport_fastrtps_c/px4_msgs/msg/detail/iridiumsbd_status__type_support_c.cpp.o[0m
[1246.294s] [ 83%] [32mBuilding CXX object CMakeFiles/px4_msgs__rosidl_typesupport_fastrtps_c.dir/rosidl_typesupport_fastrtps_c/px4_msgs/msg/detail/irlock_report__type_support_c.cpp.o[0m
[1246.994s] [ 83%] [32mBuilding CXX object CMakeFiles/px4_msgs__rosidl_typesupport_fastrtps_c.dir/rosidl_typesupport_fastrtps_c/px4_msgs/msg/detail/landing_gear__type_support_c.cpp.o[0m
[1247.658s] [ 83%] [32mBuilding CXX object CMakeFiles/px4_msgs__rosidl_typesupport_fastrtps_c.dir/rosidl_typesupport_fastrtps_c/px4_msgs/msg/detail/landing_gear_wheel__type_support_c.cpp.o[0m
[1248.335s] [ 83%] [32mBuilding CXX object CMakeFiles/px4_msgs__rosidl_typesupport_fastrtps_c.dir/rosidl_typesupport_fastrtps_c/px4_msgs/msg/detail/landing_target_innovations__type_support_c.cpp.o[0m
[1249.014s] [ 83%] [32mBuilding CXX object CMakeFiles/px4_msgs__rosidl_typesupport_fastrtps_c.dir/rosidl_typesupport_fastrtps_c/px4_msgs/msg/detail/landing_target_pose__type_support_c.cpp.o[0m
[1249.714s] [ 84%] [32mBuilding CXX object CMakeFiles/px4_msgs__rosidl_typesupport_fastrtps_c.dir/rosidl_typesupport_fastrtps_c/px4_msgs/msg/detail/lateral_control_configuration__type_support_c.cpp.o[0m
[1250.403s] [ 84%] [32mBuilding CXX object CMakeFiles/px4_msgs__rosidl_typesupport_fastrtps_c.dir/rosidl_typesupport_fastrtps_c/px4_msgs/msg/detail/launch_detection_status__type_support_c.cpp.o[0m
[1251.087s] [ 84%] [32mBuilding CXX object CMakeFiles/px4_msgs__rosidl_typesupport_fastrtps_c.dir/rosidl_typesupport_fastrtps_c/px4_msgs/msg/detail/led_control__type_support_c.cpp.o[0m
[1251.827s] [ 84%] [32mBuilding CXX object CMakeFiles/px4_msgs__rosidl_typesupport_fastrtps_c.dir/rosidl_typesupport_fastrtps_c/px4_msgs/msg/detail/log_message__type_support_c.cpp.o[0m
[1252.507s] [ 84%] [32mBuilding CXX object CMakeFiles/px4_msgs__rosidl_typesupport_fastrtps_c.dir/rosidl_typesupport_fastrtps_c/px4_msgs/msg/detail/logger_status__type_support_c.cpp.o[0m
[1253.196s] [ 84%] [32mBuilding CXX object CMakeFiles/px4_msgs__rosidl_typesupport_fastrtps_c.dir/rosidl_typesupport_fastrtps_c/px4_msgs/msg/detail/longitudinal_control_configuration__type_support_c.cpp.o[0m
[1253.917s] [ 84%] [32mBuilding CXX object CMakeFiles/px4_msgs__rosidl_typesupport_fastrtps_c.dir/rosidl_typesupport_fastrtps_c/px4_msgs/msg/detail/mag_worker_data__type_support_c.cpp.o[0m
[1254.636s] [ 84%] [32mBuilding CXX object CMakeFiles/px4_msgs__rosidl_typesupport_fastrtps_c.dir/rosidl_typesupport_fastrtps_c/px4_msgs/msg/detail/magnetometer_bias_estimate__type_support_c.cpp.o[0m
[1255.336s] [ 84%] [32mBuilding CXX object CMakeFiles/px4_msgs__rosidl_typesupport_fastrtps_c.dir/rosidl_typesupport_fastrtps_c/px4_msgs/msg/detail/manual_control_setpoint__type_support_c.cpp.o[0m
[1256.066s] [ 84%] [32mBuilding CXX object CMakeFiles/px4_msgs__rosidl_typesupport_fastrtps_c.dir/rosidl_typesupport_fastrtps_c/px4_msgs/msg/detail/manual_control_switches__type_support_c.cpp.o[0m
[1256.759s] [ 84%] [32mBuilding CXX object CMakeFiles/px4_msgs__rosidl_typesupport_fastrtps_c.dir/rosidl_typesupport_fastrtps_c/px4_msgs/msg/detail/mavlink_log__type_support_c.cpp.o[0m
[1257.524s] [ 84%] [32mBuilding CXX object CMakeFiles/px4_msgs__rosidl_typesupport_fastrtps_c.dir/rosidl_typesupport_fastrtps_c/px4_msgs/msg/detail/mavlink_tunnel__type_support_c.cpp.o[0m
[1258.374s] [ 84%] [32mBuilding CXX object CMakeFiles/px4_msgs__rosidl_typesupport_fastrtps_c.dir/rosidl_typesupport_fastrtps_c/px4_msgs/msg/detail/message_format_request__type_support_c.cpp.o[0m
[1259.220s] [ 84%] [32mBuilding CXX object CMakeFiles/px4_msgs__rosidl_typesupport_fastrtps_c.dir/rosidl_typesupport_fastrtps_c/px4_msgs/msg/detail/message_format_response__type_support_c.cpp.o[0m
[1260.043s] [ 84%] [32mBuilding CXX object CMakeFiles/px4_msgs__rosidl_typesupport_fastrtps_c.dir/rosidl_typesupport_fastrtps_c/px4_msgs/msg/detail/mission__type_support_c.cpp.o[0m
[1260.831s] [ 84%] [32mBuilding CXX object CMakeFiles/px4_msgs__rosidl_typesupport_fastrtps_c.dir/rosidl_typesupport_fastrtps_c/px4_msgs/msg/detail/mission_result__type_support_c.cpp.o[0m
[1261.573s] [ 84%] [32mBuilding CXX object CMakeFiles/px4_msgs__rosidl_typesupport_fastrtps_c.dir/rosidl_typesupport_fastrtps_c/px4_msgs/msg/detail/mode_completed__type_support_c.cpp.o[0m
[1262.292s] [ 84%] [32mBuilding CXX object CMakeFiles/px4_msgs__rosidl_typesupport_fastrtps_c.dir/rosidl_typesupport_fastrtps_c/px4_msgs/msg/detail/mount_orientation__type_support_c.cpp.o[0m
[1263.061s] [ 84%] [32mBuilding CXX object CMakeFiles/px4_msgs__rosidl_typesupport_fastrtps_c.dir/rosidl_typesupport_fastrtps_c/px4_msgs/msg/detail/navigator_mission_item__type_support_c.cpp.o[0m
[1263.877s] [ 84%] [32mBuilding CXX object CMakeFiles/px4_msgs__rosidl_typesupport_fastrtps_c.dir/rosidl_typesupport_fastrtps_c/px4_msgs/msg/detail/navigator_status__type_support_c.cpp.o[0m
[1264.615s] [ 84%] [32mBuilding CXX object CMakeFiles/px4_msgs__rosidl_typesupport_fastrtps_c.dir/rosidl_typesupport_fastrtps_c/px4_msgs/msg/detail/neural_control__type_support_c.cpp.o[0m
[1265.352s] [ 84%] [32mBuilding CXX object CMakeFiles/px4_msgs__rosidl_typesupport_fastrtps_c.dir/rosidl_typesupport_fastrtps_c/px4_msgs/msg/detail/normalized_unsigned_setpoint__type_support_c.cpp.o[0m
[1266.120s] [ 84%] [32mBuilding CXX object CMakeFiles/px4_msgs__rosidl_typesupport_fastrtps_c.dir/rosidl_typesupport_fastrtps_c/px4_msgs/msg/detail/obstacle_distance__type_support_c.cpp.o[0m
[1266.914s] [ 84%] [32mBuilding CXX object CMakeFiles/px4_msgs__rosidl_typesupport_fastrtps_c.dir/rosidl_typesupport_fastrtps_c/px4_msgs/msg/detail/offboard_control_mode__type_support_c.cpp.o[0m
[1267.686s] [ 85%] [32mBuilding CXX object CMakeFiles/px4_msgs__rosidl_typesupport_fastrtps_c.dir/rosidl_typesupport_fastrtps_c/px4_msgs/msg/detail/onboard_computer_status__type_support_c.cpp.o[0m
[1268.474s] [ 85%] [32mBuilding CXX object CMakeFiles/px4_msgs__rosidl_typesupport_fastrtps_c.dir/rosidl_typesupport_fastrtps_c/px4_msgs/msg/detail/open_drone_id_arm_status__type_support_c.cpp.o[0m
[1269.221s] [ 85%] [32mBuilding CXX object CMakeFiles/px4_msgs__rosidl_typesupport_fastrtps_c.dir/rosidl_typesupport_fastrtps_c/px4_msgs/msg/detail/open_drone_id_operator_id__type_support_c.cpp.o[0m
[1269.975s] [ 85%] [32mBuilding CXX object CMakeFiles/px4_msgs__rosidl_typesupport_fastrtps_c.dir/rosidl_typesupport_fastrtps_c/px4_msgs/msg/detail/open_drone_id_self_id__type_support_c.cpp.o[0m
[1270.708s] [ 85%] [32mBuilding CXX object CMakeFiles/px4_msgs__rosidl_typesupport_fastrtps_c.dir/rosidl_typesupport_fastrtps_c/px4_msgs/msg/detail/open_drone_id_system__type_support_c.cpp.o[0m
[1271.489s] [ 85%] [32mBuilding CXX object CMakeFiles/px4_msgs__rosidl_typesupport_fastrtps_c.dir/rosidl_typesupport_fastrtps_c/px4_msgs/msg/detail/orb_test__type_support_c.cpp.o[0m
[1272.246s] [ 85%] [32mBuilding CXX object CMakeFiles/px4_msgs__rosidl_typesupport_fastrtps_c.dir/rosidl_typesupport_fastrtps_c/px4_msgs/msg/detail/orb_test_large__type_support_c.cpp.o[0m
[1272.970s] [ 85%] [32mBuilding CXX object CMakeFiles/px4_msgs__rosidl_typesupport_fastrtps_c.dir/rosidl_typesupport_fastrtps_c/px4_msgs/msg/detail/orb_test_medium__type_support_c.cpp.o[0m
[1273.697s] [ 85%] [32mBuilding CXX object CMakeFiles/px4_msgs__rosidl_typesupport_fastrtps_c.dir/rosidl_typesupport_fastrtps_c/px4_msgs/msg/detail/orbit_status__type_support_c.cpp.o[0m
[1274.563s] [ 85%] [32mBuilding CXX object CMakeFiles/px4_msgs__rosidl_typesupport_fastrtps_c.dir/rosidl_typesupport_fastrtps_c/px4_msgs/msg/detail/parameter_reset_request__type_support_c.cpp.o[0m
[1275.377s] [ 85%] [32mBuilding CXX object CMakeFiles/px4_msgs__rosidl_typesupport_fastrtps_c.dir/rosidl_typesupport_fastrtps_c/px4_msgs/msg/detail/parameter_set_used_request__type_support_c.cpp.o[0m
[1276.226s] [ 85%] [32mBuilding CXX object CMakeFiles/px4_msgs__rosidl_typesupport_fastrtps_c.dir/rosidl_typesupport_fastrtps_c/px4_msgs/msg/detail/parameter_set_value_request__type_support_c.cpp.o[0m
[1277.051s] [ 85%] [32mBuilding CXX object CMakeFiles/px4_msgs__rosidl_typesupport_fastrtps_c.dir/rosidl_typesupport_fastrtps_c/px4_msgs/msg/detail/parameter_set_value_response__type_support_c.cpp.o[0m
[1277.823s] [ 85%] [32mBuilding CXX object CMakeFiles/px4_msgs__rosidl_typesupport_fastrtps_c.dir/rosidl_typesupport_fastrtps_c/px4_msgs/msg/detail/parameter_update__type_support_c.cpp.o[0m
[1278.499s] [ 85%] [32mBuilding CXX object CMakeFiles/px4_msgs__rosidl_typesupport_fastrtps_c.dir/rosidl_typesupport_fastrtps_c/px4_msgs/msg/detail/ping__type_support_c.cpp.o[0m
[1279.180s] [ 85%] [32mBuilding CXX object CMakeFiles/px4_msgs__rosidl_typesupport_fastrtps_c.dir/rosidl_typesupport_fastrtps_c/px4_msgs/msg/detail/position_controller_landing_status__type_support_c.cpp.o[0m
[1279.872s] [ 85%] [32mBuilding CXX object CMakeFiles/px4_msgs__rosidl_typesupport_fastrtps_c.dir/rosidl_typesupport_fastrtps_c/px4_msgs/msg/detail/position_controller_status__type_support_c.cpp.o[0m
[1280.533s] [ 85%] [32mBuilding CXX object CMakeFiles/px4_msgs__rosidl_typesupport_fastrtps_c.dir/rosidl_typesupport_fastrtps_c/px4_msgs/msg/detail/position_setpoint__type_support_c.cpp.o[0m
[1281.202s] [ 85%] [32mBuilding CXX object CMakeFiles/px4_msgs__rosidl_typesupport_fastrtps_c.dir/rosidl_typesupport_fastrtps_c/px4_msgs/msg/detail/position_setpoint_triplet__type_support_c.cpp.o[0m
[1281.860s] [ 85%] [32mBuilding CXX object CMakeFiles/px4_msgs__rosidl_typesupport_fastrtps_c.dir/rosidl_typesupport_fastrtps_c/px4_msgs/msg/detail/power_button_state__type_support_c.cpp.o[0m
[1282.517s] [ 85%] [32mBuilding CXX object CMakeFiles/px4_msgs__rosidl_typesupport_fastrtps_c.dir/rosidl_typesupport_fastrtps_c/px4_msgs/msg/detail/power_monitor__type_support_c.cpp.o[0m
[1283.190s] [ 85%] [32mBuilding CXX object CMakeFiles/px4_msgs__rosidl_typesupport_fastrtps_c.dir/rosidl_typesupport_fastrtps_c/px4_msgs/msg/detail/pps_capture__type_support_c.cpp.o[0m
[1283.820s] [ 85%] [32mBuilding CXX object CMakeFiles/px4_msgs__rosidl_typesupport_fastrtps_c.dir/rosidl_typesupport_fastrtps_c/px4_msgs/msg/detail/pure_pursuit_status__type_support_c.cpp.o[0m
[1284.508s] [ 85%] [32mBuilding CXX object CMakeFiles/px4_msgs__rosidl_typesupport_fastrtps_c.dir/rosidl_typesupport_fastrtps_c/px4_msgs/msg/detail/pwm_input__type_support_c.cpp.o[0m
[1285.216s] [ 85%] [32mBuilding CXX object CMakeFiles/px4_msgs__rosidl_typesupport_fastrtps_c.dir/rosidl_typesupport_fastrtps_c/px4_msgs/msg/detail/px4io_status__type_support_c.cpp.o[0m
[1285.958s] [ 86%] [32mBuilding CXX object CMakeFiles/px4_msgs__rosidl_typesupport_fastrtps_c.dir/rosidl_typesupport_fastrtps_c/px4_msgs/msg/detail/qshell_req__type_support_c.cpp.o[0m
[1286.641s] [ 86%] [32mBuilding CXX object CMakeFiles/px4_msgs__rosidl_typesupport_fastrtps_c.dir/rosidl_typesupport_fastrtps_c/px4_msgs/msg/detail/qshell_retval__type_support_c.cpp.o[0m
[1287.319s] [ 86%] [32mBuilding CXX object CMakeFiles/px4_msgs__rosidl_typesupport_fastrtps_c.dir/rosidl_typesupport_fastrtps_c/px4_msgs/msg/detail/radio_status__type_support_c.cpp.o[0m
[1287.990s] [ 86%] [32mBuilding CXX object CMakeFiles/px4_msgs__rosidl_typesupport_fastrtps_c.dir/rosidl_typesupport_fastrtps_c/px4_msgs/msg/detail/raptor_input__type_support_c.cpp.o[0m
[1288.673s] [ 86%] [32mBuilding CXX object CMakeFiles/px4_msgs__rosidl_typesupport_fastrtps_c.dir/rosidl_typesupport_fastrtps_c/px4_msgs/msg/detail/raptor_status__type_support_c.cpp.o[0m
[1289.416s] [ 86%] [32mBuilding CXX object CMakeFiles/px4_msgs__rosidl_typesupport_fastrtps_c.dir/rosidl_typesupport_fastrtps_c/px4_msgs/msg/detail/rate_ctrl_status__type_support_c.cpp.o[0m
[1290.076s] [ 86%] [32mBuilding CXX object CMakeFiles/px4_msgs__rosidl_typesupport_fastrtps_c.dir/rosidl_typesupport_fastrtps_c/px4_msgs/msg/detail/rc_channels__type_support_c.cpp.o[0m
[1290.810s] [ 86%] [32mBuilding CXX object CMakeFiles/px4_msgs__rosidl_typesupport_fastrtps_c.dir/rosidl_typesupport_fastrtps_c/px4_msgs/msg/detail/rc_parameter_map__type_support_c.cpp.o[0m
[1291.508s] [ 86%] [32mBuilding CXX object CMakeFiles/px4_msgs__rosidl_typesupport_fastrtps_c.dir/rosidl_typesupport_fastrtps_c/px4_msgs/msg/detail/register_ext_component_reply__type_support_c.cpp.o[0m
[1292.200s] [ 86%] [32mBuilding CXX object CMakeFiles/px4_msgs__rosidl_typesupport_fastrtps_c.dir/rosidl_typesupport_fastrtps_c/px4_msgs/msg/detail/register_ext_component_request__type_support_c.cpp.o[0m
[1292.918s] [ 86%] [32mBuilding CXX object CMakeFiles/px4_msgs__rosidl_typesupport_fastrtps_c.dir/rosidl_typesupport_fastrtps_c/px4_msgs/msg/detail/rover_attitude_setpoint__type_support_c.cpp.o[0m
[1293.695s] [ 86%] [32mBuilding CXX object CMakeFiles/px4_msgs__rosidl_typesupport_fastrtps_c.dir/rosidl_typesupport_fastrtps_c/px4_msgs/msg/detail/rover_attitude_status__type_support_c.cpp.o[0m
[1294.378s] [ 86%] [32mBuilding CXX object CMakeFiles/px4_msgs__rosidl_typesupport_fastrtps_c.dir/rosidl_typesupport_fastrtps_c/px4_msgs/msg/detail/rover_position_setpoint__type_support_c.cpp.o[0m
[1295.047s] [ 86%] [32mBuilding CXX object CMakeFiles/px4_msgs__rosidl_typesupport_fastrtps_c.dir/rosidl_typesupport_fastrtps_c/px4_msgs/msg/detail/rover_rate_setpoint__type_support_c.cpp.o[0m
[1295.715s] [ 86%] [32mBuilding CXX object CMakeFiles/px4_msgs__rosidl_typesupport_fastrtps_c.dir/rosidl_typesupport_fastrtps_c/px4_msgs/msg/detail/rover_rate_status__type_support_c.cpp.o[0m
[1296.408s] [ 86%] [32mBuilding CXX object CMakeFiles/px4_msgs__rosidl_typesupport_fastrtps_c.dir/rosidl_typesupport_fastrtps_c/px4_msgs/msg/detail/rover_speed_setpoint__type_support_c.cpp.o[0m
[1297.061s] [ 86%] [32mBuilding CXX object CMakeFiles/px4_msgs__rosidl_typesupport_fastrtps_c.dir/rosidl_typesupport_fastrtps_c/px4_msgs/msg/detail/rover_speed_status__type_support_c.cpp.o[0m
[1297.719s] [ 86%] [32mBuilding CXX object CMakeFiles/px4_msgs__rosidl_typesupport_fastrtps_c.dir/rosidl_typesupport_fastrtps_c/px4_msgs/msg/detail/rover_steering_setpoint__type_support_c.cpp.o[0m
[1298.345s] [ 86%] [32mBuilding CXX object CMakeFiles/px4_msgs__rosidl_typesupport_fastrtps_c.dir/rosidl_typesupport_fastrtps_c/px4_msgs/msg/detail/rover_throttle_setpoint__type_support_c.cpp.o[0m
[1299.004s] [ 86%] [32mBuilding CXX object CMakeFiles/px4_msgs__rosidl_typesupport_fastrtps_c.dir/rosidl_typesupport_fastrtps_c/px4_msgs/msg/detail/rpm__type_support_c.cpp.o[0m
[1299.645s] [ 86%] [32mBuilding CXX object CMakeFiles/px4_msgs__rosidl_typesupport_fastrtps_c.dir/rosidl_typesupport_fastrtps_c/px4_msgs/msg/detail/rtl_status__type_support_c.cpp.o[0m
[1300.354s] [ 86%] [32mBuilding CXX object CMakeFiles/px4_msgs__rosidl_typesupport_fastrtps_c.dir/rosidl_typesupport_fastrtps_c/px4_msgs/msg/detail/rtl_time_estimate__type_support_c.cpp.o[0m
[1301.025s] [ 86%] [32mBuilding CXX object CMakeFiles/px4_msgs__rosidl_typesupport_fastrtps_c.dir/rosidl_typesupport_fastrtps_c/px4_msgs/msg/detail/satellite_info__type_support_c.cpp.o[0m
[1301.668s] [ 86%] [32mBuilding CXX object CMakeFiles/px4_msgs__rosidl_typesupport_fastrtps_c.dir/rosidl_typesupport_fastrtps_c/px4_msgs/msg/detail/sensor_accel__type_support_c.cpp.o[0m
[1302.330s] [ 87%] [32mBuilding CXX object CMakeFiles/px4_msgs__rosidl_typesupport_fastrtps_c.dir/rosidl_typesupport_fastrtps_c/px4_msgs/msg/detail/sensor_accel_fifo__type_support_c.cpp.o[0m
[1303.035s] [ 87%] [32mBuilding CXX object CMakeFiles/px4_msgs__rosidl_typesupport_fastrtps_c.dir/rosidl_typesupport_fastrtps_c/px4_msgs/msg/detail/sensor_airflow__type_support_c.cpp.o[0m
[1303.721s] [ 87%] [32mBuilding CXX object CMakeFiles/px4_msgs__rosidl_typesupport_fastrtps_c.dir/rosidl_typesupport_fastrtps_c/px4_msgs/msg/detail/sensor_baro__type_support_c.cpp.o[0m
[1304.418s] [ 87%] [32mBuilding CXX object CMakeFiles/px4_msgs__rosidl_typesupport_fastrtps_c.dir/rosidl_typesupport_fastrtps_c/px4_msgs/msg/detail/sensor_combined__type_support_c.cpp.o[0m
[1305.008s] [ 87%] [32mBuilding CXX object CMakeFiles/px4_msgs__rosidl_typesupport_fastrtps_c.dir/rosidl_typesupport_fastrtps_c/px4_msgs/msg/detail/sensor_correction__type_support_c.cpp.o[0m
[1305.595s] [ 87%] [32mBuilding CXX object CMakeFiles/px4_msgs__rosidl_typesupport_fastrtps_c.dir/rosidl_typesupport_fastrtps_c/px4_msgs/msg/detail/sensor_gnss_relative__type_support_c.cpp.o[0m
[1306.188s] [ 87%] [32mBuilding CXX object CMakeFiles/px4_msgs__rosidl_typesupport_fastrtps_c.dir/rosidl_typesupport_fastrtps_c/px4_msgs/msg/detail/sensor_gnss_status__type_support_c.cpp.o[0m
[1306.776s] [ 87%] [32mBuilding CXX object CMakeFiles/px4_msgs__rosidl_typesupport_fastrtps_c.dir/rosidl_typesupport_fastrtps_c/px4_msgs/msg/detail/sensor_gps__type_support_c.cpp.o[0m
[1307.392s] [ 87%] [32mBuilding CXX object CMakeFiles/px4_msgs__rosidl_typesupport_fastrtps_c.dir/rosidl_typesupport_fastrtps_c/px4_msgs/msg/detail/sensor_gyro__type_support_c.cpp.o[0m
[1307.970s] [ 87%] [32mBuilding CXX object CMakeFiles/px4_msgs__rosidl_typesupport_fastrtps_c.dir/rosidl_typesupport_fastrtps_c/px4_msgs/msg/detail/sensor_gyro_fft__type_support_c.cpp.o[0m
[1308.538s] [ 87%] [32mBuilding CXX object CMakeFiles/px4_msgs__rosidl_typesupport_fastrtps_c.dir/rosidl_typesupport_fastrtps_c/px4_msgs/msg/detail/sensor_gyro_fifo__type_support_c.cpp.o[0m
[1309.108s] [ 87%] [32mBuilding CXX object CMakeFiles/px4_msgs__rosidl_typesupport_fastrtps_c.dir/rosidl_typesupport_fastrtps_c/px4_msgs/msg/detail/sensor_hygrometer__type_support_c.cpp.o[0m
[1309.701s] [ 87%] [32mBuilding CXX object CMakeFiles/px4_msgs__rosidl_typesupport_fastrtps_c.dir/rosidl_typesupport_fastrtps_c/px4_msgs/msg/detail/sensor_mag__type_support_c.cpp.o[0m
[1310.278s] [ 87%] [32mBuilding CXX object CMakeFiles/px4_msgs__rosidl_typesupport_fastrtps_c.dir/rosidl_typesupport_fastrtps_c/px4_msgs/msg/detail/sensor_optical_flow__type_support_c.cpp.o[0m
[1310.870s] [ 87%] [32mBuilding CXX object CMakeFiles/px4_msgs__rosidl_typesupport_fastrtps_c.dir/rosidl_typesupport_fastrtps_c/px4_msgs/msg/detail/sensor_preflight_mag__type_support_c.cpp.o[0m
[1311.422s] [ 87%] [32mBuilding CXX object CMakeFiles/px4_msgs__rosidl_typesupport_fastrtps_c.dir/rosidl_typesupport_fastrtps_c/px4_msgs/msg/detail/sensor_selection__type_support_c.cpp.o[0m
[1311.976s] [ 87%] [32mBuilding CXX object CMakeFiles/px4_msgs__rosidl_typesupport_fastrtps_c.dir/rosidl_typesupport_fastrtps_c/px4_msgs/msg/detail/sensor_temp__type_support_c.cpp.o[0m
[1312.537s] [ 87%] [32mBuilding CXX object CMakeFiles/px4_msgs__rosidl_typesupport_fastrtps_c.dir/rosidl_typesupport_fastrtps_c/px4_msgs/msg/detail/sensor_uwb__type_support_c.cpp.o[0m
[1313.136s] [ 87%] [32mBuilding CXX object CMakeFiles/px4_msgs__rosidl_typesupport_fastrtps_c.dir/rosidl_typesupport_fastrtps_c/px4_msgs/msg/detail/sensors_status__type_support_c.cpp.o[0m
[1313.706s] [ 87%] [32mBuilding CXX object CMakeFiles/px4_msgs__rosidl_typesupport_fastrtps_c.dir/rosidl_typesupport_fastrtps_c/px4_msgs/msg/detail/sensors_status_imu__type_support_c.cpp.o[0m
[1314.264s] [ 87%] [32mBuilding CXX object CMakeFiles/px4_msgs__rosidl_typesupport_fastrtps_c.dir/rosidl_typesupport_fastrtps_c/px4_msgs/msg/detail/system_power__type_support_c.cpp.o[0m
[1314.832s] [ 87%] [32mBuilding CXX object CMakeFiles/px4_msgs__rosidl_typesupport_fastrtps_c.dir/rosidl_typesupport_fastrtps_c/px4_msgs/msg/detail/takeoff_status__type_support_c.cpp.o[0m
[1315.396s] [ 87%] [32mBuilding CXX object CMakeFiles/px4_msgs__rosidl_typesupport_fastrtps_c.dir/rosidl_typesupport_fastrtps_c/px4_msgs/msg/detail/task_stack_info__type_support_c.cpp.o[0m
[1315.960s] [ 87%] [32mBuilding CXX object CMakeFiles/px4_msgs__rosidl_typesupport_fastrtps_c.dir/rosidl_typesupport_fastrtps_c/px4_msgs/msg/detail/tecs_status__type_support_c.cpp.o[0m
[1316.538s] [ 88%] [32mBuilding CXX object CMakeFiles/px4_msgs__rosidl_typesupport_fastrtps_c.dir/rosidl_typesupport_fastrtps_c/px4_msgs/msg/detail/telemetry_status__type_support_c.cpp.o[0m
[1317.144s] [ 88%] [32mBuilding CXX object CMakeFiles/px4_msgs__rosidl_typesupport_fastrtps_c.dir/rosidl_typesupport_fastrtps_c/px4_msgs/msg/detail/tiltrotor_extra_controls__type_support_c.cpp.o[0m
[1317.778s] [ 88%] [32mBuilding CXX object CMakeFiles/px4_msgs__rosidl_typesupport_fastrtps_c.dir/rosidl_typesupport_fastrtps_c/px4_msgs/msg/detail/timesync_status__type_support_c.cpp.o[0m
[1318.359s] [ 88%] [32mBuilding CXX object CMakeFiles/px4_msgs__rosidl_typesupport_fastrtps_c.dir/rosidl_typesupport_fastrtps_c/px4_msgs/msg/detail/trajectory_setpoint__type_support_c.cpp.o[0m
[1318.926s] [ 88%] [32mBuilding CXX object CMakeFiles/px4_msgs__rosidl_typesupport_fastrtps_c.dir/rosidl_typesupport_fastrtps_c/px4_msgs/msg/detail/trajectory_setpoint6dof__type_support_c.cpp.o[0m
[1319.488s] [ 88%] [32mBuilding CXX object CMakeFiles/px4_msgs__rosidl_typesupport_fastrtps_c.dir/rosidl_typesupport_fastrtps_c/px4_msgs/msg/detail/transponder_report__type_support_c.cpp.o[0m
[1320.090s] [ 88%] [32mBuilding CXX object CMakeFiles/px4_msgs__rosidl_typesupport_fastrtps_c.dir/rosidl_typesupport_fastrtps_c/px4_msgs/msg/detail/tune_control__type_support_c.cpp.o[0m
[1320.685s] [ 88%] [32mBuilding CXX object CMakeFiles/px4_msgs__rosidl_typesupport_fastrtps_c.dir/rosidl_typesupport_fastrtps_c/px4_msgs/msg/detail/uavcan_parameter_request__type_support_c.cpp.o[0m
[1321.270s] [ 88%] [32mBuilding CXX object CMakeFiles/px4_msgs__rosidl_typesupport_fastrtps_c.dir/rosidl_typesupport_fastrtps_c/px4_msgs/msg/detail/uavcan_parameter_value__type_support_c.cpp.o[0m
[1321.940s] [ 88%] [32mBuilding CXX object CMakeFiles/px4_msgs__rosidl_typesupport_fastrtps_c.dir/rosidl_typesupport_fastrtps_c/px4_msgs/msg/detail/ulog_stream__type_support_c.cpp.o[0m
[1322.586s] [ 88%] [32mBuilding CXX object CMakeFiles/px4_msgs__rosidl_typesupport_fastrtps_c.dir/rosidl_typesupport_fastrtps_c/px4_msgs/msg/detail/ulog_stream_ack__type_support_c.cpp.o[0m
[1323.191s] [ 88%] [32mBuilding CXX object CMakeFiles/px4_msgs__rosidl_typesupport_fastrtps_c.dir/rosidl_typesupport_fastrtps_c/px4_msgs/msg/detail/unregister_ext_component__type_support_c.cpp.o[0m
[1323.812s] [ 88%] [32mBuilding CXX object CMakeFiles/px4_msgs__rosidl_typesupport_fastrtps_c.dir/rosidl_typesupport_fastrtps_c/px4_msgs/msg/detail/vehicle_acceleration__type_support_c.cpp.o[0m
[1324.379s] [ 88%] [32mBuilding CXX object CMakeFiles/px4_msgs__rosidl_typesupport_fastrtps_c.dir/rosidl_typesupport_fastrtps_c/px4_msgs/msg/detail/vehicle_air_data__type_support_c.cpp.o[0m
[1324.960s] [ 88%] [32mBuilding CXX object CMakeFiles/px4_msgs__rosidl_typesupport_fastrtps_c.dir/rosidl_typesupport_fastrtps_c/px4_msgs/msg/detail/vehicle_angular_acceleration_setpoint__type_support_c.cpp.o[0m
[1325.550s] [ 88%] [32mBuilding CXX object CMakeFiles/px4_msgs__rosidl_typesupport_fastrtps_c.dir/rosidl_typesupport_fastrtps_c/px4_msgs/msg/detail/vehicle_angular_velocity__type_support_c.cpp.o[0m
[1326.119s] [ 88%] [32mBuilding CXX object CMakeFiles/px4_msgs__rosidl_typesupport_fastrtps_c.dir/rosidl_typesupport_fastrtps_c/px4_msgs/msg/detail/vehicle_attitude__type_support_c.cpp.o[0m
[1326.694s] [ 88%] [32mBuilding CXX object CMakeFiles/px4_msgs__rosidl_typesupport_fastrtps_c.dir/rosidl_typesupport_fastrtps_c/px4_msgs/msg/detail/vehicle_attitude_setpoint__type_support_c.cpp.o[0m
[1327.277s] [ 88%] [32mBuilding CXX object CMakeFiles/px4_msgs__rosidl_typesupport_fastrtps_c.dir/rosidl_typesupport_fastrtps_c/px4_msgs/msg/detail/vehicle_command__type_support_c.cpp.o[0m
[1327.872s] [ 88%] [32mBuilding CXX object CMakeFiles/px4_msgs__rosidl_typesupport_fastrtps_c.dir/rosidl_typesupport_fastrtps_c/px4_msgs/msg/detail/vehicle_command_ack__type_support_c.cpp.o[0m
[1328.473s] [ 88%] [32mBuilding CXX object CMakeFiles/px4_msgs__rosidl_typesupport_fastrtps_c.dir/rosidl_typesupport_fastrtps_c/px4_msgs/msg/detail/vehicle_constraints__type_support_c.cpp.o[0m
[1329.051s] [ 88%] [32mBuilding CXX object CMakeFiles/px4_msgs__rosidl_typesupport_fastrtps_c.dir/rosidl_typesupport_fastrtps_c/px4_msgs/msg/detail/vehicle_control_mode__type_support_c.cpp.o[0m
[1329.645s] [ 88%] [32mBuilding CXX object CMakeFiles/px4_msgs__rosidl_typesupport_fastrtps_c.dir/rosidl_typesupport_fastrtps_c/px4_msgs/msg/detail/vehicle_global_position__type_support_c.cpp.o[0m
[1330.276s] [ 88%] [32mBuilding CXX object CMakeFiles/px4_msgs__rosidl_typesupport_fastrtps_c.dir/rosidl_typesupport_fastrtps_c/px4_msgs/msg/detail/vehicle_imu__type_support_c.cpp.o[0m
[1330.893s] [ 88%] [32mBuilding CXX object CMakeFiles/px4_msgs__rosidl_typesupport_fastrtps_c.dir/rosidl_typesupport_fastrtps_c/px4_msgs/msg/detail/vehicle_imu_status__type_support_c.cpp.o[0m
[1331.483s] [ 89%] [32mBuilding CXX object CMakeFiles/px4_msgs__rosidl_typesupport_fastrtps_c.dir/rosidl_typesupport_fastrtps_c/px4_msgs/msg/detail/vehicle_land_detected__type_support_c.cpp.o[0m
[1332.061s] [ 89%] [32mBuilding CXX object CMakeFiles/px4_msgs__rosidl_typesupport_fastrtps_c.dir/rosidl_typesupport_fastrtps_c/px4_msgs/msg/detail/vehicle_local_position__type_support_c.cpp.o[0m
[1332.693s] [ 89%] [32mBuilding CXX object CMakeFiles/px4_msgs__rosidl_typesupport_fastrtps_c.dir/rosidl_typesupport_fastrtps_c/px4_msgs/msg/detail/vehicle_local_position_setpoint__type_support_c.cpp.o[0m
[1333.285s] [ 89%] [32mBuilding CXX object CMakeFiles/px4_msgs__rosidl_typesupport_fastrtps_c.dir/rosidl_typesupport_fastrtps_c/px4_msgs/msg/detail/vehicle_magnetometer__type_support_c.cpp.o[0m
[1333.932s] [ 89%] [32mBuilding CXX object CMakeFiles/px4_msgs__rosidl_typesupport_fastrtps_c.dir/rosidl_typesupport_fastrtps_c/px4_msgs/msg/detail/vehicle_odometry__type_support_c.cpp.o[0m
[1334.531s] [ 89%] [32mBuilding CXX object CMakeFiles/px4_msgs__rosidl_typesupport_fastrtps_c.dir/rosidl_typesupport_fastrtps_c/px4_msgs/msg/detail/vehicle_optical_flow__type_support_c.cpp.o[0m
[1335.149s] [ 89%] [32mBuilding CXX object CMakeFiles/px4_msgs__rosidl_typesupport_fastrtps_c.dir/rosidl_typesupport_fastrtps_c/px4_msgs/msg/detail/vehicle_optical_flow_vel__type_support_c.cpp.o[0m
[1335.733s] [ 89%] [32mBuilding CXX object CMakeFiles/px4_msgs__rosidl_typesupport_fastrtps_c.dir/rosidl_typesupport_fastrtps_c/px4_msgs/msg/detail/vehicle_rates_setpoint__type_support_c.cpp.o[0m
[1336.313s] [ 89%] [32mBuilding CXX object CMakeFiles/px4_msgs__rosidl_typesupport_fastrtps_c.dir/rosidl_typesupport_fastrtps_c/px4_msgs/msg/detail/vehicle_roi__type_support_c.cpp.o[0m
[1336.896s] [ 89%] [32mBuilding CXX object CMakeFiles/px4_msgs__rosidl_typesupport_fastrtps_c.dir/rosidl_typesupport_fastrtps_c/px4_msgs/msg/detail/vehicle_status__type_support_c.cpp.o[0m
[1337.521s] [ 89%] [32mBuilding CXX object CMakeFiles/px4_msgs__rosidl_typesupport_fastrtps_c.dir/rosidl_typesupport_fastrtps_c/px4_msgs/msg/detail/vehicle_thrust_setpoint__type_support_c.cpp.o[0m
[1338.081s] [ 89%] [32mBuilding CXX object CMakeFiles/px4_msgs__rosidl_typesupport_fastrtps_c.dir/rosidl_typesupport_fastrtps_c/px4_msgs/msg/detail/vehicle_torque_setpoint__type_support_c.cpp.o[0m
[1338.652s] [ 89%] [32mBuilding CXX object CMakeFiles/px4_msgs__rosidl_typesupport_fastrtps_c.dir/rosidl_typesupport_fastrtps_c/px4_msgs/msg/detail/velocity_limits__type_support_c.cpp.o[0m
[1339.229s] [ 89%] [32mBuilding CXX object CMakeFiles/px4_msgs__rosidl_typesupport_fastrtps_c.dir/rosidl_typesupport_fastrtps_c/px4_msgs/msg/detail/vtol_vehicle_status__type_support_c.cpp.o[0m
[1339.802s] [ 89%] [32mBuilding CXX object CMakeFiles/px4_msgs__rosidl_typesupport_fastrtps_c.dir/rosidl_typesupport_fastrtps_c/px4_msgs/msg/detail/vtx__type_support_c.cpp.o[0m
[1340.394s] [ 89%] [32mBuilding CXX object CMakeFiles/px4_msgs__rosidl_typesupport_fastrtps_c.dir/rosidl_typesupport_fastrtps_c/px4_msgs/msg/detail/wheel_encoders__type_support_c.cpp.o[0m
[1340.956s] [ 89%] [32mBuilding CXX object CMakeFiles/px4_msgs__rosidl_typesupport_fastrtps_c.dir/rosidl_typesupport_fastrtps_c/px4_msgs/msg/detail/wind__type_support_c.cpp.o[0m
[1341.542s] [ 89%] [32mBuilding CXX object CMakeFiles/px4_msgs__rosidl_typesupport_fastrtps_c.dir/rosidl_typesupport_fastrtps_c/px4_msgs/msg/detail/yaw_estimator_status__type_support_c.cpp.o[0m
[1342.131s] [ 89%] [32mBuilding CXX object CMakeFiles/px4_msgs__rosidl_typesupport_fastrtps_c.dir/rosidl_typesupport_fastrtps_c/px4_msgs/srv/detail/vehicle_command__type_support_c.cpp.o[0m
[1342.745s] [ 89%] [32mBuilding CXX object CMakeFiles/px4_msgs__rosidl_typesupport_fastrtps_c.dir/rosidl_typesupport_fastrtps_c/px4_msgs/msg/detail/actuator_controls_status__type_support_c.cpp.o[0m
[1343.310s] [ 89%] [32mBuilding CXX object CMakeFiles/px4_msgs__rosidl_typesupport_fastrtps_c.dir/rosidl_typesupport_fastrtps_c/px4_msgs/msg/detail/actuator_armed__type_support_c.cpp.o[0m
[1343.890s] [ 89%] [32m[1mLinking CXX shared library libpx4_msgs__rosidl_typesupport_fastrtps_c.so[0m
[1344.097s] [ 89%] Built target px4_msgs__rosidl_typesupport_fastrtps_c
[1344.132s] [ 89%] Built target px4_msgs
[1344.180s] [ 89%] [34m[1mGenerating Python code for ROS interfaces[0m
[1447.154s] [ 89%] Built target px4_msgs__py
[1447.201s] [ 89%] [32mBuilding C object CMakeFiles/px4_msgs__rosidl_generator_py.dir/rosidl_generator_py/px4_msgs/msg/_action_request_s.c.o[0m
[1447.203s] [ 89%] [32mBuilding C object CMakeFiles/px4_msgs__rosidl_generator_py.dir/rosidl_generator_py/px4_msgs/msg/_actuator_controls_status_s.c.o[0m
[1447.204s] [ 89%] [32mBuilding C object CMakeFiles/px4_msgs__rosidl_generator_py.dir/rosidl_generator_py/px4_msgs/msg/_actuator_armed_s.c.o[0m
[1447.209s] [ 90%] [32mBuilding C object CMakeFiles/px4_msgs__rosidl_generator_py.dir/rosidl_generator_py/px4_msgs/msg/_actuator_motors_s.c.o[0m
[1447.444s] [ 90%] [32mBuilding C object CMakeFiles/px4_msgs__rosidl_generator_py.dir/rosidl_generator_py/px4_msgs/msg/_actuator_servos_s.c.o[0m
[1447.446s] [ 90%] [32mBuilding C object CMakeFiles/px4_msgs__rosidl_generator_py.dir/rosidl_generator_py/px4_msgs/msg/_actuator_outputs_s.c.o[0m
[1447.464s] [ 90%] [32mBuilding C object CMakeFiles/px4_msgs__rosidl_generator_py.dir/rosidl_generator_py/px4_msgs/msg/_actuator_test_s.c.o[0m
[1447.470s] [ 90%] [32mBuilding C object CMakeFiles/px4_msgs__rosidl_generator_py.dir/rosidl_generator_py/px4_msgs/msg/_actuator_servos_trim_s.c.o[0m
[1447.638s] [ 90%] [32mBuilding C object CMakeFiles/px4_msgs__rosidl_generator_py.dir/rosidl_generator_py/px4_msgs/msg/_adc_report_s.c.o[0m
[1447.650s] [ 90%] [32mBuilding C object CMakeFiles/px4_msgs__rosidl_generator_py.dir/rosidl_generator_py/px4_msgs/msg/_airspeed_s.c.o[0m
[1447.825s] [ 90%] [32mBuilding C object CMakeFiles/px4_msgs__rosidl_generator_py.dir/rosidl_generator_py/px4_msgs/msg/_airspeed_validated_s.c.o[0m
[1447.827s] [ 90%] [32mBuilding C object CMakeFiles/px4_msgs__rosidl_generator_py.dir/rosidl_generator_py/px4_msgs/msg/_airspeed_wind_s.c.o[0m
[1447.837s] [ 90%] [32mBuilding C object CMakeFiles/px4_msgs__rosidl_generator_py.dir/rosidl_generator_py/px4_msgs/msg/_arming_check_reply_s.c.o[0m
[1447.893s] [ 90%] [32mBuilding C object CMakeFiles/px4_msgs__rosidl_generator_py.dir/rosidl_generator_py/px4_msgs/msg/_arming_check_request_s.c.o[0m
[1448.040s] [ 90%] [32mBuilding C object CMakeFiles/px4_msgs__rosidl_generator_py.dir/rosidl_generator_py/px4_msgs/msg/_autotune_attitude_control_status_s.c.o[0m
[1448.080s] [ 90%] [32mBuilding C object CMakeFiles/px4_msgs__rosidl_generator_py.dir/rosidl_generator_py/px4_msgs/msg/_battery_info_s.c.o[0m
[1448.145s] [ 90%] [32mBuilding C object CMakeFiles/px4_msgs__rosidl_generator_py.dir/rosidl_generator_py/px4_msgs/msg/_battery_status_s.c.o[0m
[1448.210s] [ 90%] [32mBuilding C object CMakeFiles/px4_msgs__rosidl_generator_py.dir/rosidl_generator_py/px4_msgs/msg/_button_event_s.c.o[0m
[1448.329s] [ 90%] [32mBuilding C object CMakeFiles/px4_msgs__rosidl_generator_py.dir/rosidl_generator_py/px4_msgs/msg/_camera_capture_s.c.o[0m
[1448.352s] [ 90%] [32mBuilding C object CMakeFiles/px4_msgs__rosidl_generator_py.dir/rosidl_generator_py/px4_msgs/msg/_camera_status_s.c.o[0m
[1448.419s] [ 90%] [32mBuilding C object CMakeFiles/px4_msgs__rosidl_generator_py.dir/rosidl_generator_py/px4_msgs/msg/_camera_trigger_s.c.o[0m
[1448.496s] [ 90%] [32mBuilding C object CMakeFiles/px4_msgs__rosidl_generator_py.dir/rosidl_generator_py/px4_msgs/msg/_can_interface_status_s.c.o[0m
[1448.600s] [ 90%] [32mBuilding C object CMakeFiles/px4_msgs__rosidl_generator_py.dir/rosidl_generator_py/px4_msgs/msg/_cellular_status_s.c.o[0m
[1448.631s] [ 90%] [32mBuilding C object CMakeFiles/px4_msgs__rosidl_generator_py.dir/rosidl_generator_py/px4_msgs/msg/_collision_constraints_s.c.o[0m
[1448.714s] [ 90%] [32mBuilding C object CMakeFiles/px4_msgs__rosidl_generator_py.dir/rosidl_generator_py/px4_msgs/msg/_config_overrides_s.c.o[0m
[1448.744s] [ 90%] [32mBuilding C object CMakeFiles/px4_msgs__rosidl_generator_py.dir/rosidl_generator_py/px4_msgs/msg/_control_allocator_status_s.c.o[0m
[1448.861s] [ 90%] [32mBuilding C object CMakeFiles/px4_msgs__rosidl_generator_py.dir/rosidl_generator_py/px4_msgs/msg/_cpuload_s.c.o[0m
[1448.973s] [ 91%] [32mBuilding C object CMakeFiles/px4_msgs__rosidl_generator_py.dir/rosidl_generator_py/px4_msgs/msg/_dataman_request_s.c.o[0m
[1448.980s] [ 91%] [32mBuilding C object CMakeFiles/px4_msgs__rosidl_generator_py.dir/rosidl_generator_py/px4_msgs/msg/_dataman_response_s.c.o[0m
[1448.991s] [ 91%] [32mBuilding C object CMakeFiles/px4_msgs__rosidl_generator_py.dir/rosidl_generator_py/px4_msgs/msg/_debug_array_s.c.o[0m
[1449.051s] [ 91%] [32mBuilding C object CMakeFiles/px4_msgs__rosidl_generator_py.dir/rosidl_generator_py/px4_msgs/msg/_debug_key_value_s.c.o[0m
[1449.182s] [ 91%] [32mBuilding C object CMakeFiles/px4_msgs__rosidl_generator_py.dir/rosidl_generator_py/px4_msgs/msg/_debug_value_s.c.o[0m
[1449.275s] [ 91%] [32mBuilding C object CMakeFiles/px4_msgs__rosidl_generator_py.dir/rosidl_generator_py/px4_msgs/msg/_debug_vect_s.c.o[0m
[1449.308s] [ 91%] [32mBuilding C object CMakeFiles/px4_msgs__rosidl_generator_py.dir/rosidl_generator_py/px4_msgs/msg/_device_information_s.c.o[0m
[1449.321s] [ 91%] [32mBuilding C object CMakeFiles/px4_msgs__rosidl_generator_py.dir/rosidl_generator_py/px4_msgs/msg/_differential_pressure_s.c.o[0m
[1449.426s] [ 91%] [32mBuilding C object CMakeFiles/px4_msgs__rosidl_generator_py.dir/rosidl_generator_py/px4_msgs/msg/_distance_sensor_s.c.o[0m
[1449.507s] [ 91%] [32mBuilding C object CMakeFiles/px4_msgs__rosidl_generator_py.dir/rosidl_generator_py/px4_msgs/msg/_distance_sensor_mode_change_request_s.c.o[0m
[1449.539s] [ 91%] [32mBuilding C object CMakeFiles/px4_msgs__rosidl_generator_py.dir/rosidl_generator_py/px4_msgs/msg/_dronecan_node_status_s.c.o[0m
[1449.623s] [ 91%] [32mBuilding C object CMakeFiles/px4_msgs__rosidl_generator_py.dir/rosidl_generator_py/px4_msgs/msg/_ekf2_timestamps_s.c.o[0m
[1449.739s] [ 91%] [32mBuilding C object CMakeFiles/px4_msgs__rosidl_generator_py.dir/rosidl_generator_py/px4_msgs/msg/_esc_status_s.c.o[0m
[1449.750s] [ 91%] [32mBuilding C object CMakeFiles/px4_msgs__rosidl_generator_py.dir/rosidl_generator_py/px4_msgs/msg/_esc_report_s.c.o[0m
[1449.774s] [ 91%] [32mBuilding C object CMakeFiles/px4_msgs__rosidl_generator_py.dir/rosidl_generator_py/px4_msgs/msg/_estimator_aid_source1d_s.c.o[0m
[1449.879s] [ 91%] [32mBuilding C object CMakeFiles/px4_msgs__rosidl_generator_py.dir/rosidl_generator_py/px4_msgs/msg/_estimator_aid_source2d_s.c.o[0m
[1449.980s] [ 91%] [32mBuilding C object CMakeFiles/px4_msgs__rosidl_generator_py.dir/rosidl_generator_py/px4_msgs/msg/_estimator_aid_source3d_s.c.o[0m
[1450.020s] [ 91%] [32mBuilding C object CMakeFiles/px4_msgs__rosidl_generator_py.dir/rosidl_generator_py/px4_msgs/msg/_estimator_bias3d_s.c.o[0m
[1450.025s] [ 91%] [32mBuilding C object CMakeFiles/px4_msgs__rosidl_generator_py.dir/rosidl_generator_py/px4_msgs/msg/_estimator_bias_s.c.o[0m
[1450.161s] [ 91%] [32mBuilding C object CMakeFiles/px4_msgs__rosidl_generator_py.dir/rosidl_generator_py/px4_msgs/msg/_estimator_event_flags_s.c.o[0m
[1450.231s] [ 91%] [32mBuilding C object CMakeFiles/px4_msgs__rosidl_generator_py.dir/rosidl_generator_py/px4_msgs/msg/_estimator_gps_status_s.c.o[0m
[1450.365s] [ 91%] [32mBuilding C object CMakeFiles/px4_msgs__rosidl_generator_py.dir/rosidl_generator_py/px4_msgs/msg/_estimator_innovations_s.c.o[0m
[1450.384s] [ 91%] [32mBuilding C object CMakeFiles/px4_msgs__rosidl_generator_py.dir/rosidl_generator_py/px4_msgs/msg/_estimator_selector_status_s.c.o[0m
[1450.409s] [ 91%] [32mBuilding C object CMakeFiles/px4_msgs__rosidl_generator_py.dir/rosidl_generator_py/px4_msgs/msg/_estimator_sensor_bias_s.c.o[0m
[1450.482s] [ 91%] [32mBuilding C object CMakeFiles/px4_msgs__rosidl_generator_py.dir/rosidl_generator_py/px4_msgs/msg/_estimator_states_s.c.o[0m
[1450.640s] [ 91%] [32mBuilding C object CMakeFiles/px4_msgs__rosidl_generator_py.dir/rosidl_generator_py/px4_msgs/msg/_estimator_status_flags_s.c.o[0m
[1450.647s] [ 92%] [32mBuilding C object CMakeFiles/px4_msgs__rosidl_generator_py.dir/rosidl_generator_py/px4_msgs/msg/_estimator_status_s.c.o[0m
[1450.763s] [ 92%] [32mBuilding C object CMakeFiles/px4_msgs__rosidl_generator_py.dir/rosidl_generator_py/px4_msgs/msg/_event_s.c.o[0m
[1450.805s] [ 92%] [32mBuilding C object CMakeFiles/px4_msgs__rosidl_generator_py.dir/rosidl_generator_py/px4_msgs/msg/_failsafe_flags_s.c.o[0m
[1450.959s] [ 92%] [32mBuilding C object CMakeFiles/px4_msgs__rosidl_generator_py.dir/rosidl_generator_py/px4_msgs/msg/_failure_detector_status_s.c.o[0m
[1451.002s] [ 92%] [32mBuilding C object CMakeFiles/px4_msgs__rosidl_generator_py.dir/rosidl_generator_py/px4_msgs/msg/_figure_eight_status_s.c.o[0m
[1451.115s] [ 92%] [32mBuilding C object CMakeFiles/px4_msgs__rosidl_generator_py.dir/rosidl_generator_py/px4_msgs/msg/_fixed_wing_lateral_guidance_status_s.c.o[0m
[1451.132s] [ 92%] [32mBuilding C object CMakeFiles/px4_msgs__rosidl_generator_py.dir/rosidl_generator_py/px4_msgs/msg/_fixed_wing_lateral_setpoint_s.c.o[0m
[1451.182s] [ 92%] [32mBuilding C object CMakeFiles/px4_msgs__rosidl_generator_py.dir/rosidl_generator_py/px4_msgs/msg/_fixed_wing_lateral_status_s.c.o[0m
[1451.262s] [ 92%] [32mBuilding C object CMakeFiles/px4_msgs__rosidl_generator_py.dir/rosidl_generator_py/px4_msgs/msg/_fixed_wing_longitudinal_setpoint_s.c.o[0m
[1451.349s] [ 92%] [32mBuilding C object CMakeFiles/px4_msgs__rosidl_generator_py.dir/rosidl_generator_py/px4_msgs/msg/_fixed_wing_runway_control_s.c.o[0m
[1451.403s] [ 92%] [32mBuilding C object CMakeFiles/px4_msgs__rosidl_generator_py.dir/rosidl_generator_py/px4_msgs/msg/_flight_phase_estimation_s.c.o[0m
[1451.407s] [ 92%] [32mBuilding C object CMakeFiles/px4_msgs__rosidl_generator_py.dir/rosidl_generator_py/px4_msgs/msg/_follow_target_s.c.o[0m
[1451.527s] [ 92%] [32mBuilding C object CMakeFiles/px4_msgs__rosidl_generator_py.dir/rosidl_generator_py/px4_msgs/msg/_follow_target_estimator_s.c.o[0m
[1451.590s] [ 92%] [32mBuilding C object CMakeFiles/px4_msgs__rosidl_generator_py.dir/rosidl_generator_py/px4_msgs/msg/_follow_target_status_s.c.o[0m
[1451.656s] [ 92%] [32mBuilding C object CMakeFiles/px4_msgs__rosidl_generator_py.dir/rosidl_generator_py/px4_msgs/msg/_fuel_tank_status_s.c.o[0m
[1451.669s] [ 92%] [32mBuilding C object CMakeFiles/px4_msgs__rosidl_generator_py.dir/rosidl_generator_py/px4_msgs/msg/_gain_compression_s.c.o[0m
[1451.822s] [ 92%] [32mBuilding C object CMakeFiles/px4_msgs__rosidl_generator_py.dir/rosidl_generator_py/px4_msgs/msg/_generator_status_s.c.o[0m
[1451.868s] [ 92%] [32mBuilding C object CMakeFiles/px4_msgs__rosidl_generator_py.dir/rosidl_generator_py/px4_msgs/msg/_geofence_result_s.c.o[0m
[1451.890s] [ 92%] [32mBuilding C object CMakeFiles/px4_msgs__rosidl_generator_py.dir/rosidl_generator_py/px4_msgs/msg/_geofence_status_s.c.o[0m
[1451.939s] [ 92%] [32mBuilding C object CMakeFiles/px4_msgs__rosidl_generator_py.dir/rosidl_generator_py/px4_msgs/msg/_gimbal_controls_s.c.o[0m
[1452.063s] [ 92%] [32mBuilding C object CMakeFiles/px4_msgs__rosidl_generator_py.dir/rosidl_generator_py/px4_msgs/msg/_gimbal_device_attitude_status_s.c.o[0m
[1452.120s] [ 92%] [32mBuilding C object CMakeFiles/px4_msgs__rosidl_generator_py.dir/rosidl_generator_py/px4_msgs/msg/_gimbal_device_information_s.c.o[0m
[1452.174s] [ 92%] [32mBuilding C object CMakeFiles/px4_msgs__rosidl_generator_py.dir/rosidl_generator_py/px4_msgs/msg/_gimbal_device_set_attitude_s.c.o[0m
[1452.232s] [ 93%] [32mBuilding C object CMakeFiles/px4_msgs__rosidl_generator_py.dir/rosidl_generator_py/px4_msgs/msg/_gimbal_manager_information_s.c.o[0m
[1452.323s] [ 93%] [32mBuilding C object CMakeFiles/px4_msgs__rosidl_generator_py.dir/rosidl_generator_py/px4_msgs/msg/_gimbal_manager_set_attitude_s.c.o[0m
[1452.356s] [ 93%] [32mBuilding C object CMakeFiles/px4_msgs__rosidl_generator_py.dir/rosidl_generator_py/px4_msgs/msg/_gimbal_manager_set_manual_control_s.c.o[0m
[1452.459s] [ 93%] [32mBuilding C object CMakeFiles/px4_msgs__rosidl_generator_py.dir/rosidl_generator_py/px4_msgs/msg/_gimbal_manager_status_s.c.o[0m
[1452.467s] [ 93%] [32mBuilding C object CMakeFiles/px4_msgs__rosidl_generator_py.dir/rosidl_generator_py/px4_msgs/msg/_goto_setpoint_s.c.o[0m
[1452.597s] [ 93%] [32mBuilding C object CMakeFiles/px4_msgs__rosidl_generator_py.dir/rosidl_generator_py/px4_msgs/msg/_gpio_config_s.c.o[0m
[1452.604s] [ 93%] [32mBuilding C object CMakeFiles/px4_msgs__rosidl_generator_py.dir/rosidl_generator_py/px4_msgs/msg/_gpio_in_s.c.o[0m
[1452.763s] [ 93%] [32mBuilding C object CMakeFiles/px4_msgs__rosidl_generator_py.dir/rosidl_generator_py/px4_msgs/msg/_gpio_out_s.c.o[0m
[1452.769s] [ 93%] [32mBuilding C object CMakeFiles/px4_msgs__rosidl_generator_py.dir/rosidl_generator_py/px4_msgs/msg/_gpio_request_s.c.o[0m
[1452.872s] [ 93%] [32mBuilding C object CMakeFiles/px4_msgs__rosidl_generator_py.dir/rosidl_generator_py/px4_msgs/msg/_gps_dump_s.c.o[0m
[1452.907s] [ 93%] [32mBuilding C object CMakeFiles/px4_msgs__rosidl_generator_py.dir/rosidl_generator_py/px4_msgs/msg/_gps_inject_data_s.c.o[0m
[1452.998s] [ 93%] [32mBuilding C object CMakeFiles/px4_msgs__rosidl_generator_py.dir/rosidl_generator_py/px4_msgs/msg/_gripper_s.c.o[0m
[1453.078s] [ 93%] [32mBuilding C object CMakeFiles/px4_msgs__rosidl_generator_py.dir/rosidl_generator_py/px4_msgs/msg/_heater_status_s.c.o[0m
[1453.080s] [ 93%] [32mBuilding C object CMakeFiles/px4_msgs__rosidl_generator_py.dir/rosidl_generator_py/px4_msgs/msg/_health_report_s.c.o[0m
[1453.163s] [ 93%] [32mBuilding C object CMakeFiles/px4_msgs__rosidl_generator_py.dir/rosidl_generator_py/px4_msgs/msg/_home_position_s.c.o[0m
[1453.194s] [ 93%] [32mBuilding C object CMakeFiles/px4_msgs__rosidl_generator_py.dir/rosidl_generator_py/px4_msgs/msg/_hover_thrust_estimate_s.c.o[0m
[1453.333s] [ 93%] [32mBuilding C object CMakeFiles/px4_msgs__rosidl_generator_py.dir/rosidl_generator_py/px4_msgs/msg/_input_rc_s.c.o[0m
[1453.373s] [ 93%] [32mBuilding C object CMakeFiles/px4_msgs__rosidl_generator_py.dir/rosidl_generator_py/px4_msgs/msg/_internal_combustion_engine_control_s.c.o[0m
[1453.395s] [ 93%] [32mBuilding C object CMakeFiles/px4_msgs__rosidl_generator_py.dir/rosidl_generator_py/px4_msgs/msg/_internal_combustion_engine_status_s.c.o[0m
[1453.473s] [ 93%] [32mBuilding C object CMakeFiles/px4_msgs__rosidl_generator_py.dir/rosidl_generator_py/px4_msgs/msg/_iridiumsbd_status_s.c.o[0m
[1453.578s] [ 93%] [32mBuilding C object CMakeFiles/px4_msgs__rosidl_generator_py.dir/rosidl_generator_py/px4_msgs/msg/_irlock_report_s.c.o[0m
[1453.595s] [ 93%] [32mBuilding C object CMakeFiles/px4_msgs__rosidl_generator_py.dir/rosidl_generator_py/px4_msgs/msg/_landing_gear_s.c.o[0m
[1453.689s] [ 93%] [32mBuilding C object CMakeFiles/px4_msgs__rosidl_generator_py.dir/rosidl_generator_py/px4_msgs/msg/_landing_gear_wheel_s.c.o[0m
[1453.806s] [ 93%] [32mBuilding C object CMakeFiles/px4_msgs__rosidl_generator_py.dir/rosidl_generator_py/px4_msgs/msg/_landing_target_innovations_s.c.o[0m
[1453.861s] [ 94%] [32mBuilding C object CMakeFiles/px4_msgs__rosidl_generator_py.dir/rosidl_generator_py/px4_msgs/msg/_landing_target_pose_s.c.o[0m
[1453.892s] [ 94%] [32mBuilding C object CMakeFiles/px4_msgs__rosidl_generator_py.dir/rosidl_generator_py/px4_msgs/msg/_lateral_control_configuration_s.c.o[0m
[1453.914s] [ 94%] [32mBuilding C object CMakeFiles/px4_msgs__rosidl_generator_py.dir/rosidl_generator_py/px4_msgs/msg/_launch_detection_status_s.c.o[0m
[1454.018s] [ 94%] [32mBuilding C object CMakeFiles/px4_msgs__rosidl_generator_py.dir/rosidl_generator_py/px4_msgs/msg/_led_control_s.c.o[0m
[1454.106s] [ 94%] [32mBuilding C object CMakeFiles/px4_msgs__rosidl_generator_py.dir/rosidl_generator_py/px4_msgs/msg/_log_message_s.c.o[0m
[1454.157s] [ 94%] [32mBuilding C object CMakeFiles/px4_msgs__rosidl_generator_py.dir/rosidl_generator_py/px4_msgs/msg/_longitudinal_control_configuration_s.c.o[0m
[1454.163s] [ 94%] [32mBuilding C object CMakeFiles/px4_msgs__rosidl_generator_py.dir/rosidl_generator_py/px4_msgs/msg/_logger_status_s.c.o[0m
[1454.263s] [ 94%] [32mBuilding C object CMakeFiles/px4_msgs__rosidl_generator_py.dir/rosidl_generator_py/px4_msgs/msg/_mag_worker_data_s.c.o[0m
[1454.376s] [ 94%] [32mBuilding C object CMakeFiles/px4_msgs__rosidl_generator_py.dir/rosidl_generator_py/px4_msgs/msg/_magnetometer_bias_estimate_s.c.o[0m
[1454.398s] [ 94%] [32mBuilding C object CMakeFiles/px4_msgs__rosidl_generator_py.dir/rosidl_generator_py/px4_msgs/msg/_manual_control_setpoint_s.c.o[0m
[1454.417s] [ 94%] [32mBuilding C object CMakeFiles/px4_msgs__rosidl_generator_py.dir/rosidl_generator_py/px4_msgs/msg/_manual_control_switches_s.c.o[0m
[1454.540s] [ 94%] [32mBuilding C object CMakeFiles/px4_msgs__rosidl_generator_py.dir/rosidl_generator_py/px4_msgs/msg/_mavlink_log_s.c.o[0m
[1454.611s] [ 94%] [32mBuilding C object CMakeFiles/px4_msgs__rosidl_generator_py.dir/rosidl_generator_py/px4_msgs/msg/_mavlink_tunnel_s.c.o[0m
[1454.738s] [ 94%] [32mBuilding C object CMakeFiles/px4_msgs__rosidl_generator_py.dir/rosidl_generator_py/px4_msgs/msg/_message_format_request_s.c.o[0m
[1454.819s] [ 94%] [32mBuilding C object CMakeFiles/px4_msgs__rosidl_generator_py.dir/rosidl_generator_py/px4_msgs/msg/_mission_s.c.o[0m
[1454.820s] [ 94%] [32mBuilding C object CMakeFiles/px4_msgs__rosidl_generator_py.dir/rosidl_generator_py/px4_msgs/msg/_message_format_response_s.c.o[0m
[1454.854s] [ 94%] [32mBuilding C object CMakeFiles/px4_msgs__rosidl_generator_py.dir/rosidl_generator_py/px4_msgs/msg/_mission_result_s.c.o[0m
[1454.965s] [ 94%] [32mBuilding C object CMakeFiles/px4_msgs__rosidl_generator_py.dir/rosidl_generator_py/px4_msgs/msg/_mode_completed_s.c.o[0m
[1455.041s] [ 94%] [32mBuilding C object CMakeFiles/px4_msgs__rosidl_generator_py.dir/rosidl_generator_py/px4_msgs/msg/_mount_orientation_s.c.o[0m
[1455.050s] [ 94%] [32mBuilding C object CMakeFiles/px4_msgs__rosidl_generator_py.dir/rosidl_generator_py/px4_msgs/msg/_navigator_mission_item_s.c.o[0m
[1455.111s] [ 94%] [32mBuilding C object CMakeFiles/px4_msgs__rosidl_generator_py.dir/rosidl_generator_py/px4_msgs/msg/_navigator_status_s.c.o[0m
[1455.182s] [ 94%] [32mBuilding C object CMakeFiles/px4_msgs__rosidl_generator_py.dir/rosidl_generator_py/px4_msgs/msg/_neural_control_s.c.o[0m
[1455.272s] [ 94%] [32mBuilding C object CMakeFiles/px4_msgs__rosidl_generator_py.dir/rosidl_generator_py/px4_msgs/msg/_normalized_unsigned_setpoint_s.c.o[0m
[1455.330s] [ 94%] [32mBuilding C object CMakeFiles/px4_msgs__rosidl_generator_py.dir/rosidl_generator_py/px4_msgs/msg/_obstacle_distance_s.c.o[0m
[1455.349s] [ 94%] [32mBuilding C object CMakeFiles/px4_msgs__rosidl_generator_py.dir/rosidl_generator_py/px4_msgs/msg/_offboard_control_mode_s.c.o[0m
[1455.462s] [ 95%] [32mBuilding C object CMakeFiles/px4_msgs__rosidl_generator_py.dir/rosidl_generator_py/px4_msgs/msg/_onboard_computer_status_s.c.o[0m
[1455.526s] [ 95%] [32mBuilding C object CMakeFiles/px4_msgs__rosidl_generator_py.dir/rosidl_generator_py/px4_msgs/msg/_open_drone_id_arm_status_s.c.o[0m
[1455.538s] [ 95%] [32mBuilding C object CMakeFiles/px4_msgs__rosidl_generator_py.dir/rosidl_generator_py/px4_msgs/msg/_open_drone_id_operator_id_s.c.o[0m
[1455.550s] [ 95%] [32mBuilding C object CMakeFiles/px4_msgs__rosidl_generator_py.dir/rosidl_generator_py/px4_msgs/msg/_open_drone_id_self_id_s.c.o[0m
[1455.738s] [ 95%] [32mBuilding C object CMakeFiles/px4_msgs__rosidl_generator_py.dir/rosidl_generator_py/px4_msgs/msg/_open_drone_id_system_s.c.o[0m
[1455.741s] [ 95%] [32mBuilding C object CMakeFiles/px4_msgs__rosidl_generator_py.dir/rosidl_generator_py/px4_msgs/msg/_orb_test_s.c.o[0m
[1455.805s] [ 95%] [32mBuilding C object CMakeFiles/px4_msgs__rosidl_generator_py.dir/rosidl_generator_py/px4_msgs/msg/_orb_test_large_s.c.o[0m
[1455.857s] [ 95%] [32mBuilding C object CMakeFiles/px4_msgs__rosidl_generator_py.dir/rosidl_generator_py/px4_msgs/msg/_orb_test_medium_s.c.o[0m
[1455.973s] [ 95%] [32mBuilding C object CMakeFiles/px4_msgs__rosidl_generator_py.dir/rosidl_generator_py/px4_msgs/msg/_orbit_status_s.c.o[0m
[1456.009s] [ 95%] [32mBuilding C object CMakeFiles/px4_msgs__rosidl_generator_py.dir/rosidl_generator_py/px4_msgs/msg/_parameter_reset_request_s.c.o[0m
[1456.094s] [ 95%] [32mBuilding C object CMakeFiles/px4_msgs__rosidl_generator_py.dir/rosidl_generator_py/px4_msgs/msg/_parameter_set_used_request_s.c.o[0m
[1456.139s] [ 95%] [32mBuilding C object CMakeFiles/px4_msgs__rosidl_generator_py.dir/rosidl_generator_py/px4_msgs/msg/_parameter_set_value_request_s.c.o[0m
[1456.180s] [ 95%] [32mBuilding C object CMakeFiles/px4_msgs__rosidl_generator_py.dir/rosidl_generator_py/px4_msgs/msg/_parameter_set_value_response_s.c.o[0m
[1456.229s] [ 95%] [32mBuilding C object CMakeFiles/px4_msgs__rosidl_generator_py.dir/rosidl_generator_py/px4_msgs/msg/_parameter_update_s.c.o[0m
[1456.330s] [ 95%] [32mBuilding C object CMakeFiles/px4_msgs__rosidl_generator_py.dir/rosidl_generator_py/px4_msgs/msg/_ping_s.c.o[0m
[1456.429s] [ 95%] [32mBuilding C object CMakeFiles/px4_msgs__rosidl_generator_py.dir/rosidl_generator_py/px4_msgs/msg/_position_controller_landing_status_s.c.o[0m
[1456.435s] [ 95%] [32mBuilding C object CMakeFiles/px4_msgs__rosidl_generator_py.dir/rosidl_generator_py/px4_msgs/msg/_position_controller_status_s.c.o[0m
[1456.470s] [ 95%] [32mBuilding C object CMakeFiles/px4_msgs__rosidl_generator_py.dir/rosidl_generator_py/px4_msgs/msg/_position_setpoint_s.c.o[0m
[1456.518s] [ 95%] [32mBuilding C object CMakeFiles/px4_msgs__rosidl_generator_py.dir/rosidl_generator_py/px4_msgs/msg/_position_setpoint_triplet_s.c.o[0m
[1456.668s] [ 95%] [32mBuilding C object CMakeFiles/px4_msgs__rosidl_generator_py.dir/rosidl_generator_py/px4_msgs/msg/_power_button_state_s.c.o[0m
[1456.683s] [ 95%] [32mBuilding C object CMakeFiles/px4_msgs__rosidl_generator_py.dir/rosidl_generator_py/px4_msgs/msg/_power_monitor_s.c.o[0m
[1456.775s] [ 95%] [32mBuilding C object CMakeFiles/px4_msgs__rosidl_generator_py.dir/rosidl_generator_py/px4_msgs/msg/_pps_capture_s.c.o[0m
[1456.807s] [ 95%] [32mBuilding C object CMakeFiles/px4_msgs__rosidl_generator_py.dir/rosidl_generator_py/px4_msgs/msg/_pure_pursuit_status_s.c.o[0m
[1456.915s] [ 95%] [32mBuilding C object CMakeFiles/px4_msgs__rosidl_generator_py.dir/rosidl_generator_py/px4_msgs/msg/_pwm_input_s.c.o[0m
[1456.964s] [ 96%] [32mBuilding C object CMakeFiles/px4_msgs__rosidl_generator_py.dir/rosidl_generator_py/px4_msgs/msg/_px4io_status_s.c.o[0m
[1457.031s] [ 96%] [32mBuilding C object CMakeFiles/px4_msgs__rosidl_generator_py.dir/rosidl_generator_py/px4_msgs/msg/_qshell_req_s.c.o[0m
[1457.059s] [ 96%] [32mBuilding C object CMakeFiles/px4_msgs__rosidl_generator_py.dir/rosidl_generator_py/px4_msgs/msg/_qshell_retval_s.c.o[0m
[1457.138s] [ 96%] [32mBuilding C object CMakeFiles/px4_msgs__rosidl_generator_py.dir/rosidl_generator_py/px4_msgs/msg/_radio_status_s.c.o[0m
[1457.242s] [ 96%] [32mBuilding C object CMakeFiles/px4_msgs__rosidl_generator_py.dir/rosidl_generator_py/px4_msgs/msg/_raptor_input_s.c.o[0m
[1457.284s] [ 96%] [32mBuilding C object CMakeFiles/px4_msgs__rosidl_generator_py.dir/rosidl_generator_py/px4_msgs/msg/_raptor_status_s.c.o[0m
[1457.390s] [ 96%] [32mBuilding C object CMakeFiles/px4_msgs__rosidl_generator_py.dir/rosidl_generator_py/px4_msgs/msg/_rate_ctrl_status_s.c.o[0m
[1457.420s] [ 96%] [32mBuilding C object CMakeFiles/px4_msgs__rosidl_generator_py.dir/rosidl_generator_py/px4_msgs/msg/_rc_channels_s.c.o[0m
[1457.503s] [ 96%] [32mBuilding C object CMakeFiles/px4_msgs__rosidl_generator_py.dir/rosidl_generator_py/px4_msgs/msg/_rc_parameter_map_s.c.o[0m
[1457.515s] [ 96%] [32mBuilding C object CMakeFiles/px4_msgs__rosidl_generator_py.dir/rosidl_generator_py/px4_msgs/msg/_register_ext_component_reply_s.c.o[0m
[1457.604s] [ 96%] [32mBuilding C object CMakeFiles/px4_msgs__rosidl_generator_py.dir/rosidl_generator_py/px4_msgs/msg/_register_ext_component_request_s.c.o[0m
[1457.693s] [ 96%] [32mBuilding C object CMakeFiles/px4_msgs__rosidl_generator_py.dir/rosidl_generator_py/px4_msgs/msg/_rover_attitude_setpoint_s.c.o[0m
[1457.759s] [ 96%] [32mBuilding C object CMakeFiles/px4_msgs__rosidl_generator_py.dir/rosidl_generator_py/px4_msgs/msg/_rover_attitude_status_s.c.o[0m
[1457.787s] [ 96%] [32mBuilding C object CMakeFiles/px4_msgs__rosidl_generator_py.dir/rosidl_generator_py/px4_msgs/msg/_rover_position_setpoint_s.c.o[0m
[1457.819s] [ 96%] [32mBuilding C object CMakeFiles/px4_msgs__rosidl_generator_py.dir/rosidl_generator_py/px4_msgs/msg/_rover_rate_setpoint_s.c.o[0m
[1457.926s] [ 96%] [32mBuilding C object CMakeFiles/px4_msgs__rosidl_generator_py.dir/rosidl_generator_py/px4_msgs/msg/_rover_rate_status_s.c.o[0m
[1457.996s] [ 96%] [32mBuilding C object CMakeFiles/px4_msgs__rosidl_generator_py.dir/rosidl_generator_py/px4_msgs/msg/_rover_speed_setpoint_s.c.o[0m
[1458.039s] [ 96%] [32mBuilding C object CMakeFiles/px4_msgs__rosidl_generator_py.dir/rosidl_generator_py/px4_msgs/msg/_rover_speed_status_s.c.o[0m
[1458.168s] [ 96%] [32mBuilding C object CMakeFiles/px4_msgs__rosidl_generator_py.dir/rosidl_generator_py/px4_msgs/msg/_rover_steering_setpoint_s.c.o[0m
[1458.177s] [ 96%] [32mBuilding C object CMakeFiles/px4_msgs__rosidl_generator_py.dir/rosidl_generator_py/px4_msgs/msg/_rover_throttle_setpoint_s.c.o[0m
[1458.228s] [ 96%] [32mBuilding C object CMakeFiles/px4_msgs__rosidl_generator_py.dir/rosidl_generator_py/px4_msgs/msg/_rpm_s.c.o[0m
[1458.277s] [ 96%] [32mBuilding C object CMakeFiles/px4_msgs__rosidl_generator_py.dir/rosidl_generator_py/px4_msgs/msg/_rtl_status_s.c.o[0m
[1458.374s] [ 96%] [32mBuilding C object CMakeFiles/px4_msgs__rosidl_generator_py.dir/rosidl_generator_py/px4_msgs/msg/_rtl_time_estimate_s.c.o[0m
[1458.402s] [ 96%] [32mBuilding C object CMakeFiles/px4_msgs__rosidl_generator_py.dir/rosidl_generator_py/px4_msgs/msg/_satellite_info_s.c.o[0m
[1458.501s] [ 96%] [32mBuilding C object CMakeFiles/px4_msgs__rosidl_generator_py.dir/rosidl_generator_py/px4_msgs/msg/_sensor_accel_s.c.o[0m
[1458.596s] [ 97%] [32mBuilding C object CMakeFiles/px4_msgs__rosidl_generator_py.dir/rosidl_generator_py/px4_msgs/msg/_sensor_accel_fifo_s.c.o[0m
[1458.608s] [ 97%] [32mBuilding C object CMakeFiles/px4_msgs__rosidl_generator_py.dir/rosidl_generator_py/px4_msgs/msg/_sensor_airflow_s.c.o[0m
[1458.640s] [ 97%] [32mBuilding C object CMakeFiles/px4_msgs__rosidl_generator_py.dir/rosidl_generator_py/px4_msgs/msg/_sensor_baro_s.c.o[0m
[1458.790s] [ 97%] [32mBuilding C object CMakeFiles/px4_msgs__rosidl_generator_py.dir/rosidl_generator_py/px4_msgs/msg/_sensor_combined_s.c.o[0m
[1458.828s] [ 97%] [32mBuilding C object CMakeFiles/px4_msgs__rosidl_generator_py.dir/rosidl_generator_py/px4_msgs/msg/_sensor_correction_s.c.o[0m
[1458.902s] [ 97%] [32mBuilding C object CMakeFiles/px4_msgs__rosidl_generator_py.dir/rosidl_generator_py/px4_msgs/msg/_sensor_gnss_relative_s.c.o[0m
[1458.944s] [ 97%] [32mBuilding C object CMakeFiles/px4_msgs__rosidl_generator_py.dir/rosidl_generator_py/px4_msgs/msg/_sensor_gnss_status_s.c.o[0m
[1459.067s] [ 97%] [32mBuilding C object CMakeFiles/px4_msgs__rosidl_generator_py.dir/rosidl_generator_py/px4_msgs/msg/_sensor_gps_s.c.o[0m
[1459.168s] [ 97%] [32mBuilding C object CMakeFiles/px4_msgs__rosidl_generator_py.dir/rosidl_generator_py/px4_msgs/msg/_sensor_gyro_s.c.o[0m
[1459.185s] [ 97%] [32mBuilding C object CMakeFiles/px4_msgs__rosidl_generator_py.dir/rosidl_generator_py/px4_msgs/msg/_sensor_gyro_fft_s.c.o[0m
[1459.221s] [ 97%] [32mBuilding C object CMakeFiles/px4_msgs__rosidl_generator_py.dir/rosidl_generator_py/px4_msgs/msg/_sensor_gyro_fifo_s.c.o[0m
[1459.394s] [ 97%] [32mBuilding C object CMakeFiles/px4_msgs__rosidl_generator_py.dir/rosidl_generator_py/px4_msgs/msg/_sensor_hygrometer_s.c.o[0m
[1459.422s] [ 97%] [32mBuilding C object CMakeFiles/px4_msgs__rosidl_generator_py.dir/rosidl_generator_py/px4_msgs/msg/_sensor_mag_s.c.o[0m
[1459.440s] [ 97%] [32mBuilding C object CMakeFiles/px4_msgs__rosidl_generator_py.dir/rosidl_generator_py/px4_msgs/msg/_sensor_optical_flow_s.c.o[0m
[1459.543s] [ 97%] [32mBuilding C object CMakeFiles/px4_msgs__rosidl_generator_py.dir/rosidl_generator_py/px4_msgs/msg/_sensor_preflight_mag_s.c.o[0m
[1459.609s] [ 97%] [32mBuilding C object CMakeFiles/px4_msgs__rosidl_generator_py.dir/rosidl_generator_py/px4_msgs/msg/_sensor_selection_s.c.o[0m
[1459.654s] [ 97%] [32mBuilding C object CMakeFiles/px4_msgs__rosidl_generator_py.dir/rosidl_generator_py/px4_msgs/msg/_sensor_temp_s.c.o[0m
[1459.690s] [ 97%] [32mBuilding C object CMakeFiles/px4_msgs__rosidl_generator_py.dir/rosidl_generator_py/px4_msgs/msg/_sensor_uwb_s.c.o[0m
[1459.806s] [ 97%] [32mBuilding C object CMakeFiles/px4_msgs__rosidl_generator_py.dir/rosidl_generator_py/px4_msgs/msg/_sensors_status_s.c.o[0m
[1459.857s] [ 97%] [32mBuilding C object CMakeFiles/px4_msgs__rosidl_generator_py.dir/rosidl_generator_py/px4_msgs/msg/_sensors_status_imu_s.c.o[0m
[1459.925s] [ 97%] [32mBuilding C object CMakeFiles/px4_msgs__rosidl_generator_py.dir/rosidl_generator_py/px4_msgs/msg/_system_power_s.c.o[0m
[1459.996s] [ 97%] [32mBuilding C object CMakeFiles/px4_msgs__rosidl_generator_py.dir/rosidl_generator_py/px4_msgs/msg/_takeoff_status_s.c.o[0m
[1460.066s] [ 97%] [32mBuilding C object CMakeFiles/px4_msgs__rosidl_generator_py.dir/rosidl_generator_py/px4_msgs/msg/_task_stack_info_s.c.o[0m
[1460.185s] [ 97%] [32mBuilding C object CMakeFiles/px4_msgs__rosidl_generator_py.dir/rosidl_generator_py/px4_msgs/msg/_tecs_status_s.c.o[0m
[1460.187s] [ 98%] [32mBuilding C object CMakeFiles/px4_msgs__rosidl_generator_py.dir/rosidl_generator_py/px4_msgs/msg/_telemetry_status_s.c.o[0m
[1460.217s] [ 98%] [32mBuilding C object CMakeFiles/px4_msgs__rosidl_generator_py.dir/rosidl_generator_py/px4_msgs/msg/_tiltrotor_extra_controls_s.c.o[0m
[1460.304s] [ 98%] [32mBuilding C object CMakeFiles/px4_msgs__rosidl_generator_py.dir/rosidl_generator_py/px4_msgs/msg/_timesync_status_s.c.o[0m
[1460.415s] [ 98%] [32mBuilding C object CMakeFiles/px4_msgs__rosidl_generator_py.dir/rosidl_generator_py/px4_msgs/msg/_trajectory_setpoint_s.c.o[0m
[1460.484s] [ 98%] [32mBuilding C object CMakeFiles/px4_msgs__rosidl_generator_py.dir/rosidl_generator_py/px4_msgs/msg/_trajectory_setpoint6dof_s.c.o[0m
[1460.589s] [ 98%] [32mBuilding C object CMakeFiles/px4_msgs__rosidl_generator_py.dir/rosidl_generator_py/px4_msgs/msg/_transponder_report_s.c.o[0m
[1460.630s] [ 98%] [32mBuilding C object CMakeFiles/px4_msgs__rosidl_generator_py.dir/rosidl_generator_py/px4_msgs/msg/_tune_control_s.c.o[0m
[1460.638s] [ 98%] [32mBuilding C object CMakeFiles/px4_msgs__rosidl_generator_py.dir/rosidl_generator_py/px4_msgs/msg/_uavcan_parameter_request_s.c.o[0m
[1460.770s] [ 98%] [32mBuilding C object CMakeFiles/px4_msgs__rosidl_generator_py.dir/rosidl_generator_py/px4_msgs/msg/_uavcan_parameter_value_s.c.o[0m
[1460.874s] [ 98%] [32mBuilding C object CMakeFiles/px4_msgs__rosidl_generator_py.dir/rosidl_generator_py/px4_msgs/msg/_ulog_stream_s.c.o[0m
[1460.907s] [ 98%] [32mBuilding C object CMakeFiles/px4_msgs__rosidl_generator_py.dir/rosidl_generator_py/px4_msgs/msg/_unregister_ext_component_s.c.o[0m
[1460.915s] [ 98%] [32mBuilding C object CMakeFiles/px4_msgs__rosidl_generator_py.dir/rosidl_generator_py/px4_msgs/msg/_ulog_stream_ack_s.c.o[0m
[1461.033s] [ 98%] [32mBuilding C object CMakeFiles/px4_msgs__rosidl_generator_py.dir/rosidl_generator_py/px4_msgs/msg/_vehicle_acceleration_s.c.o[0m
[1461.180s] [ 98%] [32mBuilding C object CMakeFiles/px4_msgs__rosidl_generator_py.dir/rosidl_generator_py/px4_msgs/msg/_vehicle_air_data_s.c.o[0m
[1461.193s] [ 98%] [32mBuilding C object CMakeFiles/px4_msgs__rosidl_generator_py.dir/rosidl_generator_py/px4_msgs/msg/_vehicle_angular_acceleration_setpoint_s.c.o[0m
[1461.219s] [ 98%] [32mBuilding C object CMakeFiles/px4_msgs__rosidl_generator_py.dir/rosidl_generator_py/px4_msgs/msg/_vehicle_angular_velocity_s.c.o[0m
[1461.254s] [ 98%] [32mBuilding C object CMakeFiles/px4_msgs__rosidl_generator_py.dir/rosidl_generator_py/px4_msgs/msg/_vehicle_attitude_s.c.o[0m
[1461.388s] [ 98%] [32mBuilding C object CMakeFiles/px4_msgs__rosidl_generator_py.dir/rosidl_generator_py/px4_msgs/msg/_vehicle_attitude_setpoint_s.c.o[0m
[1461.414s] [ 98%] [32mBuilding C object CMakeFiles/px4_msgs__rosidl_generator_py.dir/rosidl_generator_py/px4_msgs/msg/_vehicle_command_s.c.o[0m
[1461.541s] [ 98%] [32mBuilding C object CMakeFiles/px4_msgs__rosidl_generator_py.dir/rosidl_generator_py/px4_msgs/msg/_vehicle_command_ack_s.c.o[0m
[1461.588s] [ 98%] [32mBuilding C object CMakeFiles/px4_msgs__rosidl_generator_py.dir/rosidl_generator_py/px4_msgs/msg/_vehicle_constraints_s.c.o[0m
[1461.611s] [ 98%] [32mBuilding C object CMakeFiles/px4_msgs__rosidl_generator_py.dir/rosidl_generator_py/px4_msgs/msg/_vehicle_control_mode_s.c.o[0m
[1461.637s] [ 98%] [32mBuilding C object CMakeFiles/px4_msgs__rosidl_generator_py.dir/rosidl_generator_py/px4_msgs/msg/_vehicle_global_position_s.c.o[0m
[1461.772s] [ 98%] [32mBuilding C object CMakeFiles/px4_msgs__rosidl_generator_py.dir/rosidl_generator_py/px4_msgs/msg/_vehicle_imu_s.c.o[0m
[1461.860s] [ 98%] [32mBuilding C object CMakeFiles/px4_msgs__rosidl_generator_py.dir/rosidl_generator_py/px4_msgs/msg/_vehicle_imu_status_s.c.o[0m
[1461.865s] [ 99%] [32mBuilding C object CMakeFiles/px4_msgs__rosidl_generator_py.dir/rosidl_generator_py/px4_msgs/msg/_vehicle_land_detected_s.c.o[0m
[1461.960s] [ 99%] [32mBuilding C object CMakeFiles/px4_msgs__rosidl_generator_py.dir/rosidl_generator_py/px4_msgs/msg/_vehicle_local_position_s.c.o[0m
[1462.048s] [ 99%] [32mBuilding C object CMakeFiles/px4_msgs__rosidl_generator_py.dir/rosidl_generator_py/px4_msgs/msg/_vehicle_local_position_setpoint_s.c.o[0m
[1462.145s] [ 99%] [32mBuilding C object CMakeFiles/px4_msgs__rosidl_generator_py.dir/rosidl_generator_py/px4_msgs/msg/_vehicle_magnetometer_s.c.o[0m
[1462.217s] [ 99%] [32mBuilding C object CMakeFiles/px4_msgs__rosidl_generator_py.dir/rosidl_generator_py/px4_msgs/msg/_vehicle_odometry_s.c.o[0m
[1462.259s] [ 99%] [32mBuilding C object CMakeFiles/px4_msgs__rosidl_generator_py.dir/rosidl_generator_py/px4_msgs/msg/_vehicle_optical_flow_s.c.o[0m
[1462.452s] [ 99%] [32mBuilding C object CMakeFiles/px4_msgs__rosidl_generator_py.dir/rosidl_generator_py/px4_msgs/msg/_vehicle_rates_setpoint_s.c.o[0m
[1462.453s] [ 99%] [32mBuilding C object CMakeFiles/px4_msgs__rosidl_generator_py.dir/rosidl_generator_py/px4_msgs/msg/_vehicle_optical_flow_vel_s.c.o[0m
[1462.481s] [ 99%] [32mBuilding C object CMakeFiles/px4_msgs__rosidl_generator_py.dir/rosidl_generator_py/px4_msgs/msg/_vehicle_status_s.c.o[0m
[1462.491s] [ 99%] [32mBuilding C object CMakeFiles/px4_msgs__rosidl_generator_py.dir/rosidl_generator_py/px4_msgs/msg/_vehicle_roi_s.c.o[0m
[1462.640s] [ 99%] [32mBuilding C object CMakeFiles/px4_msgs__rosidl_generator_py.dir/rosidl_generator_py/px4_msgs/msg/_vehicle_thrust_setpoint_s.c.o[0m
[1462.709s] [ 99%] [32mBuilding C object CMakeFiles/px4_msgs__rosidl_generator_py.dir/rosidl_generator_py/px4_msgs/msg/_vehicle_torque_setpoint_s.c.o[0m
[1462.834s] [ 99%] [32mBuilding C object CMakeFiles/px4_msgs__rosidl_generator_py.dir/rosidl_generator_py/px4_msgs/msg/_velocity_limits_s.c.o[0m
[1462.894s] [ 99%] [32mBuilding C object CMakeFiles/px4_msgs__rosidl_generator_py.dir/rosidl_generator_py/px4_msgs/msg/_vtol_vehicle_status_s.c.o[0m
[1462.918s] [ 99%] [32mBuilding C object CMakeFiles/px4_msgs__rosidl_generator_py.dir/rosidl_generator_py/px4_msgs/msg/_vtx_s.c.o[0m
[1462.954s] [ 99%] [32mBuilding C object CMakeFiles/px4_msgs__rosidl_generator_py.dir/rosidl_generator_py/px4_msgs/msg/_wheel_encoders_s.c.o[0m
[1463.037s] [ 99%] [32mBuilding C object CMakeFiles/px4_msgs__rosidl_generator_py.dir/rosidl_generator_py/px4_msgs/msg/_wind_s.c.o[0m
[1463.202s] [ 99%] [32mBuilding C object CMakeFiles/px4_msgs__rosidl_generator_py.dir/rosidl_generator_py/px4_msgs/msg/_yaw_estimator_status_s.c.o[0m
[1463.229s] [ 99%] [32mBuilding C object CMakeFiles/px4_msgs__rosidl_generator_py.dir/rosidl_generator_py/px4_msgs/srv/_vehicle_command_s.c.o[0m
[1463.430s] [ 99%] [32m[1mLinking C shared library libpx4_msgs__rosidl_generator_py.so[0m
[1463.584s] [ 99%] Built target px4_msgs__rosidl_generator_py
[1463.615s] [ 99%] [32mBuilding C object CMakeFiles/px4_msgs_s__rosidl_typesupport_introspection_c.dir/rosidl_generator_py/px4_msgs/_px4_msgs_s.ep.rosidl_typesupport_introspection_c.c.o[0m
[1463.615s] [ 99%] [32mBuilding C object CMakeFiles/px4_msgs_s__rosidl_typesupport_fastrtps_c.dir/rosidl_generator_py/px4_msgs/_px4_msgs_s.ep.rosidl_typesupport_fastrtps_c.c.o[0m
[1464.661s] [100%] [32m[1mLinking C shared module rosidl_generator_py/px4_msgs/px4_msgs_s__rosidl_typesupport_introspection_c.so[0m
[1464.672s] [100%] [32m[1mLinking C shared module rosidl_generator_py/px4_msgs/px4_msgs_s__rosidl_typesupport_fastrtps_c.so[0m
[1464.726s] [100%] Built target px4_msgs_s__rosidl_typesupport_introspection_c
[1464.740s] [100%] Built target px4_msgs_s__rosidl_typesupport_fastrtps_c
[1464.758s] [100%] [32mBuilding C object CMakeFiles/px4_msgs_s__rosidl_typesupport_c.dir/rosidl_generator_py/px4_msgs/_px4_msgs_s.ep.rosidl_typesupport_c.c.o[0m
[1465.788s] [100%] [32m[1mLinking C shared module rosidl_generator_py/px4_msgs/px4_msgs_s__rosidl_typesupport_c.so[0m
[1465.846s] [100%] Built target px4_msgs_s__rosidl_typesupport_c
[1465.865s] Invoked command in '/repo/ws/build/px4_msgs' returned '0': CMAKE_PREFIX_PATH=${CMAKE_PREFIX_PATH}:/opt/ros/jazzy /usr/bin/cmake --build /repo/ws/build/px4_msgs -- -j4 -l4
[1465.867s] Invoking command in '/repo/ws/build/px4_msgs': CMAKE_PREFIX_PATH=${CMAKE_PREFIX_PATH}:/opt/ros/jazzy /usr/bin/cmake --install /repo/ws/build/px4_msgs
[1465.879s] -- Install configuration: ""
[1465.882s] -- Execute custom install script
[1465.883s] -- Symlinking: /repo/ws/install/share/ament_index/resource_index/rosidl_interfaces/px4_msgs
[1465.896s] -- Symlinking: /repo/ws/install/share/px4_msgs/msg/ActionRequest.json
[1465.909s] -- Symlinking: /repo/ws/install/share/px4_msgs/msg/ActuatorArmed.json
[1465.922s] -- Symlinking: /repo/ws/install/share/px4_msgs/msg/ActuatorControlsStatus.json
[1465.935s] -- Symlinking: /repo/ws/install/share/px4_msgs/msg/ActuatorMotors.json
[1465.948s] -- Symlinking: /repo/ws/install/share/px4_msgs/msg/ActuatorOutputs.json
[1465.961s] -- Symlinking: /repo/ws/install/share/px4_msgs/msg/ActuatorServos.json
[1465.975s] -- Symlinking: /repo/ws/install/share/px4_msgs/msg/ActuatorServosTrim.json
[1465.988s] -- Symlinking: /repo/ws/install/share/px4_msgs/msg/ActuatorTest.json
[1466.001s] -- Symlinking: /repo/ws/install/share/px4_msgs/msg/AdcReport.json
[1466.014s] -- Symlinking: /repo/ws/install/share/px4_msgs/msg/Airspeed.json
[1466.027s] -- Symlinking: /repo/ws/install/share/px4_msgs/msg/AirspeedValidated.json
[1466.041s] -- Symlinking: /repo/ws/install/share/px4_msgs/msg/AirspeedWind.json
[1466.054s] -- Symlinking: /repo/ws/install/share/px4_msgs/msg/ArmingCheckReply.json
[1466.067s] -- Symlinking: /repo/ws/install/share/px4_msgs/msg/ArmingCheckRequest.json
[1466.080s] -- Symlinking: /repo/ws/install/share/px4_msgs/msg/AutotuneAttitudeControlStatus.json
[1466.093s] -- Symlinking: /repo/ws/install/share/px4_msgs/msg/BatteryInfo.json
[1466.107s] -- Symlinking: /repo/ws/install/share/px4_msgs/msg/BatteryStatus.json
[1466.120s] -- Symlinking: /repo/ws/install/share/px4_msgs/msg/ButtonEvent.json
[1466.133s] -- Symlinking: /repo/ws/install/share/px4_msgs/msg/CameraCapture.json
[1466.146s] -- Symlinking: /repo/ws/install/share/px4_msgs/msg/CameraStatus.json
[1466.160s] -- Symlinking: /repo/ws/install/share/px4_msgs/msg/CameraTrigger.json
[1466.174s] -- Symlinking: /repo/ws/install/share/px4_msgs/msg/CanInterfaceStatus.json
[1466.187s] -- Symlinking: /repo/ws/install/share/px4_msgs/msg/CellularStatus.json
[1466.200s] -- Symlinking: /repo/ws/install/share/px4_msgs/msg/CollisionConstraints.json
[1466.213s] -- Symlinking: /repo/ws/install/share/px4_msgs/msg/ConfigOverrides.json
[1466.226s] -- Symlinking: /repo/ws/install/share/px4_msgs/msg/ControlAllocatorStatus.json
[1466.240s] -- Symlinking: /repo/ws/install/share/px4_msgs/msg/Cpuload.json
[1466.253s] -- Symlinking: /repo/ws/install/share/px4_msgs/msg/DatamanRequest.json
[1466.266s] -- Symlinking: /repo/ws/install/share/px4_msgs/msg/DatamanResponse.json
[1466.280s] -- Symlinking: /repo/ws/install/share/px4_msgs/msg/DebugArray.json
[1466.293s] -- Symlinking: /repo/ws/install/share/px4_msgs/msg/DebugKeyValue.json
[1466.306s] -- Symlinking: /repo/ws/install/share/px4_msgs/msg/DebugValue.json
[1466.319s] -- Symlinking: /repo/ws/install/share/px4_msgs/msg/DebugVect.json
[1466.333s] -- Symlinking: /repo/ws/install/share/px4_msgs/msg/DeviceInformation.json
[1466.346s] -- Symlinking: /repo/ws/install/share/px4_msgs/msg/DifferentialPressure.json
[1466.359s] -- Symlinking: /repo/ws/install/share/px4_msgs/msg/DistanceSensor.json
[1466.373s] -- Symlinking: /repo/ws/install/share/px4_msgs/msg/DistanceSensorModeChangeRequest.json
[1466.386s] -- Symlinking: /repo/ws/install/share/px4_msgs/msg/DronecanNodeStatus.json
[1466.399s] -- Symlinking: /repo/ws/install/share/px4_msgs/msg/Ekf2Timestamps.json
[1466.412s] -- Symlinking: /repo/ws/install/share/px4_msgs/msg/EscReport.json
[1466.425s] -- Symlinking: /repo/ws/install/share/px4_msgs/msg/EscStatus.json
[1466.439s] -- Symlinking: /repo/ws/install/share/px4_msgs/msg/EstimatorAidSource1d.json
[1466.452s] -- Symlinking: /repo/ws/install/share/px4_msgs/msg/EstimatorAidSource2d.json
[1466.466s] -- Symlinking: /repo/ws/install/share/px4_msgs/msg/EstimatorAidSource3d.json
[1466.479s] -- Symlinking: /repo/ws/install/share/px4_msgs/msg/EstimatorBias.json
[1466.492s] -- Symlinking: /repo/ws/install/share/px4_msgs/msg/EstimatorBias3d.json
[1466.505s] -- Symlinking: /repo/ws/install/share/px4_msgs/msg/EstimatorEventFlags.json
[1466.518s] -- Symlinking: /repo/ws/install/share/px4_msgs/msg/EstimatorGpsStatus.json
[1466.531s] -- Symlinking: /repo/ws/install/share/px4_msgs/msg/EstimatorInnovations.json
[1466.544s] -- Symlinking: /repo/ws/install/share/px4_msgs/msg/EstimatorSelectorStatus.json
[1466.557s] -- Symlinking: /repo/ws/install/share/px4_msgs/msg/EstimatorSensorBias.json
[1466.571s] -- Symlinking: /repo/ws/install/share/px4_msgs/msg/EstimatorStates.json
[1466.584s] -- Symlinking: /repo/ws/install/share/px4_msgs/msg/EstimatorStatus.json
[1466.597s] -- Symlinking: /repo/ws/install/share/px4_msgs/msg/EstimatorStatusFlags.json
[1466.610s] -- Symlinking: /repo/ws/install/share/px4_msgs/msg/Event.json
[1466.622s] -- Symlinking: /repo/ws/install/share/px4_msgs/msg/FailsafeFlags.json
[1466.635s] -- Symlinking: /repo/ws/install/share/px4_msgs/msg/FailureDetectorStatus.json
[1466.648s] -- Symlinking: /repo/ws/install/share/px4_msgs/msg/FigureEightStatus.json
[1466.662s] -- Symlinking: /repo/ws/install/share/px4_msgs/msg/FixedWingLateralGuidanceStatus.json
[1466.675s] -- Symlinking: /repo/ws/install/share/px4_msgs/msg/FixedWingLateralSetpoint.json
[1466.688s] -- Symlinking: /repo/ws/install/share/px4_msgs/msg/FixedWingLateralStatus.json
[1466.701s] -- Symlinking: /repo/ws/install/share/px4_msgs/msg/FixedWingLongitudinalSetpoint.json
[1466.714s] -- Symlinking: /repo/ws/install/share/px4_msgs/msg/FixedWingRunwayControl.json
[1466.727s] -- Symlinking: /repo/ws/install/share/px4_msgs/msg/FlightPhaseEstimation.json
[1466.740s] -- Symlinking: /repo/ws/install/share/px4_msgs/msg/FollowTarget.json
[1466.754s] -- Symlinking: /repo/ws/install/share/px4_msgs/msg/FollowTargetEstimator.json
[1466.767s] -- Symlinking: /repo/ws/install/share/px4_msgs/msg/FollowTargetStatus.json
[1466.781s] -- Symlinking: /repo/ws/install/share/px4_msgs/msg/FuelTankStatus.json
[1466.794s] -- Symlinking: /repo/ws/install/share/px4_msgs/msg/GainCompression.json
[1466.807s] -- Symlinking: /repo/ws/install/share/px4_msgs/msg/GeneratorStatus.json
[1466.821s] -- Symlinking: /repo/ws/install/share/px4_msgs/msg/GeofenceResult.json
[1466.833s] -- Symlinking: /repo/ws/install/share/px4_msgs/msg/GeofenceStatus.json
[1466.846s] -- Symlinking: /repo/ws/install/share/px4_msgs/msg/GimbalControls.json
[1466.860s] -- Symlinking: /repo/ws/install/share/px4_msgs/msg/GimbalDeviceAttitudeStatus.json
[1466.873s] -- Symlinking: /repo/ws/install/share/px4_msgs/msg/GimbalDeviceInformation.json
[1466.887s] -- Symlinking: /repo/ws/install/share/px4_msgs/msg/GimbalDeviceSetAttitude.json
[1466.900s] -- Symlinking: /repo/ws/install/share/px4_msgs/msg/GimbalManagerInformation.json
[1466.913s] -- Symlinking: /repo/ws/install/share/px4_msgs/msg/GimbalManagerSetAttitude.json
[1466.926s] -- Symlinking: /repo/ws/install/share/px4_msgs/msg/GimbalManagerSetManualControl.json
[1466.939s] -- Symlinking: /repo/ws/install/share/px4_msgs/msg/GimbalManagerStatus.json
[1466.952s] -- Symlinking: /repo/ws/install/share/px4_msgs/msg/GotoSetpoint.json
[1466.965s] -- Symlinking: /repo/ws/install/share/px4_msgs/msg/GpioConfig.json
[1466.978s] -- Symlinking: /repo/ws/install/share/px4_msgs/msg/GpioIn.json
[1466.991s] -- Symlinking: /repo/ws/install/share/px4_msgs/msg/GpioOut.json
[1467.004s] -- Symlinking: /repo/ws/install/share/px4_msgs/msg/GpioRequest.json
[1467.016s] -- Symlinking: /repo/ws/install/share/px4_msgs/msg/GpsDump.json
[1467.030s] -- Symlinking: /repo/ws/install/share/px4_msgs/msg/GpsInjectData.json
[1467.047s] -- Symlinking: /repo/ws/install/share/px4_msgs/msg/Gripper.json
[1467.060s] -- Symlinking: /repo/ws/install/share/px4_msgs/msg/HealthReport.json
[1467.073s] -- Symlinking: /repo/ws/install/share/px4_msgs/msg/HeaterStatus.json
[1467.086s] -- Symlinking: /repo/ws/install/share/px4_msgs/msg/HomePosition.json
[1467.099s] -- Symlinking: /repo/ws/install/share/px4_msgs/msg/HoverThrustEstimate.json
[1467.112s] -- Symlinking: /repo/ws/install/share/px4_msgs/msg/InputRc.json
[1467.125s] -- Symlinking: /repo/ws/install/share/px4_msgs/msg/InternalCombustionEngineControl.json
[1467.138s] -- Symlinking: /repo/ws/install/share/px4_msgs/msg/InternalCombustionEngineStatus.json
[1467.151s] -- Symlinking: /repo/ws/install/share/px4_msgs/msg/IridiumsbdStatus.json
[1467.164s] -- Symlinking: /repo/ws/install/share/px4_msgs/msg/IrlockReport.json
[1467.177s] -- Symlinking: /repo/ws/install/share/px4_msgs/msg/LandingGear.json
[1467.191s] -- Symlinking: /repo/ws/install/share/px4_msgs/msg/LandingGearWheel.json
[1467.204s] -- Symlinking: /repo/ws/install/share/px4_msgs/msg/LandingTargetInnovations.json
[1467.217s] -- Symlinking: /repo/ws/install/share/px4_msgs/msg/LandingTargetPose.json
[1467.231s] -- Symlinking: /repo/ws/install/share/px4_msgs/msg/LateralControlConfiguration.json
[1467.244s] -- Symlinking: /repo/ws/install/share/px4_msgs/msg/LaunchDetectionStatus.json
[1467.258s] -- Symlinking: /repo/ws/install/share/px4_msgs/msg/LedControl.json
[1467.272s] -- Symlinking: /repo/ws/install/share/px4_msgs/msg/LogMessage.json
[1467.286s] -- Symlinking: /repo/ws/install/share/px4_msgs/msg/LoggerStatus.json
[1467.298s] -- Symlinking: /repo/ws/install/share/px4_msgs/msg/LongitudinalControlConfiguration.json
[1467.312s] -- Symlinking: /repo/ws/install/share/px4_msgs/msg/MagWorkerData.json
[1467.323s] -- Symlinking: /repo/ws/install/share/px4_msgs/msg/MagnetometerBiasEstimate.json
[1467.337s] -- Symlinking: /repo/ws/install/share/px4_msgs/msg/ManualControlSetpoint.json
[1467.350s] -- Symlinking: /repo/ws/install/share/px4_msgs/msg/ManualControlSwitches.json
[1467.363s] -- Symlinking: /repo/ws/install/share/px4_msgs/msg/MavlinkLog.json
[1467.376s] -- Symlinking: /repo/ws/install/share/px4_msgs/msg/MavlinkTunnel.json
[1467.389s] -- Symlinking: /repo/ws/install/share/px4_msgs/msg/MessageFormatRequest.json
[1467.402s] -- Symlinking: /repo/ws/install/share/px4_msgs/msg/MessageFormatResponse.json
[1467.415s] -- Symlinking: /repo/ws/install/share/px4_msgs/msg/Mission.json
[1467.428s] -- Symlinking: /repo/ws/install/share/px4_msgs/msg/MissionResult.json
[1467.441s] -- Symlinking: /repo/ws/install/share/px4_msgs/msg/ModeCompleted.json
[1467.455s] -- Symlinking: /repo/ws/install/share/px4_msgs/msg/MountOrientation.json
[1467.470s] -- Symlinking: /repo/ws/install/share/px4_msgs/msg/NavigatorMissionItem.json
[1467.483s] -- Symlinking: /repo/ws/install/share/px4_msgs/msg/NavigatorStatus.json
[1467.496s] -- Symlinking: /repo/ws/install/share/px4_msgs/msg/NeuralControl.json
[1467.509s] -- Symlinking: /repo/ws/install/share/px4_msgs/msg/NormalizedUnsignedSetpoint.json
[1467.523s] -- Symlinking: /repo/ws/install/share/px4_msgs/msg/ObstacleDistance.json
[1467.536s] -- Symlinking: /repo/ws/install/share/px4_msgs/msg/OffboardControlMode.json
[1467.549s] -- Symlinking: /repo/ws/install/share/px4_msgs/msg/OnboardComputerStatus.json
[1467.563s] -- Symlinking: /repo/ws/install/share/px4_msgs/msg/OpenDroneIdArmStatus.json
[1467.577s] -- Symlinking: /repo/ws/install/share/px4_msgs/msg/OpenDroneIdOperatorId.json
[1467.590s] -- Symlinking: /repo/ws/install/share/px4_msgs/msg/OpenDroneIdSelfId.json
[1467.604s] -- Symlinking: /repo/ws/install/share/px4_msgs/msg/OpenDroneIdSystem.json
[1467.617s] -- Symlinking: /repo/ws/install/share/px4_msgs/msg/OrbTest.json
[1467.630s] -- Symlinking: /repo/ws/install/share/px4_msgs/msg/OrbTestLarge.json
[1467.644s] -- Symlinking: /repo/ws/install/share/px4_msgs/msg/OrbTestMedium.json
[1467.658s] -- Symlinking: /repo/ws/install/share/px4_msgs/msg/OrbitStatus.json
[1467.673s] -- Symlinking: /repo/ws/install/share/px4_msgs/msg/ParameterResetRequest.json
[1467.686s] -- Symlinking: /repo/ws/install/share/px4_msgs/msg/ParameterSetUsedRequest.json
[1467.698s] -- Symlinking: /repo/ws/install/share/px4_msgs/msg/ParameterSetValueRequest.json
[1467.711s] -- Symlinking: /repo/ws/install/share/px4_msgs/msg/ParameterSetValueResponse.json
[1467.724s] -- Symlinking: /repo/ws/install/share/px4_msgs/msg/ParameterUpdate.json
[1467.737s] -- Symlinking: /repo/ws/install/share/px4_msgs/msg/Ping.json
[1467.750s] -- Symlinking: /repo/ws/install/share/px4_msgs/msg/PositionControllerLandingStatus.json
[1467.763s] -- Symlinking: /repo/ws/install/share/px4_msgs/msg/PositionControllerStatus.json
[1467.777s] -- Symlinking: /repo/ws/install/share/px4_msgs/msg/PositionSetpoint.json
[1467.791s] -- Symlinking: /repo/ws/install/share/px4_msgs/msg/PositionSetpointTriplet.json
[1467.805s] -- Symlinking: /repo/ws/install/share/px4_msgs/msg/PowerButtonState.json
[1467.818s] -- Symlinking: /repo/ws/install/share/px4_msgs/msg/PowerMonitor.json
[1467.831s] -- Symlinking: /repo/ws/install/share/px4_msgs/msg/PpsCapture.json
[1467.844s] -- Symlinking: /repo/ws/install/share/px4_msgs/msg/PurePursuitStatus.json
[1467.857s] -- Symlinking: /repo/ws/install/share/px4_msgs/msg/PwmInput.json
[1467.870s] -- Symlinking: /repo/ws/install/share/px4_msgs/msg/Px4ioStatus.json
[1467.883s] -- Symlinking: /repo/ws/install/share/px4_msgs/msg/QshellReq.json
[1467.896s] -- Symlinking: /repo/ws/install/share/px4_msgs/msg/QshellRetval.json
[1467.909s] -- Symlinking: /repo/ws/install/share/px4_msgs/msg/RadioStatus.json
[1467.922s] -- Symlinking: /repo/ws/install/share/px4_msgs/msg/RaptorInput.json
[1467.935s] -- Symlinking: /repo/ws/install/share/px4_msgs/msg/RaptorStatus.json
[1467.948s] -- Symlinking: /repo/ws/install/share/px4_msgs/msg/RateCtrlStatus.json
[1467.961s] -- Symlinking: /repo/ws/install/share/px4_msgs/msg/RcChannels.json
[1467.975s] -- Symlinking: /repo/ws/install/share/px4_msgs/msg/RcParameterMap.json
[1467.988s] -- Symlinking: /repo/ws/install/share/px4_msgs/msg/RegisterExtComponentReply.json
[1468.001s] -- Symlinking: /repo/ws/install/share/px4_msgs/msg/RegisterExtComponentRequest.json
[1468.014s] -- Symlinking: /repo/ws/install/share/px4_msgs/msg/RoverAttitudeSetpoint.json
[1468.026s] -- Symlinking: /repo/ws/install/share/px4_msgs/msg/RoverAttitudeStatus.json
[1468.039s] -- Symlinking: /repo/ws/install/share/px4_msgs/msg/RoverPositionSetpoint.json
[1468.053s] -- Symlinking: /repo/ws/install/share/px4_msgs/msg/RoverRateSetpoint.json
[1468.066s] -- Symlinking: /repo/ws/install/share/px4_msgs/msg/RoverRateStatus.json
[1468.079s] -- Symlinking: /repo/ws/install/share/px4_msgs/msg/RoverSpeedSetpoint.json
[1468.092s] -- Symlinking: /repo/ws/install/share/px4_msgs/msg/RoverSpeedStatus.json
[1468.106s] -- Symlinking: /repo/ws/install/share/px4_msgs/msg/RoverSteeringSetpoint.json
[1468.119s] -- Symlinking: /repo/ws/install/share/px4_msgs/msg/RoverThrottleSetpoint.json
[1468.132s] -- Symlinking: /repo/ws/install/share/px4_msgs/msg/Rpm.json
[1468.145s] -- Symlinking: /repo/ws/install/share/px4_msgs/msg/RtlStatus.json
[1468.158s] -- Symlinking: /repo/ws/install/share/px4_msgs/msg/RtlTimeEstimate.json
[1468.172s] -- Symlinking: /repo/ws/install/share/px4_msgs/msg/SatelliteInfo.json
[1468.185s] -- Symlinking: /repo/ws/install/share/px4_msgs/msg/SensorAccel.json
[1468.198s] -- Symlinking: /repo/ws/install/share/px4_msgs/msg/SensorAccelFifo.json
[1468.211s] -- Symlinking: /repo/ws/install/share/px4_msgs/msg/SensorAirflow.json
[1468.223s] -- Symlinking: /repo/ws/install/share/px4_msgs/msg/SensorBaro.json
[1468.236s] -- Symlinking: /repo/ws/install/share/px4_msgs/msg/SensorCombined.json
[1468.249s] -- Symlinking: /repo/ws/install/share/px4_msgs/msg/SensorCorrection.json
[1468.263s] -- Symlinking: /repo/ws/install/share/px4_msgs/msg/SensorGnssRelative.json
[1468.276s] -- Symlinking: /repo/ws/install/share/px4_msgs/msg/SensorGnssStatus.json
[1468.289s] -- Symlinking: /repo/ws/install/share/px4_msgs/msg/SensorGps.json
[1468.302s] -- Symlinking: /repo/ws/install/share/px4_msgs/msg/SensorGyro.json
[1468.315s] -- Symlinking: /repo/ws/install/share/px4_msgs/msg/SensorGyroFft.json
[1468.328s] -- Symlinking: /repo/ws/install/share/px4_msgs/msg/SensorGyroFifo.json
[1468.341s] -- Symlinking: /repo/ws/install/share/px4_msgs/msg/SensorHygrometer.json
[1468.355s] -- Symlinking: /repo/ws/install/share/px4_msgs/msg/SensorMag.json
[1468.368s] -- Symlinking: /repo/ws/install/share/px4_msgs/msg/SensorOpticalFlow.json
[1468.381s] -- Symlinking: /repo/ws/install/share/px4_msgs/msg/SensorPreflightMag.json
[1468.394s] -- Symlinking: /repo/ws/install/share/px4_msgs/msg/SensorSelection.json
[1468.407s] -- Symlinking: /repo/ws/install/share/px4_msgs/msg/SensorTemp.json
[1468.420s] -- Symlinking: /repo/ws/install/share/px4_msgs/msg/SensorUwb.json
[1468.433s] -- Symlinking: /repo/ws/install/share/px4_msgs/msg/SensorsStatus.json
[1468.446s] -- Symlinking: /repo/ws/install/share/px4_msgs/msg/SensorsStatusImu.json
[1468.459s] -- Symlinking: /repo/ws/install/share/px4_msgs/msg/SystemPower.json
[1468.473s] -- Symlinking: /repo/ws/install/share/px4_msgs/msg/TakeoffStatus.json
[1468.486s] -- Symlinking: /repo/ws/install/share/px4_msgs/msg/TaskStackInfo.json
[1468.499s] -- Symlinking: /repo/ws/install/share/px4_msgs/msg/TecsStatus.json
[1468.512s] -- Symlinking: /repo/ws/install/share/px4_msgs/msg/TelemetryStatus.json
[1468.525s] -- Symlinking: /repo/ws/install/share/px4_msgs/msg/TiltrotorExtraControls.json
[1468.538s] -- Symlinking: /repo/ws/install/share/px4_msgs/msg/TimesyncStatus.json
[1468.551s] -- Symlinking: /repo/ws/install/share/px4_msgs/msg/TrajectorySetpoint.json
[1468.565s] -- Symlinking: /repo/ws/install/share/px4_msgs/msg/TrajectorySetpoint6dof.json
[1468.578s] -- Symlinking: /repo/ws/install/share/px4_msgs/msg/TransponderReport.json
[1468.591s] -- Symlinking: /repo/ws/install/share/px4_msgs/msg/TuneControl.json
[1468.604s] -- Symlinking: /repo/ws/install/share/px4_msgs/msg/UavcanParameterRequest.json
[1468.617s] -- Symlinking: /repo/ws/install/share/px4_msgs/msg/UavcanParameterValue.json
[1468.630s] -- Symlinking: /repo/ws/install/share/px4_msgs/msg/UlogStream.json
[1468.644s] -- Symlinking: /repo/ws/install/share/px4_msgs/msg/UlogStreamAck.json
[1468.657s] -- Symlinking: /repo/ws/install/share/px4_msgs/msg/UnregisterExtComponent.json
[1468.670s] -- Symlinking: /repo/ws/install/share/px4_msgs/msg/VehicleAcceleration.json
[1468.684s] -- Symlinking: /repo/ws/install/share/px4_msgs/msg/VehicleAirData.json
[1468.696s] -- Symlinking: /repo/ws/install/share/px4_msgs/msg/VehicleAngularAccelerationSetpoint.json
[1468.709s] -- Symlinking: /repo/ws/install/share/px4_msgs/msg/VehicleAngularVelocity.json
[1468.722s] -- Symlinking: /repo/ws/install/share/px4_msgs/msg/VehicleAttitude.json
[1468.735s] -- Symlinking: /repo/ws/install/share/px4_msgs/msg/VehicleAttitudeSetpoint.json
[1468.748s] -- Symlinking: /repo/ws/install/share/px4_msgs/msg/VehicleCommand.json
[1468.762s] -- Symlinking: /repo/ws/install/share/px4_msgs/msg/VehicleCommandAck.json
[1468.775s] -- Symlinking: /repo/ws/install/share/px4_msgs/msg/VehicleConstraints.json
[1468.789s] -- Symlinking: /repo/ws/install/share/px4_msgs/msg/VehicleControlMode.json
[1468.802s] -- Symlinking: /repo/ws/install/share/px4_msgs/msg/VehicleGlobalPosition.json
[1468.815s] -- Symlinking: /repo/ws/install/share/px4_msgs/msg/VehicleImu.json
[1468.828s] -- Symlinking: /repo/ws/install/share/px4_msgs/msg/VehicleImuStatus.json
[1468.842s] -- Symlinking: /repo/ws/install/share/px4_msgs/msg/VehicleLandDetected.json
[1468.855s] -- Symlinking: /repo/ws/install/share/px4_msgs/msg/VehicleLocalPosition.json
[1468.868s] -- Symlinking: /repo/ws/install/share/px4_msgs/msg/VehicleLocalPositionSetpoint.json
[1468.881s] -- Symlinking: /repo/ws/install/share/px4_msgs/msg/VehicleMagnetometer.json
[1468.898s] -- Symlinking: /repo/ws/install/share/px4_msgs/msg/VehicleOdometry.json
[1468.910s] -- Symlinking: /repo/ws/install/share/px4_msgs/msg/VehicleOpticalFlow.json
[1468.924s] -- Symlinking: /repo/ws/install/share/px4_msgs/msg/VehicleOpticalFlowVel.json
[1468.937s] -- Symlinking: /repo/ws/install/share/px4_msgs/msg/VehicleRatesSetpoint.json
[1468.950s] -- Symlinking: /repo/ws/install/share/px4_msgs/msg/VehicleRoi.json
[1468.963s] -- Symlinking: /repo/ws/install/share/px4_msgs/msg/VehicleStatus.json
[1468.978s] -- Symlinking: /repo/ws/install/share/px4_msgs/msg/VehicleThrustSetpoint.json
[1468.991s] -- Symlinking: /repo/ws/install/share/px4_msgs/msg/VehicleTorqueSetpoint.json
[1469.005s] -- Symlinking: /repo/ws/install/share/px4_msgs/msg/VelocityLimits.json
[1469.018s] -- Symlinking: /repo/ws/install/share/px4_msgs/msg/VtolVehicleStatus.json
[1469.031s] -- Symlinking: /repo/ws/install/share/px4_msgs/msg/Vtx.json
[1469.045s] -- Symlinking: /repo/ws/install/share/px4_msgs/msg/WheelEncoders.json
[1469.059s] -- Symlinking: /repo/ws/install/share/px4_msgs/msg/Wind.json
[1469.073s] -- Symlinking: /repo/ws/install/share/px4_msgs/msg/YawEstimatorStatus.json
[1469.087s] -- Symlinking: /repo/ws/install/share/px4_msgs/srv/VehicleCommand.json
[1469.122s] -- Symlinking: /repo/ws/install/include/px4_msgs/px4_msgs/msg/action_request.h
[1469.135s] -- Symlinking: /repo/ws/install/include/px4_msgs/px4_msgs/msg/actuator_armed.h
[1469.148s] -- Symlinking: /repo/ws/install/include/px4_msgs/px4_msgs/msg/actuator_controls_status.h
[1469.161s] -- Symlinking: /repo/ws/install/include/px4_msgs/px4_msgs/msg/actuator_motors.h
[1469.174s] -- Symlinking: /repo/ws/install/include/px4_msgs/px4_msgs/msg/actuator_outputs.h
[1469.188s] -- Symlinking: /repo/ws/install/include/px4_msgs/px4_msgs/msg/actuator_servos.h
[1469.200s] -- Symlinking: /repo/ws/install/include/px4_msgs/px4_msgs/msg/actuator_servos_trim.h
[1469.214s] -- Symlinking: /repo/ws/install/include/px4_msgs/px4_msgs/msg/actuator_test.h
[1469.226s] -- Symlinking: /repo/ws/install/include/px4_msgs/px4_msgs/msg/adc_report.h
[1469.240s] -- Symlinking: /repo/ws/install/include/px4_msgs/px4_msgs/msg/airspeed.h
[1469.253s] -- Symlinking: /repo/ws/install/include/px4_msgs/px4_msgs/msg/airspeed_validated.h
[1469.267s] -- Symlinking: /repo/ws/install/include/px4_msgs/px4_msgs/msg/airspeed_wind.h
[1469.280s] -- Symlinking: /repo/ws/install/include/px4_msgs/px4_msgs/msg/arming_check_reply.h
[1469.293s] -- Symlinking: /repo/ws/install/include/px4_msgs/px4_msgs/msg/arming_check_request.h
[1469.307s] -- Symlinking: /repo/ws/install/include/px4_msgs/px4_msgs/msg/autotune_attitude_control_status.h
[1469.319s] -- Symlinking: /repo/ws/install/include/px4_msgs/px4_msgs/msg/battery_info.h
[1469.332s] -- Symlinking: /repo/ws/install/include/px4_msgs/px4_msgs/msg/battery_status.h
[1469.345s] -- Symlinking: /repo/ws/install/include/px4_msgs/px4_msgs/msg/button_event.h
[1469.358s] -- Symlinking: /repo/ws/install/include/px4_msgs/px4_msgs/msg/camera_capture.h
[1469.372s] -- Symlinking: /repo/ws/install/include/px4_msgs/px4_msgs/msg/camera_status.h
[1469.385s] -- Symlinking: /repo/ws/install/include/px4_msgs/px4_msgs/msg/camera_trigger.h
[1469.397s] -- Symlinking: /repo/ws/install/include/px4_msgs/px4_msgs/msg/can_interface_status.h
[1469.410s] -- Symlinking: /repo/ws/install/include/px4_msgs/px4_msgs/msg/cellular_status.h
[1469.423s] -- Symlinking: /repo/ws/install/include/px4_msgs/px4_msgs/msg/collision_constraints.h
[1469.436s] -- Symlinking: /repo/ws/install/include/px4_msgs/px4_msgs/msg/config_overrides.h
[1469.449s] -- Symlinking: /repo/ws/install/include/px4_msgs/px4_msgs/msg/control_allocator_status.h
[1469.462s] -- Symlinking: /repo/ws/install/include/px4_msgs/px4_msgs/msg/cpuload.h
[1469.476s] -- Symlinking: /repo/ws/install/include/px4_msgs/px4_msgs/msg/dataman_request.h
[1469.489s] -- Symlinking: /repo/ws/install/include/px4_msgs/px4_msgs/msg/dataman_response.h
[1469.502s] -- Symlinking: /repo/ws/install/include/px4_msgs/px4_msgs/msg/debug_array.h
[1469.515s] -- Symlinking: /repo/ws/install/include/px4_msgs/px4_msgs/msg/debug_key_value.h
[1469.528s] -- Symlinking: /repo/ws/install/include/px4_msgs/px4_msgs/msg/debug_value.h
[1469.540s] -- Symlinking: /repo/ws/install/include/px4_msgs/px4_msgs/msg/debug_vect.h
[1469.553s] -- Symlinking: /repo/ws/install/include/px4_msgs/px4_msgs/msg/detail/action_request__functions.h
[1469.567s] -- Symlinking: /repo/ws/install/include/px4_msgs/px4_msgs/msg/detail/action_request__struct.h
[1469.580s] -- Symlinking: /repo/ws/install/include/px4_msgs/px4_msgs/msg/detail/action_request__type_support.h
[1469.593s] -- Symlinking: /repo/ws/install/include/px4_msgs/px4_msgs/msg/detail/actuator_armed__functions.h
[1469.606s] -- Symlinking: /repo/ws/install/include/px4_msgs/px4_msgs/msg/detail/actuator_armed__struct.h
[1469.619s] -- Symlinking: /repo/ws/install/include/px4_msgs/px4_msgs/msg/detail/actuator_armed__type_support.h
[1469.631s] -- Symlinking: /repo/ws/install/include/px4_msgs/px4_msgs/msg/detail/actuator_controls_status__functions.h
[1469.644s] -- Symlinking: /repo/ws/install/include/px4_msgs/px4_msgs/msg/detail/actuator_controls_status__struct.h
[1469.657s] -- Symlinking: /repo/ws/install/include/px4_msgs/px4_msgs/msg/detail/actuator_controls_status__type_support.h
[1469.671s] -- Symlinking: /repo/ws/install/include/px4_msgs/px4_msgs/msg/detail/actuator_motors__functions.h
[1469.685s] -- Symlinking: /repo/ws/install/include/px4_msgs/px4_msgs/msg/detail/actuator_motors__struct.h
[1469.698s] -- Symlinking: /repo/ws/install/include/px4_msgs/px4_msgs/msg/detail/actuator_motors__type_support.h
[1469.712s] -- Symlinking: /repo/ws/install/include/px4_msgs/px4_msgs/msg/detail/actuator_outputs__functions.h
[1469.725s] -- Symlinking: /repo/ws/install/include/px4_msgs/px4_msgs/msg/detail/actuator_outputs__struct.h
[1469.739s] -- Symlinking: /repo/ws/install/include/px4_msgs/px4_msgs/msg/detail/actuator_outputs__type_support.h
[1469.752s] -- Symlinking: /repo/ws/install/include/px4_msgs/px4_msgs/msg/detail/actuator_servos__functions.h
[1469.765s] -- Symlinking: /repo/ws/install/include/px4_msgs/px4_msgs/msg/detail/actuator_servos__struct.h
[1469.779s] -- Symlinking: /repo/ws/install/include/px4_msgs/px4_msgs/msg/detail/actuator_servos__type_support.h
[1469.792s] -- Symlinking: /repo/ws/install/include/px4_msgs/px4_msgs/msg/detail/actuator_servos_trim__functions.h
[1469.804s] -- Symlinking: /repo/ws/install/include/px4_msgs/px4_msgs/msg/detail/actuator_servos_trim__struct.h
[1469.817s] -- Symlinking: /repo/ws/install/include/px4_msgs/px4_msgs/msg/detail/actuator_servos_trim__type_support.h
[1469.830s] -- Symlinking: /repo/ws/install/include/px4_msgs/px4_msgs/msg/detail/actuator_test__functions.h
[1469.843s] -- Symlinking: /repo/ws/install/include/px4_msgs/px4_msgs/msg/detail/actuator_test__struct.h
[1469.856s] -- Symlinking: /repo/ws/install/include/px4_msgs/px4_msgs/msg/detail/actuator_test__type_support.h
[1469.870s] -- Symlinking: /repo/ws/install/include/px4_msgs/px4_msgs/msg/detail/adc_report__functions.h
[1469.883s] -- Symlinking: /repo/ws/install/include/px4_msgs/px4_msgs/msg/detail/adc_report__struct.h
[1469.896s] -- Symlinking: /repo/ws/install/include/px4_msgs/px4_msgs/msg/detail/adc_report__type_support.h
[1469.909s] -- Symlinking: /repo/ws/install/include/px4_msgs/px4_msgs/msg/detail/airspeed__functions.h
[1469.922s] -- Symlinking: /repo/ws/install/include/px4_msgs/px4_msgs/msg/detail/airspeed__struct.h
[1469.935s] -- Symlinking: /repo/ws/install/include/px4_msgs/px4_msgs/msg/detail/airspeed__type_support.h
[1469.948s] -- Symlinking: /repo/ws/install/include/px4_msgs/px4_msgs/msg/detail/airspeed_validated__functions.h
[1469.961s] -- Symlinking: /repo/ws/install/include/px4_msgs/px4_msgs/msg/detail/airspeed_validated__struct.h
[1469.975s] -- Symlinking: /repo/ws/install/include/px4_msgs/px4_msgs/msg/detail/airspeed_validated__type_support.h
[1469.988s] -- Symlinking: /repo/ws/install/include/px4_msgs/px4_msgs/msg/detail/airspeed_wind__functions.h
[1470.001s] -- Symlinking: /repo/ws/install/include/px4_msgs/px4_msgs/msg/detail/airspeed_wind__struct.h
[1470.014s] -- Symlinking: /repo/ws/install/include/px4_msgs/px4_msgs/msg/detail/airspeed_wind__type_support.h
[1470.027s] -- Symlinking: /repo/ws/install/include/px4_msgs/px4_msgs/msg/detail/arming_check_reply__functions.h
[1470.040s] -- Symlinking: /repo/ws/install/include/px4_msgs/px4_msgs/msg/detail/arming_check_reply__struct.h
[1470.052s] -- Symlinking: /repo/ws/install/include/px4_msgs/px4_msgs/msg/detail/arming_check_reply__type_support.h
[1470.066s] -- Symlinking: /repo/ws/install/include/px4_msgs/px4_msgs/msg/detail/arming_check_request__functions.h
[1470.079s] -- Symlinking: /repo/ws/install/include/px4_msgs/px4_msgs/msg/detail/arming_check_request__struct.h
[1470.093s] -- Symlinking: /repo/ws/install/include/px4_msgs/px4_msgs/msg/detail/arming_check_request__type_support.h
[1470.106s] -- Symlinking: /repo/ws/install/include/px4_msgs/px4_msgs/msg/detail/autotune_attitude_control_status__functions.h
[1470.119s] -- Symlinking: /repo/ws/install/include/px4_msgs/px4_msgs/msg/detail/autotune_attitude_control_status__struct.h
[1470.131s] -- Symlinking: /repo/ws/install/include/px4_msgs/px4_msgs/msg/detail/autotune_attitude_control_status__type_support.h
[1470.145s] -- Symlinking: /repo/ws/install/include/px4_msgs/px4_msgs/msg/detail/battery_info__functions.h
[1470.158s] -- Symlinking: /repo/ws/install/include/px4_msgs/px4_msgs/msg/detail/battery_info__struct.h
[1470.171s] -- Symlinking: /repo/ws/install/include/px4_msgs/px4_msgs/msg/detail/battery_info__type_support.h
[1470.185s] -- Symlinking: /repo/ws/install/include/px4_msgs/px4_msgs/msg/detail/battery_status__functions.h
[1470.198s] -- Symlinking: /repo/ws/install/include/px4_msgs/px4_msgs/msg/detail/battery_status__struct.h
[1470.210s] -- Symlinking: /repo/ws/install/include/px4_msgs/px4_msgs/msg/detail/battery_status__type_support.h
[1470.224s] -- Symlinking: /repo/ws/install/include/px4_msgs/px4_msgs/msg/detail/button_event__functions.h
[1470.237s] -- Symlinking: /repo/ws/install/include/px4_msgs/px4_msgs/msg/detail/button_event__struct.h
[1470.250s] -- Symlinking: /repo/ws/install/include/px4_msgs/px4_msgs/msg/detail/button_event__type_support.h
[1470.263s] -- Symlinking: /repo/ws/install/include/px4_msgs/px4_msgs/msg/detail/camera_capture__functions.h
[1470.276s] -- Symlinking: /repo/ws/install/include/px4_msgs/px4_msgs/msg/detail/camera_capture__struct.h
[1470.289s] -- Symlinking: /repo/ws/install/include/px4_msgs/px4_msgs/msg/detail/camera_capture__type_support.h
[1470.302s] -- Symlinking: /repo/ws/install/include/px4_msgs/px4_msgs/msg/detail/camera_status__functions.h
[1470.315s] -- Symlinking: /repo/ws/install/include/px4_msgs/px4_msgs/msg/detail/camera_status__struct.h
[1470.328s] -- Symlinking: /repo/ws/install/include/px4_msgs/px4_msgs/msg/detail/camera_status__type_support.h
[1470.341s] -- Symlinking: /repo/ws/install/include/px4_msgs/px4_msgs/msg/detail/camera_trigger__functions.h
[1470.355s] -- Symlinking: /repo/ws/install/include/px4_msgs/px4_msgs/msg/detail/camera_trigger__struct.h
[1470.368s] -- Symlinking: /repo/ws/install/include/px4_msgs/px4_msgs/msg/detail/camera_trigger__type_support.h
[1470.382s] -- Symlinking: /repo/ws/install/include/px4_msgs/px4_msgs/msg/detail/can_interface_status__functions.h
[1470.395s] -- Symlinking: /repo/ws/install/include/px4_msgs/px4_msgs/msg/detail/can_interface_status__struct.h
[1470.408s] -- Symlinking: /repo/ws/install/include/px4_msgs/px4_msgs/msg/detail/can_interface_status__type_support.h
[1470.421s] -- Symlinking: /repo/ws/install/include/px4_msgs/px4_msgs/msg/detail/cellular_status__functions.h
[1470.434s] -- Symlinking: /repo/ws/install/include/px4_msgs/px4_msgs/msg/detail/cellular_status__struct.h
[1470.447s] -- Symlinking: /repo/ws/install/include/px4_msgs/px4_msgs/msg/detail/cellular_status__type_support.h
[1470.459s] -- Symlinking: /repo/ws/install/include/px4_msgs/px4_msgs/msg/detail/collision_constraints__functions.h
[1470.473s] -- Symlinking: /repo/ws/install/include/px4_msgs/px4_msgs/msg/detail/collision_constraints__struct.h
[1470.486s] -- Symlinking: /repo/ws/install/include/px4_msgs/px4_msgs/msg/detail/collision_constraints__type_support.h
[1470.499s] -- Symlinking: /repo/ws/install/include/px4_msgs/px4_msgs/msg/detail/config_overrides__functions.h
[1470.512s] -- Symlinking: /repo/ws/install/include/px4_msgs/px4_msgs/msg/detail/config_overrides__struct.h
[1470.525s] -- Symlinking: /repo/ws/install/include/px4_msgs/px4_msgs/msg/detail/config_overrides__type_support.h
[1470.538s] -- Symlinking: /repo/ws/install/include/px4_msgs/px4_msgs/msg/detail/control_allocator_status__functions.h
[1470.551s] -- Symlinking: /repo/ws/install/include/px4_msgs/px4_msgs/msg/detail/control_allocator_status__struct.h
[1470.564s] -- Symlinking: /repo/ws/install/include/px4_msgs/px4_msgs/msg/detail/control_allocator_status__type_support.h
[1470.577s] -- Symlinking: /repo/ws/install/include/px4_msgs/px4_msgs/msg/detail/cpuload__functions.h
[1470.590s] -- Symlinking: /repo/ws/install/include/px4_msgs/px4_msgs/msg/detail/cpuload__struct.h
[1470.603s] -- Symlinking: /repo/ws/install/include/px4_msgs/px4_msgs/msg/detail/cpuload__type_support.h
[1470.616s] -- Symlinking: /repo/ws/install/include/px4_msgs/px4_msgs/msg/detail/dataman_request__functions.h
[1470.629s] -- Symlinking: /repo/ws/install/include/px4_msgs/px4_msgs/msg/detail/dataman_request__struct.h
[1470.642s] -- Symlinking: /repo/ws/install/include/px4_msgs/px4_msgs/msg/detail/dataman_request__type_support.h
[1470.656s] -- Symlinking: /repo/ws/install/include/px4_msgs/px4_msgs/msg/detail/dataman_response__functions.h
[1470.669s] -- Symlinking: /repo/ws/install/include/px4_msgs/px4_msgs/msg/detail/dataman_response__struct.h
[1470.682s] -- Symlinking: /repo/ws/install/include/px4_msgs/px4_msgs/msg/detail/dataman_response__type_support.h
[1470.695s] -- Symlinking: /repo/ws/install/include/px4_msgs/px4_msgs/msg/detail/debug_array__functions.h
[1470.708s] -- Symlinking: /repo/ws/install/include/px4_msgs/px4_msgs/msg/detail/debug_array__struct.h
[1470.721s] -- Symlinking: /repo/ws/install/include/px4_msgs/px4_msgs/msg/detail/debug_array__type_support.h
[1470.734s] -- Symlinking: /repo/ws/install/include/px4_msgs/px4_msgs/msg/detail/debug_key_value__functions.h
[1470.747s] -- Symlinking: /repo/ws/install/include/px4_msgs/px4_msgs/msg/detail/debug_key_value__struct.h
[1470.760s] -- Symlinking: /repo/ws/install/include/px4_msgs/px4_msgs/msg/detail/debug_key_value__type_support.h
[1470.774s] -- Symlinking: /repo/ws/install/include/px4_msgs/px4_msgs/msg/detail/debug_value__functions.h
[1470.787s] -- Symlinking: /repo/ws/install/include/px4_msgs/px4_msgs/msg/detail/debug_value__struct.h
[1470.800s] -- Symlinking: /repo/ws/install/include/px4_msgs/px4_msgs/msg/detail/debug_value__type_support.h
[1470.813s] -- Symlinking: /repo/ws/install/include/px4_msgs/px4_msgs/msg/detail/debug_vect__functions.h
[1470.826s] -- Symlinking: /repo/ws/install/include/px4_msgs/px4_msgs/msg/detail/debug_vect__struct.h
[1470.839s] -- Symlinking: /repo/ws/install/include/px4_msgs/px4_msgs/msg/detail/debug_vect__type_support.h
[1470.852s] -- Symlinking: /repo/ws/install/include/px4_msgs/px4_msgs/msg/detail/device_information__functions.h
[1470.866s] -- Symlinking: /repo/ws/install/include/px4_msgs/px4_msgs/msg/detail/device_information__struct.h
[1470.879s] -- Symlinking: /repo/ws/install/include/px4_msgs/px4_msgs/msg/detail/device_information__type_support.h
[1470.892s] -- Symlinking: /repo/ws/install/include/px4_msgs/px4_msgs/msg/detail/differential_pressure__functions.h
[1470.905s] -- Symlinking: /repo/ws/install/include/px4_msgs/px4_msgs/msg/detail/differential_pressure__struct.h
[1470.919s] -- Symlinking: /repo/ws/install/include/px4_msgs/px4_msgs/msg/detail/differential_pressure__type_support.h
[1470.933s] -- Symlinking: /repo/ws/install/include/px4_msgs/px4_msgs/msg/detail/distance_sensor__functions.h
[1470.945s] -- Symlinking: /repo/ws/install/include/px4_msgs/px4_msgs/msg/detail/distance_sensor__struct.h
[1470.958s] -- Symlinking: /repo/ws/install/include/px4_msgs/px4_msgs/msg/detail/distance_sensor__type_support.h
[1470.972s] -- Symlinking: /repo/ws/install/include/px4_msgs/px4_msgs/msg/detail/distance_sensor_mode_change_request__functions.h
[1470.985s] -- Symlinking: /repo/ws/install/include/px4_msgs/px4_msgs/msg/detail/distance_sensor_mode_change_request__struct.h
[1470.998s] -- Symlinking: /repo/ws/install/include/px4_msgs/px4_msgs/msg/detail/distance_sensor_mode_change_request__type_support.h
[1471.011s] -- Symlinking: /repo/ws/install/include/px4_msgs/px4_msgs/msg/detail/dronecan_node_status__functions.h
[1471.024s] -- Symlinking: /repo/ws/install/include/px4_msgs/px4_msgs/msg/detail/dronecan_node_status__struct.h
[1471.036s] -- Symlinking: /repo/ws/install/include/px4_msgs/px4_msgs/msg/detail/dronecan_node_status__type_support.h
[1471.049s] -- Symlinking: /repo/ws/install/include/px4_msgs/px4_msgs/msg/detail/ekf2_timestamps__functions.h
[1471.062s] -- Symlinking: /repo/ws/install/include/px4_msgs/px4_msgs/msg/detail/ekf2_timestamps__struct.h
[1471.076s] -- Symlinking: /repo/ws/install/include/px4_msgs/px4_msgs/msg/detail/ekf2_timestamps__type_support.h
[1471.089s] -- Symlinking: /repo/ws/install/include/px4_msgs/px4_msgs/msg/detail/esc_report__functions.h
[1471.103s] -- Symlinking: /repo/ws/install/include/px4_msgs/px4_msgs/msg/detail/esc_report__struct.h
[1471.117s] -- Symlinking: /repo/ws/install/include/px4_msgs/px4_msgs/msg/detail/esc_report__type_support.h
[1471.130s] -- Symlinking: /repo/ws/install/include/px4_msgs/px4_msgs/msg/detail/esc_status__functions.h
[1471.143s] -- Symlinking: /repo/ws/install/include/px4_msgs/px4_msgs/msg/detail/esc_status__struct.h
[1471.157s] -- Symlinking: /repo/ws/install/include/px4_msgs/px4_msgs/msg/detail/esc_status__type_support.h
[1471.172s] -- Symlinking: /repo/ws/install/include/px4_msgs/px4_msgs/msg/detail/estimator_aid_source1d__functions.h
[1471.186s] -- Symlinking: /repo/ws/install/include/px4_msgs/px4_msgs/msg/detail/estimator_aid_source1d__struct.h
[1471.200s] -- Symlinking: /repo/ws/install/include/px4_msgs/px4_msgs/msg/detail/estimator_aid_source1d__type_support.h
[1471.213s] -- Symlinking: /repo/ws/install/include/px4_msgs/px4_msgs/msg/detail/estimator_aid_source2d__functions.h
[1471.226s] -- Symlinking: /repo/ws/install/include/px4_msgs/px4_msgs/msg/detail/estimator_aid_source2d__struct.h
[1471.239s] -- Symlinking: /repo/ws/install/include/px4_msgs/px4_msgs/msg/detail/estimator_aid_source2d__type_support.h
[1471.252s] -- Symlinking: /repo/ws/install/include/px4_msgs/px4_msgs/msg/detail/estimator_aid_source3d__functions.h
[1471.265s] -- Symlinking: /repo/ws/install/include/px4_msgs/px4_msgs/msg/detail/estimator_aid_source3d__struct.h
[1471.279s] -- Symlinking: /repo/ws/install/include/px4_msgs/px4_msgs/msg/detail/estimator_aid_source3d__type_support.h
[1471.292s] -- Symlinking: /repo/ws/install/include/px4_msgs/px4_msgs/msg/detail/estimator_bias3d__functions.h
[1471.306s] -- Symlinking: /repo/ws/install/include/px4_msgs/px4_msgs/msg/detail/estimator_bias3d__struct.h
[1471.319s] -- Symlinking: /repo/ws/install/include/px4_msgs/px4_msgs/msg/detail/estimator_bias3d__type_support.h
[1471.332s] -- Symlinking: /repo/ws/install/include/px4_msgs/px4_msgs/msg/detail/estimator_bias__functions.h
[1471.345s] -- Symlinking: /repo/ws/install/include/px4_msgs/px4_msgs/msg/detail/estimator_bias__struct.h
[1471.359s] -- Symlinking: /repo/ws/install/include/px4_msgs/px4_msgs/msg/detail/estimator_bias__type_support.h
[1471.372s] -- Symlinking: /repo/ws/install/include/px4_msgs/px4_msgs/msg/detail/estimator_event_flags__functions.h
[1471.385s] -- Symlinking: /repo/ws/install/include/px4_msgs/px4_msgs/msg/detail/estimator_event_flags__struct.h
[1471.398s] -- Symlinking: /repo/ws/install/include/px4_msgs/px4_msgs/msg/detail/estimator_event_flags__type_support.h
[1471.411s] -- Symlinking: /repo/ws/install/include/px4_msgs/px4_msgs/msg/detail/estimator_gps_status__functions.h
[1471.424s] -- Symlinking: /repo/ws/install/include/px4_msgs/px4_msgs/msg/detail/estimator_gps_status__struct.h
[1471.437s] -- Symlinking: /repo/ws/install/include/px4_msgs/px4_msgs/msg/detail/estimator_gps_status__type_support.h
[1471.450s] -- Symlinking: /repo/ws/install/include/px4_msgs/px4_msgs/msg/detail/estimator_innovations__functions.h
[1471.462s] -- Symlinking: /repo/ws/install/include/px4_msgs/px4_msgs/msg/detail/estimator_innovations__struct.h
[1471.476s] -- Symlinking: /repo/ws/install/include/px4_msgs/px4_msgs/msg/detail/estimator_innovations__type_support.h
[1471.489s] -- Symlinking: /repo/ws/install/include/px4_msgs/px4_msgs/msg/detail/estimator_selector_status__functions.h
[1471.502s] -- Symlinking: /repo/ws/install/include/px4_msgs/px4_msgs/msg/detail/estimator_selector_status__struct.h
[1471.514s] -- Symlinking: /repo/ws/install/include/px4_msgs/px4_msgs/msg/detail/estimator_selector_status__type_support.h
[1471.527s] -- Symlinking: /repo/ws/install/include/px4_msgs/px4_msgs/msg/detail/estimator_sensor_bias__functions.h
[1471.540s] -- Symlinking: /repo/ws/install/include/px4_msgs/px4_msgs/msg/detail/estimator_sensor_bias__struct.h
[1471.553s] -- Symlinking: /repo/ws/install/include/px4_msgs/px4_msgs/msg/detail/estimator_sensor_bias__type_support.h
[1471.566s] -- Symlinking: /repo/ws/install/include/px4_msgs/px4_msgs/msg/detail/estimator_states__functions.h
[1471.580s] -- Symlinking: /repo/ws/install/include/px4_msgs/px4_msgs/msg/detail/estimator_states__struct.h
[1471.593s] -- Symlinking: /repo/ws/install/include/px4_msgs/px4_msgs/msg/detail/estimator_states__type_support.h
[1471.605s] -- Symlinking: /repo/ws/install/include/px4_msgs/px4_msgs/msg/detail/estimator_status__functions.h
[1471.618s] -- Symlinking: /repo/ws/install/include/px4_msgs/px4_msgs/msg/detail/estimator_status__struct.h
[1471.631s] -- Symlinking: /repo/ws/install/include/px4_msgs/px4_msgs/msg/detail/estimator_status__type_support.h
[1471.644s] -- Symlinking: /repo/ws/install/include/px4_msgs/px4_msgs/msg/detail/estimator_status_flags__functions.h
[1471.657s] -- Symlinking: /repo/ws/install/include/px4_msgs/px4_msgs/msg/detail/estimator_status_flags__struct.h
[1471.670s] -- Symlinking: /repo/ws/install/include/px4_msgs/px4_msgs/msg/detail/estimator_status_flags__type_support.h
[1471.683s] -- Symlinking: /repo/ws/install/include/px4_msgs/px4_msgs/msg/detail/event__functions.h
[1471.696s] -- Symlinking: /repo/ws/install/include/px4_msgs/px4_msgs/msg/detail/event__struct.h
[1471.710s] -- Symlinking: /repo/ws/install/include/px4_msgs/px4_msgs/msg/detail/event__type_support.h
[1471.723s] -- Symlinking: /repo/ws/install/include/px4_msgs/px4_msgs/msg/detail/failsafe_flags__functions.h
[1471.736s] -- Symlinking: /repo/ws/install/include/px4_msgs/px4_msgs/msg/detail/failsafe_flags__struct.h
[1471.749s] -- Symlinking: /repo/ws/install/include/px4_msgs/px4_msgs/msg/detail/failsafe_flags__type_support.h
[1471.762s] -- Symlinking: /repo/ws/install/include/px4_msgs/px4_msgs/msg/detail/failure_detector_status__functions.h
[1471.776s] -- Symlinking: /repo/ws/install/include/px4_msgs/px4_msgs/msg/detail/failure_detector_status__struct.h
[1471.789s] -- Symlinking: /repo/ws/install/include/px4_msgs/px4_msgs/msg/detail/failure_detector_status__type_support.h
[1471.802s] -- Symlinking: /repo/ws/install/include/px4_msgs/px4_msgs/msg/detail/figure_eight_status__functions.h
[1471.814s] -- Symlinking: /repo/ws/install/include/px4_msgs/px4_msgs/msg/detail/figure_eight_status__struct.h
[1471.827s] -- Symlinking: /repo/ws/install/include/px4_msgs/px4_msgs/msg/detail/figure_eight_status__type_support.h
[1471.840s] -- Symlinking: /repo/ws/install/include/px4_msgs/px4_msgs/msg/detail/fixed_wing_lateral_guidance_status__functions.h
[1471.853s] -- Symlinking: /repo/ws/install/include/px4_msgs/px4_msgs/msg/detail/fixed_wing_lateral_guidance_status__struct.h
[1471.867s] -- Symlinking: /repo/ws/install/include/px4_msgs/px4_msgs/msg/detail/fixed_wing_lateral_guidance_status__type_support.h
[1471.880s] -- Symlinking: /repo/ws/install/include/px4_msgs/px4_msgs/msg/detail/fixed_wing_lateral_setpoint__functions.h
[1471.893s] -- Symlinking: /repo/ws/install/include/px4_msgs/px4_msgs/msg/detail/fixed_wing_lateral_setpoint__struct.h
[1471.906s] -- Symlinking: /repo/ws/install/include/px4_msgs/px4_msgs/msg/detail/fixed_wing_lateral_setpoint__type_support.h
[1471.919s] -- Symlinking: /repo/ws/install/include/px4_msgs/px4_msgs/msg/detail/fixed_wing_lateral_status__functions.h
[1471.932s] -- Symlinking: /repo/ws/install/include/px4_msgs/px4_msgs/msg/detail/fixed_wing_lateral_status__struct.h
[1471.945s] -- Symlinking: /repo/ws/install/include/px4_msgs/px4_msgs/msg/detail/fixed_wing_lateral_status__type_support.h
[1471.957s] -- Symlinking: /repo/ws/install/include/px4_msgs/px4_msgs/msg/detail/fixed_wing_longitudinal_setpoint__functions.h
[1471.971s] -- Symlinking: /repo/ws/install/include/px4_msgs/px4_msgs/msg/detail/fixed_wing_longitudinal_setpoint__struct.h
[1471.984s] -- Symlinking: /repo/ws/install/include/px4_msgs/px4_msgs/msg/detail/fixed_wing_longitudinal_setpoint__type_support.h
[1471.997s] -- Symlinking: /repo/ws/install/include/px4_msgs/px4_msgs/msg/detail/fixed_wing_runway_control__functions.h
[1472.010s] -- Symlinking: /repo/ws/install/include/px4_msgs/px4_msgs/msg/detail/fixed_wing_runway_control__struct.h
[1472.024s] -- Symlinking: /repo/ws/install/include/px4_msgs/px4_msgs/msg/detail/fixed_wing_runway_control__type_support.h
[1472.037s] -- Symlinking: /repo/ws/install/include/px4_msgs/px4_msgs/msg/detail/flight_phase_estimation__functions.h
[1472.050s] -- Symlinking: /repo/ws/install/include/px4_msgs/px4_msgs/msg/detail/flight_phase_estimation__struct.h
[1472.063s] -- Symlinking: /repo/ws/install/include/px4_msgs/px4_msgs/msg/detail/flight_phase_estimation__type_support.h
[1472.077s] -- Symlinking: /repo/ws/install/include/px4_msgs/px4_msgs/msg/detail/follow_target__functions.h
[1472.090s] -- Symlinking: /repo/ws/install/include/px4_msgs/px4_msgs/msg/detail/follow_target__struct.h
[1472.102s] -- Symlinking: /repo/ws/install/include/px4_msgs/px4_msgs/msg/detail/follow_target__type_support.h
[1472.116s] -- Symlinking: /repo/ws/install/include/px4_msgs/px4_msgs/msg/detail/follow_target_estimator__functions.h
[1472.129s] -- Symlinking: /repo/ws/install/include/px4_msgs/px4_msgs/msg/detail/follow_target_estimator__struct.h
[1472.142s] -- Symlinking: /repo/ws/install/include/px4_msgs/px4_msgs/msg/detail/follow_target_estimator__type_support.h
[1472.156s] -- Symlinking: /repo/ws/install/include/px4_msgs/px4_msgs/msg/detail/follow_target_status__functions.h
[1472.169s] -- Symlinking: /repo/ws/install/include/px4_msgs/px4_msgs/msg/detail/follow_target_status__struct.h
[1472.183s] -- Symlinking: /repo/ws/install/include/px4_msgs/px4_msgs/msg/detail/follow_target_status__type_support.h
[1472.196s] -- Symlinking: /repo/ws/install/include/px4_msgs/px4_msgs/msg/detail/fuel_tank_status__functions.h
[1472.209s] -- Symlinking: /repo/ws/install/include/px4_msgs/px4_msgs/msg/detail/fuel_tank_status__struct.h
[1472.222s] -- Symlinking: /repo/ws/install/include/px4_msgs/px4_msgs/msg/detail/fuel_tank_status__type_support.h
[1472.235s] -- Symlinking: /repo/ws/install/include/px4_msgs/px4_msgs/msg/detail/gain_compression__functions.h
[1472.248s] -- Symlinking: /repo/ws/install/include/px4_msgs/px4_msgs/msg/detail/gain_compression__struct.h
[1472.261s] -- Symlinking: /repo/ws/install/include/px4_msgs/px4_msgs/msg/detail/gain_compression__type_support.h
[1472.275s] -- Symlinking: /repo/ws/install/include/px4_msgs/px4_msgs/msg/detail/generator_status__functions.h
[1472.288s] -- Symlinking: /repo/ws/install/include/px4_msgs/px4_msgs/msg/detail/generator_status__struct.h
[1472.301s] -- Symlinking: /repo/ws/install/include/px4_msgs/px4_msgs/msg/detail/generator_status__type_support.h
[1472.314s] -- Symlinking: /repo/ws/install/include/px4_msgs/px4_msgs/msg/detail/geofence_result__functions.h
[1472.327s] -- Symlinking: /repo/ws/install/include/px4_msgs/px4_msgs/msg/detail/geofence_result__struct.h
[1472.340s] -- Symlinking: /repo/ws/install/include/px4_msgs/px4_msgs/msg/detail/geofence_result__type_support.h
[1472.353s] -- Symlinking: /repo/ws/install/include/px4_msgs/px4_msgs/msg/detail/geofence_status__functions.h
[1472.365s] -- Symlinking: /repo/ws/install/include/px4_msgs/px4_msgs/msg/detail/geofence_status__struct.h
[1472.379s] -- Symlinking: /repo/ws/install/include/px4_msgs/px4_msgs/msg/detail/geofence_status__type_support.h
[1472.392s] -- Symlinking: /repo/ws/install/include/px4_msgs/px4_msgs/msg/detail/gimbal_controls__functions.h
[1472.405s] -- Symlinking: /repo/ws/install/include/px4_msgs/px4_msgs/msg/detail/gimbal_controls__struct.h
[1472.419s] -- Symlinking: /repo/ws/install/include/px4_msgs/px4_msgs/msg/detail/gimbal_controls__type_support.h
[1472.431s] -- Symlinking: /repo/ws/install/include/px4_msgs/px4_msgs/msg/detail/gimbal_device_attitude_status__functions.h
[1472.444s] -- Symlinking: /repo/ws/install/include/px4_msgs/px4_msgs/msg/detail/gimbal_device_attitude_status__struct.h
[1472.457s] -- Symlinking: /repo/ws/install/include/px4_msgs/px4_msgs/msg/detail/gimbal_device_attitude_status__type_support.h
[1472.471s] -- Symlinking: /repo/ws/install/include/px4_msgs/px4_msgs/msg/detail/gimbal_device_information__functions.h
[1472.484s] -- Symlinking: /repo/ws/install/include/px4_msgs/px4_msgs/msg/detail/gimbal_device_information__struct.h
[1472.497s] -- Symlinking: /repo/ws/install/include/px4_msgs/px4_msgs/msg/detail/gimbal_device_information__type_support.h
[1472.510s] -- Symlinking: /repo/ws/install/include/px4_msgs/px4_msgs/msg/detail/gimbal_device_set_attitude__functions.h
[1472.523s] -- Symlinking: /repo/ws/install/include/px4_msgs/px4_msgs/msg/detail/gimbal_device_set_attitude__struct.h
[1472.536s] -- Symlinking: /repo/ws/install/include/px4_msgs/px4_msgs/msg/detail/gimbal_device_set_attitude__type_support.h
[1472.550s] -- Symlinking: /repo/ws/install/include/px4_msgs/px4_msgs/msg/detail/gimbal_manager_information__functions.h
[1472.563s] -- Symlinking: /repo/ws/install/include/px4_msgs/px4_msgs/msg/detail/gimbal_manager_information__struct.h
[1472.577s] -- Symlinking: /repo/ws/install/include/px4_msgs/px4_msgs/msg/detail/gimbal_manager_information__type_support.h
[1472.590s] -- Symlinking: /repo/ws/install/include/px4_msgs/px4_msgs/msg/detail/gimbal_manager_set_attitude__functions.h
[1472.603s] -- Symlinking: /repo/ws/install/include/px4_msgs/px4_msgs/msg/detail/gimbal_manager_set_attitude__struct.h
[1472.616s] -- Symlinking: /repo/ws/install/include/px4_msgs/px4_msgs/msg/detail/gimbal_manager_set_attitude__type_support.h
[1472.629s] -- Symlinking: /repo/ws/install/include/px4_msgs/px4_msgs/msg/detail/gimbal_manager_set_manual_control__functions.h
[1472.642s] -- Symlinking: /repo/ws/install/include/px4_msgs/px4_msgs/msg/detail/gimbal_manager_set_manual_control__struct.h
[1472.655s] -- Symlinking: /repo/ws/install/include/px4_msgs/px4_msgs/msg/detail/gimbal_manager_set_manual_control__type_support.h
[1472.669s] -- Symlinking: /repo/ws/install/include/px4_msgs/px4_msgs/msg/detail/gimbal_manager_status__functions.h
[1472.683s] -- Symlinking: /repo/ws/install/include/px4_msgs/px4_msgs/msg/detail/gimbal_manager_status__struct.h
[1472.696s] -- Symlinking: /repo/ws/install/include/px4_msgs/px4_msgs/msg/detail/gimbal_manager_status__type_support.h
[1472.709s] -- Symlinking: /repo/ws/install/include/px4_msgs/px4_msgs/msg/detail/goto_setpoint__functions.h
[1472.722s] -- Symlinking: /repo/ws/install/include/px4_msgs/px4_msgs/msg/detail/goto_setpoint__struct.h
[1472.735s] -- Symlinking: /repo/ws/install/include/px4_msgs/px4_msgs/msg/detail/goto_setpoint__type_support.h
[1472.748s] -- Symlinking: /repo/ws/install/include/px4_msgs/px4_msgs/msg/detail/gpio_config__functions.h
[1472.761s] -- Symlinking: /repo/ws/install/include/px4_msgs/px4_msgs/msg/detail/gpio_config__struct.h
[1472.775s] -- Symlinking: /repo/ws/install/include/px4_msgs/px4_msgs/msg/detail/gpio_config__type_support.h
[1472.788s] -- Symlinking: /repo/ws/install/include/px4_msgs/px4_msgs/msg/detail/gpio_in__functions.h
[1472.801s] -- Symlinking: /repo/ws/install/include/px4_msgs/px4_msgs/msg/detail/gpio_in__struct.h
[1472.814s] -- Symlinking: /repo/ws/install/include/px4_msgs/px4_msgs/msg/detail/gpio_in__type_support.h
[1472.827s] -- Symlinking: /repo/ws/install/include/px4_msgs/px4_msgs/msg/detail/gpio_out__functions.h
[1472.840s] -- Symlinking: /repo/ws/install/include/px4_msgs/px4_msgs/msg/detail/gpio_out__struct.h
[1472.853s] -- Symlinking: /repo/ws/install/include/px4_msgs/px4_msgs/msg/detail/gpio_out__type_support.h
[1472.866s] -- Symlinking: /repo/ws/install/include/px4_msgs/px4_msgs/msg/detail/gpio_request__functions.h
[1472.879s] -- Symlinking: /repo/ws/install/include/px4_msgs/px4_msgs/msg/detail/gpio_request__struct.h
[1472.892s] -- Symlinking: /repo/ws/install/include/px4_msgs/px4_msgs/msg/detail/gpio_request__type_support.h
[1472.906s] -- Symlinking: /repo/ws/install/include/px4_msgs/px4_msgs/msg/detail/gps_dump__functions.h
[1472.918s] -- Symlinking: /repo/ws/install/include/px4_msgs/px4_msgs/msg/detail/gps_dump__struct.h
[1472.931s] -- Symlinking: /repo/ws/install/include/px4_msgs/px4_msgs/msg/detail/gps_dump__type_support.h
[1472.944s] -- Symlinking: /repo/ws/install/include/px4_msgs/px4_msgs/msg/detail/gps_inject_data__functions.h
[1472.958s] -- Symlinking: /repo/ws/install/include/px4_msgs/px4_msgs/msg/detail/gps_inject_data__struct.h
[1472.971s] -- Symlinking: /repo/ws/install/include/px4_msgs/px4_msgs/msg/detail/gps_inject_data__type_support.h
[1472.985s] -- Symlinking: /repo/ws/install/include/px4_msgs/px4_msgs/msg/detail/gripper__functions.h
[1472.998s] -- Symlinking: /repo/ws/install/include/px4_msgs/px4_msgs/msg/detail/gripper__struct.h
[1473.011s] -- Symlinking: /repo/ws/install/include/px4_msgs/px4_msgs/msg/detail/gripper__type_support.h
[1473.024s] -- Symlinking: /repo/ws/install/include/px4_msgs/px4_msgs/msg/detail/health_report__functions.h
[1473.037s] -- Symlinking: /repo/ws/install/include/px4_msgs/px4_msgs/msg/detail/health_report__struct.h
[1473.050s] -- Symlinking: /repo/ws/install/include/px4_msgs/px4_msgs/msg/detail/health_report__type_support.h
[1473.063s] -- Symlinking: /repo/ws/install/include/px4_msgs/px4_msgs/msg/detail/heater_status__functions.h
[1473.076s] -- Symlinking: /repo/ws/install/include/px4_msgs/px4_msgs/msg/detail/heater_status__struct.h
[1473.089s] -- Symlinking: /repo/ws/install/include/px4_msgs/px4_msgs/msg/detail/heater_status__type_support.h
[1473.103s] -- Symlinking: /repo/ws/install/include/px4_msgs/px4_msgs/msg/detail/home_position__functions.h
[1473.118s] -- Symlinking: /repo/ws/install/include/px4_msgs/px4_msgs/msg/detail/home_position__struct.h
[1473.129s] -- Symlinking: /repo/ws/install/include/px4_msgs/px4_msgs/msg/detail/home_position__type_support.h
[1473.143s] -- Symlinking: /repo/ws/install/include/px4_msgs/px4_msgs/msg/detail/hover_thrust_estimate__functions.h
[1473.156s] -- Symlinking: /repo/ws/install/include/px4_msgs/px4_msgs/msg/detail/hover_thrust_estimate__struct.h
[1473.170s] -- Symlinking: /repo/ws/install/include/px4_msgs/px4_msgs/msg/detail/hover_thrust_estimate__type_support.h
[1473.183s] -- Symlinking: /repo/ws/install/include/px4_msgs/px4_msgs/msg/detail/input_rc__functions.h
[1473.196s] -- Symlinking: /repo/ws/install/include/px4_msgs/px4_msgs/msg/detail/input_rc__struct.h
[1473.209s] -- Symlinking: /repo/ws/install/include/px4_msgs/px4_msgs/msg/detail/input_rc__type_support.h
[1473.222s] -- Symlinking: /repo/ws/install/include/px4_msgs/px4_msgs/msg/detail/internal_combustion_engine_control__functions.h
[1473.236s] -- Symlinking: /repo/ws/install/include/px4_msgs/px4_msgs/msg/detail/internal_combustion_engine_control__struct.h
[1473.250s] -- Symlinking: /repo/ws/install/include/px4_msgs/px4_msgs/msg/detail/internal_combustion_engine_control__type_support.h
[1473.263s] -- Symlinking: /repo/ws/install/include/px4_msgs/px4_msgs/msg/detail/internal_combustion_engine_status__functions.h
[1473.277s] -- Symlinking: /repo/ws/install/include/px4_msgs/px4_msgs/msg/detail/internal_combustion_engine_status__struct.h
[1473.290s] -- Symlinking: /repo/ws/install/include/px4_msgs/px4_msgs/msg/detail/internal_combustion_engine_status__type_support.h
[1473.303s] -- Symlinking: /repo/ws/install/include/px4_msgs/px4_msgs/msg/detail/iridiumsbd_status__functions.h
[1473.316s] -- Symlinking: /repo/ws/install/include/px4_msgs/px4_msgs/msg/detail/iridiumsbd_status__struct.h
[1473.329s] -- Symlinking: /repo/ws/install/include/px4_msgs/px4_msgs/msg/detail/iridiumsbd_status__type_support.h
[1473.342s] -- Symlinking: /repo/ws/install/include/px4_msgs/px4_msgs/msg/detail/irlock_report__functions.h
[1473.355s] -- Symlinking: /repo/ws/install/include/px4_msgs/px4_msgs/msg/detail/irlock_report__struct.h
[1473.368s] -- Symlinking: /repo/ws/install/include/px4_msgs/px4_msgs/msg/detail/irlock_report__type_support.h
[1473.382s] -- Symlinking: /repo/ws/install/include/px4_msgs/px4_msgs/msg/detail/landing_gear__functions.h
[1473.394s] -- Symlinking: /repo/ws/install/include/px4_msgs/px4_msgs/msg/detail/landing_gear__struct.h
[1473.408s] -- Symlinking: /repo/ws/install/include/px4_msgs/px4_msgs/msg/detail/landing_gear__type_support.h
[1473.421s] -- Symlinking: /repo/ws/install/include/px4_msgs/px4_msgs/msg/detail/landing_gear_wheel__functions.h
[1473.434s] -- Symlinking: /repo/ws/install/include/px4_msgs/px4_msgs/msg/detail/landing_gear_wheel__struct.h
[1473.447s] -- Symlinking: /repo/ws/install/include/px4_msgs/px4_msgs/msg/detail/landing_gear_wheel__type_support.h
[1473.460s] -- Symlinking: /repo/ws/install/include/px4_msgs/px4_msgs/msg/detail/landing_target_innovations__functions.h
[1473.474s] -- Symlinking: /repo/ws/install/include/px4_msgs/px4_msgs/msg/detail/landing_target_innovations__struct.h
[1473.487s] -- Symlinking: /repo/ws/install/include/px4_msgs/px4_msgs/msg/detail/landing_target_innovations__type_support.h
[1473.500s] -- Symlinking: /repo/ws/install/include/px4_msgs/px4_msgs/msg/detail/landing_target_pose__functions.h
[1473.513s] -- Symlinking: /repo/ws/install/include/px4_msgs/px4_msgs/msg/detail/landing_target_pose__struct.h
[1473.525s] -- Symlinking: /repo/ws/install/include/px4_msgs/px4_msgs/msg/detail/landing_target_pose__type_support.h
[1473.538s] -- Symlinking: /repo/ws/install/include/px4_msgs/px4_msgs/msg/detail/lateral_control_configuration__functions.h
[1473.551s] -- Symlinking: /repo/ws/install/include/px4_msgs/px4_msgs/msg/detail/lateral_control_configuration__struct.h
[1473.565s] -- Symlinking: /repo/ws/install/include/px4_msgs/px4_msgs/msg/detail/lateral_control_configuration__type_support.h
[1473.578s] -- Symlinking: /repo/ws/install/include/px4_msgs/px4_msgs/msg/detail/launch_detection_status__functions.h
[1473.591s] -- Symlinking: /repo/ws/install/include/px4_msgs/px4_msgs/msg/detail/launch_detection_status__struct.h
[1473.604s] -- Symlinking: /repo/ws/install/include/px4_msgs/px4_msgs/msg/detail/launch_detection_status__type_support.h
[1473.617s] -- Symlinking: /repo/ws/install/include/px4_msgs/px4_msgs/msg/detail/led_control__functions.h
[1473.629s] -- Symlinking: /repo/ws/install/include/px4_msgs/px4_msgs/msg/detail/led_control__struct.h
[1473.642s] -- Symlinking: /repo/ws/install/include/px4_msgs/px4_msgs/msg/detail/led_control__type_support.h
[1473.655s] -- Symlinking: /repo/ws/install/include/px4_msgs/px4_msgs/msg/detail/log_message__functions.h
[1473.668s] -- Symlinking: /repo/ws/install/include/px4_msgs/px4_msgs/msg/detail/log_message__struct.h
[1473.682s] -- Symlinking: /repo/ws/install/include/px4_msgs/px4_msgs/msg/detail/log_message__type_support.h
[1473.695s] -- Symlinking: /repo/ws/install/include/px4_msgs/px4_msgs/msg/detail/logger_status__functions.h
[1473.707s] -- Symlinking: /repo/ws/install/include/px4_msgs/px4_msgs/msg/detail/logger_status__struct.h
[1473.720s] -- Symlinking: /repo/ws/install/include/px4_msgs/px4_msgs/msg/detail/logger_status__type_support.h
[1473.733s] -- Symlinking: /repo/ws/install/include/px4_msgs/px4_msgs/msg/detail/longitudinal_control_configuration__functions.h
[1473.746s] -- Symlinking: /repo/ws/install/include/px4_msgs/px4_msgs/msg/detail/longitudinal_control_configuration__struct.h
[1473.759s] -- Symlinking: /repo/ws/install/include/px4_msgs/px4_msgs/msg/detail/longitudinal_control_configuration__type_support.h
[1473.773s] -- Symlinking: /repo/ws/install/include/px4_msgs/px4_msgs/msg/detail/mag_worker_data__functions.h
[1473.786s] -- Symlinking: /repo/ws/install/include/px4_msgs/px4_msgs/msg/detail/mag_worker_data__struct.h
[1473.799s] -- Symlinking: /repo/ws/install/include/px4_msgs/px4_msgs/msg/detail/mag_worker_data__type_support.h
[1473.811s] -- Symlinking: /repo/ws/install/include/px4_msgs/px4_msgs/msg/detail/magnetometer_bias_estimate__functions.h
[1473.824s] -- Symlinking: /repo/ws/install/include/px4_msgs/px4_msgs/msg/detail/magnetometer_bias_estimate__struct.h
[1473.837s] -- Symlinking: /repo/ws/install/include/px4_msgs/px4_msgs/msg/detail/magnetometer_bias_estimate__type_support.h
[1473.850s] -- Symlinking: /repo/ws/install/include/px4_msgs/px4_msgs/msg/detail/manual_control_setpoint__functions.h
[1473.863s] -- Symlinking: /repo/ws/install/include/px4_msgs/px4_msgs/msg/detail/manual_control_setpoint__struct.h
[1473.877s] -- Symlinking: /repo/ws/install/include/px4_msgs/px4_msgs/msg/detail/manual_control_setpoint__type_support.h
[1473.890s] -- Symlinking: /repo/ws/install/include/px4_msgs/px4_msgs/msg/detail/manual_control_switches__functions.h
[1473.903s] -- Symlinking: /repo/ws/install/include/px4_msgs/px4_msgs/msg/detail/manual_control_switches__struct.h
[1473.917s] -- Symlinking: /repo/ws/install/include/px4_msgs/px4_msgs/msg/detail/manual_control_switches__type_support.h
[1473.930s] -- Symlinking: /repo/ws/install/include/px4_msgs/px4_msgs/msg/detail/mavlink_log__functions.h
[1473.943s] -- Symlinking: /repo/ws/install/include/px4_msgs/px4_msgs/msg/detail/mavlink_log__struct.h
[1473.956s] -- Symlinking: /repo/ws/install/include/px4_msgs/px4_msgs/msg/detail/mavlink_log__type_support.h
[1473.969s] -- Symlinking: /repo/ws/install/include/px4_msgs/px4_msgs/msg/detail/mavlink_tunnel__functions.h
[1473.982s] -- Symlinking: /repo/ws/install/include/px4_msgs/px4_msgs/msg/detail/mavlink_tunnel__struct.h
[1473.995s] -- Symlinking: /repo/ws/install/include/px4_msgs/px4_msgs/msg/detail/mavlink_tunnel__type_support.h
[1474.008s] -- Symlinking: /repo/ws/install/include/px4_msgs/px4_msgs/msg/detail/message_format_request__functions.h
[1474.021s] -- Symlinking: /repo/ws/install/include/px4_msgs/px4_msgs/msg/detail/message_format_request__struct.h
[1474.034s] -- Symlinking: /repo/ws/install/include/px4_msgs/px4_msgs/msg/detail/message_format_request__type_support.h
[1474.047s] -- Symlinking: /repo/ws/install/include/px4_msgs/px4_msgs/msg/detail/message_format_response__functions.h
[1474.060s] -- Symlinking: /repo/ws/install/include/px4_msgs/px4_msgs/msg/detail/message_format_response__struct.h
[1474.074s] -- Symlinking: /repo/ws/install/include/px4_msgs/px4_msgs/msg/detail/message_format_response__type_support.h
[1474.087s] -- Symlinking: /repo/ws/install/include/px4_msgs/px4_msgs/msg/detail/mission__functions.h
[1474.100s] -- Symlinking: /repo/ws/install/include/px4_msgs/px4_msgs/msg/detail/mission__struct.h
[1474.112s] -- Symlinking: /repo/ws/install/include/px4_msgs/px4_msgs/msg/detail/mission__type_support.h
[1474.125s] -- Symlinking: /repo/ws/install/include/px4_msgs/px4_msgs/msg/detail/mission_result__functions.h
[1474.140s] -- Symlinking: /repo/ws/install/include/px4_msgs/px4_msgs/msg/detail/mission_result__struct.h
[1474.152s] -- Symlinking: /repo/ws/install/include/px4_msgs/px4_msgs/msg/detail/mission_result__type_support.h
[1474.165s] -- Symlinking: /repo/ws/install/include/px4_msgs/px4_msgs/msg/detail/mode_completed__functions.h
[1474.179s] -- Symlinking: /repo/ws/install/include/px4_msgs/px4_msgs/msg/detail/mode_completed__struct.h
[1474.192s] -- Symlinking: /repo/ws/install/include/px4_msgs/px4_msgs/msg/detail/mode_completed__type_support.h
[1474.205s] -- Symlinking: /repo/ws/install/include/px4_msgs/px4_msgs/msg/detail/mount_orientation__functions.h
[1474.217s] -- Symlinking: /repo/ws/install/include/px4_msgs/px4_msgs/msg/detail/mount_orientation__struct.h
[1474.230s] -- Symlinking: /repo/ws/install/include/px4_msgs/px4_msgs/msg/detail/mount_orientation__type_support.h
[1474.244s] -- Symlinking: /repo/ws/install/include/px4_msgs/px4_msgs/msg/detail/navigator_mission_item__functions.h
[1474.256s] -- Symlinking: /repo/ws/install/include/px4_msgs/px4_msgs/msg/detail/navigator_mission_item__struct.h
[1474.270s] -- Symlinking: /repo/ws/install/include/px4_msgs/px4_msgs/msg/detail/navigator_mission_item__type_support.h
[1474.283s] -- Symlinking: /repo/ws/install/include/px4_msgs/px4_msgs/msg/detail/navigator_status__functions.h
[1474.296s] -- Symlinking: /repo/ws/install/include/px4_msgs/px4_msgs/msg/detail/navigator_status__struct.h
[1474.309s] -- Symlinking: /repo/ws/install/include/px4_msgs/px4_msgs/msg/detail/navigator_status__type_support.h
[1474.322s] -- Symlinking: /repo/ws/install/include/px4_msgs/px4_msgs/msg/detail/neural_control__functions.h
[1474.335s] -- Symlinking: /repo/ws/install/include/px4_msgs/px4_msgs/msg/detail/neural_control__struct.h
[1474.348s] -- Symlinking: /repo/ws/install/include/px4_msgs/px4_msgs/msg/detail/neural_control__type_support.h
[1474.361s] -- Symlinking: /repo/ws/install/include/px4_msgs/px4_msgs/msg/detail/normalized_unsigned_setpoint__functions.h
[1474.375s] -- Symlinking: /repo/ws/install/include/px4_msgs/px4_msgs/msg/detail/normalized_unsigned_setpoint__struct.h
[1474.388s] -- Symlinking: /repo/ws/install/include/px4_msgs/px4_msgs/msg/detail/normalized_unsigned_setpoint__type_support.h
[1474.401s] -- Symlinking: /repo/ws/install/include/px4_msgs/px4_msgs/msg/detail/obstacle_distance__functions.h
[1474.414s] -- Symlinking: /repo/ws/install/include/px4_msgs/px4_msgs/msg/detail/obstacle_distance__struct.h
[1474.426s] -- Symlinking: /repo/ws/install/include/px4_msgs/px4_msgs/msg/detail/obstacle_distance__type_support.h
[1474.439s] -- Symlinking: /repo/ws/install/include/px4_msgs/px4_msgs/msg/detail/offboard_control_mode__functions.h
[1474.452s] -- Symlinking: /repo/ws/install/include/px4_msgs/px4_msgs/msg/detail/offboard_control_mode__struct.h
[1474.466s] -- Symlinking: /repo/ws/install/include/px4_msgs/px4_msgs/msg/detail/offboard_control_mode__type_support.h
[1474.479s] -- Symlinking: /repo/ws/install/include/px4_msgs/px4_msgs/msg/detail/onboard_computer_status__functions.h
[1474.492s] -- Symlinking: /repo/ws/install/include/px4_msgs/px4_msgs/msg/detail/onboard_computer_status__struct.h
[1474.505s] -- Symlinking: /repo/ws/install/include/px4_msgs/px4_msgs/msg/detail/onboard_computer_status__type_support.h
[1474.518s] -- Symlinking: /repo/ws/install/include/px4_msgs/px4_msgs/msg/detail/open_drone_id_arm_status__functions.h
[1474.531s] -- Symlinking: /repo/ws/install/include/px4_msgs/px4_msgs/msg/detail/open_drone_id_arm_status__struct.h
[1474.544s] -- Symlinking: /repo/ws/install/include/px4_msgs/px4_msgs/msg/detail/open_drone_id_arm_status__type_support.h
[1474.557s] -- Symlinking: /repo/ws/install/include/px4_msgs/px4_msgs/msg/detail/open_drone_id_operator_id__functions.h
[1474.571s] -- Symlinking: /repo/ws/install/include/px4_msgs/px4_msgs/msg/detail/open_drone_id_operator_id__struct.h
[1474.584s] -- Symlinking: /repo/ws/install/include/px4_msgs/px4_msgs/msg/detail/open_drone_id_operator_id__type_support.h
[1474.596s] -- Symlinking: /repo/ws/install/include/px4_msgs/px4_msgs/msg/detail/open_drone_id_self_id__functions.h
[1474.609s] -- Symlinking: /repo/ws/install/include/px4_msgs/px4_msgs/msg/detail/open_drone_id_self_id__struct.h
[1474.622s] -- Symlinking: /repo/ws/install/include/px4_msgs/px4_msgs/msg/detail/open_drone_id_self_id__type_support.h
[1474.635s] -- Symlinking: /repo/ws/install/include/px4_msgs/px4_msgs/msg/detail/open_drone_id_system__functions.h
[1474.648s] -- Symlinking: /repo/ws/install/include/px4_msgs/px4_msgs/msg/detail/open_drone_id_system__struct.h
[1474.660s] -- Symlinking: /repo/ws/install/include/px4_msgs/px4_msgs/msg/detail/open_drone_id_system__type_support.h
[1474.674s] -- Symlinking: /repo/ws/install/include/px4_msgs/px4_msgs/msg/detail/orb_test__functions.h
[1474.687s] -- Symlinking: /repo/ws/install/include/px4_msgs/px4_msgs/msg/detail/orb_test__struct.h
[1474.700s] -- Symlinking: /repo/ws/install/include/px4_msgs/px4_msgs/msg/detail/orb_test__type_support.h
[1474.712s] -- Symlinking: /repo/ws/install/include/px4_msgs/px4_msgs/msg/detail/orb_test_large__functions.h
[1474.725s] -- Symlinking: /repo/ws/install/include/px4_msgs/px4_msgs/msg/detail/orb_test_large__struct.h
[1474.738s] -- Symlinking: /repo/ws/install/include/px4_msgs/px4_msgs/msg/detail/orb_test_large__type_support.h
[1474.751s] -- Symlinking: /repo/ws/install/include/px4_msgs/px4_msgs/msg/detail/orb_test_medium__functions.h
[1474.764s] -- Symlinking: /repo/ws/install/include/px4_msgs/px4_msgs/msg/detail/orb_test_medium__struct.h
[1474.778s] -- Symlinking: /repo/ws/install/include/px4_msgs/px4_msgs/msg/detail/orb_test_medium__type_support.h
[1474.791s] -- Symlinking: /repo/ws/install/include/px4_msgs/px4_msgs/msg/detail/orbit_status__functions.h
[1474.804s] -- Symlinking: /repo/ws/install/include/px4_msgs/px4_msgs/msg/detail/orbit_status__struct.h
[1474.816s] -- Symlinking: /repo/ws/install/include/px4_msgs/px4_msgs/msg/detail/orbit_status__type_support.h
[1474.829s] -- Symlinking: /repo/ws/install/include/px4_msgs/px4_msgs/msg/detail/parameter_reset_request__functions.h
[1474.842s] -- Symlinking: /repo/ws/install/include/px4_msgs/px4_msgs/msg/detail/parameter_reset_request__struct.h
[1474.855s] -- Symlinking: /repo/ws/install/include/px4_msgs/px4_msgs/msg/detail/parameter_reset_request__type_support.h
[1474.868s] -- Symlinking: /repo/ws/install/include/px4_msgs/px4_msgs/msg/detail/parameter_set_used_request__functions.h
[1474.881s] -- Symlinking: /repo/ws/install/include/px4_msgs/px4_msgs/msg/detail/parameter_set_used_request__struct.h
[1474.894s] -- Symlinking: /repo/ws/install/include/px4_msgs/px4_msgs/msg/detail/parameter_set_used_request__type_support.h
[1474.907s] -- Symlinking: /repo/ws/install/include/px4_msgs/px4_msgs/msg/detail/parameter_set_value_request__functions.h
[1474.921s] -- Symlinking: /repo/ws/install/include/px4_msgs/px4_msgs/msg/detail/parameter_set_value_request__struct.h
[1474.935s] -- Symlinking: /repo/ws/install/include/px4_msgs/px4_msgs/msg/detail/parameter_set_value_request__type_support.h
[1474.949s] -- Symlinking: /repo/ws/install/include/px4_msgs/px4_msgs/msg/detail/parameter_set_value_response__functions.h
[1474.962s] -- Symlinking: /repo/ws/install/include/px4_msgs/px4_msgs/msg/detail/parameter_set_value_response__struct.h
[1474.976s] -- Symlinking: /repo/ws/install/include/px4_msgs/px4_msgs/msg/detail/parameter_set_value_response__type_support.h
[1474.990s] -- Symlinking: /repo/ws/install/include/px4_msgs/px4_msgs/msg/detail/parameter_update__functions.h
[1475.003s] -- Symlinking: /repo/ws/install/include/px4_msgs/px4_msgs/msg/detail/parameter_update__struct.h
[1475.016s] -- Symlinking: /repo/ws/install/include/px4_msgs/px4_msgs/msg/detail/parameter_update__type_support.h
[1475.029s] -- Symlinking: /repo/ws/install/include/px4_msgs/px4_msgs/msg/detail/ping__functions.h
[1475.042s] -- Symlinking: /repo/ws/install/include/px4_msgs/px4_msgs/msg/detail/ping__struct.h
[1475.054s] -- Symlinking: /repo/ws/install/include/px4_msgs/px4_msgs/msg/detail/ping__type_support.h
[1475.067s] -- Symlinking: /repo/ws/install/include/px4_msgs/px4_msgs/msg/detail/position_controller_landing_status__functions.h
[1475.080s] -- Symlinking: /repo/ws/install/include/px4_msgs/px4_msgs/msg/detail/position_controller_landing_status__struct.h
[1475.093s] -- Symlinking: /repo/ws/install/include/px4_msgs/px4_msgs/msg/detail/position_controller_landing_status__type_support.h
[1475.106s] -- Symlinking: /repo/ws/install/include/px4_msgs/px4_msgs/msg/detail/position_controller_status__functions.h
[1475.119s] -- Symlinking: /repo/ws/install/include/px4_msgs/px4_msgs/msg/detail/position_controller_status__struct.h
[1475.132s] -- Symlinking: /repo/ws/install/include/px4_msgs/px4_msgs/msg/detail/position_controller_status__type_support.h
[1475.144s] -- Symlinking: /repo/ws/install/include/px4_msgs/px4_msgs/msg/detail/position_setpoint__functions.h
[1475.158s] -- Symlinking: /repo/ws/install/include/px4_msgs/px4_msgs/msg/detail/position_setpoint__struct.h
[1475.172s] -- Symlinking: /repo/ws/install/include/px4_msgs/px4_msgs/msg/detail/position_setpoint__type_support.h
[1475.185s] -- Symlinking: /repo/ws/install/include/px4_msgs/px4_msgs/msg/detail/position_setpoint_triplet__functions.h
[1475.198s] -- Symlinking: /repo/ws/install/include/px4_msgs/px4_msgs/msg/detail/position_setpoint_triplet__struct.h
[1475.210s] -- Symlinking: /repo/ws/install/include/px4_msgs/px4_msgs/msg/detail/position_setpoint_triplet__type_support.h
[1475.222s] -- Symlinking: /repo/ws/install/include/px4_msgs/px4_msgs/msg/detail/power_button_state__functions.h
[1475.235s] -- Symlinking: /repo/ws/install/include/px4_msgs/px4_msgs/msg/detail/power_button_state__struct.h
[1475.248s] -- Symlinking: /repo/ws/install/include/px4_msgs/px4_msgs/msg/detail/power_button_state__type_support.h
[1475.261s] -- Symlinking: /repo/ws/install/include/px4_msgs/px4_msgs/msg/detail/power_monitor__functions.h
[1475.274s] -- Symlinking: /repo/ws/install/include/px4_msgs/px4_msgs/msg/detail/power_monitor__struct.h
[1475.288s] -- Symlinking: /repo/ws/install/include/px4_msgs/px4_msgs/msg/detail/power_monitor__type_support.h
[1475.302s] -- Symlinking: /repo/ws/install/include/px4_msgs/px4_msgs/msg/detail/pps_capture__functions.h
[1475.316s] -- Symlinking: /repo/ws/install/include/px4_msgs/px4_msgs/msg/detail/pps_capture__struct.h
[1475.330s] -- Symlinking: /repo/ws/install/include/px4_msgs/px4_msgs/msg/detail/pps_capture__type_support.h
[1475.342s] -- Symlinking: /repo/ws/install/include/px4_msgs/px4_msgs/msg/detail/pure_pursuit_status__functions.h
[1475.355s] -- Symlinking: /repo/ws/install/include/px4_msgs/px4_msgs/msg/detail/pure_pursuit_status__struct.h
[1475.368s] -- Symlinking: /repo/ws/install/include/px4_msgs/px4_msgs/msg/detail/pure_pursuit_status__type_support.h
[1475.381s] -- Symlinking: /repo/ws/install/include/px4_msgs/px4_msgs/msg/detail/pwm_input__functions.h
[1475.394s] -- Symlinking: /repo/ws/install/include/px4_msgs/px4_msgs/msg/detail/pwm_input__struct.h
[1475.407s] -- Symlinking: /repo/ws/install/include/px4_msgs/px4_msgs/msg/detail/pwm_input__type_support.h
[1475.420s] -- Symlinking: /repo/ws/install/include/px4_msgs/px4_msgs/msg/detail/px4io_status__functions.h
[1475.433s] -- Symlinking: /repo/ws/install/include/px4_msgs/px4_msgs/msg/detail/px4io_status__struct.h
[1475.446s] -- Symlinking: /repo/ws/install/include/px4_msgs/px4_msgs/msg/detail/px4io_status__type_support.h
[1475.459s] -- Symlinking: /repo/ws/install/include/px4_msgs/px4_msgs/msg/detail/qshell_req__functions.h
[1475.472s] -- Symlinking: /repo/ws/install/include/px4_msgs/px4_msgs/msg/detail/qshell_req__struct.h
[1475.486s] -- Symlinking: /repo/ws/install/include/px4_msgs/px4_msgs/msg/detail/qshell_req__type_support.h
[1475.499s] -- Symlinking: /repo/ws/install/include/px4_msgs/px4_msgs/msg/detail/qshell_retval__functions.h
[1475.512s] -- Symlinking: /repo/ws/install/include/px4_msgs/px4_msgs/msg/detail/qshell_retval__struct.h
[1475.524s] -- Symlinking: /repo/ws/install/include/px4_msgs/px4_msgs/msg/detail/qshell_retval__type_support.h
[1475.537s] -- Symlinking: /repo/ws/install/include/px4_msgs/px4_msgs/msg/detail/radio_status__functions.h
[1475.549s] -- Symlinking: /repo/ws/install/include/px4_msgs/px4_msgs/msg/detail/radio_status__struct.h
[1475.562s] -- Symlinking: /repo/ws/install/include/px4_msgs/px4_msgs/msg/detail/radio_status__type_support.h
[1475.576s] -- Symlinking: /repo/ws/install/include/px4_msgs/px4_msgs/msg/detail/raptor_input__functions.h
[1475.589s] -- Symlinking: /repo/ws/install/include/px4_msgs/px4_msgs/msg/detail/raptor_input__struct.h
[1475.601s] -- Symlinking: /repo/ws/install/include/px4_msgs/px4_msgs/msg/detail/raptor_input__type_support.h
[1475.614s] -- Symlinking: /repo/ws/install/include/px4_msgs/px4_msgs/msg/detail/raptor_status__functions.h
[1475.627s] -- Symlinking: /repo/ws/install/include/px4_msgs/px4_msgs/msg/detail/raptor_status__struct.h
[1475.640s] -- Symlinking: /repo/ws/install/include/px4_msgs/px4_msgs/msg/detail/raptor_status__type_support.h
[1475.654s] -- Symlinking: /repo/ws/install/include/px4_msgs/px4_msgs/msg/detail/rate_ctrl_status__functions.h
[1475.667s] -- Symlinking: /repo/ws/install/include/px4_msgs/px4_msgs/msg/detail/rate_ctrl_status__struct.h
[1475.680s] -- Symlinking: /repo/ws/install/include/px4_msgs/px4_msgs/msg/detail/rate_ctrl_status__type_support.h
[1475.693s] -- Symlinking: /repo/ws/install/include/px4_msgs/px4_msgs/msg/detail/rc_channels__functions.h
[1475.706s] -- Symlinking: /repo/ws/install/include/px4_msgs/px4_msgs/msg/detail/rc_channels__struct.h
[1475.718s] -- Symlinking: /repo/ws/install/include/px4_msgs/px4_msgs/msg/detail/rc_channels__type_support.h
[1475.731s] -- Symlinking: /repo/ws/install/include/px4_msgs/px4_msgs/msg/detail/rc_parameter_map__functions.h
[1475.744s] -- Symlinking: /repo/ws/install/include/px4_msgs/px4_msgs/msg/detail/rc_parameter_map__struct.h
[1475.757s] -- Symlinking: /repo/ws/install/include/px4_msgs/px4_msgs/msg/detail/rc_parameter_map__type_support.h
[1475.771s] -- Symlinking: /repo/ws/install/include/px4_msgs/px4_msgs/msg/detail/register_ext_component_reply__functions.h
[1475.784s] -- Symlinking: /repo/ws/install/include/px4_msgs/px4_msgs/msg/detail/register_ext_component_reply__struct.h
[1475.797s] -- Symlinking: /repo/ws/install/include/px4_msgs/px4_msgs/msg/detail/register_ext_component_reply__type_support.h
[1475.810s] -- Symlinking: /repo/ws/install/include/px4_msgs/px4_msgs/msg/detail/register_ext_component_request__functions.h
[1475.823s] -- Symlinking: /repo/ws/install/include/px4_msgs/px4_msgs/msg/detail/register_ext_component_request__struct.h
[1475.836s] -- Symlinking: /repo/ws/install/include/px4_msgs/px4_msgs/msg/detail/register_ext_component_request__type_support.h
[1475.848s] -- Symlinking: /repo/ws/install/include/px4_msgs/px4_msgs/msg/detail/rover_attitude_setpoint__functions.h
[1475.861s] -- Symlinking: /repo/ws/install/include/px4_msgs/px4_msgs/msg/detail/rover_attitude_setpoint__struct.h
[1475.874s] -- Symlinking: /repo/ws/install/include/px4_msgs/px4_msgs/msg/detail/rover_attitude_setpoint__type_support.h
[1475.887s] -- Symlinking: /repo/ws/install/include/px4_msgs/px4_msgs/msg/detail/rover_attitude_status__functions.h
[1475.900s] -- Symlinking: /repo/ws/install/include/px4_msgs/px4_msgs/msg/detail/rover_attitude_status__struct.h
[1475.912s] -- Symlinking: /repo/ws/install/include/px4_msgs/px4_msgs/msg/detail/rover_attitude_status__type_support.h
[1475.925s] -- Symlinking: /repo/ws/install/include/px4_msgs/px4_msgs/msg/detail/rover_position_setpoint__functions.h
[1475.938s] -- Symlinking: /repo/ws/install/include/px4_msgs/px4_msgs/msg/detail/rover_position_setpoint__struct.h
[1475.951s] -- Symlinking: /repo/ws/install/include/px4_msgs/px4_msgs/msg/detail/rover_position_setpoint__type_support.h
[1475.964s] -- Symlinking: /repo/ws/install/include/px4_msgs/px4_msgs/msg/detail/rover_rate_setpoint__functions.h
[1475.978s] -- Symlinking: /repo/ws/install/include/px4_msgs/px4_msgs/msg/detail/rover_rate_setpoint__struct.h
[1475.991s] -- Symlinking: /repo/ws/install/include/px4_msgs/px4_msgs/msg/detail/rover_rate_setpoint__type_support.h
[1476.004s] -- Symlinking: /repo/ws/install/include/px4_msgs/px4_msgs/msg/detail/rover_rate_status__functions.h
[1476.016s] -- Symlinking: /repo/ws/install/include/px4_msgs/px4_msgs/msg/detail/rover_rate_status__struct.h
[1476.029s] -- Symlinking: /repo/ws/install/include/px4_msgs/px4_msgs/msg/detail/rover_rate_status__type_support.h
[1476.042s] -- Symlinking: /repo/ws/install/include/px4_msgs/px4_msgs/msg/detail/rover_speed_setpoint__functions.h
[1476.054s] -- Symlinking: /repo/ws/install/include/px4_msgs/px4_msgs/msg/detail/rover_speed_setpoint__struct.h
[1476.067s] -- Symlinking: /repo/ws/install/include/px4_msgs/px4_msgs/msg/detail/rover_speed_setpoint__type_support.h
[1476.081s] -- Symlinking: /repo/ws/install/include/px4_msgs/px4_msgs/msg/detail/rover_speed_status__functions.h
[1476.094s] -- Symlinking: /repo/ws/install/include/px4_msgs/px4_msgs/msg/detail/rover_speed_status__struct.h
[1476.107s] -- Symlinking: /repo/ws/install/include/px4_msgs/px4_msgs/msg/detail/rover_speed_status__type_support.h
[1476.120s] -- Symlinking: /repo/ws/install/include/px4_msgs/px4_msgs/msg/detail/rover_steering_setpoint__functions.h
[1476.133s] -- Symlinking: /repo/ws/install/include/px4_msgs/px4_msgs/msg/detail/rover_steering_setpoint__struct.h
[1476.146s] -- Symlinking: /repo/ws/install/include/px4_msgs/px4_msgs/msg/detail/rover_steering_setpoint__type_support.h
[1476.159s] -- Symlinking: /repo/ws/install/include/px4_msgs/px4_msgs/msg/detail/rover_throttle_setpoint__functions.h
[1476.172s] -- Symlinking: /repo/ws/install/include/px4_msgs/px4_msgs/msg/detail/rover_throttle_setpoint__struct.h
[1476.185s] -- Symlinking: /repo/ws/install/include/px4_msgs/px4_msgs/msg/detail/rover_throttle_setpoint__type_support.h
[1476.199s] -- Symlinking: /repo/ws/install/include/px4_msgs/px4_msgs/msg/detail/rpm__functions.h
[1476.211s] -- Symlinking: /repo/ws/install/include/px4_msgs/px4_msgs/msg/detail/rpm__struct.h
[1476.224s] -- Symlinking: /repo/ws/install/include/px4_msgs/px4_msgs/msg/detail/rpm__type_support.h
[1476.236s] -- Symlinking: /repo/ws/install/include/px4_msgs/px4_msgs/msg/detail/rtl_status__functions.h
[1476.250s] -- Symlinking: /repo/ws/install/include/px4_msgs/px4_msgs/msg/detail/rtl_status__struct.h
[1476.262s] -- Symlinking: /repo/ws/install/include/px4_msgs/px4_msgs/msg/detail/rtl_status__type_support.h
[1476.276s] -- Symlinking: /repo/ws/install/include/px4_msgs/px4_msgs/msg/detail/rtl_time_estimate__functions.h
[1476.290s] -- Symlinking: /repo/ws/install/include/px4_msgs/px4_msgs/msg/detail/rtl_time_estimate__struct.h
[1476.303s] -- Symlinking: /repo/ws/install/include/px4_msgs/px4_msgs/msg/detail/rtl_time_estimate__type_support.h
[1476.316s] -- Symlinking: /repo/ws/install/include/px4_msgs/px4_msgs/msg/detail/satellite_info__functions.h
[1476.328s] -- Symlinking: /repo/ws/install/include/px4_msgs/px4_msgs/msg/detail/satellite_info__struct.h
[1476.341s] -- Symlinking: /repo/ws/install/include/px4_msgs/px4_msgs/msg/detail/satellite_info__type_support.h
[1476.354s] -- Symlinking: /repo/ws/install/include/px4_msgs/px4_msgs/msg/detail/sensor_accel__functions.h
[1476.366s] -- Symlinking: /repo/ws/install/include/px4_msgs/px4_msgs/msg/detail/sensor_accel__struct.h
[1476.380s] -- Symlinking: /repo/ws/install/include/px4_msgs/px4_msgs/msg/detail/sensor_accel__type_support.h
[1476.393s] -- Symlinking: /repo/ws/install/include/px4_msgs/px4_msgs/msg/detail/sensor_accel_fifo__functions.h
[1476.406s] -- Symlinking: /repo/ws/install/include/px4_msgs/px4_msgs/msg/detail/sensor_accel_fifo__struct.h
[1476.419s] -- Symlinking: /repo/ws/install/include/px4_msgs/px4_msgs/msg/detail/sensor_accel_fifo__type_support.h
[1476.432s] -- Symlinking: /repo/ws/install/include/px4_msgs/px4_msgs/msg/detail/sensor_airflow__functions.h
[1476.445s] -- Symlinking: /repo/ws/install/include/px4_msgs/px4_msgs/msg/detail/sensor_airflow__struct.h
[1476.458s] -- Symlinking: /repo/ws/install/include/px4_msgs/px4_msgs/msg/detail/sensor_airflow__type_support.h
[1476.471s] -- Symlinking: /repo/ws/install/include/px4_msgs/px4_msgs/msg/detail/sensor_baro__functions.h
[1476.484s] -- Symlinking: /repo/ws/install/include/px4_msgs/px4_msgs/msg/detail/sensor_baro__struct.h
[1476.497s] -- Symlinking: /repo/ws/install/include/px4_msgs/px4_msgs/msg/detail/sensor_baro__type_support.h
[1476.511s] -- Symlinking: /repo/ws/install/include/px4_msgs/px4_msgs/msg/detail/sensor_combined__functions.h
[1476.524s] -- Symlinking: /repo/ws/install/include/px4_msgs/px4_msgs/msg/detail/sensor_combined__struct.h
[1476.536s] -- Symlinking: /repo/ws/install/include/px4_msgs/px4_msgs/msg/detail/sensor_combined__type_support.h
[1476.549s] -- Symlinking: /repo/ws/install/include/px4_msgs/px4_msgs/msg/detail/sensor_correction__functions.h
[1476.562s] -- Symlinking: /repo/ws/install/include/px4_msgs/px4_msgs/msg/detail/sensor_correction__struct.h
[1476.576s] -- Symlinking: /repo/ws/install/include/px4_msgs/px4_msgs/msg/detail/sensor_correction__type_support.h
[1476.589s] -- Symlinking: /repo/ws/install/include/px4_msgs/px4_msgs/msg/detail/sensor_gnss_relative__functions.h
[1476.602s] -- Symlinking: /repo/ws/install/include/px4_msgs/px4_msgs/msg/detail/sensor_gnss_relative__struct.h
[1476.615s] -- Symlinking: /repo/ws/install/include/px4_msgs/px4_msgs/msg/detail/sensor_gnss_relative__type_support.h
[1476.628s] -- Symlinking: /repo/ws/install/include/px4_msgs/px4_msgs/msg/detail/sensor_gnss_status__functions.h
[1476.641s] -- Symlinking: /repo/ws/install/include/px4_msgs/px4_msgs/msg/detail/sensor_gnss_status__struct.h
[1476.654s] -- Symlinking: /repo/ws/install/include/px4_msgs/px4_msgs/msg/detail/sensor_gnss_status__type_support.h
[1476.666s] -- Symlinking: /repo/ws/install/include/px4_msgs/px4_msgs/msg/detail/sensor_gps__functions.h
[1476.680s] -- Symlinking: /repo/ws/install/include/px4_msgs/px4_msgs/msg/detail/sensor_gps__struct.h
[1476.692s] -- Symlinking: /repo/ws/install/include/px4_msgs/px4_msgs/msg/detail/sensor_gps__type_support.h
[1476.705s] -- Symlinking: /repo/ws/install/include/px4_msgs/px4_msgs/msg/detail/sensor_gyro__functions.h
[1476.718s] -- Symlinking: /repo/ws/install/include/px4_msgs/px4_msgs/msg/detail/sensor_gyro__struct.h
[1476.731s] -- Symlinking: /repo/ws/install/include/px4_msgs/px4_msgs/msg/detail/sensor_gyro__type_support.h
[1476.744s] -- Symlinking: /repo/ws/install/include/px4_msgs/px4_msgs/msg/detail/sensor_gyro_fft__functions.h
[1476.757s] -- Symlinking: /repo/ws/install/include/px4_msgs/px4_msgs/msg/detail/sensor_gyro_fft__struct.h
[1476.770s] -- Symlinking: /repo/ws/install/include/px4_msgs/px4_msgs/msg/detail/sensor_gyro_fft__type_support.h
[1476.784s] -- Symlinking: /repo/ws/install/include/px4_msgs/px4_msgs/msg/detail/sensor_gyro_fifo__functions.h
[1476.797s] -- Symlinking: /repo/ws/install/include/px4_msgs/px4_msgs/msg/detail/sensor_gyro_fifo__struct.h
[1476.810s] -- Symlinking: /repo/ws/install/include/px4_msgs/px4_msgs/msg/detail/sensor_gyro_fifo__type_support.h
[1476.823s] -- Symlinking: /repo/ws/install/include/px4_msgs/px4_msgs/msg/detail/sensor_hygrometer__functions.h
[1476.836s] -- Symlinking: /repo/ws/install/include/px4_msgs/px4_msgs/msg/detail/sensor_hygrometer__struct.h
[1476.848s] -- Symlinking: /repo/ws/install/include/px4_msgs/px4_msgs/msg/detail/sensor_hygrometer__type_support.h
[1476.861s] -- Symlinking: /repo/ws/install/include/px4_msgs/px4_msgs/msg/detail/sensor_mag__functions.h
[1476.874s] -- Symlinking: /repo/ws/install/include/px4_msgs/px4_msgs/msg/detail/sensor_mag__struct.h
[1476.888s] -- Symlinking: /repo/ws/install/include/px4_msgs/px4_msgs/msg/detail/sensor_mag__type_support.h
[1476.901s] -- Symlinking: /repo/ws/install/include/px4_msgs/px4_msgs/msg/detail/sensor_optical_flow__functions.h
[1476.914s] -- Symlinking: /repo/ws/install/include/px4_msgs/px4_msgs/msg/detail/sensor_optical_flow__struct.h
[1476.927s] -- Symlinking: /repo/ws/install/include/px4_msgs/px4_msgs/msg/detail/sensor_optical_flow__type_support.h
[1476.940s] -- Symlinking: /repo/ws/install/include/px4_msgs/px4_msgs/msg/detail/sensor_preflight_mag__functions.h
[1476.953s] -- Symlinking: /repo/ws/install/include/px4_msgs/px4_msgs/msg/detail/sensor_preflight_mag__struct.h
[1476.966s] -- Symlinking: /repo/ws/install/include/px4_msgs/px4_msgs/msg/detail/sensor_preflight_mag__type_support.h
[1476.979s] -- Symlinking: /repo/ws/install/include/px4_msgs/px4_msgs/msg/detail/sensor_selection__functions.h
[1476.992s] -- Symlinking: /repo/ws/install/include/px4_msgs/px4_msgs/msg/detail/sensor_selection__struct.h
[1477.006s] -- Symlinking: /repo/ws/install/include/px4_msgs/px4_msgs/msg/detail/sensor_selection__type_support.h
[1477.018s] -- Symlinking: /repo/ws/install/include/px4_msgs/px4_msgs/msg/detail/sensor_temp__functions.h
[1477.031s] -- Symlinking: /repo/ws/install/include/px4_msgs/px4_msgs/msg/detail/sensor_temp__struct.h
[1477.044s] -- Symlinking: /repo/ws/install/include/px4_msgs/px4_msgs/msg/detail/sensor_temp__type_support.h
[1477.057s] -- Symlinking: /repo/ws/install/include/px4_msgs/px4_msgs/msg/detail/sensor_uwb__functions.h
[1477.070s] -- Symlinking: /repo/ws/install/include/px4_msgs/px4_msgs/msg/detail/sensor_uwb__struct.h
[1477.084s] -- Symlinking: /repo/ws/install/include/px4_msgs/px4_msgs/msg/detail/sensor_uwb__type_support.h
[1477.097s] -- Symlinking: /repo/ws/install/include/px4_msgs/px4_msgs/msg/detail/sensors_status__functions.h
[1477.110s] -- Symlinking: /repo/ws/install/include/px4_msgs/px4_msgs/msg/detail/sensors_status__struct.h
[1477.123s] -- Symlinking: /repo/ws/install/include/px4_msgs/px4_msgs/msg/detail/sensors_status__type_support.h
[1477.135s] -- Symlinking: /repo/ws/install/include/px4_msgs/px4_msgs/msg/detail/sensors_status_imu__functions.h
[1477.148s] -- Symlinking: /repo/ws/install/include/px4_msgs/px4_msgs/msg/detail/sensors_status_imu__struct.h
[1477.160s] -- Symlinking: /repo/ws/install/include/px4_msgs/px4_msgs/msg/detail/sensors_status_imu__type_support.h
[1477.173s] -- Symlinking: /repo/ws/install/include/px4_msgs/px4_msgs/msg/detail/system_power__functions.h
[1477.187s] -- Symlinking: /repo/ws/install/include/px4_msgs/px4_msgs/msg/detail/system_power__struct.h
[1477.200s] -- Symlinking: /repo/ws/install/include/px4_msgs/px4_msgs/msg/detail/system_power__type_support.h
[1477.213s] -- Symlinking: /repo/ws/install/include/px4_msgs/px4_msgs/msg/detail/takeoff_status__functions.h
[1477.226s] -- Symlinking: /repo/ws/install/include/px4_msgs/px4_msgs/msg/detail/takeoff_status__struct.h
[1477.239s] -- Symlinking: /repo/ws/install/include/px4_msgs/px4_msgs/msg/detail/takeoff_status__type_support.h
[1477.254s] -- Symlinking: /repo/ws/install/include/px4_msgs/px4_msgs/msg/detail/task_stack_info__functions.h
[1477.266s] -- Symlinking: /repo/ws/install/include/px4_msgs/px4_msgs/msg/detail/task_stack_info__struct.h
[1477.279s] -- Symlinking: /repo/ws/install/include/px4_msgs/px4_msgs/msg/detail/task_stack_info__type_support.h
[1477.292s] -- Symlinking: /repo/ws/install/include/px4_msgs/px4_msgs/msg/detail/tecs_status__functions.h
[1477.305s] -- Symlinking: /repo/ws/install/include/px4_msgs/px4_msgs/msg/detail/tecs_status__struct.h
[1477.318s] -- Symlinking: /repo/ws/install/include/px4_msgs/px4_msgs/msg/detail/tecs_status__type_support.h
[1477.331s] -- Symlinking: /repo/ws/install/include/px4_msgs/px4_msgs/msg/detail/telemetry_status__functions.h
[1477.343s] -- Symlinking: /repo/ws/install/include/px4_msgs/px4_msgs/msg/detail/telemetry_status__struct.h
[1477.356s] -- Symlinking: /repo/ws/install/include/px4_msgs/px4_msgs/msg/detail/telemetry_status__type_support.h
[1477.370s] -- Symlinking: /repo/ws/install/include/px4_msgs/px4_msgs/msg/detail/tiltrotor_extra_controls__functions.h
[1477.384s] -- Symlinking: /repo/ws/install/include/px4_msgs/px4_msgs/msg/detail/tiltrotor_extra_controls__struct.h
[1477.398s] -- Symlinking: /repo/ws/install/include/px4_msgs/px4_msgs/msg/detail/tiltrotor_extra_controls__type_support.h
[1477.411s] -- Symlinking: /repo/ws/install/include/px4_msgs/px4_msgs/msg/detail/timesync_status__functions.h
[1477.424s] -- Symlinking: /repo/ws/install/include/px4_msgs/px4_msgs/msg/detail/timesync_status__struct.h
[1477.436s] -- Symlinking: /repo/ws/install/include/px4_msgs/px4_msgs/msg/detail/timesync_status__type_support.h
[1477.449s] -- Symlinking: /repo/ws/install/include/px4_msgs/px4_msgs/msg/detail/trajectory_setpoint6dof__functions.h
[1477.462s] -- Symlinking: /repo/ws/install/include/px4_msgs/px4_msgs/msg/detail/trajectory_setpoint6dof__struct.h
[1477.475s] -- Symlinking: /repo/ws/install/include/px4_msgs/px4_msgs/msg/detail/trajectory_setpoint6dof__type_support.h
[1477.488s] -- Symlinking: /repo/ws/install/include/px4_msgs/px4_msgs/msg/detail/trajectory_setpoint__functions.h
[1477.501s] -- Symlinking: /repo/ws/install/include/px4_msgs/px4_msgs/msg/detail/trajectory_setpoint__struct.h
[1477.514s] -- Symlinking: /repo/ws/install/include/px4_msgs/px4_msgs/msg/detail/trajectory_setpoint__type_support.h
[1477.527s] -- Symlinking: /repo/ws/install/include/px4_msgs/px4_msgs/msg/detail/transponder_report__functions.h
[1477.540s] -- Symlinking: /repo/ws/install/include/px4_msgs/px4_msgs/msg/detail/transponder_report__struct.h
[1477.553s] -- Symlinking: /repo/ws/install/include/px4_msgs/px4_msgs/msg/detail/transponder_report__type_support.h
[1477.566s] -- Symlinking: /repo/ws/install/include/px4_msgs/px4_msgs/msg/detail/tune_control__functions.h
[1477.580s] -- Symlinking: /repo/ws/install/include/px4_msgs/px4_msgs/msg/detail/tune_control__struct.h
[1477.593s] -- Symlinking: /repo/ws/install/include/px4_msgs/px4_msgs/msg/detail/tune_control__type_support.h
[1477.605s] -- Symlinking: /repo/ws/install/include/px4_msgs/px4_msgs/msg/detail/uavcan_parameter_request__functions.h
[1477.618s] -- Symlinking: /repo/ws/install/include/px4_msgs/px4_msgs/msg/detail/uavcan_parameter_request__struct.h
[1477.630s] -- Symlinking: /repo/ws/install/include/px4_msgs/px4_msgs/msg/detail/uavcan_parameter_request__type_support.h
[1477.643s] -- Symlinking: /repo/ws/install/include/px4_msgs/px4_msgs/msg/detail/uavcan_parameter_value__functions.h
[1477.656s] -- Symlinking: /repo/ws/install/include/px4_msgs/px4_msgs/msg/detail/uavcan_parameter_value__struct.h
[1477.669s] -- Symlinking: /repo/ws/install/include/px4_msgs/px4_msgs/msg/detail/uavcan_parameter_value__type_support.h
[1477.683s] -- Symlinking: /repo/ws/install/include/px4_msgs/px4_msgs/msg/detail/ulog_stream__functions.h
[1477.696s] -- Symlinking: /repo/ws/install/include/px4_msgs/px4_msgs/msg/detail/ulog_stream__struct.h
[1477.709s] -- Symlinking: /repo/ws/install/include/px4_msgs/px4_msgs/msg/detail/ulog_stream__type_support.h
[1477.722s] -- Symlinking: /repo/ws/install/include/px4_msgs/px4_msgs/msg/detail/ulog_stream_ack__functions.h
[1477.735s] -- Symlinking: /repo/ws/install/include/px4_msgs/px4_msgs/msg/detail/ulog_stream_ack__struct.h
[1477.747s] -- Symlinking: /repo/ws/install/include/px4_msgs/px4_msgs/msg/detail/ulog_stream_ack__type_support.h
[1477.760s] -- Symlinking: /repo/ws/install/include/px4_msgs/px4_msgs/msg/detail/unregister_ext_component__functions.h
[1477.773s] -- Symlinking: /repo/ws/install/include/px4_msgs/px4_msgs/msg/detail/unregister_ext_component__struct.h
[1477.786s] -- Symlinking: /repo/ws/install/include/px4_msgs/px4_msgs/msg/detail/unregister_ext_component__type_support.h
[1477.799s] -- Symlinking: /repo/ws/install/include/px4_msgs/px4_msgs/msg/detail/vehicle_acceleration__functions.h
[1477.812s] -- Symlinking: /repo/ws/install/include/px4_msgs/px4_msgs/msg/detail/vehicle_acceleration__struct.h
[1477.825s] -- Symlinking: /repo/ws/install/include/px4_msgs/px4_msgs/msg/detail/vehicle_acceleration__type_support.h
[1477.838s] -- Symlinking: /repo/ws/install/include/px4_msgs/px4_msgs/msg/detail/vehicle_air_data__functions.h
[1477.851s] -- Symlinking: /repo/ws/install/include/px4_msgs/px4_msgs/msg/detail/vehicle_air_data__struct.h
[1477.864s] -- Symlinking: /repo/ws/install/include/px4_msgs/px4_msgs/msg/detail/vehicle_air_data__type_support.h
[1477.878s] -- Symlinking: /repo/ws/install/include/px4_msgs/px4_msgs/msg/detail/vehicle_angular_acceleration_setpoint__functions.h
[1477.892s] -- Symlinking: /repo/ws/install/include/px4_msgs/px4_msgs/msg/detail/vehicle_angular_acceleration_setpoint__struct.h
[1477.904s] -- Symlinking: /repo/ws/install/include/px4_msgs/px4_msgs/msg/detail/vehicle_angular_acceleration_setpoint__type_support.h
[1477.917s] -- Symlinking: /repo/ws/install/include/px4_msgs/px4_msgs/msg/detail/vehicle_angular_velocity__functions.h
[1477.930s] -- Symlinking: /repo/ws/install/include/px4_msgs/px4_msgs/msg/detail/vehicle_angular_velocity__struct.h
[1477.943s] -- Symlinking: /repo/ws/install/include/px4_msgs/px4_msgs/msg/detail/vehicle_angular_velocity__type_support.h
[1477.956s] -- Symlinking: /repo/ws/install/include/px4_msgs/px4_msgs/msg/detail/vehicle_attitude__functions.h
[1477.969s] -- Symlinking: /repo/ws/install/include/px4_msgs/px4_msgs/msg/detail/vehicle_attitude__struct.h
[1477.983s] -- Symlinking: /repo/ws/install/include/px4_msgs/px4_msgs/msg/detail/vehicle_attitude__type_support.h
[1477.996s] -- Symlinking: /repo/ws/install/include/px4_msgs/px4_msgs/msg/detail/vehicle_attitude_setpoint__functions.h
[1478.009s] -- Symlinking: /repo/ws/install/include/px4_msgs/px4_msgs/msg/detail/vehicle_attitude_setpoint__struct.h
[1478.022s] -- Symlinking: /repo/ws/install/include/px4_msgs/px4_msgs/msg/detail/vehicle_attitude_setpoint__type_support.h
[1478.035s] -- Symlinking: /repo/ws/install/include/px4_msgs/px4_msgs/msg/detail/vehicle_command__functions.h
[1478.047s] -- Symlinking: /repo/ws/install/include/px4_msgs/px4_msgs/msg/detail/vehicle_command__struct.h
[1478.060s] -- Symlinking: /repo/ws/install/include/px4_msgs/px4_msgs/msg/detail/vehicle_command__type_support.h
[1478.072s] -- Symlinking: /repo/ws/install/include/px4_msgs/px4_msgs/msg/detail/vehicle_command_ack__functions.h
[1478.086s] -- Symlinking: /repo/ws/install/include/px4_msgs/px4_msgs/msg/detail/vehicle_command_ack__struct.h
[1478.099s] -- Symlinking: /repo/ws/install/include/px4_msgs/px4_msgs/msg/detail/vehicle_command_ack__type_support.h
[1478.112s] -- Symlinking: /repo/ws/install/include/px4_msgs/px4_msgs/msg/detail/vehicle_constraints__functions.h
[1478.124s] -- Symlinking: /repo/ws/install/include/px4_msgs/px4_msgs/msg/detail/vehicle_constraints__struct.h
[1478.137s] -- Symlinking: /repo/ws/install/include/px4_msgs/px4_msgs/msg/detail/vehicle_constraints__type_support.h
[1478.150s] -- Symlinking: /repo/ws/install/include/px4_msgs/px4_msgs/msg/detail/vehicle_control_mode__functions.h
[1478.163s] -- Symlinking: /repo/ws/install/include/px4_msgs/px4_msgs/msg/detail/vehicle_control_mode__struct.h
[1478.177s] -- Symlinking: /repo/ws/install/include/px4_msgs/px4_msgs/msg/detail/vehicle_control_mode__type_support.h
[1478.191s] -- Symlinking: /repo/ws/install/include/px4_msgs/px4_msgs/msg/detail/vehicle_global_position__functions.h
[1478.204s] -- Symlinking: /repo/ws/install/include/px4_msgs/px4_msgs/msg/detail/vehicle_global_position__struct.h
[1478.216s] -- Symlinking: /repo/ws/install/include/px4_msgs/px4_msgs/msg/detail/vehicle_global_position__type_support.h
[1478.229s] -- Symlinking: /repo/ws/install/include/px4_msgs/px4_msgs/msg/detail/vehicle_imu__functions.h
[1478.242s] -- Symlinking: /repo/ws/install/include/px4_msgs/px4_msgs/msg/detail/vehicle_imu__struct.h
[1478.254s] -- Symlinking: /repo/ws/install/include/px4_msgs/px4_msgs/msg/detail/vehicle_imu__type_support.h
[1478.267s] -- Symlinking: /repo/ws/install/include/px4_msgs/px4_msgs/msg/detail/vehicle_imu_status__functions.h
[1478.281s] -- Symlinking: /repo/ws/install/include/px4_msgs/px4_msgs/msg/detail/vehicle_imu_status__struct.h
[1478.294s] -- Symlinking: /repo/ws/install/include/px4_msgs/px4_msgs/msg/detail/vehicle_imu_status__type_support.h
[1478.307s] -- Symlinking: /repo/ws/install/include/px4_msgs/px4_msgs/msg/detail/vehicle_land_detected__functions.h
[1478.320s] -- Symlinking: /repo/ws/install/include/px4_msgs/px4_msgs/msg/detail/vehicle_land_detected__struct.h
[1478.333s] -- Symlinking: /repo/ws/install/include/px4_msgs/px4_msgs/msg/detail/vehicle_land_detected__type_support.h
[1478.346s] -- Symlinking: /repo/ws/install/include/px4_msgs/px4_msgs/msg/detail/vehicle_local_position__functions.h
[1478.359s] -- Symlinking: /repo/ws/install/include/px4_msgs/px4_msgs/msg/detail/vehicle_local_position__struct.h
[1478.371s] -- Symlinking: /repo/ws/install/include/px4_msgs/px4_msgs/msg/detail/vehicle_local_position__type_support.h
[1478.385s] -- Symlinking: /repo/ws/install/include/px4_msgs/px4_msgs/msg/detail/vehicle_local_position_setpoint__functions.h
[1478.398s] -- Symlinking: /repo/ws/install/include/px4_msgs/px4_msgs/msg/detail/vehicle_local_position_setpoint__struct.h
[1478.410s] -- Symlinking: /repo/ws/install/include/px4_msgs/px4_msgs/msg/detail/vehicle_local_position_setpoint__type_support.h
[1478.423s] -- Symlinking: /repo/ws/install/include/px4_msgs/px4_msgs/msg/detail/vehicle_magnetometer__functions.h
[1478.436s] -- Symlinking: /repo/ws/install/include/px4_msgs/px4_msgs/msg/detail/vehicle_magnetometer__struct.h
[1478.449s] -- Symlinking: /repo/ws/install/include/px4_msgs/px4_msgs/msg/detail/vehicle_magnetometer__type_support.h
[1478.462s] -- Symlinking: /repo/ws/install/include/px4_msgs/px4_msgs/msg/detail/vehicle_odometry__functions.h
[1478.476s] -- Symlinking: /repo/ws/install/include/px4_msgs/px4_msgs/msg/detail/vehicle_odometry__struct.h
[1478.489s] -- Symlinking: /repo/ws/install/include/px4_msgs/px4_msgs/msg/detail/vehicle_odometry__type_support.h
[1478.503s] -- Symlinking: /repo/ws/install/include/px4_msgs/px4_msgs/msg/detail/vehicle_optical_flow__functions.h
[1478.516s] -- Symlinking: /repo/ws/install/include/px4_msgs/px4_msgs/msg/detail/vehicle_optical_flow__struct.h
[1478.528s] -- Symlinking: /repo/ws/install/include/px4_msgs/px4_msgs/msg/detail/vehicle_optical_flow__type_support.h
[1478.541s] -- Symlinking: /repo/ws/install/include/px4_msgs/px4_msgs/msg/detail/vehicle_optical_flow_vel__functions.h
[1478.553s] -- Symlinking: /repo/ws/install/include/px4_msgs/px4_msgs/msg/detail/vehicle_optical_flow_vel__struct.h
[1478.566s] -- Symlinking: /repo/ws/install/include/px4_msgs/px4_msgs/msg/detail/vehicle_optical_flow_vel__type_support.h
[1478.580s] -- Symlinking: /repo/ws/install/include/px4_msgs/px4_msgs/msg/detail/vehicle_rates_setpoint__functions.h
[1478.593s] -- Symlinking: /repo/ws/install/include/px4_msgs/px4_msgs/msg/detail/vehicle_rates_setpoint__struct.h
[1478.606s] -- Symlinking: /repo/ws/install/include/px4_msgs/px4_msgs/msg/detail/vehicle_rates_setpoint__type_support.h
[1478.619s] -- Symlinking: /repo/ws/install/include/px4_msgs/px4_msgs/msg/detail/vehicle_roi__functions.h
[1478.632s] -- Symlinking: /repo/ws/install/include/px4_msgs/px4_msgs/msg/detail/vehicle_roi__struct.h
[1478.645s] -- Symlinking: /repo/ws/install/include/px4_msgs/px4_msgs/msg/detail/vehicle_roi__type_support.h
[1478.659s] -- Symlinking: /repo/ws/install/include/px4_msgs/px4_msgs/msg/detail/vehicle_status__functions.h
[1478.672s] -- Symlinking: /repo/ws/install/include/px4_msgs/px4_msgs/msg/detail/vehicle_status__struct.h
[1478.685s] -- Symlinking: /repo/ws/install/include/px4_msgs/px4_msgs/msg/detail/vehicle_status__type_support.h
[1478.697s] -- Symlinking: /repo/ws/install/include/px4_msgs/px4_msgs/msg/detail/vehicle_thrust_setpoint__functions.h
[1478.710s] -- Symlinking: /repo/ws/install/include/px4_msgs/px4_msgs/msg/detail/vehicle_thrust_setpoint__struct.h
[1478.723s] -- Symlinking: /repo/ws/install/include/px4_msgs/px4_msgs/msg/detail/vehicle_thrust_setpoint__type_support.h
[1478.736s] -- Symlinking: /repo/ws/install/include/px4_msgs/px4_msgs/msg/detail/vehicle_torque_setpoint__functions.h
[1478.749s] -- Symlinking: /repo/ws/install/include/px4_msgs/px4_msgs/msg/detail/vehicle_torque_setpoint__struct.h
[1478.762s] -- Symlinking: /repo/ws/install/include/px4_msgs/px4_msgs/msg/detail/vehicle_torque_setpoint__type_support.h
[1478.775s] -- Symlinking: /repo/ws/install/include/px4_msgs/px4_msgs/msg/detail/velocity_limits__functions.h
[1478.788s] -- Symlinking: /repo/ws/install/include/px4_msgs/px4_msgs/msg/detail/velocity_limits__struct.h
[1478.801s] -- Symlinking: /repo/ws/install/include/px4_msgs/px4_msgs/msg/detail/velocity_limits__type_support.h
[1478.815s] -- Symlinking: /repo/ws/install/include/px4_msgs/px4_msgs/msg/detail/vtol_vehicle_status__functions.h
[1478.828s] -- Symlinking: /repo/ws/install/include/px4_msgs/px4_msgs/msg/detail/vtol_vehicle_status__struct.h
[1478.840s] -- Symlinking: /repo/ws/install/include/px4_msgs/px4_msgs/msg/detail/vtol_vehicle_status__type_support.h
[1478.853s] -- Symlinking: /repo/ws/install/include/px4_msgs/px4_msgs/msg/detail/vtx__functions.h
[1478.865s] -- Symlinking: /repo/ws/install/include/px4_msgs/px4_msgs/msg/detail/vtx__struct.h
[1478.878s] -- Symlinking: /repo/ws/install/include/px4_msgs/px4_msgs/msg/detail/vtx__type_support.h
[1478.891s] -- Symlinking: /repo/ws/install/include/px4_msgs/px4_msgs/msg/detail/wheel_encoders__functions.h
[1478.904s] -- Symlinking: /repo/ws/install/include/px4_msgs/px4_msgs/msg/detail/wheel_encoders__struct.h
[1478.917s] -- Symlinking: /repo/ws/install/include/px4_msgs/px4_msgs/msg/detail/wheel_encoders__type_support.h
[1478.930s] -- Symlinking: /repo/ws/install/include/px4_msgs/px4_msgs/msg/detail/wind__functions.h
[1478.943s] -- Symlinking: /repo/ws/install/include/px4_msgs/px4_msgs/msg/detail/wind__struct.h
[1478.956s] -- Symlinking: /repo/ws/install/include/px4_msgs/px4_msgs/msg/detail/wind__type_support.h
[1478.969s] -- Symlinking: /repo/ws/install/include/px4_msgs/px4_msgs/msg/detail/yaw_estimator_status__functions.h
[1478.983s] -- Symlinking: /repo/ws/install/include/px4_msgs/px4_msgs/msg/detail/yaw_estimator_status__struct.h
[1478.996s] -- Symlinking: /repo/ws/install/include/px4_msgs/px4_msgs/msg/detail/yaw_estimator_status__type_support.h
[1479.009s] -- Symlinking: /repo/ws/install/include/px4_msgs/px4_msgs/msg/device_information.h
[1479.022s] -- Symlinking: /repo/ws/install/include/px4_msgs/px4_msgs/msg/differential_pressure.h
[1479.035s] -- Symlinking: /repo/ws/install/include/px4_msgs/px4_msgs/msg/distance_sensor.h
[1479.048s] -- Symlinking: /repo/ws/install/include/px4_msgs/px4_msgs/msg/distance_sensor_mode_change_request.h
[1479.061s] -- Symlinking: /repo/ws/install/include/px4_msgs/px4_msgs/msg/dronecan_node_status.h
[1479.074s] -- Symlinking: /repo/ws/install/include/px4_msgs/px4_msgs/msg/ekf2_timestamps.h
[1479.088s] -- Symlinking: /repo/ws/install/include/px4_msgs/px4_msgs/msg/esc_report.h
[1479.101s] -- Symlinking: /repo/ws/install/include/px4_msgs/px4_msgs/msg/esc_status.h
[1479.114s] -- Symlinking: /repo/ws/install/include/px4_msgs/px4_msgs/msg/estimator_aid_source1d.h
[1479.127s] -- Symlinking: /repo/ws/install/include/px4_msgs/px4_msgs/msg/estimator_aid_source2d.h
[1479.140s] -- Symlinking: /repo/ws/install/include/px4_msgs/px4_msgs/msg/estimator_aid_source3d.h
[1479.152s] -- Symlinking: /repo/ws/install/include/px4_msgs/px4_msgs/msg/estimator_bias.h
[1479.165s] -- Symlinking: /repo/ws/install/include/px4_msgs/px4_msgs/msg/estimator_bias3d.h
[1479.179s] -- Symlinking: /repo/ws/install/include/px4_msgs/px4_msgs/msg/estimator_event_flags.h
[1479.192s] -- Symlinking: /repo/ws/install/include/px4_msgs/px4_msgs/msg/estimator_gps_status.h
[1479.205s] -- Symlinking: /repo/ws/install/include/px4_msgs/px4_msgs/msg/estimator_innovations.h
[1479.218s] -- Symlinking: /repo/ws/install/include/px4_msgs/px4_msgs/msg/estimator_selector_status.h
[1479.231s] -- Symlinking: /repo/ws/install/include/px4_msgs/px4_msgs/msg/estimator_sensor_bias.h
[1479.248s] -- Symlinking: /repo/ws/install/include/px4_msgs/px4_msgs/msg/estimator_states.h
[1479.261s] -- Symlinking: /repo/ws/install/include/px4_msgs/px4_msgs/msg/estimator_status.h
[1479.273s] -- Symlinking: /repo/ws/install/include/px4_msgs/px4_msgs/msg/estimator_status_flags.h
[1479.286s] -- Symlinking: /repo/ws/install/include/px4_msgs/px4_msgs/msg/event.h
[1479.298s] -- Symlinking: /repo/ws/install/include/px4_msgs/px4_msgs/msg/failsafe_flags.h
[1479.311s] -- Symlinking: /repo/ws/install/include/px4_msgs/px4_msgs/msg/failure_detector_status.h
[1479.324s] -- Symlinking: /repo/ws/install/include/px4_msgs/px4_msgs/msg/figure_eight_status.h
[1479.336s] -- Symlinking: /repo/ws/install/include/px4_msgs/px4_msgs/msg/fixed_wing_lateral_guidance_status.h
[1479.349s] -- Symlinking: /repo/ws/install/include/px4_msgs/px4_msgs/msg/fixed_wing_lateral_setpoint.h
[1479.362s] -- Symlinking: /repo/ws/install/include/px4_msgs/px4_msgs/msg/fixed_wing_lateral_status.h
[1479.375s] -- Symlinking: /repo/ws/install/include/px4_msgs/px4_msgs/msg/fixed_wing_longitudinal_setpoint.h
[1479.389s] -- Symlinking: /repo/ws/install/include/px4_msgs/px4_msgs/msg/fixed_wing_runway_control.h
[1479.402s] -- Symlinking: /repo/ws/install/include/px4_msgs/px4_msgs/msg/flight_phase_estimation.h
[1479.415s] -- Symlinking: /repo/ws/install/include/px4_msgs/px4_msgs/msg/follow_target.h
[1479.429s] -- Symlinking: /repo/ws/install/include/px4_msgs/px4_msgs/msg/follow_target_estimator.h
[1479.443s] -- Symlinking: /repo/ws/install/include/px4_msgs/px4_msgs/msg/follow_target_status.h
[1479.456s] -- Symlinking: /repo/ws/install/include/px4_msgs/px4_msgs/msg/fuel_tank_status.h
[1479.470s] -- Symlinking: /repo/ws/install/include/px4_msgs/px4_msgs/msg/gain_compression.h
[1479.483s] -- Symlinking: /repo/ws/install/include/px4_msgs/px4_msgs/msg/generator_status.h
[1479.496s] -- Symlinking: /repo/ws/install/include/px4_msgs/px4_msgs/msg/geofence_result.h
[1479.509s] -- Symlinking: /repo/ws/install/include/px4_msgs/px4_msgs/msg/geofence_status.h
[1479.521s] -- Symlinking: /repo/ws/install/include/px4_msgs/px4_msgs/msg/gimbal_controls.h
[1479.534s] -- Symlinking: /repo/ws/install/include/px4_msgs/px4_msgs/msg/gimbal_device_attitude_status.h
[1479.547s] -- Symlinking: /repo/ws/install/include/px4_msgs/px4_msgs/msg/gimbal_device_information.h
[1479.560s] -- Symlinking: /repo/ws/install/include/px4_msgs/px4_msgs/msg/gimbal_device_set_attitude.h
[1479.574s] -- Symlinking: /repo/ws/install/include/px4_msgs/px4_msgs/msg/gimbal_manager_information.h
[1479.587s] -- Symlinking: /repo/ws/install/include/px4_msgs/px4_msgs/msg/gimbal_manager_set_attitude.h
[1479.600s] -- Symlinking: /repo/ws/install/include/px4_msgs/px4_msgs/msg/gimbal_manager_set_manual_control.h
[1479.613s] -- Symlinking: /repo/ws/install/include/px4_msgs/px4_msgs/msg/gimbal_manager_status.h
[1479.625s] -- Symlinking: /repo/ws/install/include/px4_msgs/px4_msgs/msg/goto_setpoint.h
[1479.637s] -- Symlinking: /repo/ws/install/include/px4_msgs/px4_msgs/msg/gpio_config.h
[1479.650s] -- Symlinking: /repo/ws/install/include/px4_msgs/px4_msgs/msg/gpio_in.h
[1479.664s] -- Symlinking: /repo/ws/install/include/px4_msgs/px4_msgs/msg/gpio_out.h
[1479.676s] -- Symlinking: /repo/ws/install/include/px4_msgs/px4_msgs/msg/gpio_request.h
[1479.690s] -- Symlinking: /repo/ws/install/include/px4_msgs/px4_msgs/msg/gps_dump.h
[1479.703s] -- Symlinking: /repo/ws/install/include/px4_msgs/px4_msgs/msg/gps_inject_data.h
[1479.716s] -- Symlinking: /repo/ws/install/include/px4_msgs/px4_msgs/msg/gripper.h
[1479.729s] -- Symlinking: /repo/ws/install/include/px4_msgs/px4_msgs/msg/health_report.h
[1479.742s] -- Symlinking: /repo/ws/install/include/px4_msgs/px4_msgs/msg/heater_status.h
[1479.755s] -- Symlinking: /repo/ws/install/include/px4_msgs/px4_msgs/msg/home_position.h
[1479.768s] -- Symlinking: /repo/ws/install/include/px4_msgs/px4_msgs/msg/hover_thrust_estimate.h
[1479.781s] -- Symlinking: /repo/ws/install/include/px4_msgs/px4_msgs/msg/input_rc.h
[1479.794s] -- Symlinking: /repo/ws/install/include/px4_msgs/px4_msgs/msg/internal_combustion_engine_control.h
[1479.807s] -- Symlinking: /repo/ws/install/include/px4_msgs/px4_msgs/msg/internal_combustion_engine_status.h
[1479.819s] -- Symlinking: /repo/ws/install/include/px4_msgs/px4_msgs/msg/iridiumsbd_status.h
[1479.832s] -- Symlinking: /repo/ws/install/include/px4_msgs/px4_msgs/msg/irlock_report.h
[1479.845s] -- Symlinking: /repo/ws/install/include/px4_msgs/px4_msgs/msg/landing_gear.h
[1479.858s] -- Symlinking: /repo/ws/install/include/px4_msgs/px4_msgs/msg/landing_gear_wheel.h
[1479.871s] -- Symlinking: /repo/ws/install/include/px4_msgs/px4_msgs/msg/landing_target_innovations.h
[1479.885s] -- Symlinking: /repo/ws/install/include/px4_msgs/px4_msgs/msg/landing_target_pose.h
[1479.898s] -- Symlinking: /repo/ws/install/include/px4_msgs/px4_msgs/msg/lateral_control_configuration.h
[1479.911s] -- Symlinking: /repo/ws/install/include/px4_msgs/px4_msgs/msg/launch_detection_status.h
[1479.924s] -- Symlinking: /repo/ws/install/include/px4_msgs/px4_msgs/msg/led_control.h
[1479.937s] -- Symlinking: /repo/ws/install/include/px4_msgs/px4_msgs/msg/log_message.h
[1479.949s] -- Symlinking: /repo/ws/install/include/px4_msgs/px4_msgs/msg/logger_status.h
[1479.962s] -- Symlinking: /repo/ws/install/include/px4_msgs/px4_msgs/msg/longitudinal_control_configuration.h
[1479.974s] -- Symlinking: /repo/ws/install/include/px4_msgs/px4_msgs/msg/mag_worker_data.h
[1479.988s] -- Symlinking: /repo/ws/install/include/px4_msgs/px4_msgs/msg/magnetometer_bias_estimate.h
[1480.001s] -- Symlinking: /repo/ws/install/include/px4_msgs/px4_msgs/msg/manual_control_setpoint.h
[1480.014s] -- Symlinking: /repo/ws/install/include/px4_msgs/px4_msgs/msg/manual_control_switches.h
[1480.027s] -- Symlinking: /repo/ws/install/include/px4_msgs/px4_msgs/msg/mavlink_log.h
[1480.040s] -- Symlinking: /repo/ws/install/include/px4_msgs/px4_msgs/msg/mavlink_tunnel.h
[1480.054s] -- Symlinking: /repo/ws/install/include/px4_msgs/px4_msgs/msg/message_format_request.h
[1480.067s] -- Symlinking: /repo/ws/install/include/px4_msgs/px4_msgs/msg/message_format_response.h
[1480.081s] -- Symlinking: /repo/ws/install/include/px4_msgs/px4_msgs/msg/mission.h
[1480.094s] -- Symlinking: /repo/ws/install/include/px4_msgs/px4_msgs/msg/mission_result.h
[1480.106s] -- Symlinking: /repo/ws/install/include/px4_msgs/px4_msgs/msg/mode_completed.h
[1480.119s] -- Symlinking: /repo/ws/install/include/px4_msgs/px4_msgs/msg/mount_orientation.h
[1480.131s] -- Symlinking: /repo/ws/install/include/px4_msgs/px4_msgs/msg/navigator_mission_item.h
[1480.144s] -- Symlinking: /repo/ws/install/include/px4_msgs/px4_msgs/msg/navigator_status.h
[1480.157s] -- Symlinking: /repo/ws/install/include/px4_msgs/px4_msgs/msg/neural_control.h
[1480.170s] -- Symlinking: /repo/ws/install/include/px4_msgs/px4_msgs/msg/normalized_unsigned_setpoint.h
[1480.184s] -- Symlinking: /repo/ws/install/include/px4_msgs/px4_msgs/msg/obstacle_distance.h
[1480.197s] -- Symlinking: /repo/ws/install/include/px4_msgs/px4_msgs/msg/offboard_control_mode.h
[1480.210s] -- Symlinking: /repo/ws/install/include/px4_msgs/px4_msgs/msg/onboard_computer_status.h
[1480.223s] -- Symlinking: /repo/ws/install/include/px4_msgs/px4_msgs/msg/open_drone_id_arm_status.h
[1480.236s] -- Symlinking: /repo/ws/install/include/px4_msgs/px4_msgs/msg/open_drone_id_operator_id.h
[1480.250s] -- Symlinking: /repo/ws/install/include/px4_msgs/px4_msgs/msg/open_drone_id_self_id.h
[1480.263s] -- Symlinking: /repo/ws/install/include/px4_msgs/px4_msgs/msg/open_drone_id_system.h
[1480.275s] -- Symlinking: /repo/ws/install/include/px4_msgs/px4_msgs/msg/orb_test.h
[1480.289s] -- Symlinking: /repo/ws/install/include/px4_msgs/px4_msgs/msg/orb_test_large.h
[1480.302s] -- Symlinking: /repo/ws/install/include/px4_msgs/px4_msgs/msg/orb_test_medium.h
[1480.315s] -- Symlinking: /repo/ws/install/include/px4_msgs/px4_msgs/msg/orbit_status.h
[1480.328s] -- Symlinking: /repo/ws/install/include/px4_msgs/px4_msgs/msg/parameter_reset_request.h
[1480.341s] -- Symlinking: /repo/ws/install/include/px4_msgs/px4_msgs/msg/parameter_set_used_request.h
[1480.354s] -- Symlinking: /repo/ws/install/include/px4_msgs/px4_msgs/msg/parameter_set_value_request.h
[1480.368s] -- Symlinking: /repo/ws/install/include/px4_msgs/px4_msgs/msg/parameter_set_value_response.h
[1480.382s] -- Symlinking: /repo/ws/install/include/px4_msgs/px4_msgs/msg/parameter_update.h
[1480.396s] -- Symlinking: /repo/ws/install/include/px4_msgs/px4_msgs/msg/ping.h
[1480.409s] -- Symlinking: /repo/ws/install/include/px4_msgs/px4_msgs/msg/position_controller_landing_status.h
[1480.423s] -- Symlinking: /repo/ws/install/include/px4_msgs/px4_msgs/msg/position_controller_status.h
[1480.435s] -- Symlinking: /repo/ws/install/include/px4_msgs/px4_msgs/msg/position_setpoint.h
[1480.449s] -- Symlinking: /repo/ws/install/include/px4_msgs/px4_msgs/msg/position_setpoint_triplet.h
[1480.463s] -- Symlinking: /repo/ws/install/include/px4_msgs/px4_msgs/msg/power_button_state.h
[1480.476s] -- Symlinking: /repo/ws/install/include/px4_msgs/px4_msgs/msg/power_monitor.h
[1480.490s] -- Symlinking: /repo/ws/install/include/px4_msgs/px4_msgs/msg/pps_capture.h
[1480.503s] -- Symlinking: /repo/ws/install/include/px4_msgs/px4_msgs/msg/pure_pursuit_status.h
[1480.517s] -- Symlinking: /repo/ws/install/include/px4_msgs/px4_msgs/msg/pwm_input.h
[1480.530s] -- Symlinking: /repo/ws/install/include/px4_msgs/px4_msgs/msg/px4io_status.h
[1480.543s] -- Symlinking: /repo/ws/install/include/px4_msgs/px4_msgs/msg/qshell_req.h
[1480.557s] -- Symlinking: /repo/ws/install/include/px4_msgs/px4_msgs/msg/qshell_retval.h
[1480.569s] -- Symlinking: /repo/ws/install/include/px4_msgs/px4_msgs/msg/radio_status.h
[1480.583s] -- Symlinking: /repo/ws/install/include/px4_msgs/px4_msgs/msg/raptor_input.h
[1480.597s] -- Symlinking: /repo/ws/install/include/px4_msgs/px4_msgs/msg/raptor_status.h
[1480.610s] -- Symlinking: /repo/ws/install/include/px4_msgs/px4_msgs/msg/rate_ctrl_status.h
[1480.623s] -- Symlinking: /repo/ws/install/include/px4_msgs/px4_msgs/msg/rc_channels.h
[1480.636s] -- Symlinking: /repo/ws/install/include/px4_msgs/px4_msgs/msg/rc_parameter_map.h
[1480.649s] -- Symlinking: /repo/ws/install/include/px4_msgs/px4_msgs/msg/register_ext_component_reply.h
[1480.663s] -- Symlinking: /repo/ws/install/include/px4_msgs/px4_msgs/msg/register_ext_component_request.h
[1480.677s] -- Symlinking: /repo/ws/install/include/px4_msgs/px4_msgs/msg/rosidl_generator_c__visibility_control.h
[1480.692s] -- Symlinking: /repo/ws/install/include/px4_msgs/px4_msgs/msg/rover_attitude_setpoint.h
[1480.708s] -- Symlinking: /repo/ws/install/include/px4_msgs/px4_msgs/msg/rover_attitude_status.h
[1480.718s] -- Symlinking: /repo/ws/install/include/px4_msgs/px4_msgs/msg/rover_position_setpoint.h
[1480.732s] -- Symlinking: /repo/ws/install/include/px4_msgs/px4_msgs/msg/rover_rate_setpoint.h
[1480.745s] -- Symlinking: /repo/ws/install/include/px4_msgs/px4_msgs/msg/rover_rate_status.h
[1480.760s] -- Symlinking: /repo/ws/install/include/px4_msgs/px4_msgs/msg/rover_speed_setpoint.h
[1480.773s] -- Symlinking: /repo/ws/install/include/px4_msgs/px4_msgs/msg/rover_speed_status.h
[1480.787s] -- Symlinking: /repo/ws/install/include/px4_msgs/px4_msgs/msg/rover_steering_setpoint.h
[1480.801s] -- Symlinking: /repo/ws/install/include/px4_msgs/px4_msgs/msg/rover_throttle_setpoint.h
[1480.814s] -- Symlinking: /repo/ws/install/include/px4_msgs/px4_msgs/msg/rpm.h
[1480.827s] -- Symlinking: /repo/ws/install/include/px4_msgs/px4_msgs/msg/rtl_status.h
[1480.840s] -- Symlinking: /repo/ws/install/include/px4_msgs/px4_msgs/msg/rtl_time_estimate.h
[1480.854s] -- Symlinking: /repo/ws/install/include/px4_msgs/px4_msgs/msg/satellite_info.h
[1480.867s] -- Symlinking: /repo/ws/install/include/px4_msgs/px4_msgs/msg/sensor_accel.h
[1480.881s] -- Symlinking: /repo/ws/install/include/px4_msgs/px4_msgs/msg/sensor_accel_fifo.h
[1480.894s] -- Symlinking: /repo/ws/install/include/px4_msgs/px4_msgs/msg/sensor_airflow.h
[1480.907s] -- Symlinking: /repo/ws/install/include/px4_msgs/px4_msgs/msg/sensor_baro.h
[1480.920s] -- Symlinking: /repo/ws/install/include/px4_msgs/px4_msgs/msg/sensor_combined.h
[1480.934s] -- Symlinking: /repo/ws/install/include/px4_msgs/px4_msgs/msg/sensor_correction.h
[1480.947s] -- Symlinking: /repo/ws/install/include/px4_msgs/px4_msgs/msg/sensor_gnss_relative.h
[1480.960s] -- Symlinking: /repo/ws/install/include/px4_msgs/px4_msgs/msg/sensor_gnss_status.h
[1480.974s] -- Symlinking: /repo/ws/install/include/px4_msgs/px4_msgs/msg/sensor_gps.h
[1480.989s] -- Symlinking: /repo/ws/install/include/px4_msgs/px4_msgs/msg/sensor_gyro.h
[1481.003s] -- Symlinking: /repo/ws/install/include/px4_msgs/px4_msgs/msg/sensor_gyro_fft.h
[1481.017s] -- Symlinking: /repo/ws/install/include/px4_msgs/px4_msgs/msg/sensor_gyro_fifo.h
[1481.031s] -- Symlinking: /repo/ws/install/include/px4_msgs/px4_msgs/msg/sensor_hygrometer.h
[1481.044s] -- Symlinking: /repo/ws/install/include/px4_msgs/px4_msgs/msg/sensor_mag.h
[1481.060s] -- Symlinking: /repo/ws/install/include/px4_msgs/px4_msgs/msg/sensor_optical_flow.h
[1481.075s] -- Symlinking: /repo/ws/install/include/px4_msgs/px4_msgs/msg/sensor_preflight_mag.h
[1481.090s] -- Symlinking: /repo/ws/install/include/px4_msgs/px4_msgs/msg/sensor_selection.h
[1481.105s] -- Symlinking: /repo/ws/install/include/px4_msgs/px4_msgs/msg/sensor_temp.h
[1481.119s] -- Symlinking: /repo/ws/install/include/px4_msgs/px4_msgs/msg/sensor_uwb.h
[1481.133s] -- Symlinking: /repo/ws/install/include/px4_msgs/px4_msgs/msg/sensors_status.h
[1481.146s] -- Symlinking: /repo/ws/install/include/px4_msgs/px4_msgs/msg/sensors_status_imu.h
[1481.160s] -- Symlinking: /repo/ws/install/include/px4_msgs/px4_msgs/msg/system_power.h
[1481.176s] -- Symlinking: /repo/ws/install/include/px4_msgs/px4_msgs/msg/takeoff_status.h
[1481.190s] -- Symlinking: /repo/ws/install/include/px4_msgs/px4_msgs/msg/task_stack_info.h
[1481.204s] -- Symlinking: /repo/ws/install/include/px4_msgs/px4_msgs/msg/tecs_status.h
[1481.218s] -- Symlinking: /repo/ws/install/include/px4_msgs/px4_msgs/msg/telemetry_status.h
[1481.231s] -- Symlinking: /repo/ws/install/include/px4_msgs/px4_msgs/msg/tiltrotor_extra_controls.h
[1481.244s] -- Symlinking: /repo/ws/install/include/px4_msgs/px4_msgs/msg/timesync_status.h
[1481.258s] -- Symlinking: /repo/ws/install/include/px4_msgs/px4_msgs/msg/trajectory_setpoint.h
[1481.272s] -- Symlinking: /repo/ws/install/include/px4_msgs/px4_msgs/msg/trajectory_setpoint6dof.h
[1481.284s] -- Symlinking: /repo/ws/install/include/px4_msgs/px4_msgs/msg/transponder_report.h
[1481.299s] -- Symlinking: /repo/ws/install/include/px4_msgs/px4_msgs/msg/tune_control.h
[1481.312s] -- Symlinking: /repo/ws/install/include/px4_msgs/px4_msgs/msg/uavcan_parameter_request.h
[1481.326s] -- Symlinking: /repo/ws/install/include/px4_msgs/px4_msgs/msg/uavcan_parameter_value.h
[1481.339s] -- Symlinking: /repo/ws/install/include/px4_msgs/px4_msgs/msg/ulog_stream.h
[1481.353s] -- Symlinking: /repo/ws/install/include/px4_msgs/px4_msgs/msg/ulog_stream_ack.h
[1481.366s] -- Symlinking: /repo/ws/install/include/px4_msgs/px4_msgs/msg/unregister_ext_component.h
[1481.382s] -- Symlinking: /repo/ws/install/include/px4_msgs/px4_msgs/msg/vehicle_acceleration.h
[1481.393s] -- Symlinking: /repo/ws/install/include/px4_msgs/px4_msgs/msg/vehicle_air_data.h
[1481.407s] -- Symlinking: /repo/ws/install/include/px4_msgs/px4_msgs/msg/vehicle_angular_acceleration_setpoint.h
[1481.420s] -- Symlinking: /repo/ws/install/include/px4_msgs/px4_msgs/msg/vehicle_angular_velocity.h
[1481.434s] -- Symlinking: /repo/ws/install/include/px4_msgs/px4_msgs/msg/vehicle_attitude.h
[1481.447s] -- Symlinking: /repo/ws/install/include/px4_msgs/px4_msgs/msg/vehicle_attitude_setpoint.h
[1481.461s] -- Symlinking: /repo/ws/install/include/px4_msgs/px4_msgs/msg/vehicle_command.h
[1481.474s] -- Symlinking: /repo/ws/install/include/px4_msgs/px4_msgs/msg/vehicle_command_ack.h
[1481.491s] -- Symlinking: /repo/ws/install/include/px4_msgs/px4_msgs/msg/vehicle_constraints.h
[1481.502s] -- Symlinking: /repo/ws/install/include/px4_msgs/px4_msgs/msg/vehicle_control_mode.h
[1481.517s] -- Symlinking: /repo/ws/install/include/px4_msgs/px4_msgs/msg/vehicle_global_position.h
[1481.539s] -- Symlinking: /repo/ws/install/include/px4_msgs/px4_msgs/msg/vehicle_imu.h
[1481.553s] -- Symlinking: /repo/ws/install/include/px4_msgs/px4_msgs/msg/vehicle_imu_status.h
[1481.568s] -- Symlinking: /repo/ws/install/include/px4_msgs/px4_msgs/msg/vehicle_land_detected.h
[1481.587s] -- Symlinking: /repo/ws/install/include/px4_msgs/px4_msgs/msg/vehicle_local_position.h
[1481.601s] -- Symlinking: /repo/ws/install/include/px4_msgs/px4_msgs/msg/vehicle_local_position_setpoint.h
[1481.614s] -- Symlinking: /repo/ws/install/include/px4_msgs/px4_msgs/msg/vehicle_magnetometer.h
[1481.628s] -- Symlinking: /repo/ws/install/include/px4_msgs/px4_msgs/msg/vehicle_odometry.h
[1481.641s] -- Symlinking: /repo/ws/install/include/px4_msgs/px4_msgs/msg/vehicle_optical_flow.h
[1481.655s] -- Symlinking: /repo/ws/install/include/px4_msgs/px4_msgs/msg/vehicle_optical_flow_vel.h
[1481.669s] -- Symlinking: /repo/ws/install/include/px4_msgs/px4_msgs/msg/vehicle_rates_setpoint.h
[1481.683s] -- Symlinking: /repo/ws/install/include/px4_msgs/px4_msgs/msg/vehicle_roi.h
[1481.698s] -- Symlinking: /repo/ws/install/include/px4_msgs/px4_msgs/msg/vehicle_status.h
[1481.711s] -- Symlinking: /repo/ws/install/include/px4_msgs/px4_msgs/msg/vehicle_thrust_setpoint.h
[1481.725s] -- Symlinking: /repo/ws/install/include/px4_msgs/px4_msgs/msg/vehicle_torque_setpoint.h
[1481.738s] -- Symlinking: /repo/ws/install/include/px4_msgs/px4_msgs/msg/velocity_limits.h
[1481.751s] -- Symlinking: /repo/ws/install/include/px4_msgs/px4_msgs/msg/vtol_vehicle_status.h
[1481.766s] -- Symlinking: /repo/ws/install/include/px4_msgs/px4_msgs/msg/vtx.h
[1481.779s] -- Symlinking: /repo/ws/install/include/px4_msgs/px4_msgs/msg/wheel_encoders.h
[1481.793s] -- Symlinking: /repo/ws/install/include/px4_msgs/px4_msgs/msg/wind.h
[1481.806s] -- Symlinking: /repo/ws/install/include/px4_msgs/px4_msgs/msg/yaw_estimator_status.h
[1481.820s] -- Symlinking: /repo/ws/install/include/px4_msgs/px4_msgs/srv/detail/vehicle_command__functions.h
[1481.833s] -- Symlinking: /repo/ws/install/include/px4_msgs/px4_msgs/srv/detail/vehicle_command__struct.h
[1481.847s] -- Symlinking: /repo/ws/install/include/px4_msgs/px4_msgs/srv/detail/vehicle_command__type_support.h
[1481.861s] -- Symlinking: /repo/ws/install/include/px4_msgs/px4_msgs/srv/vehicle_command.h
[1481.876s] -- Symlinking: /repo/ws/install/share/px4_msgs/environment/library_path.sh
[1481.891s] -- Symlinking: /repo/ws/install/share/px4_msgs/environment/library_path.dsv
[1481.918s] -- Symlinking: /repo/ws/install/include/px4_msgs/px4_msgs/msg/detail/action_request__rosidl_typesupport_fastrtps_c.h
[1481.931s] -- Symlinking: /repo/ws/install/include/px4_msgs/px4_msgs/msg/detail/actuator_armed__rosidl_typesupport_fastrtps_c.h
[1481.945s] -- Symlinking: /repo/ws/install/include/px4_msgs/px4_msgs/msg/detail/actuator_controls_status__rosidl_typesupport_fastrtps_c.h
[1481.958s] -- Symlinking: /repo/ws/install/include/px4_msgs/px4_msgs/msg/detail/actuator_motors__rosidl_typesupport_fastrtps_c.h
[1481.973s] -- Symlinking: /repo/ws/install/include/px4_msgs/px4_msgs/msg/detail/actuator_outputs__rosidl_typesupport_fastrtps_c.h
[1481.988s] -- Symlinking: /repo/ws/install/include/px4_msgs/px4_msgs/msg/detail/actuator_servos__rosidl_typesupport_fastrtps_c.h
[1482.002s] -- Symlinking: /repo/ws/install/include/px4_msgs/px4_msgs/msg/detail/actuator_servos_trim__rosidl_typesupport_fastrtps_c.h
[1482.015s] -- Symlinking: /repo/ws/install/include/px4_msgs/px4_msgs/msg/detail/actuator_test__rosidl_typesupport_fastrtps_c.h
[1482.029s] -- Symlinking: /repo/ws/install/include/px4_msgs/px4_msgs/msg/detail/adc_report__rosidl_typesupport_fastrtps_c.h
[1482.042s] -- Symlinking: /repo/ws/install/include/px4_msgs/px4_msgs/msg/detail/airspeed__rosidl_typesupport_fastrtps_c.h
[1482.055s] -- Symlinking: /repo/ws/install/include/px4_msgs/px4_msgs/msg/detail/airspeed_validated__rosidl_typesupport_fastrtps_c.h
[1482.069s] -- Symlinking: /repo/ws/install/include/px4_msgs/px4_msgs/msg/detail/airspeed_wind__rosidl_typesupport_fastrtps_c.h
[1482.084s] -- Symlinking: /repo/ws/install/include/px4_msgs/px4_msgs/msg/detail/arming_check_reply__rosidl_typesupport_fastrtps_c.h
[1482.099s] -- Symlinking: /repo/ws/install/include/px4_msgs/px4_msgs/msg/detail/arming_check_request__rosidl_typesupport_fastrtps_c.h
[1482.112s] -- Symlinking: /repo/ws/install/include/px4_msgs/px4_msgs/msg/detail/autotune_attitude_control_status__rosidl_typesupport_fastrtps_c.h
[1482.129s] -- Symlinking: /repo/ws/install/include/px4_msgs/px4_msgs/msg/detail/battery_info__rosidl_typesupport_fastrtps_c.h
[1482.139s] -- Symlinking: /repo/ws/install/include/px4_msgs/px4_msgs/msg/detail/battery_status__rosidl_typesupport_fastrtps_c.h
[1482.153s] -- Symlinking: /repo/ws/install/include/px4_msgs/px4_msgs/msg/detail/button_event__rosidl_typesupport_fastrtps_c.h
[1482.167s] -- Symlinking: /repo/ws/install/include/px4_msgs/px4_msgs/msg/detail/camera_capture__rosidl_typesupport_fastrtps_c.h
[1482.182s] -- Symlinking: /repo/ws/install/include/px4_msgs/px4_msgs/msg/detail/camera_status__rosidl_typesupport_fastrtps_c.h
[1482.196s] -- Symlinking: /repo/ws/install/include/px4_msgs/px4_msgs/msg/detail/camera_trigger__rosidl_typesupport_fastrtps_c.h
[1482.211s] -- Symlinking: /repo/ws/install/include/px4_msgs/px4_msgs/msg/detail/can_interface_status__rosidl_typesupport_fastrtps_c.h
[1482.225s] -- Symlinking: /repo/ws/install/include/px4_msgs/px4_msgs/msg/detail/cellular_status__rosidl_typesupport_fastrtps_c.h
[1482.239s] -- Symlinking: /repo/ws/install/include/px4_msgs/px4_msgs/msg/detail/collision_constraints__rosidl_typesupport_fastrtps_c.h
[1482.252s] -- Symlinking: /repo/ws/install/include/px4_msgs/px4_msgs/msg/detail/config_overrides__rosidl_typesupport_fastrtps_c.h
[1482.266s] -- Symlinking: /repo/ws/install/include/px4_msgs/px4_msgs/msg/detail/control_allocator_status__rosidl_typesupport_fastrtps_c.h
[1482.280s] -- Symlinking: /repo/ws/install/include/px4_msgs/px4_msgs/msg/detail/cpuload__rosidl_typesupport_fastrtps_c.h
[1482.295s] -- Symlinking: /repo/ws/install/include/px4_msgs/px4_msgs/msg/detail/dataman_request__rosidl_typesupport_fastrtps_c.h
[1482.309s] -- Symlinking: /repo/ws/install/include/px4_msgs/px4_msgs/msg/detail/dataman_response__rosidl_typesupport_fastrtps_c.h
[1482.323s] -- Symlinking: /repo/ws/install/include/px4_msgs/px4_msgs/msg/detail/debug_array__rosidl_typesupport_fastrtps_c.h
[1482.337s] -- Symlinking: /repo/ws/install/include/px4_msgs/px4_msgs/msg/detail/debug_key_value__rosidl_typesupport_fastrtps_c.h
[1482.350s] -- Symlinking: /repo/ws/install/include/px4_msgs/px4_msgs/msg/detail/debug_value__rosidl_typesupport_fastrtps_c.h
[1482.364s] -- Symlinking: /repo/ws/install/include/px4_msgs/px4_msgs/msg/detail/debug_vect__rosidl_typesupport_fastrtps_c.h
[1482.379s] -- Symlinking: /repo/ws/install/include/px4_msgs/px4_msgs/msg/detail/device_information__rosidl_typesupport_fastrtps_c.h
[1482.394s] -- Symlinking: /repo/ws/install/include/px4_msgs/px4_msgs/msg/detail/differential_pressure__rosidl_typesupport_fastrtps_c.h
[1482.407s] -- Symlinking: /repo/ws/install/include/px4_msgs/px4_msgs/msg/detail/distance_sensor__rosidl_typesupport_fastrtps_c.h
[1482.425s] -- Symlinking: /repo/ws/install/include/px4_msgs/px4_msgs/msg/detail/distance_sensor_mode_change_request__rosidl_typesupport_fastrtps_c.h
[1482.435s] -- Symlinking: /repo/ws/install/include/px4_msgs/px4_msgs/msg/detail/dronecan_node_status__rosidl_typesupport_fastrtps_c.h
[1482.449s] -- Symlinking: /repo/ws/install/include/px4_msgs/px4_msgs/msg/detail/ekf2_timestamps__rosidl_typesupport_fastrtps_c.h
[1482.463s] -- Symlinking: /repo/ws/install/include/px4_msgs/px4_msgs/msg/detail/esc_report__rosidl_typesupport_fastrtps_c.h
[1482.478s] -- Symlinking: /repo/ws/install/include/px4_msgs/px4_msgs/msg/detail/esc_status__rosidl_typesupport_fastrtps_c.h
[1482.492s] -- Symlinking: /repo/ws/install/include/px4_msgs/px4_msgs/msg/detail/estimator_aid_source1d__rosidl_typesupport_fastrtps_c.h
[1482.507s] -- Symlinking: /repo/ws/install/include/px4_msgs/px4_msgs/msg/detail/estimator_aid_source2d__rosidl_typesupport_fastrtps_c.h
[1482.520s] -- Symlinking: /repo/ws/install/include/px4_msgs/px4_msgs/msg/detail/estimator_aid_source3d__rosidl_typesupport_fastrtps_c.h
[1482.534s] -- Symlinking: /repo/ws/install/include/px4_msgs/px4_msgs/msg/detail/estimator_bias3d__rosidl_typesupport_fastrtps_c.h
[1482.547s] -- Symlinking: /repo/ws/install/include/px4_msgs/px4_msgs/msg/detail/estimator_bias__rosidl_typesupport_fastrtps_c.h
[1482.560s] -- Symlinking: /repo/ws/install/include/px4_msgs/px4_msgs/msg/detail/estimator_event_flags__rosidl_typesupport_fastrtps_c.h
[1482.575s] -- Symlinking: /repo/ws/install/include/px4_msgs/px4_msgs/msg/detail/estimator_gps_status__rosidl_typesupport_fastrtps_c.h
[1482.589s] -- Symlinking: /repo/ws/install/include/px4_msgs/px4_msgs/msg/detail/estimator_innovations__rosidl_typesupport_fastrtps_c.h
[1482.604s] -- Symlinking: /repo/ws/install/include/px4_msgs/px4_msgs/msg/detail/estimator_selector_status__rosidl_typesupport_fastrtps_c.h
[1482.618s] -- Symlinking: /repo/ws/install/include/px4_msgs/px4_msgs/msg/detail/estimator_sensor_bias__rosidl_typesupport_fastrtps_c.h
[1482.632s] -- Symlinking: /repo/ws/install/include/px4_msgs/px4_msgs/msg/detail/estimator_states__rosidl_typesupport_fastrtps_c.h
[1482.646s] -- Symlinking: /repo/ws/install/include/px4_msgs/px4_msgs/msg/detail/estimator_status__rosidl_typesupport_fastrtps_c.h
[1482.659s] -- Symlinking: /repo/ws/install/include/px4_msgs/px4_msgs/msg/detail/estimator_status_flags__rosidl_typesupport_fastrtps_c.h
[1482.673s] -- Symlinking: /repo/ws/install/include/px4_msgs/px4_msgs/msg/detail/event__rosidl_typesupport_fastrtps_c.h
[1482.688s] -- Symlinking: /repo/ws/install/include/px4_msgs/px4_msgs/msg/detail/failsafe_flags__rosidl_typesupport_fastrtps_c.h
[1482.703s] -- Symlinking: /repo/ws/install/include/px4_msgs/px4_msgs/msg/detail/failure_detector_status__rosidl_typesupport_fastrtps_c.h
[1482.717s] -- Symlinking: /repo/ws/install/include/px4_msgs/px4_msgs/msg/detail/figure_eight_status__rosidl_typesupport_fastrtps_c.h
[1482.730s] -- Symlinking: /repo/ws/install/include/px4_msgs/px4_msgs/msg/detail/fixed_wing_lateral_guidance_status__rosidl_typesupport_fastrtps_c.h
[1482.743s] -- Symlinking: /repo/ws/install/include/px4_msgs/px4_msgs/msg/detail/fixed_wing_lateral_setpoint__rosidl_typesupport_fastrtps_c.h
[1482.757s] -- Symlinking: /repo/ws/install/include/px4_msgs/px4_msgs/msg/detail/fixed_wing_lateral_status__rosidl_typesupport_fastrtps_c.h
[1482.771s] -- Symlinking: /repo/ws/install/include/px4_msgs/px4_msgs/msg/detail/fixed_wing_longitudinal_setpoint__rosidl_typesupport_fastrtps_c.h
[1482.785s] -- Symlinking: /repo/ws/install/include/px4_msgs/px4_msgs/msg/detail/fixed_wing_runway_control__rosidl_typesupport_fastrtps_c.h
[1482.801s] -- Symlinking: /repo/ws/install/include/px4_msgs/px4_msgs/msg/detail/flight_phase_estimation__rosidl_typesupport_fastrtps_c.h
[1482.814s] -- Symlinking: /repo/ws/install/include/px4_msgs/px4_msgs/msg/detail/follow_target__rosidl_typesupport_fastrtps_c.h
[1482.828s] -- Symlinking: /repo/ws/install/include/px4_msgs/px4_msgs/msg/detail/follow_target_estimator__rosidl_typesupport_fastrtps_c.h
[1482.848s] -- Symlinking: /repo/ws/install/include/px4_msgs/px4_msgs/msg/detail/follow_target_status__rosidl_typesupport_fastrtps_c.h
[1482.864s] -- Symlinking: /repo/ws/install/include/px4_msgs/px4_msgs/msg/detail/fuel_tank_status__rosidl_typesupport_fastrtps_c.h
[1482.887s] -- Symlinking: /repo/ws/install/include/px4_msgs/px4_msgs/msg/detail/gain_compression__rosidl_typesupport_fastrtps_c.h
[1482.912s] -- Symlinking: /repo/ws/install/include/px4_msgs/px4_msgs/msg/detail/generator_status__rosidl_typesupport_fastrtps_c.h
[1482.933s] -- Symlinking: /repo/ws/install/include/px4_msgs/px4_msgs/msg/detail/geofence_result__rosidl_typesupport_fastrtps_c.h
[1482.945s] -- Symlinking: /repo/ws/install/include/px4_msgs/px4_msgs/msg/detail/geofence_status__rosidl_typesupport_fastrtps_c.h
[1482.958s] -- Symlinking: /repo/ws/install/include/px4_msgs/px4_msgs/msg/detail/gimbal_controls__rosidl_typesupport_fastrtps_c.h
[1482.972s] -- Symlinking: /repo/ws/install/include/px4_msgs/px4_msgs/msg/detail/gimbal_device_attitude_status__rosidl_typesupport_fastrtps_c.h
[1482.988s] -- Symlinking: /repo/ws/install/include/px4_msgs/px4_msgs/msg/detail/gimbal_device_information__rosidl_typesupport_fastrtps_c.h
[1483.000s] -- Symlinking: /repo/ws/install/include/px4_msgs/px4_msgs/msg/detail/gimbal_device_set_attitude__rosidl_typesupport_fastrtps_c.h
[1483.014s] -- Symlinking: /repo/ws/install/include/px4_msgs/px4_msgs/msg/detail/gimbal_manager_information__rosidl_typesupport_fastrtps_c.h
[1483.027s] -- Symlinking: /repo/ws/install/include/px4_msgs/px4_msgs/msg/detail/gimbal_manager_set_attitude__rosidl_typesupport_fastrtps_c.h
[1483.040s] -- Symlinking: /repo/ws/install/include/px4_msgs/px4_msgs/msg/detail/gimbal_manager_set_manual_control__rosidl_typesupport_fastrtps_c.h
[1483.054s] -- Symlinking: /repo/ws/install/include/px4_msgs/px4_msgs/msg/detail/gimbal_manager_status__rosidl_typesupport_fastrtps_c.h
[1483.074s] -- Symlinking: /repo/ws/install/include/px4_msgs/px4_msgs/msg/detail/goto_setpoint__rosidl_typesupport_fastrtps_c.h
[1483.101s] -- Symlinking: /repo/ws/install/include/px4_msgs/px4_msgs/msg/detail/gpio_config__rosidl_typesupport_fastrtps_c.h
[1483.128s] -- Symlinking: /repo/ws/install/include/px4_msgs/px4_msgs/msg/detail/gpio_in__rosidl_typesupport_fastrtps_c.h
[1483.155s] -- Symlinking: /repo/ws/install/include/px4_msgs/px4_msgs/msg/detail/gpio_out__rosidl_typesupport_fastrtps_c.h
[1483.177s] -- Symlinking: /repo/ws/install/include/px4_msgs/px4_msgs/msg/detail/gpio_request__rosidl_typesupport_fastrtps_c.h
[1483.189s] -- Symlinking: /repo/ws/install/include/px4_msgs/px4_msgs/msg/detail/gps_dump__rosidl_typesupport_fastrtps_c.h
[1483.213s] -- Symlinking: /repo/ws/install/include/px4_msgs/px4_msgs/msg/detail/gps_inject_data__rosidl_typesupport_fastrtps_c.h
[1483.235s] -- Symlinking: /repo/ws/install/include/px4_msgs/px4_msgs/msg/detail/gripper__rosidl_typesupport_fastrtps_c.h
[1483.251s] -- Symlinking: /repo/ws/install/include/px4_msgs/px4_msgs/msg/detail/health_report__rosidl_typesupport_fastrtps_c.h
[1483.265s] -- Symlinking: /repo/ws/install/include/px4_msgs/px4_msgs/msg/detail/heater_status__rosidl_typesupport_fastrtps_c.h
[1483.279s] -- Symlinking: /repo/ws/install/include/px4_msgs/px4_msgs/msg/detail/home_position__rosidl_typesupport_fastrtps_c.h
[1483.320s] -- Symlinking: /repo/ws/install/include/px4_msgs/px4_msgs/msg/detail/hover_thrust_estimate__rosidl_typesupport_fastrtps_c.h
[1483.348s] -- Symlinking: /repo/ws/install/include/px4_msgs/px4_msgs/msg/detail/input_rc__rosidl_typesupport_fastrtps_c.h
[1483.373s] -- Symlinking: /repo/ws/install/include/px4_msgs/px4_msgs/msg/detail/internal_combustion_engine_control__rosidl_typesupport_fastrtps_c.h
[1483.401s] -- Symlinking: /repo/ws/install/include/px4_msgs/px4_msgs/msg/detail/internal_combustion_engine_status__rosidl_typesupport_fastrtps_c.h
[1483.426s] -- Symlinking: /repo/ws/install/include/px4_msgs/px4_msgs/msg/detail/iridiumsbd_status__rosidl_typesupport_fastrtps_c.h
[1483.452s] -- Symlinking: /repo/ws/install/include/px4_msgs/px4_msgs/msg/detail/irlock_report__rosidl_typesupport_fastrtps_c.h
[1483.481s] -- Symlinking: /repo/ws/install/include/px4_msgs/px4_msgs/msg/detail/landing_gear__rosidl_typesupport_fastrtps_c.h
[1483.508s] -- Symlinking: /repo/ws/install/include/px4_msgs/px4_msgs/msg/detail/landing_gear_wheel__rosidl_typesupport_fastrtps_c.h
[1483.537s] -- Symlinking: /repo/ws/install/include/px4_msgs/px4_msgs/msg/detail/landing_target_innovations__rosidl_typesupport_fastrtps_c.h
[1483.577s] -- Symlinking: /repo/ws/install/include/px4_msgs/px4_msgs/msg/detail/landing_target_pose__rosidl_typesupport_fastrtps_c.h
[1483.609s] -- Symlinking: /repo/ws/install/include/px4_msgs/px4_msgs/msg/detail/lateral_control_configuration__rosidl_typesupport_fastrtps_c.h
[1483.637s] -- Symlinking: /repo/ws/install/include/px4_msgs/px4_msgs/msg/detail/launch_detection_status__rosidl_typesupport_fastrtps_c.h
[1483.664s] -- Symlinking: /repo/ws/install/include/px4_msgs/px4_msgs/msg/detail/led_control__rosidl_typesupport_fastrtps_c.h
[1483.691s] -- Symlinking: /repo/ws/install/include/px4_msgs/px4_msgs/msg/detail/log_message__rosidl_typesupport_fastrtps_c.h
[1483.719s] -- Symlinking: /repo/ws/install/include/px4_msgs/px4_msgs/msg/detail/logger_status__rosidl_typesupport_fastrtps_c.h
[1483.737s] -- Symlinking: /repo/ws/install/include/px4_msgs/px4_msgs/msg/detail/longitudinal_control_configuration__rosidl_typesupport_fastrtps_c.h
[1483.764s] -- Symlinking: /repo/ws/install/include/px4_msgs/px4_msgs/msg/detail/mag_worker_data__rosidl_typesupport_fastrtps_c.h
[1483.794s] -- Symlinking: /repo/ws/install/include/px4_msgs/px4_msgs/msg/detail/magnetometer_bias_estimate__rosidl_typesupport_fastrtps_c.h
[1483.817s] -- Symlinking: /repo/ws/install/include/px4_msgs/px4_msgs/msg/detail/manual_control_setpoint__rosidl_typesupport_fastrtps_c.h
[1483.846s] -- Symlinking: /repo/ws/install/include/px4_msgs/px4_msgs/msg/detail/manual_control_switches__rosidl_typesupport_fastrtps_c.h
[1483.870s] -- Symlinking: /repo/ws/install/include/px4_msgs/px4_msgs/msg/detail/mavlink_log__rosidl_typesupport_fastrtps_c.h
[1483.896s] -- Symlinking: /repo/ws/install/include/px4_msgs/px4_msgs/msg/detail/mavlink_tunnel__rosidl_typesupport_fastrtps_c.h
[1483.924s] -- Symlinking: /repo/ws/install/include/px4_msgs/px4_msgs/msg/detail/message_format_request__rosidl_typesupport_fastrtps_c.h
[1483.951s] -- Symlinking: /repo/ws/install/include/px4_msgs/px4_msgs/msg/detail/message_format_response__rosidl_typesupport_fastrtps_c.h
[1483.975s] -- Symlinking: /repo/ws/install/include/px4_msgs/px4_msgs/msg/detail/mission__rosidl_typesupport_fastrtps_c.h
[1483.999s] -- Symlinking: /repo/ws/install/include/px4_msgs/px4_msgs/msg/detail/mission_result__rosidl_typesupport_fastrtps_c.h
[1484.026s] -- Symlinking: /repo/ws/install/include/px4_msgs/px4_msgs/msg/detail/mode_completed__rosidl_typesupport_fastrtps_c.h
[1484.054s] -- Symlinking: /repo/ws/install/include/px4_msgs/px4_msgs/msg/detail/mount_orientation__rosidl_typesupport_fastrtps_c.h
[1484.081s] -- Symlinking: /repo/ws/install/include/px4_msgs/px4_msgs/msg/detail/navigator_mission_item__rosidl_typesupport_fastrtps_c.h
[1484.097s] -- Symlinking: /repo/ws/install/include/px4_msgs/px4_msgs/msg/detail/navigator_status__rosidl_typesupport_fastrtps_c.h
[1484.121s] -- Symlinking: /repo/ws/install/include/px4_msgs/px4_msgs/msg/detail/neural_control__rosidl_typesupport_fastrtps_c.h
[1484.149s] -- Symlinking: /repo/ws/install/include/px4_msgs/px4_msgs/msg/detail/normalized_unsigned_setpoint__rosidl_typesupport_fastrtps_c.h
[1484.175s] -- Symlinking: /repo/ws/install/include/px4_msgs/px4_msgs/msg/detail/obstacle_distance__rosidl_typesupport_fastrtps_c.h
[1484.203s] -- Symlinking: /repo/ws/install/include/px4_msgs/px4_msgs/msg/detail/offboard_control_mode__rosidl_typesupport_fastrtps_c.h
[1484.232s] -- Symlinking: /repo/ws/install/include/px4_msgs/px4_msgs/msg/detail/onboard_computer_status__rosidl_typesupport_fastrtps_c.h
[1484.261s] -- Symlinking: /repo/ws/install/include/px4_msgs/px4_msgs/msg/detail/open_drone_id_arm_status__rosidl_typesupport_fastrtps_c.h
[1484.287s] -- Symlinking: /repo/ws/install/include/px4_msgs/px4_msgs/msg/detail/open_drone_id_operator_id__rosidl_typesupport_fastrtps_c.h
[1484.310s] -- Symlinking: /repo/ws/install/include/px4_msgs/px4_msgs/msg/detail/open_drone_id_self_id__rosidl_typesupport_fastrtps_c.h
[1484.325s] -- Symlinking: /repo/ws/install/include/px4_msgs/px4_msgs/msg/detail/open_drone_id_system__rosidl_typesupport_fastrtps_c.h
[1484.352s] -- Symlinking: /repo/ws/install/include/px4_msgs/px4_msgs/msg/detail/orb_test__rosidl_typesupport_fastrtps_c.h
[1484.377s] -- Symlinking: /repo/ws/install/include/px4_msgs/px4_msgs/msg/detail/orb_test_large__rosidl_typesupport_fastrtps_c.h
[1484.409s] -- Symlinking: /repo/ws/install/include/px4_msgs/px4_msgs/msg/detail/orb_test_medium__rosidl_typesupport_fastrtps_c.h
[1484.436s] -- Symlinking: /repo/ws/install/include/px4_msgs/px4_msgs/msg/detail/orbit_status__rosidl_typesupport_fastrtps_c.h
[1484.461s] -- Symlinking: /repo/ws/install/include/px4_msgs/px4_msgs/msg/detail/parameter_reset_request__rosidl_typesupport_fastrtps_c.h
[1484.489s] -- Symlinking: /repo/ws/install/include/px4_msgs/px4_msgs/msg/detail/parameter_set_used_request__rosidl_typesupport_fastrtps_c.h
[1484.516s] -- Symlinking: /repo/ws/install/include/px4_msgs/px4_msgs/msg/detail/parameter_set_value_request__rosidl_typesupport_fastrtps_c.h
[1484.542s] -- Symlinking: /repo/ws/install/include/px4_msgs/px4_msgs/msg/detail/parameter_set_value_response__rosidl_typesupport_fastrtps_c.h
[1484.569s] -- Symlinking: /repo/ws/install/include/px4_msgs/px4_msgs/msg/detail/parameter_update__rosidl_typesupport_fastrtps_c.h
[1484.598s] -- Symlinking: /repo/ws/install/include/px4_msgs/px4_msgs/msg/detail/ping__rosidl_typesupport_fastrtps_c.h
[1484.628s] -- Symlinking: /repo/ws/install/include/px4_msgs/px4_msgs/msg/detail/position_controller_landing_status__rosidl_typesupport_fastrtps_c.h
[1484.658s] -- Symlinking: /repo/ws/install/include/px4_msgs/px4_msgs/msg/detail/position_controller_status__rosidl_typesupport_fastrtps_c.h
[1484.686s] -- Symlinking: /repo/ws/install/include/px4_msgs/px4_msgs/msg/detail/position_setpoint__rosidl_typesupport_fastrtps_c.h
[1484.713s] -- Symlinking: /repo/ws/install/include/px4_msgs/px4_msgs/msg/detail/position_setpoint_triplet__rosidl_typesupport_fastrtps_c.h
[1484.741s] -- Symlinking: /repo/ws/install/include/px4_msgs/px4_msgs/msg/detail/power_button_state__rosidl_typesupport_fastrtps_c.h
[1484.772s] -- Symlinking: /repo/ws/install/include/px4_msgs/px4_msgs/msg/detail/power_monitor__rosidl_typesupport_fastrtps_c.h
[1484.797s] -- Symlinking: /repo/ws/install/include/px4_msgs/px4_msgs/msg/detail/pps_capture__rosidl_typesupport_fastrtps_c.h
[1484.825s] -- Symlinking: /repo/ws/install/include/px4_msgs/px4_msgs/msg/detail/pure_pursuit_status__rosidl_typesupport_fastrtps_c.h
[1484.852s] -- Symlinking: /repo/ws/install/include/px4_msgs/px4_msgs/msg/detail/pwm_input__rosidl_typesupport_fastrtps_c.h
[1484.881s] -- Symlinking: /repo/ws/install/include/px4_msgs/px4_msgs/msg/detail/px4io_status__rosidl_typesupport_fastrtps_c.h
[1484.907s] -- Symlinking: /repo/ws/install/include/px4_msgs/px4_msgs/msg/detail/qshell_req__rosidl_typesupport_fastrtps_c.h
[1484.930s] -- Symlinking: /repo/ws/install/include/px4_msgs/px4_msgs/msg/detail/qshell_retval__rosidl_typesupport_fastrtps_c.h
[1484.943s] -- Symlinking: /repo/ws/install/include/px4_msgs/px4_msgs/msg/detail/radio_status__rosidl_typesupport_fastrtps_c.h
[1484.956s] -- Symlinking: /repo/ws/install/include/px4_msgs/px4_msgs/msg/detail/raptor_input__rosidl_typesupport_fastrtps_c.h
[1484.971s] -- Symlinking: /repo/ws/install/include/px4_msgs/px4_msgs/msg/detail/raptor_status__rosidl_typesupport_fastrtps_c.h
[1484.982s] -- Symlinking: /repo/ws/install/include/px4_msgs/px4_msgs/msg/detail/rate_ctrl_status__rosidl_typesupport_fastrtps_c.h
[1484.995s] -- Symlinking: /repo/ws/install/include/px4_msgs/px4_msgs/msg/detail/rc_channels__rosidl_typesupport_fastrtps_c.h
[1485.009s] -- Symlinking: /repo/ws/install/include/px4_msgs/px4_msgs/msg/detail/rc_parameter_map__rosidl_typesupport_fastrtps_c.h
[1485.034s] -- Symlinking: /repo/ws/install/include/px4_msgs/px4_msgs/msg/detail/register_ext_component_reply__rosidl_typesupport_fastrtps_c.h
[1485.057s] -- Symlinking: /repo/ws/install/include/px4_msgs/px4_msgs/msg/detail/register_ext_component_request__rosidl_typesupport_fastrtps_c.h
[1485.080s] -- Symlinking: /repo/ws/install/include/px4_msgs/px4_msgs/msg/detail/rover_attitude_setpoint__rosidl_typesupport_fastrtps_c.h
[1485.095s] -- Symlinking: /repo/ws/install/include/px4_msgs/px4_msgs/msg/detail/rover_attitude_status__rosidl_typesupport_fastrtps_c.h
[1485.125s] -- Symlinking: /repo/ws/install/include/px4_msgs/px4_msgs/msg/detail/rover_position_setpoint__rosidl_typesupport_fastrtps_c.h
[1485.140s] -- Symlinking: /repo/ws/install/include/px4_msgs/px4_msgs/msg/detail/rover_rate_setpoint__rosidl_typesupport_fastrtps_c.h
[1485.148s] -- Symlinking: /repo/ws/install/include/px4_msgs/px4_msgs/msg/detail/rover_rate_status__rosidl_typesupport_fastrtps_c.h
[1485.164s] -- Symlinking: /repo/ws/install/include/px4_msgs/px4_msgs/msg/detail/rover_speed_setpoint__rosidl_typesupport_fastrtps_c.h
[1485.175s] -- Symlinking: /repo/ws/install/include/px4_msgs/px4_msgs/msg/detail/rover_speed_status__rosidl_typesupport_fastrtps_c.h
[1485.188s] -- Symlinking: /repo/ws/install/include/px4_msgs/px4_msgs/msg/detail/rover_steering_setpoint__rosidl_typesupport_fastrtps_c.h
[1485.201s] -- Symlinking: /repo/ws/install/include/px4_msgs/px4_msgs/msg/detail/rover_throttle_setpoint__rosidl_typesupport_fastrtps_c.h
[1485.214s] -- Symlinking: /repo/ws/install/include/px4_msgs/px4_msgs/msg/detail/rpm__rosidl_typesupport_fastrtps_c.h
[1485.227s] -- Symlinking: /repo/ws/install/include/px4_msgs/px4_msgs/msg/detail/rtl_status__rosidl_typesupport_fastrtps_c.h
[1485.243s] -- Symlinking: /repo/ws/install/include/px4_msgs/px4_msgs/msg/detail/rtl_time_estimate__rosidl_typesupport_fastrtps_c.h
[1485.254s] -- Symlinking: /repo/ws/install/include/px4_msgs/px4_msgs/msg/detail/satellite_info__rosidl_typesupport_fastrtps_c.h
[1485.267s] -- Symlinking: /repo/ws/install/include/px4_msgs/px4_msgs/msg/detail/sensor_accel__rosidl_typesupport_fastrtps_c.h
[1485.289s] -- Symlinking: /repo/ws/install/include/px4_msgs/px4_msgs/msg/detail/sensor_accel_fifo__rosidl_typesupport_fastrtps_c.h
[1485.312s] -- Symlinking: /repo/ws/install/include/px4_msgs/px4_msgs/msg/detail/sensor_airflow__rosidl_typesupport_fastrtps_c.h
[1485.328s] -- Symlinking: /repo/ws/install/include/px4_msgs/px4_msgs/msg/detail/sensor_baro__rosidl_typesupport_fastrtps_c.h
[1485.345s] -- Symlinking: /repo/ws/install/include/px4_msgs/px4_msgs/msg/detail/sensor_combined__rosidl_typesupport_fastrtps_c.h
[1485.358s] -- Symlinking: /repo/ws/install/include/px4_msgs/px4_msgs/msg/detail/sensor_correction__rosidl_typesupport_fastrtps_c.h
[1485.369s] -- Symlinking: /repo/ws/install/include/px4_msgs/px4_msgs/msg/detail/sensor_gnss_relative__rosidl_typesupport_fastrtps_c.h
[1485.382s] -- Symlinking: /repo/ws/install/include/px4_msgs/px4_msgs/msg/detail/sensor_gnss_status__rosidl_typesupport_fastrtps_c.h
[1485.395s] -- Symlinking: /repo/ws/install/include/px4_msgs/px4_msgs/msg/detail/sensor_gps__rosidl_typesupport_fastrtps_c.h
[1485.417s] -- Symlinking: /repo/ws/install/include/px4_msgs/px4_msgs/msg/detail/sensor_gyro__rosidl_typesupport_fastrtps_c.h
[1485.444s] -- Symlinking: /repo/ws/install/include/px4_msgs/px4_msgs/msg/detail/sensor_gyro_fft__rosidl_typesupport_fastrtps_c.h
[1485.466s] -- Symlinking: /repo/ws/install/include/px4_msgs/px4_msgs/msg/detail/sensor_gyro_fifo__rosidl_typesupport_fastrtps_c.h
[1485.484s] -- Symlinking: /repo/ws/install/include/px4_msgs/px4_msgs/msg/detail/sensor_hygrometer__rosidl_typesupport_fastrtps_c.h
[1485.499s] -- Symlinking: /repo/ws/install/include/px4_msgs/px4_msgs/msg/detail/sensor_mag__rosidl_typesupport_fastrtps_c.h
[1485.513s] -- Symlinking: /repo/ws/install/include/px4_msgs/px4_msgs/msg/detail/sensor_optical_flow__rosidl_typesupport_fastrtps_c.h
[1485.530s] -- Symlinking: /repo/ws/install/include/px4_msgs/px4_msgs/msg/detail/sensor_preflight_mag__rosidl_typesupport_fastrtps_c.h
[1485.543s] -- Symlinking: /repo/ws/install/include/px4_msgs/px4_msgs/msg/detail/sensor_selection__rosidl_typesupport_fastrtps_c.h
[1485.558s] -- Symlinking: /repo/ws/install/include/px4_msgs/px4_msgs/msg/detail/sensor_temp__rosidl_typesupport_fastrtps_c.h
[1485.571s] -- Symlinking: /repo/ws/install/include/px4_msgs/px4_msgs/msg/detail/sensor_uwb__rosidl_typesupport_fastrtps_c.h
[1485.587s] -- Symlinking: /repo/ws/install/include/px4_msgs/px4_msgs/msg/detail/sensors_status__rosidl_typesupport_fastrtps_c.h
[1485.600s] -- Symlinking: /repo/ws/install/include/px4_msgs/px4_msgs/msg/detail/sensors_status_imu__rosidl_typesupport_fastrtps_c.h
[1485.614s] -- Symlinking: /repo/ws/install/include/px4_msgs/px4_msgs/msg/detail/system_power__rosidl_typesupport_fastrtps_c.h
[1485.628s] -- Symlinking: /repo/ws/install/include/px4_msgs/px4_msgs/msg/detail/takeoff_status__rosidl_typesupport_fastrtps_c.h
[1485.652s] -- Symlinking: /repo/ws/install/include/px4_msgs/px4_msgs/msg/detail/task_stack_info__rosidl_typesupport_fastrtps_c.h
[1485.679s] -- Symlinking: /repo/ws/install/include/px4_msgs/px4_msgs/msg/detail/tecs_status__rosidl_typesupport_fastrtps_c.h
[1485.690s] -- Symlinking: /repo/ws/install/include/px4_msgs/px4_msgs/msg/detail/telemetry_status__rosidl_typesupport_fastrtps_c.h
[1485.706s] -- Symlinking: /repo/ws/install/include/px4_msgs/px4_msgs/msg/detail/tiltrotor_extra_controls__rosidl_typesupport_fastrtps_c.h
[1485.724s] -- Symlinking: /repo/ws/install/include/px4_msgs/px4_msgs/msg/detail/timesync_status__rosidl_typesupport_fastrtps_c.h
[1485.741s] -- Symlinking: /repo/ws/install/include/px4_msgs/px4_msgs/msg/detail/trajectory_setpoint6dof__rosidl_typesupport_fastrtps_c.h
[1485.754s] -- Symlinking: /repo/ws/install/include/px4_msgs/px4_msgs/msg/detail/trajectory_setpoint__rosidl_typesupport_fastrtps_c.h
[1485.770s] -- Symlinking: /repo/ws/install/include/px4_msgs/px4_msgs/msg/detail/transponder_report__rosidl_typesupport_fastrtps_c.h
[1485.780s] -- Symlinking: /repo/ws/install/include/px4_msgs/px4_msgs/msg/detail/tune_control__rosidl_typesupport_fastrtps_c.h
[1485.797s] -- Symlinking: /repo/ws/install/include/px4_msgs/px4_msgs/msg/detail/uavcan_parameter_request__rosidl_typesupport_fastrtps_c.h
[1485.822s] -- Symlinking: /repo/ws/install/include/px4_msgs/px4_msgs/msg/detail/uavcan_parameter_value__rosidl_typesupport_fastrtps_c.h
[1485.837s] -- Symlinking: /repo/ws/install/include/px4_msgs/px4_msgs/msg/detail/ulog_stream__rosidl_typesupport_fastrtps_c.h
[1485.851s] -- Symlinking: /repo/ws/install/include/px4_msgs/px4_msgs/msg/detail/ulog_stream_ack__rosidl_typesupport_fastrtps_c.h
[1485.865s] -- Symlinking: /repo/ws/install/include/px4_msgs/px4_msgs/msg/detail/unregister_ext_component__rosidl_typesupport_fastrtps_c.h
[1485.880s] -- Symlinking: /repo/ws/install/include/px4_msgs/px4_msgs/msg/detail/vehicle_acceleration__rosidl_typesupport_fastrtps_c.h
[1485.899s] -- Symlinking: /repo/ws/install/include/px4_msgs/px4_msgs/msg/detail/vehicle_air_data__rosidl_typesupport_fastrtps_c.h
[1485.926s] -- Symlinking: /repo/ws/install/include/px4_msgs/px4_msgs/msg/detail/vehicle_angular_acceleration_setpoint__rosidl_typesupport_fastrtps_c.h
[1485.954s] -- Symlinking: /repo/ws/install/include/px4_msgs/px4_msgs/msg/detail/vehicle_angular_velocity__rosidl_typesupport_fastrtps_c.h
[1485.985s] -- Symlinking: /repo/ws/install/include/px4_msgs/px4_msgs/msg/detail/vehicle_attitude__rosidl_typesupport_fastrtps_c.h
[1486.009s] -- Symlinking: /repo/ws/install/include/px4_msgs/px4_msgs/msg/detail/vehicle_attitude_setpoint__rosidl_typesupport_fastrtps_c.h
[1486.037s] -- Symlinking: /repo/ws/install/include/px4_msgs/px4_msgs/msg/detail/vehicle_command__rosidl_typesupport_fastrtps_c.h
[1486.061s] -- Symlinking: /repo/ws/install/include/px4_msgs/px4_msgs/msg/detail/vehicle_command_ack__rosidl_typesupport_fastrtps_c.h
[1486.074s] -- Symlinking: /repo/ws/install/include/px4_msgs/px4_msgs/msg/detail/vehicle_constraints__rosidl_typesupport_fastrtps_c.h
[1486.088s] -- Symlinking: /repo/ws/install/include/px4_msgs/px4_msgs/msg/detail/vehicle_control_mode__rosidl_typesupport_fastrtps_c.h
[1486.104s] -- Symlinking: /repo/ws/install/include/px4_msgs/px4_msgs/msg/detail/vehicle_global_position__rosidl_typesupport_fastrtps_c.h
[1486.120s] -- Symlinking: /repo/ws/install/include/px4_msgs/px4_msgs/msg/detail/vehicle_imu__rosidl_typesupport_fastrtps_c.h
[1486.133s] -- Symlinking: /repo/ws/install/include/px4_msgs/px4_msgs/msg/detail/vehicle_imu_status__rosidl_typesupport_fastrtps_c.h
[1486.150s] -- Symlinking: /repo/ws/install/include/px4_msgs/px4_msgs/msg/detail/vehicle_land_detected__rosidl_typesupport_fastrtps_c.h
[1486.175s] -- Symlinking: /repo/ws/install/include/px4_msgs/px4_msgs/msg/detail/vehicle_local_position__rosidl_typesupport_fastrtps_c.h
[1486.189s] -- Symlinking: /repo/ws/install/include/px4_msgs/px4_msgs/msg/detail/vehicle_local_position_setpoint__rosidl_typesupport_fastrtps_c.h
[1486.205s] -- Symlinking: /repo/ws/install/include/px4_msgs/px4_msgs/msg/detail/vehicle_magnetometer__rosidl_typesupport_fastrtps_c.h
[1486.220s] -- Symlinking: /repo/ws/install/include/px4_msgs/px4_msgs/msg/detail/vehicle_odometry__rosidl_typesupport_fastrtps_c.h
[1486.240s] -- Symlinking: /repo/ws/install/include/px4_msgs/px4_msgs/msg/detail/vehicle_optical_flow__rosidl_typesupport_fastrtps_c.h
[1486.265s] -- Symlinking: /repo/ws/install/include/px4_msgs/px4_msgs/msg/detail/vehicle_optical_flow_vel__rosidl_typesupport_fastrtps_c.h
[1486.285s] -- Symlinking: /repo/ws/install/include/px4_msgs/px4_msgs/msg/detail/vehicle_rates_setpoint__rosidl_typesupport_fastrtps_c.h
[1486.306s] -- Symlinking: /repo/ws/install/include/px4_msgs/px4_msgs/msg/detail/vehicle_roi__rosidl_typesupport_fastrtps_c.h
[1486.333s] -- Symlinking: /repo/ws/install/include/px4_msgs/px4_msgs/msg/detail/vehicle_status__rosidl_typesupport_fastrtps_c.h
[1486.354s] -- Symlinking: /repo/ws/install/include/px4_msgs/px4_msgs/msg/detail/vehicle_thrust_setpoint__rosidl_typesupport_fastrtps_c.h
[1486.379s] -- Symlinking: /repo/ws/install/include/px4_msgs/px4_msgs/msg/detail/vehicle_torque_setpoint__rosidl_typesupport_fastrtps_c.h
[1486.390s] -- Symlinking: /repo/ws/install/include/px4_msgs/px4_msgs/msg/detail/velocity_limits__rosidl_typesupport_fastrtps_c.h
[1486.402s] -- Symlinking: /repo/ws/install/include/px4_msgs/px4_msgs/msg/detail/vtol_vehicle_status__rosidl_typesupport_fastrtps_c.h
[1486.420s] -- Symlinking: /repo/ws/install/include/px4_msgs/px4_msgs/msg/detail/vtx__rosidl_typesupport_fastrtps_c.h
[1486.430s] -- Symlinking: /repo/ws/install/include/px4_msgs/px4_msgs/msg/detail/wheel_encoders__rosidl_typesupport_fastrtps_c.h
[1486.447s] -- Symlinking: /repo/ws/install/include/px4_msgs/px4_msgs/msg/detail/wind__rosidl_typesupport_fastrtps_c.h
[1486.457s] -- Symlinking: /repo/ws/install/include/px4_msgs/px4_msgs/msg/detail/yaw_estimator_status__rosidl_typesupport_fastrtps_c.h
[1486.470s] -- Symlinking: /repo/ws/install/include/px4_msgs/px4_msgs/msg/rosidl_typesupport_fastrtps_c__visibility_control.h
[1486.484s] -- Symlinking: /repo/ws/install/include/px4_msgs/px4_msgs/srv/detail/vehicle_command__rosidl_typesupport_fastrtps_c.h
[1486.523s] -- Symlinking: /repo/ws/install/include/px4_msgs/px4_msgs/msg/action_request.hpp
[1486.540s] -- Symlinking: /repo/ws/install/include/px4_msgs/px4_msgs/msg/actuator_armed.hpp
[1486.565s] -- Symlinking: /repo/ws/install/include/px4_msgs/px4_msgs/msg/actuator_controls_status.hpp
[1486.579s] -- Symlinking: /repo/ws/install/include/px4_msgs/px4_msgs/msg/actuator_motors.hpp
[1486.592s] -- Symlinking: /repo/ws/install/include/px4_msgs/px4_msgs/msg/actuator_outputs.hpp
[1486.612s] -- Symlinking: /repo/ws/install/include/px4_msgs/px4_msgs/msg/actuator_servos.hpp
[1486.630s] -- Symlinking: /repo/ws/install/include/px4_msgs/px4_msgs/msg/actuator_servos_trim.hpp
[1486.644s] -- Symlinking: /repo/ws/install/include/px4_msgs/px4_msgs/msg/actuator_test.hpp
[1486.658s] -- Symlinking: /repo/ws/install/include/px4_msgs/px4_msgs/msg/adc_report.hpp
[1486.671s] -- Symlinking: /repo/ws/install/include/px4_msgs/px4_msgs/msg/airspeed.hpp
[1486.694s] -- Symlinking: /repo/ws/install/include/px4_msgs/px4_msgs/msg/airspeed_validated.hpp
[1486.718s] -- Symlinking: /repo/ws/install/include/px4_msgs/px4_msgs/msg/airspeed_wind.hpp
[1486.742s] -- Symlinking: /repo/ws/install/include/px4_msgs/px4_msgs/msg/arming_check_reply.hpp
[1486.767s] -- Symlinking: /repo/ws/install/include/px4_msgs/px4_msgs/msg/arming_check_request.hpp
[1486.783s] -- Symlinking: /repo/ws/install/include/px4_msgs/px4_msgs/msg/autotune_attitude_control_status.hpp
[1486.796s] -- Symlinking: /repo/ws/install/include/px4_msgs/px4_msgs/msg/battery_info.hpp
[1486.810s] -- Symlinking: /repo/ws/install/include/px4_msgs/px4_msgs/msg/battery_status.hpp
[1486.826s] -- Symlinking: /repo/ws/install/include/px4_msgs/px4_msgs/msg/button_event.hpp
[1486.837s] -- Symlinking: /repo/ws/install/include/px4_msgs/px4_msgs/msg/camera_capture.hpp
[1486.851s] -- Symlinking: /repo/ws/install/include/px4_msgs/px4_msgs/msg/camera_status.hpp
[1486.865s] -- Symlinking: /repo/ws/install/include/px4_msgs/px4_msgs/msg/camera_trigger.hpp
[1486.877s] -- Symlinking: /repo/ws/install/include/px4_msgs/px4_msgs/msg/can_interface_status.hpp
[1486.899s] -- Symlinking: /repo/ws/install/include/px4_msgs/px4_msgs/msg/cellular_status.hpp
[1486.912s] -- Symlinking: /repo/ws/install/include/px4_msgs/px4_msgs/msg/collision_constraints.hpp
[1486.928s] -- Symlinking: /repo/ws/install/include/px4_msgs/px4_msgs/msg/config_overrides.hpp
[1486.942s] -- Symlinking: /repo/ws/install/include/px4_msgs/px4_msgs/msg/control_allocator_status.hpp
[1486.956s] -- Symlinking: /repo/ws/install/include/px4_msgs/px4_msgs/msg/cpuload.hpp
[1486.970s] -- Symlinking: /repo/ws/install/include/px4_msgs/px4_msgs/msg/dataman_request.hpp
[1486.984s] -- Symlinking: /repo/ws/install/include/px4_msgs/px4_msgs/msg/dataman_response.hpp
[1486.998s] -- Symlinking: /repo/ws/install/include/px4_msgs/px4_msgs/msg/debug_array.hpp
[1487.013s] -- Symlinking: /repo/ws/install/include/px4_msgs/px4_msgs/msg/debug_key_value.hpp
[1487.030s] -- Symlinking: /repo/ws/install/include/px4_msgs/px4_msgs/msg/debug_value.hpp
[1487.044s] -- Symlinking: /repo/ws/install/include/px4_msgs/px4_msgs/msg/debug_vect.hpp
[1487.058s] -- Symlinking: /repo/ws/install/include/px4_msgs/px4_msgs/msg/detail/action_request__builder.hpp
[1487.072s] -- Symlinking: /repo/ws/install/include/px4_msgs/px4_msgs/msg/detail/action_request__struct.hpp
[1487.086s] -- Symlinking: /repo/ws/install/include/px4_msgs/px4_msgs/msg/detail/action_request__traits.hpp
[1487.113s] -- Symlinking: /repo/ws/install/include/px4_msgs/px4_msgs/msg/detail/action_request__type_support.hpp
[1487.127s] -- Symlinking: /repo/ws/install/include/px4_msgs/px4_msgs/msg/detail/actuator_armed__builder.hpp
[1487.160s] -- Symlinking: /repo/ws/install/include/px4_msgs/px4_msgs/msg/detail/actuator_armed__struct.hpp
[1487.177s] -- Symlinking: /repo/ws/install/include/px4_msgs/px4_msgs/msg/detail/actuator_armed__traits.hpp
[1487.191s] -- Symlinking: /repo/ws/install/include/px4_msgs/px4_msgs/msg/detail/actuator_armed__type_support.hpp
[1487.205s] -- Symlinking: /repo/ws/install/include/px4_msgs/px4_msgs/msg/detail/actuator_controls_status__builder.hpp
[1487.236s] -- Symlinking: /repo/ws/install/include/px4_msgs/px4_msgs/msg/detail/actuator_controls_status__struct.hpp
[1487.264s] -- Symlinking: /repo/ws/install/include/px4_msgs/px4_msgs/msg/detail/actuator_controls_status__traits.hpp
[1487.291s] -- Symlinking: /repo/ws/install/include/px4_msgs/px4_msgs/msg/detail/actuator_controls_status__type_support.hpp
[1487.319s] -- Symlinking: /repo/ws/install/include/px4_msgs/px4_msgs/msg/detail/actuator_motors__builder.hpp
[1487.349s] -- Symlinking: /repo/ws/install/include/px4_msgs/px4_msgs/msg/detail/actuator_motors__struct.hpp
[1487.384s] -- Symlinking: /repo/ws/install/include/px4_msgs/px4_msgs/msg/detail/actuator_motors__traits.hpp
[1487.412s] -- Symlinking: /repo/ws/install/include/px4_msgs/px4_msgs/msg/detail/actuator_motors__type_support.hpp
[1487.437s] -- Symlinking: /repo/ws/install/include/px4_msgs/px4_msgs/msg/detail/actuator_outputs__builder.hpp
[1487.466s] -- Symlinking: /repo/ws/install/include/px4_msgs/px4_msgs/msg/detail/actuator_outputs__struct.hpp
[1487.494s] -- Symlinking: /repo/ws/install/include/px4_msgs/px4_msgs/msg/detail/actuator_outputs__traits.hpp
[1487.510s] -- Symlinking: /repo/ws/install/include/px4_msgs/px4_msgs/msg/detail/actuator_outputs__type_support.hpp
[1487.523s] -- Symlinking: /repo/ws/install/include/px4_msgs/px4_msgs/msg/detail/actuator_servos__builder.hpp
[1487.537s] -- Symlinking: /repo/ws/install/include/px4_msgs/px4_msgs/msg/detail/actuator_servos__struct.hpp
[1487.550s] -- Symlinking: /repo/ws/install/include/px4_msgs/px4_msgs/msg/detail/actuator_servos__traits.hpp
[1487.566s] -- Symlinking: /repo/ws/install/include/px4_msgs/px4_msgs/msg/detail/actuator_servos__type_support.hpp
[1487.580s] -- Symlinking: /repo/ws/install/include/px4_msgs/px4_msgs/msg/detail/actuator_servos_trim__builder.hpp
[1487.596s] -- Symlinking: /repo/ws/install/include/px4_msgs/px4_msgs/msg/detail/actuator_servos_trim__struct.hpp
[1487.614s] -- Symlinking: /repo/ws/install/include/px4_msgs/px4_msgs/msg/detail/actuator_servos_trim__traits.hpp
[1487.625s] -- Symlinking: /repo/ws/install/include/px4_msgs/px4_msgs/msg/detail/actuator_servos_trim__type_support.hpp
[1487.640s] -- Symlinking: /repo/ws/install/include/px4_msgs/px4_msgs/msg/detail/actuator_test__builder.hpp
[1487.666s] -- Symlinking: /repo/ws/install/include/px4_msgs/px4_msgs/msg/detail/actuator_test__struct.hpp
[1487.680s] -- Symlinking: /repo/ws/install/include/px4_msgs/px4_msgs/msg/detail/actuator_test__traits.hpp
[1487.694s] -- Symlinking: /repo/ws/install/include/px4_msgs/px4_msgs/msg/detail/actuator_test__type_support.hpp
[1487.709s] -- Symlinking: /repo/ws/install/include/px4_msgs/px4_msgs/msg/detail/adc_report__builder.hpp
[1487.723s] -- Symlinking: /repo/ws/install/include/px4_msgs/px4_msgs/msg/detail/adc_report__struct.hpp
[1487.739s] -- Symlinking: /repo/ws/install/include/px4_msgs/px4_msgs/msg/detail/adc_report__traits.hpp
[1487.779s] -- Symlinking: /repo/ws/install/include/px4_msgs/px4_msgs/msg/detail/adc_report__type_support.hpp
[1487.792s] -- Symlinking: /repo/ws/install/include/px4_msgs/px4_msgs/msg/detail/airspeed__builder.hpp
[1487.807s] -- Symlinking: /repo/ws/install/include/px4_msgs/px4_msgs/msg/detail/airspeed__struct.hpp
[1487.822s] -- Symlinking: /repo/ws/install/include/px4_msgs/px4_msgs/msg/detail/airspeed__traits.hpp
[1487.837s] -- Symlinking: /repo/ws/install/include/px4_msgs/px4_msgs/msg/detail/airspeed__type_support.hpp
[1487.855s] -- Symlinking: /repo/ws/install/include/px4_msgs/px4_msgs/msg/detail/airspeed_validated__builder.hpp
[1487.865s] -- Symlinking: /repo/ws/install/include/px4_msgs/px4_msgs/msg/detail/airspeed_validated__struct.hpp
[1487.879s] -- Symlinking: /repo/ws/install/include/px4_msgs/px4_msgs/msg/detail/airspeed_validated__traits.hpp
[1487.894s] -- Symlinking: /repo/ws/install/include/px4_msgs/px4_msgs/msg/detail/airspeed_validated__type_support.hpp
[1487.908s] -- Symlinking: /repo/ws/install/include/px4_msgs/px4_msgs/msg/detail/airspeed_wind__builder.hpp
[1487.923s] -- Symlinking: /repo/ws/install/include/px4_msgs/px4_msgs/msg/detail/airspeed_wind__struct.hpp
[1487.938s] -- Symlinking: /repo/ws/install/include/px4_msgs/px4_msgs/msg/detail/airspeed_wind__traits.hpp
[1487.953s] -- Symlinking: /repo/ws/install/include/px4_msgs/px4_msgs/msg/detail/airspeed_wind__type_support.hpp
[1487.967s] -- Symlinking: /repo/ws/install/include/px4_msgs/px4_msgs/msg/detail/arming_check_reply__builder.hpp
[1487.981s] -- Symlinking: /repo/ws/install/include/px4_msgs/px4_msgs/msg/detail/arming_check_reply__struct.hpp
[1488.008s] -- Symlinking: /repo/ws/install/include/px4_msgs/px4_msgs/msg/detail/arming_check_reply__traits.hpp
[1488.038s] -- Symlinking: /repo/ws/install/include/px4_msgs/px4_msgs/msg/detail/arming_check_reply__type_support.hpp
[1488.055s] -- Symlinking: /repo/ws/install/include/px4_msgs/px4_msgs/msg/detail/arming_check_request__builder.hpp
[1488.070s] -- Symlinking: /repo/ws/install/include/px4_msgs/px4_msgs/msg/detail/arming_check_request__struct.hpp
[1488.083s] -- Symlinking: /repo/ws/install/include/px4_msgs/px4_msgs/msg/detail/arming_check_request__traits.hpp
[1488.098s] -- Symlinking: /repo/ws/install/include/px4_msgs/px4_msgs/msg/detail/arming_check_request__type_support.hpp
[1488.113s] -- Symlinking: /repo/ws/install/include/px4_msgs/px4_msgs/msg/detail/autotune_attitude_control_status__builder.hpp
[1488.129s] -- Symlinking: /repo/ws/install/include/px4_msgs/px4_msgs/msg/detail/autotune_attitude_control_status__struct.hpp
[1488.143s] -- Symlinking: /repo/ws/install/include/px4_msgs/px4_msgs/msg/detail/autotune_attitude_control_status__traits.hpp
[1488.169s] -- Symlinking: /repo/ws/install/include/px4_msgs/px4_msgs/msg/detail/autotune_attitude_control_status__type_support.hpp
[1488.198s] -- Symlinking: /repo/ws/install/include/px4_msgs/px4_msgs/msg/detail/battery_info__builder.hpp
[1488.228s] -- Symlinking: /repo/ws/install/include/px4_msgs/px4_msgs/msg/detail/battery_info__struct.hpp
[1488.257s] -- Symlinking: /repo/ws/install/include/px4_msgs/px4_msgs/msg/detail/battery_info__traits.hpp
[1488.286s] -- Symlinking: /repo/ws/install/include/px4_msgs/px4_msgs/msg/detail/battery_info__type_support.hpp
[1488.311s] -- Symlinking: /repo/ws/install/include/px4_msgs/px4_msgs/msg/detail/battery_status__builder.hpp
[1488.336s] -- Symlinking: /repo/ws/install/include/px4_msgs/px4_msgs/msg/detail/battery_status__struct.hpp
[1488.361s] -- Symlinking: /repo/ws/install/include/px4_msgs/px4_msgs/msg/detail/battery_status__traits.hpp
[1488.385s] -- Symlinking: /repo/ws/install/include/px4_msgs/px4_msgs/msg/detail/battery_status__type_support.hpp
[1488.412s] -- Symlinking: /repo/ws/install/include/px4_msgs/px4_msgs/msg/detail/button_event__builder.hpp
[1488.440s] -- Symlinking: /repo/ws/install/include/px4_msgs/px4_msgs/msg/detail/button_event__struct.hpp
[1488.468s] -- Symlinking: /repo/ws/install/include/px4_msgs/px4_msgs/msg/detail/button_event__traits.hpp
[1488.494s] -- Symlinking: /repo/ws/install/include/px4_msgs/px4_msgs/msg/detail/button_event__type_support.hpp
[1488.526s] -- Symlinking: /repo/ws/install/include/px4_msgs/px4_msgs/msg/detail/camera_capture__builder.hpp
[1488.556s] -- Symlinking: /repo/ws/install/include/px4_msgs/px4_msgs/msg/detail/camera_capture__struct.hpp
[1488.581s] -- Symlinking: /repo/ws/install/include/px4_msgs/px4_msgs/msg/detail/camera_capture__traits.hpp
[1488.608s] -- Symlinking: /repo/ws/install/include/px4_msgs/px4_msgs/msg/detail/camera_capture__type_support.hpp
[1488.635s] -- Symlinking: /repo/ws/install/include/px4_msgs/px4_msgs/msg/detail/camera_status__builder.hpp
[1488.663s] -- Symlinking: /repo/ws/install/include/px4_msgs/px4_msgs/msg/detail/camera_status__struct.hpp
[1488.691s] -- Symlinking: /repo/ws/install/include/px4_msgs/px4_msgs/msg/detail/camera_status__traits.hpp
[1488.718s] -- Symlinking: /repo/ws/install/include/px4_msgs/px4_msgs/msg/detail/camera_status__type_support.hpp
[1488.745s] -- Symlinking: /repo/ws/install/include/px4_msgs/px4_msgs/msg/detail/camera_trigger__builder.hpp
[1488.773s] -- Symlinking: /repo/ws/install/include/px4_msgs/px4_msgs/msg/detail/camera_trigger__struct.hpp
[1488.801s] -- Symlinking: /repo/ws/install/include/px4_msgs/px4_msgs/msg/detail/camera_trigger__traits.hpp
[1488.828s] -- Symlinking: /repo/ws/install/include/px4_msgs/px4_msgs/msg/detail/camera_trigger__type_support.hpp
[1488.855s] -- Symlinking: /repo/ws/install/include/px4_msgs/px4_msgs/msg/detail/can_interface_status__builder.hpp
[1488.885s] -- Symlinking: /repo/ws/install/include/px4_msgs/px4_msgs/msg/detail/can_interface_status__struct.hpp
[1488.912s] -- Symlinking: /repo/ws/install/include/px4_msgs/px4_msgs/msg/detail/can_interface_status__traits.hpp
[1488.933s] -- Symlinking: /repo/ws/install/include/px4_msgs/px4_msgs/msg/detail/can_interface_status__type_support.hpp
[1488.951s] -- Symlinking: /repo/ws/install/include/px4_msgs/px4_msgs/msg/detail/cellular_status__builder.hpp
[1488.962s] -- Symlinking: /repo/ws/install/include/px4_msgs/px4_msgs/msg/detail/cellular_status__struct.hpp
[1488.976s] -- Symlinking: /repo/ws/install/include/px4_msgs/px4_msgs/msg/detail/cellular_status__traits.hpp
[1488.989s] -- Symlinking: /repo/ws/install/include/px4_msgs/px4_msgs/msg/detail/cellular_status__type_support.hpp
[1489.002s] -- Symlinking: /repo/ws/install/include/px4_msgs/px4_msgs/msg/detail/collision_constraints__builder.hpp
[1489.016s] -- Symlinking: /repo/ws/install/include/px4_msgs/px4_msgs/msg/detail/collision_constraints__struct.hpp
[1489.031s] -- Symlinking: /repo/ws/install/include/px4_msgs/px4_msgs/msg/detail/collision_constraints__traits.hpp
[1489.048s] -- Symlinking: /repo/ws/install/include/px4_msgs/px4_msgs/msg/detail/collision_constraints__type_support.hpp
[1489.067s] -- Symlinking: /repo/ws/install/include/px4_msgs/px4_msgs/msg/detail/config_overrides__builder.hpp
[1489.094s] -- Symlinking: /repo/ws/install/include/px4_msgs/px4_msgs/msg/detail/config_overrides__struct.hpp
[1489.109s] -- Symlinking: /repo/ws/install/include/px4_msgs/px4_msgs/msg/detail/config_overrides__traits.hpp
[1489.131s] -- Symlinking: /repo/ws/install/include/px4_msgs/px4_msgs/msg/detail/config_overrides__type_support.hpp
[1489.156s] -- Symlinking: /repo/ws/install/include/px4_msgs/px4_msgs/msg/detail/control_allocator_status__builder.hpp
[1489.197s] -- Symlinking: /repo/ws/install/include/px4_msgs/px4_msgs/msg/detail/control_allocator_status__struct.hpp
[1489.224s] -- Symlinking: /repo/ws/install/include/px4_msgs/px4_msgs/msg/detail/control_allocator_status__traits.hpp
[1489.252s] -- Symlinking: /repo/ws/install/include/px4_msgs/px4_msgs/msg/detail/control_allocator_status__type_support.hpp
[1489.280s] -- Symlinking: /repo/ws/install/include/px4_msgs/px4_msgs/msg/detail/cpuload__builder.hpp
[1489.307s] -- Symlinking: /repo/ws/install/include/px4_msgs/px4_msgs/msg/detail/cpuload__struct.hpp
[1489.333s] -- Symlinking: /repo/ws/install/include/px4_msgs/px4_msgs/msg/detail/cpuload__traits.hpp
[1489.360s] -- Symlinking: /repo/ws/install/include/px4_msgs/px4_msgs/msg/detail/cpuload__type_support.hpp
[1489.389s] -- Symlinking: /repo/ws/install/include/px4_msgs/px4_msgs/msg/detail/dataman_request__builder.hpp
[1489.421s] -- Symlinking: /repo/ws/install/include/px4_msgs/px4_msgs/msg/detail/dataman_request__struct.hpp
[1489.444s] -- Symlinking: /repo/ws/install/include/px4_msgs/px4_msgs/msg/detail/dataman_request__traits.hpp
[1489.462s] -- Symlinking: /repo/ws/install/include/px4_msgs/px4_msgs/msg/detail/dataman_request__type_support.hpp
[1489.481s] -- Symlinking: /repo/ws/install/include/px4_msgs/px4_msgs/msg/detail/dataman_response__builder.hpp
[1489.494s] -- Symlinking: /repo/ws/install/include/px4_msgs/px4_msgs/msg/detail/dataman_response__struct.hpp
[1489.508s] -- Symlinking: /repo/ws/install/include/px4_msgs/px4_msgs/msg/detail/dataman_response__traits.hpp
[1489.520s] -- Symlinking: /repo/ws/install/include/px4_msgs/px4_msgs/msg/detail/dataman_response__type_support.hpp
[1489.537s] -- Symlinking: /repo/ws/install/include/px4_msgs/px4_msgs/msg/detail/debug_array__builder.hpp
[1489.566s] -- Symlinking: /repo/ws/install/include/px4_msgs/px4_msgs/msg/detail/debug_array__struct.hpp
[1489.595s] -- Symlinking: /repo/ws/install/include/px4_msgs/px4_msgs/msg/detail/debug_array__traits.hpp
[1489.619s] -- Symlinking: /repo/ws/install/include/px4_msgs/px4_msgs/msg/detail/debug_array__type_support.hpp
[1489.649s] -- Symlinking: /repo/ws/install/include/px4_msgs/px4_msgs/msg/detail/debug_key_value__builder.hpp
[1489.679s] -- Symlinking: /repo/ws/install/include/px4_msgs/px4_msgs/msg/detail/debug_key_value__struct.hpp
[1489.698s] -- Symlinking: /repo/ws/install/include/px4_msgs/px4_msgs/msg/detail/debug_key_value__traits.hpp
[1489.716s] -- Symlinking: /repo/ws/install/include/px4_msgs/px4_msgs/msg/detail/debug_key_value__type_support.hpp
[1489.742s] -- Symlinking: /repo/ws/install/include/px4_msgs/px4_msgs/msg/detail/debug_value__builder.hpp
[1489.757s] -- Symlinking: /repo/ws/install/include/px4_msgs/px4_msgs/msg/detail/debug_value__struct.hpp
[1489.770s] -- Symlinking: /repo/ws/install/include/px4_msgs/px4_msgs/msg/detail/debug_value__traits.hpp
[1489.784s] -- Symlinking: /repo/ws/install/include/px4_msgs/px4_msgs/msg/detail/debug_value__type_support.hpp
[1489.797s] -- Symlinking: /repo/ws/install/include/px4_msgs/px4_msgs/msg/detail/debug_vect__builder.hpp
[1489.811s] -- Symlinking: /repo/ws/install/include/px4_msgs/px4_msgs/msg/detail/debug_vect__struct.hpp
[1489.829s] -- Symlinking: /repo/ws/install/include/px4_msgs/px4_msgs/msg/detail/debug_vect__traits.hpp
[1489.860s] -- Symlinking: /repo/ws/install/include/px4_msgs/px4_msgs/msg/detail/debug_vect__type_support.hpp
[1489.888s] -- Symlinking: /repo/ws/install/include/px4_msgs/px4_msgs/msg/detail/device_information__builder.hpp
[1489.915s] -- Symlinking: /repo/ws/install/include/px4_msgs/px4_msgs/msg/detail/device_information__struct.hpp
[1489.936s] -- Symlinking: /repo/ws/install/include/px4_msgs/px4_msgs/msg/detail/device_information__traits.hpp
[1489.965s] -- Symlinking: /repo/ws/install/include/px4_msgs/px4_msgs/msg/detail/device_information__type_support.hpp
[1489.983s] -- Symlinking: /repo/ws/install/include/px4_msgs/px4_msgs/msg/detail/differential_pressure__builder.hpp
[1490.002s] -- Symlinking: /repo/ws/install/include/px4_msgs/px4_msgs/msg/detail/differential_pressure__struct.hpp
[1490.026s] -- Symlinking: /repo/ws/install/include/px4_msgs/px4_msgs/msg/detail/differential_pressure__traits.hpp
[1490.052s] -- Symlinking: /repo/ws/install/include/px4_msgs/px4_msgs/msg/detail/differential_pressure__type_support.hpp
[1490.066s] -- Symlinking: /repo/ws/install/include/px4_msgs/px4_msgs/msg/detail/distance_sensor__builder.hpp
[1490.098s] -- Symlinking: /repo/ws/install/include/px4_msgs/px4_msgs/msg/detail/distance_sensor__struct.hpp
[1490.113s] -- Symlinking: /repo/ws/install/include/px4_msgs/px4_msgs/msg/detail/distance_sensor__traits.hpp
[1490.125s] -- Symlinking: /repo/ws/install/include/px4_msgs/px4_msgs/msg/detail/distance_sensor__type_support.hpp
[1490.139s] -- Symlinking: /repo/ws/install/include/px4_msgs/px4_msgs/msg/detail/distance_sensor_mode_change_request__builder.hpp
[1490.153s] -- Symlinking: /repo/ws/install/include/px4_msgs/px4_msgs/msg/detail/distance_sensor_mode_change_request__struct.hpp
[1490.168s] -- Symlinking: /repo/ws/install/include/px4_msgs/px4_msgs/msg/detail/distance_sensor_mode_change_request__traits.hpp
[1490.184s] -- Symlinking: /repo/ws/install/include/px4_msgs/px4_msgs/msg/detail/distance_sensor_mode_change_request__type_support.hpp
[1490.232s] -- Symlinking: /repo/ws/install/include/px4_msgs/px4_msgs/msg/detail/dronecan_node_status__builder.hpp
[1490.244s] -- Symlinking: /repo/ws/install/include/px4_msgs/px4_msgs/msg/detail/dronecan_node_status__struct.hpp
[1490.258s] -- Symlinking: /repo/ws/install/include/px4_msgs/px4_msgs/msg/detail/dronecan_node_status__traits.hpp
[1490.272s] -- Symlinking: /repo/ws/install/include/px4_msgs/px4_msgs/msg/detail/dronecan_node_status__type_support.hpp
[1490.287s] -- Symlinking: /repo/ws/install/include/px4_msgs/px4_msgs/msg/detail/ekf2_timestamps__builder.hpp
[1490.301s] -- Symlinking: /repo/ws/install/include/px4_msgs/px4_msgs/msg/detail/ekf2_timestamps__struct.hpp
[1490.316s] -- Symlinking: /repo/ws/install/include/px4_msgs/px4_msgs/msg/detail/ekf2_timestamps__traits.hpp
[1490.329s] -- Symlinking: /repo/ws/install/include/px4_msgs/px4_msgs/msg/detail/ekf2_timestamps__type_support.hpp
[1490.343s] -- Symlinking: /repo/ws/install/include/px4_msgs/px4_msgs/msg/detail/esc_report__builder.hpp
[1490.369s] -- Symlinking: /repo/ws/install/include/px4_msgs/px4_msgs/msg/detail/esc_report__struct.hpp
[1490.388s] -- Symlinking: /repo/ws/install/include/px4_msgs/px4_msgs/msg/detail/esc_report__traits.hpp
[1490.401s] -- Symlinking: /repo/ws/install/include/px4_msgs/px4_msgs/msg/detail/esc_report__type_support.hpp
[1490.415s] -- Symlinking: /repo/ws/install/include/px4_msgs/px4_msgs/msg/detail/esc_status__builder.hpp
[1490.429s] -- Symlinking: /repo/ws/install/include/px4_msgs/px4_msgs/msg/detail/esc_status__struct.hpp
[1490.448s] -- Symlinking: /repo/ws/install/include/px4_msgs/px4_msgs/msg/detail/esc_status__traits.hpp
[1490.489s] -- Symlinking: /repo/ws/install/include/px4_msgs/px4_msgs/msg/detail/esc_status__type_support.hpp
[1490.504s] -- Symlinking: /repo/ws/install/include/px4_msgs/px4_msgs/msg/detail/estimator_aid_source1d__builder.hpp
[1490.517s] -- Symlinking: /repo/ws/install/include/px4_msgs/px4_msgs/msg/detail/estimator_aid_source1d__struct.hpp
[1490.531s] -- Symlinking: /repo/ws/install/include/px4_msgs/px4_msgs/msg/detail/estimator_aid_source1d__traits.hpp
[1490.550s] -- Symlinking: /repo/ws/install/include/px4_msgs/px4_msgs/msg/detail/estimator_aid_source1d__type_support.hpp
[1490.576s] -- Symlinking: /repo/ws/install/include/px4_msgs/px4_msgs/msg/detail/estimator_aid_source2d__builder.hpp
[1490.603s] -- Symlinking: /repo/ws/install/include/px4_msgs/px4_msgs/msg/detail/estimator_aid_source2d__struct.hpp
[1490.635s] -- Symlinking: /repo/ws/install/include/px4_msgs/px4_msgs/msg/detail/estimator_aid_source2d__traits.hpp
[1490.658s] -- Symlinking: /repo/ws/install/include/px4_msgs/px4_msgs/msg/detail/estimator_aid_source2d__type_support.hpp
[1490.685s] -- Symlinking: /repo/ws/install/include/px4_msgs/px4_msgs/msg/detail/estimator_aid_source3d__builder.hpp
[1490.711s] -- Symlinking: /repo/ws/install/include/px4_msgs/px4_msgs/msg/detail/estimator_aid_source3d__struct.hpp
[1490.738s] -- Symlinking: /repo/ws/install/include/px4_msgs/px4_msgs/msg/detail/estimator_aid_source3d__traits.hpp
[1490.766s] -- Symlinking: /repo/ws/install/include/px4_msgs/px4_msgs/msg/detail/estimator_aid_source3d__type_support.hpp
[1490.794s] -- Symlinking: /repo/ws/install/include/px4_msgs/px4_msgs/msg/detail/estimator_bias3d__builder.hpp
[1490.821s] -- Symlinking: /repo/ws/install/include/px4_msgs/px4_msgs/msg/detail/estimator_bias3d__struct.hpp
[1490.847s] -- Symlinking: /repo/ws/install/include/px4_msgs/px4_msgs/msg/detail/estimator_bias3d__traits.hpp
[1490.866s] -- Symlinking: /repo/ws/install/include/px4_msgs/px4_msgs/msg/detail/estimator_bias3d__type_support.hpp
[1490.875s] -- Symlinking: /repo/ws/install/include/px4_msgs/px4_msgs/msg/detail/estimator_bias__builder.hpp
[1490.888s] -- Symlinking: /repo/ws/install/include/px4_msgs/px4_msgs/msg/detail/estimator_bias__struct.hpp
[1490.902s] -- Symlinking: /repo/ws/install/include/px4_msgs/px4_msgs/msg/detail/estimator_bias__traits.hpp
[1490.916s] -- Symlinking: /repo/ws/install/include/px4_msgs/px4_msgs/msg/detail/estimator_bias__type_support.hpp
[1490.944s] -- Symlinking: /repo/ws/install/include/px4_msgs/px4_msgs/msg/detail/estimator_event_flags__builder.hpp
[1490.972s] -- Symlinking: /repo/ws/install/include/px4_msgs/px4_msgs/msg/detail/estimator_event_flags__struct.hpp
[1491.000s] -- Symlinking: /repo/ws/install/include/px4_msgs/px4_msgs/msg/detail/estimator_event_flags__traits.hpp
[1491.028s] -- Symlinking: /repo/ws/install/include/px4_msgs/px4_msgs/msg/detail/estimator_event_flags__type_support.hpp
[1491.054s] -- Symlinking: /repo/ws/install/include/px4_msgs/px4_msgs/msg/detail/estimator_gps_status__builder.hpp
[1491.083s] -- Symlinking: /repo/ws/install/include/px4_msgs/px4_msgs/msg/detail/estimator_gps_status__struct.hpp
[1491.111s] -- Symlinking: /repo/ws/install/include/px4_msgs/px4_msgs/msg/detail/estimator_gps_status__traits.hpp
[1491.134s] -- Symlinking: /repo/ws/install/include/px4_msgs/px4_msgs/msg/detail/estimator_gps_status__type_support.hpp
[1491.164s] -- Symlinking: /repo/ws/install/include/px4_msgs/px4_msgs/msg/detail/estimator_innovations__builder.hpp
[1491.182s] -- Symlinking: /repo/ws/install/include/px4_msgs/px4_msgs/msg/detail/estimator_innovations__struct.hpp
[1491.202s] -- Symlinking: /repo/ws/install/include/px4_msgs/px4_msgs/msg/detail/estimator_innovations__traits.hpp
[1491.218s] -- Symlinking: /repo/ws/install/include/px4_msgs/px4_msgs/msg/detail/estimator_innovations__type_support.hpp
[1491.235s] -- Symlinking: /repo/ws/install/include/px4_msgs/px4_msgs/msg/detail/estimator_selector_status__builder.hpp
[1491.251s] -- Symlinking: /repo/ws/install/include/px4_msgs/px4_msgs/msg/detail/estimator_selector_status__struct.hpp
[1491.270s] -- Symlinking: /repo/ws/install/include/px4_msgs/px4_msgs/msg/detail/estimator_selector_status__traits.hpp
[1491.285s] -- Symlinking: /repo/ws/install/include/px4_msgs/px4_msgs/msg/detail/estimator_selector_status__type_support.hpp
[1491.307s] -- Symlinking: /repo/ws/install/include/px4_msgs/px4_msgs/msg/detail/estimator_sensor_bias__builder.hpp
[1491.331s] -- Symlinking: /repo/ws/install/include/px4_msgs/px4_msgs/msg/detail/estimator_sensor_bias__struct.hpp
[1491.359s] -- Symlinking: /repo/ws/install/include/px4_msgs/px4_msgs/msg/detail/estimator_sensor_bias__traits.hpp
[1491.387s] -- Symlinking: /repo/ws/install/include/px4_msgs/px4_msgs/msg/detail/estimator_sensor_bias__type_support.hpp
[1491.412s] -- Symlinking: /repo/ws/install/include/px4_msgs/px4_msgs/msg/detail/estimator_states__builder.hpp
[1491.437s] -- Symlinking: /repo/ws/install/include/px4_msgs/px4_msgs/msg/detail/estimator_states__struct.hpp
[1491.462s] -- Symlinking: /repo/ws/install/include/px4_msgs/px4_msgs/msg/detail/estimator_states__traits.hpp
[1491.501s] -- Symlinking: /repo/ws/install/include/px4_msgs/px4_msgs/msg/detail/estimator_states__type_support.hpp
[1491.517s] -- Symlinking: /repo/ws/install/include/px4_msgs/px4_msgs/msg/detail/estimator_status__builder.hpp
[1491.544s] -- Symlinking: /repo/ws/install/include/px4_msgs/px4_msgs/msg/detail/estimator_status__struct.hpp
[1491.565s] -- Symlinking: /repo/ws/install/include/px4_msgs/px4_msgs/msg/detail/estimator_status__traits.hpp
[1491.592s] -- Symlinking: /repo/ws/install/include/px4_msgs/px4_msgs/msg/detail/estimator_status__type_support.hpp
[1491.617s] -- Symlinking: /repo/ws/install/include/px4_msgs/px4_msgs/msg/detail/estimator_status_flags__builder.hpp
[1491.643s] -- Symlinking: /repo/ws/install/include/px4_msgs/px4_msgs/msg/detail/estimator_status_flags__struct.hpp
[1491.669s] -- Symlinking: /repo/ws/install/include/px4_msgs/px4_msgs/msg/detail/estimator_status_flags__traits.hpp
[1491.698s] -- Symlinking: /repo/ws/install/include/px4_msgs/px4_msgs/msg/detail/estimator_status_flags__type_support.hpp
[1491.725s] -- Symlinking: /repo/ws/install/include/px4_msgs/px4_msgs/msg/detail/event__builder.hpp
[1491.753s] -- Symlinking: /repo/ws/install/include/px4_msgs/px4_msgs/msg/detail/event__struct.hpp
[1491.778s] -- Symlinking: /repo/ws/install/include/px4_msgs/px4_msgs/msg/detail/event__traits.hpp
[1491.803s] -- Symlinking: /repo/ws/install/include/px4_msgs/px4_msgs/msg/detail/event__type_support.hpp
[1491.823s] -- Symlinking: /repo/ws/install/include/px4_msgs/px4_msgs/msg/detail/failsafe_flags__builder.hpp
[1491.851s] -- Symlinking: /repo/ws/install/include/px4_msgs/px4_msgs/msg/detail/failsafe_flags__struct.hpp
[1491.880s] -- Symlinking: /repo/ws/install/include/px4_msgs/px4_msgs/msg/detail/failsafe_flags__traits.hpp
[1491.900s] -- Symlinking: /repo/ws/install/include/px4_msgs/px4_msgs/msg/detail/failsafe_flags__type_support.hpp
[1491.909s] -- Symlinking: /repo/ws/install/include/px4_msgs/px4_msgs/msg/detail/failure_detector_status__builder.hpp
[1491.923s] -- Symlinking: /repo/ws/install/include/px4_msgs/px4_msgs/msg/detail/failure_detector_status__struct.hpp
[1491.937s] -- Symlinking: /repo/ws/install/include/px4_msgs/px4_msgs/msg/detail/failure_detector_status__traits.hpp
[1491.950s] -- Symlinking: /repo/ws/install/include/px4_msgs/px4_msgs/msg/detail/failure_detector_status__type_support.hpp
[1491.964s] -- Symlinking: /repo/ws/install/include/px4_msgs/px4_msgs/msg/detail/figure_eight_status__builder.hpp
[1491.980s] -- Symlinking: /repo/ws/install/include/px4_msgs/px4_msgs/msg/detail/figure_eight_status__struct.hpp
[1491.991s] -- Symlinking: /repo/ws/install/include/px4_msgs/px4_msgs/msg/detail/figure_eight_status__traits.hpp
[1492.005s] -- Symlinking: /repo/ws/install/include/px4_msgs/px4_msgs/msg/detail/figure_eight_status__type_support.hpp
[1492.018s] -- Symlinking: /repo/ws/install/include/px4_msgs/px4_msgs/msg/detail/fixed_wing_lateral_guidance_status__builder.hpp
[1492.032s] -- Symlinking: /repo/ws/install/include/px4_msgs/px4_msgs/msg/detail/fixed_wing_lateral_guidance_status__struct.hpp
[1492.046s] -- Symlinking: /repo/ws/install/include/px4_msgs/px4_msgs/msg/detail/fixed_wing_lateral_guidance_status__traits.hpp
[1492.059s] -- Symlinking: /repo/ws/install/include/px4_msgs/px4_msgs/msg/detail/fixed_wing_lateral_guidance_status__type_support.hpp
[1492.073s] -- Symlinking: /repo/ws/install/include/px4_msgs/px4_msgs/msg/detail/fixed_wing_lateral_setpoint__builder.hpp
[1492.087s] -- Symlinking: /repo/ws/install/include/px4_msgs/px4_msgs/msg/detail/fixed_wing_lateral_setpoint__struct.hpp
[1492.110s] -- Symlinking: /repo/ws/install/include/px4_msgs/px4_msgs/msg/detail/fixed_wing_lateral_setpoint__traits.hpp
[1492.136s] -- Symlinking: /repo/ws/install/include/px4_msgs/px4_msgs/msg/detail/fixed_wing_lateral_setpoint__type_support.hpp
[1492.158s] -- Symlinking: /repo/ws/install/include/px4_msgs/px4_msgs/msg/detail/fixed_wing_lateral_status__builder.hpp
[1492.180s] -- Symlinking: /repo/ws/install/include/px4_msgs/px4_msgs/msg/detail/fixed_wing_lateral_status__struct.hpp
[1492.192s] -- Symlinking: /repo/ws/install/include/px4_msgs/px4_msgs/msg/detail/fixed_wing_lateral_status__traits.hpp
[1492.217s] -- Symlinking: /repo/ws/install/include/px4_msgs/px4_msgs/msg/detail/fixed_wing_lateral_status__type_support.hpp
[1492.233s] -- Symlinking: /repo/ws/install/include/px4_msgs/px4_msgs/msg/detail/fixed_wing_longitudinal_setpoint__builder.hpp
[1492.247s] -- Symlinking: /repo/ws/install/include/px4_msgs/px4_msgs/msg/detail/fixed_wing_longitudinal_setpoint__struct.hpp
[1492.262s] -- Symlinking: /repo/ws/install/include/px4_msgs/px4_msgs/msg/detail/fixed_wing_longitudinal_setpoint__traits.hpp
[1492.274s] -- Symlinking: /repo/ws/install/include/px4_msgs/px4_msgs/msg/detail/fixed_wing_longitudinal_setpoint__type_support.hpp
[1492.287s] -- Symlinking: /repo/ws/install/include/px4_msgs/px4_msgs/msg/detail/fixed_wing_runway_control__builder.hpp
[1492.301s] -- Symlinking: /repo/ws/install/include/px4_msgs/px4_msgs/msg/detail/fixed_wing_runway_control__struct.hpp
[1492.315s] -- Symlinking: /repo/ws/install/include/px4_msgs/px4_msgs/msg/detail/fixed_wing_runway_control__traits.hpp
[1492.328s] -- Symlinking: /repo/ws/install/include/px4_msgs/px4_msgs/msg/detail/fixed_wing_runway_control__type_support.hpp
[1492.342s] -- Symlinking: /repo/ws/install/include/px4_msgs/px4_msgs/msg/detail/flight_phase_estimation__builder.hpp
[1492.356s] -- Symlinking: /repo/ws/install/include/px4_msgs/px4_msgs/msg/detail/flight_phase_estimation__struct.hpp
[1492.377s] -- Symlinking: /repo/ws/install/include/px4_msgs/px4_msgs/msg/detail/flight_phase_estimation__traits.hpp
[1492.399s] -- Symlinking: /repo/ws/install/include/px4_msgs/px4_msgs/msg/detail/flight_phase_estimation__type_support.hpp
[1492.412s] -- Symlinking: /repo/ws/install/include/px4_msgs/px4_msgs/msg/detail/follow_target__builder.hpp
[1492.426s] -- Symlinking: /repo/ws/install/include/px4_msgs/px4_msgs/msg/detail/follow_target__struct.hpp
[1492.440s] -- Symlinking: /repo/ws/install/include/px4_msgs/px4_msgs/msg/detail/follow_target__traits.hpp
[1492.453s] -- Symlinking: /repo/ws/install/include/px4_msgs/px4_msgs/msg/detail/follow_target__type_support.hpp
[1492.476s] -- Symlinking: /repo/ws/install/include/px4_msgs/px4_msgs/msg/detail/follow_target_estimator__builder.hpp
[1492.500s] -- Symlinking: /repo/ws/install/include/px4_msgs/px4_msgs/msg/detail/follow_target_estimator__struct.hpp
[1492.520s] -- Symlinking: /repo/ws/install/include/px4_msgs/px4_msgs/msg/detail/follow_target_estimator__traits.hpp
[1492.533s] -- Symlinking: /repo/ws/install/include/px4_msgs/px4_msgs/msg/detail/follow_target_estimator__type_support.hpp
[1492.547s] -- Symlinking: /repo/ws/install/include/px4_msgs/px4_msgs/msg/detail/follow_target_status__builder.hpp
[1492.562s] -- Symlinking: /repo/ws/install/include/px4_msgs/px4_msgs/msg/detail/follow_target_status__struct.hpp
[1492.577s] -- Symlinking: /repo/ws/install/include/px4_msgs/px4_msgs/msg/detail/follow_target_status__traits.hpp
[1492.591s] -- Symlinking: /repo/ws/install/include/px4_msgs/px4_msgs/msg/detail/follow_target_status__type_support.hpp
[1492.605s] -- Symlinking: /repo/ws/install/include/px4_msgs/px4_msgs/msg/detail/fuel_tank_status__builder.hpp
[1492.618s] -- Symlinking: /repo/ws/install/include/px4_msgs/px4_msgs/msg/detail/fuel_tank_status__struct.hpp
[1492.631s] -- Symlinking: /repo/ws/install/include/px4_msgs/px4_msgs/msg/detail/fuel_tank_status__traits.hpp
[1492.645s] -- Symlinking: /repo/ws/install/include/px4_msgs/px4_msgs/msg/detail/fuel_tank_status__type_support.hpp
[1492.660s] -- Symlinking: /repo/ws/install/include/px4_msgs/px4_msgs/msg/detail/gain_compression__builder.hpp
[1492.675s] -- Symlinking: /repo/ws/install/include/px4_msgs/px4_msgs/msg/detail/gain_compression__struct.hpp
[1492.689s] -- Symlinking: /repo/ws/install/include/px4_msgs/px4_msgs/msg/detail/gain_compression__traits.hpp
[1492.702s] -- Symlinking: /repo/ws/install/include/px4_msgs/px4_msgs/msg/detail/gain_compression__type_support.hpp
[1492.716s] -- Symlinking: /repo/ws/install/include/px4_msgs/px4_msgs/msg/detail/generator_status__builder.hpp
[1492.730s] -- Symlinking: /repo/ws/install/include/px4_msgs/px4_msgs/msg/detail/generator_status__struct.hpp
[1492.744s] -- Symlinking: /repo/ws/install/include/px4_msgs/px4_msgs/msg/detail/generator_status__traits.hpp
[1492.759s] -- Symlinking: /repo/ws/install/include/px4_msgs/px4_msgs/msg/detail/generator_status__type_support.hpp
[1492.774s] -- Symlinking: /repo/ws/install/include/px4_msgs/px4_msgs/msg/detail/geofence_result__builder.hpp
[1492.788s] -- Symlinking: /repo/ws/install/include/px4_msgs/px4_msgs/msg/detail/geofence_result__struct.hpp
[1492.807s] -- Symlinking: /repo/ws/install/include/px4_msgs/px4_msgs/msg/detail/geofence_result__traits.hpp
[1492.832s] -- Symlinking: /repo/ws/install/include/px4_msgs/px4_msgs/msg/detail/geofence_result__type_support.hpp
[1492.856s] -- Symlinking: /repo/ws/install/include/px4_msgs/px4_msgs/msg/detail/geofence_status__builder.hpp
[1492.873s] -- Symlinking: /repo/ws/install/include/px4_msgs/px4_msgs/msg/detail/geofence_status__struct.hpp
[1492.890s] -- Symlinking: /repo/ws/install/include/px4_msgs/px4_msgs/msg/detail/geofence_status__traits.hpp
[1492.911s] -- Symlinking: /repo/ws/install/include/px4_msgs/px4_msgs/msg/detail/geofence_status__type_support.hpp
[1492.933s] -- Symlinking: /repo/ws/install/include/px4_msgs/px4_msgs/msg/detail/gimbal_controls__builder.hpp
[1492.947s] -- Symlinking: /repo/ws/install/include/px4_msgs/px4_msgs/msg/detail/gimbal_controls__struct.hpp
[1492.961s] -- Symlinking: /repo/ws/install/include/px4_msgs/px4_msgs/msg/detail/gimbal_controls__traits.hpp
[1492.976s] -- Symlinking: /repo/ws/install/include/px4_msgs/px4_msgs/msg/detail/gimbal_controls__type_support.hpp
[1492.990s] -- Symlinking: /repo/ws/install/include/px4_msgs/px4_msgs/msg/detail/gimbal_device_attitude_status__builder.hpp
[1493.004s] -- Symlinking: /repo/ws/install/include/px4_msgs/px4_msgs/msg/detail/gimbal_device_attitude_status__struct.hpp
[1493.018s] -- Symlinking: /repo/ws/install/include/px4_msgs/px4_msgs/msg/detail/gimbal_device_attitude_status__traits.hpp
[1493.032s] -- Symlinking: /repo/ws/install/include/px4_msgs/px4_msgs/msg/detail/gimbal_device_attitude_status__type_support.hpp
[1493.045s] -- Symlinking: /repo/ws/install/include/px4_msgs/px4_msgs/msg/detail/gimbal_device_information__builder.hpp
[1493.061s] -- Symlinking: /repo/ws/install/include/px4_msgs/px4_msgs/msg/detail/gimbal_device_information__struct.hpp
[1493.078s] -- Symlinking: /repo/ws/install/include/px4_msgs/px4_msgs/msg/detail/gimbal_device_information__traits.hpp
[1493.089s] -- Symlinking: /repo/ws/install/include/px4_msgs/px4_msgs/msg/detail/gimbal_device_information__type_support.hpp
[1493.103s] -- Symlinking: /repo/ws/install/include/px4_msgs/px4_msgs/msg/detail/gimbal_device_set_attitude__builder.hpp
[1493.127s] -- Symlinking: /repo/ws/install/include/px4_msgs/px4_msgs/msg/detail/gimbal_device_set_attitude__struct.hpp
[1493.142s] -- Symlinking: /repo/ws/install/include/px4_msgs/px4_msgs/msg/detail/gimbal_device_set_attitude__traits.hpp
[1493.158s] -- Symlinking: /repo/ws/install/include/px4_msgs/px4_msgs/msg/detail/gimbal_device_set_attitude__type_support.hpp
[1493.177s] -- Symlinking: /repo/ws/install/include/px4_msgs/px4_msgs/msg/detail/gimbal_manager_information__builder.hpp
[1493.192s] -- Symlinking: /repo/ws/install/include/px4_msgs/px4_msgs/msg/detail/gimbal_manager_information__struct.hpp
[1493.206s] -- Symlinking: /repo/ws/install/include/px4_msgs/px4_msgs/msg/detail/gimbal_manager_information__traits.hpp
[1493.223s] -- Symlinking: /repo/ws/install/include/px4_msgs/px4_msgs/msg/detail/gimbal_manager_information__type_support.hpp
[1493.252s] -- Symlinking: /repo/ws/install/include/px4_msgs/px4_msgs/msg/detail/gimbal_manager_set_attitude__builder.hpp
[1493.266s] -- Symlinking: /repo/ws/install/include/px4_msgs/px4_msgs/msg/detail/gimbal_manager_set_attitude__struct.hpp
[1493.284s] -- Symlinking: /repo/ws/install/include/px4_msgs/px4_msgs/msg/detail/gimbal_manager_set_attitude__traits.hpp
[1493.301s] -- Symlinking: /repo/ws/install/include/px4_msgs/px4_msgs/msg/detail/gimbal_manager_set_attitude__type_support.hpp
[1493.314s] -- Symlinking: /repo/ws/install/include/px4_msgs/px4_msgs/msg/detail/gimbal_manager_set_manual_control__builder.hpp
[1493.328s] -- Symlinking: /repo/ws/install/include/px4_msgs/px4_msgs/msg/detail/gimbal_manager_set_manual_control__struct.hpp
[1493.344s] -- Symlinking: /repo/ws/install/include/px4_msgs/px4_msgs/msg/detail/gimbal_manager_set_manual_control__traits.hpp
[1493.355s] -- Symlinking: /repo/ws/install/include/px4_msgs/px4_msgs/msg/detail/gimbal_manager_set_manual_control__type_support.hpp
[1493.369s] -- Symlinking: /repo/ws/install/include/px4_msgs/px4_msgs/msg/detail/gimbal_manager_status__builder.hpp
[1493.385s] -- Symlinking: /repo/ws/install/include/px4_msgs/px4_msgs/msg/detail/gimbal_manager_status__struct.hpp
[1493.399s] -- Symlinking: /repo/ws/install/include/px4_msgs/px4_msgs/msg/detail/gimbal_manager_status__traits.hpp
[1493.413s] -- Symlinking: /repo/ws/install/include/px4_msgs/px4_msgs/msg/detail/gimbal_manager_status__type_support.hpp
[1493.429s] -- Symlinking: /repo/ws/install/include/px4_msgs/px4_msgs/msg/detail/goto_setpoint__builder.hpp
[1493.443s] -- Symlinking: /repo/ws/install/include/px4_msgs/px4_msgs/msg/detail/goto_setpoint__struct.hpp
[1493.457s] -- Symlinking: /repo/ws/install/include/px4_msgs/px4_msgs/msg/detail/goto_setpoint__traits.hpp
[1493.471s] -- Symlinking: /repo/ws/install/include/px4_msgs/px4_msgs/msg/detail/goto_setpoint__type_support.hpp
[1493.487s] -- Symlinking: /repo/ws/install/include/px4_msgs/px4_msgs/msg/detail/gpio_config__builder.hpp
[1493.501s] -- Symlinking: /repo/ws/install/include/px4_msgs/px4_msgs/msg/detail/gpio_config__struct.hpp
[1493.550s] -- Symlinking: /repo/ws/install/include/px4_msgs/px4_msgs/msg/detail/gpio_config__traits.hpp
[1493.562s] -- Symlinking: /repo/ws/install/include/px4_msgs/px4_msgs/msg/detail/gpio_config__type_support.hpp
[1493.575s] -- Symlinking: /repo/ws/install/include/px4_msgs/px4_msgs/msg/detail/gpio_in__builder.hpp
[1493.588s] -- Symlinking: /repo/ws/install/include/px4_msgs/px4_msgs/msg/detail/gpio_in__struct.hpp
[1493.604s] -- Symlinking: /repo/ws/install/include/px4_msgs/px4_msgs/msg/detail/gpio_in__traits.hpp
[1493.616s] -- Symlinking: /repo/ws/install/include/px4_msgs/px4_msgs/msg/detail/gpio_in__type_support.hpp
[1493.630s] -- Symlinking: /repo/ws/install/include/px4_msgs/px4_msgs/msg/detail/gpio_out__builder.hpp
[1493.646s] -- Symlinking: /repo/ws/install/include/px4_msgs/px4_msgs/msg/detail/gpio_out__struct.hpp
[1493.661s] -- Symlinking: /repo/ws/install/include/px4_msgs/px4_msgs/msg/detail/gpio_out__traits.hpp
[1493.674s] -- Symlinking: /repo/ws/install/include/px4_msgs/px4_msgs/msg/detail/gpio_out__type_support.hpp
[1493.703s] -- Symlinking: /repo/ws/install/include/px4_msgs/px4_msgs/msg/detail/gpio_request__builder.hpp
[1493.717s] -- Symlinking: /repo/ws/install/include/px4_msgs/px4_msgs/msg/detail/gpio_request__struct.hpp
[1493.734s] -- Symlinking: /repo/ws/install/include/px4_msgs/px4_msgs/msg/detail/gpio_request__traits.hpp
[1493.764s] -- Symlinking: /repo/ws/install/include/px4_msgs/px4_msgs/msg/detail/gpio_request__type_support.hpp
[1493.791s] -- Symlinking: /repo/ws/install/include/px4_msgs/px4_msgs/msg/detail/gps_dump__builder.hpp
[1493.811s] -- Symlinking: /repo/ws/install/include/px4_msgs/px4_msgs/msg/detail/gps_dump__struct.hpp
[1493.823s] -- Symlinking: /repo/ws/install/include/px4_msgs/px4_msgs/msg/detail/gps_dump__traits.hpp
[1493.835s] -- Symlinking: /repo/ws/install/include/px4_msgs/px4_msgs/msg/detail/gps_dump__type_support.hpp
[1493.852s] -- Symlinking: /repo/ws/install/include/px4_msgs/px4_msgs/msg/detail/gps_inject_data__builder.hpp
[1493.865s] -- Symlinking: /repo/ws/install/include/px4_msgs/px4_msgs/msg/detail/gps_inject_data__struct.hpp
[1493.881s] -- Symlinking: /repo/ws/install/include/px4_msgs/px4_msgs/msg/detail/gps_inject_data__traits.hpp
[1493.896s] -- Symlinking: /repo/ws/install/include/px4_msgs/px4_msgs/msg/detail/gps_inject_data__type_support.hpp
[1493.907s] -- Symlinking: /repo/ws/install/include/px4_msgs/px4_msgs/msg/detail/gripper__builder.hpp
[1493.922s] -- Symlinking: /repo/ws/install/include/px4_msgs/px4_msgs/msg/detail/gripper__struct.hpp
[1493.936s] -- Symlinking: /repo/ws/install/include/px4_msgs/px4_msgs/msg/detail/gripper__traits.hpp
[1493.950s] -- Symlinking: /repo/ws/install/include/px4_msgs/px4_msgs/msg/detail/gripper__type_support.hpp
[1493.992s] -- Symlinking: /repo/ws/install/include/px4_msgs/px4_msgs/msg/detail/health_report__builder.hpp
[1494.021s] -- Symlinking: /repo/ws/install/include/px4_msgs/px4_msgs/msg/detail/health_report__struct.hpp
[1494.034s] -- Symlinking: /repo/ws/install/include/px4_msgs/px4_msgs/msg/detail/health_report__traits.hpp
[1494.048s] -- Symlinking: /repo/ws/install/include/px4_msgs/px4_msgs/msg/detail/health_report__type_support.hpp
[1494.063s] -- Symlinking: /repo/ws/install/include/px4_msgs/px4_msgs/msg/detail/heater_status__builder.hpp
[1494.077s] -- Symlinking: /repo/ws/install/include/px4_msgs/px4_msgs/msg/detail/heater_status__struct.hpp
[1494.095s] -- Symlinking: /repo/ws/install/include/px4_msgs/px4_msgs/msg/detail/heater_status__traits.hpp
[1494.116s] -- Symlinking: /repo/ws/install/include/px4_msgs/px4_msgs/msg/detail/heater_status__type_support.hpp
[1494.145s] -- Symlinking: /repo/ws/install/include/px4_msgs/px4_msgs/msg/detail/home_position__builder.hpp
[1494.165s] -- Symlinking: /repo/ws/install/include/px4_msgs/px4_msgs/msg/detail/home_position__struct.hpp
[1494.178s] -- Symlinking: /repo/ws/install/include/px4_msgs/px4_msgs/msg/detail/home_position__traits.hpp
[1494.194s] -- Symlinking: /repo/ws/install/include/px4_msgs/px4_msgs/msg/detail/home_position__type_support.hpp
[1494.207s] -- Symlinking: /repo/ws/install/include/px4_msgs/px4_msgs/msg/detail/hover_thrust_estimate__builder.hpp
[1494.228s] -- Symlinking: /repo/ws/install/include/px4_msgs/px4_msgs/msg/detail/hover_thrust_estimate__struct.hpp
[1494.250s] -- Symlinking: /repo/ws/install/include/px4_msgs/px4_msgs/msg/detail/hover_thrust_estimate__traits.hpp
[1494.278s] -- Symlinking: /repo/ws/install/include/px4_msgs/px4_msgs/msg/detail/hover_thrust_estimate__type_support.hpp
[1494.303s] -- Symlinking: /repo/ws/install/include/px4_msgs/px4_msgs/msg/detail/input_rc__builder.hpp
[1494.329s] -- Symlinking: /repo/ws/install/include/px4_msgs/px4_msgs/msg/detail/input_rc__struct.hpp
[1494.357s] -- Symlinking: /repo/ws/install/include/px4_msgs/px4_msgs/msg/detail/input_rc__traits.hpp
[1494.383s] -- Symlinking: /repo/ws/install/include/px4_msgs/px4_msgs/msg/detail/input_rc__type_support.hpp
[1494.410s] -- Symlinking: /repo/ws/install/include/px4_msgs/px4_msgs/msg/detail/internal_combustion_engine_control__builder.hpp
[1494.436s] -- Symlinking: /repo/ws/install/include/px4_msgs/px4_msgs/msg/detail/internal_combustion_engine_control__struct.hpp
[1494.463s] -- Symlinking: /repo/ws/install/include/px4_msgs/px4_msgs/msg/detail/internal_combustion_engine_control__traits.hpp
[1494.476s] -- Symlinking: /repo/ws/install/include/px4_msgs/px4_msgs/msg/detail/internal_combustion_engine_control__type_support.hpp
[1494.490s] -- Symlinking: /repo/ws/install/include/px4_msgs/px4_msgs/msg/detail/internal_combustion_engine_status__builder.hpp
[1494.504s] -- Symlinking: /repo/ws/install/include/px4_msgs/px4_msgs/msg/detail/internal_combustion_engine_status__struct.hpp
[1494.520s] -- Symlinking: /repo/ws/install/include/px4_msgs/px4_msgs/msg/detail/internal_combustion_engine_status__traits.hpp
[1494.564s] -- Symlinking: /repo/ws/install/include/px4_msgs/px4_msgs/msg/detail/internal_combustion_engine_status__type_support.hpp
[1494.579s] -- Symlinking: /repo/ws/install/include/px4_msgs/px4_msgs/msg/detail/iridiumsbd_status__builder.hpp
[1494.595s] -- Symlinking: /repo/ws/install/include/px4_msgs/px4_msgs/msg/detail/iridiumsbd_status__struct.hpp
[1494.609s] -- Symlinking: /repo/ws/install/include/px4_msgs/px4_msgs/msg/detail/iridiumsbd_status__traits.hpp
[1494.623s] -- Symlinking: /repo/ws/install/include/px4_msgs/px4_msgs/msg/detail/iridiumsbd_status__type_support.hpp
[1494.637s] -- Symlinking: /repo/ws/install/include/px4_msgs/px4_msgs/msg/detail/irlock_report__builder.hpp
[1494.651s] -- Symlinking: /repo/ws/install/include/px4_msgs/px4_msgs/msg/detail/irlock_report__struct.hpp
[1494.666s] -- Symlinking: /repo/ws/install/include/px4_msgs/px4_msgs/msg/detail/irlock_report__traits.hpp
[1494.682s] -- Symlinking: /repo/ws/install/include/px4_msgs/px4_msgs/msg/detail/irlock_report__type_support.hpp
[1494.698s] -- Symlinking: /repo/ws/install/include/px4_msgs/px4_msgs/msg/detail/landing_gear__builder.hpp
[1494.714s] -- Symlinking: /repo/ws/install/include/px4_msgs/px4_msgs/msg/detail/landing_gear__struct.hpp
[1494.727s] -- Symlinking: /repo/ws/install/include/px4_msgs/px4_msgs/msg/detail/landing_gear__traits.hpp
[1494.745s] -- Symlinking: /repo/ws/install/include/px4_msgs/px4_msgs/msg/detail/landing_gear__type_support.hpp
[1494.758s] -- Symlinking: /repo/ws/install/include/px4_msgs/px4_msgs/msg/detail/landing_gear_wheel__builder.hpp
[1494.772s] -- Symlinking: /repo/ws/install/include/px4_msgs/px4_msgs/msg/detail/landing_gear_wheel__struct.hpp
[1494.785s] -- Symlinking: /repo/ws/install/include/px4_msgs/px4_msgs/msg/detail/landing_gear_wheel__traits.hpp
[1494.800s] -- Symlinking: /repo/ws/install/include/px4_msgs/px4_msgs/msg/detail/landing_gear_wheel__type_support.hpp
[1494.814s] -- Symlinking: /repo/ws/install/include/px4_msgs/px4_msgs/msg/detail/landing_target_innovations__builder.hpp
[1494.834s] -- Symlinking: /repo/ws/install/include/px4_msgs/px4_msgs/msg/detail/landing_target_innovations__struct.hpp
[1494.858s] -- Symlinking: /repo/ws/install/include/px4_msgs/px4_msgs/msg/detail/landing_target_innovations__traits.hpp
[1494.885s] -- Symlinking: /repo/ws/install/include/px4_msgs/px4_msgs/msg/detail/landing_target_innovations__type_support.hpp
[1494.915s] -- Symlinking: /repo/ws/install/include/px4_msgs/px4_msgs/msg/detail/landing_target_pose__builder.hpp
[1494.943s] -- Symlinking: /repo/ws/install/include/px4_msgs/px4_msgs/msg/detail/landing_target_pose__struct.hpp
[1494.969s] -- Symlinking: /repo/ws/install/include/px4_msgs/px4_msgs/msg/detail/landing_target_pose__traits.hpp
[1494.988s] -- Symlinking: /repo/ws/install/include/px4_msgs/px4_msgs/msg/detail/landing_target_pose__type_support.hpp
[1495.015s] -- Symlinking: /repo/ws/install/include/px4_msgs/px4_msgs/msg/detail/lateral_control_configuration__builder.hpp
[1495.042s] -- Symlinking: /repo/ws/install/include/px4_msgs/px4_msgs/msg/detail/lateral_control_configuration__struct.hpp
[1495.068s] -- Symlinking: /repo/ws/install/include/px4_msgs/px4_msgs/msg/detail/lateral_control_configuration__traits.hpp
[1495.095s] -- Symlinking: /repo/ws/install/include/px4_msgs/px4_msgs/msg/detail/lateral_control_configuration__type_support.hpp
[1495.121s] -- Symlinking: /repo/ws/install/include/px4_msgs/px4_msgs/msg/detail/launch_detection_status__builder.hpp
[1495.146s] -- Symlinking: /repo/ws/install/include/px4_msgs/px4_msgs/msg/detail/launch_detection_status__struct.hpp
[1495.163s] -- Symlinking: /repo/ws/install/include/px4_msgs/px4_msgs/msg/detail/launch_detection_status__traits.hpp
[1495.176s] -- Symlinking: /repo/ws/install/include/px4_msgs/px4_msgs/msg/detail/launch_detection_status__type_support.hpp
[1495.190s] -- Symlinking: /repo/ws/install/include/px4_msgs/px4_msgs/msg/detail/led_control__builder.hpp
[1495.205s] -- Symlinking: /repo/ws/install/include/px4_msgs/px4_msgs/msg/detail/led_control__struct.hpp
[1495.218s] -- Symlinking: /repo/ws/install/include/px4_msgs/px4_msgs/msg/detail/led_control__traits.hpp
[1495.232s] -- Symlinking: /repo/ws/install/include/px4_msgs/px4_msgs/msg/detail/led_control__type_support.hpp
[1495.257s] -- Symlinking: /repo/ws/install/include/px4_msgs/px4_msgs/msg/detail/log_message__builder.hpp
[1495.284s] -- Symlinking: /repo/ws/install/include/px4_msgs/px4_msgs/msg/detail/log_message__struct.hpp
[1495.301s] -- Symlinking: /repo/ws/install/include/px4_msgs/px4_msgs/msg/detail/log_message__traits.hpp
[1495.314s] -- Symlinking: /repo/ws/install/include/px4_msgs/px4_msgs/msg/detail/log_message__type_support.hpp
[1495.328s] -- Symlinking: /repo/ws/install/include/px4_msgs/px4_msgs/msg/detail/logger_status__builder.hpp
[1495.342s] -- Symlinking: /repo/ws/install/include/px4_msgs/px4_msgs/msg/detail/logger_status__struct.hpp
[1495.355s] -- Symlinking: /repo/ws/install/include/px4_msgs/px4_msgs/msg/detail/logger_status__traits.hpp
[1495.370s] -- Symlinking: /repo/ws/install/include/px4_msgs/px4_msgs/msg/detail/logger_status__type_support.hpp
[1495.383s] -- Symlinking: /repo/ws/install/include/px4_msgs/px4_msgs/msg/detail/longitudinal_control_configuration__builder.hpp
[1495.406s] -- Symlinking: /repo/ws/install/include/px4_msgs/px4_msgs/msg/detail/longitudinal_control_configuration__struct.hpp
[1495.423s] -- Symlinking: /repo/ws/install/include/px4_msgs/px4_msgs/msg/detail/longitudinal_control_configuration__traits.hpp
[1495.451s] -- Symlinking: /repo/ws/install/include/px4_msgs/px4_msgs/msg/detail/longitudinal_control_configuration__type_support.hpp
[1495.480s] -- Symlinking: /repo/ws/install/include/px4_msgs/px4_msgs/msg/detail/mag_worker_data__builder.hpp
[1495.508s] -- Symlinking: /repo/ws/install/include/px4_msgs/px4_msgs/msg/detail/mag_worker_data__struct.hpp
[1495.533s] -- Symlinking: /repo/ws/install/include/px4_msgs/px4_msgs/msg/detail/mag_worker_data__traits.hpp
[1495.562s] -- Symlinking: /repo/ws/install/include/px4_msgs/px4_msgs/msg/detail/mag_worker_data__type_support.hpp
[1495.588s] -- Symlinking: /repo/ws/install/include/px4_msgs/px4_msgs/msg/detail/magnetometer_bias_estimate__builder.hpp
[1495.615s] -- Symlinking: /repo/ws/install/include/px4_msgs/px4_msgs/msg/detail/magnetometer_bias_estimate__struct.hpp
[1495.640s] -- Symlinking: /repo/ws/install/include/px4_msgs/px4_msgs/msg/detail/magnetometer_bias_estimate__traits.hpp
[1495.663s] -- Symlinking: /repo/ws/install/include/px4_msgs/px4_msgs/msg/detail/magnetometer_bias_estimate__type_support.hpp
[1495.677s] -- Symlinking: /repo/ws/install/include/px4_msgs/px4_msgs/msg/detail/manual_control_setpoint__builder.hpp
[1495.693s] -- Symlinking: /repo/ws/install/include/px4_msgs/px4_msgs/msg/detail/manual_control_setpoint__struct.hpp
[1495.706s] -- Symlinking: /repo/ws/install/include/px4_msgs/px4_msgs/msg/detail/manual_control_setpoint__traits.hpp
[1495.723s] -- Symlinking: /repo/ws/install/include/px4_msgs/px4_msgs/msg/detail/manual_control_setpoint__type_support.hpp
[1495.743s] -- Symlinking: /repo/ws/install/include/px4_msgs/px4_msgs/msg/detail/manual_control_switches__builder.hpp
[1495.758s] -- Symlinking: /repo/ws/install/include/px4_msgs/px4_msgs/msg/detail/manual_control_switches__struct.hpp
[1495.772s] -- Symlinking: /repo/ws/install/include/px4_msgs/px4_msgs/msg/detail/manual_control_switches__traits.hpp
[1495.792s] -- Symlinking: /repo/ws/install/include/px4_msgs/px4_msgs/msg/detail/manual_control_switches__type_support.hpp
[1495.820s] -- Symlinking: /repo/ws/install/include/px4_msgs/px4_msgs/msg/detail/mavlink_log__builder.hpp
[1495.848s] -- Symlinking: /repo/ws/install/include/px4_msgs/px4_msgs/msg/detail/mavlink_log__struct.hpp
[1495.878s] -- Symlinking: /repo/ws/install/include/px4_msgs/px4_msgs/msg/detail/mavlink_log__traits.hpp
[1495.909s] -- Symlinking: /repo/ws/install/include/px4_msgs/px4_msgs/msg/detail/mavlink_log__type_support.hpp
[1495.926s] -- Symlinking: /repo/ws/install/include/px4_msgs/px4_msgs/msg/detail/mavlink_tunnel__builder.hpp
[1495.939s] -- Symlinking: /repo/ws/install/include/px4_msgs/px4_msgs/msg/detail/mavlink_tunnel__struct.hpp
[1495.953s] -- Symlinking: /repo/ws/install/include/px4_msgs/px4_msgs/msg/detail/mavlink_tunnel__traits.hpp
[1495.966s] -- Symlinking: /repo/ws/install/include/px4_msgs/px4_msgs/msg/detail/mavlink_tunnel__type_support.hpp
[1495.982s] -- Symlinking: /repo/ws/install/include/px4_msgs/px4_msgs/msg/detail/message_format_request__builder.hpp
[1495.994s] -- Symlinking: /repo/ws/install/include/px4_msgs/px4_msgs/msg/detail/message_format_request__struct.hpp
[1496.014s] -- Symlinking: /repo/ws/install/include/px4_msgs/px4_msgs/msg/detail/message_format_request__traits.hpp
[1496.028s] -- Symlinking: /repo/ws/install/include/px4_msgs/px4_msgs/msg/detail/message_format_request__type_support.hpp
[1496.045s] -- Symlinking: /repo/ws/install/include/px4_msgs/px4_msgs/msg/detail/message_format_response__builder.hpp
[1496.056s] -- Symlinking: /repo/ws/install/include/px4_msgs/px4_msgs/msg/detail/message_format_response__struct.hpp
[1496.070s] -- Symlinking: /repo/ws/install/include/px4_msgs/px4_msgs/msg/detail/message_format_response__traits.hpp
[1496.085s] -- Symlinking: /repo/ws/install/include/px4_msgs/px4_msgs/msg/detail/message_format_response__type_support.hpp
[1496.098s] -- Symlinking: /repo/ws/install/include/px4_msgs/px4_msgs/msg/detail/mission__builder.hpp
[1496.115s] -- Symlinking: /repo/ws/install/include/px4_msgs/px4_msgs/msg/detail/mission__struct.hpp
[1496.129s] -- Symlinking: /repo/ws/install/include/px4_msgs/px4_msgs/msg/detail/mission__traits.hpp
[1496.142s] -- Symlinking: /repo/ws/install/include/px4_msgs/px4_msgs/msg/detail/mission__type_support.hpp
[1496.155s] -- Symlinking: /repo/ws/install/include/px4_msgs/px4_msgs/msg/detail/mission_result__builder.hpp
[1496.168s] -- Symlinking: /repo/ws/install/include/px4_msgs/px4_msgs/msg/detail/mission_result__struct.hpp
[1496.182s] -- Symlinking: /repo/ws/install/include/px4_msgs/px4_msgs/msg/detail/mission_result__traits.hpp
[1496.195s] -- Symlinking: /repo/ws/install/include/px4_msgs/px4_msgs/msg/detail/mission_result__type_support.hpp
[1496.209s] -- Symlinking: /repo/ws/install/include/px4_msgs/px4_msgs/msg/detail/mode_completed__builder.hpp
[1496.222s] -- Symlinking: /repo/ws/install/include/px4_msgs/px4_msgs/msg/detail/mode_completed__struct.hpp
[1496.235s] -- Symlinking: /repo/ws/install/include/px4_msgs/px4_msgs/msg/detail/mode_completed__traits.hpp
[1496.248s] -- Symlinking: /repo/ws/install/include/px4_msgs/px4_msgs/msg/detail/mode_completed__type_support.hpp
[1496.261s] -- Symlinking: /repo/ws/install/include/px4_msgs/px4_msgs/msg/detail/mount_orientation__builder.hpp
[1496.274s] -- Symlinking: /repo/ws/install/include/px4_msgs/px4_msgs/msg/detail/mount_orientation__struct.hpp
[1496.287s] -- Symlinking: /repo/ws/install/include/px4_msgs/px4_msgs/msg/detail/mount_orientation__traits.hpp
[1496.300s] -- Symlinking: /repo/ws/install/include/px4_msgs/px4_msgs/msg/detail/mount_orientation__type_support.hpp
[1496.314s] -- Symlinking: /repo/ws/install/include/px4_msgs/px4_msgs/msg/detail/navigator_mission_item__builder.hpp
[1496.327s] -- Symlinking: /repo/ws/install/include/px4_msgs/px4_msgs/msg/detail/navigator_mission_item__struct.hpp
[1496.339s] -- Symlinking: /repo/ws/install/include/px4_msgs/px4_msgs/msg/detail/navigator_mission_item__traits.hpp
[1496.352s] -- Symlinking: /repo/ws/install/include/px4_msgs/px4_msgs/msg/detail/navigator_mission_item__type_support.hpp
[1496.365s] -- Symlinking: /repo/ws/install/include/px4_msgs/px4_msgs/msg/detail/navigator_status__builder.hpp
[1496.378s] -- Symlinking: /repo/ws/install/include/px4_msgs/px4_msgs/msg/detail/navigator_status__struct.hpp
[1496.391s] -- Symlinking: /repo/ws/install/include/px4_msgs/px4_msgs/msg/detail/navigator_status__traits.hpp
[1496.405s] -- Symlinking: /repo/ws/install/include/px4_msgs/px4_msgs/msg/detail/navigator_status__type_support.hpp
[1496.418s] -- Symlinking: /repo/ws/install/include/px4_msgs/px4_msgs/msg/detail/neural_control__builder.hpp
[1496.431s] -- Symlinking: /repo/ws/install/include/px4_msgs/px4_msgs/msg/detail/neural_control__struct.hpp
[1496.444s] -- Symlinking: /repo/ws/install/include/px4_msgs/px4_msgs/msg/detail/neural_control__traits.hpp
[1496.457s] -- Symlinking: /repo/ws/install/include/px4_msgs/px4_msgs/msg/detail/neural_control__type_support.hpp
[1496.470s] -- Symlinking: /repo/ws/install/include/px4_msgs/px4_msgs/msg/detail/normalized_unsigned_setpoint__builder.hpp
[1496.484s] -- Symlinking: /repo/ws/install/include/px4_msgs/px4_msgs/msg/detail/normalized_unsigned_setpoint__struct.hpp
[1496.497s] -- Symlinking: /repo/ws/install/include/px4_msgs/px4_msgs/msg/detail/normalized_unsigned_setpoint__traits.hpp
[1496.511s] -- Symlinking: /repo/ws/install/include/px4_msgs/px4_msgs/msg/detail/normalized_unsigned_setpoint__type_support.hpp
[1496.524s] -- Symlinking: /repo/ws/install/include/px4_msgs/px4_msgs/msg/detail/obstacle_distance__builder.hpp
[1496.537s] -- Symlinking: /repo/ws/install/include/px4_msgs/px4_msgs/msg/detail/obstacle_distance__struct.hpp
[1496.550s] -- Symlinking: /repo/ws/install/include/px4_msgs/px4_msgs/msg/detail/obstacle_distance__traits.hpp
[1496.563s] -- Symlinking: /repo/ws/install/include/px4_msgs/px4_msgs/msg/detail/obstacle_distance__type_support.hpp
[1496.576s] -- Symlinking: /repo/ws/install/include/px4_msgs/px4_msgs/msg/detail/offboard_control_mode__builder.hpp
[1496.590s] -- Symlinking: /repo/ws/install/include/px4_msgs/px4_msgs/msg/detail/offboard_control_mode__struct.hpp
[1496.603s] -- Symlinking: /repo/ws/install/include/px4_msgs/px4_msgs/msg/detail/offboard_control_mode__traits.hpp
[1496.616s] -- Symlinking: /repo/ws/install/include/px4_msgs/px4_msgs/msg/detail/offboard_control_mode__type_support.hpp
[1496.629s] -- Symlinking: /repo/ws/install/include/px4_msgs/px4_msgs/msg/detail/onboard_computer_status__builder.hpp
[1496.642s] -- Symlinking: /repo/ws/install/include/px4_msgs/px4_msgs/msg/detail/onboard_computer_status__struct.hpp
[1496.656s] -- Symlinking: /repo/ws/install/include/px4_msgs/px4_msgs/msg/detail/onboard_computer_status__traits.hpp
[1496.669s] -- Symlinking: /repo/ws/install/include/px4_msgs/px4_msgs/msg/detail/onboard_computer_status__type_support.hpp
[1496.682s] -- Symlinking: /repo/ws/install/include/px4_msgs/px4_msgs/msg/detail/open_drone_id_arm_status__builder.hpp
[1496.696s] -- Symlinking: /repo/ws/install/include/px4_msgs/px4_msgs/msg/detail/open_drone_id_arm_status__struct.hpp
[1496.710s] -- Symlinking: /repo/ws/install/include/px4_msgs/px4_msgs/msg/detail/open_drone_id_arm_status__traits.hpp
[1496.723s] -- Symlinking: /repo/ws/install/include/px4_msgs/px4_msgs/msg/detail/open_drone_id_arm_status__type_support.hpp
[1496.736s] -- Symlinking: /repo/ws/install/include/px4_msgs/px4_msgs/msg/detail/open_drone_id_operator_id__builder.hpp
[1496.749s] -- Symlinking: /repo/ws/install/include/px4_msgs/px4_msgs/msg/detail/open_drone_id_operator_id__struct.hpp
[1496.762s] -- Symlinking: /repo/ws/install/include/px4_msgs/px4_msgs/msg/detail/open_drone_id_operator_id__traits.hpp
[1496.775s] -- Symlinking: /repo/ws/install/include/px4_msgs/px4_msgs/msg/detail/open_drone_id_operator_id__type_support.hpp
[1496.788s] -- Symlinking: /repo/ws/install/include/px4_msgs/px4_msgs/msg/detail/open_drone_id_self_id__builder.hpp
[1496.801s] -- Symlinking: /repo/ws/install/include/px4_msgs/px4_msgs/msg/detail/open_drone_id_self_id__struct.hpp
[1496.814s] -- Symlinking: /repo/ws/install/include/px4_msgs/px4_msgs/msg/detail/open_drone_id_self_id__traits.hpp
[1496.828s] -- Symlinking: /repo/ws/install/include/px4_msgs/px4_msgs/msg/detail/open_drone_id_self_id__type_support.hpp
[1496.840s] -- Symlinking: /repo/ws/install/include/px4_msgs/px4_msgs/msg/detail/open_drone_id_system__builder.hpp
[1496.853s] -- Symlinking: /repo/ws/install/include/px4_msgs/px4_msgs/msg/detail/open_drone_id_system__struct.hpp
[1496.866s] -- Symlinking: /repo/ws/install/include/px4_msgs/px4_msgs/msg/detail/open_drone_id_system__traits.hpp
[1496.880s] -- Symlinking: /repo/ws/install/include/px4_msgs/px4_msgs/msg/detail/open_drone_id_system__type_support.hpp
[1496.893s] -- Symlinking: /repo/ws/install/include/px4_msgs/px4_msgs/msg/detail/orb_test__builder.hpp
[1496.906s] -- Symlinking: /repo/ws/install/include/px4_msgs/px4_msgs/msg/detail/orb_test__struct.hpp
[1496.920s] -- Symlinking: /repo/ws/install/include/px4_msgs/px4_msgs/msg/detail/orb_test__traits.hpp
[1496.933s] -- Symlinking: /repo/ws/install/include/px4_msgs/px4_msgs/msg/detail/orb_test__type_support.hpp
[1496.946s] -- Symlinking: /repo/ws/install/include/px4_msgs/px4_msgs/msg/detail/orb_test_large__builder.hpp
[1496.958s] -- Symlinking: /repo/ws/install/include/px4_msgs/px4_msgs/msg/detail/orb_test_large__struct.hpp
[1496.971s] -- Symlinking: /repo/ws/install/include/px4_msgs/px4_msgs/msg/detail/orb_test_large__traits.hpp
[1496.984s] -- Symlinking: /repo/ws/install/include/px4_msgs/px4_msgs/msg/detail/orb_test_large__type_support.hpp
[1496.997s] -- Symlinking: /repo/ws/install/include/px4_msgs/px4_msgs/msg/detail/orb_test_medium__builder.hpp
[1497.011s] -- Symlinking: /repo/ws/install/include/px4_msgs/px4_msgs/msg/detail/orb_test_medium__struct.hpp
[1497.025s] -- Symlinking: /repo/ws/install/include/px4_msgs/px4_msgs/msg/detail/orb_test_medium__traits.hpp
[1497.038s] -- Symlinking: /repo/ws/install/include/px4_msgs/px4_msgs/msg/detail/orb_test_medium__type_support.hpp
[1497.051s] -- Symlinking: /repo/ws/install/include/px4_msgs/px4_msgs/msg/detail/orbit_status__builder.hpp
[1497.064s] -- Symlinking: /repo/ws/install/include/px4_msgs/px4_msgs/msg/detail/orbit_status__struct.hpp
[1497.077s] -- Symlinking: /repo/ws/install/include/px4_msgs/px4_msgs/msg/detail/orbit_status__traits.hpp
[1497.090s] -- Symlinking: /repo/ws/install/include/px4_msgs/px4_msgs/msg/detail/orbit_status__type_support.hpp
[1497.103s] -- Symlinking: /repo/ws/install/include/px4_msgs/px4_msgs/msg/detail/parameter_reset_request__builder.hpp
[1497.117s] -- Symlinking: /repo/ws/install/include/px4_msgs/px4_msgs/msg/detail/parameter_reset_request__struct.hpp
[1497.130s] -- Symlinking: /repo/ws/install/include/px4_msgs/px4_msgs/msg/detail/parameter_reset_request__traits.hpp
[1497.143s] -- Symlinking: /repo/ws/install/include/px4_msgs/px4_msgs/msg/detail/parameter_reset_request__type_support.hpp
[1497.155s] -- Symlinking: /repo/ws/install/include/px4_msgs/px4_msgs/msg/detail/parameter_set_used_request__builder.hpp
[1497.168s] -- Symlinking: /repo/ws/install/include/px4_msgs/px4_msgs/msg/detail/parameter_set_used_request__struct.hpp
[1497.181s] -- Symlinking: /repo/ws/install/include/px4_msgs/px4_msgs/msg/detail/parameter_set_used_request__traits.hpp
[1497.194s] -- Symlinking: /repo/ws/install/include/px4_msgs/px4_msgs/msg/detail/parameter_set_used_request__type_support.hpp
[1497.207s] -- Symlinking: /repo/ws/install/include/px4_msgs/px4_msgs/msg/detail/parameter_set_value_request__builder.hpp
[1497.221s] -- Symlinking: /repo/ws/install/include/px4_msgs/px4_msgs/msg/detail/parameter_set_value_request__struct.hpp
[1497.234s] -- Symlinking: /repo/ws/install/include/px4_msgs/px4_msgs/msg/detail/parameter_set_value_request__traits.hpp
[1497.247s] -- Symlinking: /repo/ws/install/include/px4_msgs/px4_msgs/msg/detail/parameter_set_value_request__type_support.hpp
[1497.260s] -- Symlinking: /repo/ws/install/include/px4_msgs/px4_msgs/msg/detail/parameter_set_value_response__builder.hpp
[1497.273s] -- Symlinking: /repo/ws/install/include/px4_msgs/px4_msgs/msg/detail/parameter_set_value_response__struct.hpp
[1497.286s] -- Symlinking: /repo/ws/install/include/px4_msgs/px4_msgs/msg/detail/parameter_set_value_response__traits.hpp
[1497.300s] -- Symlinking: /repo/ws/install/include/px4_msgs/px4_msgs/msg/detail/parameter_set_value_response__type_support.hpp
[1497.314s] -- Symlinking: /repo/ws/install/include/px4_msgs/px4_msgs/msg/detail/parameter_update__builder.hpp
[1497.327s] -- Symlinking: /repo/ws/install/include/px4_msgs/px4_msgs/msg/detail/parameter_update__struct.hpp
[1497.339s] -- Symlinking: /repo/ws/install/include/px4_msgs/px4_msgs/msg/detail/parameter_update__traits.hpp
[1497.353s] -- Symlinking: /repo/ws/install/include/px4_msgs/px4_msgs/msg/detail/parameter_update__type_support.hpp
[1497.366s] -- Symlinking: /repo/ws/install/include/px4_msgs/px4_msgs/msg/detail/ping__builder.hpp
[1497.379s] -- Symlinking: /repo/ws/install/include/px4_msgs/px4_msgs/msg/detail/ping__struct.hpp
[1497.392s] -- Symlinking: /repo/ws/install/include/px4_msgs/px4_msgs/msg/detail/ping__traits.hpp
[1497.405s] -- Symlinking: /repo/ws/install/include/px4_msgs/px4_msgs/msg/detail/ping__type_support.hpp
[1497.419s] -- Symlinking: /repo/ws/install/include/px4_msgs/px4_msgs/msg/detail/position_controller_landing_status__builder.hpp
[1497.432s] -- Symlinking: /repo/ws/install/include/px4_msgs/px4_msgs/msg/detail/position_controller_landing_status__struct.hpp
[1497.445s] -- Symlinking: /repo/ws/install/include/px4_msgs/px4_msgs/msg/detail/position_controller_landing_status__traits.hpp
[1497.458s] -- Symlinking: /repo/ws/install/include/px4_msgs/px4_msgs/msg/detail/position_controller_landing_status__type_support.hpp
[1497.470s] -- Symlinking: /repo/ws/install/include/px4_msgs/px4_msgs/msg/detail/position_controller_status__builder.hpp
[1497.484s] -- Symlinking: /repo/ws/install/include/px4_msgs/px4_msgs/msg/detail/position_controller_status__struct.hpp
[1497.497s] -- Symlinking: /repo/ws/install/include/px4_msgs/px4_msgs/msg/detail/position_controller_status__traits.hpp
[1497.511s] -- Symlinking: /repo/ws/install/include/px4_msgs/px4_msgs/msg/detail/position_controller_status__type_support.hpp
[1497.524s] -- Symlinking: /repo/ws/install/include/px4_msgs/px4_msgs/msg/detail/position_setpoint__builder.hpp
[1497.537s] -- Symlinking: /repo/ws/install/include/px4_msgs/px4_msgs/msg/detail/position_setpoint__struct.hpp
[1497.550s] -- Symlinking: /repo/ws/install/include/px4_msgs/px4_msgs/msg/detail/position_setpoint__traits.hpp
[1497.563s] -- Symlinking: /repo/ws/install/include/px4_msgs/px4_msgs/msg/detail/position_setpoint__type_support.hpp
[1497.576s] -- Symlinking: /repo/ws/install/include/px4_msgs/px4_msgs/msg/detail/position_setpoint_triplet__builder.hpp
[1497.590s] -- Symlinking: /repo/ws/install/include/px4_msgs/px4_msgs/msg/detail/position_setpoint_triplet__struct.hpp
[1497.604s] -- Symlinking: /repo/ws/install/include/px4_msgs/px4_msgs/msg/detail/position_setpoint_triplet__traits.hpp
[1497.617s] -- Symlinking: /repo/ws/install/include/px4_msgs/px4_msgs/msg/detail/position_setpoint_triplet__type_support.hpp
[1497.630s] -- Symlinking: /repo/ws/install/include/px4_msgs/px4_msgs/msg/detail/power_button_state__builder.hpp
[1497.643s] -- Symlinking: /repo/ws/install/include/px4_msgs/px4_msgs/msg/detail/power_button_state__struct.hpp
[1497.656s] -- Symlinking: /repo/ws/install/include/px4_msgs/px4_msgs/msg/detail/power_button_state__traits.hpp
[1497.669s] -- Symlinking: /repo/ws/install/include/px4_msgs/px4_msgs/msg/detail/power_button_state__type_support.hpp
[1497.682s] -- Symlinking: /repo/ws/install/include/px4_msgs/px4_msgs/msg/detail/power_monitor__builder.hpp
[1497.696s] -- Symlinking: /repo/ws/install/include/px4_msgs/px4_msgs/msg/detail/power_monitor__struct.hpp
[1497.710s] -- Symlinking: /repo/ws/install/include/px4_msgs/px4_msgs/msg/detail/power_monitor__traits.hpp
[1497.723s] -- Symlinking: /repo/ws/install/include/px4_msgs/px4_msgs/msg/detail/power_monitor__type_support.hpp
[1497.736s] -- Symlinking: /repo/ws/install/include/px4_msgs/px4_msgs/msg/detail/pps_capture__builder.hpp
[1497.749s] -- Symlinking: /repo/ws/install/include/px4_msgs/px4_msgs/msg/detail/pps_capture__struct.hpp
[1497.762s] -- Symlinking: /repo/ws/install/include/px4_msgs/px4_msgs/msg/detail/pps_capture__traits.hpp
[1497.775s] -- Symlinking: /repo/ws/install/include/px4_msgs/px4_msgs/msg/detail/pps_capture__type_support.hpp
[1497.788s] -- Symlinking: /repo/ws/install/include/px4_msgs/px4_msgs/msg/detail/pure_pursuit_status__builder.hpp
[1497.801s] -- Symlinking: /repo/ws/install/include/px4_msgs/px4_msgs/msg/detail/pure_pursuit_status__struct.hpp
[1497.815s] -- Symlinking: /repo/ws/install/include/px4_msgs/px4_msgs/msg/detail/pure_pursuit_status__traits.hpp
[1497.829s] -- Symlinking: /repo/ws/install/include/px4_msgs/px4_msgs/msg/detail/pure_pursuit_status__type_support.hpp
[1497.843s] -- Symlinking: /repo/ws/install/include/px4_msgs/px4_msgs/msg/detail/pwm_input__builder.hpp
[1497.856s] -- Symlinking: /repo/ws/install/include/px4_msgs/px4_msgs/msg/detail/pwm_input__struct.hpp
[1497.869s] -- Symlinking: /repo/ws/install/include/px4_msgs/px4_msgs/msg/detail/pwm_input__traits.hpp
[1497.882s] -- Symlinking: /repo/ws/install/include/px4_msgs/px4_msgs/msg/detail/pwm_input__type_support.hpp
[1497.895s] -- Symlinking: /repo/ws/install/include/px4_msgs/px4_msgs/msg/detail/px4io_status__builder.hpp
[1497.908s] -- Symlinking: /repo/ws/install/include/px4_msgs/px4_msgs/msg/detail/px4io_status__struct.hpp
[1497.922s] -- Symlinking: /repo/ws/install/include/px4_msgs/px4_msgs/msg/detail/px4io_status__traits.hpp
[1497.935s] -- Symlinking: /repo/ws/install/include/px4_msgs/px4_msgs/msg/detail/px4io_status__type_support.hpp
[1497.948s] -- Symlinking: /repo/ws/install/include/px4_msgs/px4_msgs/msg/detail/qshell_req__builder.hpp
[1497.961s] -- Symlinking: /repo/ws/install/include/px4_msgs/px4_msgs/msg/detail/qshell_req__struct.hpp
[1497.973s] -- Symlinking: /repo/ws/install/include/px4_msgs/px4_msgs/msg/detail/qshell_req__traits.hpp
[1497.986s] -- Symlinking: /repo/ws/install/include/px4_msgs/px4_msgs/msg/detail/qshell_req__type_support.hpp
[1497.999s] -- Symlinking: /repo/ws/install/include/px4_msgs/px4_msgs/msg/detail/qshell_retval__builder.hpp
[1498.013s] -- Symlinking: /repo/ws/install/include/px4_msgs/px4_msgs/msg/detail/qshell_retval__struct.hpp
[1498.027s] -- Symlinking: /repo/ws/install/include/px4_msgs/px4_msgs/msg/detail/qshell_retval__traits.hpp
[1498.040s] -- Symlinking: /repo/ws/install/include/px4_msgs/px4_msgs/msg/detail/qshell_retval__type_support.hpp
[1498.053s] -- Symlinking: /repo/ws/install/include/px4_msgs/px4_msgs/msg/detail/radio_status__builder.hpp
[1498.066s] -- Symlinking: /repo/ws/install/include/px4_msgs/px4_msgs/msg/detail/radio_status__struct.hpp
[1498.079s] -- Symlinking: /repo/ws/install/include/px4_msgs/px4_msgs/msg/detail/radio_status__traits.hpp
[1498.092s] -- Symlinking: /repo/ws/install/include/px4_msgs/px4_msgs/msg/detail/radio_status__type_support.hpp
[1498.105s] -- Symlinking: /repo/ws/install/include/px4_msgs/px4_msgs/msg/detail/raptor_input__builder.hpp
[1498.119s] -- Symlinking: /repo/ws/install/include/px4_msgs/px4_msgs/msg/detail/raptor_input__struct.hpp
[1498.132s] -- Symlinking: /repo/ws/install/include/px4_msgs/px4_msgs/msg/detail/raptor_input__traits.hpp
[1498.147s] -- Symlinking: /repo/ws/install/include/px4_msgs/px4_msgs/msg/detail/raptor_input__type_support.hpp
[1498.160s] -- Symlinking: /repo/ws/install/include/px4_msgs/px4_msgs/msg/detail/raptor_status__builder.hpp
[1498.173s] -- Symlinking: /repo/ws/install/include/px4_msgs/px4_msgs/msg/detail/raptor_status__struct.hpp
[1498.186s] -- Symlinking: /repo/ws/install/include/px4_msgs/px4_msgs/msg/detail/raptor_status__traits.hpp
[1498.199s] -- Symlinking: /repo/ws/install/include/px4_msgs/px4_msgs/msg/detail/raptor_status__type_support.hpp
[1498.213s] -- Symlinking: /repo/ws/install/include/px4_msgs/px4_msgs/msg/detail/rate_ctrl_status__builder.hpp
[1498.226s] -- Symlinking: /repo/ws/install/include/px4_msgs/px4_msgs/msg/detail/rate_ctrl_status__struct.hpp
[1498.240s] -- Symlinking: /repo/ws/install/include/px4_msgs/px4_msgs/msg/detail/rate_ctrl_status__traits.hpp
[1498.253s] -- Symlinking: /repo/ws/install/include/px4_msgs/px4_msgs/msg/detail/rate_ctrl_status__type_support.hpp
[1498.266s] -- Symlinking: /repo/ws/install/include/px4_msgs/px4_msgs/msg/detail/rc_channels__builder.hpp
[1498.279s] -- Symlinking: /repo/ws/install/include/px4_msgs/px4_msgs/msg/detail/rc_channels__struct.hpp
[1498.292s] -- Symlinking: /repo/ws/install/include/px4_msgs/px4_msgs/msg/detail/rc_channels__traits.hpp
[1498.306s] -- Symlinking: /repo/ws/install/include/px4_msgs/px4_msgs/msg/detail/rc_channels__type_support.hpp
[1498.319s] -- Symlinking: /repo/ws/install/include/px4_msgs/px4_msgs/msg/detail/rc_parameter_map__builder.hpp
[1498.332s] -- Symlinking: /repo/ws/install/include/px4_msgs/px4_msgs/msg/detail/rc_parameter_map__struct.hpp
[1498.345s] -- Symlinking: /repo/ws/install/include/px4_msgs/px4_msgs/msg/detail/rc_parameter_map__traits.hpp
[1498.358s] -- Symlinking: /repo/ws/install/include/px4_msgs/px4_msgs/msg/detail/rc_parameter_map__type_support.hpp
[1498.371s] -- Symlinking: /repo/ws/install/include/px4_msgs/px4_msgs/msg/detail/register_ext_component_reply__builder.hpp
[1498.384s] -- Symlinking: /repo/ws/install/include/px4_msgs/px4_msgs/msg/detail/register_ext_component_reply__struct.hpp
[1498.397s] -- Symlinking: /repo/ws/install/include/px4_msgs/px4_msgs/msg/detail/register_ext_component_reply__traits.hpp
[1498.411s] -- Symlinking: /repo/ws/install/include/px4_msgs/px4_msgs/msg/detail/register_ext_component_reply__type_support.hpp
[1498.425s] -- Symlinking: /repo/ws/install/include/px4_msgs/px4_msgs/msg/detail/register_ext_component_request__builder.hpp
[1498.438s] -- Symlinking: /repo/ws/install/include/px4_msgs/px4_msgs/msg/detail/register_ext_component_request__struct.hpp
[1498.451s] -- Symlinking: /repo/ws/install/include/px4_msgs/px4_msgs/msg/detail/register_ext_component_request__traits.hpp
[1498.464s] -- Symlinking: /repo/ws/install/include/px4_msgs/px4_msgs/msg/detail/register_ext_component_request__type_support.hpp
[1498.477s] -- Symlinking: /repo/ws/install/include/px4_msgs/px4_msgs/msg/detail/rover_attitude_setpoint__builder.hpp
[1498.490s] -- Symlinking: /repo/ws/install/include/px4_msgs/px4_msgs/msg/detail/rover_attitude_setpoint__struct.hpp
[1498.503s] -- Symlinking: /repo/ws/install/include/px4_msgs/px4_msgs/msg/detail/rover_attitude_setpoint__traits.hpp
[1498.517s] -- Symlinking: /repo/ws/install/include/px4_msgs/px4_msgs/msg/detail/rover_attitude_setpoint__type_support.hpp
[1498.530s] -- Symlinking: /repo/ws/install/include/px4_msgs/px4_msgs/msg/detail/rover_attitude_status__builder.hpp
[1498.543s] -- Symlinking: /repo/ws/install/include/px4_msgs/px4_msgs/msg/detail/rover_attitude_status__struct.hpp
[1498.556s] -- Symlinking: /repo/ws/install/include/px4_msgs/px4_msgs/msg/detail/rover_attitude_status__traits.hpp
[1498.569s] -- Symlinking: /repo/ws/install/include/px4_msgs/px4_msgs/msg/detail/rover_attitude_status__type_support.hpp
[1498.582s] -- Symlinking: /repo/ws/install/include/px4_msgs/px4_msgs/msg/detail/rover_position_setpoint__builder.hpp
[1498.595s] -- Symlinking: /repo/ws/install/include/px4_msgs/px4_msgs/msg/detail/rover_position_setpoint__struct.hpp
[1498.609s] -- Symlinking: /repo/ws/install/include/px4_msgs/px4_msgs/msg/detail/rover_position_setpoint__traits.hpp
[1498.623s] -- Symlinking: /repo/ws/install/include/px4_msgs/px4_msgs/msg/detail/rover_position_setpoint__type_support.hpp
[1498.636s] -- Symlinking: /repo/ws/install/include/px4_msgs/px4_msgs/msg/detail/rover_rate_setpoint__builder.hpp
[1498.649s] -- Symlinking: /repo/ws/install/include/px4_msgs/px4_msgs/msg/detail/rover_rate_setpoint__struct.hpp
[1498.662s] -- Symlinking: /repo/ws/install/include/px4_msgs/px4_msgs/msg/detail/rover_rate_setpoint__traits.hpp
[1498.675s] -- Symlinking: /repo/ws/install/include/px4_msgs/px4_msgs/msg/detail/rover_rate_setpoint__type_support.hpp
[1498.689s] -- Symlinking: /repo/ws/install/include/px4_msgs/px4_msgs/msg/detail/rover_rate_status__builder.hpp
[1498.702s] -- Symlinking: /repo/ws/install/include/px4_msgs/px4_msgs/msg/detail/rover_rate_status__struct.hpp
[1498.716s] -- Symlinking: /repo/ws/install/include/px4_msgs/px4_msgs/msg/detail/rover_rate_status__traits.hpp
[1498.729s] -- Symlinking: /repo/ws/install/include/px4_msgs/px4_msgs/msg/detail/rover_rate_status__type_support.hpp
[1498.742s] -- Symlinking: /repo/ws/install/include/px4_msgs/px4_msgs/msg/detail/rover_speed_setpoint__builder.hpp
[1498.755s] -- Symlinking: /repo/ws/install/include/px4_msgs/px4_msgs/msg/detail/rover_speed_setpoint__struct.hpp
[1498.768s] -- Symlinking: /repo/ws/install/include/px4_msgs/px4_msgs/msg/detail/rover_speed_setpoint__traits.hpp
[1498.782s] -- Symlinking: /repo/ws/install/include/px4_msgs/px4_msgs/msg/detail/rover_speed_setpoint__type_support.hpp
[1498.795s] -- Symlinking: /repo/ws/install/include/px4_msgs/px4_msgs/msg/detail/rover_speed_status__builder.hpp
[1498.808s] -- Symlinking: /repo/ws/install/include/px4_msgs/px4_msgs/msg/detail/rover_speed_status__struct.hpp
[1498.821s] -- Symlinking: /repo/ws/install/include/px4_msgs/px4_msgs/msg/detail/rover_speed_status__traits.hpp
[1498.834s] -- Symlinking: /repo/ws/install/include/px4_msgs/px4_msgs/msg/detail/rover_speed_status__type_support.hpp
[1498.848s] -- Symlinking: /repo/ws/install/include/px4_msgs/px4_msgs/msg/detail/rover_steering_setpoint__builder.hpp
[1498.861s] -- Symlinking: /repo/ws/install/include/px4_msgs/px4_msgs/msg/detail/rover_steering_setpoint__struct.hpp
[1498.874s] -- Symlinking: /repo/ws/install/include/px4_msgs/px4_msgs/msg/detail/rover_steering_setpoint__traits.hpp
[1498.887s] -- Symlinking: /repo/ws/install/include/px4_msgs/px4_msgs/msg/detail/rover_steering_setpoint__type_support.hpp
[1498.900s] -- Symlinking: /repo/ws/install/include/px4_msgs/px4_msgs/msg/detail/rover_throttle_setpoint__builder.hpp
[1498.914s] -- Symlinking: /repo/ws/install/include/px4_msgs/px4_msgs/msg/detail/rover_throttle_setpoint__struct.hpp
[1498.927s] -- Symlinking: /repo/ws/install/include/px4_msgs/px4_msgs/msg/detail/rover_throttle_setpoint__traits.hpp
[1498.940s] -- Symlinking: /repo/ws/install/include/px4_msgs/px4_msgs/msg/detail/rover_throttle_setpoint__type_support.hpp
[1498.955s] -- Symlinking: /repo/ws/install/include/px4_msgs/px4_msgs/msg/detail/rpm__builder.hpp
[1498.968s] -- Symlinking: /repo/ws/install/include/px4_msgs/px4_msgs/msg/detail/rpm__struct.hpp
[1498.985s] -- Symlinking: /repo/ws/install/include/px4_msgs/px4_msgs/msg/detail/rpm__traits.hpp
[1498.998s] -- Symlinking: /repo/ws/install/include/px4_msgs/px4_msgs/msg/detail/rpm__type_support.hpp
[1499.011s] -- Symlinking: /repo/ws/install/include/px4_msgs/px4_msgs/msg/detail/rtl_status__builder.hpp
[1499.025s] -- Symlinking: /repo/ws/install/include/px4_msgs/px4_msgs/msg/detail/rtl_status__struct.hpp
[1499.038s] -- Symlinking: /repo/ws/install/include/px4_msgs/px4_msgs/msg/detail/rtl_status__traits.hpp
[1499.051s] -- Symlinking: /repo/ws/install/include/px4_msgs/px4_msgs/msg/detail/rtl_status__type_support.hpp
[1499.064s] -- Symlinking: /repo/ws/install/include/px4_msgs/px4_msgs/msg/detail/rtl_time_estimate__builder.hpp
[1499.077s] -- Symlinking: /repo/ws/install/include/px4_msgs/px4_msgs/msg/detail/rtl_time_estimate__struct.hpp
[1499.090s] -- Symlinking: /repo/ws/install/include/px4_msgs/px4_msgs/msg/detail/rtl_time_estimate__traits.hpp
[1499.102s] -- Symlinking: /repo/ws/install/include/px4_msgs/px4_msgs/msg/detail/rtl_time_estimate__type_support.hpp
[1499.116s] -- Symlinking: /repo/ws/install/include/px4_msgs/px4_msgs/msg/detail/satellite_info__builder.hpp
[1499.129s] -- Symlinking: /repo/ws/install/include/px4_msgs/px4_msgs/msg/detail/satellite_info__struct.hpp
[1499.143s] -- Symlinking: /repo/ws/install/include/px4_msgs/px4_msgs/msg/detail/satellite_info__traits.hpp
[1499.155s] -- Symlinking: /repo/ws/install/include/px4_msgs/px4_msgs/msg/detail/satellite_info__type_support.hpp
[1499.168s] -- Symlinking: /repo/ws/install/include/px4_msgs/px4_msgs/msg/detail/sensor_accel__builder.hpp
[1499.181s] -- Symlinking: /repo/ws/install/include/px4_msgs/px4_msgs/msg/detail/sensor_accel__struct.hpp
[1499.194s] -- Symlinking: /repo/ws/install/include/px4_msgs/px4_msgs/msg/detail/sensor_accel__traits.hpp
[1499.208s] -- Symlinking: /repo/ws/install/include/px4_msgs/px4_msgs/msg/detail/sensor_accel__type_support.hpp
[1499.221s] -- Symlinking: /repo/ws/install/include/px4_msgs/px4_msgs/msg/detail/sensor_accel_fifo__builder.hpp
[1499.234s] -- Symlinking: /repo/ws/install/include/px4_msgs/px4_msgs/msg/detail/sensor_accel_fifo__struct.hpp
[1499.247s] -- Symlinking: /repo/ws/install/include/px4_msgs/px4_msgs/msg/detail/sensor_accel_fifo__traits.hpp
[1499.260s] -- Symlinking: /repo/ws/install/include/px4_msgs/px4_msgs/msg/detail/sensor_accel_fifo__type_support.hpp
[1499.273s] -- Symlinking: /repo/ws/install/include/px4_msgs/px4_msgs/msg/detail/sensor_airflow__builder.hpp
[1499.286s] -- Symlinking: /repo/ws/install/include/px4_msgs/px4_msgs/msg/detail/sensor_airflow__struct.hpp
[1499.299s] -- Symlinking: /repo/ws/install/include/px4_msgs/px4_msgs/msg/detail/sensor_airflow__traits.hpp
[1499.313s] -- Symlinking: /repo/ws/install/include/px4_msgs/px4_msgs/msg/detail/sensor_airflow__type_support.hpp
[1499.326s] -- Symlinking: /repo/ws/install/include/px4_msgs/px4_msgs/msg/detail/sensor_baro__builder.hpp
[1499.340s] -- Symlinking: /repo/ws/install/include/px4_msgs/px4_msgs/msg/detail/sensor_baro__struct.hpp
[1499.353s] -- Symlinking: /repo/ws/install/include/px4_msgs/px4_msgs/msg/detail/sensor_baro__traits.hpp
[1499.366s] -- Symlinking: /repo/ws/install/include/px4_msgs/px4_msgs/msg/detail/sensor_baro__type_support.hpp
[1499.379s] -- Symlinking: /repo/ws/install/include/px4_msgs/px4_msgs/msg/detail/sensor_combined__builder.hpp
[1499.392s] -- Symlinking: /repo/ws/install/include/px4_msgs/px4_msgs/msg/detail/sensor_combined__struct.hpp
[1499.405s] -- Symlinking: /repo/ws/install/include/px4_msgs/px4_msgs/msg/detail/sensor_combined__traits.hpp
[1499.419s] -- Symlinking: /repo/ws/install/include/px4_msgs/px4_msgs/msg/detail/sensor_combined__type_support.hpp
[1499.432s] -- Symlinking: /repo/ws/install/include/px4_msgs/px4_msgs/msg/detail/sensor_correction__builder.hpp
[1499.446s] -- Symlinking: /repo/ws/install/include/px4_msgs/px4_msgs/msg/detail/sensor_correction__struct.hpp
[1499.459s] -- Symlinking: /repo/ws/install/include/px4_msgs/px4_msgs/msg/detail/sensor_correction__traits.hpp
[1499.472s] -- Symlinking: /repo/ws/install/include/px4_msgs/px4_msgs/msg/detail/sensor_correction__type_support.hpp
[1499.485s] -- Symlinking: /repo/ws/install/include/px4_msgs/px4_msgs/msg/detail/sensor_gnss_relative__builder.hpp
[1499.498s] -- Symlinking: /repo/ws/install/include/px4_msgs/px4_msgs/msg/detail/sensor_gnss_relative__struct.hpp
[1499.512s] -- Symlinking: /repo/ws/install/include/px4_msgs/px4_msgs/msg/detail/sensor_gnss_relative__traits.hpp
[1499.525s] -- Symlinking: /repo/ws/install/include/px4_msgs/px4_msgs/msg/detail/sensor_gnss_relative__type_support.hpp
[1499.538s] -- Symlinking: /repo/ws/install/include/px4_msgs/px4_msgs/msg/detail/sensor_gnss_status__builder.hpp
[1499.551s] -- Symlinking: /repo/ws/install/include/px4_msgs/px4_msgs/msg/detail/sensor_gnss_status__struct.hpp
[1499.564s] -- Symlinking: /repo/ws/install/include/px4_msgs/px4_msgs/msg/detail/sensor_gnss_status__traits.hpp
[1499.577s] -- Symlinking: /repo/ws/install/include/px4_msgs/px4_msgs/msg/detail/sensor_gnss_status__type_support.hpp
[1499.590s] -- Symlinking: /repo/ws/install/include/px4_msgs/px4_msgs/msg/detail/sensor_gps__builder.hpp
[1499.603s] -- Symlinking: /repo/ws/install/include/px4_msgs/px4_msgs/msg/detail/sensor_gps__struct.hpp
[1499.617s] -- Symlinking: /repo/ws/install/include/px4_msgs/px4_msgs/msg/detail/sensor_gps__traits.hpp
[1499.630s] -- Symlinking: /repo/ws/install/include/px4_msgs/px4_msgs/msg/detail/sensor_gps__type_support.hpp
[1499.644s] -- Symlinking: /repo/ws/install/include/px4_msgs/px4_msgs/msg/detail/sensor_gyro__builder.hpp
[1499.657s] -- Symlinking: /repo/ws/install/include/px4_msgs/px4_msgs/msg/detail/sensor_gyro__struct.hpp
[1499.670s] -- Symlinking: /repo/ws/install/include/px4_msgs/px4_msgs/msg/detail/sensor_gyro__traits.hpp
[1499.683s] -- Symlinking: /repo/ws/install/include/px4_msgs/px4_msgs/msg/detail/sensor_gyro__type_support.hpp
[1499.696s] -- Symlinking: /repo/ws/install/include/px4_msgs/px4_msgs/msg/detail/sensor_gyro_fft__builder.hpp
[1499.710s] -- Symlinking: /repo/ws/install/include/px4_msgs/px4_msgs/msg/detail/sensor_gyro_fft__struct.hpp
[1499.723s] -- Symlinking: /repo/ws/install/include/px4_msgs/px4_msgs/msg/detail/sensor_gyro_fft__traits.hpp
[1499.736s] -- Symlinking: /repo/ws/install/include/px4_msgs/px4_msgs/msg/detail/sensor_gyro_fft__type_support.hpp
[1499.749s] -- Symlinking: /repo/ws/install/include/px4_msgs/px4_msgs/msg/detail/sensor_gyro_fifo__builder.hpp
[1499.762s] -- Symlinking: /repo/ws/install/include/px4_msgs/px4_msgs/msg/detail/sensor_gyro_fifo__struct.hpp
[1499.775s] -- Symlinking: /repo/ws/install/include/px4_msgs/px4_msgs/msg/detail/sensor_gyro_fifo__traits.hpp
[1499.789s] -- Symlinking: /repo/ws/install/include/px4_msgs/px4_msgs/msg/detail/sensor_gyro_fifo__type_support.hpp
[1499.801s] -- Symlinking: /repo/ws/install/include/px4_msgs/px4_msgs/msg/detail/sensor_hygrometer__builder.hpp
[1499.815s] -- Symlinking: /repo/ws/install/include/px4_msgs/px4_msgs/msg/detail/sensor_hygrometer__struct.hpp
[1499.828s] -- Symlinking: /repo/ws/install/include/px4_msgs/px4_msgs/msg/detail/sensor_hygrometer__traits.hpp
[1499.841s] -- Symlinking: /repo/ws/install/include/px4_msgs/px4_msgs/msg/detail/sensor_hygrometer__type_support.hpp
[1499.854s] -- Symlinking: /repo/ws/install/include/px4_msgs/px4_msgs/msg/detail/sensor_mag__builder.hpp
[1499.867s] -- Symlinking: /repo/ws/install/include/px4_msgs/px4_msgs/msg/detail/sensor_mag__struct.hpp
[1499.880s] -- Symlinking: /repo/ws/install/include/px4_msgs/px4_msgs/msg/detail/sensor_mag__traits.hpp
[1499.893s] -- Symlinking: /repo/ws/install/include/px4_msgs/px4_msgs/msg/detail/sensor_mag__type_support.hpp
[1499.906s] -- Symlinking: /repo/ws/install/include/px4_msgs/px4_msgs/msg/detail/sensor_optical_flow__builder.hpp
[1499.920s] -- Symlinking: /repo/ws/install/include/px4_msgs/px4_msgs/msg/detail/sensor_optical_flow__struct.hpp
[1499.933s] -- Symlinking: /repo/ws/install/include/px4_msgs/px4_msgs/msg/detail/sensor_optical_flow__traits.hpp
[1499.946s] -- Symlinking: /repo/ws/install/include/px4_msgs/px4_msgs/msg/detail/sensor_optical_flow__type_support.hpp
[1499.959s] -- Symlinking: /repo/ws/install/include/px4_msgs/px4_msgs/msg/detail/sensor_preflight_mag__builder.hpp
[1499.972s] -- Symlinking: /repo/ws/install/include/px4_msgs/px4_msgs/msg/detail/sensor_preflight_mag__struct.hpp
[1499.985s] -- Symlinking: /repo/ws/install/include/px4_msgs/px4_msgs/msg/detail/sensor_preflight_mag__traits.hpp
[1499.998s] -- Symlinking: /repo/ws/install/include/px4_msgs/px4_msgs/msg/detail/sensor_preflight_mag__type_support.hpp
[1500.012s] -- Symlinking: /repo/ws/install/include/px4_msgs/px4_msgs/msg/detail/sensor_selection__builder.hpp
[1500.025s] -- Symlinking: /repo/ws/install/include/px4_msgs/px4_msgs/msg/detail/sensor_selection__struct.hpp
[1500.038s] -- Symlinking: /repo/ws/install/include/px4_msgs/px4_msgs/msg/detail/sensor_selection__traits.hpp
[1500.051s] -- Symlinking: /repo/ws/install/include/px4_msgs/px4_msgs/msg/detail/sensor_selection__type_support.hpp
[1500.064s] -- Symlinking: /repo/ws/install/include/px4_msgs/px4_msgs/msg/detail/sensor_temp__builder.hpp
[1500.078s] -- Symlinking: /repo/ws/install/include/px4_msgs/px4_msgs/msg/detail/sensor_temp__struct.hpp
[1500.091s] -- Symlinking: /repo/ws/install/include/px4_msgs/px4_msgs/msg/detail/sensor_temp__traits.hpp
[1500.104s] -- Symlinking: /repo/ws/install/include/px4_msgs/px4_msgs/msg/detail/sensor_temp__type_support.hpp
[1500.117s] -- Symlinking: /repo/ws/install/include/px4_msgs/px4_msgs/msg/detail/sensor_uwb__builder.hpp
[1500.130s] -- Symlinking: /repo/ws/install/include/px4_msgs/px4_msgs/msg/detail/sensor_uwb__struct.hpp
[1500.144s] -- Symlinking: /repo/ws/install/include/px4_msgs/px4_msgs/msg/detail/sensor_uwb__traits.hpp
[1500.157s] -- Symlinking: /repo/ws/install/include/px4_msgs/px4_msgs/msg/detail/sensor_uwb__type_support.hpp
[1500.170s] -- Symlinking: /repo/ws/install/include/px4_msgs/px4_msgs/msg/detail/sensors_status__builder.hpp
[1500.184s] -- Symlinking: /repo/ws/install/include/px4_msgs/px4_msgs/msg/detail/sensors_status__struct.hpp
[1500.198s] -- Symlinking: /repo/ws/install/include/px4_msgs/px4_msgs/msg/detail/sensors_status__traits.hpp
[1500.212s] -- Symlinking: /repo/ws/install/include/px4_msgs/px4_msgs/msg/detail/sensors_status__type_support.hpp
[1500.226s] -- Symlinking: /repo/ws/install/include/px4_msgs/px4_msgs/msg/detail/sensors_status_imu__builder.hpp
[1500.239s] -- Symlinking: /repo/ws/install/include/px4_msgs/px4_msgs/msg/detail/sensors_status_imu__struct.hpp
[1500.252s] -- Symlinking: /repo/ws/install/include/px4_msgs/px4_msgs/msg/detail/sensors_status_imu__traits.hpp
[1500.265s] -- Symlinking: /repo/ws/install/include/px4_msgs/px4_msgs/msg/detail/sensors_status_imu__type_support.hpp
[1500.278s] -- Symlinking: /repo/ws/install/include/px4_msgs/px4_msgs/msg/detail/system_power__builder.hpp
[1500.292s] -- Symlinking: /repo/ws/install/include/px4_msgs/px4_msgs/msg/detail/system_power__struct.hpp
[1500.304s] -- Symlinking: /repo/ws/install/include/px4_msgs/px4_msgs/msg/detail/system_power__traits.hpp
[1500.317s] -- Symlinking: /repo/ws/install/include/px4_msgs/px4_msgs/msg/detail/system_power__type_support.hpp
[1500.331s] -- Symlinking: /repo/ws/install/include/px4_msgs/px4_msgs/msg/detail/takeoff_status__builder.hpp
[1500.344s] -- Symlinking: /repo/ws/install/include/px4_msgs/px4_msgs/msg/detail/takeoff_status__struct.hpp
[1500.357s] -- Symlinking: /repo/ws/install/include/px4_msgs/px4_msgs/msg/detail/takeoff_status__traits.hpp
[1500.370s] -- Symlinking: /repo/ws/install/include/px4_msgs/px4_msgs/msg/detail/takeoff_status__type_support.hpp
[1500.383s] -- Symlinking: /repo/ws/install/include/px4_msgs/px4_msgs/msg/detail/task_stack_info__builder.hpp
[1500.396s] -- Symlinking: /repo/ws/install/include/px4_msgs/px4_msgs/msg/detail/task_stack_info__struct.hpp
[1500.410s] -- Symlinking: /repo/ws/install/include/px4_msgs/px4_msgs/msg/detail/task_stack_info__traits.hpp
[1500.423s] -- Symlinking: /repo/ws/install/include/px4_msgs/px4_msgs/msg/detail/task_stack_info__type_support.hpp
[1500.436s] -- Symlinking: /repo/ws/install/include/px4_msgs/px4_msgs/msg/detail/tecs_status__builder.hpp
[1500.449s] -- Symlinking: /repo/ws/install/include/px4_msgs/px4_msgs/msg/detail/tecs_status__struct.hpp
[1500.462s] -- Symlinking: /repo/ws/install/include/px4_msgs/px4_msgs/msg/detail/tecs_status__traits.hpp
[1500.475s] -- Symlinking: /repo/ws/install/include/px4_msgs/px4_msgs/msg/detail/tecs_status__type_support.hpp
[1500.489s] -- Symlinking: /repo/ws/install/include/px4_msgs/px4_msgs/msg/detail/telemetry_status__builder.hpp
[1500.501s] -- Symlinking: /repo/ws/install/include/px4_msgs/px4_msgs/msg/detail/telemetry_status__struct.hpp
[1500.515s] -- Symlinking: /repo/ws/install/include/px4_msgs/px4_msgs/msg/detail/telemetry_status__traits.hpp
[1500.528s] -- Symlinking: /repo/ws/install/include/px4_msgs/px4_msgs/msg/detail/telemetry_status__type_support.hpp
[1500.541s] -- Symlinking: /repo/ws/install/include/px4_msgs/px4_msgs/msg/detail/tiltrotor_extra_controls__builder.hpp
[1500.554s] -- Symlinking: /repo/ws/install/include/px4_msgs/px4_msgs/msg/detail/tiltrotor_extra_controls__struct.hpp
[1500.567s] -- Symlinking: /repo/ws/install/include/px4_msgs/px4_msgs/msg/detail/tiltrotor_extra_controls__traits.hpp
[1500.580s] -- Symlinking: /repo/ws/install/include/px4_msgs/px4_msgs/msg/detail/tiltrotor_extra_controls__type_support.hpp
[1500.593s] -- Symlinking: /repo/ws/install/include/px4_msgs/px4_msgs/msg/detail/timesync_status__builder.hpp
[1500.606s] -- Symlinking: /repo/ws/install/include/px4_msgs/px4_msgs/msg/detail/timesync_status__struct.hpp
[1500.619s] -- Symlinking: /repo/ws/install/include/px4_msgs/px4_msgs/msg/detail/timesync_status__traits.hpp
[1500.632s] -- Symlinking: /repo/ws/install/include/px4_msgs/px4_msgs/msg/detail/timesync_status__type_support.hpp
[1500.646s] -- Symlinking: /repo/ws/install/include/px4_msgs/px4_msgs/msg/detail/trajectory_setpoint6dof__builder.hpp
[1500.659s] -- Symlinking: /repo/ws/install/include/px4_msgs/px4_msgs/msg/detail/trajectory_setpoint6dof__struct.hpp
[1500.673s] -- Symlinking: /repo/ws/install/include/px4_msgs/px4_msgs/msg/detail/trajectory_setpoint6dof__traits.hpp
[1500.686s] -- Symlinking: /repo/ws/install/include/px4_msgs/px4_msgs/msg/detail/trajectory_setpoint6dof__type_support.hpp
[1500.702s] -- Symlinking: /repo/ws/install/include/px4_msgs/px4_msgs/msg/detail/trajectory_setpoint__builder.hpp
[1500.716s] -- Symlinking: /repo/ws/install/include/px4_msgs/px4_msgs/msg/detail/trajectory_setpoint__struct.hpp
[1500.729s] -- Symlinking: /repo/ws/install/include/px4_msgs/px4_msgs/msg/detail/trajectory_setpoint__traits.hpp
[1500.742s] -- Symlinking: /repo/ws/install/include/px4_msgs/px4_msgs/msg/detail/trajectory_setpoint__type_support.hpp
[1500.755s] -- Symlinking: /repo/ws/install/include/px4_msgs/px4_msgs/msg/detail/transponder_report__builder.hpp
[1500.768s] -- Symlinking: /repo/ws/install/include/px4_msgs/px4_msgs/msg/detail/transponder_report__struct.hpp
[1500.781s] -- Symlinking: /repo/ws/install/include/px4_msgs/px4_msgs/msg/detail/transponder_report__traits.hpp
[1500.794s] -- Symlinking: /repo/ws/install/include/px4_msgs/px4_msgs/msg/detail/transponder_report__type_support.hpp
[1500.807s] -- Symlinking: /repo/ws/install/include/px4_msgs/px4_msgs/msg/detail/tune_control__builder.hpp
[1500.820s] -- Symlinking: /repo/ws/install/include/px4_msgs/px4_msgs/msg/detail/tune_control__struct.hpp
[1500.834s] -- Symlinking: /repo/ws/install/include/px4_msgs/px4_msgs/msg/detail/tune_control__traits.hpp
[1500.847s] -- Symlinking: /repo/ws/install/include/px4_msgs/px4_msgs/msg/detail/tune_control__type_support.hpp
[1500.860s] -- Symlinking: /repo/ws/install/include/px4_msgs/px4_msgs/msg/detail/uavcan_parameter_request__builder.hpp
[1500.873s] -- Symlinking: /repo/ws/install/include/px4_msgs/px4_msgs/msg/detail/uavcan_parameter_request__struct.hpp
[1500.886s] -- Symlinking: /repo/ws/install/include/px4_msgs/px4_msgs/msg/detail/uavcan_parameter_request__traits.hpp
[1500.899s] -- Symlinking: /repo/ws/install/include/px4_msgs/px4_msgs/msg/detail/uavcan_parameter_request__type_support.hpp
[1500.913s] -- Symlinking: /repo/ws/install/include/px4_msgs/px4_msgs/msg/detail/uavcan_parameter_value__builder.hpp
[1500.926s] -- Symlinking: /repo/ws/install/include/px4_msgs/px4_msgs/msg/detail/uavcan_parameter_value__struct.hpp
[1500.939s] -- Symlinking: /repo/ws/install/include/px4_msgs/px4_msgs/msg/detail/uavcan_parameter_value__traits.hpp
[1500.952s] -- Symlinking: /repo/ws/install/include/px4_msgs/px4_msgs/msg/detail/uavcan_parameter_value__type_support.hpp
[1500.965s] -- Symlinking: /repo/ws/install/include/px4_msgs/px4_msgs/msg/detail/ulog_stream__builder.hpp
[1500.978s] -- Symlinking: /repo/ws/install/include/px4_msgs/px4_msgs/msg/detail/ulog_stream__struct.hpp
[1500.991s] -- Symlinking: /repo/ws/install/include/px4_msgs/px4_msgs/msg/detail/ulog_stream__traits.hpp
[1501.004s] -- Symlinking: /repo/ws/install/include/px4_msgs/px4_msgs/msg/detail/ulog_stream__type_support.hpp
[1501.018s] -- Symlinking: /repo/ws/install/include/px4_msgs/px4_msgs/msg/detail/ulog_stream_ack__builder.hpp
[1501.031s] -- Symlinking: /repo/ws/install/include/px4_msgs/px4_msgs/msg/detail/ulog_stream_ack__struct.hpp
[1501.044s] -- Symlinking: /repo/ws/install/include/px4_msgs/px4_msgs/msg/detail/ulog_stream_ack__traits.hpp
[1501.058s] -- Symlinking: /repo/ws/install/include/px4_msgs/px4_msgs/msg/detail/ulog_stream_ack__type_support.hpp
[1501.071s] -- Symlinking: /repo/ws/install/include/px4_msgs/px4_msgs/msg/detail/unregister_ext_component__builder.hpp
[1501.084s] -- Symlinking: /repo/ws/install/include/px4_msgs/px4_msgs/msg/detail/unregister_ext_component__struct.hpp
[1501.097s] -- Symlinking: /repo/ws/install/include/px4_msgs/px4_msgs/msg/detail/unregister_ext_component__traits.hpp
[1501.111s] -- Symlinking: /repo/ws/install/include/px4_msgs/px4_msgs/msg/detail/unregister_ext_component__type_support.hpp
[1501.124s] -- Symlinking: /repo/ws/install/include/px4_msgs/px4_msgs/msg/detail/vehicle_acceleration__builder.hpp
[1501.137s] -- Symlinking: /repo/ws/install/include/px4_msgs/px4_msgs/msg/detail/vehicle_acceleration__struct.hpp
[1501.150s] -- Symlinking: /repo/ws/install/include/px4_msgs/px4_msgs/msg/detail/vehicle_acceleration__traits.hpp
[1501.164s] -- Symlinking: /repo/ws/install/include/px4_msgs/px4_msgs/msg/detail/vehicle_acceleration__type_support.hpp
[1501.176s] -- Symlinking: /repo/ws/install/include/px4_msgs/px4_msgs/msg/detail/vehicle_air_data__builder.hpp
[1501.189s] -- Symlinking: /repo/ws/install/include/px4_msgs/px4_msgs/msg/detail/vehicle_air_data__struct.hpp
[1501.202s] -- Symlinking: /repo/ws/install/include/px4_msgs/px4_msgs/msg/detail/vehicle_air_data__traits.hpp
[1501.215s] -- Symlinking: /repo/ws/install/include/px4_msgs/px4_msgs/msg/detail/vehicle_air_data__type_support.hpp
[1501.229s] -- Symlinking: /repo/ws/install/include/px4_msgs/px4_msgs/msg/detail/vehicle_angular_acceleration_setpoint__builder.hpp
[1501.242s] -- Symlinking: /repo/ws/install/include/px4_msgs/px4_msgs/msg/detail/vehicle_angular_acceleration_setpoint__struct.hpp
[1501.255s] -- Symlinking: /repo/ws/install/include/px4_msgs/px4_msgs/msg/detail/vehicle_angular_acceleration_setpoint__traits.hpp
[1501.268s] -- Symlinking: /repo/ws/install/include/px4_msgs/px4_msgs/msg/detail/vehicle_angular_acceleration_setpoint__type_support.hpp
[1501.281s] -- Symlinking: /repo/ws/install/include/px4_msgs/px4_msgs/msg/detail/vehicle_angular_velocity__builder.hpp
[1501.294s] -- Symlinking: /repo/ws/install/include/px4_msgs/px4_msgs/msg/detail/vehicle_angular_velocity__struct.hpp
[1501.308s] -- Symlinking: /repo/ws/install/include/px4_msgs/px4_msgs/msg/detail/vehicle_angular_velocity__traits.hpp
[1501.320s] -- Symlinking: /repo/ws/install/include/px4_msgs/px4_msgs/msg/detail/vehicle_angular_velocity__type_support.hpp
[1501.334s] -- Symlinking: /repo/ws/install/include/px4_msgs/px4_msgs/msg/detail/vehicle_attitude__builder.hpp
[1501.347s] -- Symlinking: /repo/ws/install/include/px4_msgs/px4_msgs/msg/detail/vehicle_attitude__struct.hpp
[1501.361s] -- Symlinking: /repo/ws/install/include/px4_msgs/px4_msgs/msg/detail/vehicle_attitude__traits.hpp
[1501.376s] -- Symlinking: /repo/ws/install/include/px4_msgs/px4_msgs/msg/detail/vehicle_attitude__type_support.hpp
[1501.389s] -- Symlinking: /repo/ws/install/include/px4_msgs/px4_msgs/msg/detail/vehicle_attitude_setpoint__builder.hpp
[1501.402s] -- Symlinking: /repo/ws/install/include/px4_msgs/px4_msgs/msg/detail/vehicle_attitude_setpoint__struct.hpp
[1501.416s] -- Symlinking: /repo/ws/install/include/px4_msgs/px4_msgs/msg/detail/vehicle_attitude_setpoint__traits.hpp
[1501.430s] -- Symlinking: /repo/ws/install/include/px4_msgs/px4_msgs/msg/detail/vehicle_attitude_setpoint__type_support.hpp
[1501.443s] -- Symlinking: /repo/ws/install/include/px4_msgs/px4_msgs/msg/detail/vehicle_command__builder.hpp
[1501.456s] -- Symlinking: /repo/ws/install/include/px4_msgs/px4_msgs/msg/detail/vehicle_command__struct.hpp
[1501.469s] -- Symlinking: /repo/ws/install/include/px4_msgs/px4_msgs/msg/detail/vehicle_command__traits.hpp
[1501.482s] -- Symlinking: /repo/ws/install/include/px4_msgs/px4_msgs/msg/detail/vehicle_command__type_support.hpp
[1501.495s] -- Symlinking: /repo/ws/install/include/px4_msgs/px4_msgs/msg/detail/vehicle_command_ack__builder.hpp
[1501.508s] -- Symlinking: /repo/ws/install/include/px4_msgs/px4_msgs/msg/detail/vehicle_command_ack__struct.hpp
[1501.521s] -- Symlinking: /repo/ws/install/include/px4_msgs/px4_msgs/msg/detail/vehicle_command_ack__traits.hpp
[1501.535s] -- Symlinking: /repo/ws/install/include/px4_msgs/px4_msgs/msg/detail/vehicle_command_ack__type_support.hpp
[1501.548s] -- Symlinking: /repo/ws/install/include/px4_msgs/px4_msgs/msg/detail/vehicle_constraints__builder.hpp
[1501.561s] -- Symlinking: /repo/ws/install/include/px4_msgs/px4_msgs/msg/detail/vehicle_constraints__struct.hpp
[1501.574s] -- Symlinking: /repo/ws/install/include/px4_msgs/px4_msgs/msg/detail/vehicle_constraints__traits.hpp
[1501.587s] -- Symlinking: /repo/ws/install/include/px4_msgs/px4_msgs/msg/detail/vehicle_constraints__type_support.hpp
[1501.600s] -- Symlinking: /repo/ws/install/include/px4_msgs/px4_msgs/msg/detail/vehicle_control_mode__builder.hpp
[1501.614s] -- Symlinking: /repo/ws/install/include/px4_msgs/px4_msgs/msg/detail/vehicle_control_mode__struct.hpp
[1501.626s] -- Symlinking: /repo/ws/install/include/px4_msgs/px4_msgs/msg/detail/vehicle_control_mode__traits.hpp
[1501.639s] -- Symlinking: /repo/ws/install/include/px4_msgs/px4_msgs/msg/detail/vehicle_control_mode__type_support.hpp
[1501.652s] -- Symlinking: /repo/ws/install/include/px4_msgs/px4_msgs/msg/detail/vehicle_global_position__builder.hpp
[1501.666s] -- Symlinking: /repo/ws/install/include/px4_msgs/px4_msgs/msg/detail/vehicle_global_position__struct.hpp
[1501.679s] -- Symlinking: /repo/ws/install/include/px4_msgs/px4_msgs/msg/detail/vehicle_global_position__traits.hpp
[1501.693s] -- Symlinking: /repo/ws/install/include/px4_msgs/px4_msgs/msg/detail/vehicle_global_position__type_support.hpp
[1501.706s] -- Symlinking: /repo/ws/install/include/px4_msgs/px4_msgs/msg/detail/vehicle_imu__builder.hpp
[1501.720s] -- Symlinking: /repo/ws/install/include/px4_msgs/px4_msgs/msg/detail/vehicle_imu__struct.hpp
[1501.733s] -- Symlinking: /repo/ws/install/include/px4_msgs/px4_msgs/msg/detail/vehicle_imu__traits.hpp
[1501.746s] -- Symlinking: /repo/ws/install/include/px4_msgs/px4_msgs/msg/detail/vehicle_imu__type_support.hpp
[1501.759s] -- Symlinking: /repo/ws/install/include/px4_msgs/px4_msgs/msg/detail/vehicle_imu_status__builder.hpp
[1501.772s] -- Symlinking: /repo/ws/install/include/px4_msgs/px4_msgs/msg/detail/vehicle_imu_status__struct.hpp
[1501.785s] -- Symlinking: /repo/ws/install/include/px4_msgs/px4_msgs/msg/detail/vehicle_imu_status__traits.hpp
[1501.798s] -- Symlinking: /repo/ws/install/include/px4_msgs/px4_msgs/msg/detail/vehicle_imu_status__type_support.hpp
[1501.811s] -- Symlinking: /repo/ws/install/include/px4_msgs/px4_msgs/msg/detail/vehicle_land_detected__builder.hpp
[1501.825s] -- Symlinking: /repo/ws/install/include/px4_msgs/px4_msgs/msg/detail/vehicle_land_detected__struct.hpp
[1501.837s] -- Symlinking: /repo/ws/install/include/px4_msgs/px4_msgs/msg/detail/vehicle_land_detected__traits.hpp
[1501.851s] -- Symlinking: /repo/ws/install/include/px4_msgs/px4_msgs/msg/detail/vehicle_land_detected__type_support.hpp
[1501.864s] -- Symlinking: /repo/ws/install/include/px4_msgs/px4_msgs/msg/detail/vehicle_local_position__builder.hpp
[1501.877s] -- Symlinking: /repo/ws/install/include/px4_msgs/px4_msgs/msg/detail/vehicle_local_position__struct.hpp
[1501.890s] -- Symlinking: /repo/ws/install/include/px4_msgs/px4_msgs/msg/detail/vehicle_local_position__traits.hpp
[1501.903s] -- Symlinking: /repo/ws/install/include/px4_msgs/px4_msgs/msg/detail/vehicle_local_position__type_support.hpp
[1501.917s] -- Symlinking: /repo/ws/install/include/px4_msgs/px4_msgs/msg/detail/vehicle_local_position_setpoint__builder.hpp
[1501.930s] -- Symlinking: /repo/ws/install/include/px4_msgs/px4_msgs/msg/detail/vehicle_local_position_setpoint__struct.hpp
[1501.943s] -- Symlinking: /repo/ws/install/include/px4_msgs/px4_msgs/msg/detail/vehicle_local_position_setpoint__traits.hpp
[1501.956s] -- Symlinking: /repo/ws/install/include/px4_msgs/px4_msgs/msg/detail/vehicle_local_position_setpoint__type_support.hpp
[1501.969s] -- Symlinking: /repo/ws/install/include/px4_msgs/px4_msgs/msg/detail/vehicle_magnetometer__builder.hpp
[1501.982s] -- Symlinking: /repo/ws/install/include/px4_msgs/px4_msgs/msg/detail/vehicle_magnetometer__struct.hpp
[1501.995s] -- Symlinking: /repo/ws/install/include/px4_msgs/px4_msgs/msg/detail/vehicle_magnetometer__traits.hpp
[1502.009s] -- Symlinking: /repo/ws/install/include/px4_msgs/px4_msgs/msg/detail/vehicle_magnetometer__type_support.hpp
[1502.023s] -- Symlinking: /repo/ws/install/include/px4_msgs/px4_msgs/msg/detail/vehicle_odometry__builder.hpp
[1502.036s] -- Symlinking: /repo/ws/install/include/px4_msgs/px4_msgs/msg/detail/vehicle_odometry__struct.hpp
[1502.049s] -- Symlinking: /repo/ws/install/include/px4_msgs/px4_msgs/msg/detail/vehicle_odometry__traits.hpp
[1502.063s] -- Symlinking: /repo/ws/install/include/px4_msgs/px4_msgs/msg/detail/vehicle_odometry__type_support.hpp
[1502.077s] -- Symlinking: /repo/ws/install/include/px4_msgs/px4_msgs/msg/detail/vehicle_optical_flow__builder.hpp
[1502.090s] -- Symlinking: /repo/ws/install/include/px4_msgs/px4_msgs/msg/detail/vehicle_optical_flow__struct.hpp
[1502.104s] -- Symlinking: /repo/ws/install/include/px4_msgs/px4_msgs/msg/detail/vehicle_optical_flow__traits.hpp
[1502.117s] -- Symlinking: /repo/ws/install/include/px4_msgs/px4_msgs/msg/detail/vehicle_optical_flow__type_support.hpp
[1502.131s] -- Symlinking: /repo/ws/install/include/px4_msgs/px4_msgs/msg/detail/vehicle_optical_flow_vel__builder.hpp
[1502.145s] -- Symlinking: /repo/ws/install/include/px4_msgs/px4_msgs/msg/detail/vehicle_optical_flow_vel__struct.hpp
[1502.158s] -- Symlinking: /repo/ws/install/include/px4_msgs/px4_msgs/msg/detail/vehicle_optical_flow_vel__traits.hpp
[1502.171s] -- Symlinking: /repo/ws/install/include/px4_msgs/px4_msgs/msg/detail/vehicle_optical_flow_vel__type_support.hpp
[1502.184s] -- Symlinking: /repo/ws/install/include/px4_msgs/px4_msgs/msg/detail/vehicle_rates_setpoint__builder.hpp
[1502.197s] -- Symlinking: /repo/ws/install/include/px4_msgs/px4_msgs/msg/detail/vehicle_rates_setpoint__struct.hpp
[1502.210s] -- Symlinking: /repo/ws/install/include/px4_msgs/px4_msgs/msg/detail/vehicle_rates_setpoint__traits.hpp
[1502.223s] -- Symlinking: /repo/ws/install/include/px4_msgs/px4_msgs/msg/detail/vehicle_rates_setpoint__type_support.hpp
[1502.236s] -- Symlinking: /repo/ws/install/include/px4_msgs/px4_msgs/msg/detail/vehicle_roi__builder.hpp
[1502.250s] -- Symlinking: /repo/ws/install/include/px4_msgs/px4_msgs/msg/detail/vehicle_roi__struct.hpp
[1502.266s] -- Symlinking: /repo/ws/install/include/px4_msgs/px4_msgs/msg/detail/vehicle_roi__traits.hpp
[1502.280s] -- Symlinking: /repo/ws/install/include/px4_msgs/px4_msgs/msg/detail/vehicle_roi__type_support.hpp
[1502.294s] -- Symlinking: /repo/ws/install/include/px4_msgs/px4_msgs/msg/detail/vehicle_status__builder.hpp
[1502.307s] -- Symlinking: /repo/ws/install/include/px4_msgs/px4_msgs/msg/detail/vehicle_status__struct.hpp
[1502.324s] -- Symlinking: /repo/ws/install/include/px4_msgs/px4_msgs/msg/detail/vehicle_status__traits.hpp
[1502.335s] -- Symlinking: /repo/ws/install/include/px4_msgs/px4_msgs/msg/detail/vehicle_status__type_support.hpp
[1502.348s] -- Symlinking: /repo/ws/install/include/px4_msgs/px4_msgs/msg/detail/vehicle_thrust_setpoint__builder.hpp
[1502.363s] -- Symlinking: /repo/ws/install/include/px4_msgs/px4_msgs/msg/detail/vehicle_thrust_setpoint__struct.hpp
[1502.378s] -- Symlinking: /repo/ws/install/include/px4_msgs/px4_msgs/msg/detail/vehicle_thrust_setpoint__traits.hpp
[1502.391s] -- Symlinking: /repo/ws/install/include/px4_msgs/px4_msgs/msg/detail/vehicle_thrust_setpoint__type_support.hpp
[1502.404s] -- Symlinking: /repo/ws/install/include/px4_msgs/px4_msgs/msg/detail/vehicle_torque_setpoint__builder.hpp
[1502.418s] -- Symlinking: /repo/ws/install/include/px4_msgs/px4_msgs/msg/detail/vehicle_torque_setpoint__struct.hpp
[1502.431s] -- Symlinking: /repo/ws/install/include/px4_msgs/px4_msgs/msg/detail/vehicle_torque_setpoint__traits.hpp
[1502.444s] -- Symlinking: /repo/ws/install/include/px4_msgs/px4_msgs/msg/detail/vehicle_torque_setpoint__type_support.hpp
[1502.457s] -- Symlinking: /repo/ws/install/include/px4_msgs/px4_msgs/msg/detail/velocity_limits__builder.hpp
[1502.470s] -- Symlinking: /repo/ws/install/include/px4_msgs/px4_msgs/msg/detail/velocity_limits__struct.hpp
[1502.484s] -- Symlinking: /repo/ws/install/include/px4_msgs/px4_msgs/msg/detail/velocity_limits__traits.hpp
[1502.497s] -- Symlinking: /repo/ws/install/include/px4_msgs/px4_msgs/msg/detail/velocity_limits__type_support.hpp
[1502.510s] -- Symlinking: /repo/ws/install/include/px4_msgs/px4_msgs/msg/detail/vtol_vehicle_status__builder.hpp
[1502.523s] -- Symlinking: /repo/ws/install/include/px4_msgs/px4_msgs/msg/detail/vtol_vehicle_status__struct.hpp
[1502.536s] -- Symlinking: /repo/ws/install/include/px4_msgs/px4_msgs/msg/detail/vtol_vehicle_status__traits.hpp
[1502.549s] -- Symlinking: /repo/ws/install/include/px4_msgs/px4_msgs/msg/detail/vtol_vehicle_status__type_support.hpp
[1502.562s] -- Symlinking: /repo/ws/install/include/px4_msgs/px4_msgs/msg/detail/vtx__builder.hpp
[1502.575s] -- Symlinking: /repo/ws/install/include/px4_msgs/px4_msgs/msg/detail/vtx__struct.hpp
[1502.588s] -- Symlinking: /repo/ws/install/include/px4_msgs/px4_msgs/msg/detail/vtx__traits.hpp
[1502.601s] -- Symlinking: /repo/ws/install/include/px4_msgs/px4_msgs/msg/detail/vtx__type_support.hpp
[1502.616s] -- Symlinking: /repo/ws/install/include/px4_msgs/px4_msgs/msg/detail/wheel_encoders__builder.hpp
[1502.629s] -- Symlinking: /repo/ws/install/include/px4_msgs/px4_msgs/msg/detail/wheel_encoders__struct.hpp
[1502.642s] -- Symlinking: /repo/ws/install/include/px4_msgs/px4_msgs/msg/detail/wheel_encoders__traits.hpp
[1502.655s] -- Symlinking: /repo/ws/install/include/px4_msgs/px4_msgs/msg/detail/wheel_encoders__type_support.hpp
[1502.668s] -- Symlinking: /repo/ws/install/include/px4_msgs/px4_msgs/msg/detail/wind__builder.hpp
[1502.684s] -- Symlinking: /repo/ws/install/include/px4_msgs/px4_msgs/msg/detail/wind__struct.hpp
[1502.695s] -- Symlinking: /repo/ws/install/include/px4_msgs/px4_msgs/msg/detail/wind__traits.hpp
[1502.709s] -- Symlinking: /repo/ws/install/include/px4_msgs/px4_msgs/msg/detail/wind__type_support.hpp
[1502.723s] -- Symlinking: /repo/ws/install/include/px4_msgs/px4_msgs/msg/detail/yaw_estimator_status__builder.hpp
[1502.736s] -- Symlinking: /repo/ws/install/include/px4_msgs/px4_msgs/msg/detail/yaw_estimator_status__struct.hpp
[1502.749s] -- Symlinking: /repo/ws/install/include/px4_msgs/px4_msgs/msg/detail/yaw_estimator_status__traits.hpp
[1502.762s] -- Symlinking: /repo/ws/install/include/px4_msgs/px4_msgs/msg/detail/yaw_estimator_status__type_support.hpp
[1502.775s] -- Symlinking: /repo/ws/install/include/px4_msgs/px4_msgs/msg/device_information.hpp
[1502.788s] -- Symlinking: /repo/ws/install/include/px4_msgs/px4_msgs/msg/differential_pressure.hpp
[1502.801s] -- Symlinking: /repo/ws/install/include/px4_msgs/px4_msgs/msg/distance_sensor.hpp
[1502.816s] -- Symlinking: /repo/ws/install/include/px4_msgs/px4_msgs/msg/distance_sensor_mode_change_request.hpp
[1502.829s] -- Symlinking: /repo/ws/install/include/px4_msgs/px4_msgs/msg/dronecan_node_status.hpp
[1502.842s] -- Symlinking: /repo/ws/install/include/px4_msgs/px4_msgs/msg/ekf2_timestamps.hpp
[1502.855s] -- Symlinking: /repo/ws/install/include/px4_msgs/px4_msgs/msg/esc_report.hpp
[1502.868s] -- Symlinking: /repo/ws/install/include/px4_msgs/px4_msgs/msg/esc_status.hpp
[1502.881s] -- Symlinking: /repo/ws/install/include/px4_msgs/px4_msgs/msg/estimator_aid_source1d.hpp
[1502.895s] -- Symlinking: /repo/ws/install/include/px4_msgs/px4_msgs/msg/estimator_aid_source2d.hpp
[1502.908s] -- Symlinking: /repo/ws/install/include/px4_msgs/px4_msgs/msg/estimator_aid_source3d.hpp
[1502.922s] -- Symlinking: /repo/ws/install/include/px4_msgs/px4_msgs/msg/estimator_bias.hpp
[1502.936s] -- Symlinking: /repo/ws/install/include/px4_msgs/px4_msgs/msg/estimator_bias3d.hpp
[1502.949s] -- Symlinking: /repo/ws/install/include/px4_msgs/px4_msgs/msg/estimator_event_flags.hpp
[1502.962s] -- Symlinking: /repo/ws/install/include/px4_msgs/px4_msgs/msg/estimator_gps_status.hpp
[1502.975s] -- Symlinking: /repo/ws/install/include/px4_msgs/px4_msgs/msg/estimator_innovations.hpp
[1502.988s] -- Symlinking: /repo/ws/install/include/px4_msgs/px4_msgs/msg/estimator_selector_status.hpp
[1503.002s] -- Symlinking: /repo/ws/install/include/px4_msgs/px4_msgs/msg/estimator_sensor_bias.hpp
[1503.015s] -- Symlinking: /repo/ws/install/include/px4_msgs/px4_msgs/msg/estimator_states.hpp
[1503.028s] -- Symlinking: /repo/ws/install/include/px4_msgs/px4_msgs/msg/estimator_status.hpp
[1503.042s] -- Symlinking: /repo/ws/install/include/px4_msgs/px4_msgs/msg/estimator_status_flags.hpp
[1503.056s] -- Symlinking: /repo/ws/install/include/px4_msgs/px4_msgs/msg/event.hpp
[1503.069s] -- Symlinking: /repo/ws/install/include/px4_msgs/px4_msgs/msg/failsafe_flags.hpp
[1503.084s] -- Symlinking: /repo/ws/install/include/px4_msgs/px4_msgs/msg/failure_detector_status.hpp
[1503.096s] -- Symlinking: /repo/ws/install/include/px4_msgs/px4_msgs/msg/figure_eight_status.hpp
[1503.110s] -- Symlinking: /repo/ws/install/include/px4_msgs/px4_msgs/msg/fixed_wing_lateral_guidance_status.hpp
[1503.125s] -- Symlinking: /repo/ws/install/include/px4_msgs/px4_msgs/msg/fixed_wing_lateral_setpoint.hpp
[1503.139s] -- Symlinking: /repo/ws/install/include/px4_msgs/px4_msgs/msg/fixed_wing_lateral_status.hpp
[1503.151s] -- Symlinking: /repo/ws/install/include/px4_msgs/px4_msgs/msg/fixed_wing_longitudinal_setpoint.hpp
[1503.165s] -- Symlinking: /repo/ws/install/include/px4_msgs/px4_msgs/msg/fixed_wing_runway_control.hpp
[1503.178s] -- Symlinking: /repo/ws/install/include/px4_msgs/px4_msgs/msg/flight_phase_estimation.hpp
[1503.192s] -- Symlinking: /repo/ws/install/include/px4_msgs/px4_msgs/msg/follow_target.hpp
[1503.206s] -- Symlinking: /repo/ws/install/include/px4_msgs/px4_msgs/msg/follow_target_estimator.hpp
[1503.220s] -- Symlinking: /repo/ws/install/include/px4_msgs/px4_msgs/msg/follow_target_status.hpp
[1503.234s] -- Symlinking: /repo/ws/install/include/px4_msgs/px4_msgs/msg/fuel_tank_status.hpp
[1503.247s] -- Symlinking: /repo/ws/install/include/px4_msgs/px4_msgs/msg/gain_compression.hpp
[1503.260s] -- Symlinking: /repo/ws/install/include/px4_msgs/px4_msgs/msg/generator_status.hpp
[1503.273s] -- Symlinking: /repo/ws/install/include/px4_msgs/px4_msgs/msg/geofence_result.hpp
[1503.286s] -- Symlinking: /repo/ws/install/include/px4_msgs/px4_msgs/msg/geofence_status.hpp
[1503.300s] -- Symlinking: /repo/ws/install/include/px4_msgs/px4_msgs/msg/gimbal_controls.hpp
[1503.314s] -- Symlinking: /repo/ws/install/include/px4_msgs/px4_msgs/msg/gimbal_device_attitude_status.hpp
[1503.328s] -- Symlinking: /repo/ws/install/include/px4_msgs/px4_msgs/msg/gimbal_device_information.hpp
[1503.341s] -- Symlinking: /repo/ws/install/include/px4_msgs/px4_msgs/msg/gimbal_device_set_attitude.hpp
[1503.355s] -- Symlinking: /repo/ws/install/include/px4_msgs/px4_msgs/msg/gimbal_manager_information.hpp
[1503.376s] -- Symlinking: /repo/ws/install/include/px4_msgs/px4_msgs/msg/gimbal_manager_set_attitude.hpp
[1503.386s] -- Symlinking: /repo/ws/install/include/px4_msgs/px4_msgs/msg/gimbal_manager_set_manual_control.hpp
[1503.400s] -- Symlinking: /repo/ws/install/include/px4_msgs/px4_msgs/msg/gimbal_manager_status.hpp
[1503.415s] -- Symlinking: /repo/ws/install/include/px4_msgs/px4_msgs/msg/goto_setpoint.hpp
[1503.431s] -- Symlinking: /repo/ws/install/include/px4_msgs/px4_msgs/msg/gpio_config.hpp
[1503.445s] -- Symlinking: /repo/ws/install/include/px4_msgs/px4_msgs/msg/gpio_in.hpp
[1503.459s] -- Symlinking: /repo/ws/install/include/px4_msgs/px4_msgs/msg/gpio_out.hpp
[1503.473s] -- Symlinking: /repo/ws/install/include/px4_msgs/px4_msgs/msg/gpio_request.hpp
[1503.486s] -- Symlinking: /repo/ws/install/include/px4_msgs/px4_msgs/msg/gps_dump.hpp
[1503.500s] -- Symlinking: /repo/ws/install/include/px4_msgs/px4_msgs/msg/gps_inject_data.hpp
[1503.515s] -- Symlinking: /repo/ws/install/include/px4_msgs/px4_msgs/msg/gripper.hpp
[1503.529s] -- Symlinking: /repo/ws/install/include/px4_msgs/px4_msgs/msg/health_report.hpp
[1503.542s] -- Symlinking: /repo/ws/install/include/px4_msgs/px4_msgs/msg/heater_status.hpp
[1503.556s] -- Symlinking: /repo/ws/install/include/px4_msgs/px4_msgs/msg/home_position.hpp
[1503.569s] -- Symlinking: /repo/ws/install/include/px4_msgs/px4_msgs/msg/hover_thrust_estimate.hpp
[1503.583s] -- Symlinking: /repo/ws/install/include/px4_msgs/px4_msgs/msg/input_rc.hpp
[1503.597s] -- Symlinking: /repo/ws/install/include/px4_msgs/px4_msgs/msg/internal_combustion_engine_control.hpp
[1503.610s] -- Symlinking: /repo/ws/install/include/px4_msgs/px4_msgs/msg/internal_combustion_engine_status.hpp
[1503.628s] -- Symlinking: /repo/ws/install/include/px4_msgs/px4_msgs/msg/iridiumsbd_status.hpp
[1503.643s] -- Symlinking: /repo/ws/install/include/px4_msgs/px4_msgs/msg/irlock_report.hpp
[1503.656s] -- Symlinking: /repo/ws/install/include/px4_msgs/px4_msgs/msg/landing_gear.hpp
[1503.670s] -- Symlinking: /repo/ws/install/include/px4_msgs/px4_msgs/msg/landing_gear_wheel.hpp
[1503.684s] -- Symlinking: /repo/ws/install/include/px4_msgs/px4_msgs/msg/landing_target_innovations.hpp
[1503.698s] -- Symlinking: /repo/ws/install/include/px4_msgs/px4_msgs/msg/landing_target_pose.hpp
[1503.722s] -- Symlinking: /repo/ws/install/include/px4_msgs/px4_msgs/msg/lateral_control_configuration.hpp
[1503.737s] -- Symlinking: /repo/ws/install/include/px4_msgs/px4_msgs/msg/launch_detection_status.hpp
[1503.750s] -- Symlinking: /repo/ws/install/include/px4_msgs/px4_msgs/msg/led_control.hpp
[1503.764s] -- Symlinking: /repo/ws/install/include/px4_msgs/px4_msgs/msg/log_message.hpp
[1503.778s] -- Symlinking: /repo/ws/install/include/px4_msgs/px4_msgs/msg/logger_status.hpp
[1503.792s] -- Symlinking: /repo/ws/install/include/px4_msgs/px4_msgs/msg/longitudinal_control_configuration.hpp
[1503.806s] -- Symlinking: /repo/ws/install/include/px4_msgs/px4_msgs/msg/mag_worker_data.hpp
[1503.821s] -- Symlinking: /repo/ws/install/include/px4_msgs/px4_msgs/msg/magnetometer_bias_estimate.hpp
[1503.834s] -- Symlinking: /repo/ws/install/include/px4_msgs/px4_msgs/msg/manual_control_setpoint.hpp
[1503.847s] -- Symlinking: /repo/ws/install/include/px4_msgs/px4_msgs/msg/manual_control_switches.hpp
[1503.861s] -- Symlinking: /repo/ws/install/include/px4_msgs/px4_msgs/msg/mavlink_log.hpp
[1503.874s] -- Symlinking: /repo/ws/install/include/px4_msgs/px4_msgs/msg/mavlink_tunnel.hpp
[1503.889s] -- Symlinking: /repo/ws/install/include/px4_msgs/px4_msgs/msg/message_format_request.hpp
[1503.902s] -- Symlinking: /repo/ws/install/include/px4_msgs/px4_msgs/msg/message_format_response.hpp
[1503.917s] -- Symlinking: /repo/ws/install/include/px4_msgs/px4_msgs/msg/mission.hpp
[1503.931s] -- Symlinking: /repo/ws/install/include/px4_msgs/px4_msgs/msg/mission_result.hpp
[1503.944s] -- Symlinking: /repo/ws/install/include/px4_msgs/px4_msgs/msg/mode_completed.hpp
[1503.958s] -- Symlinking: /repo/ws/install/include/px4_msgs/px4_msgs/msg/mount_orientation.hpp
[1503.971s] -- Symlinking: /repo/ws/install/include/px4_msgs/px4_msgs/msg/navigator_mission_item.hpp
[1503.989s] -- Symlinking: /repo/ws/install/include/px4_msgs/px4_msgs/msg/navigator_status.hpp
[1504.003s] -- Symlinking: /repo/ws/install/include/px4_msgs/px4_msgs/msg/neural_control.hpp
[1504.023s] -- Symlinking: /repo/ws/install/include/px4_msgs/px4_msgs/msg/normalized_unsigned_setpoint.hpp
[1504.040s] -- Symlinking: /repo/ws/install/include/px4_msgs/px4_msgs/msg/obstacle_distance.hpp
[1504.053s] -- Symlinking: /repo/ws/install/include/px4_msgs/px4_msgs/msg/offboard_control_mode.hpp
[1504.067s] -- Symlinking: /repo/ws/install/include/px4_msgs/px4_msgs/msg/onboard_computer_status.hpp
[1504.080s] -- Symlinking: /repo/ws/install/include/px4_msgs/px4_msgs/msg/open_drone_id_arm_status.hpp
[1504.094s] -- Symlinking: /repo/ws/install/include/px4_msgs/px4_msgs/msg/open_drone_id_operator_id.hpp
[1504.107s] -- Symlinking: /repo/ws/install/include/px4_msgs/px4_msgs/msg/open_drone_id_self_id.hpp
[1504.121s] -- Symlinking: /repo/ws/install/include/px4_msgs/px4_msgs/msg/open_drone_id_system.hpp
[1504.134s] -- Symlinking: /repo/ws/install/include/px4_msgs/px4_msgs/msg/orb_test.hpp
[1504.148s] -- Symlinking: /repo/ws/install/include/px4_msgs/px4_msgs/msg/orb_test_large.hpp
[1504.161s] -- Symlinking: /repo/ws/install/include/px4_msgs/px4_msgs/msg/orb_test_medium.hpp
[1504.174s] -- Symlinking: /repo/ws/install/include/px4_msgs/px4_msgs/msg/orbit_status.hpp
[1504.188s] -- Symlinking: /repo/ws/install/include/px4_msgs/px4_msgs/msg/parameter_reset_request.hpp
[1504.202s] -- Symlinking: /repo/ws/install/include/px4_msgs/px4_msgs/msg/parameter_set_used_request.hpp
[1504.215s] -- Symlinking: /repo/ws/install/include/px4_msgs/px4_msgs/msg/parameter_set_value_request.hpp
[1504.229s] -- Symlinking: /repo/ws/install/include/px4_msgs/px4_msgs/msg/parameter_set_value_response.hpp
[1504.242s] -- Symlinking: /repo/ws/install/include/px4_msgs/px4_msgs/msg/parameter_update.hpp
[1504.256s] -- Symlinking: /repo/ws/install/include/px4_msgs/px4_msgs/msg/ping.hpp
[1504.269s] -- Symlinking: /repo/ws/install/include/px4_msgs/px4_msgs/msg/position_controller_landing_status.hpp
[1504.282s] -- Symlinking: /repo/ws/install/include/px4_msgs/px4_msgs/msg/position_controller_status.hpp
[1504.296s] -- Symlinking: /repo/ws/install/include/px4_msgs/px4_msgs/msg/position_setpoint.hpp
[1504.312s] -- Symlinking: /repo/ws/install/include/px4_msgs/px4_msgs/msg/position_setpoint_triplet.hpp
[1504.327s] -- Symlinking: /repo/ws/install/include/px4_msgs/px4_msgs/msg/power_button_state.hpp
[1504.342s] -- Symlinking: /repo/ws/install/include/px4_msgs/px4_msgs/msg/power_monitor.hpp
[1504.356s] -- Symlinking: /repo/ws/install/include/px4_msgs/px4_msgs/msg/pps_capture.hpp
[1504.370s] -- Symlinking: /repo/ws/install/include/px4_msgs/px4_msgs/msg/pure_pursuit_status.hpp
[1504.383s] -- Symlinking: /repo/ws/install/include/px4_msgs/px4_msgs/msg/pwm_input.hpp
[1504.396s] -- Symlinking: /repo/ws/install/include/px4_msgs/px4_msgs/msg/px4io_status.hpp
[1504.409s] -- Symlinking: /repo/ws/install/include/px4_msgs/px4_msgs/msg/qshell_req.hpp
[1504.425s] -- Symlinking: /repo/ws/install/include/px4_msgs/px4_msgs/msg/qshell_retval.hpp
[1504.438s] -- Symlinking: /repo/ws/install/include/px4_msgs/px4_msgs/msg/radio_status.hpp
[1504.451s] -- Symlinking: /repo/ws/install/include/px4_msgs/px4_msgs/msg/raptor_input.hpp
[1504.464s] -- Symlinking: /repo/ws/install/include/px4_msgs/px4_msgs/msg/raptor_status.hpp
[1504.477s] -- Symlinking: /repo/ws/install/include/px4_msgs/px4_msgs/msg/rate_ctrl_status.hpp
[1504.491s] -- Symlinking: /repo/ws/install/include/px4_msgs/px4_msgs/msg/rc_channels.hpp
[1504.504s] -- Symlinking: /repo/ws/install/include/px4_msgs/px4_msgs/msg/rc_parameter_map.hpp
[1504.518s] -- Symlinking: /repo/ws/install/include/px4_msgs/px4_msgs/msg/register_ext_component_reply.hpp
[1504.533s] -- Symlinking: /repo/ws/install/include/px4_msgs/px4_msgs/msg/register_ext_component_request.hpp
[1504.547s] -- Symlinking: /repo/ws/install/include/px4_msgs/px4_msgs/msg/rosidl_generator_cpp__visibility_control.hpp
[1504.560s] -- Symlinking: /repo/ws/install/include/px4_msgs/px4_msgs/msg/rover_attitude_setpoint.hpp
[1504.574s] -- Symlinking: /repo/ws/install/include/px4_msgs/px4_msgs/msg/rover_attitude_status.hpp
[1504.587s] -- Symlinking: /repo/ws/install/include/px4_msgs/px4_msgs/msg/rover_position_setpoint.hpp
[1504.600s] -- Symlinking: /repo/ws/install/include/px4_msgs/px4_msgs/msg/rover_rate_setpoint.hpp
[1504.614s] -- Symlinking: /repo/ws/install/include/px4_msgs/px4_msgs/msg/rover_rate_status.hpp
[1504.628s] -- Symlinking: /repo/ws/install/include/px4_msgs/px4_msgs/msg/rover_speed_setpoint.hpp
[1504.643s] -- Symlinking: /repo/ws/install/include/px4_msgs/px4_msgs/msg/rover_speed_status.hpp
[1504.656s] -- Symlinking: /repo/ws/install/include/px4_msgs/px4_msgs/msg/rover_steering_setpoint.hpp
[1504.669s] -- Symlinking: /repo/ws/install/include/px4_msgs/px4_msgs/msg/rover_throttle_setpoint.hpp
[1504.683s] -- Symlinking: /repo/ws/install/include/px4_msgs/px4_msgs/msg/rpm.hpp
[1504.696s] -- Symlinking: /repo/ws/install/include/px4_msgs/px4_msgs/msg/rtl_status.hpp
[1504.709s] -- Symlinking: /repo/ws/install/include/px4_msgs/px4_msgs/msg/rtl_time_estimate.hpp
[1504.724s] -- Symlinking: /repo/ws/install/include/px4_msgs/px4_msgs/msg/satellite_info.hpp
[1504.738s] -- Symlinking: /repo/ws/install/include/px4_msgs/px4_msgs/msg/sensor_accel.hpp
[1504.753s] -- Symlinking: /repo/ws/install/include/px4_msgs/px4_msgs/msg/sensor_accel_fifo.hpp
[1504.764s] -- Symlinking: /repo/ws/install/include/px4_msgs/px4_msgs/msg/sensor_airflow.hpp
[1504.779s] -- Symlinking: /repo/ws/install/include/px4_msgs/px4_msgs/msg/sensor_baro.hpp
[1504.792s] -- Symlinking: /repo/ws/install/include/px4_msgs/px4_msgs/msg/sensor_combined.hpp
[1504.805s] -- Symlinking: /repo/ws/install/include/px4_msgs/px4_msgs/msg/sensor_correction.hpp
[1504.821s] -- Symlinking: /repo/ws/install/include/px4_msgs/px4_msgs/msg/sensor_gnss_relative.hpp
[1504.834s] -- Symlinking: /repo/ws/install/include/px4_msgs/px4_msgs/msg/sensor_gnss_status.hpp
[1504.848s] -- Symlinking: /repo/ws/install/include/px4_msgs/px4_msgs/msg/sensor_gps.hpp
[1504.861s] -- Symlinking: /repo/ws/install/include/px4_msgs/px4_msgs/msg/sensor_gyro.hpp
[1504.874s] -- Symlinking: /repo/ws/install/include/px4_msgs/px4_msgs/msg/sensor_gyro_fft.hpp
[1504.888s] -- Symlinking: /repo/ws/install/include/px4_msgs/px4_msgs/msg/sensor_gyro_fifo.hpp
[1504.901s] -- Symlinking: /repo/ws/install/include/px4_msgs/px4_msgs/msg/sensor_hygrometer.hpp
[1504.915s] -- Symlinking: /repo/ws/install/include/px4_msgs/px4_msgs/msg/sensor_mag.hpp
[1504.929s] -- Symlinking: /repo/ws/install/include/px4_msgs/px4_msgs/msg/sensor_optical_flow.hpp
[1504.945s] -- Symlinking: /repo/ws/install/include/px4_msgs/px4_msgs/msg/sensor_preflight_mag.hpp
[1504.956s] -- Symlinking: /repo/ws/install/include/px4_msgs/px4_msgs/msg/sensor_selection.hpp
[1504.971s] -- Symlinking: /repo/ws/install/include/px4_msgs/px4_msgs/msg/sensor_temp.hpp
[1504.983s] -- Symlinking: /repo/ws/install/include/px4_msgs/px4_msgs/msg/sensor_uwb.hpp
[1504.997s] -- Symlinking: /repo/ws/install/include/px4_msgs/px4_msgs/msg/sensors_status.hpp
[1505.010s] -- Symlinking: /repo/ws/install/include/px4_msgs/px4_msgs/msg/sensors_status_imu.hpp
[1505.025s] -- Symlinking: /repo/ws/install/include/px4_msgs/px4_msgs/msg/system_power.hpp
[1505.039s] -- Symlinking: /repo/ws/install/include/px4_msgs/px4_msgs/msg/takeoff_status.hpp
[1505.054s] -- Symlinking: /repo/ws/install/include/px4_msgs/px4_msgs/msg/task_stack_info.hpp
[1505.065s] -- Symlinking: /repo/ws/install/include/px4_msgs/px4_msgs/msg/tecs_status.hpp
[1505.079s] -- Symlinking: /repo/ws/install/include/px4_msgs/px4_msgs/msg/telemetry_status.hpp
[1505.092s] -- Symlinking: /repo/ws/install/include/px4_msgs/px4_msgs/msg/tiltrotor_extra_controls.hpp
[1505.106s] -- Symlinking: /repo/ws/install/include/px4_msgs/px4_msgs/msg/timesync_status.hpp
[1505.121s] -- Symlinking: /repo/ws/install/include/px4_msgs/px4_msgs/msg/trajectory_setpoint.hpp
[1505.136s] -- Symlinking: /repo/ws/install/include/px4_msgs/px4_msgs/msg/trajectory_setpoint6dof.hpp
[1505.150s] -- Symlinking: /repo/ws/install/include/px4_msgs/px4_msgs/msg/transponder_report.hpp
[1505.163s] -- Symlinking: /repo/ws/install/include/px4_msgs/px4_msgs/msg/tune_control.hpp
[1505.176s] -- Symlinking: /repo/ws/install/include/px4_msgs/px4_msgs/msg/uavcan_parameter_request.hpp
[1505.190s] -- Symlinking: /repo/ws/install/include/px4_msgs/px4_msgs/msg/uavcan_parameter_value.hpp
[1505.203s] -- Symlinking: /repo/ws/install/include/px4_msgs/px4_msgs/msg/ulog_stream.hpp
[1505.216s] -- Symlinking: /repo/ws/install/include/px4_msgs/px4_msgs/msg/ulog_stream_ack.hpp
[1505.231s] -- Symlinking: /repo/ws/install/include/px4_msgs/px4_msgs/msg/unregister_ext_component.hpp
[1505.244s] -- Symlinking: /repo/ws/install/include/px4_msgs/px4_msgs/msg/vehicle_acceleration.hpp
[1505.258s] -- Symlinking: /repo/ws/install/include/px4_msgs/px4_msgs/msg/vehicle_air_data.hpp
[1505.272s] -- Symlinking: /repo/ws/install/include/px4_msgs/px4_msgs/msg/vehicle_angular_acceleration_setpoint.hpp
[1505.285s] -- Symlinking: /repo/ws/install/include/px4_msgs/px4_msgs/msg/vehicle_angular_velocity.hpp
[1505.299s] -- Symlinking: /repo/ws/install/include/px4_msgs/px4_msgs/msg/vehicle_attitude.hpp
[1505.311s] -- Symlinking: /repo/ws/install/include/px4_msgs/px4_msgs/msg/vehicle_attitude_setpoint.hpp
[1505.326s] -- Symlinking: /repo/ws/install/include/px4_msgs/px4_msgs/msg/vehicle_command.hpp
[1505.340s] -- Symlinking: /repo/ws/install/include/px4_msgs/px4_msgs/msg/vehicle_command_ack.hpp
[1505.353s] -- Symlinking: /repo/ws/install/include/px4_msgs/px4_msgs/msg/vehicle_constraints.hpp
[1505.367s] -- Symlinking: /repo/ws/install/include/px4_msgs/px4_msgs/msg/vehicle_control_mode.hpp
[1505.380s] -- Symlinking: /repo/ws/install/include/px4_msgs/px4_msgs/msg/vehicle_global_position.hpp
[1505.393s] -- Symlinking: /repo/ws/install/include/px4_msgs/px4_msgs/msg/vehicle_imu.hpp
[1505.406s] -- Symlinking: /repo/ws/install/include/px4_msgs/px4_msgs/msg/vehicle_imu_status.hpp
[1505.422s] -- Symlinking: /repo/ws/install/include/px4_msgs/px4_msgs/msg/vehicle_land_detected.hpp
[1505.437s] -- Symlinking: /repo/ws/install/include/px4_msgs/px4_msgs/msg/vehicle_local_position.hpp
[1505.450s] -- Symlinking: /repo/ws/install/include/px4_msgs/px4_msgs/msg/vehicle_local_position_setpoint.hpp
[1505.463s] -- Symlinking: /repo/ws/install/include/px4_msgs/px4_msgs/msg/vehicle_magnetometer.hpp
[1505.477s] -- Symlinking: /repo/ws/install/include/px4_msgs/px4_msgs/msg/vehicle_odometry.hpp
[1505.490s] -- Symlinking: /repo/ws/install/include/px4_msgs/px4_msgs/msg/vehicle_optical_flow.hpp
[1505.505s] -- Symlinking: /repo/ws/install/include/px4_msgs/px4_msgs/msg/vehicle_optical_flow_vel.hpp
[1505.516s] -- Symlinking: /repo/ws/install/include/px4_msgs/px4_msgs/msg/vehicle_rates_setpoint.hpp
[1505.531s] -- Symlinking: /repo/ws/install/include/px4_msgs/px4_msgs/msg/vehicle_roi.hpp
[1505.545s] -- Symlinking: /repo/ws/install/include/px4_msgs/px4_msgs/msg/vehicle_status.hpp
[1505.558s] -- Symlinking: /repo/ws/install/include/px4_msgs/px4_msgs/msg/vehicle_thrust_setpoint.hpp
[1505.572s] -- Symlinking: /repo/ws/install/include/px4_msgs/px4_msgs/msg/vehicle_torque_setpoint.hpp
[1505.585s] -- Symlinking: /repo/ws/install/include/px4_msgs/px4_msgs/msg/velocity_limits.hpp
[1505.599s] -- Symlinking: /repo/ws/install/include/px4_msgs/px4_msgs/msg/vtol_vehicle_status.hpp
[1505.612s] -- Symlinking: /repo/ws/install/include/px4_msgs/px4_msgs/msg/vtx.hpp
[1505.626s] -- Symlinking: /repo/ws/install/include/px4_msgs/px4_msgs/msg/wheel_encoders.hpp
[1505.640s] -- Symlinking: /repo/ws/install/include/px4_msgs/px4_msgs/msg/wind.hpp
[1505.654s] -- Symlinking: /repo/ws/install/include/px4_msgs/px4_msgs/msg/yaw_estimator_status.hpp
[1505.667s] -- Symlinking: /repo/ws/install/include/px4_msgs/px4_msgs/srv/detail/vehicle_command__builder.hpp
[1505.680s] -- Symlinking: /repo/ws/install/include/px4_msgs/px4_msgs/srv/detail/vehicle_command__struct.hpp
[1505.693s] -- Symlinking: /repo/ws/install/include/px4_msgs/px4_msgs/srv/detail/vehicle_command__traits.hpp
[1505.706s] -- Symlinking: /repo/ws/install/include/px4_msgs/px4_msgs/srv/detail/vehicle_command__type_support.hpp
[1505.719s] -- Symlinking: /repo/ws/install/include/px4_msgs/px4_msgs/srv/vehicle_command.hpp
[1505.750s] -- Symlinking: /repo/ws/install/include/px4_msgs/px4_msgs/msg/detail/action_request__rosidl_typesupport_fastrtps_cpp.hpp
[1505.762s] -- Symlinking: /repo/ws/install/include/px4_msgs/px4_msgs/msg/detail/actuator_armed__rosidl_typesupport_fastrtps_cpp.hpp
[1505.776s] -- Symlinking: /repo/ws/install/include/px4_msgs/px4_msgs/msg/detail/actuator_controls_status__rosidl_typesupport_fastrtps_cpp.hpp
[1505.789s] -- Symlinking: /repo/ws/install/include/px4_msgs/px4_msgs/msg/detail/actuator_motors__rosidl_typesupport_fastrtps_cpp.hpp
[1505.803s] -- Symlinking: /repo/ws/install/include/px4_msgs/px4_msgs/msg/detail/actuator_outputs__rosidl_typesupport_fastrtps_cpp.hpp
[1505.816s] -- Symlinking: /repo/ws/install/include/px4_msgs/px4_msgs/msg/detail/actuator_servos__rosidl_typesupport_fastrtps_cpp.hpp
[1505.830s] -- Symlinking: /repo/ws/install/include/px4_msgs/px4_msgs/msg/detail/actuator_servos_trim__rosidl_typesupport_fastrtps_cpp.hpp
[1505.847s] -- Symlinking: /repo/ws/install/include/px4_msgs/px4_msgs/msg/detail/actuator_test__rosidl_typesupport_fastrtps_cpp.hpp
[1505.858s] -- Symlinking: /repo/ws/install/include/px4_msgs/px4_msgs/msg/detail/adc_report__rosidl_typesupport_fastrtps_cpp.hpp
[1505.872s] -- Symlinking: /repo/ws/install/include/px4_msgs/px4_msgs/msg/detail/airspeed__rosidl_typesupport_fastrtps_cpp.hpp
[1505.885s] -- Symlinking: /repo/ws/install/include/px4_msgs/px4_msgs/msg/detail/airspeed_validated__rosidl_typesupport_fastrtps_cpp.hpp
[1505.898s] -- Symlinking: /repo/ws/install/include/px4_msgs/px4_msgs/msg/detail/airspeed_wind__rosidl_typesupport_fastrtps_cpp.hpp
[1505.912s] -- Symlinking: /repo/ws/install/include/px4_msgs/px4_msgs/msg/detail/arming_check_reply__rosidl_typesupport_fastrtps_cpp.hpp
[1505.925s] -- Symlinking: /repo/ws/install/include/px4_msgs/px4_msgs/msg/detail/arming_check_request__rosidl_typesupport_fastrtps_cpp.hpp
[1505.940s] -- Symlinking: /repo/ws/install/include/px4_msgs/px4_msgs/msg/detail/autotune_attitude_control_status__rosidl_typesupport_fastrtps_cpp.hpp
[1505.955s] -- Symlinking: /repo/ws/install/include/px4_msgs/px4_msgs/msg/detail/battery_info__rosidl_typesupport_fastrtps_cpp.hpp
[1505.968s] -- Symlinking: /repo/ws/install/include/px4_msgs/px4_msgs/msg/detail/battery_status__rosidl_typesupport_fastrtps_cpp.hpp
[1505.982s] -- Symlinking: /repo/ws/install/include/px4_msgs/px4_msgs/msg/detail/button_event__rosidl_typesupport_fastrtps_cpp.hpp
[1505.995s] -- Symlinking: /repo/ws/install/include/px4_msgs/px4_msgs/msg/detail/camera_capture__rosidl_typesupport_fastrtps_cpp.hpp
[1506.008s] -- Symlinking: /repo/ws/install/include/px4_msgs/px4_msgs/msg/detail/camera_status__rosidl_typesupport_fastrtps_cpp.hpp
[1506.022s] -- Symlinking: /repo/ws/install/include/px4_msgs/px4_msgs/msg/detail/camera_trigger__rosidl_typesupport_fastrtps_cpp.hpp
[1506.036s] -- Symlinking: /repo/ws/install/include/px4_msgs/px4_msgs/msg/detail/can_interface_status__rosidl_typesupport_fastrtps_cpp.hpp
[1506.049s] -- Symlinking: /repo/ws/install/include/px4_msgs/px4_msgs/msg/detail/cellular_status__rosidl_typesupport_fastrtps_cpp.hpp
[1506.065s] -- Symlinking: /repo/ws/install/include/px4_msgs/px4_msgs/msg/detail/collision_constraints__rosidl_typesupport_fastrtps_cpp.hpp
[1506.077s] -- Symlinking: /repo/ws/install/include/px4_msgs/px4_msgs/msg/detail/config_overrides__rosidl_typesupport_fastrtps_cpp.hpp
[1506.091s] -- Symlinking: /repo/ws/install/include/px4_msgs/px4_msgs/msg/detail/control_allocator_status__rosidl_typesupport_fastrtps_cpp.hpp
[1506.105s] -- Symlinking: /repo/ws/install/include/px4_msgs/px4_msgs/msg/detail/cpuload__rosidl_typesupport_fastrtps_cpp.hpp
[1506.118s] -- Symlinking: /repo/ws/install/include/px4_msgs/px4_msgs/msg/detail/dataman_request__rosidl_typesupport_fastrtps_cpp.hpp
[1506.132s] -- Symlinking: /repo/ws/install/include/px4_msgs/px4_msgs/msg/detail/dataman_response__rosidl_typesupport_fastrtps_cpp.hpp
[1506.146s] -- Symlinking: /repo/ws/install/include/px4_msgs/px4_msgs/msg/detail/debug_array__rosidl_typesupport_fastrtps_cpp.hpp
[1506.159s] -- Symlinking: /repo/ws/install/include/px4_msgs/px4_msgs/msg/detail/debug_key_value__rosidl_typesupport_fastrtps_cpp.hpp
[1506.172s] -- Symlinking: /repo/ws/install/include/px4_msgs/px4_msgs/msg/detail/debug_value__rosidl_typesupport_fastrtps_cpp.hpp
[1506.185s] -- Symlinking: /repo/ws/install/include/px4_msgs/px4_msgs/msg/detail/debug_vect__rosidl_typesupport_fastrtps_cpp.hpp
[1506.200s] -- Symlinking: /repo/ws/install/include/px4_msgs/px4_msgs/msg/detail/device_information__rosidl_typesupport_fastrtps_cpp.hpp
[1506.213s] -- Symlinking: /repo/ws/install/include/px4_msgs/px4_msgs/msg/detail/differential_pressure__rosidl_typesupport_fastrtps_cpp.hpp
[1506.227s] -- Symlinking: /repo/ws/install/include/px4_msgs/px4_msgs/msg/detail/distance_sensor__rosidl_typesupport_fastrtps_cpp.hpp
[1506.244s] -- Symlinking: /repo/ws/install/include/px4_msgs/px4_msgs/msg/detail/distance_sensor_mode_change_request__rosidl_typesupport_fastrtps_cpp.hpp
[1506.254s] -- Symlinking: /repo/ws/install/include/px4_msgs/px4_msgs/msg/detail/dronecan_node_status__rosidl_typesupport_fastrtps_cpp.hpp
[1506.267s] -- Symlinking: /repo/ws/install/include/px4_msgs/px4_msgs/msg/detail/ekf2_timestamps__rosidl_typesupport_fastrtps_cpp.hpp
[1506.280s] -- Symlinking: /repo/ws/install/include/px4_msgs/px4_msgs/msg/detail/esc_report__rosidl_typesupport_fastrtps_cpp.hpp
[1506.293s] -- Symlinking: /repo/ws/install/include/px4_msgs/px4_msgs/msg/detail/esc_status__rosidl_typesupport_fastrtps_cpp.hpp
[1506.308s] -- Symlinking: /repo/ws/install/include/px4_msgs/px4_msgs/msg/detail/estimator_aid_source1d__rosidl_typesupport_fastrtps_cpp.hpp
[1506.321s] -- Symlinking: /repo/ws/install/include/px4_msgs/px4_msgs/msg/detail/estimator_aid_source2d__rosidl_typesupport_fastrtps_cpp.hpp
[1506.335s] -- Symlinking: /repo/ws/install/include/px4_msgs/px4_msgs/msg/detail/estimator_aid_source3d__rosidl_typesupport_fastrtps_cpp.hpp
[1506.348s] -- Symlinking: /repo/ws/install/include/px4_msgs/px4_msgs/msg/detail/estimator_bias3d__rosidl_typesupport_fastrtps_cpp.hpp
[1506.362s] -- Symlinking: /repo/ws/install/include/px4_msgs/px4_msgs/msg/detail/estimator_bias__rosidl_typesupport_fastrtps_cpp.hpp
[1506.375s] -- Symlinking: /repo/ws/install/include/px4_msgs/px4_msgs/msg/detail/estimator_event_flags__rosidl_typesupport_fastrtps_cpp.hpp
[1506.394s] -- Symlinking: /repo/ws/install/include/px4_msgs/px4_msgs/msg/detail/estimator_gps_status__rosidl_typesupport_fastrtps_cpp.hpp
[1506.406s] -- Symlinking: /repo/ws/install/include/px4_msgs/px4_msgs/msg/detail/estimator_innovations__rosidl_typesupport_fastrtps_cpp.hpp
[1506.421s] -- Symlinking: /repo/ws/install/include/px4_msgs/px4_msgs/msg/detail/estimator_selector_status__rosidl_typesupport_fastrtps_cpp.hpp
[1506.440s] -- Symlinking: /repo/ws/install/include/px4_msgs/px4_msgs/msg/detail/estimator_sensor_bias__rosidl_typesupport_fastrtps_cpp.hpp
[1506.453s] -- Symlinking: /repo/ws/install/include/px4_msgs/px4_msgs/msg/detail/estimator_states__rosidl_typesupport_fastrtps_cpp.hpp
[1506.467s] -- Symlinking: /repo/ws/install/include/px4_msgs/px4_msgs/msg/detail/estimator_status__rosidl_typesupport_fastrtps_cpp.hpp
[1506.480s] -- Symlinking: /repo/ws/install/include/px4_msgs/px4_msgs/msg/detail/estimator_status_flags__rosidl_typesupport_fastrtps_cpp.hpp
[1506.494s] -- Symlinking: /repo/ws/install/include/px4_msgs/px4_msgs/msg/detail/event__rosidl_typesupport_fastrtps_cpp.hpp
[1506.508s] -- Symlinking: /repo/ws/install/include/px4_msgs/px4_msgs/msg/detail/failsafe_flags__rosidl_typesupport_fastrtps_cpp.hpp
[1506.520s] -- Symlinking: /repo/ws/install/include/px4_msgs/px4_msgs/msg/detail/failure_detector_status__rosidl_typesupport_fastrtps_cpp.hpp
[1506.535s] -- Symlinking: /repo/ws/install/include/px4_msgs/px4_msgs/msg/detail/figure_eight_status__rosidl_typesupport_fastrtps_cpp.hpp
[1506.548s] -- Symlinking: /repo/ws/install/include/px4_msgs/px4_msgs/msg/detail/fixed_wing_lateral_guidance_status__rosidl_typesupport_fastrtps_cpp.hpp
[1506.565s] -- Symlinking: /repo/ws/install/include/px4_msgs/px4_msgs/msg/detail/fixed_wing_lateral_setpoint__rosidl_typesupport_fastrtps_cpp.hpp
[1506.579s] -- Symlinking: /repo/ws/install/include/px4_msgs/px4_msgs/msg/detail/fixed_wing_lateral_status__rosidl_typesupport_fastrtps_cpp.hpp
[1506.592s] -- Symlinking: /repo/ws/install/include/px4_msgs/px4_msgs/msg/detail/fixed_wing_longitudinal_setpoint__rosidl_typesupport_fastrtps_cpp.hpp
[1506.606s] -- Symlinking: /repo/ws/install/include/px4_msgs/px4_msgs/msg/detail/fixed_wing_runway_control__rosidl_typesupport_fastrtps_cpp.hpp
[1506.619s] -- Symlinking: /repo/ws/install/include/px4_msgs/px4_msgs/msg/detail/flight_phase_estimation__rosidl_typesupport_fastrtps_cpp.hpp
[1506.636s] -- Symlinking: /repo/ws/install/include/px4_msgs/px4_msgs/msg/detail/follow_target__rosidl_typesupport_fastrtps_cpp.hpp
[1506.648s] -- Symlinking: /repo/ws/install/include/px4_msgs/px4_msgs/msg/detail/follow_target_estimator__rosidl_typesupport_fastrtps_cpp.hpp
[1506.662s] -- Symlinking: /repo/ws/install/include/px4_msgs/px4_msgs/msg/detail/follow_target_status__rosidl_typesupport_fastrtps_cpp.hpp
[1506.676s] -- Symlinking: /repo/ws/install/include/px4_msgs/px4_msgs/msg/detail/fuel_tank_status__rosidl_typesupport_fastrtps_cpp.hpp
[1506.690s] -- Symlinking: /repo/ws/install/include/px4_msgs/px4_msgs/msg/detail/gain_compression__rosidl_typesupport_fastrtps_cpp.hpp
[1506.704s] -- Symlinking: /repo/ws/install/include/px4_msgs/px4_msgs/msg/detail/generator_status__rosidl_typesupport_fastrtps_cpp.hpp
[1506.717s] -- Symlinking: /repo/ws/install/include/px4_msgs/px4_msgs/msg/detail/geofence_result__rosidl_typesupport_fastrtps_cpp.hpp
[1506.731s] -- Symlinking: /repo/ws/install/include/px4_msgs/px4_msgs/msg/detail/geofence_status__rosidl_typesupport_fastrtps_cpp.hpp
[1506.744s] -- Symlinking: /repo/ws/install/include/px4_msgs/px4_msgs/msg/detail/gimbal_controls__rosidl_typesupport_fastrtps_cpp.hpp
[1506.757s] -- Symlinking: /repo/ws/install/include/px4_msgs/px4_msgs/msg/detail/gimbal_device_attitude_status__rosidl_typesupport_fastrtps_cpp.hpp
[1506.771s] -- Symlinking: /repo/ws/install/include/px4_msgs/px4_msgs/msg/detail/gimbal_device_information__rosidl_typesupport_fastrtps_cpp.hpp
[1506.785s] -- Symlinking: /repo/ws/install/include/px4_msgs/px4_msgs/msg/detail/gimbal_device_set_attitude__rosidl_typesupport_fastrtps_cpp.hpp
[1506.799s] -- Symlinking: /repo/ws/install/include/px4_msgs/px4_msgs/msg/detail/gimbal_manager_information__rosidl_typesupport_fastrtps_cpp.hpp
[1506.813s] -- Symlinking: /repo/ws/install/include/px4_msgs/px4_msgs/msg/detail/gimbal_manager_set_attitude__rosidl_typesupport_fastrtps_cpp.hpp
[1506.825s] -- Symlinking: /repo/ws/install/include/px4_msgs/px4_msgs/msg/detail/gimbal_manager_set_manual_control__rosidl_typesupport_fastrtps_cpp.hpp
[1506.839s] -- Symlinking: /repo/ws/install/include/px4_msgs/px4_msgs/msg/detail/gimbal_manager_status__rosidl_typesupport_fastrtps_cpp.hpp
[1506.852s] -- Symlinking: /repo/ws/install/include/px4_msgs/px4_msgs/msg/detail/goto_setpoint__rosidl_typesupport_fastrtps_cpp.hpp
[1506.865s] -- Symlinking: /repo/ws/install/include/px4_msgs/px4_msgs/msg/detail/gpio_config__rosidl_typesupport_fastrtps_cpp.hpp
[1506.878s] -- Symlinking: /repo/ws/install/include/px4_msgs/px4_msgs/msg/detail/gpio_in__rosidl_typesupport_fastrtps_cpp.hpp
[1506.891s] -- Symlinking: /repo/ws/install/include/px4_msgs/px4_msgs/msg/detail/gpio_out__rosidl_typesupport_fastrtps_cpp.hpp
[1506.905s] -- Symlinking: /repo/ws/install/include/px4_msgs/px4_msgs/msg/detail/gpio_request__rosidl_typesupport_fastrtps_cpp.hpp
[1506.918s] -- Symlinking: /repo/ws/install/include/px4_msgs/px4_msgs/msg/detail/gps_dump__rosidl_typesupport_fastrtps_cpp.hpp
[1506.931s] -- Symlinking: /repo/ws/install/include/px4_msgs/px4_msgs/msg/detail/gps_inject_data__rosidl_typesupport_fastrtps_cpp.hpp
[1506.944s] -- Symlinking: /repo/ws/install/include/px4_msgs/px4_msgs/msg/detail/gripper__rosidl_typesupport_fastrtps_cpp.hpp
[1506.957s] -- Symlinking: /repo/ws/install/include/px4_msgs/px4_msgs/msg/detail/health_report__rosidl_typesupport_fastrtps_cpp.hpp
[1506.971s] -- Symlinking: /repo/ws/install/include/px4_msgs/px4_msgs/msg/detail/heater_status__rosidl_typesupport_fastrtps_cpp.hpp
[1506.983s] -- Symlinking: /repo/ws/install/include/px4_msgs/px4_msgs/msg/detail/home_position__rosidl_typesupport_fastrtps_cpp.hpp
[1506.996s] -- Symlinking: /repo/ws/install/include/px4_msgs/px4_msgs/msg/detail/hover_thrust_estimate__rosidl_typesupport_fastrtps_cpp.hpp
[1507.010s] -- Symlinking: /repo/ws/install/include/px4_msgs/px4_msgs/msg/detail/input_rc__rosidl_typesupport_fastrtps_cpp.hpp
[1507.023s] -- Symlinking: /repo/ws/install/include/px4_msgs/px4_msgs/msg/detail/internal_combustion_engine_control__rosidl_typesupport_fastrtps_cpp.hpp
[1507.037s] -- Symlinking: /repo/ws/install/include/px4_msgs/px4_msgs/msg/detail/internal_combustion_engine_status__rosidl_typesupport_fastrtps_cpp.hpp
[1507.050s] -- Symlinking: /repo/ws/install/include/px4_msgs/px4_msgs/msg/detail/iridiumsbd_status__rosidl_typesupport_fastrtps_cpp.hpp
[1507.063s] -- Symlinking: /repo/ws/install/include/px4_msgs/px4_msgs/msg/detail/irlock_report__rosidl_typesupport_fastrtps_cpp.hpp
[1507.077s] -- Symlinking: /repo/ws/install/include/px4_msgs/px4_msgs/msg/detail/landing_gear__rosidl_typesupport_fastrtps_cpp.hpp
[1507.090s] -- Symlinking: /repo/ws/install/include/px4_msgs/px4_msgs/msg/detail/landing_gear_wheel__rosidl_typesupport_fastrtps_cpp.hpp
[1507.104s] -- Symlinking: /repo/ws/install/include/px4_msgs/px4_msgs/msg/detail/landing_target_innovations__rosidl_typesupport_fastrtps_cpp.hpp
[1507.116s] -- Symlinking: /repo/ws/install/include/px4_msgs/px4_msgs/msg/detail/landing_target_pose__rosidl_typesupport_fastrtps_cpp.hpp
[1507.130s] -- Symlinking: /repo/ws/install/include/px4_msgs/px4_msgs/msg/detail/lateral_control_configuration__rosidl_typesupport_fastrtps_cpp.hpp
[1507.143s] -- Symlinking: /repo/ws/install/include/px4_msgs/px4_msgs/msg/detail/launch_detection_status__rosidl_typesupport_fastrtps_cpp.hpp
[1507.156s] -- Symlinking: /repo/ws/install/include/px4_msgs/px4_msgs/msg/detail/led_control__rosidl_typesupport_fastrtps_cpp.hpp
[1507.170s] -- Symlinking: /repo/ws/install/include/px4_msgs/px4_msgs/msg/detail/log_message__rosidl_typesupport_fastrtps_cpp.hpp
[1507.182s] -- Symlinking: /repo/ws/install/include/px4_msgs/px4_msgs/msg/detail/logger_status__rosidl_typesupport_fastrtps_cpp.hpp
[1507.196s] -- Symlinking: /repo/ws/install/include/px4_msgs/px4_msgs/msg/detail/longitudinal_control_configuration__rosidl_typesupport_fastrtps_cpp.hpp
[1507.209s] -- Symlinking: /repo/ws/install/include/px4_msgs/px4_msgs/msg/detail/mag_worker_data__rosidl_typesupport_fastrtps_cpp.hpp
[1507.222s] -- Symlinking: /repo/ws/install/include/px4_msgs/px4_msgs/msg/detail/magnetometer_bias_estimate__rosidl_typesupport_fastrtps_cpp.hpp
[1507.236s] -- Symlinking: /repo/ws/install/include/px4_msgs/px4_msgs/msg/detail/manual_control_setpoint__rosidl_typesupport_fastrtps_cpp.hpp
[1507.249s] -- Symlinking: /repo/ws/install/include/px4_msgs/px4_msgs/msg/detail/manual_control_switches__rosidl_typesupport_fastrtps_cpp.hpp
[1507.262s] -- Symlinking: /repo/ws/install/include/px4_msgs/px4_msgs/msg/detail/mavlink_log__rosidl_typesupport_fastrtps_cpp.hpp
[1507.275s] -- Symlinking: /repo/ws/install/include/px4_msgs/px4_msgs/msg/detail/mavlink_tunnel__rosidl_typesupport_fastrtps_cpp.hpp
[1507.288s] -- Symlinking: /repo/ws/install/include/px4_msgs/px4_msgs/msg/detail/message_format_request__rosidl_typesupport_fastrtps_cpp.hpp
[1507.301s] -- Symlinking: /repo/ws/install/include/px4_msgs/px4_msgs/msg/detail/message_format_response__rosidl_typesupport_fastrtps_cpp.hpp
[1507.314s] -- Symlinking: /repo/ws/install/include/px4_msgs/px4_msgs/msg/detail/mission__rosidl_typesupport_fastrtps_cpp.hpp
[1507.327s] -- Symlinking: /repo/ws/install/include/px4_msgs/px4_msgs/msg/detail/mission_result__rosidl_typesupport_fastrtps_cpp.hpp
[1507.341s] -- Symlinking: /repo/ws/install/include/px4_msgs/px4_msgs/msg/detail/mode_completed__rosidl_typesupport_fastrtps_cpp.hpp
[1507.355s] -- Symlinking: /repo/ws/install/include/px4_msgs/px4_msgs/msg/detail/mount_orientation__rosidl_typesupport_fastrtps_cpp.hpp
[1507.367s] -- Symlinking: /repo/ws/install/include/px4_msgs/px4_msgs/msg/detail/navigator_mission_item__rosidl_typesupport_fastrtps_cpp.hpp
[1507.380s] -- Symlinking: /repo/ws/install/include/px4_msgs/px4_msgs/msg/detail/navigator_status__rosidl_typesupport_fastrtps_cpp.hpp
[1507.393s] -- Symlinking: /repo/ws/install/include/px4_msgs/px4_msgs/msg/detail/neural_control__rosidl_typesupport_fastrtps_cpp.hpp
[1507.407s] -- Symlinking: /repo/ws/install/include/px4_msgs/px4_msgs/msg/detail/normalized_unsigned_setpoint__rosidl_typesupport_fastrtps_cpp.hpp
[1507.420s] -- Symlinking: /repo/ws/install/include/px4_msgs/px4_msgs/msg/detail/obstacle_distance__rosidl_typesupport_fastrtps_cpp.hpp
[1507.434s] -- Symlinking: /repo/ws/install/include/px4_msgs/px4_msgs/msg/detail/offboard_control_mode__rosidl_typesupport_fastrtps_cpp.hpp
[1507.447s] -- Symlinking: /repo/ws/install/include/px4_msgs/px4_msgs/msg/detail/onboard_computer_status__rosidl_typesupport_fastrtps_cpp.hpp
[1507.460s] -- Symlinking: /repo/ws/install/include/px4_msgs/px4_msgs/msg/detail/open_drone_id_arm_status__rosidl_typesupport_fastrtps_cpp.hpp
[1507.473s] -- Symlinking: /repo/ws/install/include/px4_msgs/px4_msgs/msg/detail/open_drone_id_operator_id__rosidl_typesupport_fastrtps_cpp.hpp
[1507.486s] -- Symlinking: /repo/ws/install/include/px4_msgs/px4_msgs/msg/detail/open_drone_id_self_id__rosidl_typesupport_fastrtps_cpp.hpp
[1507.499s] -- Symlinking: /repo/ws/install/include/px4_msgs/px4_msgs/msg/detail/open_drone_id_system__rosidl_typesupport_fastrtps_cpp.hpp
[1507.513s] -- Symlinking: /repo/ws/install/include/px4_msgs/px4_msgs/msg/detail/orb_test__rosidl_typesupport_fastrtps_cpp.hpp
[1507.526s] -- Symlinking: /repo/ws/install/include/px4_msgs/px4_msgs/msg/detail/orb_test_large__rosidl_typesupport_fastrtps_cpp.hpp
[1507.540s] -- Symlinking: /repo/ws/install/include/px4_msgs/px4_msgs/msg/detail/orb_test_medium__rosidl_typesupport_fastrtps_cpp.hpp
[1507.553s] -- Symlinking: /repo/ws/install/include/px4_msgs/px4_msgs/msg/detail/orbit_status__rosidl_typesupport_fastrtps_cpp.hpp
[1507.567s] -- Symlinking: /repo/ws/install/include/px4_msgs/px4_msgs/msg/detail/parameter_reset_request__rosidl_typesupport_fastrtps_cpp.hpp
[1507.580s] -- Symlinking: /repo/ws/install/include/px4_msgs/px4_msgs/msg/detail/parameter_set_used_request__rosidl_typesupport_fastrtps_cpp.hpp
[1507.593s] -- Symlinking: /repo/ws/install/include/px4_msgs/px4_msgs/msg/detail/parameter_set_value_request__rosidl_typesupport_fastrtps_cpp.hpp
[1507.607s] -- Symlinking: /repo/ws/install/include/px4_msgs/px4_msgs/msg/detail/parameter_set_value_response__rosidl_typesupport_fastrtps_cpp.hpp
[1507.620s] -- Symlinking: /repo/ws/install/include/px4_msgs/px4_msgs/msg/detail/parameter_update__rosidl_typesupport_fastrtps_cpp.hpp
[1507.634s] -- Symlinking: /repo/ws/install/include/px4_msgs/px4_msgs/msg/detail/ping__rosidl_typesupport_fastrtps_cpp.hpp
[1507.648s] -- Symlinking: /repo/ws/install/include/px4_msgs/px4_msgs/msg/detail/position_controller_landing_status__rosidl_typesupport_fastrtps_cpp.hpp
[1507.661s] -- Symlinking: /repo/ws/install/include/px4_msgs/px4_msgs/msg/detail/position_controller_status__rosidl_typesupport_fastrtps_cpp.hpp
[1507.674s] -- Symlinking: /repo/ws/install/include/px4_msgs/px4_msgs/msg/detail/position_setpoint__rosidl_typesupport_fastrtps_cpp.hpp
[1507.688s] -- Symlinking: /repo/ws/install/include/px4_msgs/px4_msgs/msg/detail/position_setpoint_triplet__rosidl_typesupport_fastrtps_cpp.hpp
[1507.701s] -- Symlinking: /repo/ws/install/include/px4_msgs/px4_msgs/msg/detail/power_button_state__rosidl_typesupport_fastrtps_cpp.hpp
[1507.714s] -- Symlinking: /repo/ws/install/include/px4_msgs/px4_msgs/msg/detail/power_monitor__rosidl_typesupport_fastrtps_cpp.hpp
[1507.728s] -- Symlinking: /repo/ws/install/include/px4_msgs/px4_msgs/msg/detail/pps_capture__rosidl_typesupport_fastrtps_cpp.hpp
[1507.742s] -- Symlinking: /repo/ws/install/include/px4_msgs/px4_msgs/msg/detail/pure_pursuit_status__rosidl_typesupport_fastrtps_cpp.hpp
[1507.755s] -- Symlinking: /repo/ws/install/include/px4_msgs/px4_msgs/msg/detail/pwm_input__rosidl_typesupport_fastrtps_cpp.hpp
[1507.768s] -- Symlinking: /repo/ws/install/include/px4_msgs/px4_msgs/msg/detail/px4io_status__rosidl_typesupport_fastrtps_cpp.hpp
[1507.781s] -- Symlinking: /repo/ws/install/include/px4_msgs/px4_msgs/msg/detail/qshell_req__rosidl_typesupport_fastrtps_cpp.hpp
[1507.795s] -- Symlinking: /repo/ws/install/include/px4_msgs/px4_msgs/msg/detail/qshell_retval__rosidl_typesupport_fastrtps_cpp.hpp
[1507.809s] -- Symlinking: /repo/ws/install/include/px4_msgs/px4_msgs/msg/detail/radio_status__rosidl_typesupport_fastrtps_cpp.hpp
[1507.823s] -- Symlinking: /repo/ws/install/include/px4_msgs/px4_msgs/msg/detail/raptor_input__rosidl_typesupport_fastrtps_cpp.hpp
[1507.837s] -- Symlinking: /repo/ws/install/include/px4_msgs/px4_msgs/msg/detail/raptor_status__rosidl_typesupport_fastrtps_cpp.hpp
[1507.850s] -- Symlinking: /repo/ws/install/include/px4_msgs/px4_msgs/msg/detail/rate_ctrl_status__rosidl_typesupport_fastrtps_cpp.hpp
[1507.864s] -- Symlinking: /repo/ws/install/include/px4_msgs/px4_msgs/msg/detail/rc_channels__rosidl_typesupport_fastrtps_cpp.hpp
[1507.877s] -- Symlinking: /repo/ws/install/include/px4_msgs/px4_msgs/msg/detail/rc_parameter_map__rosidl_typesupport_fastrtps_cpp.hpp
[1507.890s] -- Symlinking: /repo/ws/install/include/px4_msgs/px4_msgs/msg/detail/register_ext_component_reply__rosidl_typesupport_fastrtps_cpp.hpp
[1507.903s] -- Symlinking: /repo/ws/install/include/px4_msgs/px4_msgs/msg/detail/register_ext_component_request__rosidl_typesupport_fastrtps_cpp.hpp
[1507.916s] -- Symlinking: /repo/ws/install/include/px4_msgs/px4_msgs/msg/detail/rover_attitude_setpoint__rosidl_typesupport_fastrtps_cpp.hpp
[1507.929s] -- Symlinking: /repo/ws/install/include/px4_msgs/px4_msgs/msg/detail/rover_attitude_status__rosidl_typesupport_fastrtps_cpp.hpp
[1507.943s] -- Symlinking: /repo/ws/install/include/px4_msgs/px4_msgs/msg/detail/rover_position_setpoint__rosidl_typesupport_fastrtps_cpp.hpp
[1507.956s] -- Symlinking: /repo/ws/install/include/px4_msgs/px4_msgs/msg/detail/rover_rate_setpoint__rosidl_typesupport_fastrtps_cpp.hpp
[1507.969s] -- Symlinking: /repo/ws/install/include/px4_msgs/px4_msgs/msg/detail/rover_rate_status__rosidl_typesupport_fastrtps_cpp.hpp
[1507.982s] -- Symlinking: /repo/ws/install/include/px4_msgs/px4_msgs/msg/detail/rover_speed_setpoint__rosidl_typesupport_fastrtps_cpp.hpp
[1507.995s] -- Symlinking: /repo/ws/install/include/px4_msgs/px4_msgs/msg/detail/rover_speed_status__rosidl_typesupport_fastrtps_cpp.hpp
[1508.008s] -- Symlinking: /repo/ws/install/include/px4_msgs/px4_msgs/msg/detail/rover_steering_setpoint__rosidl_typesupport_fastrtps_cpp.hpp
[1508.022s] -- Symlinking: /repo/ws/install/include/px4_msgs/px4_msgs/msg/detail/rover_throttle_setpoint__rosidl_typesupport_fastrtps_cpp.hpp
[1508.036s] -- Symlinking: /repo/ws/install/include/px4_msgs/px4_msgs/msg/detail/rpm__rosidl_typesupport_fastrtps_cpp.hpp
[1508.049s] -- Symlinking: /repo/ws/install/include/px4_msgs/px4_msgs/msg/detail/rtl_status__rosidl_typesupport_fastrtps_cpp.hpp
[1508.062s] -- Symlinking: /repo/ws/install/include/px4_msgs/px4_msgs/msg/detail/rtl_time_estimate__rosidl_typesupport_fastrtps_cpp.hpp
[1508.075s] -- Symlinking: /repo/ws/install/include/px4_msgs/px4_msgs/msg/detail/satellite_info__rosidl_typesupport_fastrtps_cpp.hpp
[1508.089s] -- Symlinking: /repo/ws/install/include/px4_msgs/px4_msgs/msg/detail/sensor_accel__rosidl_typesupport_fastrtps_cpp.hpp
[1508.103s] -- Symlinking: /repo/ws/install/include/px4_msgs/px4_msgs/msg/detail/sensor_accel_fifo__rosidl_typesupport_fastrtps_cpp.hpp
[1508.116s] -- Symlinking: /repo/ws/install/include/px4_msgs/px4_msgs/msg/detail/sensor_airflow__rosidl_typesupport_fastrtps_cpp.hpp
[1508.129s] -- Symlinking: /repo/ws/install/include/px4_msgs/px4_msgs/msg/detail/sensor_baro__rosidl_typesupport_fastrtps_cpp.hpp
[1508.143s] -- Symlinking: /repo/ws/install/include/px4_msgs/px4_msgs/msg/detail/sensor_combined__rosidl_typesupport_fastrtps_cpp.hpp
[1508.156s] -- Symlinking: /repo/ws/install/include/px4_msgs/px4_msgs/msg/detail/sensor_correction__rosidl_typesupport_fastrtps_cpp.hpp
[1508.169s] -- Symlinking: /repo/ws/install/include/px4_msgs/px4_msgs/msg/detail/sensor_gnss_relative__rosidl_typesupport_fastrtps_cpp.hpp
[1508.183s] -- Symlinking: /repo/ws/install/include/px4_msgs/px4_msgs/msg/detail/sensor_gnss_status__rosidl_typesupport_fastrtps_cpp.hpp
[1508.196s] -- Symlinking: /repo/ws/install/include/px4_msgs/px4_msgs/msg/detail/sensor_gps__rosidl_typesupport_fastrtps_cpp.hpp
[1508.209s] -- Symlinking: /repo/ws/install/include/px4_msgs/px4_msgs/msg/detail/sensor_gyro__rosidl_typesupport_fastrtps_cpp.hpp
[1508.222s] -- Symlinking: /repo/ws/install/include/px4_msgs/px4_msgs/msg/detail/sensor_gyro_fft__rosidl_typesupport_fastrtps_cpp.hpp
[1508.236s] -- Symlinking: /repo/ws/install/include/px4_msgs/px4_msgs/msg/detail/sensor_gyro_fifo__rosidl_typesupport_fastrtps_cpp.hpp
[1508.252s] -- Symlinking: /repo/ws/install/include/px4_msgs/px4_msgs/msg/detail/sensor_hygrometer__rosidl_typesupport_fastrtps_cpp.hpp
[1508.266s] -- Symlinking: /repo/ws/install/include/px4_msgs/px4_msgs/msg/detail/sensor_mag__rosidl_typesupport_fastrtps_cpp.hpp
[1508.280s] -- Symlinking: /repo/ws/install/include/px4_msgs/px4_msgs/msg/detail/sensor_optical_flow__rosidl_typesupport_fastrtps_cpp.hpp
[1508.294s] -- Symlinking: /repo/ws/install/include/px4_msgs/px4_msgs/msg/detail/sensor_preflight_mag__rosidl_typesupport_fastrtps_cpp.hpp
[1508.307s] -- Symlinking: /repo/ws/install/include/px4_msgs/px4_msgs/msg/detail/sensor_selection__rosidl_typesupport_fastrtps_cpp.hpp
[1508.320s] -- Symlinking: /repo/ws/install/include/px4_msgs/px4_msgs/msg/detail/sensor_temp__rosidl_typesupport_fastrtps_cpp.hpp
[1508.334s] -- Symlinking: /repo/ws/install/include/px4_msgs/px4_msgs/msg/detail/sensor_uwb__rosidl_typesupport_fastrtps_cpp.hpp
[1508.347s] -- Symlinking: /repo/ws/install/include/px4_msgs/px4_msgs/msg/detail/sensors_status__rosidl_typesupport_fastrtps_cpp.hpp
[1508.360s] -- Symlinking: /repo/ws/install/include/px4_msgs/px4_msgs/msg/detail/sensors_status_imu__rosidl_typesupport_fastrtps_cpp.hpp
[1508.373s] -- Symlinking: /repo/ws/install/include/px4_msgs/px4_msgs/msg/detail/system_power__rosidl_typesupport_fastrtps_cpp.hpp
[1508.386s] -- Symlinking: /repo/ws/install/include/px4_msgs/px4_msgs/msg/detail/takeoff_status__rosidl_typesupport_fastrtps_cpp.hpp
[1508.399s] -- Symlinking: /repo/ws/install/include/px4_msgs/px4_msgs/msg/detail/task_stack_info__rosidl_typesupport_fastrtps_cpp.hpp
[1508.412s] -- Symlinking: /repo/ws/install/include/px4_msgs/px4_msgs/msg/detail/tecs_status__rosidl_typesupport_fastrtps_cpp.hpp
[1508.425s] -- Symlinking: /repo/ws/install/include/px4_msgs/px4_msgs/msg/detail/telemetry_status__rosidl_typesupport_fastrtps_cpp.hpp
[1508.440s] -- Symlinking: /repo/ws/install/include/px4_msgs/px4_msgs/msg/detail/tiltrotor_extra_controls__rosidl_typesupport_fastrtps_cpp.hpp
[1508.453s] -- Symlinking: /repo/ws/install/include/px4_msgs/px4_msgs/msg/detail/timesync_status__rosidl_typesupport_fastrtps_cpp.hpp
[1508.466s] -- Symlinking: /repo/ws/install/include/px4_msgs/px4_msgs/msg/detail/trajectory_setpoint6dof__rosidl_typesupport_fastrtps_cpp.hpp
[1508.479s] -- Symlinking: /repo/ws/install/include/px4_msgs/px4_msgs/msg/detail/trajectory_setpoint__rosidl_typesupport_fastrtps_cpp.hpp
[1508.493s] -- Symlinking: /repo/ws/install/include/px4_msgs/px4_msgs/msg/detail/transponder_report__rosidl_typesupport_fastrtps_cpp.hpp
[1508.507s] -- Symlinking: /repo/ws/install/include/px4_msgs/px4_msgs/msg/detail/tune_control__rosidl_typesupport_fastrtps_cpp.hpp
[1508.521s] -- Symlinking: /repo/ws/install/include/px4_msgs/px4_msgs/msg/detail/uavcan_parameter_request__rosidl_typesupport_fastrtps_cpp.hpp
[1508.535s] -- Symlinking: /repo/ws/install/include/px4_msgs/px4_msgs/msg/detail/uavcan_parameter_value__rosidl_typesupport_fastrtps_cpp.hpp
[1508.549s] -- Symlinking: /repo/ws/install/include/px4_msgs/px4_msgs/msg/detail/ulog_stream__rosidl_typesupport_fastrtps_cpp.hpp
[1508.562s] -- Symlinking: /repo/ws/install/include/px4_msgs/px4_msgs/msg/detail/ulog_stream_ack__rosidl_typesupport_fastrtps_cpp.hpp
[1508.575s] -- Symlinking: /repo/ws/install/include/px4_msgs/px4_msgs/msg/detail/unregister_ext_component__rosidl_typesupport_fastrtps_cpp.hpp
[1508.588s] -- Symlinking: /repo/ws/install/include/px4_msgs/px4_msgs/msg/detail/vehicle_acceleration__rosidl_typesupport_fastrtps_cpp.hpp
[1508.601s] -- Symlinking: /repo/ws/install/include/px4_msgs/px4_msgs/msg/detail/vehicle_air_data__rosidl_typesupport_fastrtps_cpp.hpp
[1508.614s] -- Symlinking: /repo/ws/install/include/px4_msgs/px4_msgs/msg/detail/vehicle_angular_acceleration_setpoint__rosidl_typesupport_fastrtps_cpp.hpp
[1508.627s] -- Symlinking: /repo/ws/install/include/px4_msgs/px4_msgs/msg/detail/vehicle_angular_velocity__rosidl_typesupport_fastrtps_cpp.hpp
[1508.641s] -- Symlinking: /repo/ws/install/include/px4_msgs/px4_msgs/msg/detail/vehicle_attitude__rosidl_typesupport_fastrtps_cpp.hpp
[1508.655s] -- Symlinking: /repo/ws/install/include/px4_msgs/px4_msgs/msg/detail/vehicle_attitude_setpoint__rosidl_typesupport_fastrtps_cpp.hpp
[1508.668s] -- Symlinking: /repo/ws/install/include/px4_msgs/px4_msgs/msg/detail/vehicle_command__rosidl_typesupport_fastrtps_cpp.hpp
[1508.681s] -- Symlinking: /repo/ws/install/include/px4_msgs/px4_msgs/msg/detail/vehicle_command_ack__rosidl_typesupport_fastrtps_cpp.hpp
[1508.694s] -- Symlinking: /repo/ws/install/include/px4_msgs/px4_msgs/msg/detail/vehicle_constraints__rosidl_typesupport_fastrtps_cpp.hpp
[1508.707s] -- Symlinking: /repo/ws/install/include/px4_msgs/px4_msgs/msg/detail/vehicle_control_mode__rosidl_typesupport_fastrtps_cpp.hpp
[1508.721s] -- Symlinking: /repo/ws/install/include/px4_msgs/px4_msgs/msg/detail/vehicle_global_position__rosidl_typesupport_fastrtps_cpp.hpp
[1508.735s] -- Symlinking: /repo/ws/install/include/px4_msgs/px4_msgs/msg/detail/vehicle_imu__rosidl_typesupport_fastrtps_cpp.hpp
[1508.748s] -- Symlinking: /repo/ws/install/include/px4_msgs/px4_msgs/msg/detail/vehicle_imu_status__rosidl_typesupport_fastrtps_cpp.hpp
[1508.761s] -- Symlinking: /repo/ws/install/include/px4_msgs/px4_msgs/msg/detail/vehicle_land_detected__rosidl_typesupport_fastrtps_cpp.hpp
[1508.774s] -- Symlinking: /repo/ws/install/include/px4_msgs/px4_msgs/msg/detail/vehicle_local_position__rosidl_typesupport_fastrtps_cpp.hpp
[1508.787s] -- Symlinking: /repo/ws/install/include/px4_msgs/px4_msgs/msg/detail/vehicle_local_position_setpoint__rosidl_typesupport_fastrtps_cpp.hpp
[1508.800s] -- Symlinking: /repo/ws/install/include/px4_msgs/px4_msgs/msg/detail/vehicle_magnetometer__rosidl_typesupport_fastrtps_cpp.hpp
[1508.815s] -- Symlinking: /repo/ws/install/include/px4_msgs/px4_msgs/msg/detail/vehicle_odometry__rosidl_typesupport_fastrtps_cpp.hpp
[1508.829s] -- Symlinking: /repo/ws/install/include/px4_msgs/px4_msgs/msg/detail/vehicle_optical_flow__rosidl_typesupport_fastrtps_cpp.hpp
[1508.843s] -- Symlinking: /repo/ws/install/include/px4_msgs/px4_msgs/msg/detail/vehicle_optical_flow_vel__rosidl_typesupport_fastrtps_cpp.hpp
[1508.856s] -- Symlinking: /repo/ws/install/include/px4_msgs/px4_msgs/msg/detail/vehicle_rates_setpoint__rosidl_typesupport_fastrtps_cpp.hpp
[1508.870s] -- Symlinking: /repo/ws/install/include/px4_msgs/px4_msgs/msg/detail/vehicle_roi__rosidl_typesupport_fastrtps_cpp.hpp
[1508.882s] -- Symlinking: /repo/ws/install/include/px4_msgs/px4_msgs/msg/detail/vehicle_status__rosidl_typesupport_fastrtps_cpp.hpp
[1508.895s] -- Symlinking: /repo/ws/install/include/px4_msgs/px4_msgs/msg/detail/vehicle_thrust_setpoint__rosidl_typesupport_fastrtps_cpp.hpp
[1508.908s] -- Symlinking: /repo/ws/install/include/px4_msgs/px4_msgs/msg/detail/vehicle_torque_setpoint__rosidl_typesupport_fastrtps_cpp.hpp
[1508.922s] -- Symlinking: /repo/ws/install/include/px4_msgs/px4_msgs/msg/detail/velocity_limits__rosidl_typesupport_fastrtps_cpp.hpp
[1508.935s] -- Symlinking: /repo/ws/install/include/px4_msgs/px4_msgs/msg/detail/vtol_vehicle_status__rosidl_typesupport_fastrtps_cpp.hpp
[1508.949s] -- Symlinking: /repo/ws/install/include/px4_msgs/px4_msgs/msg/detail/vtx__rosidl_typesupport_fastrtps_cpp.hpp
[1508.962s] -- Symlinking: /repo/ws/install/include/px4_msgs/px4_msgs/msg/detail/wheel_encoders__rosidl_typesupport_fastrtps_cpp.hpp
[1508.975s] -- Symlinking: /repo/ws/install/include/px4_msgs/px4_msgs/msg/detail/wind__rosidl_typesupport_fastrtps_cpp.hpp
[1508.988s] -- Symlinking: /repo/ws/install/include/px4_msgs/px4_msgs/msg/detail/yaw_estimator_status__rosidl_typesupport_fastrtps_cpp.hpp
[1509.001s] -- Symlinking: /repo/ws/install/include/px4_msgs/px4_msgs/msg/rosidl_typesupport_fastrtps_cpp__visibility_control.h
[1509.014s] -- Symlinking: /repo/ws/install/include/px4_msgs/px4_msgs/srv/detail/vehicle_command__rosidl_typesupport_fastrtps_cpp.hpp
[1509.034s] -- Symlinking: /repo/ws/install/include/px4_msgs/px4_msgs/msg/detail/action_request__rosidl_typesupport_introspection_c.h
[1509.048s] -- Symlinking: /repo/ws/install/include/px4_msgs/px4_msgs/msg/detail/actuator_armed__rosidl_typesupport_introspection_c.h
[1509.061s] -- Symlinking: /repo/ws/install/include/px4_msgs/px4_msgs/msg/detail/actuator_controls_status__rosidl_typesupport_introspection_c.h
[1509.074s] -- Symlinking: /repo/ws/install/include/px4_msgs/px4_msgs/msg/detail/actuator_motors__rosidl_typesupport_introspection_c.h
[1509.087s] -- Symlinking: /repo/ws/install/include/px4_msgs/px4_msgs/msg/detail/actuator_outputs__rosidl_typesupport_introspection_c.h
[1509.100s] -- Symlinking: /repo/ws/install/include/px4_msgs/px4_msgs/msg/detail/actuator_servos__rosidl_typesupport_introspection_c.h
[1509.114s] -- Symlinking: /repo/ws/install/include/px4_msgs/px4_msgs/msg/detail/actuator_servos_trim__rosidl_typesupport_introspection_c.h
[1509.127s] -- Symlinking: /repo/ws/install/include/px4_msgs/px4_msgs/msg/detail/actuator_test__rosidl_typesupport_introspection_c.h
[1509.141s] -- Symlinking: /repo/ws/install/include/px4_msgs/px4_msgs/msg/detail/adc_report__rosidl_typesupport_introspection_c.h
[1509.155s] -- Symlinking: /repo/ws/install/include/px4_msgs/px4_msgs/msg/detail/airspeed__rosidl_typesupport_introspection_c.h
[1509.168s] -- Symlinking: /repo/ws/install/include/px4_msgs/px4_msgs/msg/detail/airspeed_validated__rosidl_typesupport_introspection_c.h
[1509.181s] -- Symlinking: /repo/ws/install/include/px4_msgs/px4_msgs/msg/detail/airspeed_wind__rosidl_typesupport_introspection_c.h
[1509.194s] -- Symlinking: /repo/ws/install/include/px4_msgs/px4_msgs/msg/detail/arming_check_reply__rosidl_typesupport_introspection_c.h
[1509.207s] -- Symlinking: /repo/ws/install/include/px4_msgs/px4_msgs/msg/detail/arming_check_request__rosidl_typesupport_introspection_c.h
[1509.221s] -- Symlinking: /repo/ws/install/include/px4_msgs/px4_msgs/msg/detail/autotune_attitude_control_status__rosidl_typesupport_introspection_c.h
[1509.234s] -- Symlinking: /repo/ws/install/include/px4_msgs/px4_msgs/msg/detail/battery_info__rosidl_typesupport_introspection_c.h
[1509.248s] -- Symlinking: /repo/ws/install/include/px4_msgs/px4_msgs/msg/detail/battery_status__rosidl_typesupport_introspection_c.h
[1509.261s] -- Symlinking: /repo/ws/install/include/px4_msgs/px4_msgs/msg/detail/button_event__rosidl_typesupport_introspection_c.h
[1509.274s] -- Symlinking: /repo/ws/install/include/px4_msgs/px4_msgs/msg/detail/camera_capture__rosidl_typesupport_introspection_c.h
[1509.287s] -- Symlinking: /repo/ws/install/include/px4_msgs/px4_msgs/msg/detail/camera_status__rosidl_typesupport_introspection_c.h
[1509.300s] -- Symlinking: /repo/ws/install/include/px4_msgs/px4_msgs/msg/detail/camera_trigger__rosidl_typesupport_introspection_c.h
[1509.313s] -- Symlinking: /repo/ws/install/include/px4_msgs/px4_msgs/msg/detail/can_interface_status__rosidl_typesupport_introspection_c.h
[1509.326s] -- Symlinking: /repo/ws/install/include/px4_msgs/px4_msgs/msg/detail/cellular_status__rosidl_typesupport_introspection_c.h
[1509.340s] -- Symlinking: /repo/ws/install/include/px4_msgs/px4_msgs/msg/detail/collision_constraints__rosidl_typesupport_introspection_c.h
[1509.354s] -- Symlinking: /repo/ws/install/include/px4_msgs/px4_msgs/msg/detail/config_overrides__rosidl_typesupport_introspection_c.h
[1509.367s] -- Symlinking: /repo/ws/install/include/px4_msgs/px4_msgs/msg/detail/control_allocator_status__rosidl_typesupport_introspection_c.h
[1509.380s] -- Symlinking: /repo/ws/install/include/px4_msgs/px4_msgs/msg/detail/cpuload__rosidl_typesupport_introspection_c.h
[1509.393s] -- Symlinking: /repo/ws/install/include/px4_msgs/px4_msgs/msg/detail/dataman_request__rosidl_typesupport_introspection_c.h
[1509.406s] -- Symlinking: /repo/ws/install/include/px4_msgs/px4_msgs/msg/detail/dataman_response__rosidl_typesupport_introspection_c.h
[1509.420s] -- Symlinking: /repo/ws/install/include/px4_msgs/px4_msgs/msg/detail/debug_array__rosidl_typesupport_introspection_c.h
[1509.433s] -- Symlinking: /repo/ws/install/include/px4_msgs/px4_msgs/msg/detail/debug_key_value__rosidl_typesupport_introspection_c.h
[1509.448s] -- Symlinking: /repo/ws/install/include/px4_msgs/px4_msgs/msg/detail/debug_value__rosidl_typesupport_introspection_c.h
[1509.461s] -- Symlinking: /repo/ws/install/include/px4_msgs/px4_msgs/msg/detail/debug_vect__rosidl_typesupport_introspection_c.h
[1509.476s] -- Symlinking: /repo/ws/install/include/px4_msgs/px4_msgs/msg/detail/device_information__rosidl_typesupport_introspection_c.h
[1509.489s] -- Symlinking: /repo/ws/install/include/px4_msgs/px4_msgs/msg/detail/differential_pressure__rosidl_typesupport_introspection_c.h
[1509.501s] -- Symlinking: /repo/ws/install/include/px4_msgs/px4_msgs/msg/detail/distance_sensor__rosidl_typesupport_introspection_c.h
[1509.514s] -- Symlinking: /repo/ws/install/include/px4_msgs/px4_msgs/msg/detail/distance_sensor_mode_change_request__rosidl_typesupport_introspection_c.h
[1509.528s] -- Symlinking: /repo/ws/install/include/px4_msgs/px4_msgs/msg/detail/dronecan_node_status__rosidl_typesupport_introspection_c.h
[1509.541s] -- Symlinking: /repo/ws/install/include/px4_msgs/px4_msgs/msg/detail/ekf2_timestamps__rosidl_typesupport_introspection_c.h
[1509.555s] -- Symlinking: /repo/ws/install/include/px4_msgs/px4_msgs/msg/detail/esc_report__rosidl_typesupport_introspection_c.h
[1509.567s] -- Symlinking: /repo/ws/install/include/px4_msgs/px4_msgs/msg/detail/esc_status__rosidl_typesupport_introspection_c.h
[1509.581s] -- Symlinking: /repo/ws/install/include/px4_msgs/px4_msgs/msg/detail/estimator_aid_source1d__rosidl_typesupport_introspection_c.h
[1509.594s] -- Symlinking: /repo/ws/install/include/px4_msgs/px4_msgs/msg/detail/estimator_aid_source2d__rosidl_typesupport_introspection_c.h
[1509.607s] -- Symlinking: /repo/ws/install/include/px4_msgs/px4_msgs/msg/detail/estimator_aid_source3d__rosidl_typesupport_introspection_c.h
[1509.620s] -- Symlinking: /repo/ws/install/include/px4_msgs/px4_msgs/msg/detail/estimator_bias3d__rosidl_typesupport_introspection_c.h
[1509.633s] -- Symlinking: /repo/ws/install/include/px4_msgs/px4_msgs/msg/detail/estimator_bias__rosidl_typesupport_introspection_c.h
[1509.647s] -- Symlinking: /repo/ws/install/include/px4_msgs/px4_msgs/msg/detail/estimator_event_flags__rosidl_typesupport_introspection_c.h
[1509.660s] -- Symlinking: /repo/ws/install/include/px4_msgs/px4_msgs/msg/detail/estimator_gps_status__rosidl_typesupport_introspection_c.h
[1509.673s] -- Symlinking: /repo/ws/install/include/px4_msgs/px4_msgs/msg/detail/estimator_innovations__rosidl_typesupport_introspection_c.h
[1509.687s] -- Symlinking: /repo/ws/install/include/px4_msgs/px4_msgs/msg/detail/estimator_selector_status__rosidl_typesupport_introspection_c.h
[1509.700s] -- Symlinking: /repo/ws/install/include/px4_msgs/px4_msgs/msg/detail/estimator_sensor_bias__rosidl_typesupport_introspection_c.h
[1509.713s] -- Symlinking: /repo/ws/install/include/px4_msgs/px4_msgs/msg/detail/estimator_states__rosidl_typesupport_introspection_c.h
[1509.726s] -- Symlinking: /repo/ws/install/include/px4_msgs/px4_msgs/msg/detail/estimator_status__rosidl_typesupport_introspection_c.h
[1509.740s] -- Symlinking: /repo/ws/install/include/px4_msgs/px4_msgs/msg/detail/estimator_status_flags__rosidl_typesupport_introspection_c.h
[1509.753s] -- Symlinking: /repo/ws/install/include/px4_msgs/px4_msgs/msg/detail/event__rosidl_typesupport_introspection_c.h
[1509.766s] -- Symlinking: /repo/ws/install/include/px4_msgs/px4_msgs/msg/detail/failsafe_flags__rosidl_typesupport_introspection_c.h
[1509.779s] -- Symlinking: /repo/ws/install/include/px4_msgs/px4_msgs/msg/detail/failure_detector_status__rosidl_typesupport_introspection_c.h
[1509.792s] -- Symlinking: /repo/ws/install/include/px4_msgs/px4_msgs/msg/detail/figure_eight_status__rosidl_typesupport_introspection_c.h
[1509.805s] -- Symlinking: /repo/ws/install/include/px4_msgs/px4_msgs/msg/detail/fixed_wing_lateral_guidance_status__rosidl_typesupport_introspection_c.h
[1509.817s] -- Symlinking: /repo/ws/install/include/px4_msgs/px4_msgs/msg/detail/fixed_wing_lateral_setpoint__rosidl_typesupport_introspection_c.h
[1509.831s] -- Symlinking: /repo/ws/install/include/px4_msgs/px4_msgs/msg/detail/fixed_wing_lateral_status__rosidl_typesupport_introspection_c.h
[1509.845s] -- Symlinking: /repo/ws/install/include/px4_msgs/px4_msgs/msg/detail/fixed_wing_longitudinal_setpoint__rosidl_typesupport_introspection_c.h
[1509.858s] -- Symlinking: /repo/ws/install/include/px4_msgs/px4_msgs/msg/detail/fixed_wing_runway_control__rosidl_typesupport_introspection_c.h
[1509.871s] -- Symlinking: /repo/ws/install/include/px4_msgs/px4_msgs/msg/detail/flight_phase_estimation__rosidl_typesupport_introspection_c.h
[1509.884s] -- Symlinking: /repo/ws/install/include/px4_msgs/px4_msgs/msg/detail/follow_target__rosidl_typesupport_introspection_c.h
[1509.897s] -- Symlinking: /repo/ws/install/include/px4_msgs/px4_msgs/msg/detail/follow_target_estimator__rosidl_typesupport_introspection_c.h
[1509.910s] -- Symlinking: /repo/ws/install/include/px4_msgs/px4_msgs/msg/detail/follow_target_status__rosidl_typesupport_introspection_c.h
[1509.923s] -- Symlinking: /repo/ws/install/include/px4_msgs/px4_msgs/msg/detail/fuel_tank_status__rosidl_typesupport_introspection_c.h
[1509.937s] -- Symlinking: /repo/ws/install/include/px4_msgs/px4_msgs/msg/detail/gain_compression__rosidl_typesupport_introspection_c.h
[1509.950s] -- Symlinking: /repo/ws/install/include/px4_msgs/px4_msgs/msg/detail/generator_status__rosidl_typesupport_introspection_c.h
[1509.963s] -- Symlinking: /repo/ws/install/include/px4_msgs/px4_msgs/msg/detail/geofence_result__rosidl_typesupport_introspection_c.h
[1509.976s] -- Symlinking: /repo/ws/install/include/px4_msgs/px4_msgs/msg/detail/geofence_status__rosidl_typesupport_introspection_c.h
[1509.989s] -- Symlinking: /repo/ws/install/include/px4_msgs/px4_msgs/msg/detail/gimbal_controls__rosidl_typesupport_introspection_c.h
[1510.002s] -- Symlinking: /repo/ws/install/include/px4_msgs/px4_msgs/msg/detail/gimbal_device_attitude_status__rosidl_typesupport_introspection_c.h
[1510.015s] -- Symlinking: /repo/ws/install/include/px4_msgs/px4_msgs/msg/detail/gimbal_device_information__rosidl_typesupport_introspection_c.h
[1510.029s] -- Symlinking: /repo/ws/install/include/px4_msgs/px4_msgs/msg/detail/gimbal_device_set_attitude__rosidl_typesupport_introspection_c.h
[1510.042s] -- Symlinking: /repo/ws/install/include/px4_msgs/px4_msgs/msg/detail/gimbal_manager_information__rosidl_typesupport_introspection_c.h
[1510.055s] -- Symlinking: /repo/ws/install/include/px4_msgs/px4_msgs/msg/detail/gimbal_manager_set_attitude__rosidl_typesupport_introspection_c.h
[1510.069s] -- Symlinking: /repo/ws/install/include/px4_msgs/px4_msgs/msg/detail/gimbal_manager_set_manual_control__rosidl_typesupport_introspection_c.h
[1510.081s] -- Symlinking: /repo/ws/install/include/px4_msgs/px4_msgs/msg/detail/gimbal_manager_status__rosidl_typesupport_introspection_c.h
[1510.094s] -- Symlinking: /repo/ws/install/include/px4_msgs/px4_msgs/msg/detail/goto_setpoint__rosidl_typesupport_introspection_c.h
[1510.107s] -- Symlinking: /repo/ws/install/include/px4_msgs/px4_msgs/msg/detail/gpio_config__rosidl_typesupport_introspection_c.h
[1510.120s] -- Symlinking: /repo/ws/install/include/px4_msgs/px4_msgs/msg/detail/gpio_in__rosidl_typesupport_introspection_c.h
[1510.135s] -- Symlinking: /repo/ws/install/include/px4_msgs/px4_msgs/msg/detail/gpio_out__rosidl_typesupport_introspection_c.h
[1510.149s] -- Symlinking: /repo/ws/install/include/px4_msgs/px4_msgs/msg/detail/gpio_request__rosidl_typesupport_introspection_c.h
[1510.162s] -- Symlinking: /repo/ws/install/include/px4_msgs/px4_msgs/msg/detail/gps_dump__rosidl_typesupport_introspection_c.h
[1510.175s] -- Symlinking: /repo/ws/install/include/px4_msgs/px4_msgs/msg/detail/gps_inject_data__rosidl_typesupport_introspection_c.h
[1510.188s] -- Symlinking: /repo/ws/install/include/px4_msgs/px4_msgs/msg/detail/gripper__rosidl_typesupport_introspection_c.h
[1510.201s] -- Symlinking: /repo/ws/install/include/px4_msgs/px4_msgs/msg/detail/health_report__rosidl_typesupport_introspection_c.h
[1510.214s] -- Symlinking: /repo/ws/install/include/px4_msgs/px4_msgs/msg/detail/heater_status__rosidl_typesupport_introspection_c.h
[1510.227s] -- Symlinking: /repo/ws/install/include/px4_msgs/px4_msgs/msg/detail/home_position__rosidl_typesupport_introspection_c.h
[1510.242s] -- Symlinking: /repo/ws/install/include/px4_msgs/px4_msgs/msg/detail/hover_thrust_estimate__rosidl_typesupport_introspection_c.h
[1510.256s] -- Symlinking: /repo/ws/install/include/px4_msgs/px4_msgs/msg/detail/input_rc__rosidl_typesupport_introspection_c.h
[1510.269s] -- Symlinking: /repo/ws/install/include/px4_msgs/px4_msgs/msg/detail/internal_combustion_engine_control__rosidl_typesupport_introspection_c.h
[1510.282s] -- Symlinking: /repo/ws/install/include/px4_msgs/px4_msgs/msg/detail/internal_combustion_engine_status__rosidl_typesupport_introspection_c.h
[1510.295s] -- Symlinking: /repo/ws/install/include/px4_msgs/px4_msgs/msg/detail/iridiumsbd_status__rosidl_typesupport_introspection_c.h
[1510.308s] -- Symlinking: /repo/ws/install/include/px4_msgs/px4_msgs/msg/detail/irlock_report__rosidl_typesupport_introspection_c.h
[1510.321s] -- Symlinking: /repo/ws/install/include/px4_msgs/px4_msgs/msg/detail/landing_gear__rosidl_typesupport_introspection_c.h
[1510.335s] -- Symlinking: /repo/ws/install/include/px4_msgs/px4_msgs/msg/detail/landing_gear_wheel__rosidl_typesupport_introspection_c.h
[1510.348s] -- Symlinking: /repo/ws/install/include/px4_msgs/px4_msgs/msg/detail/landing_target_innovations__rosidl_typesupport_introspection_c.h
[1510.361s] -- Symlinking: /repo/ws/install/include/px4_msgs/px4_msgs/msg/detail/landing_target_pose__rosidl_typesupport_introspection_c.h
[1510.374s] -- Symlinking: /repo/ws/install/include/px4_msgs/px4_msgs/msg/detail/lateral_control_configuration__rosidl_typesupport_introspection_c.h
[1510.387s] -- Symlinking: /repo/ws/install/include/px4_msgs/px4_msgs/msg/detail/launch_detection_status__rosidl_typesupport_introspection_c.h
[1510.400s] -- Symlinking: /repo/ws/install/include/px4_msgs/px4_msgs/msg/detail/led_control__rosidl_typesupport_introspection_c.h
[1510.413s] -- Symlinking: /repo/ws/install/include/px4_msgs/px4_msgs/msg/detail/log_message__rosidl_typesupport_introspection_c.h
[1510.426s] -- Symlinking: /repo/ws/install/include/px4_msgs/px4_msgs/msg/detail/logger_status__rosidl_typesupport_introspection_c.h
[1510.440s] -- Symlinking: /repo/ws/install/include/px4_msgs/px4_msgs/msg/detail/longitudinal_control_configuration__rosidl_typesupport_introspection_c.h
[1510.454s] -- Symlinking: /repo/ws/install/include/px4_msgs/px4_msgs/msg/detail/mag_worker_data__rosidl_typesupport_introspection_c.h
[1510.467s] -- Symlinking: /repo/ws/install/include/px4_msgs/px4_msgs/msg/detail/magnetometer_bias_estimate__rosidl_typesupport_introspection_c.h
[1510.480s] -- Symlinking: /repo/ws/install/include/px4_msgs/px4_msgs/msg/detail/manual_control_setpoint__rosidl_typesupport_introspection_c.h
[1510.494s] -- Symlinking: /repo/ws/install/include/px4_msgs/px4_msgs/msg/detail/manual_control_switches__rosidl_typesupport_introspection_c.h
[1510.507s] -- Symlinking: /repo/ws/install/include/px4_msgs/px4_msgs/msg/detail/mavlink_log__rosidl_typesupport_introspection_c.h
[1510.520s] -- Symlinking: /repo/ws/install/include/px4_msgs/px4_msgs/msg/detail/mavlink_tunnel__rosidl_typesupport_introspection_c.h
[1510.533s] -- Symlinking: /repo/ws/install/include/px4_msgs/px4_msgs/msg/detail/message_format_request__rosidl_typesupport_introspection_c.h
[1510.547s] -- Symlinking: /repo/ws/install/include/px4_msgs/px4_msgs/msg/detail/message_format_response__rosidl_typesupport_introspection_c.h
[1510.560s] -- Symlinking: /repo/ws/install/include/px4_msgs/px4_msgs/msg/detail/mission__rosidl_typesupport_introspection_c.h
[1510.574s] -- Symlinking: /repo/ws/install/include/px4_msgs/px4_msgs/msg/detail/mission_result__rosidl_typesupport_introspection_c.h
[1510.588s] -- Symlinking: /repo/ws/install/include/px4_msgs/px4_msgs/msg/detail/mode_completed__rosidl_typesupport_introspection_c.h
[1510.601s] -- Symlinking: /repo/ws/install/include/px4_msgs/px4_msgs/msg/detail/mount_orientation__rosidl_typesupport_introspection_c.h
[1510.613s] -- Symlinking: /repo/ws/install/include/px4_msgs/px4_msgs/msg/detail/navigator_mission_item__rosidl_typesupport_introspection_c.h
[1510.626s] -- Symlinking: /repo/ws/install/include/px4_msgs/px4_msgs/msg/detail/navigator_status__rosidl_typesupport_introspection_c.h
[1510.640s] -- Symlinking: /repo/ws/install/include/px4_msgs/px4_msgs/msg/detail/neural_control__rosidl_typesupport_introspection_c.h
[1510.653s] -- Symlinking: /repo/ws/install/include/px4_msgs/px4_msgs/msg/detail/normalized_unsigned_setpoint__rosidl_typesupport_introspection_c.h
[1510.666s] -- Symlinking: /repo/ws/install/include/px4_msgs/px4_msgs/msg/detail/obstacle_distance__rosidl_typesupport_introspection_c.h
[1510.679s] -- Symlinking: /repo/ws/install/include/px4_msgs/px4_msgs/msg/detail/offboard_control_mode__rosidl_typesupport_introspection_c.h
[1510.692s] -- Symlinking: /repo/ws/install/include/px4_msgs/px4_msgs/msg/detail/onboard_computer_status__rosidl_typesupport_introspection_c.h
[1510.705s] -- Symlinking: /repo/ws/install/include/px4_msgs/px4_msgs/msg/detail/open_drone_id_arm_status__rosidl_typesupport_introspection_c.h
[1510.718s] -- Symlinking: /repo/ws/install/include/px4_msgs/px4_msgs/msg/detail/open_drone_id_operator_id__rosidl_typesupport_introspection_c.h
[1510.732s] -- Symlinking: /repo/ws/install/include/px4_msgs/px4_msgs/msg/detail/open_drone_id_self_id__rosidl_typesupport_introspection_c.h
[1510.746s] -- Symlinking: /repo/ws/install/include/px4_msgs/px4_msgs/msg/detail/open_drone_id_system__rosidl_typesupport_introspection_c.h
[1510.759s] -- Symlinking: /repo/ws/install/include/px4_msgs/px4_msgs/msg/detail/orb_test__rosidl_typesupport_introspection_c.h
[1510.773s] -- Symlinking: /repo/ws/install/include/px4_msgs/px4_msgs/msg/detail/orb_test_large__rosidl_typesupport_introspection_c.h
[1510.786s] -- Symlinking: /repo/ws/install/include/px4_msgs/px4_msgs/msg/detail/orb_test_medium__rosidl_typesupport_introspection_c.h
[1510.799s] -- Symlinking: /repo/ws/install/include/px4_msgs/px4_msgs/msg/detail/orbit_status__rosidl_typesupport_introspection_c.h
[1510.812s] -- Symlinking: /repo/ws/install/include/px4_msgs/px4_msgs/msg/detail/parameter_reset_request__rosidl_typesupport_introspection_c.h
[1510.825s] -- Symlinking: /repo/ws/install/include/px4_msgs/px4_msgs/msg/detail/parameter_set_used_request__rosidl_typesupport_introspection_c.h
[1510.839s] -- Symlinking: /repo/ws/install/include/px4_msgs/px4_msgs/msg/detail/parameter_set_value_request__rosidl_typesupport_introspection_c.h
[1510.852s] -- Symlinking: /repo/ws/install/include/px4_msgs/px4_msgs/msg/detail/parameter_set_value_response__rosidl_typesupport_introspection_c.h
[1510.866s] -- Symlinking: /repo/ws/install/include/px4_msgs/px4_msgs/msg/detail/parameter_update__rosidl_typesupport_introspection_c.h
[1510.879s] -- Symlinking: /repo/ws/install/include/px4_msgs/px4_msgs/msg/detail/ping__rosidl_typesupport_introspection_c.h
[1510.892s] -- Symlinking: /repo/ws/install/include/px4_msgs/px4_msgs/msg/detail/position_controller_landing_status__rosidl_typesupport_introspection_c.h
[1510.904s] -- Symlinking: /repo/ws/install/include/px4_msgs/px4_msgs/msg/detail/position_controller_status__rosidl_typesupport_introspection_c.h
[1510.916s] -- Symlinking: /repo/ws/install/include/px4_msgs/px4_msgs/msg/detail/position_setpoint__rosidl_typesupport_introspection_c.h
[1510.930s] -- Symlinking: /repo/ws/install/include/px4_msgs/px4_msgs/msg/detail/position_setpoint_triplet__rosidl_typesupport_introspection_c.h
[1510.944s] -- Symlinking: /repo/ws/install/include/px4_msgs/px4_msgs/msg/detail/power_button_state__rosidl_typesupport_introspection_c.h
[1510.957s] -- Symlinking: /repo/ws/install/include/px4_msgs/px4_msgs/msg/detail/power_monitor__rosidl_typesupport_introspection_c.h
[1510.970s] -- Symlinking: /repo/ws/install/include/px4_msgs/px4_msgs/msg/detail/pps_capture__rosidl_typesupport_introspection_c.h
[1510.983s] -- Symlinking: /repo/ws/install/include/px4_msgs/px4_msgs/msg/detail/pure_pursuit_status__rosidl_typesupport_introspection_c.h
[1510.996s] -- Symlinking: /repo/ws/install/include/px4_msgs/px4_msgs/msg/detail/pwm_input__rosidl_typesupport_introspection_c.h
[1511.010s] -- Symlinking: /repo/ws/install/include/px4_msgs/px4_msgs/msg/detail/px4io_status__rosidl_typesupport_introspection_c.h
[1511.022s] -- Symlinking: /repo/ws/install/include/px4_msgs/px4_msgs/msg/detail/qshell_req__rosidl_typesupport_introspection_c.h
[1511.036s] -- Symlinking: /repo/ws/install/include/px4_msgs/px4_msgs/msg/detail/qshell_retval__rosidl_typesupport_introspection_c.h
[1511.049s] -- Symlinking: /repo/ws/install/include/px4_msgs/px4_msgs/msg/detail/radio_status__rosidl_typesupport_introspection_c.h
[1511.063s] -- Symlinking: /repo/ws/install/include/px4_msgs/px4_msgs/msg/detail/raptor_input__rosidl_typesupport_introspection_c.h
[1511.076s] -- Symlinking: /repo/ws/install/include/px4_msgs/px4_msgs/msg/detail/raptor_status__rosidl_typesupport_introspection_c.h
[1511.089s] -- Symlinking: /repo/ws/install/include/px4_msgs/px4_msgs/msg/detail/rate_ctrl_status__rosidl_typesupport_introspection_c.h
[1511.102s] -- Symlinking: /repo/ws/install/include/px4_msgs/px4_msgs/msg/detail/rc_channels__rosidl_typesupport_introspection_c.h
[1511.115s] -- Symlinking: /repo/ws/install/include/px4_msgs/px4_msgs/msg/detail/rc_parameter_map__rosidl_typesupport_introspection_c.h
[1511.128s] -- Symlinking: /repo/ws/install/include/px4_msgs/px4_msgs/msg/detail/register_ext_component_reply__rosidl_typesupport_introspection_c.h
[1511.142s] -- Symlinking: /repo/ws/install/include/px4_msgs/px4_msgs/msg/detail/register_ext_component_request__rosidl_typesupport_introspection_c.h
[1511.155s] -- Symlinking: /repo/ws/install/include/px4_msgs/px4_msgs/msg/detail/rover_attitude_setpoint__rosidl_typesupport_introspection_c.h
[1511.169s] -- Symlinking: /repo/ws/install/include/px4_msgs/px4_msgs/msg/detail/rover_attitude_status__rosidl_typesupport_introspection_c.h
[1511.182s] -- Symlinking: /repo/ws/install/include/px4_msgs/px4_msgs/msg/detail/rover_position_setpoint__rosidl_typesupport_introspection_c.h
[1511.195s] -- Symlinking: /repo/ws/install/include/px4_msgs/px4_msgs/msg/detail/rover_rate_setpoint__rosidl_typesupport_introspection_c.h
[1511.208s] -- Symlinking: /repo/ws/install/include/px4_msgs/px4_msgs/msg/detail/rover_rate_status__rosidl_typesupport_introspection_c.h
[1511.222s] -- Symlinking: /repo/ws/install/include/px4_msgs/px4_msgs/msg/detail/rover_speed_setpoint__rosidl_typesupport_introspection_c.h
[1511.236s] -- Symlinking: /repo/ws/install/include/px4_msgs/px4_msgs/msg/detail/rover_speed_status__rosidl_typesupport_introspection_c.h
[1511.249s] -- Symlinking: /repo/ws/install/include/px4_msgs/px4_msgs/msg/detail/rover_steering_setpoint__rosidl_typesupport_introspection_c.h
[1511.262s] -- Symlinking: /repo/ws/install/include/px4_msgs/px4_msgs/msg/detail/rover_throttle_setpoint__rosidl_typesupport_introspection_c.h
[1511.275s] -- Symlinking: /repo/ws/install/include/px4_msgs/px4_msgs/msg/detail/rpm__rosidl_typesupport_introspection_c.h
[1511.288s] -- Symlinking: /repo/ws/install/include/px4_msgs/px4_msgs/msg/detail/rtl_status__rosidl_typesupport_introspection_c.h
[1511.301s] -- Symlinking: /repo/ws/install/include/px4_msgs/px4_msgs/msg/detail/rtl_time_estimate__rosidl_typesupport_introspection_c.h
[1511.314s] -- Symlinking: /repo/ws/install/include/px4_msgs/px4_msgs/msg/detail/satellite_info__rosidl_typesupport_introspection_c.h
[1511.327s] -- Symlinking: /repo/ws/install/include/px4_msgs/px4_msgs/msg/detail/sensor_accel__rosidl_typesupport_introspection_c.h
[1511.341s] -- Symlinking: /repo/ws/install/include/px4_msgs/px4_msgs/msg/detail/sensor_accel_fifo__rosidl_typesupport_introspection_c.h
[1511.354s] -- Symlinking: /repo/ws/install/include/px4_msgs/px4_msgs/msg/detail/sensor_airflow__rosidl_typesupport_introspection_c.h
[1511.366s] -- Symlinking: /repo/ws/install/include/px4_msgs/px4_msgs/msg/detail/sensor_baro__rosidl_typesupport_introspection_c.h
[1511.378s] -- Symlinking: /repo/ws/install/include/px4_msgs/px4_msgs/msg/detail/sensor_combined__rosidl_typesupport_introspection_c.h
[1511.391s] -- Symlinking: /repo/ws/install/include/px4_msgs/px4_msgs/msg/detail/sensor_correction__rosidl_typesupport_introspection_c.h
[1511.405s] -- Symlinking: /repo/ws/install/include/px4_msgs/px4_msgs/msg/detail/sensor_gnss_relative__rosidl_typesupport_introspection_c.h
[1511.417s] -- Symlinking: /repo/ws/install/include/px4_msgs/px4_msgs/msg/detail/sensor_gnss_status__rosidl_typesupport_introspection_c.h
[1511.431s] -- Symlinking: /repo/ws/install/include/px4_msgs/px4_msgs/msg/detail/sensor_gps__rosidl_typesupport_introspection_c.h
[1511.445s] -- Symlinking: /repo/ws/install/include/px4_msgs/px4_msgs/msg/detail/sensor_gyro__rosidl_typesupport_introspection_c.h
[1511.459s] -- Symlinking: /repo/ws/install/include/px4_msgs/px4_msgs/msg/detail/sensor_gyro_fft__rosidl_typesupport_introspection_c.h
[1511.472s] -- Symlinking: /repo/ws/install/include/px4_msgs/px4_msgs/msg/detail/sensor_gyro_fifo__rosidl_typesupport_introspection_c.h
[1511.485s] -- Symlinking: /repo/ws/install/include/px4_msgs/px4_msgs/msg/detail/sensor_hygrometer__rosidl_typesupport_introspection_c.h
[1511.498s] -- Symlinking: /repo/ws/install/include/px4_msgs/px4_msgs/msg/detail/sensor_mag__rosidl_typesupport_introspection_c.h
[1511.512s] -- Symlinking: /repo/ws/install/include/px4_msgs/px4_msgs/msg/detail/sensor_optical_flow__rosidl_typesupport_introspection_c.h
[1511.525s] -- Symlinking: /repo/ws/install/include/px4_msgs/px4_msgs/msg/detail/sensor_preflight_mag__rosidl_typesupport_introspection_c.h
[1511.539s] -- Symlinking: /repo/ws/install/include/px4_msgs/px4_msgs/msg/detail/sensor_selection__rosidl_typesupport_introspection_c.h
[1511.552s] -- Symlinking: /repo/ws/install/include/px4_msgs/px4_msgs/msg/detail/sensor_temp__rosidl_typesupport_introspection_c.h
[1511.565s] -- Symlinking: /repo/ws/install/include/px4_msgs/px4_msgs/msg/detail/sensor_uwb__rosidl_typesupport_introspection_c.h
[1511.579s] -- Symlinking: /repo/ws/install/include/px4_msgs/px4_msgs/msg/detail/sensors_status__rosidl_typesupport_introspection_c.h
[1511.592s] -- Symlinking: /repo/ws/install/include/px4_msgs/px4_msgs/msg/detail/sensors_status_imu__rosidl_typesupport_introspection_c.h
[1511.605s] -- Symlinking: /repo/ws/install/include/px4_msgs/px4_msgs/msg/detail/system_power__rosidl_typesupport_introspection_c.h
[1511.618s] -- Symlinking: /repo/ws/install/include/px4_msgs/px4_msgs/msg/detail/takeoff_status__rosidl_typesupport_introspection_c.h
[1511.631s] -- Symlinking: /repo/ws/install/include/px4_msgs/px4_msgs/msg/detail/task_stack_info__rosidl_typesupport_introspection_c.h
[1511.644s] -- Symlinking: /repo/ws/install/include/px4_msgs/px4_msgs/msg/detail/tecs_status__rosidl_typesupport_introspection_c.h
[1511.658s] -- Symlinking: /repo/ws/install/include/px4_msgs/px4_msgs/msg/detail/telemetry_status__rosidl_typesupport_introspection_c.h
[1511.671s] -- Symlinking: /repo/ws/install/include/px4_msgs/px4_msgs/msg/detail/tiltrotor_extra_controls__rosidl_typesupport_introspection_c.h
[1511.684s] -- Symlinking: /repo/ws/install/include/px4_msgs/px4_msgs/msg/detail/timesync_status__rosidl_typesupport_introspection_c.h
[1511.697s] -- Symlinking: /repo/ws/install/include/px4_msgs/px4_msgs/msg/detail/trajectory_setpoint6dof__rosidl_typesupport_introspection_c.h
[1511.710s] -- Symlinking: /repo/ws/install/include/px4_msgs/px4_msgs/msg/detail/trajectory_setpoint__rosidl_typesupport_introspection_c.h
[1511.723s] -- Symlinking: /repo/ws/install/include/px4_msgs/px4_msgs/msg/detail/transponder_report__rosidl_typesupport_introspection_c.h
[1511.737s] -- Symlinking: /repo/ws/install/include/px4_msgs/px4_msgs/msg/detail/tune_control__rosidl_typesupport_introspection_c.h
[1511.750s] -- Symlinking: /repo/ws/install/include/px4_msgs/px4_msgs/msg/detail/uavcan_parameter_request__rosidl_typesupport_introspection_c.h
[1511.764s] -- Symlinking: /repo/ws/install/include/px4_msgs/px4_msgs/msg/detail/uavcan_parameter_value__rosidl_typesupport_introspection_c.h
[1511.777s] -- Symlinking: /repo/ws/install/include/px4_msgs/px4_msgs/msg/detail/ulog_stream__rosidl_typesupport_introspection_c.h
[1511.790s] -- Symlinking: /repo/ws/install/include/px4_msgs/px4_msgs/msg/detail/ulog_stream_ack__rosidl_typesupport_introspection_c.h
[1511.803s] -- Symlinking: /repo/ws/install/include/px4_msgs/px4_msgs/msg/detail/unregister_ext_component__rosidl_typesupport_introspection_c.h
[1511.815s] -- Symlinking: /repo/ws/install/include/px4_msgs/px4_msgs/msg/detail/vehicle_acceleration__rosidl_typesupport_introspection_c.h
[1511.829s] -- Symlinking: /repo/ws/install/include/px4_msgs/px4_msgs/msg/detail/vehicle_air_data__rosidl_typesupport_introspection_c.h
[1511.843s] -- Symlinking: /repo/ws/install/include/px4_msgs/px4_msgs/msg/detail/vehicle_angular_acceleration_setpoint__rosidl_typesupport_introspection_c.h
[1511.856s] -- Symlinking: /repo/ws/install/include/px4_msgs/px4_msgs/msg/detail/vehicle_angular_velocity__rosidl_typesupport_introspection_c.h
[1511.869s] -- Symlinking: /repo/ws/install/include/px4_msgs/px4_msgs/msg/detail/vehicle_attitude__rosidl_typesupport_introspection_c.h
[1511.882s] -- Symlinking: /repo/ws/install/include/px4_msgs/px4_msgs/msg/detail/vehicle_attitude_setpoint__rosidl_typesupport_introspection_c.h
[1511.895s] -- Symlinking: /repo/ws/install/include/px4_msgs/px4_msgs/msg/detail/vehicle_command__rosidl_typesupport_introspection_c.h
[1511.909s] -- Symlinking: /repo/ws/install/include/px4_msgs/px4_msgs/msg/detail/vehicle_command_ack__rosidl_typesupport_introspection_c.h
[1511.922s] -- Symlinking: /repo/ws/install/include/px4_msgs/px4_msgs/msg/detail/vehicle_constraints__rosidl_typesupport_introspection_c.h
[1511.935s] -- Symlinking: /repo/ws/install/include/px4_msgs/px4_msgs/msg/detail/vehicle_control_mode__rosidl_typesupport_introspection_c.h
[1511.948s] -- Symlinking: /repo/ws/install/include/px4_msgs/px4_msgs/msg/detail/vehicle_global_position__rosidl_typesupport_introspection_c.h
[1511.961s] -- Symlinking: /repo/ws/install/include/px4_msgs/px4_msgs/msg/detail/vehicle_imu__rosidl_typesupport_introspection_c.h
[1511.975s] -- Symlinking: /repo/ws/install/include/px4_msgs/px4_msgs/msg/detail/vehicle_imu_status__rosidl_typesupport_introspection_c.h
[1511.988s] -- Symlinking: /repo/ws/install/include/px4_msgs/px4_msgs/msg/detail/vehicle_land_detected__rosidl_typesupport_introspection_c.h
[1512.001s] -- Symlinking: /repo/ws/install/include/px4_msgs/px4_msgs/msg/detail/vehicle_local_position__rosidl_typesupport_introspection_c.h
[1512.014s] -- Symlinking: /repo/ws/install/include/px4_msgs/px4_msgs/msg/detail/vehicle_local_position_setpoint__rosidl_typesupport_introspection_c.h
[1512.027s] -- Symlinking: /repo/ws/install/include/px4_msgs/px4_msgs/msg/detail/vehicle_magnetometer__rosidl_typesupport_introspection_c.h
[1512.041s] -- Symlinking: /repo/ws/install/include/px4_msgs/px4_msgs/msg/detail/vehicle_odometry__rosidl_typesupport_introspection_c.h
[1512.054s] -- Symlinking: /repo/ws/install/include/px4_msgs/px4_msgs/msg/detail/vehicle_optical_flow__rosidl_typesupport_introspection_c.h
[1512.067s] -- Symlinking: /repo/ws/install/include/px4_msgs/px4_msgs/msg/detail/vehicle_optical_flow_vel__rosidl_typesupport_introspection_c.h
[1512.080s] -- Symlinking: /repo/ws/install/include/px4_msgs/px4_msgs/msg/detail/vehicle_rates_setpoint__rosidl_typesupport_introspection_c.h
[1512.094s] -- Symlinking: /repo/ws/install/include/px4_msgs/px4_msgs/msg/detail/vehicle_roi__rosidl_typesupport_introspection_c.h
[1512.107s] -- Symlinking: /repo/ws/install/include/px4_msgs/px4_msgs/msg/detail/vehicle_status__rosidl_typesupport_introspection_c.h
[1512.120s] -- Symlinking: /repo/ws/install/include/px4_msgs/px4_msgs/msg/detail/vehicle_thrust_setpoint__rosidl_typesupport_introspection_c.h
[1512.133s] -- Symlinking: /repo/ws/install/include/px4_msgs/px4_msgs/msg/detail/vehicle_torque_setpoint__rosidl_typesupport_introspection_c.h
[1512.147s] -- Symlinking: /repo/ws/install/include/px4_msgs/px4_msgs/msg/detail/velocity_limits__rosidl_typesupport_introspection_c.h
[1512.160s] -- Symlinking: /repo/ws/install/include/px4_msgs/px4_msgs/msg/detail/vtol_vehicle_status__rosidl_typesupport_introspection_c.h
[1512.173s] -- Symlinking: /repo/ws/install/include/px4_msgs/px4_msgs/msg/detail/vtx__rosidl_typesupport_introspection_c.h
[1512.187s] -- Symlinking: /repo/ws/install/include/px4_msgs/px4_msgs/msg/detail/wheel_encoders__rosidl_typesupport_introspection_c.h
[1512.200s] -- Symlinking: /repo/ws/install/include/px4_msgs/px4_msgs/msg/detail/wind__rosidl_typesupport_introspection_c.h
[1512.216s] -- Symlinking: /repo/ws/install/include/px4_msgs/px4_msgs/msg/detail/yaw_estimator_status__rosidl_typesupport_introspection_c.h
[1512.229s] -- Symlinking: /repo/ws/install/include/px4_msgs/px4_msgs/msg/rosidl_typesupport_introspection_c__visibility_control.h
[1512.243s] -- Symlinking: /repo/ws/install/include/px4_msgs/px4_msgs/srv/detail/vehicle_command__rosidl_typesupport_introspection_c.h
[1512.263s] -- Symlinking: /repo/ws/install/include/px4_msgs/px4_msgs/msg/detail/action_request__rosidl_typesupport_introspection_cpp.hpp
[1512.276s] -- Symlinking: /repo/ws/install/include/px4_msgs/px4_msgs/msg/detail/actuator_armed__rosidl_typesupport_introspection_cpp.hpp
[1512.288s] -- Symlinking: /repo/ws/install/include/px4_msgs/px4_msgs/msg/detail/actuator_controls_status__rosidl_typesupport_introspection_cpp.hpp
[1512.301s] -- Symlinking: /repo/ws/install/include/px4_msgs/px4_msgs/msg/detail/actuator_motors__rosidl_typesupport_introspection_cpp.hpp
[1512.315s] -- Symlinking: /repo/ws/install/include/px4_msgs/px4_msgs/msg/detail/actuator_outputs__rosidl_typesupport_introspection_cpp.hpp
[1512.328s] -- Symlinking: /repo/ws/install/include/px4_msgs/px4_msgs/msg/detail/actuator_servos__rosidl_typesupport_introspection_cpp.hpp
[1512.342s] -- Symlinking: /repo/ws/install/include/px4_msgs/px4_msgs/msg/detail/actuator_servos_trim__rosidl_typesupport_introspection_cpp.hpp
[1512.355s] -- Symlinking: /repo/ws/install/include/px4_msgs/px4_msgs/msg/detail/actuator_test__rosidl_typesupport_introspection_cpp.hpp
[1512.368s] -- Symlinking: /repo/ws/install/include/px4_msgs/px4_msgs/msg/detail/adc_report__rosidl_typesupport_introspection_cpp.hpp
[1512.381s] -- Symlinking: /repo/ws/install/include/px4_msgs/px4_msgs/msg/detail/airspeed__rosidl_typesupport_introspection_cpp.hpp
[1512.394s] -- Symlinking: /repo/ws/install/include/px4_msgs/px4_msgs/msg/detail/airspeed_validated__rosidl_typesupport_introspection_cpp.hpp
[1512.408s] -- Symlinking: /repo/ws/install/include/px4_msgs/px4_msgs/msg/detail/airspeed_wind__rosidl_typesupport_introspection_cpp.hpp
[1512.421s] -- Symlinking: /repo/ws/install/include/px4_msgs/px4_msgs/msg/detail/arming_check_reply__rosidl_typesupport_introspection_cpp.hpp
[1512.434s] -- Symlinking: /repo/ws/install/include/px4_msgs/px4_msgs/msg/detail/arming_check_request__rosidl_typesupport_introspection_cpp.hpp
[1512.448s] -- Symlinking: /repo/ws/install/include/px4_msgs/px4_msgs/msg/detail/autotune_attitude_control_status__rosidl_typesupport_introspection_cpp.hpp
[1512.461s] -- Symlinking: /repo/ws/install/include/px4_msgs/px4_msgs/msg/detail/battery_info__rosidl_typesupport_introspection_cpp.hpp
[1512.475s] -- Symlinking: /repo/ws/install/include/px4_msgs/px4_msgs/msg/detail/battery_status__rosidl_typesupport_introspection_cpp.hpp
[1512.489s] -- Symlinking: /repo/ws/install/include/px4_msgs/px4_msgs/msg/detail/button_event__rosidl_typesupport_introspection_cpp.hpp
[1512.503s] -- Symlinking: /repo/ws/install/include/px4_msgs/px4_msgs/msg/detail/camera_capture__rosidl_typesupport_introspection_cpp.hpp
[1512.516s] -- Symlinking: /repo/ws/install/include/px4_msgs/px4_msgs/msg/detail/camera_status__rosidl_typesupport_introspection_cpp.hpp
[1512.529s] -- Symlinking: /repo/ws/install/include/px4_msgs/px4_msgs/msg/detail/camera_trigger__rosidl_typesupport_introspection_cpp.hpp
[1512.543s] -- Symlinking: /repo/ws/install/include/px4_msgs/px4_msgs/msg/detail/can_interface_status__rosidl_typesupport_introspection_cpp.hpp
[1512.556s] -- Symlinking: /repo/ws/install/include/px4_msgs/px4_msgs/msg/detail/cellular_status__rosidl_typesupport_introspection_cpp.hpp
[1512.569s] -- Symlinking: /repo/ws/install/include/px4_msgs/px4_msgs/msg/detail/collision_constraints__rosidl_typesupport_introspection_cpp.hpp
[1512.582s] -- Symlinking: /repo/ws/install/include/px4_msgs/px4_msgs/msg/detail/config_overrides__rosidl_typesupport_introspection_cpp.hpp
[1512.596s] -- Symlinking: /repo/ws/install/include/px4_msgs/px4_msgs/msg/detail/control_allocator_status__rosidl_typesupport_introspection_cpp.hpp
[1512.609s] -- Symlinking: /repo/ws/install/include/px4_msgs/px4_msgs/msg/detail/cpuload__rosidl_typesupport_introspection_cpp.hpp
[1512.623s] -- Symlinking: /repo/ws/install/include/px4_msgs/px4_msgs/msg/detail/dataman_request__rosidl_typesupport_introspection_cpp.hpp
[1512.638s] -- Symlinking: /repo/ws/install/include/px4_msgs/px4_msgs/msg/detail/dataman_response__rosidl_typesupport_introspection_cpp.hpp
[1512.653s] -- Symlinking: /repo/ws/install/include/px4_msgs/px4_msgs/msg/detail/debug_array__rosidl_typesupport_introspection_cpp.hpp
[1512.665s] -- Symlinking: /repo/ws/install/include/px4_msgs/px4_msgs/msg/detail/debug_key_value__rosidl_typesupport_introspection_cpp.hpp
[1512.679s] -- Symlinking: /repo/ws/install/include/px4_msgs/px4_msgs/msg/detail/debug_value__rosidl_typesupport_introspection_cpp.hpp
[1512.692s] -- Symlinking: /repo/ws/install/include/px4_msgs/px4_msgs/msg/detail/debug_vect__rosidl_typesupport_introspection_cpp.hpp
[1512.705s] -- Symlinking: /repo/ws/install/include/px4_msgs/px4_msgs/msg/detail/device_information__rosidl_typesupport_introspection_cpp.hpp
[1512.719s] -- Symlinking: /repo/ws/install/include/px4_msgs/px4_msgs/msg/detail/differential_pressure__rosidl_typesupport_introspection_cpp.hpp
[1512.731s] -- Symlinking: /repo/ws/install/include/px4_msgs/px4_msgs/msg/detail/distance_sensor__rosidl_typesupport_introspection_cpp.hpp
[1512.746s] -- Symlinking: /repo/ws/install/include/px4_msgs/px4_msgs/msg/detail/distance_sensor_mode_change_request__rosidl_typesupport_introspection_cpp.hpp
[1512.758s] -- Symlinking: /repo/ws/install/include/px4_msgs/px4_msgs/msg/detail/dronecan_node_status__rosidl_typesupport_introspection_cpp.hpp
[1512.772s] -- Symlinking: /repo/ws/install/include/px4_msgs/px4_msgs/msg/detail/ekf2_timestamps__rosidl_typesupport_introspection_cpp.hpp
[1512.785s] -- Symlinking: /repo/ws/install/include/px4_msgs/px4_msgs/msg/detail/esc_report__rosidl_typesupport_introspection_cpp.hpp
[1512.798s] -- Symlinking: /repo/ws/install/include/px4_msgs/px4_msgs/msg/detail/esc_status__rosidl_typesupport_introspection_cpp.hpp
[1512.811s] -- Symlinking: /repo/ws/install/include/px4_msgs/px4_msgs/msg/detail/estimator_aid_source1d__rosidl_typesupport_introspection_cpp.hpp
[1512.824s] -- Symlinking: /repo/ws/install/include/px4_msgs/px4_msgs/msg/detail/estimator_aid_source2d__rosidl_typesupport_introspection_cpp.hpp
[1512.838s] -- Symlinking: /repo/ws/install/include/px4_msgs/px4_msgs/msg/detail/estimator_aid_source3d__rosidl_typesupport_introspection_cpp.hpp
[1512.852s] -- Symlinking: /repo/ws/install/include/px4_msgs/px4_msgs/msg/detail/estimator_bias3d__rosidl_typesupport_introspection_cpp.hpp
[1512.865s] -- Symlinking: /repo/ws/install/include/px4_msgs/px4_msgs/msg/detail/estimator_bias__rosidl_typesupport_introspection_cpp.hpp
[1512.878s] -- Symlinking: /repo/ws/install/include/px4_msgs/px4_msgs/msg/detail/estimator_event_flags__rosidl_typesupport_introspection_cpp.hpp
[1512.892s] -- Symlinking: /repo/ws/install/include/px4_msgs/px4_msgs/msg/detail/estimator_gps_status__rosidl_typesupport_introspection_cpp.hpp
[1512.905s] -- Symlinking: /repo/ws/install/include/px4_msgs/px4_msgs/msg/detail/estimator_innovations__rosidl_typesupport_introspection_cpp.hpp
[1512.918s] -- Symlinking: /repo/ws/install/include/px4_msgs/px4_msgs/msg/detail/estimator_selector_status__rosidl_typesupport_introspection_cpp.hpp
[1512.932s] -- Symlinking: /repo/ws/install/include/px4_msgs/px4_msgs/msg/detail/estimator_sensor_bias__rosidl_typesupport_introspection_cpp.hpp
[1512.945s] -- Symlinking: /repo/ws/install/include/px4_msgs/px4_msgs/msg/detail/estimator_states__rosidl_typesupport_introspection_cpp.hpp
[1512.959s] -- Symlinking: /repo/ws/install/include/px4_msgs/px4_msgs/msg/detail/estimator_status__rosidl_typesupport_introspection_cpp.hpp
[1512.972s] -- Symlinking: /repo/ws/install/include/px4_msgs/px4_msgs/msg/detail/estimator_status_flags__rosidl_typesupport_introspection_cpp.hpp
[1512.985s] -- Symlinking: /repo/ws/install/include/px4_msgs/px4_msgs/msg/detail/event__rosidl_typesupport_introspection_cpp.hpp
[1512.998s] -- Symlinking: /repo/ws/install/include/px4_msgs/px4_msgs/msg/detail/failsafe_flags__rosidl_typesupport_introspection_cpp.hpp
[1513.011s] -- Symlinking: /repo/ws/install/include/px4_msgs/px4_msgs/msg/detail/failure_detector_status__rosidl_typesupport_introspection_cpp.hpp
[1513.025s] -- Symlinking: /repo/ws/install/include/px4_msgs/px4_msgs/msg/detail/figure_eight_status__rosidl_typesupport_introspection_cpp.hpp
[1513.038s] -- Symlinking: /repo/ws/install/include/px4_msgs/px4_msgs/msg/detail/fixed_wing_lateral_guidance_status__rosidl_typesupport_introspection_cpp.hpp
[1513.052s] -- Symlinking: /repo/ws/install/include/px4_msgs/px4_msgs/msg/detail/fixed_wing_lateral_setpoint__rosidl_typesupport_introspection_cpp.hpp
[1513.065s] -- Symlinking: /repo/ws/install/include/px4_msgs/px4_msgs/msg/detail/fixed_wing_lateral_status__rosidl_typesupport_introspection_cpp.hpp
[1513.078s] -- Symlinking: /repo/ws/install/include/px4_msgs/px4_msgs/msg/detail/fixed_wing_longitudinal_setpoint__rosidl_typesupport_introspection_cpp.hpp
[1513.091s] -- Symlinking: /repo/ws/install/include/px4_msgs/px4_msgs/msg/detail/fixed_wing_runway_control__rosidl_typesupport_introspection_cpp.hpp
[1513.104s] -- Symlinking: /repo/ws/install/include/px4_msgs/px4_msgs/msg/detail/flight_phase_estimation__rosidl_typesupport_introspection_cpp.hpp
[1513.117s] -- Symlinking: /repo/ws/install/include/px4_msgs/px4_msgs/msg/detail/follow_target__rosidl_typesupport_introspection_cpp.hpp
[1513.130s] -- Symlinking: /repo/ws/install/include/px4_msgs/px4_msgs/msg/detail/follow_target_estimator__rosidl_typesupport_introspection_cpp.hpp
[1513.144s] -- Symlinking: /repo/ws/install/include/px4_msgs/px4_msgs/msg/detail/follow_target_status__rosidl_typesupport_introspection_cpp.hpp
[1513.157s] -- Symlinking: /repo/ws/install/include/px4_msgs/px4_msgs/msg/detail/fuel_tank_status__rosidl_typesupport_introspection_cpp.hpp
[1513.170s] -- Symlinking: /repo/ws/install/include/px4_msgs/px4_msgs/msg/detail/gain_compression__rosidl_typesupport_introspection_cpp.hpp
[1513.183s] -- Symlinking: /repo/ws/install/include/px4_msgs/px4_msgs/msg/detail/generator_status__rosidl_typesupport_introspection_cpp.hpp
[1513.197s] -- Symlinking: /repo/ws/install/include/px4_msgs/px4_msgs/msg/detail/geofence_result__rosidl_typesupport_introspection_cpp.hpp
[1513.210s] -- Symlinking: /repo/ws/install/include/px4_msgs/px4_msgs/msg/detail/geofence_status__rosidl_typesupport_introspection_cpp.hpp
[1513.223s] -- Symlinking: /repo/ws/install/include/px4_msgs/px4_msgs/msg/detail/gimbal_controls__rosidl_typesupport_introspection_cpp.hpp
[1513.237s] -- Symlinking: /repo/ws/install/include/px4_msgs/px4_msgs/msg/detail/gimbal_device_attitude_status__rosidl_typesupport_introspection_cpp.hpp
[1513.250s] -- Symlinking: /repo/ws/install/include/px4_msgs/px4_msgs/msg/detail/gimbal_device_information__rosidl_typesupport_introspection_cpp.hpp
[1513.263s] -- Symlinking: /repo/ws/install/include/px4_msgs/px4_msgs/msg/detail/gimbal_device_set_attitude__rosidl_typesupport_introspection_cpp.hpp
[1513.276s] -- Symlinking: /repo/ws/install/include/px4_msgs/px4_msgs/msg/detail/gimbal_manager_information__rosidl_typesupport_introspection_cpp.hpp
[1513.289s] -- Symlinking: /repo/ws/install/include/px4_msgs/px4_msgs/msg/detail/gimbal_manager_set_attitude__rosidl_typesupport_introspection_cpp.hpp
[1513.302s] -- Symlinking: /repo/ws/install/include/px4_msgs/px4_msgs/msg/detail/gimbal_manager_set_manual_control__rosidl_typesupport_introspection_cpp.hpp
[1513.315s] -- Symlinking: /repo/ws/install/include/px4_msgs/px4_msgs/msg/detail/gimbal_manager_status__rosidl_typesupport_introspection_cpp.hpp
[1513.329s] -- Symlinking: /repo/ws/install/include/px4_msgs/px4_msgs/msg/detail/goto_setpoint__rosidl_typesupport_introspection_cpp.hpp
[1513.343s] -- Symlinking: /repo/ws/install/include/px4_msgs/px4_msgs/msg/detail/gpio_config__rosidl_typesupport_introspection_cpp.hpp
[1513.356s] -- Symlinking: /repo/ws/install/include/px4_msgs/px4_msgs/msg/detail/gpio_in__rosidl_typesupport_introspection_cpp.hpp
[1513.369s] -- Symlinking: /repo/ws/install/include/px4_msgs/px4_msgs/msg/detail/gpio_out__rosidl_typesupport_introspection_cpp.hpp
[1513.382s] -- Symlinking: /repo/ws/install/include/px4_msgs/px4_msgs/msg/detail/gpio_request__rosidl_typesupport_introspection_cpp.hpp
[1513.396s] -- Symlinking: /repo/ws/install/include/px4_msgs/px4_msgs/msg/detail/gps_dump__rosidl_typesupport_introspection_cpp.hpp
[1513.409s] -- Symlinking: /repo/ws/install/include/px4_msgs/px4_msgs/msg/detail/gps_inject_data__rosidl_typesupport_introspection_cpp.hpp
[1513.422s] -- Symlinking: /repo/ws/install/include/px4_msgs/px4_msgs/msg/detail/gripper__rosidl_typesupport_introspection_cpp.hpp
[1513.436s] -- Symlinking: /repo/ws/install/include/px4_msgs/px4_msgs/msg/detail/health_report__rosidl_typesupport_introspection_cpp.hpp
[1513.450s] -- Symlinking: /repo/ws/install/include/px4_msgs/px4_msgs/msg/detail/heater_status__rosidl_typesupport_introspection_cpp.hpp
[1513.463s] -- Symlinking: /repo/ws/install/include/px4_msgs/px4_msgs/msg/detail/home_position__rosidl_typesupport_introspection_cpp.hpp
[1513.476s] -- Symlinking: /repo/ws/install/include/px4_msgs/px4_msgs/msg/detail/hover_thrust_estimate__rosidl_typesupport_introspection_cpp.hpp
[1513.489s] -- Symlinking: /repo/ws/install/include/px4_msgs/px4_msgs/msg/detail/input_rc__rosidl_typesupport_introspection_cpp.hpp
[1513.502s] -- Symlinking: /repo/ws/install/include/px4_msgs/px4_msgs/msg/detail/internal_combustion_engine_control__rosidl_typesupport_introspection_cpp.hpp
[1513.515s] -- Symlinking: /repo/ws/install/include/px4_msgs/px4_msgs/msg/detail/internal_combustion_engine_status__rosidl_typesupport_introspection_cpp.hpp
[1513.529s] -- Symlinking: /repo/ws/install/include/px4_msgs/px4_msgs/msg/detail/iridiumsbd_status__rosidl_typesupport_introspection_cpp.hpp
[1513.543s] -- Symlinking: /repo/ws/install/include/px4_msgs/px4_msgs/msg/detail/irlock_report__rosidl_typesupport_introspection_cpp.hpp
[1513.556s] -- Symlinking: /repo/ws/install/include/px4_msgs/px4_msgs/msg/detail/landing_gear__rosidl_typesupport_introspection_cpp.hpp
[1513.569s] -- Symlinking: /repo/ws/install/include/px4_msgs/px4_msgs/msg/detail/landing_gear_wheel__rosidl_typesupport_introspection_cpp.hpp
[1513.582s] -- Symlinking: /repo/ws/install/include/px4_msgs/px4_msgs/msg/detail/landing_target_innovations__rosidl_typesupport_introspection_cpp.hpp
[1513.595s] -- Symlinking: /repo/ws/install/include/px4_msgs/px4_msgs/msg/detail/landing_target_pose__rosidl_typesupport_introspection_cpp.hpp
[1513.609s] -- Symlinking: /repo/ws/install/include/px4_msgs/px4_msgs/msg/detail/lateral_control_configuration__rosidl_typesupport_introspection_cpp.hpp
[1513.622s] -- Symlinking: /repo/ws/install/include/px4_msgs/px4_msgs/msg/detail/launch_detection_status__rosidl_typesupport_introspection_cpp.hpp
[1513.636s] -- Symlinking: /repo/ws/install/include/px4_msgs/px4_msgs/msg/detail/led_control__rosidl_typesupport_introspection_cpp.hpp
[1513.649s] -- Symlinking: /repo/ws/install/include/px4_msgs/px4_msgs/msg/detail/log_message__rosidl_typesupport_introspection_cpp.hpp
[1513.662s] -- Symlinking: /repo/ws/install/include/px4_msgs/px4_msgs/msg/detail/logger_status__rosidl_typesupport_introspection_cpp.hpp
[1513.675s] -- Symlinking: /repo/ws/install/include/px4_msgs/px4_msgs/msg/detail/longitudinal_control_configuration__rosidl_typesupport_introspection_cpp.hpp
[1513.688s] -- Symlinking: /repo/ws/install/include/px4_msgs/px4_msgs/msg/detail/mag_worker_data__rosidl_typesupport_introspection_cpp.hpp
[1513.701s] -- Symlinking: /repo/ws/install/include/px4_msgs/px4_msgs/msg/detail/magnetometer_bias_estimate__rosidl_typesupport_introspection_cpp.hpp
[1513.714s] -- Symlinking: /repo/ws/install/include/px4_msgs/px4_msgs/msg/detail/manual_control_setpoint__rosidl_typesupport_introspection_cpp.hpp
[1513.727s] -- Symlinking: /repo/ws/install/include/px4_msgs/px4_msgs/msg/detail/manual_control_switches__rosidl_typesupport_introspection_cpp.hpp
[1513.741s] -- Symlinking: /repo/ws/install/include/px4_msgs/px4_msgs/msg/detail/mavlink_log__rosidl_typesupport_introspection_cpp.hpp
[1513.754s] -- Symlinking: /repo/ws/install/include/px4_msgs/px4_msgs/msg/detail/mavlink_tunnel__rosidl_typesupport_introspection_cpp.hpp
[1513.767s] -- Symlinking: /repo/ws/install/include/px4_msgs/px4_msgs/msg/detail/message_format_request__rosidl_typesupport_introspection_cpp.hpp
[1513.780s] -- Symlinking: /repo/ws/install/include/px4_msgs/px4_msgs/msg/detail/message_format_response__rosidl_typesupport_introspection_cpp.hpp
[1513.793s] -- Symlinking: /repo/ws/install/include/px4_msgs/px4_msgs/msg/detail/mission__rosidl_typesupport_introspection_cpp.hpp
[1513.807s] -- Symlinking: /repo/ws/install/include/px4_msgs/px4_msgs/msg/detail/mission_result__rosidl_typesupport_introspection_cpp.hpp
[1513.820s] -- Symlinking: /repo/ws/install/include/px4_msgs/px4_msgs/msg/detail/mode_completed__rosidl_typesupport_introspection_cpp.hpp
[1513.832s] -- Symlinking: /repo/ws/install/include/px4_msgs/px4_msgs/msg/detail/mount_orientation__rosidl_typesupport_introspection_cpp.hpp
[1513.846s] -- Symlinking: /repo/ws/install/include/px4_msgs/px4_msgs/msg/detail/navigator_mission_item__rosidl_typesupport_introspection_cpp.hpp
[1513.859s] -- Symlinking: /repo/ws/install/include/px4_msgs/px4_msgs/msg/detail/navigator_status__rosidl_typesupport_introspection_cpp.hpp
[1513.872s] -- Symlinking: /repo/ws/install/include/px4_msgs/px4_msgs/msg/detail/neural_control__rosidl_typesupport_introspection_cpp.hpp
[1513.886s] -- Symlinking: /repo/ws/install/include/px4_msgs/px4_msgs/msg/detail/normalized_unsigned_setpoint__rosidl_typesupport_introspection_cpp.hpp
[1513.899s] -- Symlinking: /repo/ws/install/include/px4_msgs/px4_msgs/msg/detail/obstacle_distance__rosidl_typesupport_introspection_cpp.hpp
[1513.912s] -- Symlinking: /repo/ws/install/include/px4_msgs/px4_msgs/msg/detail/offboard_control_mode__rosidl_typesupport_introspection_cpp.hpp
[1513.926s] -- Symlinking: /repo/ws/install/include/px4_msgs/px4_msgs/msg/detail/onboard_computer_status__rosidl_typesupport_introspection_cpp.hpp
[1513.940s] -- Symlinking: /repo/ws/install/include/px4_msgs/px4_msgs/msg/detail/open_drone_id_arm_status__rosidl_typesupport_introspection_cpp.hpp
[1513.953s] -- Symlinking: /repo/ws/install/include/px4_msgs/px4_msgs/msg/detail/open_drone_id_operator_id__rosidl_typesupport_introspection_cpp.hpp
[1513.966s] -- Symlinking: /repo/ws/install/include/px4_msgs/px4_msgs/msg/detail/open_drone_id_self_id__rosidl_typesupport_introspection_cpp.hpp
[1513.979s] -- Symlinking: /repo/ws/install/include/px4_msgs/px4_msgs/msg/detail/open_drone_id_system__rosidl_typesupport_introspection_cpp.hpp
[1513.992s] -- Symlinking: /repo/ws/install/include/px4_msgs/px4_msgs/msg/detail/orb_test__rosidl_typesupport_introspection_cpp.hpp
[1514.005s] -- Symlinking: /repo/ws/install/include/px4_msgs/px4_msgs/msg/detail/orb_test_large__rosidl_typesupport_introspection_cpp.hpp
[1514.018s] -- Symlinking: /repo/ws/install/include/px4_msgs/px4_msgs/msg/detail/orb_test_medium__rosidl_typesupport_introspection_cpp.hpp
[1514.031s] -- Symlinking: /repo/ws/install/include/px4_msgs/px4_msgs/msg/detail/orbit_status__rosidl_typesupport_introspection_cpp.hpp
[1514.045s] -- Symlinking: /repo/ws/install/include/px4_msgs/px4_msgs/msg/detail/parameter_reset_request__rosidl_typesupport_introspection_cpp.hpp
[1514.058s] -- Symlinking: /repo/ws/install/include/px4_msgs/px4_msgs/msg/detail/parameter_set_used_request__rosidl_typesupport_introspection_cpp.hpp
[1514.072s] -- Symlinking: /repo/ws/install/include/px4_msgs/px4_msgs/msg/detail/parameter_set_value_request__rosidl_typesupport_introspection_cpp.hpp
[1514.085s] -- Symlinking: /repo/ws/install/include/px4_msgs/px4_msgs/msg/detail/parameter_set_value_response__rosidl_typesupport_introspection_cpp.hpp
[1514.098s] -- Symlinking: /repo/ws/install/include/px4_msgs/px4_msgs/msg/detail/parameter_update__rosidl_typesupport_introspection_cpp.hpp
[1514.111s] -- Symlinking: /repo/ws/install/include/px4_msgs/px4_msgs/msg/detail/ping__rosidl_typesupport_introspection_cpp.hpp
[1514.124s] -- Symlinking: /repo/ws/install/include/px4_msgs/px4_msgs/msg/detail/position_controller_landing_status__rosidl_typesupport_introspection_cpp.hpp
[1514.138s] -- Symlinking: /repo/ws/install/include/px4_msgs/px4_msgs/msg/detail/position_controller_status__rosidl_typesupport_introspection_cpp.hpp
[1514.151s] -- Symlinking: /repo/ws/install/include/px4_msgs/px4_msgs/msg/detail/position_setpoint__rosidl_typesupport_introspection_cpp.hpp
[1514.164s] -- Symlinking: /repo/ws/install/include/px4_msgs/px4_msgs/msg/detail/position_setpoint_triplet__rosidl_typesupport_introspection_cpp.hpp
[1514.177s] -- Symlinking: /repo/ws/install/include/px4_msgs/px4_msgs/msg/detail/power_button_state__rosidl_typesupport_introspection_cpp.hpp
[1514.190s] -- Symlinking: /repo/ws/install/include/px4_msgs/px4_msgs/msg/detail/power_monitor__rosidl_typesupport_introspection_cpp.hpp
[1514.204s] -- Symlinking: /repo/ws/install/include/px4_msgs/px4_msgs/msg/detail/pps_capture__rosidl_typesupport_introspection_cpp.hpp
[1514.217s] -- Symlinking: /repo/ws/install/include/px4_msgs/px4_msgs/msg/detail/pure_pursuit_status__rosidl_typesupport_introspection_cpp.hpp
[1514.230s] -- Symlinking: /repo/ws/install/include/px4_msgs/px4_msgs/msg/detail/pwm_input__rosidl_typesupport_introspection_cpp.hpp
[1514.244s] -- Symlinking: /repo/ws/install/include/px4_msgs/px4_msgs/msg/detail/px4io_status__rosidl_typesupport_introspection_cpp.hpp
[1514.257s] -- Symlinking: /repo/ws/install/include/px4_msgs/px4_msgs/msg/detail/qshell_req__rosidl_typesupport_introspection_cpp.hpp
[1514.271s] -- Symlinking: /repo/ws/install/include/px4_msgs/px4_msgs/msg/detail/qshell_retval__rosidl_typesupport_introspection_cpp.hpp
[1514.284s] -- Symlinking: /repo/ws/install/include/px4_msgs/px4_msgs/msg/detail/radio_status__rosidl_typesupport_introspection_cpp.hpp
[1514.298s] -- Symlinking: /repo/ws/install/include/px4_msgs/px4_msgs/msg/detail/raptor_input__rosidl_typesupport_introspection_cpp.hpp
[1514.311s] -- Symlinking: /repo/ws/install/include/px4_msgs/px4_msgs/msg/detail/raptor_status__rosidl_typesupport_introspection_cpp.hpp
[1514.324s] -- Symlinking: /repo/ws/install/include/px4_msgs/px4_msgs/msg/detail/rate_ctrl_status__rosidl_typesupport_introspection_cpp.hpp
[1514.338s] -- Symlinking: /repo/ws/install/include/px4_msgs/px4_msgs/msg/detail/rc_channels__rosidl_typesupport_introspection_cpp.hpp
[1514.351s] -- Symlinking: /repo/ws/install/include/px4_msgs/px4_msgs/msg/detail/rc_parameter_map__rosidl_typesupport_introspection_cpp.hpp
[1514.364s] -- Symlinking: /repo/ws/install/include/px4_msgs/px4_msgs/msg/detail/register_ext_component_reply__rosidl_typesupport_introspection_cpp.hpp
[1514.377s] -- Symlinking: /repo/ws/install/include/px4_msgs/px4_msgs/msg/detail/register_ext_component_request__rosidl_typesupport_introspection_cpp.hpp
[1514.390s] -- Symlinking: /repo/ws/install/include/px4_msgs/px4_msgs/msg/detail/rover_attitude_setpoint__rosidl_typesupport_introspection_cpp.hpp
[1514.404s] -- Symlinking: /repo/ws/install/include/px4_msgs/px4_msgs/msg/detail/rover_attitude_status__rosidl_typesupport_introspection_cpp.hpp
[1514.416s] -- Symlinking: /repo/ws/install/include/px4_msgs/px4_msgs/msg/detail/rover_position_setpoint__rosidl_typesupport_introspection_cpp.hpp
[1514.430s] -- Symlinking: /repo/ws/install/include/px4_msgs/px4_msgs/msg/detail/rover_rate_setpoint__rosidl_typesupport_introspection_cpp.hpp
[1514.444s] -- Symlinking: /repo/ws/install/include/px4_msgs/px4_msgs/msg/detail/rover_rate_status__rosidl_typesupport_introspection_cpp.hpp
[1514.457s] -- Symlinking: /repo/ws/install/include/px4_msgs/px4_msgs/msg/detail/rover_speed_setpoint__rosidl_typesupport_introspection_cpp.hpp
[1514.470s] -- Symlinking: /repo/ws/install/include/px4_msgs/px4_msgs/msg/detail/rover_speed_status__rosidl_typesupport_introspection_cpp.hpp
[1514.483s] -- Symlinking: /repo/ws/install/include/px4_msgs/px4_msgs/msg/detail/rover_steering_setpoint__rosidl_typesupport_introspection_cpp.hpp
[1514.496s] -- Symlinking: /repo/ws/install/include/px4_msgs/px4_msgs/msg/detail/rover_throttle_setpoint__rosidl_typesupport_introspection_cpp.hpp
[1514.509s] -- Symlinking: /repo/ws/install/include/px4_msgs/px4_msgs/msg/detail/rpm__rosidl_typesupport_introspection_cpp.hpp
[1514.522s] -- Symlinking: /repo/ws/install/include/px4_msgs/px4_msgs/msg/detail/rtl_status__rosidl_typesupport_introspection_cpp.hpp
[1514.536s] -- Symlinking: /repo/ws/install/include/px4_msgs/px4_msgs/msg/detail/rtl_time_estimate__rosidl_typesupport_introspection_cpp.hpp
[1514.549s] -- Symlinking: /repo/ws/install/include/px4_msgs/px4_msgs/msg/detail/satellite_info__rosidl_typesupport_introspection_cpp.hpp
[1514.563s] -- Symlinking: /repo/ws/install/include/px4_msgs/px4_msgs/msg/detail/sensor_accel__rosidl_typesupport_introspection_cpp.hpp
[1514.576s] -- Symlinking: /repo/ws/install/include/px4_msgs/px4_msgs/msg/detail/sensor_accel_fifo__rosidl_typesupport_introspection_cpp.hpp
[1514.589s] -- Symlinking: /repo/ws/install/include/px4_msgs/px4_msgs/msg/detail/sensor_airflow__rosidl_typesupport_introspection_cpp.hpp
[1514.603s] -- Symlinking: /repo/ws/install/include/px4_msgs/px4_msgs/msg/detail/sensor_baro__rosidl_typesupport_introspection_cpp.hpp
[1514.616s] -- Symlinking: /repo/ws/install/include/px4_msgs/px4_msgs/msg/detail/sensor_combined__rosidl_typesupport_introspection_cpp.hpp
[1514.629s] -- Symlinking: /repo/ws/install/include/px4_msgs/px4_msgs/msg/detail/sensor_correction__rosidl_typesupport_introspection_cpp.hpp
[1514.643s] -- Symlinking: /repo/ws/install/include/px4_msgs/px4_msgs/msg/detail/sensor_gnss_relative__rosidl_typesupport_introspection_cpp.hpp
[1514.657s] -- Symlinking: /repo/ws/install/include/px4_msgs/px4_msgs/msg/detail/sensor_gnss_status__rosidl_typesupport_introspection_cpp.hpp
[1514.670s] -- Symlinking: /repo/ws/install/include/px4_msgs/px4_msgs/msg/detail/sensor_gps__rosidl_typesupport_introspection_cpp.hpp
[1514.683s] -- Symlinking: /repo/ws/install/include/px4_msgs/px4_msgs/msg/detail/sensor_gyro__rosidl_typesupport_introspection_cpp.hpp
[1514.697s] -- Symlinking: /repo/ws/install/include/px4_msgs/px4_msgs/msg/detail/sensor_gyro_fft__rosidl_typesupport_introspection_cpp.hpp
[1514.711s] -- Symlinking: /repo/ws/install/include/px4_msgs/px4_msgs/msg/detail/sensor_gyro_fifo__rosidl_typesupport_introspection_cpp.hpp
[1514.725s] -- Symlinking: /repo/ws/install/include/px4_msgs/px4_msgs/msg/detail/sensor_hygrometer__rosidl_typesupport_introspection_cpp.hpp
[1514.739s] -- Symlinking: /repo/ws/install/include/px4_msgs/px4_msgs/msg/detail/sensor_mag__rosidl_typesupport_introspection_cpp.hpp
[1514.752s] -- Symlinking: /repo/ws/install/include/px4_msgs/px4_msgs/msg/detail/sensor_optical_flow__rosidl_typesupport_introspection_cpp.hpp
[1514.765s] -- Symlinking: /repo/ws/install/include/px4_msgs/px4_msgs/msg/detail/sensor_preflight_mag__rosidl_typesupport_introspection_cpp.hpp
[1514.778s] -- Symlinking: /repo/ws/install/include/px4_msgs/px4_msgs/msg/detail/sensor_selection__rosidl_typesupport_introspection_cpp.hpp
[1514.791s] -- Symlinking: /repo/ws/install/include/px4_msgs/px4_msgs/msg/detail/sensor_temp__rosidl_typesupport_introspection_cpp.hpp
[1514.804s] -- Symlinking: /repo/ws/install/include/px4_msgs/px4_msgs/msg/detail/sensor_uwb__rosidl_typesupport_introspection_cpp.hpp
[1514.817s] -- Symlinking: /repo/ws/install/include/px4_msgs/px4_msgs/msg/detail/sensors_status__rosidl_typesupport_introspection_cpp.hpp
[1514.830s] -- Symlinking: /repo/ws/install/include/px4_msgs/px4_msgs/msg/detail/sensors_status_imu__rosidl_typesupport_introspection_cpp.hpp
[1514.844s] -- Symlinking: /repo/ws/install/include/px4_msgs/px4_msgs/msg/detail/system_power__rosidl_typesupport_introspection_cpp.hpp
[1514.857s] -- Symlinking: /repo/ws/install/include/px4_msgs/px4_msgs/msg/detail/takeoff_status__rosidl_typesupport_introspection_cpp.hpp
[1514.871s] -- Symlinking: /repo/ws/install/include/px4_msgs/px4_msgs/msg/detail/task_stack_info__rosidl_typesupport_introspection_cpp.hpp
[1514.884s] -- Symlinking: /repo/ws/install/include/px4_msgs/px4_msgs/msg/detail/tecs_status__rosidl_typesupport_introspection_cpp.hpp
[1514.897s] -- Symlinking: /repo/ws/install/include/px4_msgs/px4_msgs/msg/detail/telemetry_status__rosidl_typesupport_introspection_cpp.hpp
[1514.910s] -- Symlinking: /repo/ws/install/include/px4_msgs/px4_msgs/msg/detail/tiltrotor_extra_controls__rosidl_typesupport_introspection_cpp.hpp
[1514.924s] -- Symlinking: /repo/ws/install/include/px4_msgs/px4_msgs/msg/detail/timesync_status__rosidl_typesupport_introspection_cpp.hpp
[1514.937s] -- Symlinking: /repo/ws/install/include/px4_msgs/px4_msgs/msg/detail/trajectory_setpoint6dof__rosidl_typesupport_introspection_cpp.hpp
[1514.951s] -- Symlinking: /repo/ws/install/include/px4_msgs/px4_msgs/msg/detail/trajectory_setpoint__rosidl_typesupport_introspection_cpp.hpp
[1514.964s] -- Symlinking: /repo/ws/install/include/px4_msgs/px4_msgs/msg/detail/transponder_report__rosidl_typesupport_introspection_cpp.hpp
[1514.977s] -- Symlinking: /repo/ws/install/include/px4_msgs/px4_msgs/msg/detail/tune_control__rosidl_typesupport_introspection_cpp.hpp
[1514.990s] -- Symlinking: /repo/ws/install/include/px4_msgs/px4_msgs/msg/detail/uavcan_parameter_request__rosidl_typesupport_introspection_cpp.hpp
[1515.003s] -- Symlinking: /repo/ws/install/include/px4_msgs/px4_msgs/msg/detail/uavcan_parameter_value__rosidl_typesupport_introspection_cpp.hpp
[1515.016s] -- Symlinking: /repo/ws/install/include/px4_msgs/px4_msgs/msg/detail/ulog_stream__rosidl_typesupport_introspection_cpp.hpp
[1515.029s] -- Symlinking: /repo/ws/install/include/px4_msgs/px4_msgs/msg/detail/ulog_stream_ack__rosidl_typesupport_introspection_cpp.hpp
[1515.043s] -- Symlinking: /repo/ws/install/include/px4_msgs/px4_msgs/msg/detail/unregister_ext_component__rosidl_typesupport_introspection_cpp.hpp
[1515.057s] -- Symlinking: /repo/ws/install/include/px4_msgs/px4_msgs/msg/detail/vehicle_acceleration__rosidl_typesupport_introspection_cpp.hpp
[1515.070s] -- Symlinking: /repo/ws/install/include/px4_msgs/px4_msgs/msg/detail/vehicle_air_data__rosidl_typesupport_introspection_cpp.hpp
[1515.083s] -- Symlinking: /repo/ws/install/include/px4_msgs/px4_msgs/msg/detail/vehicle_angular_acceleration_setpoint__rosidl_typesupport_introspection_cpp.hpp
[1515.096s] -- Symlinking: /repo/ws/install/include/px4_msgs/px4_msgs/msg/detail/vehicle_angular_velocity__rosidl_typesupport_introspection_cpp.hpp
[1515.109s] -- Symlinking: /repo/ws/install/include/px4_msgs/px4_msgs/msg/detail/vehicle_attitude__rosidl_typesupport_introspection_cpp.hpp
[1515.122s] -- Symlinking: /repo/ws/install/include/px4_msgs/px4_msgs/msg/detail/vehicle_attitude_setpoint__rosidl_typesupport_introspection_cpp.hpp
[1515.135s] -- Symlinking: /repo/ws/install/include/px4_msgs/px4_msgs/msg/detail/vehicle_command__rosidl_typesupport_introspection_cpp.hpp
[1515.148s] -- Symlinking: /repo/ws/install/include/px4_msgs/px4_msgs/msg/detail/vehicle_command_ack__rosidl_typesupport_introspection_cpp.hpp
[1515.161s] -- Symlinking: /repo/ws/install/include/px4_msgs/px4_msgs/msg/detail/vehicle_constraints__rosidl_typesupport_introspection_cpp.hpp
[1515.175s] -- Symlinking: /repo/ws/install/include/px4_msgs/px4_msgs/msg/detail/vehicle_control_mode__rosidl_typesupport_introspection_cpp.hpp
[1515.188s] -- Symlinking: /repo/ws/install/include/px4_msgs/px4_msgs/msg/detail/vehicle_global_position__rosidl_typesupport_introspection_cpp.hpp
[1515.201s] -- Symlinking: /repo/ws/install/include/px4_msgs/px4_msgs/msg/detail/vehicle_imu__rosidl_typesupport_introspection_cpp.hpp
[1515.215s] -- Symlinking: /repo/ws/install/include/px4_msgs/px4_msgs/msg/detail/vehicle_imu_status__rosidl_typesupport_introspection_cpp.hpp
[1515.229s] -- Symlinking: /repo/ws/install/include/px4_msgs/px4_msgs/msg/detail/vehicle_land_detected__rosidl_typesupport_introspection_cpp.hpp
[1515.243s] -- Symlinking: /repo/ws/install/include/px4_msgs/px4_msgs/msg/detail/vehicle_local_position__rosidl_typesupport_introspection_cpp.hpp
[1515.257s] -- Symlinking: /repo/ws/install/include/px4_msgs/px4_msgs/msg/detail/vehicle_local_position_setpoint__rosidl_typesupport_introspection_cpp.hpp
[1515.270s] -- Symlinking: /repo/ws/install/include/px4_msgs/px4_msgs/msg/detail/vehicle_magnetometer__rosidl_typesupport_introspection_cpp.hpp
[1515.283s] -- Symlinking: /repo/ws/install/include/px4_msgs/px4_msgs/msg/detail/vehicle_odometry__rosidl_typesupport_introspection_cpp.hpp
[1515.296s] -- Symlinking: /repo/ws/install/include/px4_msgs/px4_msgs/msg/detail/vehicle_optical_flow__rosidl_typesupport_introspection_cpp.hpp
[1515.309s] -- Symlinking: /repo/ws/install/include/px4_msgs/px4_msgs/msg/detail/vehicle_optical_flow_vel__rosidl_typesupport_introspection_cpp.hpp
[1515.322s] -- Symlinking: /repo/ws/install/include/px4_msgs/px4_msgs/msg/detail/vehicle_rates_setpoint__rosidl_typesupport_introspection_cpp.hpp
[1515.336s] -- Symlinking: /repo/ws/install/include/px4_msgs/px4_msgs/msg/detail/vehicle_roi__rosidl_typesupport_introspection_cpp.hpp
[1515.350s] -- Symlinking: /repo/ws/install/include/px4_msgs/px4_msgs/msg/detail/vehicle_status__rosidl_typesupport_introspection_cpp.hpp
[1515.363s] -- Symlinking: /repo/ws/install/include/px4_msgs/px4_msgs/msg/detail/vehicle_thrust_setpoint__rosidl_typesupport_introspection_cpp.hpp
[1515.376s] -- Symlinking: /repo/ws/install/include/px4_msgs/px4_msgs/msg/detail/vehicle_torque_setpoint__rosidl_typesupport_introspection_cpp.hpp
[1515.389s] -- Symlinking: /repo/ws/install/include/px4_msgs/px4_msgs/msg/detail/velocity_limits__rosidl_typesupport_introspection_cpp.hpp
[1515.402s] -- Symlinking: /repo/ws/install/include/px4_msgs/px4_msgs/msg/detail/vtol_vehicle_status__rosidl_typesupport_introspection_cpp.hpp
[1515.416s] -- Symlinking: /repo/ws/install/include/px4_msgs/px4_msgs/msg/detail/vtx__rosidl_typesupport_introspection_cpp.hpp
[1515.429s] -- Symlinking: /repo/ws/install/include/px4_msgs/px4_msgs/msg/detail/wheel_encoders__rosidl_typesupport_introspection_cpp.hpp
[1515.443s] -- Symlinking: /repo/ws/install/include/px4_msgs/px4_msgs/msg/detail/wind__rosidl_typesupport_introspection_cpp.hpp
[1515.456s] -- Symlinking: /repo/ws/install/include/px4_msgs/px4_msgs/msg/detail/yaw_estimator_status__rosidl_typesupport_introspection_cpp.hpp
[1515.470s] -- Symlinking: /repo/ws/install/include/px4_msgs/px4_msgs/srv/detail/vehicle_command__rosidl_typesupport_introspection_cpp.hpp
[1515.483s] -- Symlinking: /repo/ws/install/share/px4_msgs/environment/pythonpath.sh
[1515.496s] -- Symlinking: /repo/ws/install/share/px4_msgs/environment/pythonpath.dsv
[1515.510s] -- Symlinking: /repo/ws/install/lib/python3.12/site-packages/px4_msgs-2.0.1-py3.12.egg-info/PKG-INFO
[1515.523s] -- Symlinking: /repo/ws/install/lib/python3.12/site-packages/px4_msgs-2.0.1-py3.12.egg-info/SOURCES.txt
[1515.536s] -- Symlinking: /repo/ws/install/lib/python3.12/site-packages/px4_msgs-2.0.1-py3.12.egg-info/dependency_links.txt
[1515.549s] -- Symlinking: /repo/ws/install/lib/python3.12/site-packages/px4_msgs-2.0.1-py3.12.egg-info/top_level.txt
[1515.577s] -- Symlinking: /repo/ws/install/lib/python3.12/site-packages/px4_msgs/__init__.py
[1515.590s] -- Symlinking: /repo/ws/install/lib/python3.12/site-packages/px4_msgs/_px4_msgs_s.ep.rosidl_typesupport_c.c
[1515.603s] -- Symlinking: /repo/ws/install/lib/python3.12/site-packages/px4_msgs/_px4_msgs_s.ep.rosidl_typesupport_fastrtps_c.c
[1515.615s] -- Symlinking: /repo/ws/install/lib/python3.12/site-packages/px4_msgs/_px4_msgs_s.ep.rosidl_typesupport_introspection_c.c
[1515.627s] -- Symlinking: /repo/ws/install/lib/python3.12/site-packages/px4_msgs/msg/__init__.py
[1515.641s] -- Symlinking: /repo/ws/install/lib/python3.12/site-packages/px4_msgs/msg/_action_request.py
[1515.655s] -- Symlinking: /repo/ws/install/lib/python3.12/site-packages/px4_msgs/msg/_action_request_s.c
[1515.668s] -- Symlinking: /repo/ws/install/lib/python3.12/site-packages/px4_msgs/msg/_actuator_armed.py
[1515.681s] -- Symlinking: /repo/ws/install/lib/python3.12/site-packages/px4_msgs/msg/_actuator_armed_s.c
[1515.694s] -- Symlinking: /repo/ws/install/lib/python3.12/site-packages/px4_msgs/msg/_actuator_controls_status.py
[1515.707s] -- Symlinking: /repo/ws/install/lib/python3.12/site-packages/px4_msgs/msg/_actuator_controls_status_s.c
[1515.720s] -- Symlinking: /repo/ws/install/lib/python3.12/site-packages/px4_msgs/msg/_actuator_motors.py
[1515.733s] -- Symlinking: /repo/ws/install/lib/python3.12/site-packages/px4_msgs/msg/_actuator_motors_s.c
[1515.747s] -- Symlinking: /repo/ws/install/lib/python3.12/site-packages/px4_msgs/msg/_actuator_outputs.py
[1515.760s] -- Symlinking: /repo/ws/install/lib/python3.12/site-packages/px4_msgs/msg/_actuator_outputs_s.c
[1515.774s] -- Symlinking: /repo/ws/install/lib/python3.12/site-packages/px4_msgs/msg/_actuator_servos.py
[1515.786s] -- Symlinking: /repo/ws/install/lib/python3.12/site-packages/px4_msgs/msg/_actuator_servos_s.c
[1515.799s] -- Symlinking: /repo/ws/install/lib/python3.12/site-packages/px4_msgs/msg/_actuator_servos_trim.py
[1515.812s] -- Symlinking: /repo/ws/install/lib/python3.12/site-packages/px4_msgs/msg/_actuator_servos_trim_s.c
[1515.825s] -- Symlinking: /repo/ws/install/lib/python3.12/site-packages/px4_msgs/msg/_actuator_test.py
[1515.839s] -- Symlinking: /repo/ws/install/lib/python3.12/site-packages/px4_msgs/msg/_actuator_test_s.c
[1515.853s] -- Symlinking: /repo/ws/install/lib/python3.12/site-packages/px4_msgs/msg/_adc_report.py
[1515.866s] -- Symlinking: /repo/ws/install/lib/python3.12/site-packages/px4_msgs/msg/_adc_report_s.c
[1515.879s] -- Symlinking: /repo/ws/install/lib/python3.12/site-packages/px4_msgs/msg/_airspeed.py
[1515.891s] -- Symlinking: /repo/ws/install/lib/python3.12/site-packages/px4_msgs/msg/_airspeed_s.c
[1515.904s] -- Symlinking: /repo/ws/install/lib/python3.12/site-packages/px4_msgs/msg/_airspeed_validated.py
[1515.918s] -- Symlinking: /repo/ws/install/lib/python3.12/site-packages/px4_msgs/msg/_airspeed_validated_s.c
[1515.931s] -- Symlinking: /repo/ws/install/lib/python3.12/site-packages/px4_msgs/msg/_airspeed_wind.py
[1515.945s] -- Symlinking: /repo/ws/install/lib/python3.12/site-packages/px4_msgs/msg/_airspeed_wind_s.c
[1515.958s] -- Symlinking: /repo/ws/install/lib/python3.12/site-packages/px4_msgs/msg/_arming_check_reply.py
[1515.971s] -- Symlinking: /repo/ws/install/lib/python3.12/site-packages/px4_msgs/msg/_arming_check_reply_s.c
[1515.984s] -- Symlinking: /repo/ws/install/lib/python3.12/site-packages/px4_msgs/msg/_arming_check_request.py
[1515.997s] -- Symlinking: /repo/ws/install/lib/python3.12/site-packages/px4_msgs/msg/_arming_check_request_s.c
[1516.010s] -- Symlinking: /repo/ws/install/lib/python3.12/site-packages/px4_msgs/msg/_autotune_attitude_control_status.py
[1516.023s] -- Symlinking: /repo/ws/install/lib/python3.12/site-packages/px4_msgs/msg/_autotune_attitude_control_status_s.c
[1516.036s] -- Symlinking: /repo/ws/install/lib/python3.12/site-packages/px4_msgs/msg/_battery_info.py
[1516.050s] -- Symlinking: /repo/ws/install/lib/python3.12/site-packages/px4_msgs/msg/_battery_info_s.c
[1516.063s] -- Symlinking: /repo/ws/install/lib/python3.12/site-packages/px4_msgs/msg/_battery_status.py
[1516.076s] -- Symlinking: /repo/ws/install/lib/python3.12/site-packages/px4_msgs/msg/_battery_status_s.c
[1516.089s] -- Symlinking: /repo/ws/install/lib/python3.12/site-packages/px4_msgs/msg/_button_event.py
[1516.103s] -- Symlinking: /repo/ws/install/lib/python3.12/site-packages/px4_msgs/msg/_button_event_s.c
[1516.116s] -- Symlinking: /repo/ws/install/lib/python3.12/site-packages/px4_msgs/msg/_camera_capture.py
[1516.128s] -- Symlinking: /repo/ws/install/lib/python3.12/site-packages/px4_msgs/msg/_camera_capture_s.c
[1516.143s] -- Symlinking: /repo/ws/install/lib/python3.12/site-packages/px4_msgs/msg/_camera_status.py
[1516.156s] -- Symlinking: /repo/ws/install/lib/python3.12/site-packages/px4_msgs/msg/_camera_status_s.c
[1516.169s] -- Symlinking: /repo/ws/install/lib/python3.12/site-packages/px4_msgs/msg/_camera_trigger.py
[1516.182s] -- Symlinking: /repo/ws/install/lib/python3.12/site-packages/px4_msgs/msg/_camera_trigger_s.c
[1516.195s] -- Symlinking: /repo/ws/install/lib/python3.12/site-packages/px4_msgs/msg/_can_interface_status.py
[1516.209s] -- Symlinking: /repo/ws/install/lib/python3.12/site-packages/px4_msgs/msg/_can_interface_status_s.c
[1516.222s] -- Symlinking: /repo/ws/install/lib/python3.12/site-packages/px4_msgs/msg/_cellular_status.py
[1516.235s] -- Symlinking: /repo/ws/install/lib/python3.12/site-packages/px4_msgs/msg/_cellular_status_s.c
[1516.249s] -- Symlinking: /repo/ws/install/lib/python3.12/site-packages/px4_msgs/msg/_collision_constraints.py
[1516.263s] -- Symlinking: /repo/ws/install/lib/python3.12/site-packages/px4_msgs/msg/_collision_constraints_s.c
[1516.276s] -- Symlinking: /repo/ws/install/lib/python3.12/site-packages/px4_msgs/msg/_config_overrides.py
[1516.292s] -- Symlinking: /repo/ws/install/lib/python3.12/site-packages/px4_msgs/msg/_config_overrides_s.c
[1516.306s] -- Symlinking: /repo/ws/install/lib/python3.12/site-packages/px4_msgs/msg/_control_allocator_status.py
[1516.319s] -- Symlinking: /repo/ws/install/lib/python3.12/site-packages/px4_msgs/msg/_control_allocator_status_s.c
[1516.333s] -- Symlinking: /repo/ws/install/lib/python3.12/site-packages/px4_msgs/msg/_cpuload.py
[1516.346s] -- Symlinking: /repo/ws/install/lib/python3.12/site-packages/px4_msgs/msg/_cpuload_s.c
[1516.360s] -- Symlinking: /repo/ws/install/lib/python3.12/site-packages/px4_msgs/msg/_dataman_request.py
[1516.372s] -- Symlinking: /repo/ws/install/lib/python3.12/site-packages/px4_msgs/msg/_dataman_request_s.c
[1516.385s] -- Symlinking: /repo/ws/install/lib/python3.12/site-packages/px4_msgs/msg/_dataman_response.py
[1516.398s] -- Symlinking: /repo/ws/install/lib/python3.12/site-packages/px4_msgs/msg/_dataman_response_s.c
[1516.411s] -- Symlinking: /repo/ws/install/lib/python3.12/site-packages/px4_msgs/msg/_debug_array.py
[1516.424s] -- Symlinking: /repo/ws/install/lib/python3.12/site-packages/px4_msgs/msg/_debug_array_s.c
[1516.437s] -- Symlinking: /repo/ws/install/lib/python3.12/site-packages/px4_msgs/msg/_debug_key_value.py
[1516.450s] -- Symlinking: /repo/ws/install/lib/python3.12/site-packages/px4_msgs/msg/_debug_key_value_s.c
[1516.464s] -- Symlinking: /repo/ws/install/lib/python3.12/site-packages/px4_msgs/msg/_debug_value.py
[1516.477s] -- Symlinking: /repo/ws/install/lib/python3.12/site-packages/px4_msgs/msg/_debug_value_s.c
[1516.490s] -- Symlinking: /repo/ws/install/lib/python3.12/site-packages/px4_msgs/msg/_debug_vect.py
[1516.503s] -- Symlinking: /repo/ws/install/lib/python3.12/site-packages/px4_msgs/msg/_debug_vect_s.c
[1516.516s] -- Symlinking: /repo/ws/install/lib/python3.12/site-packages/px4_msgs/msg/_device_information.py
[1516.530s] -- Symlinking: /repo/ws/install/lib/python3.12/site-packages/px4_msgs/msg/_device_information_s.c
[1516.543s] -- Symlinking: /repo/ws/install/lib/python3.12/site-packages/px4_msgs/msg/_differential_pressure.py
[1516.556s] -- Symlinking: /repo/ws/install/lib/python3.12/site-packages/px4_msgs/msg/_differential_pressure_s.c
[1516.570s] -- Symlinking: /repo/ws/install/lib/python3.12/site-packages/px4_msgs/msg/_distance_sensor.py
[1516.583s] -- Symlinking: /repo/ws/install/lib/python3.12/site-packages/px4_msgs/msg/_distance_sensor_mode_change_request.py
[1516.595s] -- Symlinking: /repo/ws/install/lib/python3.12/site-packages/px4_msgs/msg/_distance_sensor_mode_change_request_s.c
[1516.609s] -- Symlinking: /repo/ws/install/lib/python3.12/site-packages/px4_msgs/msg/_distance_sensor_s.c
[1516.622s] -- Symlinking: /repo/ws/install/lib/python3.12/site-packages/px4_msgs/msg/_dronecan_node_status.py
[1516.635s] -- Symlinking: /repo/ws/install/lib/python3.12/site-packages/px4_msgs/msg/_dronecan_node_status_s.c
[1516.648s] -- Symlinking: /repo/ws/install/lib/python3.12/site-packages/px4_msgs/msg/_ekf2_timestamps.py
[1516.661s] -- Symlinking: /repo/ws/install/lib/python3.12/site-packages/px4_msgs/msg/_ekf2_timestamps_s.c
[1516.675s] -- Symlinking: /repo/ws/install/lib/python3.12/site-packages/px4_msgs/msg/_esc_report.py
[1516.688s] -- Symlinking: /repo/ws/install/lib/python3.12/site-packages/px4_msgs/msg/_esc_report_s.c
[1516.700s] -- Symlinking: /repo/ws/install/lib/python3.12/site-packages/px4_msgs/msg/_esc_status.py
[1516.714s] -- Symlinking: /repo/ws/install/lib/python3.12/site-packages/px4_msgs/msg/_esc_status_s.c
[1516.727s] -- Symlinking: /repo/ws/install/lib/python3.12/site-packages/px4_msgs/msg/_estimator_aid_source1d.py
[1516.741s] -- Symlinking: /repo/ws/install/lib/python3.12/site-packages/px4_msgs/msg/_estimator_aid_source1d_s.c
[1516.753s] -- Symlinking: /repo/ws/install/lib/python3.12/site-packages/px4_msgs/msg/_estimator_aid_source2d.py
[1516.768s] -- Symlinking: /repo/ws/install/lib/python3.12/site-packages/px4_msgs/msg/_estimator_aid_source2d_s.c
[1516.781s] -- Symlinking: /repo/ws/install/lib/python3.12/site-packages/px4_msgs/msg/_estimator_aid_source3d.py
[1516.795s] -- Symlinking: /repo/ws/install/lib/python3.12/site-packages/px4_msgs/msg/_estimator_aid_source3d_s.c
[1516.808s] -- Symlinking: /repo/ws/install/lib/python3.12/site-packages/px4_msgs/msg/_estimator_bias.py
[1516.822s] -- Symlinking: /repo/ws/install/lib/python3.12/site-packages/px4_msgs/msg/_estimator_bias3d.py
[1516.835s] -- Symlinking: /repo/ws/install/lib/python3.12/site-packages/px4_msgs/msg/_estimator_bias3d_s.c
[1516.848s] -- Symlinking: /repo/ws/install/lib/python3.12/site-packages/px4_msgs/msg/_estimator_bias_s.c
[1516.861s] -- Symlinking: /repo/ws/install/lib/python3.12/site-packages/px4_msgs/msg/_estimator_event_flags.py
[1516.874s] -- Symlinking: /repo/ws/install/lib/python3.12/site-packages/px4_msgs/msg/_estimator_event_flags_s.c
[1516.888s] -- Symlinking: /repo/ws/install/lib/python3.12/site-packages/px4_msgs/msg/_estimator_gps_status.py
[1516.901s] -- Symlinking: /repo/ws/install/lib/python3.12/site-packages/px4_msgs/msg/_estimator_gps_status_s.c
[1516.914s] -- Symlinking: /repo/ws/install/lib/python3.12/site-packages/px4_msgs/msg/_estimator_innovations.py
[1516.927s] -- Symlinking: /repo/ws/install/lib/python3.12/site-packages/px4_msgs/msg/_estimator_innovations_s.c
[1516.941s] -- Symlinking: /repo/ws/install/lib/python3.12/site-packages/px4_msgs/msg/_estimator_selector_status.py
[1516.954s] -- Symlinking: /repo/ws/install/lib/python3.12/site-packages/px4_msgs/msg/_estimator_selector_status_s.c
[1516.967s] -- Symlinking: /repo/ws/install/lib/python3.12/site-packages/px4_msgs/msg/_estimator_sensor_bias.py
[1516.980s] -- Symlinking: /repo/ws/install/lib/python3.12/site-packages/px4_msgs/msg/_estimator_sensor_bias_s.c
[1516.994s] -- Symlinking: /repo/ws/install/lib/python3.12/site-packages/px4_msgs/msg/_estimator_states.py
[1517.006s] -- Symlinking: /repo/ws/install/lib/python3.12/site-packages/px4_msgs/msg/_estimator_states_s.c
[1517.019s] -- Symlinking: /repo/ws/install/lib/python3.12/site-packages/px4_msgs/msg/_estimator_status.py
[1517.032s] -- Symlinking: /repo/ws/install/lib/python3.12/site-packages/px4_msgs/msg/_estimator_status_flags.py
[1517.046s] -- Symlinking: /repo/ws/install/lib/python3.12/site-packages/px4_msgs/msg/_estimator_status_flags_s.c
[1517.060s] -- Symlinking: /repo/ws/install/lib/python3.12/site-packages/px4_msgs/msg/_estimator_status_s.c
[1517.073s] -- Symlinking: /repo/ws/install/lib/python3.12/site-packages/px4_msgs/msg/_event.py
[1517.086s] -- Symlinking: /repo/ws/install/lib/python3.12/site-packages/px4_msgs/msg/_event_s.c
[1517.098s] -- Symlinking: /repo/ws/install/lib/python3.12/site-packages/px4_msgs/msg/_failsafe_flags.py
[1517.111s] -- Symlinking: /repo/ws/install/lib/python3.12/site-packages/px4_msgs/msg/_failsafe_flags_s.c
[1517.125s] -- Symlinking: /repo/ws/install/lib/python3.12/site-packages/px4_msgs/msg/_failure_detector_status.py
[1517.138s] -- Symlinking: /repo/ws/install/lib/python3.12/site-packages/px4_msgs/msg/_failure_detector_status_s.c
[1517.152s] -- Symlinking: /repo/ws/install/lib/python3.12/site-packages/px4_msgs/msg/_figure_eight_status.py
[1517.165s] -- Symlinking: /repo/ws/install/lib/python3.12/site-packages/px4_msgs/msg/_figure_eight_status_s.c
[1517.178s] -- Symlinking: /repo/ws/install/lib/python3.12/site-packages/px4_msgs/msg/_fixed_wing_lateral_guidance_status.py
[1517.191s] -- Symlinking: /repo/ws/install/lib/python3.12/site-packages/px4_msgs/msg/_fixed_wing_lateral_guidance_status_s.c
[1517.205s] -- Symlinking: /repo/ws/install/lib/python3.12/site-packages/px4_msgs/msg/_fixed_wing_lateral_setpoint.py
[1517.218s] -- Symlinking: /repo/ws/install/lib/python3.12/site-packages/px4_msgs/msg/_fixed_wing_lateral_setpoint_s.c
[1517.231s] -- Symlinking: /repo/ws/install/lib/python3.12/site-packages/px4_msgs/msg/_fixed_wing_lateral_status.py
[1517.245s] -- Symlinking: /repo/ws/install/lib/python3.12/site-packages/px4_msgs/msg/_fixed_wing_lateral_status_s.c
[1517.258s] -- Symlinking: /repo/ws/install/lib/python3.12/site-packages/px4_msgs/msg/_fixed_wing_longitudinal_setpoint.py
[1517.271s] -- Symlinking: /repo/ws/install/lib/python3.12/site-packages/px4_msgs/msg/_fixed_wing_longitudinal_setpoint_s.c
[1517.284s] -- Symlinking: /repo/ws/install/lib/python3.12/site-packages/px4_msgs/msg/_fixed_wing_runway_control.py
[1517.297s] -- Symlinking: /repo/ws/install/lib/python3.12/site-packages/px4_msgs/msg/_fixed_wing_runway_control_s.c
[1517.310s] -- Symlinking: /repo/ws/install/lib/python3.12/site-packages/px4_msgs/msg/_flight_phase_estimation.py
[1517.323s] -- Symlinking: /repo/ws/install/lib/python3.12/site-packages/px4_msgs/msg/_flight_phase_estimation_s.c
[1517.336s] -- Symlinking: /repo/ws/install/lib/python3.12/site-packages/px4_msgs/msg/_follow_target.py
[1517.350s] -- Symlinking: /repo/ws/install/lib/python3.12/site-packages/px4_msgs/msg/_follow_target_estimator.py
[1517.363s] -- Symlinking: /repo/ws/install/lib/python3.12/site-packages/px4_msgs/msg/_follow_target_estimator_s.c
[1517.376s] -- Symlinking: /repo/ws/install/lib/python3.12/site-packages/px4_msgs/msg/_follow_target_s.c
[1517.389s] -- Symlinking: /repo/ws/install/lib/python3.12/site-packages/px4_msgs/msg/_follow_target_status.py
[1517.403s] -- Symlinking: /repo/ws/install/lib/python3.12/site-packages/px4_msgs/msg/_follow_target_status_s.c
[1517.416s] -- Symlinking: /repo/ws/install/lib/python3.12/site-packages/px4_msgs/msg/_fuel_tank_status.py
[1517.429s] -- Symlinking: /repo/ws/install/lib/python3.12/site-packages/px4_msgs/msg/_fuel_tank_status_s.c
[1517.442s] -- Symlinking: /repo/ws/install/lib/python3.12/site-packages/px4_msgs/msg/_gain_compression.py
[1517.456s] -- Symlinking: /repo/ws/install/lib/python3.12/site-packages/px4_msgs/msg/_gain_compression_s.c
[1517.469s] -- Symlinking: /repo/ws/install/lib/python3.12/site-packages/px4_msgs/msg/_generator_status.py
[1517.482s] -- Symlinking: /repo/ws/install/lib/python3.12/site-packages/px4_msgs/msg/_generator_status_s.c
[1517.495s] -- Symlinking: /repo/ws/install/lib/python3.12/site-packages/px4_msgs/msg/_geofence_result.py
[1517.508s] -- Symlinking: /repo/ws/install/lib/python3.12/site-packages/px4_msgs/msg/_geofence_result_s.c
[1517.522s] -- Symlinking: /repo/ws/install/lib/python3.12/site-packages/px4_msgs/msg/_geofence_status.py
[1517.535s] -- Symlinking: /repo/ws/install/lib/python3.12/site-packages/px4_msgs/msg/_geofence_status_s.c
[1517.550s] -- Symlinking: /repo/ws/install/lib/python3.12/site-packages/px4_msgs/msg/_gimbal_controls.py
[1517.562s] -- Symlinking: /repo/ws/install/lib/python3.12/site-packages/px4_msgs/msg/_gimbal_controls_s.c
[1517.575s] -- Symlinking: /repo/ws/install/lib/python3.12/site-packages/px4_msgs/msg/_gimbal_device_attitude_status.py
[1517.588s] -- Symlinking: /repo/ws/install/lib/python3.12/site-packages/px4_msgs/msg/_gimbal_device_attitude_status_s.c
[1517.601s] -- Symlinking: /repo/ws/install/lib/python3.12/site-packages/px4_msgs/msg/_gimbal_device_information.py
[1517.614s] -- Symlinking: /repo/ws/install/lib/python3.12/site-packages/px4_msgs/msg/_gimbal_device_information_s.c
[1517.627s] -- Symlinking: /repo/ws/install/lib/python3.12/site-packages/px4_msgs/msg/_gimbal_device_set_attitude.py
[1517.640s] -- Symlinking: /repo/ws/install/lib/python3.12/site-packages/px4_msgs/msg/_gimbal_device_set_attitude_s.c
[1517.654s] -- Symlinking: /repo/ws/install/lib/python3.12/site-packages/px4_msgs/msg/_gimbal_manager_information.py
[1517.667s] -- Symlinking: /repo/ws/install/lib/python3.12/site-packages/px4_msgs/msg/_gimbal_manager_information_s.c
[1517.680s] -- Symlinking: /repo/ws/install/lib/python3.12/site-packages/px4_msgs/msg/_gimbal_manager_set_attitude.py
[1517.693s] -- Symlinking: /repo/ws/install/lib/python3.12/site-packages/px4_msgs/msg/_gimbal_manager_set_attitude_s.c
[1517.706s] -- Symlinking: /repo/ws/install/lib/python3.12/site-packages/px4_msgs/msg/_gimbal_manager_set_manual_control.py
[1517.719s] -- Symlinking: /repo/ws/install/lib/python3.12/site-packages/px4_msgs/msg/_gimbal_manager_set_manual_control_s.c
[1517.732s] -- Symlinking: /repo/ws/install/lib/python3.12/site-packages/px4_msgs/msg/_gimbal_manager_status.py
[1517.746s] -- Symlinking: /repo/ws/install/lib/python3.12/site-packages/px4_msgs/msg/_gimbal_manager_status_s.c
[1517.759s] -- Symlinking: /repo/ws/install/lib/python3.12/site-packages/px4_msgs/msg/_goto_setpoint.py
[1517.772s] -- Symlinking: /repo/ws/install/lib/python3.12/site-packages/px4_msgs/msg/_goto_setpoint_s.c
[1517.785s] -- Symlinking: /repo/ws/install/lib/python3.12/site-packages/px4_msgs/msg/_gpio_config.py
[1517.798s] -- Symlinking: /repo/ws/install/lib/python3.12/site-packages/px4_msgs/msg/_gpio_config_s.c
[1517.811s] -- Symlinking: /repo/ws/install/lib/python3.12/site-packages/px4_msgs/msg/_gpio_in.py
[1517.825s] -- Symlinking: /repo/ws/install/lib/python3.12/site-packages/px4_msgs/msg/_gpio_in_s.c
[1517.837s] -- Symlinking: /repo/ws/install/lib/python3.12/site-packages/px4_msgs/msg/_gpio_out.py
[1517.851s] -- Symlinking: /repo/ws/install/lib/python3.12/site-packages/px4_msgs/msg/_gpio_out_s.c
[1517.864s] -- Symlinking: /repo/ws/install/lib/python3.12/site-packages/px4_msgs/msg/_gpio_request.py
[1517.878s] -- Symlinking: /repo/ws/install/lib/python3.12/site-packages/px4_msgs/msg/_gpio_request_s.c
[1517.891s] -- Symlinking: /repo/ws/install/lib/python3.12/site-packages/px4_msgs/msg/_gps_dump.py
[1517.904s] -- Symlinking: /repo/ws/install/lib/python3.12/site-packages/px4_msgs/msg/_gps_dump_s.c
[1517.917s] -- Symlinking: /repo/ws/install/lib/python3.12/site-packages/px4_msgs/msg/_gps_inject_data.py
[1517.930s] -- Symlinking: /repo/ws/install/lib/python3.12/site-packages/px4_msgs/msg/_gps_inject_data_s.c
[1517.944s] -- Symlinking: /repo/ws/install/lib/python3.12/site-packages/px4_msgs/msg/_gripper.py
[1517.957s] -- Symlinking: /repo/ws/install/lib/python3.12/site-packages/px4_msgs/msg/_gripper_s.c
[1517.970s] -- Symlinking: /repo/ws/install/lib/python3.12/site-packages/px4_msgs/msg/_health_report.py
[1517.984s] -- Symlinking: /repo/ws/install/lib/python3.12/site-packages/px4_msgs/msg/_health_report_s.c
[1517.997s] -- Symlinking: /repo/ws/install/lib/python3.12/site-packages/px4_msgs/msg/_heater_status.py
[1518.010s] -- Symlinking: /repo/ws/install/lib/python3.12/site-packages/px4_msgs/msg/_heater_status_s.c
[1518.023s] -- Symlinking: /repo/ws/install/lib/python3.12/site-packages/px4_msgs/msg/_home_position.py
[1518.036s] -- Symlinking: /repo/ws/install/lib/python3.12/site-packages/px4_msgs/msg/_home_position_s.c
[1518.050s] -- Symlinking: /repo/ws/install/lib/python3.12/site-packages/px4_msgs/msg/_hover_thrust_estimate.py
[1518.063s] -- Symlinking: /repo/ws/install/lib/python3.12/site-packages/px4_msgs/msg/_hover_thrust_estimate_s.c
[1518.076s] -- Symlinking: /repo/ws/install/lib/python3.12/site-packages/px4_msgs/msg/_input_rc.py
[1518.089s] -- Symlinking: /repo/ws/install/lib/python3.12/site-packages/px4_msgs/msg/_input_rc_s.c
[1518.102s] -- Symlinking: /repo/ws/install/lib/python3.12/site-packages/px4_msgs/msg/_internal_combustion_engine_control.py
[1518.115s] -- Symlinking: /repo/ws/install/lib/python3.12/site-packages/px4_msgs/msg/_internal_combustion_engine_control_s.c
[1518.128s] -- Symlinking: /repo/ws/install/lib/python3.12/site-packages/px4_msgs/msg/_internal_combustion_engine_status.py
[1518.142s] -- Symlinking: /repo/ws/install/lib/python3.12/site-packages/px4_msgs/msg/_internal_combustion_engine_status_s.c
[1518.155s] -- Symlinking: /repo/ws/install/lib/python3.12/site-packages/px4_msgs/msg/_iridiumsbd_status.py
[1518.169s] -- Symlinking: /repo/ws/install/lib/python3.12/site-packages/px4_msgs/msg/_iridiumsbd_status_s.c
[1518.182s] -- Symlinking: /repo/ws/install/lib/python3.12/site-packages/px4_msgs/msg/_irlock_report.py
[1518.195s] -- Symlinking: /repo/ws/install/lib/python3.12/site-packages/px4_msgs/msg/_irlock_report_s.c
[1518.208s] -- Symlinking: /repo/ws/install/lib/python3.12/site-packages/px4_msgs/msg/_landing_gear.py
[1518.221s] -- Symlinking: /repo/ws/install/lib/python3.12/site-packages/px4_msgs/msg/_landing_gear_s.c
[1518.234s] -- Symlinking: /repo/ws/install/lib/python3.12/site-packages/px4_msgs/msg/_landing_gear_wheel.py
[1518.248s] -- Symlinking: /repo/ws/install/lib/python3.12/site-packages/px4_msgs/msg/_landing_gear_wheel_s.c
[1518.261s] -- Symlinking: /repo/ws/install/lib/python3.12/site-packages/px4_msgs/msg/_landing_target_innovations.py
[1518.275s] -- Symlinking: /repo/ws/install/lib/python3.12/site-packages/px4_msgs/msg/_landing_target_innovations_s.c
[1518.288s] -- Symlinking: /repo/ws/install/lib/python3.12/site-packages/px4_msgs/msg/_landing_target_pose.py
[1518.301s] -- Symlinking: /repo/ws/install/lib/python3.12/site-packages/px4_msgs/msg/_landing_target_pose_s.c
[1518.314s] -- Symlinking: /repo/ws/install/lib/python3.12/site-packages/px4_msgs/msg/_lateral_control_configuration.py
[1518.327s] -- Symlinking: /repo/ws/install/lib/python3.12/site-packages/px4_msgs/msg/_lateral_control_configuration_s.c
[1518.341s] -- Symlinking: /repo/ws/install/lib/python3.12/site-packages/px4_msgs/msg/_launch_detection_status.py
[1518.355s] -- Symlinking: /repo/ws/install/lib/python3.12/site-packages/px4_msgs/msg/_launch_detection_status_s.c
[1518.368s] -- Symlinking: /repo/ws/install/lib/python3.12/site-packages/px4_msgs/msg/_led_control.py
[1518.381s] -- Symlinking: /repo/ws/install/lib/python3.12/site-packages/px4_msgs/msg/_led_control_s.c
[1518.395s] -- Symlinking: /repo/ws/install/lib/python3.12/site-packages/px4_msgs/msg/_log_message.py
[1518.407s] -- Symlinking: /repo/ws/install/lib/python3.12/site-packages/px4_msgs/msg/_log_message_s.c
[1518.420s] -- Symlinking: /repo/ws/install/lib/python3.12/site-packages/px4_msgs/msg/_logger_status.py
[1518.433s] -- Symlinking: /repo/ws/install/lib/python3.12/site-packages/px4_msgs/msg/_logger_status_s.c
[1518.447s] -- Symlinking: /repo/ws/install/lib/python3.12/site-packages/px4_msgs/msg/_longitudinal_control_configuration.py
[1518.460s] -- Symlinking: /repo/ws/install/lib/python3.12/site-packages/px4_msgs/msg/_longitudinal_control_configuration_s.c
[1518.474s] -- Symlinking: /repo/ws/install/lib/python3.12/site-packages/px4_msgs/msg/_mag_worker_data.py
[1518.487s] -- Symlinking: /repo/ws/install/lib/python3.12/site-packages/px4_msgs/msg/_mag_worker_data_s.c
[1518.500s] -- Symlinking: /repo/ws/install/lib/python3.12/site-packages/px4_msgs/msg/_magnetometer_bias_estimate.py
[1518.513s] -- Symlinking: /repo/ws/install/lib/python3.12/site-packages/px4_msgs/msg/_magnetometer_bias_estimate_s.c
[1518.526s] -- Symlinking: /repo/ws/install/lib/python3.12/site-packages/px4_msgs/msg/_manual_control_setpoint.py
[1518.540s] -- Symlinking: /repo/ws/install/lib/python3.12/site-packages/px4_msgs/msg/_manual_control_setpoint_s.c
[1518.553s] -- Symlinking: /repo/ws/install/lib/python3.12/site-packages/px4_msgs/msg/_manual_control_switches.py
[1518.566s] -- Symlinking: /repo/ws/install/lib/python3.12/site-packages/px4_msgs/msg/_manual_control_switches_s.c
[1518.579s] -- Symlinking: /repo/ws/install/lib/python3.12/site-packages/px4_msgs/msg/_mavlink_log.py
[1518.592s] -- Symlinking: /repo/ws/install/lib/python3.12/site-packages/px4_msgs/msg/_mavlink_log_s.c
[1518.605s] -- Symlinking: /repo/ws/install/lib/python3.12/site-packages/px4_msgs/msg/_mavlink_tunnel.py
[1518.619s] -- Symlinking: /repo/ws/install/lib/python3.12/site-packages/px4_msgs/msg/_mavlink_tunnel_s.c
[1518.632s] -- Symlinking: /repo/ws/install/lib/python3.12/site-packages/px4_msgs/msg/_message_format_request.py
[1518.646s] -- Symlinking: /repo/ws/install/lib/python3.12/site-packages/px4_msgs/msg/_message_format_request_s.c
[1518.659s] -- Symlinking: /repo/ws/install/lib/python3.12/site-packages/px4_msgs/msg/_message_format_response.py
[1518.672s] -- Symlinking: /repo/ws/install/lib/python3.12/site-packages/px4_msgs/msg/_message_format_response_s.c
[1518.686s] -- Symlinking: /repo/ws/install/lib/python3.12/site-packages/px4_msgs/msg/_mission.py
[1518.698s] -- Symlinking: /repo/ws/install/lib/python3.12/site-packages/px4_msgs/msg/_mission_result.py
[1518.712s] -- Symlinking: /repo/ws/install/lib/python3.12/site-packages/px4_msgs/msg/_mission_result_s.c
[1518.725s] -- Symlinking: /repo/ws/install/lib/python3.12/site-packages/px4_msgs/msg/_mission_s.c
[1518.738s] -- Symlinking: /repo/ws/install/lib/python3.12/site-packages/px4_msgs/msg/_mode_completed.py
[1518.751s] -- Symlinking: /repo/ws/install/lib/python3.12/site-packages/px4_msgs/msg/_mode_completed_s.c
[1518.765s] -- Symlinking: /repo/ws/install/lib/python3.12/site-packages/px4_msgs/msg/_mount_orientation.py
[1518.778s] -- Symlinking: /repo/ws/install/lib/python3.12/site-packages/px4_msgs/msg/_mount_orientation_s.c
[1518.790s] -- Symlinking: /repo/ws/install/lib/python3.12/site-packages/px4_msgs/msg/_navigator_mission_item.py
[1518.804s] -- Symlinking: /repo/ws/install/lib/python3.12/site-packages/px4_msgs/msg/_navigator_mission_item_s.c
[1518.817s] -- Symlinking: /repo/ws/install/lib/python3.12/site-packages/px4_msgs/msg/_navigator_status.py
[1518.830s] -- Symlinking: /repo/ws/install/lib/python3.12/site-packages/px4_msgs/msg/_navigator_status_s.c
[1518.844s] -- Symlinking: /repo/ws/install/lib/python3.12/site-packages/px4_msgs/msg/_neural_control.py
[1518.858s] -- Symlinking: /repo/ws/install/lib/python3.12/site-packages/px4_msgs/msg/_neural_control_s.c
[1518.871s] -- Symlinking: /repo/ws/install/lib/python3.12/site-packages/px4_msgs/msg/_normalized_unsigned_setpoint.py
[1518.885s] -- Symlinking: /repo/ws/install/lib/python3.12/site-packages/px4_msgs/msg/_normalized_unsigned_setpoint_s.c
[1518.898s] -- Symlinking: /repo/ws/install/lib/python3.12/site-packages/px4_msgs/msg/_obstacle_distance.py
[1518.911s] -- Symlinking: /repo/ws/install/lib/python3.12/site-packages/px4_msgs/msg/_obstacle_distance_s.c
[1518.924s] -- Symlinking: /repo/ws/install/lib/python3.12/site-packages/px4_msgs/msg/_offboard_control_mode.py
[1518.937s] -- Symlinking: /repo/ws/install/lib/python3.12/site-packages/px4_msgs/msg/_offboard_control_mode_s.c
[1518.950s] -- Symlinking: /repo/ws/install/lib/python3.12/site-packages/px4_msgs/msg/_onboard_computer_status.py
[1518.963s] -- Symlinking: /repo/ws/install/lib/python3.12/site-packages/px4_msgs/msg/_onboard_computer_status_s.c
[1518.976s] -- Symlinking: /repo/ws/install/lib/python3.12/site-packages/px4_msgs/msg/_open_drone_id_arm_status.py
[1518.990s] -- Symlinking: /repo/ws/install/lib/python3.12/site-packages/px4_msgs/msg/_open_drone_id_arm_status_s.c
[1519.003s] -- Symlinking: /repo/ws/install/lib/python3.12/site-packages/px4_msgs/msg/_open_drone_id_operator_id.py
[1519.017s] -- Symlinking: /repo/ws/install/lib/python3.12/site-packages/px4_msgs/msg/_open_drone_id_operator_id_s.c
[1519.030s] -- Symlinking: /repo/ws/install/lib/python3.12/site-packages/px4_msgs/msg/_open_drone_id_self_id.py
[1519.044s] -- Symlinking: /repo/ws/install/lib/python3.12/site-packages/px4_msgs/msg/_open_drone_id_self_id_s.c
[1519.057s] -- Symlinking: /repo/ws/install/lib/python3.12/site-packages/px4_msgs/msg/_open_drone_id_system.py
[1519.070s] -- Symlinking: /repo/ws/install/lib/python3.12/site-packages/px4_msgs/msg/_open_drone_id_system_s.c
[1519.083s] -- Symlinking: /repo/ws/install/lib/python3.12/site-packages/px4_msgs/msg/_orb_test.py
[1519.096s] -- Symlinking: /repo/ws/install/lib/python3.12/site-packages/px4_msgs/msg/_orb_test_large.py
[1519.109s] -- Symlinking: /repo/ws/install/lib/python3.12/site-packages/px4_msgs/msg/_orb_test_large_s.c
[1519.122s] -- Symlinking: /repo/ws/install/lib/python3.12/site-packages/px4_msgs/msg/_orb_test_medium.py
[1519.135s] -- Symlinking: /repo/ws/install/lib/python3.12/site-packages/px4_msgs/msg/_orb_test_medium_s.c
[1519.149s] -- Symlinking: /repo/ws/install/lib/python3.12/site-packages/px4_msgs/msg/_orb_test_s.c
[1519.162s] -- Symlinking: /repo/ws/install/lib/python3.12/site-packages/px4_msgs/msg/_orbit_status.py
[1519.176s] -- Symlinking: /repo/ws/install/lib/python3.12/site-packages/px4_msgs/msg/_orbit_status_s.c
[1519.189s] -- Symlinking: /repo/ws/install/lib/python3.12/site-packages/px4_msgs/msg/_parameter_reset_request.py
[1519.202s] -- Symlinking: /repo/ws/install/lib/python3.12/site-packages/px4_msgs/msg/_parameter_reset_request_s.c
[1519.215s] -- Symlinking: /repo/ws/install/lib/python3.12/site-packages/px4_msgs/msg/_parameter_set_used_request.py
[1519.229s] -- Symlinking: /repo/ws/install/lib/python3.12/site-packages/px4_msgs/msg/_parameter_set_used_request_s.c
[1519.243s] -- Symlinking: /repo/ws/install/lib/python3.12/site-packages/px4_msgs/msg/_parameter_set_value_request.py
[1519.256s] -- Symlinking: /repo/ws/install/lib/python3.12/site-packages/px4_msgs/msg/_parameter_set_value_request_s.c
[1519.269s] -- Symlinking: /repo/ws/install/lib/python3.12/site-packages/px4_msgs/msg/_parameter_set_value_response.py
[1519.282s] -- Symlinking: /repo/ws/install/lib/python3.12/site-packages/px4_msgs/msg/_parameter_set_value_response_s.c
[1519.295s] -- Symlinking: /repo/ws/install/lib/python3.12/site-packages/px4_msgs/msg/_parameter_update.py
[1519.309s] -- Symlinking: /repo/ws/install/lib/python3.12/site-packages/px4_msgs/msg/_parameter_update_s.c
[1519.322s] -- Symlinking: /repo/ws/install/lib/python3.12/site-packages/px4_msgs/msg/_ping.py
[1519.335s] -- Symlinking: /repo/ws/install/lib/python3.12/site-packages/px4_msgs/msg/_ping_s.c
[1519.349s] -- Symlinking: /repo/ws/install/lib/python3.12/site-packages/px4_msgs/msg/_position_controller_landing_status.py
[1519.362s] -- Symlinking: /repo/ws/install/lib/python3.12/site-packages/px4_msgs/msg/_position_controller_landing_status_s.c
[1519.376s] -- Symlinking: /repo/ws/install/lib/python3.12/site-packages/px4_msgs/msg/_position_controller_status.py
[1519.388s] -- Symlinking: /repo/ws/install/lib/python3.12/site-packages/px4_msgs/msg/_position_controller_status_s.c
[1519.401s] -- Symlinking: /repo/ws/install/lib/python3.12/site-packages/px4_msgs/msg/_position_setpoint.py
[1519.414s] -- Symlinking: /repo/ws/install/lib/python3.12/site-packages/px4_msgs/msg/_position_setpoint_s.c
[1519.428s] -- Symlinking: /repo/ws/install/lib/python3.12/site-packages/px4_msgs/msg/_position_setpoint_triplet.py
[1519.440s] -- Symlinking: /repo/ws/install/lib/python3.12/site-packages/px4_msgs/msg/_position_setpoint_triplet_s.c
[1519.454s] -- Symlinking: /repo/ws/install/lib/python3.12/site-packages/px4_msgs/msg/_power_button_state.py
[1519.467s] -- Symlinking: /repo/ws/install/lib/python3.12/site-packages/px4_msgs/msg/_power_button_state_s.c
[1519.480s] -- Symlinking: /repo/ws/install/lib/python3.12/site-packages/px4_msgs/msg/_power_monitor.py
[1519.494s] -- Symlinking: /repo/ws/install/lib/python3.12/site-packages/px4_msgs/msg/_power_monitor_s.c
[1519.507s] -- Symlinking: /repo/ws/install/lib/python3.12/site-packages/px4_msgs/msg/_pps_capture.py
[1519.520s] -- Symlinking: /repo/ws/install/lib/python3.12/site-packages/px4_msgs/msg/_pps_capture_s.c
[1519.534s] -- Symlinking: /repo/ws/install/lib/python3.12/site-packages/px4_msgs/msg/_pure_pursuit_status.py
[1519.547s] -- Symlinking: /repo/ws/install/lib/python3.12/site-packages/px4_msgs/msg/_pure_pursuit_status_s.c
[1519.560s] -- Symlinking: /repo/ws/install/lib/python3.12/site-packages/px4_msgs/msg/_pwm_input.py
[1519.574s] -- Symlinking: /repo/ws/install/lib/python3.12/site-packages/px4_msgs/msg/_pwm_input_s.c
[1519.587s] -- Symlinking: /repo/ws/install/lib/python3.12/site-packages/px4_msgs/msg/_px4io_status.py
[1519.600s] -- Symlinking: /repo/ws/install/lib/python3.12/site-packages/px4_msgs/msg/_px4io_status_s.c
[1519.613s] -- Symlinking: /repo/ws/install/lib/python3.12/site-packages/px4_msgs/msg/_qshell_req.py
[1519.626s] -- Symlinking: /repo/ws/install/lib/python3.12/site-packages/px4_msgs/msg/_qshell_req_s.c
[1519.640s] -- Symlinking: /repo/ws/install/lib/python3.12/site-packages/px4_msgs/msg/_qshell_retval.py
[1519.652s] -- Symlinking: /repo/ws/install/lib/python3.12/site-packages/px4_msgs/msg/_qshell_retval_s.c
[1519.666s] -- Symlinking: /repo/ws/install/lib/python3.12/site-packages/px4_msgs/msg/_radio_status.py
[1519.679s] -- Symlinking: /repo/ws/install/lib/python3.12/site-packages/px4_msgs/msg/_radio_status_s.c
[1519.692s] -- Symlinking: /repo/ws/install/lib/python3.12/site-packages/px4_msgs/msg/_raptor_input.py
[1519.705s] -- Symlinking: /repo/ws/install/lib/python3.12/site-packages/px4_msgs/msg/_raptor_input_s.c
[1519.718s] -- Symlinking: /repo/ws/install/lib/python3.12/site-packages/px4_msgs/msg/_raptor_status.py
[1519.731s] -- Symlinking: /repo/ws/install/lib/python3.12/site-packages/px4_msgs/msg/_raptor_status_s.c
[1519.745s] -- Symlinking: /repo/ws/install/lib/python3.12/site-packages/px4_msgs/msg/_rate_ctrl_status.py
[1519.758s] -- Symlinking: /repo/ws/install/lib/python3.12/site-packages/px4_msgs/msg/_rate_ctrl_status_s.c
[1519.771s] -- Symlinking: /repo/ws/install/lib/python3.12/site-packages/px4_msgs/msg/_rc_channels.py
[1519.784s] -- Symlinking: /repo/ws/install/lib/python3.12/site-packages/px4_msgs/msg/_rc_channels_s.c
[1519.797s] -- Symlinking: /repo/ws/install/lib/python3.12/site-packages/px4_msgs/msg/_rc_parameter_map.py
[1519.810s] -- Symlinking: /repo/ws/install/lib/python3.12/site-packages/px4_msgs/msg/_rc_parameter_map_s.c
[1519.823s] -- Symlinking: /repo/ws/install/lib/python3.12/site-packages/px4_msgs/msg/_register_ext_component_reply.py
[1519.836s] -- Symlinking: /repo/ws/install/lib/python3.12/site-packages/px4_msgs/msg/_register_ext_component_reply_s.c
[1519.850s] -- Symlinking: /repo/ws/install/lib/python3.12/site-packages/px4_msgs/msg/_register_ext_component_request.py
[1519.863s] -- Symlinking: /repo/ws/install/lib/python3.12/site-packages/px4_msgs/msg/_register_ext_component_request_s.c
[1519.876s] -- Symlinking: /repo/ws/install/lib/python3.12/site-packages/px4_msgs/msg/_rover_attitude_setpoint.py
[1519.889s] -- Symlinking: /repo/ws/install/lib/python3.12/site-packages/px4_msgs/msg/_rover_attitude_setpoint_s.c
[1519.902s] -- Symlinking: /repo/ws/install/lib/python3.12/site-packages/px4_msgs/msg/_rover_attitude_status.py
[1519.915s] -- Symlinking: /repo/ws/install/lib/python3.12/site-packages/px4_msgs/msg/_rover_attitude_status_s.c
[1519.928s] -- Symlinking: /repo/ws/install/lib/python3.12/site-packages/px4_msgs/msg/_rover_position_setpoint.py
[1519.942s] -- Symlinking: /repo/ws/install/lib/python3.12/site-packages/px4_msgs/msg/_rover_position_setpoint_s.c
[1519.955s] -- Symlinking: /repo/ws/install/lib/python3.12/site-packages/px4_msgs/msg/_rover_rate_setpoint.py
[1519.969s] -- Symlinking: /repo/ws/install/lib/python3.12/site-packages/px4_msgs/msg/_rover_rate_setpoint_s.c
[1519.981s] -- Symlinking: /repo/ws/install/lib/python3.12/site-packages/px4_msgs/msg/_rover_rate_status.py
[1519.994s] -- Symlinking: /repo/ws/install/lib/python3.12/site-packages/px4_msgs/msg/_rover_rate_status_s.c
[1520.008s] -- Symlinking: /repo/ws/install/lib/python3.12/site-packages/px4_msgs/msg/_rover_speed_setpoint.py
[1520.021s] -- Symlinking: /repo/ws/install/lib/python3.12/site-packages/px4_msgs/msg/_rover_speed_setpoint_s.c
[1520.034s] -- Symlinking: /repo/ws/install/lib/python3.12/site-packages/px4_msgs/msg/_rover_speed_status.py
[1520.048s] -- Symlinking: /repo/ws/install/lib/python3.12/site-packages/px4_msgs/msg/_rover_speed_status_s.c
[1520.061s] -- Symlinking: /repo/ws/install/lib/python3.12/site-packages/px4_msgs/msg/_rover_steering_setpoint.py
[1520.075s] -- Symlinking: /repo/ws/install/lib/python3.12/site-packages/px4_msgs/msg/_rover_steering_setpoint_s.c
[1520.087s] -- Symlinking: /repo/ws/install/lib/python3.12/site-packages/px4_msgs/msg/_rover_throttle_setpoint.py
[1520.100s] -- Symlinking: /repo/ws/install/lib/python3.12/site-packages/px4_msgs/msg/_rover_throttle_setpoint_s.c
[1520.113s] -- Symlinking: /repo/ws/install/lib/python3.12/site-packages/px4_msgs/msg/_rpm.py
[1520.127s] -- Symlinking: /repo/ws/install/lib/python3.12/site-packages/px4_msgs/msg/_rpm_s.c
[1520.140s] -- Symlinking: /repo/ws/install/lib/python3.12/site-packages/px4_msgs/msg/_rtl_status.py
[1520.153s] -- Symlinking: /repo/ws/install/lib/python3.12/site-packages/px4_msgs/msg/_rtl_status_s.c
[1520.166s] -- Symlinking: /repo/ws/install/lib/python3.12/site-packages/px4_msgs/msg/_rtl_time_estimate.py
[1520.179s] -- Symlinking: /repo/ws/install/lib/python3.12/site-packages/px4_msgs/msg/_rtl_time_estimate_s.c
[1520.192s] -- Symlinking: /repo/ws/install/lib/python3.12/site-packages/px4_msgs/msg/_satellite_info.py
[1520.206s] -- Symlinking: /repo/ws/install/lib/python3.12/site-packages/px4_msgs/msg/_satellite_info_s.c
[1520.219s] -- Symlinking: /repo/ws/install/lib/python3.12/site-packages/px4_msgs/msg/_sensor_accel.py
[1520.232s] -- Symlinking: /repo/ws/install/lib/python3.12/site-packages/px4_msgs/msg/_sensor_accel_fifo.py
[1520.246s] -- Symlinking: /repo/ws/install/lib/python3.12/site-packages/px4_msgs/msg/_sensor_accel_fifo_s.c
[1520.259s] -- Symlinking: /repo/ws/install/lib/python3.12/site-packages/px4_msgs/msg/_sensor_accel_s.c
[1520.272s] -- Symlinking: /repo/ws/install/lib/python3.12/site-packages/px4_msgs/msg/_sensor_airflow.py
[1520.285s] -- Symlinking: /repo/ws/install/lib/python3.12/site-packages/px4_msgs/msg/_sensor_airflow_s.c
[1520.298s] -- Symlinking: /repo/ws/install/lib/python3.12/site-packages/px4_msgs/msg/_sensor_baro.py
[1520.311s] -- Symlinking: /repo/ws/install/lib/python3.12/site-packages/px4_msgs/msg/_sensor_baro_s.c
[1520.325s] -- Symlinking: /repo/ws/install/lib/python3.12/site-packages/px4_msgs/msg/_sensor_combined.py
[1520.338s] -- Symlinking: /repo/ws/install/lib/python3.12/site-packages/px4_msgs/msg/_sensor_combined_s.c
[1520.352s] -- Symlinking: /repo/ws/install/lib/python3.12/site-packages/px4_msgs/msg/_sensor_correction.py
[1520.365s] -- Symlinking: /repo/ws/install/lib/python3.12/site-packages/px4_msgs/msg/_sensor_correction_s.c
[1520.379s] -- Symlinking: /repo/ws/install/lib/python3.12/site-packages/px4_msgs/msg/_sensor_gnss_relative.py
[1520.392s] -- Symlinking: /repo/ws/install/lib/python3.12/site-packages/px4_msgs/msg/_sensor_gnss_relative_s.c
[1520.405s] -- Symlinking: /repo/ws/install/lib/python3.12/site-packages/px4_msgs/msg/_sensor_gnss_status.py
[1520.418s] -- Symlinking: /repo/ws/install/lib/python3.12/site-packages/px4_msgs/msg/_sensor_gnss_status_s.c
[1520.431s] -- Symlinking: /repo/ws/install/lib/python3.12/site-packages/px4_msgs/msg/_sensor_gps.py
[1520.446s] -- Symlinking: /repo/ws/install/lib/python3.12/site-packages/px4_msgs/msg/_sensor_gps_s.c
[1520.459s] -- Symlinking: /repo/ws/install/lib/python3.12/site-packages/px4_msgs/msg/_sensor_gyro.py
[1520.472s] -- Symlinking: /repo/ws/install/lib/python3.12/site-packages/px4_msgs/msg/_sensor_gyro_fft.py
[1520.485s] -- Symlinking: /repo/ws/install/lib/python3.12/site-packages/px4_msgs/msg/_sensor_gyro_fft_s.c
[1520.498s] -- Symlinking: /repo/ws/install/lib/python3.12/site-packages/px4_msgs/msg/_sensor_gyro_fifo.py
[1520.511s] -- Symlinking: /repo/ws/install/lib/python3.12/site-packages/px4_msgs/msg/_sensor_gyro_fifo_s.c
[1520.524s] -- Symlinking: /repo/ws/install/lib/python3.12/site-packages/px4_msgs/msg/_sensor_gyro_s.c
[1520.537s] -- Symlinking: /repo/ws/install/lib/python3.12/site-packages/px4_msgs/msg/_sensor_hygrometer.py
[1520.551s] -- Symlinking: /repo/ws/install/lib/python3.12/site-packages/px4_msgs/msg/_sensor_hygrometer_s.c
[1520.564s] -- Symlinking: /repo/ws/install/lib/python3.12/site-packages/px4_msgs/msg/_sensor_mag.py
[1520.577s] -- Symlinking: /repo/ws/install/lib/python3.12/site-packages/px4_msgs/msg/_sensor_mag_s.c
[1520.590s] -- Symlinking: /repo/ws/install/lib/python3.12/site-packages/px4_msgs/msg/_sensor_optical_flow.py
[1520.604s] -- Symlinking: /repo/ws/install/lib/python3.12/site-packages/px4_msgs/msg/_sensor_optical_flow_s.c
[1520.617s] -- Symlinking: /repo/ws/install/lib/python3.12/site-packages/px4_msgs/msg/_sensor_preflight_mag.py
[1520.630s] -- Symlinking: /repo/ws/install/lib/python3.12/site-packages/px4_msgs/msg/_sensor_preflight_mag_s.c
[1520.644s] -- Symlinking: /repo/ws/install/lib/python3.12/site-packages/px4_msgs/msg/_sensor_selection.py
[1520.658s] -- Symlinking: /repo/ws/install/lib/python3.12/site-packages/px4_msgs/msg/_sensor_selection_s.c
[1520.671s] -- Symlinking: /repo/ws/install/lib/python3.12/site-packages/px4_msgs/msg/_sensor_temp.py
[1520.684s] -- Symlinking: /repo/ws/install/lib/python3.12/site-packages/px4_msgs/msg/_sensor_temp_s.c
[1520.697s] -- Symlinking: /repo/ws/install/lib/python3.12/site-packages/px4_msgs/msg/_sensor_uwb.py
[1520.710s] -- Symlinking: /repo/ws/install/lib/python3.12/site-packages/px4_msgs/msg/_sensor_uwb_s.c
[1520.723s] -- Symlinking: /repo/ws/install/lib/python3.12/site-packages/px4_msgs/msg/_sensors_status.py
[1520.736s] -- Symlinking: /repo/ws/install/lib/python3.12/site-packages/px4_msgs/msg/_sensors_status_imu.py
[1520.750s] -- Symlinking: /repo/ws/install/lib/python3.12/site-packages/px4_msgs/msg/_sensors_status_imu_s.c
[1520.763s] -- Symlinking: /repo/ws/install/lib/python3.12/site-packages/px4_msgs/msg/_sensors_status_s.c
[1520.777s] -- Symlinking: /repo/ws/install/lib/python3.12/site-packages/px4_msgs/msg/_system_power.py
[1520.789s] -- Symlinking: /repo/ws/install/lib/python3.12/site-packages/px4_msgs/msg/_system_power_s.c
[1520.803s] -- Symlinking: /repo/ws/install/lib/python3.12/site-packages/px4_msgs/msg/_takeoff_status.py
[1520.816s] -- Symlinking: /repo/ws/install/lib/python3.12/site-packages/px4_msgs/msg/_takeoff_status_s.c
[1520.829s] -- Symlinking: /repo/ws/install/lib/python3.12/site-packages/px4_msgs/msg/_task_stack_info.py
[1520.842s] -- Symlinking: /repo/ws/install/lib/python3.12/site-packages/px4_msgs/msg/_task_stack_info_s.c
[1520.855s] -- Symlinking: /repo/ws/install/lib/python3.12/site-packages/px4_msgs/msg/_tecs_status.py
[1520.868s] -- Symlinking: /repo/ws/install/lib/python3.12/site-packages/px4_msgs/msg/_tecs_status_s.c
[1520.881s] -- Symlinking: /repo/ws/install/lib/python3.12/site-packages/px4_msgs/msg/_telemetry_status.py
[1520.895s] -- Symlinking: /repo/ws/install/lib/python3.12/site-packages/px4_msgs/msg/_telemetry_status_s.c
[1520.909s] -- Symlinking: /repo/ws/install/lib/python3.12/site-packages/px4_msgs/msg/_tiltrotor_extra_controls.py
[1520.922s] -- Symlinking: /repo/ws/install/lib/python3.12/site-packages/px4_msgs/msg/_tiltrotor_extra_controls_s.c
[1520.936s] -- Symlinking: /repo/ws/install/lib/python3.12/site-packages/px4_msgs/msg/_timesync_status.py
[1520.950s] -- Symlinking: /repo/ws/install/lib/python3.12/site-packages/px4_msgs/msg/_timesync_status_s.c
[1520.963s] -- Symlinking: /repo/ws/install/lib/python3.12/site-packages/px4_msgs/msg/_trajectory_setpoint.py
[1520.977s] -- Symlinking: /repo/ws/install/lib/python3.12/site-packages/px4_msgs/msg/_trajectory_setpoint6dof.py
[1520.989s] -- Symlinking: /repo/ws/install/lib/python3.12/site-packages/px4_msgs/msg/_trajectory_setpoint6dof_s.c
[1521.003s] -- Symlinking: /repo/ws/install/lib/python3.12/site-packages/px4_msgs/msg/_trajectory_setpoint_s.c
[1521.016s] -- Symlinking: /repo/ws/install/lib/python3.12/site-packages/px4_msgs/msg/_transponder_report.py
[1521.029s] -- Symlinking: /repo/ws/install/lib/python3.12/site-packages/px4_msgs/msg/_transponder_report_s.c
[1521.042s] -- Symlinking: /repo/ws/install/lib/python3.12/site-packages/px4_msgs/msg/_tune_control.py
[1521.056s] -- Symlinking: /repo/ws/install/lib/python3.12/site-packages/px4_msgs/msg/_tune_control_s.c
[1521.069s] -- Symlinking: /repo/ws/install/lib/python3.12/site-packages/px4_msgs/msg/_uavcan_parameter_request.py
[1521.082s] -- Symlinking: /repo/ws/install/lib/python3.12/site-packages/px4_msgs/msg/_uavcan_parameter_request_s.c
[1521.095s] -- Symlinking: /repo/ws/install/lib/python3.12/site-packages/px4_msgs/msg/_uavcan_parameter_value.py
[1521.107s] -- Symlinking: /repo/ws/install/lib/python3.12/site-packages/px4_msgs/msg/_uavcan_parameter_value_s.c
[1521.121s] -- Symlinking: /repo/ws/install/lib/python3.12/site-packages/px4_msgs/msg/_ulog_stream.py
[1521.134s] -- Symlinking: /repo/ws/install/lib/python3.12/site-packages/px4_msgs/msg/_ulog_stream_ack.py
[1521.148s] -- Symlinking: /repo/ws/install/lib/python3.12/site-packages/px4_msgs/msg/_ulog_stream_ack_s.c
[1521.161s] -- Symlinking: /repo/ws/install/lib/python3.12/site-packages/px4_msgs/msg/_ulog_stream_s.c
[1521.174s] -- Symlinking: /repo/ws/install/lib/python3.12/site-packages/px4_msgs/msg/_unregister_ext_component.py
[1521.187s] -- Symlinking: /repo/ws/install/lib/python3.12/site-packages/px4_msgs/msg/_unregister_ext_component_s.c
[1521.201s] -- Symlinking: /repo/ws/install/lib/python3.12/site-packages/px4_msgs/msg/_vehicle_acceleration.py
[1521.213s] -- Symlinking: /repo/ws/install/lib/python3.12/site-packages/px4_msgs/msg/_vehicle_acceleration_s.c
[1521.227s] -- Symlinking: /repo/ws/install/lib/python3.12/site-packages/px4_msgs/msg/_vehicle_air_data.py
[1521.240s] -- Symlinking: /repo/ws/install/lib/python3.12/site-packages/px4_msgs/msg/_vehicle_air_data_s.c
[1521.254s] -- Symlinking: /repo/ws/install/lib/python3.12/site-packages/px4_msgs/msg/_vehicle_angular_acceleration_setpoint.py
[1521.267s] -- Symlinking: /repo/ws/install/lib/python3.12/site-packages/px4_msgs/msg/_vehicle_angular_acceleration_setpoint_s.c
[1521.280s] -- Symlinking: /repo/ws/install/lib/python3.12/site-packages/px4_msgs/msg/_vehicle_angular_velocity.py
[1521.293s] -- Symlinking: /repo/ws/install/lib/python3.12/site-packages/px4_msgs/msg/_vehicle_angular_velocity_s.c
[1521.306s] -- Symlinking: /repo/ws/install/lib/python3.12/site-packages/px4_msgs/msg/_vehicle_attitude.py
[1521.319s] -- Symlinking: /repo/ws/install/lib/python3.12/site-packages/px4_msgs/msg/_vehicle_attitude_s.c
[1521.332s] -- Symlinking: /repo/ws/install/lib/python3.12/site-packages/px4_msgs/msg/_vehicle_attitude_setpoint.py
[1521.345s] -- Symlinking: /repo/ws/install/lib/python3.12/site-packages/px4_msgs/msg/_vehicle_attitude_setpoint_s.c
[1521.359s] -- Symlinking: /repo/ws/install/lib/python3.12/site-packages/px4_msgs/msg/_vehicle_command.py
[1521.372s] -- Symlinking: /repo/ws/install/lib/python3.12/site-packages/px4_msgs/msg/_vehicle_command_ack.py
[1521.385s] -- Symlinking: /repo/ws/install/lib/python3.12/site-packages/px4_msgs/msg/_vehicle_command_ack_s.c
[1521.398s] -- Symlinking: /repo/ws/install/lib/python3.12/site-packages/px4_msgs/msg/_vehicle_command_s.c
[1521.411s] -- Symlinking: /repo/ws/install/lib/python3.12/site-packages/px4_msgs/msg/_vehicle_constraints.py
[1521.424s] -- Symlinking: /repo/ws/install/lib/python3.12/site-packages/px4_msgs/msg/_vehicle_constraints_s.c
[1521.437s] -- Symlinking: /repo/ws/install/lib/python3.12/site-packages/px4_msgs/msg/_vehicle_control_mode.py
[1521.451s] -- Symlinking: /repo/ws/install/lib/python3.12/site-packages/px4_msgs/msg/_vehicle_control_mode_s.c
[1521.464s] -- Symlinking: /repo/ws/install/lib/python3.12/site-packages/px4_msgs/msg/_vehicle_global_position.py
[1521.478s] -- Symlinking: /repo/ws/install/lib/python3.12/site-packages/px4_msgs/msg/_vehicle_global_position_s.c
[1521.491s] -- Symlinking: /repo/ws/install/lib/python3.12/site-packages/px4_msgs/msg/_vehicle_imu.py
[1521.505s] -- Symlinking: /repo/ws/install/lib/python3.12/site-packages/px4_msgs/msg/_vehicle_imu_s.c
[1521.518s] -- Symlinking: /repo/ws/install/lib/python3.12/site-packages/px4_msgs/msg/_vehicle_imu_status.py
[1521.531s] -- Symlinking: /repo/ws/install/lib/python3.12/site-packages/px4_msgs/msg/_vehicle_imu_status_s.c
[1521.544s] -- Symlinking: /repo/ws/install/lib/python3.12/site-packages/px4_msgs/msg/_vehicle_land_detected.py
[1521.558s] -- Symlinking: /repo/ws/install/lib/python3.12/site-packages/px4_msgs/msg/_vehicle_land_detected_s.c
[1521.571s] -- Symlinking: /repo/ws/install/lib/python3.12/site-packages/px4_msgs/msg/_vehicle_local_position.py
[1521.584s] -- Symlinking: /repo/ws/install/lib/python3.12/site-packages/px4_msgs/msg/_vehicle_local_position_s.c
[1521.598s] -- Symlinking: /repo/ws/install/lib/python3.12/site-packages/px4_msgs/msg/_vehicle_local_position_setpoint.py
[1521.611s] -- Symlinking: /repo/ws/install/lib/python3.12/site-packages/px4_msgs/msg/_vehicle_local_position_setpoint_s.c
[1521.624s] -- Symlinking: /repo/ws/install/lib/python3.12/site-packages/px4_msgs/msg/_vehicle_magnetometer.py
[1521.637s] -- Symlinking: /repo/ws/install/lib/python3.12/site-packages/px4_msgs/msg/_vehicle_magnetometer_s.c
[1521.652s] -- Symlinking: /repo/ws/install/lib/python3.12/site-packages/px4_msgs/msg/_vehicle_odometry.py
[1521.665s] -- Symlinking: /repo/ws/install/lib/python3.12/site-packages/px4_msgs/msg/_vehicle_odometry_s.c
[1521.678s] -- Symlinking: /repo/ws/install/lib/python3.12/site-packages/px4_msgs/msg/_vehicle_optical_flow.py
[1521.691s] -- Symlinking: /repo/ws/install/lib/python3.12/site-packages/px4_msgs/msg/_vehicle_optical_flow_s.c
[1521.705s] -- Symlinking: /repo/ws/install/lib/python3.12/site-packages/px4_msgs/msg/_vehicle_optical_flow_vel.py
[1521.718s] -- Symlinking: /repo/ws/install/lib/python3.12/site-packages/px4_msgs/msg/_vehicle_optical_flow_vel_s.c
[1521.731s] -- Symlinking: /repo/ws/install/lib/python3.12/site-packages/px4_msgs/msg/_vehicle_rates_setpoint.py
[1521.745s] -- Symlinking: /repo/ws/install/lib/python3.12/site-packages/px4_msgs/msg/_vehicle_rates_setpoint_s.c
[1521.758s] -- Symlinking: /repo/ws/install/lib/python3.12/site-packages/px4_msgs/msg/_vehicle_roi.py
[1521.771s] -- Symlinking: /repo/ws/install/lib/python3.12/site-packages/px4_msgs/msg/_vehicle_roi_s.c
[1521.784s] -- Symlinking: /repo/ws/install/lib/python3.12/site-packages/px4_msgs/msg/_vehicle_status.py
[1521.797s] -- Symlinking: /repo/ws/install/lib/python3.12/site-packages/px4_msgs/msg/_vehicle_status_s.c
[1521.809s] -- Symlinking: /repo/ws/install/lib/python3.12/site-packages/px4_msgs/msg/_vehicle_thrust_setpoint.py
[1521.823s] -- Symlinking: /repo/ws/install/lib/python3.12/site-packages/px4_msgs/msg/_vehicle_thrust_setpoint_s.c
[1521.836s] -- Symlinking: /repo/ws/install/lib/python3.12/site-packages/px4_msgs/msg/_vehicle_torque_setpoint.py
[1521.850s] -- Symlinking: /repo/ws/install/lib/python3.12/site-packages/px4_msgs/msg/_vehicle_torque_setpoint_s.c
[1521.863s] -- Symlinking: /repo/ws/install/lib/python3.12/site-packages/px4_msgs/msg/_velocity_limits.py
[1521.877s] -- Symlinking: /repo/ws/install/lib/python3.12/site-packages/px4_msgs/msg/_velocity_limits_s.c
[1521.890s] -- Symlinking: /repo/ws/install/lib/python3.12/site-packages/px4_msgs/msg/_vtol_vehicle_status.py
[1521.903s] -- Symlinking: /repo/ws/install/lib/python3.12/site-packages/px4_msgs/msg/_vtol_vehicle_status_s.c
[1521.916s] -- Symlinking: /repo/ws/install/lib/python3.12/site-packages/px4_msgs/msg/_vtx.py
[1521.929s] -- Symlinking: /repo/ws/install/lib/python3.12/site-packages/px4_msgs/msg/_vtx_s.c
[1521.942s] -- Symlinking: /repo/ws/install/lib/python3.12/site-packages/px4_msgs/msg/_wheel_encoders.py
[1521.955s] -- Symlinking: /repo/ws/install/lib/python3.12/site-packages/px4_msgs/msg/_wheel_encoders_s.c
[1521.969s] -- Symlinking: /repo/ws/install/lib/python3.12/site-packages/px4_msgs/msg/_wind.py
[1521.982s] -- Symlinking: /repo/ws/install/lib/python3.12/site-packages/px4_msgs/msg/_wind_s.c
[1521.994s] -- Symlinking: /repo/ws/install/lib/python3.12/site-packages/px4_msgs/msg/_yaw_estimator_status.py
[1522.008s] -- Symlinking: /repo/ws/install/lib/python3.12/site-packages/px4_msgs/msg/_yaw_estimator_status_s.c
[1522.021s] -- Symlinking: /repo/ws/install/lib/python3.12/site-packages/px4_msgs/px4_msgs_s__rosidl_typesupport_c.so
[1522.034s] -- Symlinking: /repo/ws/install/lib/python3.12/site-packages/px4_msgs/px4_msgs_s__rosidl_typesupport_fastrtps_c.so
[1522.048s] -- Symlinking: /repo/ws/install/lib/python3.12/site-packages/px4_msgs/px4_msgs_s__rosidl_typesupport_introspection_c.so
[1522.061s] -- Symlinking: /repo/ws/install/lib/python3.12/site-packages/px4_msgs/srv/__init__.py
[1522.075s] -- Symlinking: /repo/ws/install/lib/python3.12/site-packages/px4_msgs/srv/_vehicle_command.py
[1522.088s] -- Symlinking: /repo/ws/install/lib/python3.12/site-packages/px4_msgs/srv/_vehicle_command_s.c
[1522.101s] -- Up-to-date symlink: /repo/ws/install/lib/python3.12/site-packages/px4_msgs/px4_msgs_s__rosidl_typesupport_fastrtps_c.so
[1522.102s] -- Up-to-date symlink: /repo/ws/install/lib/python3.12/site-packages/px4_msgs/px4_msgs_s__rosidl_typesupport_introspection_c.so
[1522.102s] -- Up-to-date symlink: /repo/ws/install/lib/python3.12/site-packages/px4_msgs/px4_msgs_s__rosidl_typesupport_c.so
[1522.102s] -- Symlinking: /repo/ws/install/share/px4_msgs/msg/ActionRequest.idl
[1522.114s] -- Symlinking: /repo/ws/install/share/px4_msgs/msg/ActuatorArmed.idl
[1522.127s] -- Symlinking: /repo/ws/install/share/px4_msgs/msg/ActuatorControlsStatus.idl
[1522.140s] -- Symlinking: /repo/ws/install/share/px4_msgs/msg/ActuatorMotors.idl
[1522.153s] -- Symlinking: /repo/ws/install/share/px4_msgs/msg/ActuatorOutputs.idl
[1522.167s] -- Symlinking: /repo/ws/install/share/px4_msgs/msg/ActuatorServos.idl
[1522.180s] -- Symlinking: /repo/ws/install/share/px4_msgs/msg/ActuatorServosTrim.idl
[1522.193s] -- Symlinking: /repo/ws/install/share/px4_msgs/msg/ActuatorTest.idl
[1522.206s] -- Symlinking: /repo/ws/install/share/px4_msgs/msg/AdcReport.idl
[1522.220s] -- Symlinking: /repo/ws/install/share/px4_msgs/msg/Airspeed.idl
[1522.232s] -- Symlinking: /repo/ws/install/share/px4_msgs/msg/AirspeedValidated.idl
[1522.247s] -- Symlinking: /repo/ws/install/share/px4_msgs/msg/AirspeedWind.idl
[1522.260s] -- Symlinking: /repo/ws/install/share/px4_msgs/msg/ArmingCheckReply.idl
[1522.274s] -- Symlinking: /repo/ws/install/share/px4_msgs/msg/ArmingCheckRequest.idl
[1522.287s] -- Symlinking: /repo/ws/install/share/px4_msgs/msg/AutotuneAttitudeControlStatus.idl
[1522.300s] -- Symlinking: /repo/ws/install/share/px4_msgs/msg/BatteryInfo.idl
[1522.313s] -- Symlinking: /repo/ws/install/share/px4_msgs/msg/BatteryStatus.idl
[1522.326s] -- Symlinking: /repo/ws/install/share/px4_msgs/msg/ButtonEvent.idl
[1522.339s] -- Symlinking: /repo/ws/install/share/px4_msgs/msg/CameraCapture.idl
[1522.353s] -- Symlinking: /repo/ws/install/share/px4_msgs/msg/CameraStatus.idl
[1522.366s] -- Symlinking: /repo/ws/install/share/px4_msgs/msg/CameraTrigger.idl
[1522.379s] -- Symlinking: /repo/ws/install/share/px4_msgs/msg/CanInterfaceStatus.idl
[1522.392s] -- Symlinking: /repo/ws/install/share/px4_msgs/msg/CellularStatus.idl
[1522.405s] -- Symlinking: /repo/ws/install/share/px4_msgs/msg/CollisionConstraints.idl
[1522.418s] -- Symlinking: /repo/ws/install/share/px4_msgs/msg/ConfigOverrides.idl
[1522.431s] -- Symlinking: /repo/ws/install/share/px4_msgs/msg/ControlAllocatorStatus.idl
[1522.444s] -- Symlinking: /repo/ws/install/share/px4_msgs/msg/Cpuload.idl
[1522.458s] -- Symlinking: /repo/ws/install/share/px4_msgs/msg/DatamanRequest.idl
[1522.471s] -- Symlinking: /repo/ws/install/share/px4_msgs/msg/DatamanResponse.idl
[1522.484s] -- Symlinking: /repo/ws/install/share/px4_msgs/msg/DebugArray.idl
[1522.497s] -- Symlinking: /repo/ws/install/share/px4_msgs/msg/DebugKeyValue.idl
[1522.511s] -- Symlinking: /repo/ws/install/share/px4_msgs/msg/DebugValue.idl
[1522.524s] -- Symlinking: /repo/ws/install/share/px4_msgs/msg/DebugVect.idl
[1522.537s] -- Symlinking: /repo/ws/install/share/px4_msgs/msg/DeviceInformation.idl
[1522.552s] -- Symlinking: /repo/ws/install/share/px4_msgs/msg/DifferentialPressure.idl
[1522.565s] -- Symlinking: /repo/ws/install/share/px4_msgs/msg/DistanceSensor.idl
[1522.578s] -- Symlinking: /repo/ws/install/share/px4_msgs/msg/DistanceSensorModeChangeRequest.idl
[1522.592s] -- Symlinking: /repo/ws/install/share/px4_msgs/msg/DronecanNodeStatus.idl
[1522.604s] -- Symlinking: /repo/ws/install/share/px4_msgs/msg/Ekf2Timestamps.idl
[1522.618s] -- Symlinking: /repo/ws/install/share/px4_msgs/msg/EscReport.idl
[1522.631s] -- Symlinking: /repo/ws/install/share/px4_msgs/msg/EscStatus.idl
[1522.644s] -- Symlinking: /repo/ws/install/share/px4_msgs/msg/EstimatorAidSource1d.idl
[1522.658s] -- Symlinking: /repo/ws/install/share/px4_msgs/msg/EstimatorAidSource2d.idl
[1522.671s] -- Symlinking: /repo/ws/install/share/px4_msgs/msg/EstimatorAidSource3d.idl
[1522.684s] -- Symlinking: /repo/ws/install/share/px4_msgs/msg/EstimatorBias.idl
[1522.697s] -- Symlinking: /repo/ws/install/share/px4_msgs/msg/EstimatorBias3d.idl
[1522.710s] -- Symlinking: /repo/ws/install/share/px4_msgs/msg/EstimatorEventFlags.idl
[1522.723s] -- Symlinking: /repo/ws/install/share/px4_msgs/msg/EstimatorGpsStatus.idl
[1522.736s] -- Symlinking: /repo/ws/install/share/px4_msgs/msg/EstimatorInnovations.idl
[1522.750s] -- Symlinking: /repo/ws/install/share/px4_msgs/msg/EstimatorSelectorStatus.idl
[1522.763s] -- Symlinking: /repo/ws/install/share/px4_msgs/msg/EstimatorSensorBias.idl
[1522.776s] -- Symlinking: /repo/ws/install/share/px4_msgs/msg/EstimatorStates.idl
[1522.789s] -- Symlinking: /repo/ws/install/share/px4_msgs/msg/EstimatorStatus.idl
[1522.802s] -- Symlinking: /repo/ws/install/share/px4_msgs/msg/EstimatorStatusFlags.idl
[1522.815s] -- Symlinking: /repo/ws/install/share/px4_msgs/msg/Event.idl
[1522.829s] -- Symlinking: /repo/ws/install/share/px4_msgs/msg/FailsafeFlags.idl
[1522.842s] -- Symlinking: /repo/ws/install/share/px4_msgs/msg/FailureDetectorStatus.idl
[1522.855s] -- Symlinking: /repo/ws/install/share/px4_msgs/msg/FigureEightStatus.idl
[1522.868s] -- Symlinking: /repo/ws/install/share/px4_msgs/msg/FixedWingLateralGuidanceStatus.idl
[1522.882s] -- Symlinking: /repo/ws/install/share/px4_msgs/msg/FixedWingLateralSetpoint.idl
[1522.895s] -- Symlinking: /repo/ws/install/share/px4_msgs/msg/FixedWingLateralStatus.idl
[1522.908s] -- Symlinking: /repo/ws/install/share/px4_msgs/msg/FixedWingLongitudinalSetpoint.idl
[1522.921s] -- Symlinking: /repo/ws/install/share/px4_msgs/msg/FixedWingRunwayControl.idl
[1522.934s] -- Symlinking: /repo/ws/install/share/px4_msgs/msg/FlightPhaseEstimation.idl
[1522.947s] -- Symlinking: /repo/ws/install/share/px4_msgs/msg/FollowTarget.idl
[1522.960s] -- Symlinking: /repo/ws/install/share/px4_msgs/msg/FollowTargetEstimator.idl
[1522.975s] -- Symlinking: /repo/ws/install/share/px4_msgs/msg/FollowTargetStatus.idl
[1522.989s] -- Symlinking: /repo/ws/install/share/px4_msgs/msg/FuelTankStatus.idl
[1523.003s] -- Symlinking: /repo/ws/install/share/px4_msgs/msg/GainCompression.idl
[1523.017s] -- Symlinking: /repo/ws/install/share/px4_msgs/msg/GeneratorStatus.idl
[1523.030s] -- Symlinking: /repo/ws/install/share/px4_msgs/msg/GeofenceResult.idl
[1523.043s] -- Symlinking: /repo/ws/install/share/px4_msgs/msg/GeofenceStatus.idl
[1523.057s] -- Symlinking: /repo/ws/install/share/px4_msgs/msg/GimbalControls.idl
[1523.070s] -- Symlinking: /repo/ws/install/share/px4_msgs/msg/GimbalDeviceAttitudeStatus.idl
[1523.083s] -- Symlinking: /repo/ws/install/share/px4_msgs/msg/GimbalDeviceInformation.idl
[1523.097s] -- Symlinking: /repo/ws/install/share/px4_msgs/msg/GimbalDeviceSetAttitude.idl
[1523.109s] -- Symlinking: /repo/ws/install/share/px4_msgs/msg/GimbalManagerInformation.idl
[1523.123s] -- Symlinking: /repo/ws/install/share/px4_msgs/msg/GimbalManagerSetAttitude.idl
[1523.136s] -- Symlinking: /repo/ws/install/share/px4_msgs/msg/GimbalManagerSetManualControl.idl
[1523.150s] -- Symlinking: /repo/ws/install/share/px4_msgs/msg/GimbalManagerStatus.idl
[1523.163s] -- Symlinking: /repo/ws/install/share/px4_msgs/msg/GotoSetpoint.idl
[1523.176s] -- Symlinking: /repo/ws/install/share/px4_msgs/msg/GpioConfig.idl
[1523.189s] -- Symlinking: /repo/ws/install/share/px4_msgs/msg/GpioIn.idl
[1523.203s] -- Symlinking: /repo/ws/install/share/px4_msgs/msg/GpioOut.idl
[1523.216s] -- Symlinking: /repo/ws/install/share/px4_msgs/msg/GpioRequest.idl
[1523.229s] -- Symlinking: /repo/ws/install/share/px4_msgs/msg/GpsDump.idl
[1523.243s] -- Symlinking: /repo/ws/install/share/px4_msgs/msg/GpsInjectData.idl
[1523.256s] -- Symlinking: /repo/ws/install/share/px4_msgs/msg/Gripper.idl
[1523.269s] -- Symlinking: /repo/ws/install/share/px4_msgs/msg/HealthReport.idl
[1523.283s] -- Symlinking: /repo/ws/install/share/px4_msgs/msg/HeaterStatus.idl
[1523.296s] -- Symlinking: /repo/ws/install/share/px4_msgs/msg/HomePosition.idl
[1523.309s] -- Symlinking: /repo/ws/install/share/px4_msgs/msg/HoverThrustEstimate.idl
[1523.322s] -- Symlinking: /repo/ws/install/share/px4_msgs/msg/InputRc.idl
[1523.336s] -- Symlinking: /repo/ws/install/share/px4_msgs/msg/InternalCombustionEngineControl.idl
[1523.350s] -- Symlinking: /repo/ws/install/share/px4_msgs/msg/InternalCombustionEngineStatus.idl
[1523.362s] -- Symlinking: /repo/ws/install/share/px4_msgs/msg/IridiumsbdStatus.idl
[1523.376s] -- Symlinking: /repo/ws/install/share/px4_msgs/msg/IrlockReport.idl
[1523.389s] -- Symlinking: /repo/ws/install/share/px4_msgs/msg/LandingGear.idl
[1523.402s] -- Symlinking: /repo/ws/install/share/px4_msgs/msg/LandingGearWheel.idl
[1523.415s] -- Symlinking: /repo/ws/install/share/px4_msgs/msg/LandingTargetInnovations.idl
[1523.428s] -- Symlinking: /repo/ws/install/share/px4_msgs/msg/LandingTargetPose.idl
[1523.441s] -- Symlinking: /repo/ws/install/share/px4_msgs/msg/LateralControlConfiguration.idl
[1523.454s] -- Symlinking: /repo/ws/install/share/px4_msgs/msg/LaunchDetectionStatus.idl
[1523.468s] -- Symlinking: /repo/ws/install/share/px4_msgs/msg/LedControl.idl
[1523.481s] -- Symlinking: /repo/ws/install/share/px4_msgs/msg/LogMessage.idl
[1523.494s] -- Symlinking: /repo/ws/install/share/px4_msgs/msg/LoggerStatus.idl
[1523.507s] -- Symlinking: /repo/ws/install/share/px4_msgs/msg/LongitudinalControlConfiguration.idl
[1523.521s] -- Symlinking: /repo/ws/install/share/px4_msgs/msg/MagWorkerData.idl
[1523.534s] -- Symlinking: /repo/ws/install/share/px4_msgs/msg/MagnetometerBiasEstimate.idl
[1523.548s] -- Symlinking: /repo/ws/install/share/px4_msgs/msg/ManualControlSetpoint.idl
[1523.561s] -- Symlinking: /repo/ws/install/share/px4_msgs/msg/ManualControlSwitches.idl
[1523.574s] -- Symlinking: /repo/ws/install/share/px4_msgs/msg/MavlinkLog.idl
[1523.587s] -- Symlinking: /repo/ws/install/share/px4_msgs/msg/MavlinkTunnel.idl
[1523.600s] -- Symlinking: /repo/ws/install/share/px4_msgs/msg/MessageFormatRequest.idl
[1523.614s] -- Symlinking: /repo/ws/install/share/px4_msgs/msg/MessageFormatResponse.idl
[1523.627s] -- Symlinking: /repo/ws/install/share/px4_msgs/msg/Mission.idl
[1523.640s] -- Symlinking: /repo/ws/install/share/px4_msgs/msg/MissionResult.idl
[1523.654s] -- Symlinking: /repo/ws/install/share/px4_msgs/msg/ModeCompleted.idl
[1523.667s] -- Symlinking: /repo/ws/install/share/px4_msgs/msg/MountOrientation.idl
[1523.680s] -- Symlinking: /repo/ws/install/share/px4_msgs/msg/NavigatorMissionItem.idl
[1523.693s] -- Symlinking: /repo/ws/install/share/px4_msgs/msg/NavigatorStatus.idl
[1523.707s] -- Symlinking: /repo/ws/install/share/px4_msgs/msg/NeuralControl.idl
[1523.720s] -- Symlinking: /repo/ws/install/share/px4_msgs/msg/NormalizedUnsignedSetpoint.idl
[1523.733s] -- Symlinking: /repo/ws/install/share/px4_msgs/msg/ObstacleDistance.idl
[1523.746s] -- Symlinking: /repo/ws/install/share/px4_msgs/msg/OffboardControlMode.idl
[1523.760s] -- Symlinking: /repo/ws/install/share/px4_msgs/msg/OnboardComputerStatus.idl
[1523.773s] -- Symlinking: /repo/ws/install/share/px4_msgs/msg/OpenDroneIdArmStatus.idl
[1523.786s] -- Symlinking: /repo/ws/install/share/px4_msgs/msg/OpenDroneIdOperatorId.idl
[1523.800s] -- Symlinking: /repo/ws/install/share/px4_msgs/msg/OpenDroneIdSelfId.idl
[1523.812s] -- Symlinking: /repo/ws/install/share/px4_msgs/msg/OpenDroneIdSystem.idl
[1523.826s] -- Symlinking: /repo/ws/install/share/px4_msgs/msg/OrbTest.idl
[1523.839s] -- Symlinking: /repo/ws/install/share/px4_msgs/msg/OrbTestLarge.idl
[1523.853s] -- Symlinking: /repo/ws/install/share/px4_msgs/msg/OrbTestMedium.idl
[1523.866s] -- Symlinking: /repo/ws/install/share/px4_msgs/msg/OrbitStatus.idl
[1523.879s] -- Symlinking: /repo/ws/install/share/px4_msgs/msg/ParameterResetRequest.idl
[1523.892s] -- Symlinking: /repo/ws/install/share/px4_msgs/msg/ParameterSetUsedRequest.idl
[1523.905s] -- Symlinking: /repo/ws/install/share/px4_msgs/msg/ParameterSetValueRequest.idl
[1523.918s] -- Symlinking: /repo/ws/install/share/px4_msgs/msg/ParameterSetValueResponse.idl
[1523.931s] -- Symlinking: /repo/ws/install/share/px4_msgs/msg/ParameterUpdate.idl
[1523.944s] -- Symlinking: /repo/ws/install/share/px4_msgs/msg/Ping.idl
[1523.958s] -- Symlinking: /repo/ws/install/share/px4_msgs/msg/PositionControllerLandingStatus.idl
[1523.971s] -- Symlinking: /repo/ws/install/share/px4_msgs/msg/PositionControllerStatus.idl
[1523.984s] -- Symlinking: /repo/ws/install/share/px4_msgs/msg/PositionSetpoint.idl
[1523.997s] -- Symlinking: /repo/ws/install/share/px4_msgs/msg/PositionSetpointTriplet.idl
[1524.010s] -- Symlinking: /repo/ws/install/share/px4_msgs/msg/PowerButtonState.idl
[1524.023s] -- Symlinking: /repo/ws/install/share/px4_msgs/msg/PowerMonitor.idl
[1524.036s] -- Symlinking: /repo/ws/install/share/px4_msgs/msg/PpsCapture.idl
[1524.050s] -- Symlinking: /repo/ws/install/share/px4_msgs/msg/PurePursuitStatus.idl
[1524.063s] -- Symlinking: /repo/ws/install/share/px4_msgs/msg/PwmInput.idl
[1524.076s] -- Symlinking: /repo/ws/install/share/px4_msgs/msg/Px4ioStatus.idl
[1524.090s] -- Symlinking: /repo/ws/install/share/px4_msgs/msg/QshellReq.idl
[1524.103s] -- Symlinking: /repo/ws/install/share/px4_msgs/msg/QshellRetval.idl
[1524.117s] -- Symlinking: /repo/ws/install/share/px4_msgs/msg/RadioStatus.idl
[1524.130s] -- Symlinking: /repo/ws/install/share/px4_msgs/msg/RaptorInput.idl
[1524.142s] -- Symlinking: /repo/ws/install/share/px4_msgs/msg/RaptorStatus.idl
[1524.156s] -- Symlinking: /repo/ws/install/share/px4_msgs/msg/RateCtrlStatus.idl
[1524.169s] -- Symlinking: /repo/ws/install/share/px4_msgs/msg/RcChannels.idl
[1524.182s] -- Symlinking: /repo/ws/install/share/px4_msgs/msg/RcParameterMap.idl
[1524.196s] -- Symlinking: /repo/ws/install/share/px4_msgs/msg/RegisterExtComponentReply.idl
[1524.209s] -- Symlinking: /repo/ws/install/share/px4_msgs/msg/RegisterExtComponentRequest.idl
[1524.222s] -- Symlinking: /repo/ws/install/share/px4_msgs/msg/RoverAttitudeSetpoint.idl
[1524.235s] -- Symlinking: /repo/ws/install/share/px4_msgs/msg/RoverAttitudeStatus.idl
[1524.249s] -- Symlinking: /repo/ws/install/share/px4_msgs/msg/RoverPositionSetpoint.idl
[1524.262s] -- Symlinking: /repo/ws/install/share/px4_msgs/msg/RoverRateSetpoint.idl
[1524.275s] -- Symlinking: /repo/ws/install/share/px4_msgs/msg/RoverRateStatus.idl
[1524.289s] -- Symlinking: /repo/ws/install/share/px4_msgs/msg/RoverSpeedSetpoint.idl
[1524.302s] -- Symlinking: /repo/ws/install/share/px4_msgs/msg/RoverSpeedStatus.idl
[1524.315s] -- Symlinking: /repo/ws/install/share/px4_msgs/msg/RoverSteeringSetpoint.idl
[1524.329s] -- Symlinking: /repo/ws/install/share/px4_msgs/msg/RoverThrottleSetpoint.idl
[1524.342s] -- Symlinking: /repo/ws/install/share/px4_msgs/msg/Rpm.idl
[1524.355s] -- Symlinking: /repo/ws/install/share/px4_msgs/msg/RtlStatus.idl
[1524.369s] -- Symlinking: /repo/ws/install/share/px4_msgs/msg/RtlTimeEstimate.idl
[1524.382s] -- Symlinking: /repo/ws/install/share/px4_msgs/msg/SatelliteInfo.idl
[1524.395s] -- Symlinking: /repo/ws/install/share/px4_msgs/msg/SensorAccel.idl
[1524.408s] -- Symlinking: /repo/ws/install/share/px4_msgs/msg/SensorAccelFifo.idl
[1524.421s] -- Symlinking: /repo/ws/install/share/px4_msgs/msg/SensorAirflow.idl
[1524.435s] -- Symlinking: /repo/ws/install/share/px4_msgs/msg/SensorBaro.idl
[1524.448s] -- Symlinking: /repo/ws/install/share/px4_msgs/msg/SensorCombined.idl
[1524.461s] -- Symlinking: /repo/ws/install/share/px4_msgs/msg/SensorCorrection.idl
[1524.475s] -- Symlinking: /repo/ws/install/share/px4_msgs/msg/SensorGnssRelative.idl
[1524.488s] -- Symlinking: /repo/ws/install/share/px4_msgs/msg/SensorGnssStatus.idl
[1524.501s] -- Symlinking: /repo/ws/install/share/px4_msgs/msg/SensorGps.idl
[1524.514s] -- Symlinking: /repo/ws/install/share/px4_msgs/msg/SensorGyro.idl
[1524.527s] -- Symlinking: /repo/ws/install/share/px4_msgs/msg/SensorGyroFft.idl
[1524.540s] -- Symlinking: /repo/ws/install/share/px4_msgs/msg/SensorGyroFifo.idl
[1524.554s] -- Symlinking: /repo/ws/install/share/px4_msgs/msg/SensorHygrometer.idl
[1524.568s] -- Symlinking: /repo/ws/install/share/px4_msgs/msg/SensorMag.idl
[1524.580s] -- Symlinking: /repo/ws/install/share/px4_msgs/msg/SensorOpticalFlow.idl
[1524.593s] -- Symlinking: /repo/ws/install/share/px4_msgs/msg/SensorPreflightMag.idl
[1524.607s] -- Symlinking: /repo/ws/install/share/px4_msgs/msg/SensorSelection.idl
[1524.620s] -- Symlinking: /repo/ws/install/share/px4_msgs/msg/SensorTemp.idl
[1524.634s] -- Symlinking: /repo/ws/install/share/px4_msgs/msg/SensorUwb.idl
[1524.646s] -- Symlinking: /repo/ws/install/share/px4_msgs/msg/SensorsStatus.idl
[1524.660s] -- Symlinking: /repo/ws/install/share/px4_msgs/msg/SensorsStatusImu.idl
[1524.674s] -- Symlinking: /repo/ws/install/share/px4_msgs/msg/SystemPower.idl
[1524.686s] -- Symlinking: /repo/ws/install/share/px4_msgs/msg/TakeoffStatus.idl
[1524.700s] -- Symlinking: /repo/ws/install/share/px4_msgs/msg/TaskStackInfo.idl
[1524.713s] -- Symlinking: /repo/ws/install/share/px4_msgs/msg/TecsStatus.idl
[1524.726s] -- Symlinking: /repo/ws/install/share/px4_msgs/msg/TelemetryStatus.idl
[1524.739s] -- Symlinking: /repo/ws/install/share/px4_msgs/msg/TiltrotorExtraControls.idl
[1524.753s] -- Symlinking: /repo/ws/install/share/px4_msgs/msg/TimesyncStatus.idl
[1524.766s] -- Symlinking: /repo/ws/install/share/px4_msgs/msg/TrajectorySetpoint.idl
[1524.779s] -- Symlinking: /repo/ws/install/share/px4_msgs/msg/TrajectorySetpoint6dof.idl
[1524.792s] -- Symlinking: /repo/ws/install/share/px4_msgs/msg/TransponderReport.idl
[1524.805s] -- Symlinking: /repo/ws/install/share/px4_msgs/msg/TuneControl.idl
[1524.818s] -- Symlinking: /repo/ws/install/share/px4_msgs/msg/UavcanParameterRequest.idl
[1524.831s] -- Symlinking: /repo/ws/install/share/px4_msgs/msg/UavcanParameterValue.idl
[1524.843s] -- Symlinking: /repo/ws/install/share/px4_msgs/msg/UlogStream.idl
[1524.857s] -- Symlinking: /repo/ws/install/share/px4_msgs/msg/UlogStreamAck.idl
[1524.871s] -- Symlinking: /repo/ws/install/share/px4_msgs/msg/UnregisterExtComponent.idl
[1524.884s] -- Symlinking: /repo/ws/install/share/px4_msgs/msg/VehicleAcceleration.idl
[1524.897s] -- Symlinking: /repo/ws/install/share/px4_msgs/msg/VehicleAirData.idl
[1524.910s] -- Symlinking: /repo/ws/install/share/px4_msgs/msg/VehicleAngularAccelerationSetpoint.idl
[1524.923s] -- Symlinking: /repo/ws/install/share/px4_msgs/msg/VehicleAngularVelocity.idl
[1524.936s] -- Symlinking: /repo/ws/install/share/px4_msgs/msg/VehicleAttitude.idl
[1524.950s] -- Symlinking: /repo/ws/install/share/px4_msgs/msg/VehicleAttitudeSetpoint.idl
[1524.963s] -- Symlinking: /repo/ws/install/share/px4_msgs/msg/VehicleCommand.idl
[1524.976s] -- Symlinking: /repo/ws/install/share/px4_msgs/msg/VehicleCommandAck.idl
[1524.989s] -- Symlinking: /repo/ws/install/share/px4_msgs/msg/VehicleConstraints.idl
[1525.002s] -- Symlinking: /repo/ws/install/share/px4_msgs/msg/VehicleControlMode.idl
[1525.015s] -- Symlinking: /repo/ws/install/share/px4_msgs/msg/VehicleGlobalPosition.idl
[1525.028s] -- Symlinking: /repo/ws/install/share/px4_msgs/msg/VehicleImu.idl
[1525.041s] -- Symlinking: /repo/ws/install/share/px4_msgs/msg/VehicleImuStatus.idl
[1525.055s] -- Symlinking: /repo/ws/install/share/px4_msgs/msg/VehicleLandDetected.idl
[1525.069s] -- Symlinking: /repo/ws/install/share/px4_msgs/msg/VehicleLocalPosition.idl
[1525.083s] -- Symlinking: /repo/ws/install/share/px4_msgs/msg/VehicleLocalPositionSetpoint.idl
[1525.097s] -- Symlinking: /repo/ws/install/share/px4_msgs/msg/VehicleMagnetometer.idl
[1525.111s] -- Symlinking: /repo/ws/install/share/px4_msgs/msg/VehicleOdometry.idl
[1525.124s] -- Symlinking: /repo/ws/install/share/px4_msgs/msg/VehicleOpticalFlow.idl
[1525.137s] -- Symlinking: /repo/ws/install/share/px4_msgs/msg/VehicleOpticalFlowVel.idl
[1525.151s] -- Symlinking: /repo/ws/install/share/px4_msgs/msg/VehicleRatesSetpoint.idl
[1525.164s] -- Symlinking: /repo/ws/install/share/px4_msgs/msg/VehicleRoi.idl
[1525.177s] -- Symlinking: /repo/ws/install/share/px4_msgs/msg/VehicleStatus.idl
[1525.190s] -- Symlinking: /repo/ws/install/share/px4_msgs/msg/VehicleThrustSetpoint.idl
[1525.203s] -- Symlinking: /repo/ws/install/share/px4_msgs/msg/VehicleTorqueSetpoint.idl
[1525.216s] -- Symlinking: /repo/ws/install/share/px4_msgs/msg/VelocityLimits.idl
[1525.229s] -- Symlinking: /repo/ws/install/share/px4_msgs/msg/VtolVehicleStatus.idl
[1525.242s] -- Symlinking: /repo/ws/install/share/px4_msgs/msg/Vtx.idl
[1525.256s] -- Symlinking: /repo/ws/install/share/px4_msgs/msg/WheelEncoders.idl
[1525.269s] -- Symlinking: /repo/ws/install/share/px4_msgs/msg/Wind.idl
[1525.282s] -- Symlinking: /repo/ws/install/share/px4_msgs/msg/YawEstimatorStatus.idl
[1525.295s] -- Symlinking: /repo/ws/install/share/px4_msgs/srv/VehicleCommand.idl
[1525.308s] -- Symlinking: /repo/ws/install/share/px4_msgs/msg/ActionRequest.msg
[1525.321s] -- Symlinking: /repo/ws/install/share/px4_msgs/msg/ActuatorArmed.msg
[1525.335s] -- Symlinking: /repo/ws/install/share/px4_msgs/msg/ActuatorControlsStatus.msg
[1525.348s] -- Symlinking: /repo/ws/install/share/px4_msgs/msg/ActuatorMotors.msg
[1525.361s] -- Symlinking: /repo/ws/install/share/px4_msgs/msg/ActuatorOutputs.msg
[1525.374s] -- Symlinking: /repo/ws/install/share/px4_msgs/msg/ActuatorServos.msg
[1525.387s] -- Symlinking: /repo/ws/install/share/px4_msgs/msg/ActuatorServosTrim.msg
[1525.401s] -- Symlinking: /repo/ws/install/share/px4_msgs/msg/ActuatorTest.msg
[1525.414s] -- Symlinking: /repo/ws/install/share/px4_msgs/msg/AdcReport.msg
[1525.427s] -- Symlinking: /repo/ws/install/share/px4_msgs/msg/Airspeed.msg
[1525.440s] -- Symlinking: /repo/ws/install/share/px4_msgs/msg/AirspeedValidated.msg
[1525.454s] -- Symlinking: /repo/ws/install/share/px4_msgs/msg/AirspeedWind.msg
[1525.467s] -- Symlinking: /repo/ws/install/share/px4_msgs/msg/ArmingCheckReply.msg
[1525.480s] -- Symlinking: /repo/ws/install/share/px4_msgs/msg/ArmingCheckRequest.msg
[1525.493s] -- Symlinking: /repo/ws/install/share/px4_msgs/msg/AutotuneAttitudeControlStatus.msg
[1525.506s] -- Symlinking: /repo/ws/install/share/px4_msgs/msg/BatteryInfo.msg
[1525.519s] -- Symlinking: /repo/ws/install/share/px4_msgs/msg/BatteryStatus.msg
[1525.533s] -- Symlinking: /repo/ws/install/share/px4_msgs/msg/ButtonEvent.msg
[1525.545s] -- Symlinking: /repo/ws/install/share/px4_msgs/msg/CameraCapture.msg
[1525.559s] -- Symlinking: /repo/ws/install/share/px4_msgs/msg/CameraStatus.msg
[1525.573s] -- Symlinking: /repo/ws/install/share/px4_msgs/msg/CameraTrigger.msg
[1525.586s] -- Symlinking: /repo/ws/install/share/px4_msgs/msg/CanInterfaceStatus.msg
[1525.599s] -- Symlinking: /repo/ws/install/share/px4_msgs/msg/CellularStatus.msg
[1525.612s] -- Symlinking: /repo/ws/install/share/px4_msgs/msg/CollisionConstraints.msg
[1525.625s] -- Symlinking: /repo/ws/install/share/px4_msgs/msg/ConfigOverrides.msg
[1525.638s] -- Symlinking: /repo/ws/install/share/px4_msgs/msg/ControlAllocatorStatus.msg
[1525.652s] -- Symlinking: /repo/ws/install/share/px4_msgs/msg/Cpuload.msg
[1525.665s] -- Symlinking: /repo/ws/install/share/px4_msgs/msg/DatamanRequest.msg
[1525.678s] -- Symlinking: /repo/ws/install/share/px4_msgs/msg/DatamanResponse.msg
[1525.691s] -- Symlinking: /repo/ws/install/share/px4_msgs/msg/DebugArray.msg
[1525.705s] -- Symlinking: /repo/ws/install/share/px4_msgs/msg/DebugKeyValue.msg
[1525.718s] -- Symlinking: /repo/ws/install/share/px4_msgs/msg/DebugValue.msg
[1525.731s] -- Symlinking: /repo/ws/install/share/px4_msgs/msg/DebugVect.msg
[1525.744s] -- Symlinking: /repo/ws/install/share/px4_msgs/msg/DeviceInformation.msg
[1525.758s] -- Symlinking: /repo/ws/install/share/px4_msgs/msg/DifferentialPressure.msg
[1525.771s] -- Symlinking: /repo/ws/install/share/px4_msgs/msg/DistanceSensor.msg
[1525.784s] -- Symlinking: /repo/ws/install/share/px4_msgs/msg/DistanceSensorModeChangeRequest.msg
[1525.797s] -- Symlinking: /repo/ws/install/share/px4_msgs/msg/DronecanNodeStatus.msg
[1525.810s] -- Symlinking: /repo/ws/install/share/px4_msgs/msg/Ekf2Timestamps.msg
[1525.823s] -- Symlinking: /repo/ws/install/share/px4_msgs/msg/EscReport.msg
[1525.836s] -- Symlinking: /repo/ws/install/share/px4_msgs/msg/EscStatus.msg
[1525.849s] -- Symlinking: /repo/ws/install/share/px4_msgs/msg/EstimatorAidSource1d.msg
[1525.863s] -- Symlinking: /repo/ws/install/share/px4_msgs/msg/EstimatorAidSource2d.msg
[1525.876s] -- Symlinking: /repo/ws/install/share/px4_msgs/msg/EstimatorAidSource3d.msg
[1525.889s] -- Symlinking: /repo/ws/install/share/px4_msgs/msg/EstimatorBias.msg
[1525.902s] -- Symlinking: /repo/ws/install/share/px4_msgs/msg/EstimatorBias3d.msg
[1525.915s] -- Symlinking: /repo/ws/install/share/px4_msgs/msg/EstimatorEventFlags.msg
[1525.928s] -- Symlinking: /repo/ws/install/share/px4_msgs/msg/EstimatorGpsStatus.msg
[1525.941s] -- Symlinking: /repo/ws/install/share/px4_msgs/msg/EstimatorInnovations.msg
[1525.955s] -- Symlinking: /repo/ws/install/share/px4_msgs/msg/EstimatorSelectorStatus.msg
[1525.968s] -- Symlinking: /repo/ws/install/share/px4_msgs/msg/EstimatorSensorBias.msg
[1525.981s] -- Symlinking: /repo/ws/install/share/px4_msgs/msg/EstimatorStates.msg
[1525.994s] -- Symlinking: /repo/ws/install/share/px4_msgs/msg/EstimatorStatus.msg
[1526.007s] -- Symlinking: /repo/ws/install/share/px4_msgs/msg/EstimatorStatusFlags.msg
[1526.020s] -- Symlinking: /repo/ws/install/share/px4_msgs/msg/Event.msg
[1526.034s] -- Symlinking: /repo/ws/install/share/px4_msgs/msg/FailsafeFlags.msg
[1526.047s] -- Symlinking: /repo/ws/install/share/px4_msgs/msg/FailureDetectorStatus.msg
[1526.061s] -- Symlinking: /repo/ws/install/share/px4_msgs/msg/FigureEightStatus.msg
[1526.074s] -- Symlinking: /repo/ws/install/share/px4_msgs/msg/FixedWingLateralGuidanceStatus.msg
[1526.087s] -- Symlinking: /repo/ws/install/share/px4_msgs/msg/FixedWingLateralSetpoint.msg
[1526.100s] -- Symlinking: /repo/ws/install/share/px4_msgs/msg/FixedWingLateralStatus.msg
[1526.113s] -- Symlinking: /repo/ws/install/share/px4_msgs/msg/FixedWingLongitudinalSetpoint.msg
[1526.126s] -- Symlinking: /repo/ws/install/share/px4_msgs/msg/FixedWingRunwayControl.msg
[1526.140s] -- Symlinking: /repo/ws/install/share/px4_msgs/msg/FlightPhaseEstimation.msg
[1526.154s] -- Symlinking: /repo/ws/install/share/px4_msgs/msg/FollowTarget.msg
[1526.167s] -- Symlinking: /repo/ws/install/share/px4_msgs/msg/FollowTargetEstimator.msg
[1526.180s] -- Symlinking: /repo/ws/install/share/px4_msgs/msg/FollowTargetStatus.msg
[1526.193s] -- Symlinking: /repo/ws/install/share/px4_msgs/msg/FuelTankStatus.msg
[1526.206s] -- Symlinking: /repo/ws/install/share/px4_msgs/msg/GainCompression.msg
[1526.219s] -- Symlinking: /repo/ws/install/share/px4_msgs/msg/GeneratorStatus.msg
[1526.232s] -- Symlinking: /repo/ws/install/share/px4_msgs/msg/GeofenceResult.msg
[1526.245s] -- Symlinking: /repo/ws/install/share/px4_msgs/msg/GeofenceStatus.msg
[1526.259s] -- Symlinking: /repo/ws/install/share/px4_msgs/msg/GimbalControls.msg
[1526.272s] -- Symlinking: /repo/ws/install/share/px4_msgs/msg/GimbalDeviceAttitudeStatus.msg
[1526.285s] -- Symlinking: /repo/ws/install/share/px4_msgs/msg/GimbalDeviceInformation.msg
[1526.298s] -- Symlinking: /repo/ws/install/share/px4_msgs/msg/GimbalDeviceSetAttitude.msg
[1526.312s] -- Symlinking: /repo/ws/install/share/px4_msgs/msg/GimbalManagerInformation.msg
[1526.325s] -- Symlinking: /repo/ws/install/share/px4_msgs/msg/GimbalManagerSetAttitude.msg
[1526.338s] -- Symlinking: /repo/ws/install/share/px4_msgs/msg/GimbalManagerSetManualControl.msg
[1526.352s] -- Symlinking: /repo/ws/install/share/px4_msgs/msg/GimbalManagerStatus.msg
[1526.365s] -- Symlinking: /repo/ws/install/share/px4_msgs/msg/GotoSetpoint.msg
[1526.378s] -- Symlinking: /repo/ws/install/share/px4_msgs/msg/GpioConfig.msg
[1526.391s] -- Symlinking: /repo/ws/install/share/px4_msgs/msg/GpioIn.msg
[1526.404s] -- Symlinking: /repo/ws/install/share/px4_msgs/msg/GpioOut.msg
[1526.418s] -- Symlinking: /repo/ws/install/share/px4_msgs/msg/GpioRequest.msg
[1526.431s] -- Symlinking: /repo/ws/install/share/px4_msgs/msg/GpsDump.msg
[1526.444s] -- Symlinking: /repo/ws/install/share/px4_msgs/msg/GpsInjectData.msg
[1526.458s] -- Symlinking: /repo/ws/install/share/px4_msgs/msg/Gripper.msg
[1526.471s] -- Symlinking: /repo/ws/install/share/px4_msgs/msg/HealthReport.msg
[1526.484s] -- Symlinking: /repo/ws/install/share/px4_msgs/msg/HeaterStatus.msg
[1526.497s] -- Symlinking: /repo/ws/install/share/px4_msgs/msg/HomePosition.msg
[1526.510s] -- Symlinking: /repo/ws/install/share/px4_msgs/msg/HoverThrustEstimate.msg
[1526.523s] -- Symlinking: /repo/ws/install/share/px4_msgs/msg/InputRc.msg
[1526.536s] -- Symlinking: /repo/ws/install/share/px4_msgs/msg/InternalCombustionEngineControl.msg
[1526.549s] -- Symlinking: /repo/ws/install/share/px4_msgs/msg/InternalCombustionEngineStatus.msg
[1526.562s] -- Symlinking: /repo/ws/install/share/px4_msgs/msg/IridiumsbdStatus.msg
[1526.576s] -- Symlinking: /repo/ws/install/share/px4_msgs/msg/IrlockReport.msg
[1526.589s] -- Symlinking: /repo/ws/install/share/px4_msgs/msg/LandingGear.msg
[1526.602s] -- Symlinking: /repo/ws/install/share/px4_msgs/msg/LandingGearWheel.msg
[1526.615s] -- Symlinking: /repo/ws/install/share/px4_msgs/msg/LandingTargetInnovations.msg
[1526.628s] -- Symlinking: /repo/ws/install/share/px4_msgs/msg/LandingTargetPose.msg
[1526.641s] -- Symlinking: /repo/ws/install/share/px4_msgs/msg/LateralControlConfiguration.msg
[1526.656s] -- Symlinking: /repo/ws/install/share/px4_msgs/msg/LaunchDetectionStatus.msg
[1526.668s] -- Symlinking: /repo/ws/install/share/px4_msgs/msg/LedControl.msg
[1526.682s] -- Symlinking: /repo/ws/install/share/px4_msgs/msg/LogMessage.msg
[1526.695s] -- Symlinking: /repo/ws/install/share/px4_msgs/msg/LoggerStatus.msg
[1526.708s] -- Symlinking: /repo/ws/install/share/px4_msgs/msg/LongitudinalControlConfiguration.msg
[1526.721s] -- Symlinking: /repo/ws/install/share/px4_msgs/msg/MagWorkerData.msg
[1526.734s] -- Symlinking: /repo/ws/install/share/px4_msgs/msg/MagnetometerBiasEstimate.msg
[1526.746s] -- Symlinking: /repo/ws/install/share/px4_msgs/msg/ManualControlSetpoint.msg
[1526.760s] -- Symlinking: /repo/ws/install/share/px4_msgs/msg/ManualControlSwitches.msg
[1526.774s] -- Symlinking: /repo/ws/install/share/px4_msgs/msg/MavlinkLog.msg
[1526.787s] -- Symlinking: /repo/ws/install/share/px4_msgs/msg/MavlinkTunnel.msg
[1526.799s] -- Symlinking: /repo/ws/install/share/px4_msgs/msg/MessageFormatRequest.msg
[1526.813s] -- Symlinking: /repo/ws/install/share/px4_msgs/msg/MessageFormatResponse.msg
[1526.826s] -- Symlinking: /repo/ws/install/share/px4_msgs/msg/Mission.msg
[1526.839s] -- Symlinking: /repo/ws/install/share/px4_msgs/msg/MissionResult.msg
[1526.853s] -- Symlinking: /repo/ws/install/share/px4_msgs/msg/ModeCompleted.msg
[1526.866s] -- Symlinking: /repo/ws/install/share/px4_msgs/msg/MountOrientation.msg
[1526.879s] -- Symlinking: /repo/ws/install/share/px4_msgs/msg/NavigatorMissionItem.msg
[1526.892s] -- Symlinking: /repo/ws/install/share/px4_msgs/msg/NavigatorStatus.msg
[1526.905s] -- Symlinking: /repo/ws/install/share/px4_msgs/msg/NeuralControl.msg
[1526.919s] -- Symlinking: /repo/ws/install/share/px4_msgs/msg/NormalizedUnsignedSetpoint.msg
[1526.932s] -- Symlinking: /repo/ws/install/share/px4_msgs/msg/ObstacleDistance.msg
[1526.945s] -- Symlinking: /repo/ws/install/share/px4_msgs/msg/OffboardControlMode.msg
[1526.959s] -- Symlinking: /repo/ws/install/share/px4_msgs/msg/OnboardComputerStatus.msg
[1526.972s] -- Symlinking: /repo/ws/install/share/px4_msgs/msg/OpenDroneIdArmStatus.msg
[1526.985s] -- Symlinking: /repo/ws/install/share/px4_msgs/msg/OpenDroneIdOperatorId.msg
[1526.998s] -- Symlinking: /repo/ws/install/share/px4_msgs/msg/OpenDroneIdSelfId.msg
[1527.011s] -- Symlinking: /repo/ws/install/share/px4_msgs/msg/OpenDroneIdSystem.msg
[1527.025s] -- Symlinking: /repo/ws/install/share/px4_msgs/msg/OrbTest.msg
[1527.038s] -- Symlinking: /repo/ws/install/share/px4_msgs/msg/OrbTestLarge.msg
[1527.052s] -- Symlinking: /repo/ws/install/share/px4_msgs/msg/OrbTestMedium.msg
[1527.065s] -- Symlinking: /repo/ws/install/share/px4_msgs/msg/OrbitStatus.msg
[1527.078s] -- Symlinking: /repo/ws/install/share/px4_msgs/msg/ParameterResetRequest.msg
[1527.091s] -- Symlinking: /repo/ws/install/share/px4_msgs/msg/ParameterSetUsedRequest.msg
[1527.104s] -- Symlinking: /repo/ws/install/share/px4_msgs/msg/ParameterSetValueRequest.msg
[1527.118s] -- Symlinking: /repo/ws/install/share/px4_msgs/msg/ParameterSetValueResponse.msg
[1527.131s] -- Symlinking: /repo/ws/install/share/px4_msgs/msg/ParameterUpdate.msg
[1527.144s] -- Symlinking: /repo/ws/install/share/px4_msgs/msg/Ping.msg
[1527.158s] -- Symlinking: /repo/ws/install/share/px4_msgs/msg/PositionControllerLandingStatus.msg
[1527.172s] -- Symlinking: /repo/ws/install/share/px4_msgs/msg/PositionControllerStatus.msg
[1527.186s] -- Symlinking: /repo/ws/install/share/px4_msgs/msg/PositionSetpoint.msg
[1527.200s] -- Symlinking: /repo/ws/install/share/px4_msgs/msg/PositionSetpointTriplet.msg
[1527.213s] -- Symlinking: /repo/ws/install/share/px4_msgs/msg/PowerButtonState.msg
[1527.226s] -- Symlinking: /repo/ws/install/share/px4_msgs/msg/PowerMonitor.msg
[1527.239s] -- Symlinking: /repo/ws/install/share/px4_msgs/msg/PpsCapture.msg
[1527.253s] -- Symlinking: /repo/ws/install/share/px4_msgs/msg/PurePursuitStatus.msg
[1527.267s] -- Symlinking: /repo/ws/install/share/px4_msgs/msg/PwmInput.msg
[1527.281s] -- Symlinking: /repo/ws/install/share/px4_msgs/msg/Px4ioStatus.msg
[1527.295s] -- Symlinking: /repo/ws/install/share/px4_msgs/msg/QshellReq.msg
[1527.305s] -- Symlinking: /repo/ws/install/share/px4_msgs/msg/QshellRetval.msg
[1527.318s] -- Symlinking: /repo/ws/install/share/px4_msgs/msg/RadioStatus.msg
[1527.335s] -- Symlinking: /repo/ws/install/share/px4_msgs/msg/RaptorInput.msg
[1527.345s] -- Symlinking: /repo/ws/install/share/px4_msgs/msg/RaptorStatus.msg
[1527.360s] -- Symlinking: /repo/ws/install/share/px4_msgs/msg/RateCtrlStatus.msg
[1527.373s] -- Symlinking: /repo/ws/install/share/px4_msgs/msg/RcChannels.msg
[1527.386s] -- Symlinking: /repo/ws/install/share/px4_msgs/msg/RcParameterMap.msg
[1527.399s] -- Symlinking: /repo/ws/install/share/px4_msgs/msg/RegisterExtComponentReply.msg
[1527.411s] -- Symlinking: /repo/ws/install/share/px4_msgs/msg/RegisterExtComponentRequest.msg
[1527.424s] -- Symlinking: /repo/ws/install/share/px4_msgs/msg/RoverAttitudeSetpoint.msg
[1527.437s] -- Symlinking: /repo/ws/install/share/px4_msgs/msg/RoverAttitudeStatus.msg
[1527.451s] -- Symlinking: /repo/ws/install/share/px4_msgs/msg/RoverPositionSetpoint.msg
[1527.465s] -- Symlinking: /repo/ws/install/share/px4_msgs/msg/RoverRateSetpoint.msg
[1527.482s] -- Symlinking: /repo/ws/install/share/px4_msgs/msg/RoverRateStatus.msg
[1527.492s] -- Symlinking: /repo/ws/install/share/px4_msgs/msg/RoverSpeedSetpoint.msg
[1527.505s] -- Symlinking: /repo/ws/install/share/px4_msgs/msg/RoverSpeedStatus.msg
[1527.519s] -- Symlinking: /repo/ws/install/share/px4_msgs/msg/RoverSteeringSetpoint.msg
[1527.532s] -- Symlinking: /repo/ws/install/share/px4_msgs/msg/RoverThrottleSetpoint.msg
[1527.545s] -- Symlinking: /repo/ws/install/share/px4_msgs/msg/Rpm.msg
[1527.559s] -- Symlinking: /repo/ws/install/share/px4_msgs/msg/RtlStatus.msg
[1527.572s] -- Symlinking: /repo/ws/install/share/px4_msgs/msg/RtlTimeEstimate.msg
[1527.585s] -- Symlinking: /repo/ws/install/share/px4_msgs/msg/SatelliteInfo.msg
[1527.598s] -- Symlinking: /repo/ws/install/share/px4_msgs/msg/SensorAccel.msg
[1527.611s] -- Symlinking: /repo/ws/install/share/px4_msgs/msg/SensorAccelFifo.msg
[1527.624s] -- Symlinking: /repo/ws/install/share/px4_msgs/msg/SensorAirflow.msg
[1527.638s] -- Symlinking: /repo/ws/install/share/px4_msgs/msg/SensorBaro.msg
[1527.653s] -- Symlinking: /repo/ws/install/share/px4_msgs/msg/SensorCombined.msg
[1527.666s] -- Symlinking: /repo/ws/install/share/px4_msgs/msg/SensorCorrection.msg
[1527.680s] -- Symlinking: /repo/ws/install/share/px4_msgs/msg/SensorGnssRelative.msg
[1527.692s] -- Symlinking: /repo/ws/install/share/px4_msgs/msg/SensorGnssStatus.msg
[1527.704s] -- Symlinking: /repo/ws/install/share/px4_msgs/msg/SensorGps.msg
[1527.717s] -- Symlinking: /repo/ws/install/share/px4_msgs/msg/SensorGyro.msg
[1527.731s] -- Symlinking: /repo/ws/install/share/px4_msgs/msg/SensorGyroFft.msg
[1527.744s] -- Symlinking: /repo/ws/install/share/px4_msgs/msg/SensorGyroFifo.msg
[1527.757s] -- Symlinking: /repo/ws/install/share/px4_msgs/msg/SensorHygrometer.msg
[1527.771s] -- Symlinking: /repo/ws/install/share/px4_msgs/msg/SensorMag.msg
[1527.784s] -- Symlinking: /repo/ws/install/share/px4_msgs/msg/SensorOpticalFlow.msg
[1527.797s] -- Symlinking: /repo/ws/install/share/px4_msgs/msg/SensorPreflightMag.msg
[1527.810s] -- Symlinking: /repo/ws/install/share/px4_msgs/msg/SensorSelection.msg
[1527.823s] -- Symlinking: /repo/ws/install/share/px4_msgs/msg/SensorTemp.msg
[1527.837s] -- Symlinking: /repo/ws/install/share/px4_msgs/msg/SensorUwb.msg
[1527.850s] -- Symlinking: /repo/ws/install/share/px4_msgs/msg/SensorsStatus.msg
[1527.863s] -- Symlinking: /repo/ws/install/share/px4_msgs/msg/SensorsStatusImu.msg
[1527.877s] -- Symlinking: /repo/ws/install/share/px4_msgs/msg/SystemPower.msg
[1527.890s] -- Symlinking: /repo/ws/install/share/px4_msgs/msg/TakeoffStatus.msg
[1527.903s] -- Symlinking: /repo/ws/install/share/px4_msgs/msg/TaskStackInfo.msg
[1527.916s] -- Symlinking: /repo/ws/install/share/px4_msgs/msg/TecsStatus.msg
[1527.929s] -- Symlinking: /repo/ws/install/share/px4_msgs/msg/TelemetryStatus.msg
[1527.942s] -- Symlinking: /repo/ws/install/share/px4_msgs/msg/TiltrotorExtraControls.msg
[1527.956s] -- Symlinking: /repo/ws/install/share/px4_msgs/msg/TimesyncStatus.msg
[1527.969s] -- Symlinking: /repo/ws/install/share/px4_msgs/msg/TrajectorySetpoint.msg
[1527.982s] -- Symlinking: /repo/ws/install/share/px4_msgs/msg/TrajectorySetpoint6dof.msg
[1527.995s] -- Symlinking: /repo/ws/install/share/px4_msgs/msg/TransponderReport.msg
[1528.008s] -- Symlinking: /repo/ws/install/share/px4_msgs/msg/TuneControl.msg
[1528.021s] -- Symlinking: /repo/ws/install/share/px4_msgs/msg/UavcanParameterRequest.msg
[1528.034s] -- Symlinking: /repo/ws/install/share/px4_msgs/msg/UavcanParameterValue.msg
[1528.047s] -- Symlinking: /repo/ws/install/share/px4_msgs/msg/UlogStream.msg
[1528.061s] -- Symlinking: /repo/ws/install/share/px4_msgs/msg/UlogStreamAck.msg
[1528.074s] -- Symlinking: /repo/ws/install/share/px4_msgs/msg/UnregisterExtComponent.msg
[1528.087s] -- Symlinking: /repo/ws/install/share/px4_msgs/msg/VehicleAcceleration.msg
[1528.101s] -- Symlinking: /repo/ws/install/share/px4_msgs/msg/VehicleAirData.msg
[1528.114s] -- Symlinking: /repo/ws/install/share/px4_msgs/msg/VehicleAngularAccelerationSetpoint.msg
[1528.127s] -- Symlinking: /repo/ws/install/share/px4_msgs/msg/VehicleAngularVelocity.msg
[1528.140s] -- Symlinking: /repo/ws/install/share/px4_msgs/msg/VehicleAttitude.msg
[1528.154s] -- Symlinking: /repo/ws/install/share/px4_msgs/msg/VehicleAttitudeSetpoint.msg
[1528.168s] -- Symlinking: /repo/ws/install/share/px4_msgs/msg/VehicleCommand.msg
[1528.180s] -- Symlinking: /repo/ws/install/share/px4_msgs/msg/VehicleCommandAck.msg
[1528.194s] -- Symlinking: /repo/ws/install/share/px4_msgs/msg/VehicleConstraints.msg
[1528.206s] -- Symlinking: /repo/ws/install/share/px4_msgs/msg/VehicleControlMode.msg
[1528.220s] -- Symlinking: /repo/ws/install/share/px4_msgs/msg/VehicleGlobalPosition.msg
[1528.233s] -- Symlinking: /repo/ws/install/share/px4_msgs/msg/VehicleImu.msg
[1528.245s] -- Symlinking: /repo/ws/install/share/px4_msgs/msg/VehicleImuStatus.msg
[1528.260s] -- Symlinking: /repo/ws/install/share/px4_msgs/msg/VehicleLandDetected.msg
[1528.273s] -- Symlinking: /repo/ws/install/share/px4_msgs/msg/VehicleLocalPosition.msg
[1528.286s] -- Symlinking: /repo/ws/install/share/px4_msgs/msg/VehicleLocalPositionSetpoint.msg
[1528.299s] -- Symlinking: /repo/ws/install/share/px4_msgs/msg/VehicleMagnetometer.msg
[1528.312s] -- Symlinking: /repo/ws/install/share/px4_msgs/msg/VehicleOdometry.msg
[1528.326s] -- Symlinking: /repo/ws/install/share/px4_msgs/msg/VehicleOpticalFlow.msg
[1528.339s] -- Symlinking: /repo/ws/install/share/px4_msgs/msg/VehicleOpticalFlowVel.msg
[1528.352s] -- Symlinking: /repo/ws/install/share/px4_msgs/msg/VehicleRatesSetpoint.msg
[1528.366s] -- Symlinking: /repo/ws/install/share/px4_msgs/msg/VehicleRoi.msg
[1528.379s] -- Symlinking: /repo/ws/install/share/px4_msgs/msg/VehicleStatus.msg
[1528.392s] -- Symlinking: /repo/ws/install/share/px4_msgs/msg/VehicleThrustSetpoint.msg
[1528.406s] -- Symlinking: /repo/ws/install/share/px4_msgs/msg/VehicleTorqueSetpoint.msg
[1528.419s] -- Symlinking: /repo/ws/install/share/px4_msgs/msg/VelocityLimits.msg
[1528.433s] -- Symlinking: /repo/ws/install/share/px4_msgs/msg/VtolVehicleStatus.msg
[1528.445s] -- Symlinking: /repo/ws/install/share/px4_msgs/msg/Vtx.msg
[1528.460s] -- Symlinking: /repo/ws/install/share/px4_msgs/msg/WheelEncoders.msg
[1528.473s] -- Symlinking: /repo/ws/install/share/px4_msgs/msg/Wind.msg
[1528.486s] -- Symlinking: /repo/ws/install/share/px4_msgs/msg/YawEstimatorStatus.msg
[1528.499s] -- Symlinking: /repo/ws/install/share/px4_msgs/srv/VehicleCommand.srv
[1528.512s] -- Symlinking: /repo/ws/install/share/ament_index/resource_index/package_run_dependencies/px4_msgs
[1528.526s] -- Symlinking: /repo/ws/install/share/ament_index/resource_index/parent_prefix_path/px4_msgs
[1528.539s] -- Symlinking: /repo/ws/install/share/px4_msgs/environment/ament_prefix_path.sh
[1528.552s] -- Symlinking: /repo/ws/install/share/px4_msgs/environment/ament_prefix_path.dsv
[1528.567s] -- Symlinking: /repo/ws/install/share/px4_msgs/environment/path.sh
[1528.580s] -- Symlinking: /repo/ws/install/share/px4_msgs/environment/path.dsv
[1528.593s] -- Symlinking: /repo/ws/install/share/px4_msgs/local_setup.bash
[1528.606s] -- Symlinking: /repo/ws/install/share/px4_msgs/local_setup.sh
[1528.620s] -- Symlinking: /repo/ws/install/share/px4_msgs/local_setup.zsh
[1528.633s] -- Symlinking: /repo/ws/install/share/px4_msgs/local_setup.dsv
[1528.647s] -- Symlinking: /repo/ws/install/share/px4_msgs/package.dsv
[1528.661s] -- Symlinking: /repo/ws/install/share/ament_index/resource_index/packages/px4_msgs
[1528.674s] -- Symlinking: /repo/ws/install/share/px4_msgs/cmake/rosidl_cmake-extras.cmake
[1528.687s] -- Symlinking: /repo/ws/install/share/px4_msgs/cmake/ament_cmake_export_dependencies-extras.cmake
[1528.700s] -- Symlinking: /repo/ws/install/share/px4_msgs/cmake/ament_cmake_export_include_directories-extras.cmake
[1528.713s] -- Symlinking: /repo/ws/install/share/px4_msgs/cmake/ament_cmake_export_libraries-extras.cmake
[1528.726s] -- Symlinking: /repo/ws/install/share/px4_msgs/cmake/ament_cmake_export_targets-extras.cmake
[1528.739s] -- Symlinking: /repo/ws/install/share/px4_msgs/cmake/rosidl_cmake_export_typesupport_targets-extras.cmake
[1528.753s] -- Symlinking: /repo/ws/install/share/px4_msgs/cmake/rosidl_cmake_export_typesupport_libraries-extras.cmake
[1528.767s] -- Symlinking: /repo/ws/install/share/px4_msgs/cmake/px4_msgsConfig.cmake
[1528.780s] -- Symlinking: /repo/ws/install/share/px4_msgs/cmake/px4_msgsConfig-version.cmake
[1528.793s] -- Symlinking: /repo/ws/install/share/px4_msgs/package.xml
[1528.806s] -- Installing: /repo/ws/install/lib/libpx4_msgs__rosidl_generator_c.so
[1528.810s] -- Set non-toolchain portion of runtime path of "/repo/ws/install/lib/libpx4_msgs__rosidl_generator_c.so" to ""
[1528.810s] -- Installing: /repo/ws/install/lib/libpx4_msgs__rosidl_typesupport_fastrtps_c.so
[1528.812s] -- Set non-toolchain portion of runtime path of "/repo/ws/install/lib/libpx4_msgs__rosidl_typesupport_fastrtps_c.so" to ""
[1528.812s] -- Installing: /repo/ws/install/lib/libpx4_msgs__rosidl_typesupport_fastrtps_cpp.so
[1528.815s] -- Set non-toolchain portion of runtime path of "/repo/ws/install/lib/libpx4_msgs__rosidl_typesupport_fastrtps_cpp.so" to ""
[1528.816s] -- Installing: /repo/ws/install/lib/libpx4_msgs__rosidl_typesupport_introspection_c.so
[1528.817s] -- Set non-toolchain portion of runtime path of "/repo/ws/install/lib/libpx4_msgs__rosidl_typesupport_introspection_c.so" to ""
[1528.817s] -- Installing: /repo/ws/install/lib/libpx4_msgs__rosidl_typesupport_c.so
[1528.818s] -- Set non-toolchain portion of runtime path of "/repo/ws/install/lib/libpx4_msgs__rosidl_typesupport_c.so" to ""
[1528.818s] -- Installing: /repo/ws/install/lib/libpx4_msgs__rosidl_typesupport_introspection_cpp.so
[1528.821s] -- Set non-toolchain portion of runtime path of "/repo/ws/install/lib/libpx4_msgs__rosidl_typesupport_introspection_cpp.so" to ""
[1528.821s] -- Installing: /repo/ws/install/lib/libpx4_msgs__rosidl_typesupport_cpp.so
[1528.822s] -- Set non-toolchain portion of runtime path of "/repo/ws/install/lib/libpx4_msgs__rosidl_typesupport_cpp.so" to ""
[1529.101s] Listing '/repo/ws/install/lib/python3.12/site-packages/px4_msgs'...
[1529.101s] Compiling '/repo/ws/install/lib/python3.12/site-packages/px4_msgs/__init__.py'...
[1529.101s] Listing '/repo/ws/install/lib/python3.12/site-packages/px4_msgs/msg'...
[1529.101s] Compiling '/repo/ws/install/lib/python3.12/site-packages/px4_msgs/msg/__init__.py'...
[1529.101s] Compiling '/repo/ws/install/lib/python3.12/site-packages/px4_msgs/msg/_action_request.py'...
[1529.101s] Compiling '/repo/ws/install/lib/python3.12/site-packages/px4_msgs/msg/_actuator_armed.py'...
[1529.101s] Compiling '/repo/ws/install/lib/python3.12/site-packages/px4_msgs/msg/_actuator_controls_status.py'...
[1529.101s] Compiling '/repo/ws/install/lib/python3.12/site-packages/px4_msgs/msg/_actuator_motors.py'...
[1529.101s] Compiling '/repo/ws/install/lib/python3.12/site-packages/px4_msgs/msg/_actuator_outputs.py'...
[1529.101s] Compiling '/repo/ws/install/lib/python3.12/site-packages/px4_msgs/msg/_actuator_servos.py'...
[1529.101s] Compiling '/repo/ws/install/lib/python3.12/site-packages/px4_msgs/msg/_actuator_servos_trim.py'...
[1529.102s] Compiling '/repo/ws/install/lib/python3.12/site-packages/px4_msgs/msg/_actuator_test.py'...
[1529.102s] Compiling '/repo/ws/install/lib/python3.12/site-packages/px4_msgs/msg/_adc_report.py'...
[1529.102s] Compiling '/repo/ws/install/lib/python3.12/site-packages/px4_msgs/msg/_airspeed.py'...
[1529.102s] Compiling '/repo/ws/install/lib/python3.12/site-packages/px4_msgs/msg/_airspeed_validated.py'...
[1529.102s] Compiling '/repo/ws/install/lib/python3.12/site-packages/px4_msgs/msg/_airspeed_wind.py'...
[1529.102s] Compiling '/repo/ws/install/lib/python3.12/site-packages/px4_msgs/msg/_arming_check_reply.py'...
[1529.103s] Compiling '/repo/ws/install/lib/python3.12/site-packages/px4_msgs/msg/_arming_check_request.py'...
[1529.103s] Compiling '/repo/ws/install/lib/python3.12/site-packages/px4_msgs/msg/_autotune_attitude_control_status.py'...
[1529.103s] Compiling '/repo/ws/install/lib/python3.12/site-packages/px4_msgs/msg/_battery_info.py'...
[1529.103s] Compiling '/repo/ws/install/lib/python3.12/site-packages/px4_msgs/msg/_battery_status.py'...
[1529.103s] Compiling '/repo/ws/install/lib/python3.12/site-packages/px4_msgs/msg/_button_event.py'...
[1529.103s] Compiling '/repo/ws/install/lib/python3.12/site-packages/px4_msgs/msg/_camera_capture.py'...
[1529.103s] Compiling '/repo/ws/install/lib/python3.12/site-packages/px4_msgs/msg/_camera_status.py'...
[1529.103s] Compiling '/repo/ws/install/lib/python3.12/site-packages/px4_msgs/msg/_camera_trigger.py'...
[1529.103s] Compiling '/repo/ws/install/lib/python3.12/site-packages/px4_msgs/msg/_can_interface_status.py'...
[1529.103s] Compiling '/repo/ws/install/lib/python3.12/site-packages/px4_msgs/msg/_cellular_status.py'...
[1529.103s] Compiling '/repo/ws/install/lib/python3.12/site-packages/px4_msgs/msg/_collision_constraints.py'...
[1529.103s] Compiling '/repo/ws/install/lib/python3.12/site-packages/px4_msgs/msg/_config_overrides.py'...
[1529.103s] Compiling '/repo/ws/install/lib/python3.12/site-packages/px4_msgs/msg/_control_allocator_status.py'...
[1529.104s] Compiling '/repo/ws/install/lib/python3.12/site-packages/px4_msgs/msg/_cpuload.py'...
[1529.104s] Compiling '/repo/ws/install/lib/python3.12/site-packages/px4_msgs/msg/_dataman_request.py'...
[1529.104s] Compiling '/repo/ws/install/lib/python3.12/site-packages/px4_msgs/msg/_dataman_response.py'...
[1529.104s] Compiling '/repo/ws/install/lib/python3.12/site-packages/px4_msgs/msg/_debug_array.py'...
[1529.104s] Compiling '/repo/ws/install/lib/python3.12/site-packages/px4_msgs/msg/_debug_key_value.py'...
[1529.104s] Compiling '/repo/ws/install/lib/python3.12/site-packages/px4_msgs/msg/_debug_value.py'...
[1529.104s] Compiling '/repo/ws/install/lib/python3.12/site-packages/px4_msgs/msg/_debug_vect.py'...
[1529.104s] Compiling '/repo/ws/install/lib/python3.12/site-packages/px4_msgs/msg/_device_information.py'...
[1529.104s] Compiling '/repo/ws/install/lib/python3.12/site-packages/px4_msgs/msg/_differential_pressure.py'...
[1529.104s] Compiling '/repo/ws/install/lib/python3.12/site-packages/px4_msgs/msg/_distance_sensor.py'...
[1529.104s] Compiling '/repo/ws/install/lib/python3.12/site-packages/px4_msgs/msg/_distance_sensor_mode_change_request.py'...
[1529.104s] Compiling '/repo/ws/install/lib/python3.12/site-packages/px4_msgs/msg/_dronecan_node_status.py'...
[1529.104s] Compiling '/repo/ws/install/lib/python3.12/site-packages/px4_msgs/msg/_ekf2_timestamps.py'...
[1529.105s] Compiling '/repo/ws/install/lib/python3.12/site-packages/px4_msgs/msg/_esc_report.py'...
[1529.105s] Compiling '/repo/ws/install/lib/python3.12/site-packages/px4_msgs/msg/_esc_status.py'...
[1529.105s] Compiling '/repo/ws/install/lib/python3.12/site-packages/px4_msgs/msg/_estimator_aid_source1d.py'...
[1529.105s] Compiling '/repo/ws/install/lib/python3.12/site-packages/px4_msgs/msg/_estimator_aid_source2d.py'...
[1529.105s] Compiling '/repo/ws/install/lib/python3.12/site-packages/px4_msgs/msg/_estimator_aid_source3d.py'...
[1529.105s] Compiling '/repo/ws/install/lib/python3.12/site-packages/px4_msgs/msg/_estimator_bias.py'...
[1529.105s] Compiling '/repo/ws/install/lib/python3.12/site-packages/px4_msgs/msg/_estimator_bias3d.py'...
[1529.105s] Compiling '/repo/ws/install/lib/python3.12/site-packages/px4_msgs/msg/_estimator_event_flags.py'...
[1529.105s] Compiling '/repo/ws/install/lib/python3.12/site-packages/px4_msgs/msg/_estimator_gps_status.py'...
[1529.105s] Compiling '/repo/ws/install/lib/python3.12/site-packages/px4_msgs/msg/_estimator_innovations.py'...
[1529.105s] Compiling '/repo/ws/install/lib/python3.12/site-packages/px4_msgs/msg/_estimator_selector_status.py'...
[1529.105s] Compiling '/repo/ws/install/lib/python3.12/site-packages/px4_msgs/msg/_estimator_sensor_bias.py'...
[1529.105s] Compiling '/repo/ws/install/lib/python3.12/site-packages/px4_msgs/msg/_estimator_states.py'...
[1529.106s] Compiling '/repo/ws/install/lib/python3.12/site-packages/px4_msgs/msg/_estimator_status.py'...
[1529.106s] Compiling '/repo/ws/install/lib/python3.12/site-packages/px4_msgs/msg/_estimator_status_flags.py'...
[1529.106s] Compiling '/repo/ws/install/lib/python3.12/site-packages/px4_msgs/msg/_event.py'...
[1529.106s] Compiling '/repo/ws/install/lib/python3.12/site-packages/px4_msgs/msg/_failsafe_flags.py'...
[1529.106s] Compiling '/repo/ws/install/lib/python3.12/site-packages/px4_msgs/msg/_failure_detector_status.py'...
[1529.106s] Compiling '/repo/ws/install/lib/python3.12/site-packages/px4_msgs/msg/_figure_eight_status.py'...
[1529.106s] Compiling '/repo/ws/install/lib/python3.12/site-packages/px4_msgs/msg/_fixed_wing_lateral_guidance_status.py'...
[1529.106s] Compiling '/repo/ws/install/lib/python3.12/site-packages/px4_msgs/msg/_fixed_wing_lateral_setpoint.py'...
[1529.106s] Compiling '/repo/ws/install/lib/python3.12/site-packages/px4_msgs/msg/_fixed_wing_lateral_status.py'...
[1529.106s] Compiling '/repo/ws/install/lib/python3.12/site-packages/px4_msgs/msg/_fixed_wing_longitudinal_setpoint.py'...
[1529.106s] Compiling '/repo/ws/install/lib/python3.12/site-packages/px4_msgs/msg/_fixed_wing_runway_control.py'...
[1529.106s] Compiling '/repo/ws/install/lib/python3.12/site-packages/px4_msgs/msg/_flight_phase_estimation.py'...
[1529.106s] Compiling '/repo/ws/install/lib/python3.12/site-packages/px4_msgs/msg/_follow_target.py'...
[1529.107s] Compiling '/repo/ws/install/lib/python3.12/site-packages/px4_msgs/msg/_follow_target_estimator.py'...
[1529.107s] Compiling '/repo/ws/install/lib/python3.12/site-packages/px4_msgs/msg/_follow_target_status.py'...
[1529.107s] Compiling '/repo/ws/install/lib/python3.12/site-packages/px4_msgs/msg/_fuel_tank_status.py'...
[1529.107s] Compiling '/repo/ws/install/lib/python3.12/site-packages/px4_msgs/msg/_gain_compression.py'...
[1529.107s] Compiling '/repo/ws/install/lib/python3.12/site-packages/px4_msgs/msg/_generator_status.py'...
[1529.107s] Compiling '/repo/ws/install/lib/python3.12/site-packages/px4_msgs/msg/_geofence_result.py'...
[1529.107s] Compiling '/repo/ws/install/lib/python3.12/site-packages/px4_msgs/msg/_geofence_status.py'...
[1529.107s] Compiling '/repo/ws/install/lib/python3.12/site-packages/px4_msgs/msg/_gimbal_controls.py'...
[1529.107s] Compiling '/repo/ws/install/lib/python3.12/site-packages/px4_msgs/msg/_gimbal_device_attitude_status.py'...
[1529.107s] Compiling '/repo/ws/install/lib/python3.12/site-packages/px4_msgs/msg/_gimbal_device_information.py'...
[1529.107s] Compiling '/repo/ws/install/lib/python3.12/site-packages/px4_msgs/msg/_gimbal_device_set_attitude.py'...
[1529.107s] Compiling '/repo/ws/install/lib/python3.12/site-packages/px4_msgs/msg/_gimbal_manager_information.py'...
[1529.107s] Compiling '/repo/ws/install/lib/python3.12/site-packages/px4_msgs/msg/_gimbal_manager_set_attitude.py'...
[1529.108s] Compiling '/repo/ws/install/lib/python3.12/site-packages/px4_msgs/msg/_gimbal_manager_set_manual_control.py'...
[1529.108s] Compiling '/repo/ws/install/lib/python3.12/site-packages/px4_msgs/msg/_gimbal_manager_status.py'...
[1529.310s] Compiling '/repo/ws/install/lib/python3.12/site-packages/px4_msgs/msg/_goto_setpoint.py'...
[1529.310s] Compiling '/repo/ws/install/lib/python3.12/site-packages/px4_msgs/msg/_gpio_config.py'...
[1529.310s] Compiling '/repo/ws/install/lib/python3.12/site-packages/px4_msgs/msg/_gpio_in.py'...
[1529.311s] Compiling '/repo/ws/install/lib/python3.12/site-packages/px4_msgs/msg/_gpio_out.py'...
[1529.311s] Compiling '/repo/ws/install/lib/python3.12/site-packages/px4_msgs/msg/_gpio_request.py'...
[1529.311s] Compiling '/repo/ws/install/lib/python3.12/site-packages/px4_msgs/msg/_gps_dump.py'...
[1529.311s] Compiling '/repo/ws/install/lib/python3.12/site-packages/px4_msgs/msg/_gps_inject_data.py'...
[1529.311s] Compiling '/repo/ws/install/lib/python3.12/site-packages/px4_msgs/msg/_gripper.py'...
[1529.311s] Compiling '/repo/ws/install/lib/python3.12/site-packages/px4_msgs/msg/_health_report.py'...
[1529.311s] Compiling '/repo/ws/install/lib/python3.12/site-packages/px4_msgs/msg/_heater_status.py'...
[1529.311s] Compiling '/repo/ws/install/lib/python3.12/site-packages/px4_msgs/msg/_home_position.py'...
[1529.311s] Compiling '/repo/ws/install/lib/python3.12/site-packages/px4_msgs/msg/_hover_thrust_estimate.py'...
[1529.311s] Compiling '/repo/ws/install/lib/python3.12/site-packages/px4_msgs/msg/_input_rc.py'...
[1529.311s] Compiling '/repo/ws/install/lib/python3.12/site-packages/px4_msgs/msg/_internal_combustion_engine_control.py'...
[1529.311s] Compiling '/repo/ws/install/lib/python3.12/site-packages/px4_msgs/msg/_internal_combustion_engine_status.py'...
[1529.311s] Compiling '/repo/ws/install/lib/python3.12/site-packages/px4_msgs/msg/_iridiumsbd_status.py'...
[1529.312s] Compiling '/repo/ws/install/lib/python3.12/site-packages/px4_msgs/msg/_irlock_report.py'...
[1529.312s] Compiling '/repo/ws/install/lib/python3.12/site-packages/px4_msgs/msg/_landing_gear.py'...
[1529.312s] Compiling '/repo/ws/install/lib/python3.12/site-packages/px4_msgs/msg/_landing_gear_wheel.py'...
[1529.312s] Compiling '/repo/ws/install/lib/python3.12/site-packages/px4_msgs/msg/_landing_target_innovations.py'...
[1529.312s] Compiling '/repo/ws/install/lib/python3.12/site-packages/px4_msgs/msg/_landing_target_pose.py'...
[1529.312s] Compiling '/repo/ws/install/lib/python3.12/site-packages/px4_msgs/msg/_lateral_control_configuration.py'...
[1529.312s] Compiling '/repo/ws/install/lib/python3.12/site-packages/px4_msgs/msg/_launch_detection_status.py'...
[1529.313s] Compiling '/repo/ws/install/lib/python3.12/site-packages/px4_msgs/msg/_led_control.py'...
[1529.313s] Compiling '/repo/ws/install/lib/python3.12/site-packages/px4_msgs/msg/_log_message.py'...
[1529.313s] Compiling '/repo/ws/install/lib/python3.12/site-packages/px4_msgs/msg/_logger_status.py'...
[1529.313s] Compiling '/repo/ws/install/lib/python3.12/site-packages/px4_msgs/msg/_longitudinal_control_configuration.py'...
[1529.313s] Compiling '/repo/ws/install/lib/python3.12/site-packages/px4_msgs/msg/_mag_worker_data.py'...
[1529.313s] Compiling '/repo/ws/install/lib/python3.12/site-packages/px4_msgs/msg/_magnetometer_bias_estimate.py'...
[1529.313s] Compiling '/repo/ws/install/lib/python3.12/site-packages/px4_msgs/msg/_manual_control_setpoint.py'...
[1529.313s] Compiling '/repo/ws/install/lib/python3.12/site-packages/px4_msgs/msg/_manual_control_switches.py'...
[1529.313s] Compiling '/repo/ws/install/lib/python3.12/site-packages/px4_msgs/msg/_mavlink_log.py'...
[1529.313s] Compiling '/repo/ws/install/lib/python3.12/site-packages/px4_msgs/msg/_mavlink_tunnel.py'...
[1529.313s] Compiling '/repo/ws/install/lib/python3.12/site-packages/px4_msgs/msg/_message_format_request.py'...
[1529.313s] Compiling '/repo/ws/install/lib/python3.12/site-packages/px4_msgs/msg/_message_format_response.py'...
[1529.313s] Compiling '/repo/ws/install/lib/python3.12/site-packages/px4_msgs/msg/_mission.py'...
[1529.314s] Compiling '/repo/ws/install/lib/python3.12/site-packages/px4_msgs/msg/_mission_result.py'...
[1529.314s] Compiling '/repo/ws/install/lib/python3.12/site-packages/px4_msgs/msg/_mode_completed.py'...
[1529.314s] Compiling '/repo/ws/install/lib/python3.12/site-packages/px4_msgs/msg/_mount_orientation.py'...
[1529.314s] Compiling '/repo/ws/install/lib/python3.12/site-packages/px4_msgs/msg/_navigator_mission_item.py'...
[1529.314s] Compiling '/repo/ws/install/lib/python3.12/site-packages/px4_msgs/msg/_navigator_status.py'...
[1529.314s] Compiling '/repo/ws/install/lib/python3.12/site-packages/px4_msgs/msg/_neural_control.py'...
[1529.314s] Compiling '/repo/ws/install/lib/python3.12/site-packages/px4_msgs/msg/_normalized_unsigned_setpoint.py'...
[1529.314s] Compiling '/repo/ws/install/lib/python3.12/site-packages/px4_msgs/msg/_obstacle_distance.py'...
[1529.314s] Compiling '/repo/ws/install/lib/python3.12/site-packages/px4_msgs/msg/_offboard_control_mode.py'...
[1529.315s] Compiling '/repo/ws/install/lib/python3.12/site-packages/px4_msgs/msg/_onboard_computer_status.py'...
[1529.315s] Compiling '/repo/ws/install/lib/python3.12/site-packages/px4_msgs/msg/_open_drone_id_arm_status.py'...
[1529.315s] Compiling '/repo/ws/install/lib/python3.12/site-packages/px4_msgs/msg/_open_drone_id_operator_id.py'...
[1529.315s] Compiling '/repo/ws/install/lib/python3.12/site-packages/px4_msgs/msg/_open_drone_id_self_id.py'...
[1529.315s] Compiling '/repo/ws/install/lib/python3.12/site-packages/px4_msgs/msg/_open_drone_id_system.py'...
[1529.315s] Compiling '/repo/ws/install/lib/python3.12/site-packages/px4_msgs/msg/_orb_test.py'...
[1529.315s] Compiling '/repo/ws/install/lib/python3.12/site-packages/px4_msgs/msg/_orb_test_large.py'...
[1529.315s] Compiling '/repo/ws/install/lib/python3.12/site-packages/px4_msgs/msg/_orb_test_medium.py'...
[1529.315s] Compiling '/repo/ws/install/lib/python3.12/site-packages/px4_msgs/msg/_orbit_status.py'...
[1529.315s] Compiling '/repo/ws/install/lib/python3.12/site-packages/px4_msgs/msg/_parameter_reset_request.py'...
[1529.315s] Compiling '/repo/ws/install/lib/python3.12/site-packages/px4_msgs/msg/_parameter_set_used_request.py'...
[1529.315s] Compiling '/repo/ws/install/lib/python3.12/site-packages/px4_msgs/msg/_parameter_set_value_request.py'...
[1529.315s] Compiling '/repo/ws/install/lib/python3.12/site-packages/px4_msgs/msg/_parameter_set_value_response.py'...
[1529.316s] Compiling '/repo/ws/install/lib/python3.12/site-packages/px4_msgs/msg/_parameter_update.py'...
[1529.316s] Compiling '/repo/ws/install/lib/python3.12/site-packages/px4_msgs/msg/_ping.py'...
[1529.316s] Compiling '/repo/ws/install/lib/python3.12/site-packages/px4_msgs/msg/_position_controller_landing_status.py'...
[1529.316s] Compiling '/repo/ws/install/lib/python3.12/site-packages/px4_msgs/msg/_position_controller_status.py'...
[1529.316s] Compiling '/repo/ws/install/lib/python3.12/site-packages/px4_msgs/msg/_position_setpoint.py'...
[1529.316s] Compiling '/repo/ws/install/lib/python3.12/site-packages/px4_msgs/msg/_position_setpoint_triplet.py'...
[1529.316s] Compiling '/repo/ws/install/lib/python3.12/site-packages/px4_msgs/msg/_power_button_state.py'...
[1529.316s] Compiling '/repo/ws/install/lib/python3.12/site-packages/px4_msgs/msg/_power_monitor.py'...
[1529.316s] Compiling '/repo/ws/install/lib/python3.12/site-packages/px4_msgs/msg/_pps_capture.py'...
[1529.316s] Compiling '/repo/ws/install/lib/python3.12/site-packages/px4_msgs/msg/_pure_pursuit_status.py'...
[1529.316s] Compiling '/repo/ws/install/lib/python3.12/site-packages/px4_msgs/msg/_pwm_input.py'...
[1529.316s] Compiling '/repo/ws/install/lib/python3.12/site-packages/px4_msgs/msg/_px4io_status.py'...
[1529.317s] Compiling '/repo/ws/install/lib/python3.12/site-packages/px4_msgs/msg/_qshell_req.py'...
[1529.317s] Compiling '/repo/ws/install/lib/python3.12/site-packages/px4_msgs/msg/_qshell_retval.py'...
[1529.317s] Compiling '/repo/ws/install/lib/python3.12/site-packages/px4_msgs/msg/_radio_status.py'...
[1529.317s] Compiling '/repo/ws/install/lib/python3.12/site-packages/px4_msgs/msg/_raptor_input.py'...
[1529.317s] Compiling '/repo/ws/install/lib/python3.12/site-packages/px4_msgs/msg/_raptor_status.py'...
[1529.317s] Compiling '/repo/ws/install/lib/python3.12/site-packages/px4_msgs/msg/_rate_ctrl_status.py'...
[1529.317s] Compiling '/repo/ws/install/lib/python3.12/site-packages/px4_msgs/msg/_rc_channels.py'...
[1529.317s] Compiling '/repo/ws/install/lib/python3.12/site-packages/px4_msgs/msg/_rc_parameter_map.py'...
[1529.317s] Compiling '/repo/ws/install/lib/python3.12/site-packages/px4_msgs/msg/_register_ext_component_reply.py'...
[1529.317s] Compiling '/repo/ws/install/lib/python3.12/site-packages/px4_msgs/msg/_register_ext_component_request.py'...
[1529.317s] Compiling '/repo/ws/install/lib/python3.12/site-packages/px4_msgs/msg/_rover_attitude_setpoint.py'...
[1529.317s] Compiling '/repo/ws/install/lib/python3.12/site-packages/px4_msgs/msg/_rover_attitude_status.py'...
[1529.317s] Compiling '/repo/ws/install/lib/python3.12/site-packages/px4_msgs/msg/_rover_position_setpoint.py'...
[1529.318s] Compiling '/repo/ws/install/lib/python3.12/site-packages/px4_msgs/msg/_rover_rate_setpoint.py'...
[1529.553s] Compiling '/repo/ws/install/lib/python3.12/site-packages/px4_msgs/msg/_rover_rate_status.py'...
[1529.554s] Compiling '/repo/ws/install/lib/python3.12/site-packages/px4_msgs/msg/_rover_speed_setpoint.py'...
[1529.554s] Compiling '/repo/ws/install/lib/python3.12/site-packages/px4_msgs/msg/_rover_speed_status.py'...
[1529.554s] Compiling '/repo/ws/install/lib/python3.12/site-packages/px4_msgs/msg/_rover_steering_setpoint.py'...
[1529.554s] Compiling '/repo/ws/install/lib/python3.12/site-packages/px4_msgs/msg/_rover_throttle_setpoint.py'...
[1529.554s] Compiling '/repo/ws/install/lib/python3.12/site-packages/px4_msgs/msg/_rpm.py'...
[1529.554s] Compiling '/repo/ws/install/lib/python3.12/site-packages/px4_msgs/msg/_rtl_status.py'...
[1529.554s] Compiling '/repo/ws/install/lib/python3.12/site-packages/px4_msgs/msg/_rtl_time_estimate.py'...
[1529.554s] Compiling '/repo/ws/install/lib/python3.12/site-packages/px4_msgs/msg/_satellite_info.py'...
[1529.554s] Compiling '/repo/ws/install/lib/python3.12/site-packages/px4_msgs/msg/_sensor_accel.py'...
[1529.555s] Compiling '/repo/ws/install/lib/python3.12/site-packages/px4_msgs/msg/_sensor_accel_fifo.py'...
[1529.555s] Compiling '/repo/ws/install/lib/python3.12/site-packages/px4_msgs/msg/_sensor_airflow.py'...
[1529.555s] Compiling '/repo/ws/install/lib/python3.12/site-packages/px4_msgs/msg/_sensor_baro.py'...
[1529.555s] Compiling '/repo/ws/install/lib/python3.12/site-packages/px4_msgs/msg/_sensor_combined.py'...
[1529.555s] Compiling '/repo/ws/install/lib/python3.12/site-packages/px4_msgs/msg/_sensor_correction.py'...
[1529.555s] Compiling '/repo/ws/install/lib/python3.12/site-packages/px4_msgs/msg/_sensor_gnss_relative.py'...
[1529.555s] Compiling '/repo/ws/install/lib/python3.12/site-packages/px4_msgs/msg/_sensor_gnss_status.py'...
[1529.555s] Compiling '/repo/ws/install/lib/python3.12/site-packages/px4_msgs/msg/_sensor_gps.py'...
[1529.555s] Compiling '/repo/ws/install/lib/python3.12/site-packages/px4_msgs/msg/_sensor_gyro.py'...
[1529.555s] Compiling '/repo/ws/install/lib/python3.12/site-packages/px4_msgs/msg/_sensor_gyro_fft.py'...
[1529.556s] Compiling '/repo/ws/install/lib/python3.12/site-packages/px4_msgs/msg/_sensor_gyro_fifo.py'...
[1529.556s] Compiling '/repo/ws/install/lib/python3.12/site-packages/px4_msgs/msg/_sensor_hygrometer.py'...
[1529.556s] Compiling '/repo/ws/install/lib/python3.12/site-packages/px4_msgs/msg/_sensor_mag.py'...
[1529.556s] Compiling '/repo/ws/install/lib/python3.12/site-packages/px4_msgs/msg/_sensor_optical_flow.py'...
[1529.556s] Compiling '/repo/ws/install/lib/python3.12/site-packages/px4_msgs/msg/_sensor_preflight_mag.py'...
[1529.556s] Compiling '/repo/ws/install/lib/python3.12/site-packages/px4_msgs/msg/_sensor_selection.py'...
[1529.556s] Compiling '/repo/ws/install/lib/python3.12/site-packages/px4_msgs/msg/_sensor_temp.py'...
[1529.556s] Compiling '/repo/ws/install/lib/python3.12/site-packages/px4_msgs/msg/_sensor_uwb.py'...
[1529.556s] Compiling '/repo/ws/install/lib/python3.12/site-packages/px4_msgs/msg/_sensors_status.py'...
[1529.556s] Compiling '/repo/ws/install/lib/python3.12/site-packages/px4_msgs/msg/_sensors_status_imu.py'...
[1529.556s] Compiling '/repo/ws/install/lib/python3.12/site-packages/px4_msgs/msg/_system_power.py'...
[1529.556s] Compiling '/repo/ws/install/lib/python3.12/site-packages/px4_msgs/msg/_takeoff_status.py'...
[1529.557s] Compiling '/repo/ws/install/lib/python3.12/site-packages/px4_msgs/msg/_task_stack_info.py'...
[1529.557s] Compiling '/repo/ws/install/lib/python3.12/site-packages/px4_msgs/msg/_tecs_status.py'...
[1529.557s] Compiling '/repo/ws/install/lib/python3.12/site-packages/px4_msgs/msg/_telemetry_status.py'...
[1529.557s] Compiling '/repo/ws/install/lib/python3.12/site-packages/px4_msgs/msg/_tiltrotor_extra_controls.py'...
[1529.557s] Compiling '/repo/ws/install/lib/python3.12/site-packages/px4_msgs/msg/_timesync_status.py'...
[1529.557s] Compiling '/repo/ws/install/lib/python3.12/site-packages/px4_msgs/msg/_trajectory_setpoint.py'...
[1529.557s] Compiling '/repo/ws/install/lib/python3.12/site-packages/px4_msgs/msg/_trajectory_setpoint6dof.py'...
[1529.557s] Compiling '/repo/ws/install/lib/python3.12/site-packages/px4_msgs/msg/_transponder_report.py'...
[1529.557s] Compiling '/repo/ws/install/lib/python3.12/site-packages/px4_msgs/msg/_tune_control.py'...
[1529.557s] Compiling '/repo/ws/install/lib/python3.12/site-packages/px4_msgs/msg/_uavcan_parameter_request.py'...
[1529.557s] Compiling '/repo/ws/install/lib/python3.12/site-packages/px4_msgs/msg/_uavcan_parameter_value.py'...
[1529.557s] Compiling '/repo/ws/install/lib/python3.12/site-packages/px4_msgs/msg/_ulog_stream.py'...
[1529.558s] Compiling '/repo/ws/install/lib/python3.12/site-packages/px4_msgs/msg/_ulog_stream_ack.py'...
[1529.558s] Compiling '/repo/ws/install/lib/python3.12/site-packages/px4_msgs/msg/_unregister_ext_component.py'...
[1529.558s] Compiling '/repo/ws/install/lib/python3.12/site-packages/px4_msgs/msg/_vehicle_acceleration.py'...
[1529.558s] Compiling '/repo/ws/install/lib/python3.12/site-packages/px4_msgs/msg/_vehicle_air_data.py'...
[1529.558s] Compiling '/repo/ws/install/lib/python3.12/site-packages/px4_msgs/msg/_vehicle_angular_acceleration_setpoint.py'...
[1529.558s] Compiling '/repo/ws/install/lib/python3.12/site-packages/px4_msgs/msg/_vehicle_angular_velocity.py'...
[1529.558s] Compiling '/repo/ws/install/lib/python3.12/site-packages/px4_msgs/msg/_vehicle_attitude.py'...
[1529.558s] Compiling '/repo/ws/install/lib/python3.12/site-packages/px4_msgs/msg/_vehicle_attitude_setpoint.py'...
[1529.558s] Compiling '/repo/ws/install/lib/python3.12/site-packages/px4_msgs/msg/_vehicle_command.py'...
[1529.558s] Compiling '/repo/ws/install/lib/python3.12/site-packages/px4_msgs/msg/_vehicle_command_ack.py'...
[1529.558s] Compiling '/repo/ws/install/lib/python3.12/site-packages/px4_msgs/msg/_vehicle_constraints.py'...
[1529.558s] Compiling '/repo/ws/install/lib/python3.12/site-packages/px4_msgs/msg/_vehicle_control_mode.py'...
[1529.558s] Compiling '/repo/ws/install/lib/python3.12/site-packages/px4_msgs/msg/_vehicle_global_position.py'...
[1529.559s] Compiling '/repo/ws/install/lib/python3.12/site-packages/px4_msgs/msg/_vehicle_imu.py'...
[1529.559s] Compiling '/repo/ws/install/lib/python3.12/site-packages/px4_msgs/msg/_vehicle_imu_status.py'...
[1529.559s] Compiling '/repo/ws/install/lib/python3.12/site-packages/px4_msgs/msg/_vehicle_land_detected.py'...
[1529.559s] Compiling '/repo/ws/install/lib/python3.12/site-packages/px4_msgs/msg/_vehicle_local_position.py'...
[1529.559s] Compiling '/repo/ws/install/lib/python3.12/site-packages/px4_msgs/msg/_vehicle_local_position_setpoint.py'...
[1529.559s] Compiling '/repo/ws/install/lib/python3.12/site-packages/px4_msgs/msg/_vehicle_magnetometer.py'...
[1529.559s] Compiling '/repo/ws/install/lib/python3.12/site-packages/px4_msgs/msg/_vehicle_odometry.py'...
[1529.559s] Compiling '/repo/ws/install/lib/python3.12/site-packages/px4_msgs/msg/_vehicle_optical_flow.py'...
[1529.559s] Compiling '/repo/ws/install/lib/python3.12/site-packages/px4_msgs/msg/_vehicle_optical_flow_vel.py'...
[1529.559s] Compiling '/repo/ws/install/lib/python3.12/site-packages/px4_msgs/msg/_vehicle_rates_setpoint.py'...
[1529.559s] Compiling '/repo/ws/install/lib/python3.12/site-packages/px4_msgs/msg/_vehicle_roi.py'...
[1529.559s] Compiling '/repo/ws/install/lib/python3.12/site-packages/px4_msgs/msg/_vehicle_status.py'...
[1529.559s] Compiling '/repo/ws/install/lib/python3.12/site-packages/px4_msgs/msg/_vehicle_thrust_setpoint.py'...
[1529.560s] Compiling '/repo/ws/install/lib/python3.12/site-packages/px4_msgs/msg/_vehicle_torque_setpoint.py'...
[1529.560s] Compiling '/repo/ws/install/lib/python3.12/site-packages/px4_msgs/msg/_velocity_limits.py'...
[1529.560s] Compiling '/repo/ws/install/lib/python3.12/site-packages/px4_msgs/msg/_vtol_vehicle_status.py'...
[1529.560s] Compiling '/repo/ws/install/lib/python3.12/site-packages/px4_msgs/msg/_vtx.py'...
[1529.560s] Compiling '/repo/ws/install/lib/python3.12/site-packages/px4_msgs/msg/_wheel_encoders.py'...
[1529.560s] Compiling '/repo/ws/install/lib/python3.12/site-packages/px4_msgs/msg/_wind.py'...
[1529.560s] Compiling '/repo/ws/install/lib/python3.12/site-packages/px4_msgs/msg/_yaw_estimator_status.py'...
[1529.560s] Listing '/repo/ws/install/lib/python3.12/site-packages/px4_msgs/srv'...
[1529.560s] Compiling '/repo/ws/install/lib/python3.12/site-packages/px4_msgs/srv/__init__.py'...
[1529.560s] Compiling '/repo/ws/install/lib/python3.12/site-packages/px4_msgs/srv/_vehicle_command.py'...
[1529.562s] -- Installing: /repo/ws/install/lib/libpx4_msgs__rosidl_generator_py.so
[1529.565s] -- Set non-toolchain portion of runtime path of "/repo/ws/install/lib/libpx4_msgs__rosidl_generator_py.so" to ""
[1529.565s] -- Installing: /repo/ws/install/share/px4_msgs/cmake/export_px4_msgs__rosidl_generator_cExport.cmake
[1529.566s] -- Installing: /repo/ws/install/share/px4_msgs/cmake/export_px4_msgs__rosidl_generator_cExport-noconfig.cmake
[1529.566s] -- Installing: /repo/ws/install/share/px4_msgs/cmake/export_px4_msgs__rosidl_typesupport_fastrtps_cExport.cmake
[1529.566s] -- Installing: /repo/ws/install/share/px4_msgs/cmake/export_px4_msgs__rosidl_typesupport_fastrtps_cExport-noconfig.cmake
[1529.567s] -- Installing: /repo/ws/install/share/px4_msgs/cmake/export_px4_msgs__rosidl_generator_cppExport.cmake
[1529.567s] -- Installing: /repo/ws/install/share/px4_msgs/cmake/export_px4_msgs__rosidl_typesupport_fastrtps_cppExport.cmake
[1529.567s] -- Installing: /repo/ws/install/share/px4_msgs/cmake/export_px4_msgs__rosidl_typesupport_fastrtps_cppExport-noconfig.cmake
[1529.567s] -- Installing: /repo/ws/install/share/px4_msgs/cmake/px4_msgs__rosidl_typesupport_introspection_cExport.cmake
[1529.567s] -- Installing: /repo/ws/install/share/px4_msgs/cmake/px4_msgs__rosidl_typesupport_introspection_cExport-noconfig.cmake
[1529.567s] -- Installing: /repo/ws/install/share/px4_msgs/cmake/px4_msgs__rosidl_typesupport_cExport.cmake
[1529.567s] -- Installing: /repo/ws/install/share/px4_msgs/cmake/px4_msgs__rosidl_typesupport_cExport-noconfig.cmake
[1529.567s] -- Installing: /repo/ws/install/share/px4_msgs/cmake/px4_msgs__rosidl_typesupport_introspection_cppExport.cmake
[1529.568s] -- Installing: /repo/ws/install/share/px4_msgs/cmake/px4_msgs__rosidl_typesupport_introspection_cppExport-noconfig.cmake
[1529.568s] -- Installing: /repo/ws/install/share/px4_msgs/cmake/px4_msgs__rosidl_typesupport_cppExport.cmake
[1529.568s] -- Installing: /repo/ws/install/share/px4_msgs/cmake/px4_msgs__rosidl_typesupport_cppExport-noconfig.cmake
[1529.568s] -- Installing: /repo/ws/install/share/px4_msgs/cmake/export_px4_msgs__rosidl_generator_pyExport.cmake
[1529.569s] -- Installing: /repo/ws/install/share/px4_msgs/cmake/export_px4_msgs__rosidl_generator_pyExport-noconfig.cmake
[1529.572s] Invoked command in '/repo/ws/build/px4_msgs' returned '0': CMAKE_PREFIX_PATH=${CMAKE_PREFIX_PATH}:/opt/ros/jazzy /usr/bin/cmake --install /repo/ws/build/px4_msgs
