[0.328s] Invoking command in '/repo/ws/build/px4': CMAKE_PREFIX_PATH=${CMAKE_PREFIX_PATH}:/opt/ros/jazzy /usr/bin/cmake /repo/ws/src/px4 -DAMENT_CMAKE_SYMLINK_INSTALL=1 -DCMAKE_INSTALL_PREFIX=/repo/ws/install
[0.356s] -- PX4_GIT_TAG: v1.16.0-1-g991a3f511b
[0.357s] [33mCMake Warning (dev) at CMakeLists.txt:176 (find_package):
[0.357s]   Policy CMP0148 is not set: The FindPythonInterp and FindPythonLibs modules
[0.357s]   are removed.  Run "cmake --help-policy CMP0148" for policy details.  Use
[0.357s]   the cmake_policy command to set the policy and suppress this warning.
[0.357s] 
[0.357s] This warning is for project developers.  Use -Wno-dev to suppress it.
[0.357s] [0m
[0.377s] -- Found PythonInterp: /opt/venv/bin/python3 (found suitable version "3.12.3", minimum required is "3") 
[0.428s] -- PX4 config file: /repo/ws/src/px4/boards/px4/ros2/default.px4board
[0.746s] -- PLATFORM ros2
[0.746s] -- ROMFSROOT px4fmu_common
[0.751s] -- ROOT_PATH /fs/microsd
[0.751s] -- PARAM_FILE /fs/mtd_params
[0.775s] -- PX4 config: px4_ros2_default
[0.776s] -- PX4 platform: ros2
[0.923s] -- The CXX compiler identification is GNU 13.3.0
[0.979s] -- Detecting CXX compiler ABI info
[1.168s] -- Detecting CXX compiler ABI info - done
[1.181s] -- Check for working CXX compiler: /usr/bin/c++ - skipped
[1.182s] -- Detecting CXX compile features
[1.184s] -- Detecting CXX compile features - done
[1.192s] -- Found ament_cmake: 2.5.4 (/opt/ros/jazzy/share/ament_cmake/cmake)
[1.475s] -- Found Python3: /opt/venv/bin/python3 (found version "3.12.3") found components: Interpreter 
[1.669s] -- Override CMake install command with custom implementation using symlinks instead of copying resources
[1.869s] -- Found rclcpp: 28.1.13 (/opt/ros/jazzy/share/rclcpp/cmake)
[2.090s] -- Found rosidl_generator_c: 4.6.6 (/opt/ros/jazzy/share/rosidl_generator_c/cmake)
[2.143s] -- Found rosidl_generator_cpp: 4.6.6 (/opt/ros/jazzy/share/rosidl_generator_cpp/cmake)
[2.186s] -- Using all available rosidl_typesupport_c: rosidl_typesupport_fastrtps_c;rosidl_typesupport_introspection_c
[2.240s] -- Using all available rosidl_typesupport_cpp: rosidl_typesupport_fastrtps_cpp;rosidl_typesupport_introspection_cpp
[2.427s] -- Found rmw_implementation_cmake: 7.3.2 (/opt/ros/jazzy/share/rmw_implementation_cmake/cmake)
[2.446s] -- Found rmw_fastrtps_cpp: 8.4.3 (/opt/ros/jazzy/share/rmw_fastrtps_cpp/cmake)
[2.649s] -- Found OpenSSL: /usr/lib/x86_64-linux-gnu/libcrypto.so (found version "3.0.13")  
[2.690s] -- Found FastRTPS: /opt/ros/jazzy/include (Required is at least version "2.13") 
[2.730s] -- Using RMW implementation 'rmw_fastrtps_cpp' as default
[2.867s] -- Found rosidl_default_generators: 1.6.0 (/opt/ros/jazzy/share/rosidl_default_generators/cmake)
[2.903s] -- Found rosidl_adapter: 4.6.6 (/opt/ros/jazzy/share/rosidl_adapter/cmake)
[2.914s] -- Found std_msgs: 5.3.6 (/opt/ros/jazzy/share/std_msgs/cmake)
[2.991s] -- The C compiler identification is GNU 13.3.0
[3.009s] -- The ASM compiler identification is GNU
[3.012s] -- Found assembler: /usr/bin/cc
[3.041s] -- Detecting C compiler ABI info
[3.264s] -- Detecting C compiler ABI info - done
[3.303s] -- Check for working C compiler: /usr/bin/cc - skipped
[3.304s] -- Detecting C compile features
[3.307s] -- Detecting C compile features - done
[3.336s] -- cmake build type: RelWithDebInfo
[3.518s] CMake Warning (dev) at /usr/share/cmake-3.28/Modules/ExternalProject.cmake:3195 (message):
[3.519s]   The DOWNLOAD_EXTRACT_TIMESTAMP option was not given and policy CMP0135 is
[3.519s]   not set.  The policy's OLD behavior will be used.  When using a URL
[3.520s]   download, the timestamps of extracted files should preferably be that of
[3.520s]   the time of extraction, otherwise code that depends on the extracted
[3.520s]   contents might not be rebuilt if the URL changes.  The OLD behavior
[3.520s]   preserves the timestamps from the archive instead, but this is usually not
[3.520s]   what you want.  Update your project to the NEW behavior or specify the
[3.520s]   DOWNLOAD_EXTRACT_TIMESTAMP option with a value of true to avoid this
[3.520s]   robustness issue.
[3.520s] Call Stack (most recent call first):
[3.520s]   /usr/share/cmake-3.28/Modules/ExternalProject.cmake:4418 (_ep_add_download_command)
[3.520s]   CMakeLists.txt:6 (ExternalProject_Add)
[3.520s] This warning is for project developers.  Use -Wno-dev to suppress it.
[3.520s] 
[3.537s] -- Configuring done (0.0s)
[3.542s] -- Generating done (0.0s)
[3.546s] -- Build files have been written to: /repo/ws/build/px4/googletest-download
[3.672s] [ 11%] Creating directories for 'googletest'
[3.745s] [ 22%] Performing download step (download, verify and extract) for 'googletest'
[4.961s] -- googletest download command succeeded.  See also /repo/ws/build/px4/googletest-download/googletest-prefix/src/googletest-stamp/googletest-download-*.log
[5.022s] [ 33%] No update step for 'googletest'
[5.112s] [ 44%] No patch step for 'googletest'
[5.172s] [ 55%] No configure step for 'googletest'
[5.231s] [ 66%] No build step for 'googletest'
[5.291s] [ 77%] No install step for 'googletest'
[5.339s] [ 88%] No test step for 'googletest'
[5.393s] [100%] Completed 'googletest'
[5.458s] [100%] Built target googletest
[5.798s] -- Found Python: /opt/venv/bin/python3 (found version "3.12.3") found components: Interpreter 
[5.799s] -- Performing Test CMAKE_HAVE_LIBC_PTHREAD
[6.012s] -- Performing Test CMAKE_HAVE_LIBC_PTHREAD - Success
[6.023s] -- Found Threads: TRUE  
[6.746s] -- ROS_VERSION: 2
[6.747s] -- AMENT_PREFIX_PATH: /opt/ros/jazzy
[9.897s] -- Found ament_cmake_ros: 0.12.0 (/opt/ros/jazzy/share/ament_cmake_ros/cmake)
[10.983s] -- Using all available rosidl_typesupport_c: rosidl_typesupport_fastrtps_c;rosidl_typesupport_introspection_c
[11.437s] -- Using all available rosidl_typesupport_cpp: rosidl_typesupport_fastrtps_cpp;rosidl_typesupport_introspection_cpp
[11.452s] -- Found python_cmake_module: 0.11.1 (/opt/ros/jazzy/share/python_cmake_module/cmake)
[11.622s] -- Found PythonExtra: /opt/venv/bin/python3  
[12.339s] -- Found Python3: /opt/venv/bin/python3 (found version "3.12.3") found components: Interpreter Development NumPy Development.Module Development.Embed 
[12.714s] [0mArchitecture:  amd64[0m
[12.714s] [0m==> CPACK_INSTALL_PREFIX = @DEB_INSTALL_PREFIX@[0m
[12.981s] -- Configuring done (12.6s)
[14.729s] -- Generating done (1.5s)
[15.006s] -- Build files have been written to: /repo/ws/build/px4
[15.131s] Invoked command in '/repo/ws/build/px4' returned '0': CMAKE_PREFIX_PATH=${CMAKE_PREFIX_PATH}:/opt/ros/jazzy /usr/bin/cmake /repo/ws/src/px4 -DAMENT_CMAKE_SYMLINK_INSTALL=1 -DCMAKE_INSTALL_PREFIX=/repo/ws/install
[15.136s] Invoking command in '/repo/ws/build/px4': CMAKE_PREFIX_PATH=${CMAKE_PREFIX_PATH}:/opt/ros/jazzy /usr/bin/cmake --build /repo/ws/build/px4 -- -j4 -l4
[15.287s] [  0%] [32mBuilding CXX object boards/px4/ros2/src/CMakeFiles/drivers_board.dir/init.cpp.o[0m
[15.325s] [  0%] [34m[1mGenerating type hashes for ROS interfaces[0m
[15.325s] [  0%] [32mBuilding CXX object platforms/ros2/src/px4/common/CMakeFiles/px4_layer.dir/drv_hrt.cpp.o[0m
[15.483s] [  0%] [32m[1mLinking CXX static library libdrivers_board.a[0m
[15.762s] [  0%] [32mBuilding CXX object platforms/ros2/src/px4/common/CMakeFiles/px4_layer.dir/px4_sem.cpp.o[0m
[15.763s] [  0%] Built target drivers_board
[15.836s] [  0%] Built target ament_cmake_python_symlink_px4
[15.964s] [  0%] [32m[1mLinking CXX static library libpx4_layer.a[0m
[16.106s] [  0%] Built target px4_layer
[16.255s] running egg_info
[16.275s] creating px4.egg-info
[16.275s] writing px4.egg-info/PKG-INFO
[16.275s] writing dependency_links to px4.egg-info/dependency_links.txt
[16.276s] writing top-level names to px4.egg-info/top_level.txt
[16.276s] writing manifest file 'px4.egg-info/SOURCES.txt'
[16.342s] reading manifest file 'px4.egg-info/SOURCES.txt'
[16.343s] writing manifest file 'px4.egg-info/SOURCES.txt'
[16.414s] [  0%] Built target ament_cmake_python_build_px4_egg
[64.097s] [  0%] Built target px4__rosidl_generator_type_description
[64.167s] [  0%] [34m[1mGenerating C++ code for ROS interfaces[0m
[114.826s] [  0%] Built target px4__cpp
[114.877s] [  0%] [34m[1mGenerating C code for ROS interfaces[0m
[174.416s] [  0%] [32mBuilding C object platforms/ros2/CMakeFiles/px4__rosidl_generator_c.dir/rosidl_generator_c/px4/msg/detail/ackermann_velocity_setpoint__description.c.o[0m
[174.416s] [  0%] [32mBuilding C object platforms/ros2/CMakeFiles/px4__rosidl_generator_c.dir/rosidl_generator_c/px4/msg/detail/ackermann_velocity_setpoint__functions.c.o[0m
[174.416s] [  0%] [32mBuilding C object platforms/ros2/CMakeFiles/px4__rosidl_generator_c.dir/rosidl_generator_c/px4/msg/detail/ackermann_velocity_setpoint__type_support.c.o[0m
[174.474s] [  0%] [32mBuilding C object platforms/ros2/CMakeFiles/px4__rosidl_generator_c.dir/rosidl_generator_c/px4/msg/detail/action_request__description.c.o[0m
[174.481s] [  0%] [32mBuilding C object platforms/ros2/CMakeFiles/px4__rosidl_generator_c.dir/rosidl_generator_c/px4/msg/detail/action_request__functions.c.o[0m
[174.540s] [  0%] [32mBuilding C object platforms/ros2/CMakeFiles/px4__rosidl_generator_c.dir/rosidl_generator_c/px4/msg/detail/action_request__type_support.c.o[0m
[174.544s] [  0%] [32mBuilding C object platforms/ros2/CMakeFiles/px4__rosidl_generator_c.dir/rosidl_generator_c/px4/msg/detail/actuator_armed__description.c.o[0m
[174.597s] [  0%] [32mBuilding C object platforms/ros2/CMakeFiles/px4__rosidl_generator_c.dir/rosidl_generator_c/px4/msg/detail/actuator_armed__functions.c.o[0m
[174.607s] [  0%] [32mBuilding C object platforms/ros2/CMakeFiles/px4__rosidl_generator_c.dir/rosidl_generator_c/px4/msg/detail/actuator_armed__type_support.c.o[0m
[174.615s] [  0%] [32mBuilding C object platforms/ros2/CMakeFiles/px4__rosidl_generator_c.dir/rosidl_generator_c/px4/msg/detail/actuator_controls_status__description.c.o[0m
[174.660s] [  0%] [32mBuilding C object platforms/ros2/CMakeFiles/px4__rosidl_generator_c.dir/rosidl_generator_c/px4/msg/detail/actuator_controls_status__functions.c.o[0m
[174.712s] [  0%] [32mBuilding C object platforms/ros2/CMakeFiles/px4__rosidl_generator_c.dir/rosidl_generator_c/px4/msg/detail/actuator_controls_status__type_support.c.o[0m
[174.727s] [  0%] [32mBuilding C object platforms/ros2/CMakeFiles/px4__rosidl_generator_c.dir/rosidl_generator_c/px4/msg/detail/actuator_outputs__description.c.o[0m
[174.766s] [  0%] [32mBuilding C object platforms/ros2/CMakeFiles/px4__rosidl_generator_c.dir/rosidl_generator_c/px4/msg/detail/actuator_outputs__functions.c.o[0m
[174.802s] [  0%] [32mBuilding C object platforms/ros2/CMakeFiles/px4__rosidl_generator_c.dir/rosidl_generator_c/px4/msg/detail/actuator_outputs__type_support.c.o[0m
[174.814s] [  0%] [32mBuilding C object platforms/ros2/CMakeFiles/px4__rosidl_generator_c.dir/rosidl_generator_c/px4/msg/detail/actuator_servos_trim__description.c.o[0m
[174.855s] [  0%] [32mBuilding C object platforms/ros2/CMakeFiles/px4__rosidl_generator_c.dir/rosidl_generator_c/px4/msg/detail/actuator_servos_trim__functions.c.o[0m
[174.882s] [  0%] [32mBuilding C object platforms/ros2/CMakeFiles/px4__rosidl_generator_c.dir/rosidl_generator_c/px4/msg/detail/actuator_servos_trim__type_support.c.o[0m
[174.906s] [  1%] [32mBuilding C object platforms/ros2/CMakeFiles/px4__rosidl_generator_c.dir/rosidl_generator_c/px4/msg/detail/actuator_test__description.c.o[0m
[174.934s] [  1%] [32mBuilding C object platforms/ros2/CMakeFiles/px4__rosidl_generator_c.dir/rosidl_generator_c/px4/msg/detail/actuator_test__functions.c.o[0m
[174.975s] [  1%] [32mBuilding C object platforms/ros2/CMakeFiles/px4__rosidl_generator_c.dir/rosidl_generator_c/px4/msg/detail/actuator_test__type_support.c.o[0m
[174.986s] [  1%] [32mBuilding C object platforms/ros2/CMakeFiles/px4__rosidl_generator_c.dir/rosidl_generator_c/px4/msg/detail/adc_report__description.c.o[0m
[175.030s] [  1%] [32mBuilding C object platforms/ros2/CMakeFiles/px4__rosidl_generator_c.dir/rosidl_generator_c/px4/msg/detail/adc_report__functions.c.o[0m
[175.053s] [  1%] [32mBuilding C object platforms/ros2/CMakeFiles/px4__rosidl_generator_c.dir/rosidl_generator_c/px4/msg/detail/adc_report__type_support.c.o[0m
[175.067s] [  1%] [32mBuilding C object platforms/ros2/CMakeFiles/px4__rosidl_generator_c.dir/rosidl_generator_c/px4/msg/detail/airspeed__description.c.o[0m
[175.105s] [  1%] [32mBuilding C object platforms/ros2/CMakeFiles/px4__rosidl_generator_c.dir/rosidl_generator_c/px4/msg/detail/airspeed__functions.c.o[0m
[175.134s] [  1%] [32mBuilding C object platforms/ros2/CMakeFiles/px4__rosidl_generator_c.dir/rosidl_generator_c/px4/msg/detail/airspeed__type_support.c.o[0m
[175.173s] [  1%] [32mBuilding C object platforms/ros2/CMakeFiles/px4__rosidl_generator_c.dir/rosidl_generator_c/px4/msg/detail/airspeed_wind__description.c.o[0m
[175.196s] [  1%] [32mBuilding C object platforms/ros2/CMakeFiles/px4__rosidl_generator_c.dir/rosidl_generator_c/px4/msg/detail/airspeed_wind__functions.c.o[0m
[175.248s] [  1%] [32mBuilding C object platforms/ros2/CMakeFiles/px4__rosidl_generator_c.dir/rosidl_generator_c/px4/msg/detail/airspeed_wind__type_support.c.o[0m
[175.249s] [  1%] [32mBuilding C object platforms/ros2/CMakeFiles/px4__rosidl_generator_c.dir/rosidl_generator_c/px4/msg/detail/autotune_attitude_control_status__description.c.o[0m
[175.303s] [  1%] [32mBuilding C object platforms/ros2/CMakeFiles/px4__rosidl_generator_c.dir/rosidl_generator_c/px4/msg/detail/autotune_attitude_control_status__functions.c.o[0m
[175.321s] [  1%] [32mBuilding C object platforms/ros2/CMakeFiles/px4__rosidl_generator_c.dir/rosidl_generator_c/px4/msg/detail/autotune_attitude_control_status__type_support.c.o[0m
[175.346s] [  1%] [32mBuilding C object platforms/ros2/CMakeFiles/px4__rosidl_generator_c.dir/rosidl_generator_c/px4/msg/detail/button_event__description.c.o[0m
[175.378s] [  1%] [32mBuilding C object platforms/ros2/CMakeFiles/px4__rosidl_generator_c.dir/rosidl_generator_c/px4/msg/detail/button_event__functions.c.o[0m
[175.411s] [  1%] [32mBuilding C object platforms/ros2/CMakeFiles/px4__rosidl_generator_c.dir/rosidl_generator_c/px4/msg/detail/button_event__type_support.c.o[0m
[175.452s] [  1%] [32mBuilding C object platforms/ros2/CMakeFiles/px4__rosidl_generator_c.dir/rosidl_generator_c/px4/msg/detail/camera_capture__description.c.o[0m
[175.466s] [  1%] [32mBuilding C object platforms/ros2/CMakeFiles/px4__rosidl_generator_c.dir/rosidl_generator_c/px4/msg/detail/camera_capture__functions.c.o[0m
[175.504s] [  1%] [32mBuilding C object platforms/ros2/CMakeFiles/px4__rosidl_generator_c.dir/rosidl_generator_c/px4/msg/detail/camera_capture__type_support.c.o[0m
[175.523s] [  1%] [32mBuilding C object platforms/ros2/CMakeFiles/px4__rosidl_generator_c.dir/rosidl_generator_c/px4/msg/detail/camera_status__description.c.o[0m
[175.561s] [  1%] [32mBuilding C object platforms/ros2/CMakeFiles/px4__rosidl_generator_c.dir/rosidl_generator_c/px4/msg/detail/camera_status__functions.c.o[0m
[175.599s] [  1%] [32mBuilding C object platforms/ros2/CMakeFiles/px4__rosidl_generator_c.dir/rosidl_generator_c/px4/msg/detail/camera_status__type_support.c.o[0m
[175.606s] [  1%] [32mBuilding C object platforms/ros2/CMakeFiles/px4__rosidl_generator_c.dir/rosidl_generator_c/px4/msg/detail/camera_trigger__description.c.o[0m
[175.653s] [  1%] [32mBuilding C object platforms/ros2/CMakeFiles/px4__rosidl_generator_c.dir/rosidl_generator_c/px4/msg/detail/camera_trigger__functions.c.o[0m
[175.674s] [  1%] [32mBuilding C object platforms/ros2/CMakeFiles/px4__rosidl_generator_c.dir/rosidl_generator_c/px4/msg/detail/camera_trigger__type_support.c.o[0m
[175.690s] [  1%] [32mBuilding C object platforms/ros2/CMakeFiles/px4__rosidl_generator_c.dir/rosidl_generator_c/px4/msg/detail/can_interface_status__description.c.o[0m
[175.730s] [  2%] [32mBuilding C object platforms/ros2/CMakeFiles/px4__rosidl_generator_c.dir/rosidl_generator_c/px4/msg/detail/can_interface_status__functions.c.o[0m
[175.757s] [  2%] [32mBuilding C object platforms/ros2/CMakeFiles/px4__rosidl_generator_c.dir/rosidl_generator_c/px4/msg/detail/can_interface_status__type_support.c.o[0m
[175.780s] [  2%] [32mBuilding C object platforms/ros2/CMakeFiles/px4__rosidl_generator_c.dir/rosidl_generator_c/px4/msg/detail/cellular_status__description.c.o[0m
[175.811s] [  2%] [32mBuilding C object platforms/ros2/CMakeFiles/px4__rosidl_generator_c.dir/rosidl_generator_c/px4/msg/detail/cellular_status__functions.c.o[0m
[175.849s] [  2%] [32mBuilding C object platforms/ros2/CMakeFiles/px4__rosidl_generator_c.dir/rosidl_generator_c/px4/msg/detail/cellular_status__type_support.c.o[0m
[175.861s] [  2%] [32mBuilding C object platforms/ros2/CMakeFiles/px4__rosidl_generator_c.dir/rosidl_generator_c/px4/msg/detail/collision_constraints__description.c.o[0m
[175.868s] [  2%] [32mBuilding C object platforms/ros2/CMakeFiles/px4__rosidl_generator_c.dir/rosidl_generator_c/px4/msg/detail/collision_constraints__functions.c.o[0m
[175.940s] [  2%] [32mBuilding C object platforms/ros2/CMakeFiles/px4__rosidl_generator_c.dir/rosidl_generator_c/px4/msg/detail/collision_constraints__type_support.c.o[0m
[175.941s] [  2%] [32mBuilding C object platforms/ros2/CMakeFiles/px4__rosidl_generator_c.dir/rosidl_generator_c/px4/msg/detail/control_allocator_status__functions.c.o[0m
[175.946s] [  2%] [32mBuilding C object platforms/ros2/CMakeFiles/px4__rosidl_generator_c.dir/rosidl_generator_c/px4/msg/detail/control_allocator_status__description.c.o[0m
[176.019s] [  2%] [32mBuilding C object platforms/ros2/CMakeFiles/px4__rosidl_generator_c.dir/rosidl_generator_c/px4/msg/detail/control_allocator_status__type_support.c.o[0m
[176.049s] [  2%] [32mBuilding C object platforms/ros2/CMakeFiles/px4__rosidl_generator_c.dir/rosidl_generator_c/px4/msg/detail/cpuload__description.c.o[0m
[176.068s] [  2%] [32mBuilding C object platforms/ros2/CMakeFiles/px4__rosidl_generator_c.dir/rosidl_generator_c/px4/msg/detail/cpuload__functions.c.o[0m
[176.089s] [  2%] [32mBuilding C object platforms/ros2/CMakeFiles/px4__rosidl_generator_c.dir/rosidl_generator_c/px4/msg/detail/cpuload__type_support.c.o[0m
[176.106s] [  2%] [32mBuilding C object platforms/ros2/CMakeFiles/px4__rosidl_generator_c.dir/rosidl_generator_c/px4/msg/detail/dataman_request__description.c.o[0m
[176.117s] [  2%] [32mBuilding C object platforms/ros2/CMakeFiles/px4__rosidl_generator_c.dir/rosidl_generator_c/px4/msg/detail/dataman_request__functions.c.o[0m
[176.178s] [  2%] [32mBuilding C object platforms/ros2/CMakeFiles/px4__rosidl_generator_c.dir/rosidl_generator_c/px4/msg/detail/dataman_request__type_support.c.o[0m
[176.222s] [  2%] [32mBuilding C object platforms/ros2/CMakeFiles/px4__rosidl_generator_c.dir/rosidl_generator_c/px4/msg/detail/dataman_response__description.c.o[0m
[176.237s] [  2%] [32mBuilding C object platforms/ros2/CMakeFiles/px4__rosidl_generator_c.dir/rosidl_generator_c/px4/msg/detail/dataman_response__functions.c.o[0m
[176.248s] [  2%] [32mBuilding C object platforms/ros2/CMakeFiles/px4__rosidl_generator_c.dir/rosidl_generator_c/px4/msg/detail/dataman_response__type_support.c.o[0m
[176.301s] [  2%] [32mBuilding C object platforms/ros2/CMakeFiles/px4__rosidl_generator_c.dir/rosidl_generator_c/px4/msg/detail/debug_array__description.c.o[0m
[176.309s] [  2%] [32mBuilding C object platforms/ros2/CMakeFiles/px4__rosidl_generator_c.dir/rosidl_generator_c/px4/msg/detail/debug_array__functions.c.o[0m
[176.372s] [  2%] [32mBuilding C object platforms/ros2/CMakeFiles/px4__rosidl_generator_c.dir/rosidl_generator_c/px4/msg/detail/debug_key_value__description.c.o[0m
[176.373s] [  2%] [32mBuilding C object platforms/ros2/CMakeFiles/px4__rosidl_generator_c.dir/rosidl_generator_c/px4/msg/detail/debug_array__type_support.c.o[0m
[176.431s] [  2%] [32mBuilding C object platforms/ros2/CMakeFiles/px4__rosidl_generator_c.dir/rosidl_generator_c/px4/msg/detail/debug_key_value__functions.c.o[0m
[176.438s] [  2%] [32mBuilding C object platforms/ros2/CMakeFiles/px4__rosidl_generator_c.dir/rosidl_generator_c/px4/msg/detail/debug_key_value__type_support.c.o[0m
[176.444s] [  2%] [32mBuilding C object platforms/ros2/CMakeFiles/px4__rosidl_generator_c.dir/rosidl_generator_c/px4/msg/detail/debug_value__description.c.o[0m
[176.492s] [  2%] [32mBuilding C object platforms/ros2/CMakeFiles/px4__rosidl_generator_c.dir/rosidl_generator_c/px4/msg/detail/debug_value__functions.c.o[0m
[176.511s] [  2%] [32mBuilding C object platforms/ros2/CMakeFiles/px4__rosidl_generator_c.dir/rosidl_generator_c/px4/msg/detail/debug_value__type_support.c.o[0m
[176.562s] [  3%] [32mBuilding C object platforms/ros2/CMakeFiles/px4__rosidl_generator_c.dir/rosidl_generator_c/px4/msg/detail/debug_vect__description.c.o[0m
[176.565s] [  3%] [32mBuilding C object platforms/ros2/CMakeFiles/px4__rosidl_generator_c.dir/rosidl_generator_c/px4/msg/detail/debug_vect__functions.c.o[0m
[176.622s] [  3%] [32mBuilding C object platforms/ros2/CMakeFiles/px4__rosidl_generator_c.dir/rosidl_generator_c/px4/msg/detail/debug_vect__type_support.c.o[0m
[176.633s] [  3%] [32mBuilding C object platforms/ros2/CMakeFiles/px4__rosidl_generator_c.dir/rosidl_generator_c/px4/msg/detail/differential_pressure__description.c.o[0m
[176.678s] [  3%] [32mBuilding C object platforms/ros2/CMakeFiles/px4__rosidl_generator_c.dir/rosidl_generator_c/px4/msg/detail/differential_pressure__functions.c.o[0m
[176.696s] [  3%] [32mBuilding C object platforms/ros2/CMakeFiles/px4__rosidl_generator_c.dir/rosidl_generator_c/px4/msg/detail/differential_pressure__type_support.c.o[0m
[176.699s] [  3%] [32mBuilding C object platforms/ros2/CMakeFiles/px4__rosidl_generator_c.dir/rosidl_generator_c/px4/msg/detail/differential_velocity_setpoint__description.c.o[0m
[176.772s] [  3%] [32mBuilding C object platforms/ros2/CMakeFiles/px4__rosidl_generator_c.dir/rosidl_generator_c/px4/msg/detail/differential_velocity_setpoint__functions.c.o[0m
[176.781s] [  3%] [32mBuilding C object platforms/ros2/CMakeFiles/px4__rosidl_generator_c.dir/rosidl_generator_c/px4/msg/detail/differential_velocity_setpoint__type_support.c.o[0m
[176.831s] [  3%] [32mBuilding C object platforms/ros2/CMakeFiles/px4__rosidl_generator_c.dir/rosidl_generator_c/px4/msg/detail/distance_sensor__description.c.o[0m
[176.837s] [  3%] [32mBuilding C object platforms/ros2/CMakeFiles/px4__rosidl_generator_c.dir/rosidl_generator_c/px4/msg/detail/distance_sensor__functions.c.o[0m
[176.847s] [  3%] [32mBuilding C object platforms/ros2/CMakeFiles/px4__rosidl_generator_c.dir/rosidl_generator_c/px4/msg/detail/distance_sensor__type_support.c.o[0m
[176.914s] [  3%] [32mBuilding C object platforms/ros2/CMakeFiles/px4__rosidl_generator_c.dir/rosidl_generator_c/px4/msg/detail/distance_sensor_mode_change_request__description.c.o[0m
[176.917s] [  3%] [32mBuilding C object platforms/ros2/CMakeFiles/px4__rosidl_generator_c.dir/rosidl_generator_c/px4/msg/detail/distance_sensor_mode_change_request__functions.c.o[0m
[176.922s] [  3%] [32mBuilding C object platforms/ros2/CMakeFiles/px4__rosidl_generator_c.dir/rosidl_generator_c/px4/msg/detail/distance_sensor_mode_change_request__type_support.c.o[0m
[176.988s] [  3%] [32mBuilding C object platforms/ros2/CMakeFiles/px4__rosidl_generator_c.dir/rosidl_generator_c/px4/msg/detail/ekf2_timestamps__description.c.o[0m
[177.017s] [  3%] [32mBuilding C object platforms/ros2/CMakeFiles/px4__rosidl_generator_c.dir/rosidl_generator_c/px4/msg/detail/ekf2_timestamps__functions.c.o[0m
[177.041s] [  3%] [32mBuilding C object platforms/ros2/CMakeFiles/px4__rosidl_generator_c.dir/rosidl_generator_c/px4/msg/detail/ekf2_timestamps__type_support.c.o[0m
[177.094s] [  3%] [32mBuilding C object platforms/ros2/CMakeFiles/px4__rosidl_generator_c.dir/rosidl_generator_c/px4/msg/detail/esc_report__functions.c.o[0m
[177.095s] [  3%] [32mBuilding C object platforms/ros2/CMakeFiles/px4__rosidl_generator_c.dir/rosidl_generator_c/px4/msg/detail/esc_report__description.c.o[0m
[177.115s] [  3%] [32mBuilding C object platforms/ros2/CMakeFiles/px4__rosidl_generator_c.dir/rosidl_generator_c/px4/msg/detail/esc_report__type_support.c.o[0m
[177.184s] [  3%] [32mBuilding C object platforms/ros2/CMakeFiles/px4__rosidl_generator_c.dir/rosidl_generator_c/px4/msg/detail/esc_status__description.c.o[0m
[177.202s] [  3%] [32mBuilding C object platforms/ros2/CMakeFiles/px4__rosidl_generator_c.dir/rosidl_generator_c/px4/msg/detail/esc_status__functions.c.o[0m
[177.204s] [  3%] [32mBuilding C object platforms/ros2/CMakeFiles/px4__rosidl_generator_c.dir/rosidl_generator_c/px4/msg/detail/esc_status__type_support.c.o[0m
[177.282s] [  3%] [32mBuilding C object platforms/ros2/CMakeFiles/px4__rosidl_generator_c.dir/rosidl_generator_c/px4/msg/detail/estimator_aid_source1d__functions.c.o[0m
[177.283s] [  3%] [32mBuilding C object platforms/ros2/CMakeFiles/px4__rosidl_generator_c.dir/rosidl_generator_c/px4/msg/detail/estimator_aid_source1d__type_support.c.o[0m
[177.291s] [  3%] [32mBuilding C object platforms/ros2/CMakeFiles/px4__rosidl_generator_c.dir/rosidl_generator_c/px4/msg/detail/estimator_aid_source1d__description.c.o[0m
[177.334s] [  3%] [32mBuilding C object platforms/ros2/CMakeFiles/px4__rosidl_generator_c.dir/rosidl_generator_c/px4/msg/detail/estimator_aid_source2d__description.c.o[0m
[177.404s] [  3%] [32mBuilding C object platforms/ros2/CMakeFiles/px4__rosidl_generator_c.dir/rosidl_generator_c/px4/msg/detail/estimator_aid_source2d__functions.c.o[0m
[177.410s] [  5%] [32mBuilding C object platforms/ros2/CMakeFiles/px4__rosidl_generator_c.dir/rosidl_generator_c/px4/msg/detail/estimator_aid_source2d__type_support.c.o[0m
[177.452s] [  5%] [32mBuilding C object platforms/ros2/CMakeFiles/px4__rosidl_generator_c.dir/rosidl_generator_c/px4/msg/detail/estimator_aid_source3d__description.c.o[0m
[177.469s] [  5%] [32mBuilding C object platforms/ros2/CMakeFiles/px4__rosidl_generator_c.dir/rosidl_generator_c/px4/msg/detail/estimator_aid_source3d__functions.c.o[0m
[177.491s] [  5%] [32mBuilding C object platforms/ros2/CMakeFiles/px4__rosidl_generator_c.dir/rosidl_generator_c/px4/msg/detail/estimator_aid_source3d__type_support.c.o[0m
[177.550s] [  5%] [32mBuilding C object platforms/ros2/CMakeFiles/px4__rosidl_generator_c.dir/rosidl_generator_c/px4/msg/detail/estimator_bias__description.c.o[0m
[177.562s] [  5%] [32mBuilding C object platforms/ros2/CMakeFiles/px4__rosidl_generator_c.dir/rosidl_generator_c/px4/msg/detail/estimator_bias__functions.c.o[0m
[177.586s] [  5%] [32mBuilding C object platforms/ros2/CMakeFiles/px4__rosidl_generator_c.dir/rosidl_generator_c/px4/msg/detail/estimator_bias__type_support.c.o[0m
[177.621s] [  5%] [32mBuilding C object platforms/ros2/CMakeFiles/px4__rosidl_generator_c.dir/rosidl_generator_c/px4/msg/detail/estimator_bias3d__description.c.o[0m
[177.658s] [  5%] [32mBuilding C object platforms/ros2/CMakeFiles/px4__rosidl_generator_c.dir/rosidl_generator_c/px4/msg/detail/estimator_bias3d__functions.c.o[0m
[177.693s] [  5%] [32mBuilding C object platforms/ros2/CMakeFiles/px4__rosidl_generator_c.dir/rosidl_generator_c/px4/msg/detail/estimator_bias3d__type_support.c.o[0m
[177.702s] [  5%] [32mBuilding C object platforms/ros2/CMakeFiles/px4__rosidl_generator_c.dir/rosidl_generator_c/px4/msg/detail/estimator_event_flags__description.c.o[0m
[177.737s] [  5%] [32mBuilding C object platforms/ros2/CMakeFiles/px4__rosidl_generator_c.dir/rosidl_generator_c/px4/msg/detail/estimator_event_flags__functions.c.o[0m
[177.765s] [  5%] [32mBuilding C object platforms/ros2/CMakeFiles/px4__rosidl_generator_c.dir/rosidl_generator_c/px4/msg/detail/estimator_event_flags__type_support.c.o[0m
[177.784s] [  5%] [32mBuilding C object platforms/ros2/CMakeFiles/px4__rosidl_generator_c.dir/rosidl_generator_c/px4/msg/detail/estimator_gps_status__description.c.o[0m
[177.827s] [  5%] [32mBuilding C object platforms/ros2/CMakeFiles/px4__rosidl_generator_c.dir/rosidl_generator_c/px4/msg/detail/estimator_gps_status__functions.c.o[0m
[177.836s] [  5%] [32mBuilding C object platforms/ros2/CMakeFiles/px4__rosidl_generator_c.dir/rosidl_generator_c/px4/msg/detail/estimator_gps_status__type_support.c.o[0m
[177.876s] [  5%] [32mBuilding C object platforms/ros2/CMakeFiles/px4__rosidl_generator_c.dir/rosidl_generator_c/px4/msg/detail/estimator_innovations__description.c.o[0m
[177.904s] [  5%] [32mBuilding C object platforms/ros2/CMakeFiles/px4__rosidl_generator_c.dir/rosidl_generator_c/px4/msg/detail/estimator_innovations__functions.c.o[0m
[177.925s] [  5%] [32mBuilding C object platforms/ros2/CMakeFiles/px4__rosidl_generator_c.dir/rosidl_generator_c/px4/msg/detail/estimator_innovations__type_support.c.o[0m
[177.968s] [  5%] [32mBuilding C object platforms/ros2/CMakeFiles/px4__rosidl_generator_c.dir/rosidl_generator_c/px4/msg/detail/estimator_selector_status__description.c.o[0m
[178.026s] [  5%] [32mBuilding C object platforms/ros2/CMakeFiles/px4__rosidl_generator_c.dir/rosidl_generator_c/px4/msg/detail/estimator_selector_status__functions.c.o[0m
[178.041s] [  5%] [32mBuilding C object platforms/ros2/CMakeFiles/px4__rosidl_generator_c.dir/rosidl_generator_c/px4/msg/detail/estimator_selector_status__type_support.c.o[0m
[178.053s] [  5%] [32mBuilding C object platforms/ros2/CMakeFiles/px4__rosidl_generator_c.dir/rosidl_generator_c/px4/msg/detail/estimator_sensor_bias__description.c.o[0m
[178.096s] [  5%] [32mBuilding C object platforms/ros2/CMakeFiles/px4__rosidl_generator_c.dir/rosidl_generator_c/px4/msg/detail/estimator_sensor_bias__functions.c.o[0m
[178.122s] [  5%] [32mBuilding C object platforms/ros2/CMakeFiles/px4__rosidl_generator_c.dir/rosidl_generator_c/px4/msg/detail/estimator_sensor_bias__type_support.c.o[0m
[178.128s] [  5%] [32mBuilding C object platforms/ros2/CMakeFiles/px4__rosidl_generator_c.dir/rosidl_generator_c/px4/msg/detail/estimator_states__description.c.o[0m
[178.187s] [  5%] [32mBuilding C object platforms/ros2/CMakeFiles/px4__rosidl_generator_c.dir/rosidl_generator_c/px4/msg/detail/estimator_states__functions.c.o[0m
[178.212s] [  5%] [32mBuilding C object platforms/ros2/CMakeFiles/px4__rosidl_generator_c.dir/rosidl_generator_c/px4/msg/detail/estimator_states__type_support.c.o[0m
[178.229s] [  5%] [32mBuilding C object platforms/ros2/CMakeFiles/px4__rosidl_generator_c.dir/rosidl_generator_c/px4/msg/detail/estimator_status__description.c.o[0m
[178.287s] [  6%] [32mBuilding C object platforms/ros2/CMakeFiles/px4__rosidl_generator_c.dir/rosidl_generator_c/px4/msg/detail/estimator_status__functions.c.o[0m
[178.327s] [  6%] [32mBuilding C object platforms/ros2/CMakeFiles/px4__rosidl_generator_c.dir/rosidl_generator_c/px4/msg/detail/estimator_status__type_support.c.o[0m
[178.343s] [  6%] [32mBuilding C object platforms/ros2/CMakeFiles/px4__rosidl_generator_c.dir/rosidl_generator_c/px4/msg/detail/estimator_status_flags__description.c.o[0m
[178.352s] [  6%] [32mBuilding C object platforms/ros2/CMakeFiles/px4__rosidl_generator_c.dir/rosidl_generator_c/px4/msg/detail/estimator_status_flags__functions.c.o[0m
[178.405s] [  6%] [32mBuilding C object platforms/ros2/CMakeFiles/px4__rosidl_generator_c.dir/rosidl_generator_c/px4/msg/detail/estimator_status_flags__type_support.c.o[0m
[178.428s] [  6%] [32mBuilding C object platforms/ros2/CMakeFiles/px4__rosidl_generator_c.dir/rosidl_generator_c/px4/msg/detail/event__description.c.o[0m
[178.465s] [  6%] [32mBuilding C object platforms/ros2/CMakeFiles/px4__rosidl_generator_c.dir/rosidl_generator_c/px4/msg/detail/event__type_support.c.o[0m
[178.474s] [  6%] [32mBuilding C object platforms/ros2/CMakeFiles/px4__rosidl_generator_c.dir/rosidl_generator_c/px4/msg/detail/event__functions.c.o[0m
[178.533s] [  6%] [32mBuilding C object platforms/ros2/CMakeFiles/px4__rosidl_generator_c.dir/rosidl_generator_c/px4/msg/detail/failsafe_flags__functions.c.o[0m
[178.535s] [  6%] [32mBuilding C object platforms/ros2/CMakeFiles/px4__rosidl_generator_c.dir/rosidl_generator_c/px4/msg/detail/failsafe_flags__description.c.o[0m
[178.574s] [  6%] [32mBuilding C object platforms/ros2/CMakeFiles/px4__rosidl_generator_c.dir/rosidl_generator_c/px4/msg/detail/failsafe_flags__type_support.c.o[0m
[178.635s] [  6%] [32mBuilding C object platforms/ros2/CMakeFiles/px4__rosidl_generator_c.dir/rosidl_generator_c/px4/msg/detail/failure_detector_status__description.c.o[0m
[178.638s] [  6%] [32mBuilding C object platforms/ros2/CMakeFiles/px4__rosidl_generator_c.dir/rosidl_generator_c/px4/msg/detail/failure_detector_status__functions.c.o[0m
[178.680s] [  6%] [32mBuilding C object platforms/ros2/CMakeFiles/px4__rosidl_generator_c.dir/rosidl_generator_c/px4/msg/detail/failure_detector_status__type_support.c.o[0m
[178.743s] [  6%] [32mBuilding C object platforms/ros2/CMakeFiles/px4__rosidl_generator_c.dir/rosidl_generator_c/px4/msg/detail/figure_eight_status__description.c.o[0m
[178.755s] [  6%] [32mBuilding C object platforms/ros2/CMakeFiles/px4__rosidl_generator_c.dir/rosidl_generator_c/px4/msg/detail/figure_eight_status__functions.c.o[0m
[178.768s] [  6%] [32mBuilding C object platforms/ros2/CMakeFiles/px4__rosidl_generator_c.dir/rosidl_generator_c/px4/msg/detail/figure_eight_status__type_support.c.o[0m
[178.792s] [  6%] [32mBuilding C object platforms/ros2/CMakeFiles/px4__rosidl_generator_c.dir/rosidl_generator_c/px4/msg/detail/flight_phase_estimation__description.c.o[0m
[178.820s] [  6%] [32mBuilding C object platforms/ros2/CMakeFiles/px4__rosidl_generator_c.dir/rosidl_generator_c/px4/msg/detail/flight_phase_estimation__functions.c.o[0m
[178.855s] [  6%] [32mBuilding C object platforms/ros2/CMakeFiles/px4__rosidl_generator_c.dir/rosidl_generator_c/px4/msg/detail/flight_phase_estimation__type_support.c.o[0m
[178.887s] [  6%] [32mBuilding C object platforms/ros2/CMakeFiles/px4__rosidl_generator_c.dir/rosidl_generator_c/px4/msg/detail/follow_target__description.c.o[0m
[178.927s] [  6%] [32mBuilding C object platforms/ros2/CMakeFiles/px4__rosidl_generator_c.dir/rosidl_generator_c/px4/msg/detail/follow_target__functions.c.o[0m
[178.940s] [  6%] [32mBuilding C object platforms/ros2/CMakeFiles/px4__rosidl_generator_c.dir/rosidl_generator_c/px4/msg/detail/follow_target__type_support.c.o[0m
[178.949s] [  6%] [32mBuilding C object platforms/ros2/CMakeFiles/px4__rosidl_generator_c.dir/rosidl_generator_c/px4/msg/detail/follow_target_estimator__description.c.o[0m
[178.974s] [  6%] [32mBuilding C object platforms/ros2/CMakeFiles/px4__rosidl_generator_c.dir/rosidl_generator_c/px4/msg/detail/follow_target_estimator__functions.c.o[0m
[179.008s] [  6%] [32mBuilding C object platforms/ros2/CMakeFiles/px4__rosidl_generator_c.dir/rosidl_generator_c/px4/msg/detail/follow_target_estimator__type_support.c.o[0m
[179.046s] [  6%] [32mBuilding C object platforms/ros2/CMakeFiles/px4__rosidl_generator_c.dir/rosidl_generator_c/px4/msg/detail/follow_target_status__description.c.o[0m
[179.062s] [  6%] [32mBuilding C object platforms/ros2/CMakeFiles/px4__rosidl_generator_c.dir/rosidl_generator_c/px4/msg/detail/follow_target_status__functions.c.o[0m
[179.105s] [  6%] [32mBuilding C object platforms/ros2/CMakeFiles/px4__rosidl_generator_c.dir/rosidl_generator_c/px4/msg/detail/follow_target_status__type_support.c.o[0m
[179.128s] [  7%] [32mBuilding C object platforms/ros2/CMakeFiles/px4__rosidl_generator_c.dir/rosidl_generator_c/px4/msg/detail/fuel_tank_status__description.c.o[0m
[179.134s] [  7%] [32mBuilding C object platforms/ros2/CMakeFiles/px4__rosidl_generator_c.dir/rosidl_generator_c/px4/msg/detail/fuel_tank_status__functions.c.o[0m
[179.198s] [  7%] [32mBuilding C object platforms/ros2/CMakeFiles/px4__rosidl_generator_c.dir/rosidl_generator_c/px4/msg/detail/fuel_tank_status__type_support.c.o[0m
[179.198s] [  7%] [32mBuilding C object platforms/ros2/CMakeFiles/px4__rosidl_generator_c.dir/rosidl_generator_c/px4/msg/detail/generator_status__description.c.o[0m
[179.212s] [  7%] [32mBuilding C object platforms/ros2/CMakeFiles/px4__rosidl_generator_c.dir/rosidl_generator_c/px4/msg/detail/generator_status__functions.c.o[0m
[179.265s] [  7%] [32mBuilding C object platforms/ros2/CMakeFiles/px4__rosidl_generator_c.dir/rosidl_generator_c/px4/msg/detail/generator_status__type_support.c.o[0m
[179.296s] [  7%] [32mBuilding C object platforms/ros2/CMakeFiles/px4__rosidl_generator_c.dir/rosidl_generator_c/px4/msg/detail/geofence_result__description.c.o[0m
[179.324s] [  7%] [32mBuilding C object platforms/ros2/CMakeFiles/px4__rosidl_generator_c.dir/rosidl_generator_c/px4/msg/detail/geofence_result__functions.c.o[0m
[179.346s] [  7%] [32mBuilding C object platforms/ros2/CMakeFiles/px4__rosidl_generator_c.dir/rosidl_generator_c/px4/msg/detail/geofence_result__type_support.c.o[0m
[179.357s] [  7%] [32mBuilding C object platforms/ros2/CMakeFiles/px4__rosidl_generator_c.dir/rosidl_generator_c/px4/msg/detail/geofence_status__description.c.o[0m
[179.413s] [  7%] [32mBuilding C object platforms/ros2/CMakeFiles/px4__rosidl_generator_c.dir/rosidl_generator_c/px4/msg/detail/geofence_status__functions.c.o[0m
[179.415s] [  7%] [32mBuilding C object platforms/ros2/CMakeFiles/px4__rosidl_generator_c.dir/rosidl_generator_c/px4/msg/detail/geofence_status__type_support.c.o[0m
[179.428s] [  7%] [32mBuilding C object platforms/ros2/CMakeFiles/px4__rosidl_generator_c.dir/rosidl_generator_c/px4/msg/detail/gimbal_controls__description.c.o[0m
[179.495s] [  7%] [32mBuilding C object platforms/ros2/CMakeFiles/px4__rosidl_generator_c.dir/rosidl_generator_c/px4/msg/detail/gimbal_controls__functions.c.o[0m
[179.501s] [  7%] [32mBuilding C object platforms/ros2/CMakeFiles/px4__rosidl_generator_c.dir/rosidl_generator_c/px4/msg/detail/gimbal_device_attitude_status__description.c.o[0m
[179.510s] [  7%] [32mBuilding C object platforms/ros2/CMakeFiles/px4__rosidl_generator_c.dir/rosidl_generator_c/px4/msg/detail/gimbal_controls__type_support.c.o[0m
[179.544s] [  7%] [32mBuilding C object platforms/ros2/CMakeFiles/px4__rosidl_generator_c.dir/rosidl_generator_c/px4/msg/detail/gimbal_device_attitude_status__functions.c.o[0m
[179.578s] [  7%] [32mBuilding C object platforms/ros2/CMakeFiles/px4__rosidl_generator_c.dir/rosidl_generator_c/px4/msg/detail/gimbal_device_attitude_status__type_support.c.o[0m
[179.616s] [  7%] [32mBuilding C object platforms/ros2/CMakeFiles/px4__rosidl_generator_c.dir/rosidl_generator_c/px4/msg/detail/gimbal_device_information__description.c.o[0m
[179.631s] [  7%] [32mBuilding C object platforms/ros2/CMakeFiles/px4__rosidl_generator_c.dir/rosidl_generator_c/px4/msg/detail/gimbal_device_information__functions.c.o[0m
[179.655s] [  7%] [32mBuilding C object platforms/ros2/CMakeFiles/px4__rosidl_generator_c.dir/rosidl_generator_c/px4/msg/detail/gimbal_device_information__type_support.c.o[0m
[179.712s] [  7%] [32mBuilding C object platforms/ros2/CMakeFiles/px4__rosidl_generator_c.dir/rosidl_generator_c/px4/msg/detail/gimbal_device_set_attitude__functions.c.o[0m
[179.712s] [  7%] [32mBuilding C object platforms/ros2/CMakeFiles/px4__rosidl_generator_c.dir/rosidl_generator_c/px4/msg/detail/gimbal_device_set_attitude__description.c.o[0m
[179.751s] [  7%] [32mBuilding C object platforms/ros2/CMakeFiles/px4__rosidl_generator_c.dir/rosidl_generator_c/px4/msg/detail/gimbal_device_set_attitude__type_support.c.o[0m
[179.795s] [  7%] [32mBuilding C object platforms/ros2/CMakeFiles/px4__rosidl_generator_c.dir/rosidl_generator_c/px4/msg/detail/gimbal_manager_information__description.c.o[0m
[179.808s] [  7%] [32mBuilding C object platforms/ros2/CMakeFiles/px4__rosidl_generator_c.dir/rosidl_generator_c/px4/msg/detail/gimbal_manager_information__functions.c.o[0m
[179.821s] [  7%] [32mBuilding C object platforms/ros2/CMakeFiles/px4__rosidl_generator_c.dir/rosidl_generator_c/px4/msg/detail/gimbal_manager_information__type_support.c.o[0m
[179.860s] [  7%] [32mBuilding C object platforms/ros2/CMakeFiles/px4__rosidl_generator_c.dir/rosidl_generator_c/px4/msg/detail/gimbal_manager_set_attitude__description.c.o[0m
[179.889s] [  7%] [32mBuilding C object platforms/ros2/CMakeFiles/px4__rosidl_generator_c.dir/rosidl_generator_c/px4/msg/detail/gimbal_manager_set_attitude__functions.c.o[0m
[179.901s] [  8%] [32mBuilding C object platforms/ros2/CMakeFiles/px4__rosidl_generator_c.dir/rosidl_generator_c/px4/msg/detail/gimbal_manager_set_attitude__type_support.c.o[0m
[179.972s] [  8%] [32mBuilding C object platforms/ros2/CMakeFiles/px4__rosidl_generator_c.dir/rosidl_generator_c/px4/msg/detail/gimbal_manager_set_manual_control__description.c.o[0m
[179.991s] [  8%] [32mBuilding C object platforms/ros2/CMakeFiles/px4__rosidl_generator_c.dir/rosidl_generator_c/px4/msg/detail/gimbal_manager_set_manual_control__functions.c.o[0m
[179.991s] [  8%] [32mBuilding C object platforms/ros2/CMakeFiles/px4__rosidl_generator_c.dir/rosidl_generator_c/px4/msg/detail/gimbal_manager_set_manual_control__type_support.c.o[0m
[180.061s] [  8%] [32mBuilding C object platforms/ros2/CMakeFiles/px4__rosidl_generator_c.dir/rosidl_generator_c/px4/msg/detail/gimbal_manager_status__description.c.o[0m
[180.071s] [  8%] [32mBuilding C object platforms/ros2/CMakeFiles/px4__rosidl_generator_c.dir/rosidl_generator_c/px4/msg/detail/gimbal_manager_status__functions.c.o[0m
[180.080s] [  8%] [32mBuilding C object platforms/ros2/CMakeFiles/px4__rosidl_generator_c.dir/rosidl_generator_c/px4/msg/detail/gimbal_manager_status__type_support.c.o[0m
[180.141s] [  8%] [32mBuilding C object platforms/ros2/CMakeFiles/px4__rosidl_generator_c.dir/rosidl_generator_c/px4/msg/detail/gpio_config__functions.c.o[0m
[180.141s] [  8%] [32mBuilding C object platforms/ros2/CMakeFiles/px4__rosidl_generator_c.dir/rosidl_generator_c/px4/msg/detail/gpio_config__description.c.o[0m
[180.167s] [  8%] [32mBuilding C object platforms/ros2/CMakeFiles/px4__rosidl_generator_c.dir/rosidl_generator_c/px4/msg/detail/gpio_config__type_support.c.o[0m
[180.235s] [  8%] [32mBuilding C object platforms/ros2/CMakeFiles/px4__rosidl_generator_c.dir/rosidl_generator_c/px4/msg/detail/gpio_in__description.c.o[0m
[180.248s] [  8%] [32mBuilding C object platforms/ros2/CMakeFiles/px4__rosidl_generator_c.dir/rosidl_generator_c/px4/msg/detail/gpio_in__functions.c.o[0m
[180.250s] [  8%] [32mBuilding C object platforms/ros2/CMakeFiles/px4__rosidl_generator_c.dir/rosidl_generator_c/px4/msg/detail/gpio_in__type_support.c.o[0m
[180.280s] [  8%] [32mBuilding C object platforms/ros2/CMakeFiles/px4__rosidl_generator_c.dir/rosidl_generator_c/px4/msg/detail/gpio_out__description.c.o[0m
[180.332s] [  8%] [32mBuilding C object platforms/ros2/CMakeFiles/px4__rosidl_generator_c.dir/rosidl_generator_c/px4/msg/detail/gpio_out__functions.c.o[0m
[180.340s] [  8%] [32mBuilding C object platforms/ros2/CMakeFiles/px4__rosidl_generator_c.dir/rosidl_generator_c/px4/msg/detail/gpio_out__type_support.c.o[0m
[180.356s] [  8%] [32mBuilding C object platforms/ros2/CMakeFiles/px4__rosidl_generator_c.dir/rosidl_generator_c/px4/msg/detail/gpio_request__description.c.o[0m
[180.393s] [  8%] [32mBuilding C object platforms/ros2/CMakeFiles/px4__rosidl_generator_c.dir/rosidl_generator_c/px4/msg/detail/gpio_request__functions.c.o[0m
[180.424s] [  8%] [32mBuilding C object platforms/ros2/CMakeFiles/px4__rosidl_generator_c.dir/rosidl_generator_c/px4/msg/detail/gpio_request__type_support.c.o[0m
[180.448s] [  8%] [32mBuilding C object platforms/ros2/CMakeFiles/px4__rosidl_generator_c.dir/rosidl_generator_c/px4/msg/detail/gps_dump__description.c.o[0m
[180.494s] [  8%] [32mBuilding C object platforms/ros2/CMakeFiles/px4__rosidl_generator_c.dir/rosidl_generator_c/px4/msg/detail/gps_dump__functions.c.o[0m
[180.499s] [  8%] [32mBuilding C object platforms/ros2/CMakeFiles/px4__rosidl_generator_c.dir/rosidl_generator_c/px4/msg/detail/gps_dump__type_support.c.o[0m
[180.515s] [  8%] [32mBuilding C object platforms/ros2/CMakeFiles/px4__rosidl_generator_c.dir/rosidl_generator_c/px4/msg/detail/gps_inject_data__description.c.o[0m
[180.528s] [  8%] [32mBuilding C object platforms/ros2/CMakeFiles/px4__rosidl_generator_c.dir/rosidl_generator_c/px4/msg/detail/gps_inject_data__functions.c.o[0m
[180.564s] [  8%] [32mBuilding C object platforms/ros2/CMakeFiles/px4__rosidl_generator_c.dir/rosidl_generator_c/px4/msg/detail/gps_inject_data__type_support.c.o[0m
[180.625s] [  8%] [32mBuilding C object platforms/ros2/CMakeFiles/px4__rosidl_generator_c.dir/rosidl_generator_c/px4/msg/detail/gripper__description.c.o[0m
[180.626s] [  8%] [32mBuilding C object platforms/ros2/CMakeFiles/px4__rosidl_generator_c.dir/rosidl_generator_c/px4/msg/detail/gripper__functions.c.o[0m
[180.640s] [  8%] [32mBuilding C object platforms/ros2/CMakeFiles/px4__rosidl_generator_c.dir/rosidl_generator_c/px4/msg/detail/gripper__type_support.c.o[0m
[180.665s] [  8%] [32mBuilding C object platforms/ros2/CMakeFiles/px4__rosidl_generator_c.dir/rosidl_generator_c/px4/msg/detail/health_report__description.c.o[0m
[180.703s] [ 10%] [32mBuilding C object platforms/ros2/CMakeFiles/px4__rosidl_generator_c.dir/rosidl_generator_c/px4/msg/detail/health_report__functions.c.o[0m
[180.721s] [ 10%] [32mBuilding C object platforms/ros2/CMakeFiles/px4__rosidl_generator_c.dir/rosidl_generator_c/px4/msg/detail/health_report__type_support.c.o[0m
[180.740s] [ 10%] [32mBuilding C object platforms/ros2/CMakeFiles/px4__rosidl_generator_c.dir/rosidl_generator_c/px4/msg/detail/heater_status__description.c.o[0m
[180.777s] [ 10%] [32mBuilding C object platforms/ros2/CMakeFiles/px4__rosidl_generator_c.dir/rosidl_generator_c/px4/msg/detail/heater_status__functions.c.o[0m
[180.811s] [ 10%] [32mBuilding C object platforms/ros2/CMakeFiles/px4__rosidl_generator_c.dir/rosidl_generator_c/px4/msg/detail/heater_status__type_support.c.o[0m
[180.825s] [ 10%] [32mBuilding C object platforms/ros2/CMakeFiles/px4__rosidl_generator_c.dir/rosidl_generator_c/px4/msg/detail/hover_thrust_estimate__description.c.o[0m
[180.857s] [ 10%] [32mBuilding C object platforms/ros2/CMakeFiles/px4__rosidl_generator_c.dir/rosidl_generator_c/px4/msg/detail/hover_thrust_estimate__functions.c.o[0m
[180.870s] [ 10%] [32mBuilding C object platforms/ros2/CMakeFiles/px4__rosidl_generator_c.dir/rosidl_generator_c/px4/msg/detail/hover_thrust_estimate__type_support.c.o[0m
[180.942s] [ 10%] [32mBuilding C object platforms/ros2/CMakeFiles/px4__rosidl_generator_c.dir/rosidl_generator_c/px4/msg/detail/input_rc__description.c.o[0m
[180.943s] [ 10%] [32mBuilding C object platforms/ros2/CMakeFiles/px4__rosidl_generator_c.dir/rosidl_generator_c/px4/msg/detail/input_rc__type_support.c.o[0m
[180.945s] [ 10%] [32mBuilding C object platforms/ros2/CMakeFiles/px4__rosidl_generator_c.dir/rosidl_generator_c/px4/msg/detail/input_rc__functions.c.o[0m
[181.021s] [ 10%] [32mBuilding C object platforms/ros2/CMakeFiles/px4__rosidl_generator_c.dir/rosidl_generator_c/px4/msg/detail/internal_combustion_engine_control__type_support.c.o[0m
[181.022s] [ 10%] [32mBuilding C object platforms/ros2/CMakeFiles/px4__rosidl_generator_c.dir/rosidl_generator_c/px4/msg/detail/internal_combustion_engine_control__description.c.o[0m
[181.031s] [ 10%] [32mBuilding C object platforms/ros2/CMakeFiles/px4__rosidl_generator_c.dir/rosidl_generator_c/px4/msg/detail/internal_combustion_engine_control__functions.c.o[0m
[181.080s] [ 10%] [32mBuilding C object platforms/ros2/CMakeFiles/px4__rosidl_generator_c.dir/rosidl_generator_c/px4/msg/detail/internal_combustion_engine_status__description.c.o[0m
[181.114s] [ 10%] [32mBuilding C object platforms/ros2/CMakeFiles/px4__rosidl_generator_c.dir/rosidl_generator_c/px4/msg/detail/internal_combustion_engine_status__functions.c.o[0m
[181.146s] [ 10%] [32mBuilding C object platforms/ros2/CMakeFiles/px4__rosidl_generator_c.dir/rosidl_generator_c/px4/msg/detail/internal_combustion_engine_status__type_support.c.o[0m
[181.151s] [ 10%] [32mBuilding C object platforms/ros2/CMakeFiles/px4__rosidl_generator_c.dir/rosidl_generator_c/px4/msg/detail/iridiumsbd_status__description.c.o[0m
[181.179s] [ 10%] [32mBuilding C object platforms/ros2/CMakeFiles/px4__rosidl_generator_c.dir/rosidl_generator_c/px4/msg/detail/iridiumsbd_status__functions.c.o[0m
[181.214s] [ 10%] [32mBuilding C object platforms/ros2/CMakeFiles/px4__rosidl_generator_c.dir/rosidl_generator_c/px4/msg/detail/iridiumsbd_status__type_support.c.o[0m
[181.217s] [ 10%] [32mBuilding C object platforms/ros2/CMakeFiles/px4__rosidl_generator_c.dir/rosidl_generator_c/px4/msg/detail/irlock_report__description.c.o[0m
[181.354s] [ 10%] [32mBuilding C object platforms/ros2/CMakeFiles/px4__rosidl_generator_c.dir/rosidl_generator_c/px4/msg/detail/landing_gear__description.c.o[0m
[181.420s] [ 10%] [32mBuilding C object platforms/ros2/CMakeFiles/px4__rosidl_generator_c.dir/rosidl_generator_c/px4/msg/detail/landing_gear__functions.c.o[0m
[181.542s] [ 10%] [32mBuilding C object platforms/ros2/CMakeFiles/px4__rosidl_generator_c.dir/rosidl_generator_c/px4/msg/detail/landing_gear__type_support.c.o[0m
[181.594s] [ 10%] [32mBuilding C object platforms/ros2/CMakeFiles/px4__rosidl_generator_c.dir/rosidl_generator_c/px4/msg/detail/landing_gear_wheel__description.c.o[0m
[181.659s] [ 10%] [32mBuilding C object platforms/ros2/CMakeFiles/px4__rosidl_generator_c.dir/rosidl_generator_c/px4/msg/detail/landing_gear_wheel__functions.c.o[0m
[181.782s] [ 11%] [32mBuilding C object platforms/ros2/CMakeFiles/px4__rosidl_generator_c.dir/rosidl_generator_c/px4/msg/detail/landing_gear_wheel__type_support.c.o[0m
[181.834s] [ 11%] [32mBuilding C object platforms/ros2/CMakeFiles/px4__rosidl_generator_c.dir/rosidl_generator_c/px4/msg/detail/landing_target_innovations__description.c.o[0m
[181.900s] [ 11%] [32mBuilding C object platforms/ros2/CMakeFiles/px4__rosidl_generator_c.dir/rosidl_generator_c/px4/msg/detail/landing_target_innovations__functions.c.o[0m
[182.025s] [ 11%] [32mBuilding C object platforms/ros2/CMakeFiles/px4__rosidl_generator_c.dir/rosidl_generator_c/px4/msg/detail/landing_target_innovations__type_support.c.o[0m
[182.076s] [ 11%] [32mBuilding C object platforms/ros2/CMakeFiles/px4__rosidl_generator_c.dir/rosidl_generator_c/px4/msg/detail/landing_target_pose__description.c.o[0m
[182.142s] [ 11%] [32mBuilding C object platforms/ros2/CMakeFiles/px4__rosidl_generator_c.dir/rosidl_generator_c/px4/msg/detail/landing_target_pose__functions.c.o[0m
[182.274s] [ 11%] [32mBuilding C object platforms/ros2/CMakeFiles/px4__rosidl_generator_c.dir/rosidl_generator_c/px4/msg/detail/landing_target_pose__type_support.c.o[0m
[182.326s] [ 11%] [32mBuilding C object platforms/ros2/CMakeFiles/px4__rosidl_generator_c.dir/rosidl_generator_c/px4/msg/detail/launch_detection_status__description.c.o[0m
[182.390s] [ 11%] [32mBuilding C object platforms/ros2/CMakeFiles/px4__rosidl_generator_c.dir/rosidl_generator_c/px4/msg/detail/launch_detection_status__functions.c.o[0m
[182.514s] [ 11%] [32mBuilding C object platforms/ros2/CMakeFiles/px4__rosidl_generator_c.dir/rosidl_generator_c/px4/msg/detail/launch_detection_status__type_support.c.o[0m
[182.564s] [ 11%] [32mBuilding C object platforms/ros2/CMakeFiles/px4__rosidl_generator_c.dir/rosidl_generator_c/px4/msg/detail/led_control__description.c.o[0m
[182.631s] [ 11%] [32mBuilding C object platforms/ros2/CMakeFiles/px4__rosidl_generator_c.dir/rosidl_generator_c/px4/msg/detail/led_control__functions.c.o[0m
[182.755s] [ 11%] [32mBuilding C object platforms/ros2/CMakeFiles/px4__rosidl_generator_c.dir/rosidl_generator_c/px4/msg/detail/led_control__type_support.c.o[0m
[182.807s] [ 11%] [32mBuilding C object platforms/ros2/CMakeFiles/px4__rosidl_generator_c.dir/rosidl_generator_c/px4/msg/detail/log_message__description.c.o[0m
[182.872s] [ 11%] [32mBuilding C object platforms/ros2/CMakeFiles/px4__rosidl_generator_c.dir/rosidl_generator_c/px4/msg/detail/log_message__functions.c.o[0m
[183.002s] [ 11%] [32mBuilding C object platforms/ros2/CMakeFiles/px4__rosidl_generator_c.dir/rosidl_generator_c/px4/msg/detail/log_message__type_support.c.o[0m
[183.053s] [ 11%] [32mBuilding C object platforms/ros2/CMakeFiles/px4__rosidl_generator_c.dir/rosidl_generator_c/px4/msg/detail/logger_status__description.c.o[0m
[183.119s] [ 11%] [32mBuilding C object platforms/ros2/CMakeFiles/px4__rosidl_generator_c.dir/rosidl_generator_c/px4/msg/detail/logger_status__functions.c.o[0m
[183.247s] [ 11%] [32mBuilding C object platforms/ros2/CMakeFiles/px4__rosidl_generator_c.dir/rosidl_generator_c/px4/msg/detail/logger_status__type_support.c.o[0m
[183.299s] [ 11%] [32mBuilding C object platforms/ros2/CMakeFiles/px4__rosidl_generator_c.dir/rosidl_generator_c/px4/msg/detail/mag_worker_data__description.c.o[0m
[183.366s] [ 11%] [32mBuilding C object platforms/ros2/CMakeFiles/px4__rosidl_generator_c.dir/rosidl_generator_c/px4/msg/detail/mag_worker_data__functions.c.o[0m
[183.509s] [ 11%] [32mBuilding C object platforms/ros2/CMakeFiles/px4__rosidl_generator_c.dir/rosidl_generator_c/px4/msg/detail/mag_worker_data__type_support.c.o[0m
[183.560s] [ 11%] [32mBuilding C object platforms/ros2/CMakeFiles/px4__rosidl_generator_c.dir/rosidl_generator_c/px4/msg/detail/magnetometer_bias_estimate__description.c.o[0m
[183.626s] [ 11%] [32mBuilding C object platforms/ros2/CMakeFiles/px4__rosidl_generator_c.dir/rosidl_generator_c/px4/msg/detail/magnetometer_bias_estimate__functions.c.o[0m
[183.762s] [ 11%] [32mBuilding C object platforms/ros2/CMakeFiles/px4__rosidl_generator_c.dir/rosidl_generator_c/px4/msg/detail/magnetometer_bias_estimate__type_support.c.o[0m
[183.814s] [ 11%] [32mBuilding C object platforms/ros2/CMakeFiles/px4__rosidl_generator_c.dir/rosidl_generator_c/px4/msg/detail/manual_control_switches__description.c.o[0m
[183.880s] [ 11%] [32mBuilding C object platforms/ros2/CMakeFiles/px4__rosidl_generator_c.dir/rosidl_generator_c/px4/msg/detail/manual_control_switches__functions.c.o[0m
[184.012s] [ 11%] [32mBuilding C object platforms/ros2/CMakeFiles/px4__rosidl_generator_c.dir/rosidl_generator_c/px4/msg/detail/manual_control_switches__type_support.c.o[0m
[184.063s] [ 11%] [32mBuilding C object platforms/ros2/CMakeFiles/px4__rosidl_generator_c.dir/rosidl_generator_c/px4/msg/detail/mavlink_log__description.c.o[0m
[184.130s] [ 12%] [32mBuilding C object platforms/ros2/CMakeFiles/px4__rosidl_generator_c.dir/rosidl_generator_c/px4/msg/detail/mavlink_log__functions.c.o[0m
[184.259s] [ 12%] [32mBuilding C object platforms/ros2/CMakeFiles/px4__rosidl_generator_c.dir/rosidl_generator_c/px4/msg/detail/mavlink_log__type_support.c.o[0m
[184.311s] [ 12%] [32mBuilding C object platforms/ros2/CMakeFiles/px4__rosidl_generator_c.dir/rosidl_generator_c/px4/msg/detail/mavlink_tunnel__description.c.o[0m
[184.375s] [ 12%] [32mBuilding C object platforms/ros2/CMakeFiles/px4__rosidl_generator_c.dir/rosidl_generator_c/px4/msg/detail/mavlink_tunnel__functions.c.o[0m
[184.508s] [ 12%] [32mBuilding C object platforms/ros2/CMakeFiles/px4__rosidl_generator_c.dir/rosidl_generator_c/px4/msg/detail/mavlink_tunnel__type_support.c.o[0m
[184.559s] [ 12%] [32mBuilding C object platforms/ros2/CMakeFiles/px4__rosidl_generator_c.dir/rosidl_generator_c/px4/msg/detail/message_format_request__description.c.o[0m
[184.624s] [ 12%] [32mBuilding C object platforms/ros2/CMakeFiles/px4__rosidl_generator_c.dir/rosidl_generator_c/px4/msg/detail/message_format_request__functions.c.o[0m
[184.753s] [ 12%] [32mBuilding C object platforms/ros2/CMakeFiles/px4__rosidl_generator_c.dir/rosidl_generator_c/px4/msg/detail/message_format_request__type_support.c.o[0m
[184.806s] [ 12%] [32mBuilding C object platforms/ros2/CMakeFiles/px4__rosidl_generator_c.dir/rosidl_generator_c/px4/msg/detail/message_format_response__description.c.o[0m
[184.871s] [ 12%] [32mBuilding C object platforms/ros2/CMakeFiles/px4__rosidl_generator_c.dir/rosidl_generator_c/px4/msg/detail/message_format_response__functions.c.o[0m
[185.002s] [ 12%] [32mBuilding C object platforms/ros2/CMakeFiles/px4__rosidl_generator_c.dir/rosidl_generator_c/px4/msg/detail/message_format_response__type_support.c.o[0m
[185.053s] [ 12%] [32mBuilding C object platforms/ros2/CMakeFiles/px4__rosidl_generator_c.dir/rosidl_generator_c/px4/msg/detail/mission__description.c.o[0m
[185.119s] [ 12%] [32mBuilding C object platforms/ros2/CMakeFiles/px4__rosidl_generator_c.dir/rosidl_generator_c/px4/msg/detail/mission__functions.c.o[0m
[185.247s] [ 12%] [32mBuilding C object platforms/ros2/CMakeFiles/px4__rosidl_generator_c.dir/rosidl_generator_c/px4/msg/detail/mission__type_support.c.o[0m
[185.298s] [ 12%] [32mBuilding C object platforms/ros2/CMakeFiles/px4__rosidl_generator_c.dir/rosidl_generator_c/px4/msg/detail/mission_result__description.c.o[0m
[185.365s] [ 12%] [32mBuilding C object platforms/ros2/CMakeFiles/px4__rosidl_generator_c.dir/rosidl_generator_c/px4/msg/detail/mission_result__functions.c.o[0m
[185.497s] [ 12%] [32mBuilding C object platforms/ros2/CMakeFiles/px4__rosidl_generator_c.dir/rosidl_generator_c/px4/msg/detail/mission_result__type_support.c.o[0m
[185.550s] [ 12%] [32mBuilding C object platforms/ros2/CMakeFiles/px4__rosidl_generator_c.dir/rosidl_generator_c/px4/msg/detail/mount_orientation__description.c.o[0m
[185.616s] [ 12%] [32mBuilding C object platforms/ros2/CMakeFiles/px4__rosidl_generator_c.dir/rosidl_generator_c/px4/msg/detail/mount_orientation__functions.c.o[0m
[185.744s] [ 12%] [32mBuilding C object platforms/ros2/CMakeFiles/px4__rosidl_generator_c.dir/rosidl_generator_c/px4/msg/detail/mount_orientation__type_support.c.o[0m
[185.794s] [ 12%] [32mBuilding C object platforms/ros2/CMakeFiles/px4__rosidl_generator_c.dir/rosidl_generator_c/px4/msg/detail/navigator_mission_item__description.c.o[0m
[185.861s] [ 12%] [32mBuilding C object platforms/ros2/CMakeFiles/px4__rosidl_generator_c.dir/rosidl_generator_c/px4/msg/detail/navigator_mission_item__functions.c.o[0m
[185.994s] [ 12%] [32mBuilding C object platforms/ros2/CMakeFiles/px4__rosidl_generator_c.dir/rosidl_generator_c/px4/msg/detail/navigator_mission_item__type_support.c.o[0m
[186.046s] [ 12%] [32mBuilding C object platforms/ros2/CMakeFiles/px4__rosidl_generator_c.dir/rosidl_generator_c/px4/msg/detail/navigator_status__description.c.o[0m
[186.112s] [ 12%] [32mBuilding C object platforms/ros2/CMakeFiles/px4__rosidl_generator_c.dir/rosidl_generator_c/px4/msg/detail/navigator_status__functions.c.o[0m
[186.235s] [ 12%] [32mBuilding C object platforms/ros2/CMakeFiles/px4__rosidl_generator_c.dir/rosidl_generator_c/px4/msg/detail/navigator_status__type_support.c.o[0m
[186.286s] [ 12%] [32mBuilding C object platforms/ros2/CMakeFiles/px4__rosidl_generator_c.dir/rosidl_generator_c/px4/msg/detail/normalized_unsigned_setpoint__description.c.o[0m
[186.352s] [ 12%] [32mBuilding C object platforms/ros2/CMakeFiles/px4__rosidl_generator_c.dir/rosidl_generator_c/px4/msg/detail/normalized_unsigned_setpoint__functions.c.o[0m
[186.474s] [ 12%] [32mBuilding C object platforms/ros2/CMakeFiles/px4__rosidl_generator_c.dir/rosidl_generator_c/px4/msg/detail/normalized_unsigned_setpoint__type_support.c.o[0m
[186.527s] [ 13%] [32mBuilding C object platforms/ros2/CMakeFiles/px4__rosidl_generator_c.dir/rosidl_generator_c/px4/msg/detail/npfg_status__description.c.o[0m
[186.592s] [ 13%] [32mBuilding C object platforms/ros2/CMakeFiles/px4__rosidl_generator_c.dir/rosidl_generator_c/px4/msg/detail/npfg_status__functions.c.o[0m
[186.725s] [ 13%] [32mBuilding C object platforms/ros2/CMakeFiles/px4__rosidl_generator_c.dir/rosidl_generator_c/px4/msg/detail/npfg_status__type_support.c.o[0m
[186.775s] [ 13%] [32mBuilding C object platforms/ros2/CMakeFiles/px4__rosidl_generator_c.dir/rosidl_generator_c/px4/msg/detail/obstacle_distance__description.c.o[0m
[186.841s] [ 13%] [32mBuilding C object platforms/ros2/CMakeFiles/px4__rosidl_generator_c.dir/rosidl_generator_c/px4/msg/detail/obstacle_distance__functions.c.o[0m
[186.855s] [ 13%] [32mBuilding C object platforms/ros2/CMakeFiles/px4__rosidl_generator_c.dir/rosidl_generator_c/px4/msg/detail/obstacle_distance__type_support.c.o[0m
[186.908s] [ 13%] [32mBuilding C object platforms/ros2/CMakeFiles/px4__rosidl_generator_c.dir/rosidl_generator_c/px4/msg/detail/irlock_report__type_support.c.o[0m
[186.962s] [ 13%] [32mBuilding C object platforms/ros2/CMakeFiles/px4__rosidl_generator_c.dir/rosidl_generator_c/px4/msg/detail/offboard_control_mode__description.c.o[0m
[186.978s] [ 13%] [32mBuilding C object platforms/ros2/CMakeFiles/px4__rosidl_generator_c.dir/rosidl_generator_c/px4/msg/detail/offboard_control_mode__functions.c.o[0m
[187.029s] [ 13%] [32mBuilding C object platforms/ros2/CMakeFiles/px4__rosidl_generator_c.dir/rosidl_generator_c/px4/msg/detail/offboard_control_mode__type_support.c.o[0m
[187.082s] [ 13%] [32mBuilding C object platforms/ros2/CMakeFiles/px4__rosidl_generator_c.dir/rosidl_generator_c/px4/msg/detail/onboard_computer_status__description.c.o[0m
[187.111s] [ 13%] [32mBuilding C object platforms/ros2/CMakeFiles/px4__rosidl_generator_c.dir/rosidl_generator_c/px4/msg/detail/onboard_computer_status__functions.c.o[0m
[187.149s] [ 13%] [32mBuilding C object platforms/ros2/CMakeFiles/px4__rosidl_generator_c.dir/rosidl_generator_c/px4/msg/detail/onboard_computer_status__type_support.c.o[0m
[187.200s] [ 13%] [32mBuilding C object platforms/ros2/CMakeFiles/px4__rosidl_generator_c.dir/rosidl_generator_c/px4/msg/detail/open_drone_id_arm_status__description.c.o[0m
[187.270s] [ 13%] [32mBuilding C object platforms/ros2/CMakeFiles/px4__rosidl_generator_c.dir/rosidl_generator_c/px4/msg/detail/open_drone_id_arm_status__functions.c.o[0m
[187.275s] [ 13%] [32mBuilding C object platforms/ros2/CMakeFiles/px4__rosidl_generator_c.dir/rosidl_generator_c/px4/msg/detail/open_drone_id_arm_status__type_support.c.o[0m
[187.327s] [ 13%] [32mBuilding C object platforms/ros2/CMakeFiles/px4__rosidl_generator_c.dir/rosidl_generator_c/px4/msg/detail/open_drone_id_operator_id__description.c.o[0m
[187.394s] [ 13%] [32mBuilding C object platforms/ros2/CMakeFiles/px4__rosidl_generator_c.dir/rosidl_generator_c/px4/msg/detail/open_drone_id_operator_id__functions.c.o[0m
[187.400s] [ 13%] [32mBuilding C object platforms/ros2/CMakeFiles/px4__rosidl_generator_c.dir/rosidl_generator_c/px4/msg/detail/open_drone_id_operator_id__type_support.c.o[0m
[187.453s] [ 13%] [32mBuilding C object platforms/ros2/CMakeFiles/px4__rosidl_generator_c.dir/rosidl_generator_c/px4/msg/detail/open_drone_id_self_id__description.c.o[0m
[187.523s] [ 13%] [32mBuilding C object platforms/ros2/CMakeFiles/px4__rosidl_generator_c.dir/rosidl_generator_c/px4/msg/detail/open_drone_id_self_id__functions.c.o[0m
[187.530s] [ 13%] [32mBuilding C object platforms/ros2/CMakeFiles/px4__rosidl_generator_c.dir/rosidl_generator_c/px4/msg/detail/open_drone_id_self_id__type_support.c.o[0m
[187.582s] [ 13%] [32mBuilding C object platforms/ros2/CMakeFiles/px4__rosidl_generator_c.dir/rosidl_generator_c/px4/msg/detail/open_drone_id_system__description.c.o[0m
[187.649s] [ 13%] [32mBuilding C object platforms/ros2/CMakeFiles/px4__rosidl_generator_c.dir/rosidl_generator_c/px4/msg/detail/open_drone_id_system__functions.c.o[0m
[187.655s] [ 13%] [32mBuilding C object platforms/ros2/CMakeFiles/px4__rosidl_generator_c.dir/rosidl_generator_c/px4/msg/detail/open_drone_id_system__type_support.c.o[0m
[187.708s] [ 13%] [32mBuilding C object platforms/ros2/CMakeFiles/px4__rosidl_generator_c.dir/rosidl_generator_c/px4/msg/detail/orb_test__description.c.o[0m
[187.776s] [ 13%] [32mBuilding C object platforms/ros2/CMakeFiles/px4__rosidl_generator_c.dir/rosidl_generator_c/px4/msg/detail/orb_test__functions.c.o[0m
[187.784s] [ 13%] [32mBuilding C object platforms/ros2/CMakeFiles/px4__rosidl_generator_c.dir/rosidl_generator_c/px4/msg/detail/orb_test__type_support.c.o[0m
[187.838s] [ 13%] [32mBuilding C object platforms/ros2/CMakeFiles/px4__rosidl_generator_c.dir/rosidl_generator_c/px4/msg/detail/orb_test_large__description.c.o[0m
[187.852s] [ 13%] [32mBuilding C object platforms/ros2/CMakeFiles/px4__rosidl_generator_c.dir/rosidl_generator_c/px4/msg/detail/orb_test_large__functions.c.o[0m
[187.904s] [ 13%] [32mBuilding C object platforms/ros2/CMakeFiles/px4__rosidl_generator_c.dir/rosidl_generator_c/px4/msg/detail/irlock_report__functions.c.o[0m
[187.920s] [ 15%] [32mBuilding C object platforms/ros2/CMakeFiles/px4__rosidl_generator_c.dir/rosidl_generator_c/px4/msg/detail/orb_test_large__type_support.c.o[0m
[187.977s] [ 15%] [32mBuilding C object platforms/ros2/CMakeFiles/px4__rosidl_generator_c.dir/rosidl_generator_c/px4/msg/detail/orb_test_medium__description.c.o[0m
[188.007s] [ 15%] [32mBuilding C object platforms/ros2/CMakeFiles/px4__rosidl_generator_c.dir/rosidl_generator_c/px4/msg/detail/orb_test_medium__functions.c.o[0m
[188.049s] [ 15%] [32mBuilding C object platforms/ros2/CMakeFiles/px4__rosidl_generator_c.dir/rosidl_generator_c/px4/msg/detail/orb_test_medium__type_support.c.o[0m
[188.052s] [ 15%] [32mBuilding C object platforms/ros2/CMakeFiles/px4__rosidl_generator_c.dir/rosidl_generator_c/px4/msg/detail/orbit_status__description.c.o[0m
[188.117s] [ 15%] [32mBuilding C object platforms/ros2/CMakeFiles/px4__rosidl_generator_c.dir/rosidl_generator_c/px4/msg/detail/orbit_status__functions.c.o[0m
[188.125s] [ 15%] [32mBuilding C object platforms/ros2/CMakeFiles/px4__rosidl_generator_c.dir/rosidl_generator_c/px4/msg/detail/orbit_status__type_support.c.o[0m
[188.135s] [ 15%] [32mBuilding C object platforms/ros2/CMakeFiles/px4__rosidl_generator_c.dir/rosidl_generator_c/px4/msg/detail/parameter_reset_request__description.c.o[0m
[188.186s] [ 15%] [32mBuilding C object platforms/ros2/CMakeFiles/px4__rosidl_generator_c.dir/rosidl_generator_c/px4/msg/detail/parameter_reset_request__functions.c.o[0m
[188.201s] [ 15%] [32mBuilding C object platforms/ros2/CMakeFiles/px4__rosidl_generator_c.dir/rosidl_generator_c/px4/msg/detail/parameter_reset_request__type_support.c.o[0m
[188.259s] [ 15%] [32mBuilding C object platforms/ros2/CMakeFiles/px4__rosidl_generator_c.dir/rosidl_generator_c/px4/msg/detail/parameter_set_used_request__description.c.o[0m
[188.261s] [ 15%] [32mBuilding C object platforms/ros2/CMakeFiles/px4__rosidl_generator_c.dir/rosidl_generator_c/px4/msg/detail/parameter_set_used_request__functions.c.o[0m
[188.314s] [ 15%] [32mBuilding C object platforms/ros2/CMakeFiles/px4__rosidl_generator_c.dir/rosidl_generator_c/px4/msg/detail/parameter_set_used_request__type_support.c.o[0m
[188.330s] [ 15%] [32mBuilding C object platforms/ros2/CMakeFiles/px4__rosidl_generator_c.dir/rosidl_generator_c/px4/msg/detail/parameter_set_value_request__description.c.o[0m
[188.367s] [ 15%] [32mBuilding C object platforms/ros2/CMakeFiles/px4__rosidl_generator_c.dir/rosidl_generator_c/px4/msg/detail/parameter_set_value_request__functions.c.o[0m
[188.393s] [ 15%] [32mBuilding C object platforms/ros2/CMakeFiles/px4__rosidl_generator_c.dir/rosidl_generator_c/px4/msg/detail/parameter_set_value_request__type_support.c.o[0m
[188.397s] [ 15%] [32mBuilding C object platforms/ros2/CMakeFiles/px4__rosidl_generator_c.dir/rosidl_generator_c/px4/msg/detail/parameter_set_value_response__description.c.o[0m
[188.445s] [ 15%] [32mBuilding C object platforms/ros2/CMakeFiles/px4__rosidl_generator_c.dir/rosidl_generator_c/px4/msg/detail/parameter_set_value_response__functions.c.o[0m
[188.470s] [ 15%] [32mBuilding C object platforms/ros2/CMakeFiles/px4__rosidl_generator_c.dir/rosidl_generator_c/px4/msg/detail/parameter_set_value_response__type_support.c.o[0m
[188.494s] [ 15%] [32mBuilding C object platforms/ros2/CMakeFiles/px4__rosidl_generator_c.dir/rosidl_generator_c/px4/msg/detail/parameter_update__description.c.o[0m
[188.528s] [ 15%] [32mBuilding C object platforms/ros2/CMakeFiles/px4__rosidl_generator_c.dir/rosidl_generator_c/px4/msg/detail/parameter_update__functions.c.o[0m
[188.564s] [ 15%] [32mBuilding C object platforms/ros2/CMakeFiles/px4__rosidl_generator_c.dir/rosidl_generator_c/px4/msg/detail/parameter_update__type_support.c.o[0m
[188.577s] [ 15%] [32mBuilding C object platforms/ros2/CMakeFiles/px4__rosidl_generator_c.dir/rosidl_generator_c/px4/msg/detail/ping__description.c.o[0m
[188.617s] [ 15%] [32mBuilding C object platforms/ros2/CMakeFiles/px4__rosidl_generator_c.dir/rosidl_generator_c/px4/msg/detail/ping__functions.c.o[0m
[188.645s] [ 15%] [32mBuilding C object platforms/ros2/CMakeFiles/px4__rosidl_generator_c.dir/rosidl_generator_c/px4/msg/detail/ping__type_support.c.o[0m
[188.664s] [ 15%] [32mBuilding C object platforms/ros2/CMakeFiles/px4__rosidl_generator_c.dir/rosidl_generator_c/px4/msg/detail/position_controller_landing_status__description.c.o[0m
[188.701s] [ 15%] [32mBuilding C object platforms/ros2/CMakeFiles/px4__rosidl_generator_c.dir/rosidl_generator_c/px4/msg/detail/position_controller_landing_status__functions.c.o[0m
[188.733s] [ 15%] [32mBuilding C object platforms/ros2/CMakeFiles/px4__rosidl_generator_c.dir/rosidl_generator_c/px4/msg/detail/position_controller_landing_status__type_support.c.o[0m
[188.746s] [ 15%] [32mBuilding C object platforms/ros2/CMakeFiles/px4__rosidl_generator_c.dir/rosidl_generator_c/px4/msg/detail/position_controller_status__description.c.o[0m
[188.790s] [ 16%] [32mBuilding C object platforms/ros2/CMakeFiles/px4__rosidl_generator_c.dir/rosidl_generator_c/px4/msg/detail/position_controller_status__functions.c.o[0m
[188.814s] [ 16%] [32mBuilding C object platforms/ros2/CMakeFiles/px4__rosidl_generator_c.dir/rosidl_generator_c/px4/msg/detail/position_controller_status__type_support.c.o[0m
[188.833s] [ 16%] [32mBuilding C object platforms/ros2/CMakeFiles/px4__rosidl_generator_c.dir/rosidl_generator_c/px4/msg/detail/position_setpoint__description.c.o[0m
[188.859s] [ 16%] [32mBuilding C object platforms/ros2/CMakeFiles/px4__rosidl_generator_c.dir/rosidl_generator_c/px4/msg/detail/position_setpoint__functions.c.o[0m
[188.876s] [ 16%] [32mBuilding C object platforms/ros2/CMakeFiles/px4__rosidl_generator_c.dir/rosidl_generator_c/px4/msg/detail/position_setpoint__type_support.c.o[0m
[188.925s] [ 16%] [32mBuilding C object platforms/ros2/CMakeFiles/px4__rosidl_generator_c.dir/rosidl_generator_c/px4/msg/detail/position_setpoint_triplet__description.c.o[0m
[188.940s] [ 16%] [32mBuilding C object platforms/ros2/CMakeFiles/px4__rosidl_generator_c.dir/rosidl_generator_c/px4/msg/detail/position_setpoint_triplet__functions.c.o[0m
[188.953s] [ 16%] [32mBuilding C object platforms/ros2/CMakeFiles/px4__rosidl_generator_c.dir/rosidl_generator_c/px4/msg/detail/position_setpoint_triplet__type_support.c.o[0m
[189.021s] [ 16%] [32mBuilding C object platforms/ros2/CMakeFiles/px4__rosidl_generator_c.dir/rosidl_generator_c/px4/msg/detail/power_button_state__description.c.o[0m
[189.048s] [ 16%] [32mBuilding C object platforms/ros2/CMakeFiles/px4__rosidl_generator_c.dir/rosidl_generator_c/px4/msg/detail/power_button_state__functions.c.o[0m
[189.060s] [ 16%] [32mBuilding C object platforms/ros2/CMakeFiles/px4__rosidl_generator_c.dir/rosidl_generator_c/px4/msg/detail/power_button_state__type_support.c.o[0m
[189.079s] [ 16%] [32mBuilding C object platforms/ros2/CMakeFiles/px4__rosidl_generator_c.dir/rosidl_generator_c/px4/msg/detail/power_monitor__description.c.o[0m
[189.111s] [ 16%] [32mBuilding C object platforms/ros2/CMakeFiles/px4__rosidl_generator_c.dir/rosidl_generator_c/px4/msg/detail/power_monitor__functions.c.o[0m
[189.144s] [ 16%] [32mBuilding C object platforms/ros2/CMakeFiles/px4__rosidl_generator_c.dir/rosidl_generator_c/px4/msg/detail/power_monitor__type_support.c.o[0m
[189.153s] [ 16%] [32mBuilding C object platforms/ros2/CMakeFiles/px4__rosidl_generator_c.dir/rosidl_generator_c/px4/msg/detail/pps_capture__description.c.o[0m
[189.198s] [ 16%] [32mBuilding C object platforms/ros2/CMakeFiles/px4__rosidl_generator_c.dir/rosidl_generator_c/px4/msg/detail/pps_capture__functions.c.o[0m
[189.225s] [ 16%] [32mBuilding C object platforms/ros2/CMakeFiles/px4__rosidl_generator_c.dir/rosidl_generator_c/px4/msg/detail/pure_pursuit_status__description.c.o[0m
[189.231s] [ 16%] [32mBuilding C object platforms/ros2/CMakeFiles/px4__rosidl_generator_c.dir/rosidl_generator_c/px4/msg/detail/pps_capture__type_support.c.o[0m
[189.253s] [ 16%] [32mBuilding C object platforms/ros2/CMakeFiles/px4__rosidl_generator_c.dir/rosidl_generator_c/px4/msg/detail/pure_pursuit_status__functions.c.o[0m
[189.294s] [ 16%] [32mBuilding C object platforms/ros2/CMakeFiles/px4__rosidl_generator_c.dir/rosidl_generator_c/px4/msg/detail/pure_pursuit_status__type_support.c.o[0m
[189.294s] [ 16%] [32mBuilding C object platforms/ros2/CMakeFiles/px4__rosidl_generator_c.dir/rosidl_generator_c/px4/msg/detail/pwm_input__description.c.o[0m
[189.361s] [ 16%] [32mBuilding C object platforms/ros2/CMakeFiles/px4__rosidl_generator_c.dir/rosidl_generator_c/px4/msg/detail/pwm_input__type_support.c.o[0m
[189.362s] [ 16%] [32mBuilding C object platforms/ros2/CMakeFiles/px4__rosidl_generator_c.dir/rosidl_generator_c/px4/msg/detail/pwm_input__functions.c.o[0m
[189.397s] [ 16%] [32mBuilding C object platforms/ros2/CMakeFiles/px4__rosidl_generator_c.dir/rosidl_generator_c/px4/msg/detail/px4io_status__functions.c.o[0m
[189.399s] [ 16%] [32mBuilding C object platforms/ros2/CMakeFiles/px4__rosidl_generator_c.dir/rosidl_generator_c/px4/msg/detail/px4io_status__description.c.o[0m
[189.442s] [ 16%] [32mBuilding C object platforms/ros2/CMakeFiles/px4__rosidl_generator_c.dir/rosidl_generator_c/px4/msg/detail/px4io_status__type_support.c.o[0m
[189.477s] [ 16%] [32mBuilding C object platforms/ros2/CMakeFiles/px4__rosidl_generator_c.dir/rosidl_generator_c/px4/msg/detail/qshell_req__description.c.o[0m
[189.501s] [ 16%] [32mBuilding C object platforms/ros2/CMakeFiles/px4__rosidl_generator_c.dir/rosidl_generator_c/px4/msg/detail/qshell_req__functions.c.o[0m
[189.529s] [ 16%] [32mBuilding C object platforms/ros2/CMakeFiles/px4__rosidl_generator_c.dir/rosidl_generator_c/px4/msg/detail/qshell_req__type_support.c.o[0m
[189.554s] [ 17%] [32mBuilding C object platforms/ros2/CMakeFiles/px4__rosidl_generator_c.dir/rosidl_generator_c/px4/msg/detail/qshell_retval__description.c.o[0m
[189.591s] [ 17%] [32mBuilding C object platforms/ros2/CMakeFiles/px4__rosidl_generator_c.dir/rosidl_generator_c/px4/msg/detail/qshell_retval__functions.c.o[0m
[189.606s] [ 17%] [32mBuilding C object platforms/ros2/CMakeFiles/px4__rosidl_generator_c.dir/rosidl_generator_c/px4/msg/detail/qshell_retval__type_support.c.o[0m
[189.644s] [ 17%] [32mBuilding C object platforms/ros2/CMakeFiles/px4__rosidl_generator_c.dir/rosidl_generator_c/px4/msg/detail/radio_status__description.c.o[0m
[189.690s] [ 17%] [32mBuilding C object platforms/ros2/CMakeFiles/px4__rosidl_generator_c.dir/rosidl_generator_c/px4/msg/detail/radio_status__type_support.c.o[0m
[189.696s] [ 17%] [32mBuilding C object platforms/ros2/CMakeFiles/px4__rosidl_generator_c.dir/rosidl_generator_c/px4/msg/detail/radio_status__functions.c.o[0m
[189.747s] [ 17%] [32mBuilding C object platforms/ros2/CMakeFiles/px4__rosidl_generator_c.dir/rosidl_generator_c/px4/msg/detail/rate_ctrl_status__functions.c.o[0m
[189.747s] [ 17%] [32mBuilding C object platforms/ros2/CMakeFiles/px4__rosidl_generator_c.dir/rosidl_generator_c/px4/msg/detail/rate_ctrl_status__description.c.o[0m
[189.747s] [ 17%] [32mBuilding C object platforms/ros2/CMakeFiles/px4__rosidl_generator_c.dir/rosidl_generator_c/px4/msg/detail/rate_ctrl_status__type_support.c.o[0m
[189.805s] [ 17%] [32mBuilding C object platforms/ros2/CMakeFiles/px4__rosidl_generator_c.dir/rosidl_generator_c/px4/msg/detail/rc_channels__description.c.o[0m
[189.820s] [ 17%] [32mBuilding C object platforms/ros2/CMakeFiles/px4__rosidl_generator_c.dir/rosidl_generator_c/px4/msg/detail/rc_channels__functions.c.o[0m
[189.897s] [ 17%] [32mBuilding C object platforms/ros2/CMakeFiles/px4__rosidl_generator_c.dir/rosidl_generator_c/px4/msg/detail/rc_parameter_map__functions.c.o[0m
[189.897s] [ 17%] [32mBuilding C object platforms/ros2/CMakeFiles/px4__rosidl_generator_c.dir/rosidl_generator_c/px4/msg/detail/rc_channels__type_support.c.o[0m
[189.902s] [ 17%] [32mBuilding C object platforms/ros2/CMakeFiles/px4__rosidl_generator_c.dir/rosidl_generator_c/px4/msg/detail/rc_parameter_map__description.c.o[0m
[189.956s] [ 17%] [32mBuilding C object platforms/ros2/CMakeFiles/px4__rosidl_generator_c.dir/rosidl_generator_c/px4/msg/detail/rc_parameter_map__type_support.c.o[0m
[190.006s] [ 17%] [32mBuilding C object platforms/ros2/CMakeFiles/px4__rosidl_generator_c.dir/rosidl_generator_c/px4/msg/detail/rover_attitude_setpoint__description.c.o[0m
[190.020s] [ 17%] [32mBuilding C object platforms/ros2/CMakeFiles/px4__rosidl_generator_c.dir/rosidl_generator_c/px4/msg/detail/rover_attitude_setpoint__type_support.c.o[0m
[190.021s] [ 17%] [32mBuilding C object platforms/ros2/CMakeFiles/px4__rosidl_generator_c.dir/rosidl_generator_c/px4/msg/detail/rover_attitude_setpoint__functions.c.o[0m
[190.104s] [ 17%] [32mBuilding C object platforms/ros2/CMakeFiles/px4__rosidl_generator_c.dir/rosidl_generator_c/px4/msg/detail/rover_attitude_status__functions.c.o[0m
[190.109s] [ 17%] [32mBuilding C object platforms/ros2/CMakeFiles/px4__rosidl_generator_c.dir/rosidl_generator_c/px4/msg/detail/rover_attitude_status__description.c.o[0m
[190.123s] [ 17%] [32mBuilding C object platforms/ros2/CMakeFiles/px4__rosidl_generator_c.dir/rosidl_generator_c/px4/msg/detail/rover_attitude_status__type_support.c.o[0m
[190.198s] [ 17%] [32mBuilding C object platforms/ros2/CMakeFiles/px4__rosidl_generator_c.dir/rosidl_generator_c/px4/msg/detail/rover_position_setpoint__description.c.o[0m
[190.201s] [ 17%] [32mBuilding C object platforms/ros2/CMakeFiles/px4__rosidl_generator_c.dir/rosidl_generator_c/px4/msg/detail/rover_position_setpoint__functions.c.o[0m
[190.217s] [ 17%] [32mBuilding C object platforms/ros2/CMakeFiles/px4__rosidl_generator_c.dir/rosidl_generator_c/px4/msg/detail/rover_position_setpoint__type_support.c.o[0m
[190.272s] [ 17%] [32mBuilding C object platforms/ros2/CMakeFiles/px4__rosidl_generator_c.dir/rosidl_generator_c/px4/msg/detail/rover_rate_setpoint__functions.c.o[0m
[190.272s] [ 17%] [32mBuilding C object platforms/ros2/CMakeFiles/px4__rosidl_generator_c.dir/rosidl_generator_c/px4/msg/detail/rover_rate_setpoint__type_support.c.o[0m
[190.274s] [ 17%] [32mBuilding C object platforms/ros2/CMakeFiles/px4__rosidl_generator_c.dir/rosidl_generator_c/px4/msg/detail/rover_rate_setpoint__description.c.o[0m
[190.355s] [ 17%] [32mBuilding C object platforms/ros2/CMakeFiles/px4__rosidl_generator_c.dir/rosidl_generator_c/px4/msg/detail/rover_rate_status__description.c.o[0m
[190.369s] [ 18%] [32mBuilding C object platforms/ros2/CMakeFiles/px4__rosidl_generator_c.dir/rosidl_generator_c/px4/msg/detail/rover_rate_status__functions.c.o[0m
[190.397s] [ 18%] [32mBuilding C object platforms/ros2/CMakeFiles/px4__rosidl_generator_c.dir/rosidl_generator_c/px4/msg/detail/rover_rate_status__type_support.c.o[0m
[190.418s] [ 18%] [32mBuilding C object platforms/ros2/CMakeFiles/px4__rosidl_generator_c.dir/rosidl_generator_c/px4/msg/detail/rover_steering_setpoint__description.c.o[0m
[190.448s] [ 18%] [32mBuilding C object platforms/ros2/CMakeFiles/px4__rosidl_generator_c.dir/rosidl_generator_c/px4/msg/detail/rover_steering_setpoint__functions.c.o[0m
[190.489s] [ 18%] [32mBuilding C object platforms/ros2/CMakeFiles/px4__rosidl_generator_c.dir/rosidl_generator_c/px4/msg/detail/rover_steering_setpoint__type_support.c.o[0m
[190.523s] [ 18%] [32mBuilding C object platforms/ros2/CMakeFiles/px4__rosidl_generator_c.dir/rosidl_generator_c/px4/msg/detail/rover_throttle_setpoint__description.c.o[0m
[190.541s] [ 18%] [32mBuilding C object platforms/ros2/CMakeFiles/px4__rosidl_generator_c.dir/rosidl_generator_c/px4/msg/detail/rover_throttle_setpoint__functions.c.o[0m
[190.547s] [ 18%] [32mBuilding C object platforms/ros2/CMakeFiles/px4__rosidl_generator_c.dir/rosidl_generator_c/px4/msg/detail/rover_throttle_setpoint__type_support.c.o[0m
[190.609s] [ 18%] [32mBuilding C object platforms/ros2/CMakeFiles/px4__rosidl_generator_c.dir/rosidl_generator_c/px4/msg/detail/rover_velocity_status__description.c.o[0m
[190.618s] [ 18%] [32mBuilding C object platforms/ros2/CMakeFiles/px4__rosidl_generator_c.dir/rosidl_generator_c/px4/msg/detail/rover_velocity_status__functions.c.o[0m
[190.631s] [ 18%] [32mBuilding C object platforms/ros2/CMakeFiles/px4__rosidl_generator_c.dir/rosidl_generator_c/px4/msg/detail/rover_velocity_status__type_support.c.o[0m
[190.675s] [ 18%] [32mBuilding C object platforms/ros2/CMakeFiles/px4__rosidl_generator_c.dir/rosidl_generator_c/px4/msg/detail/rpm__description.c.o[0m
[190.690s] [ 18%] [32mBuilding C object platforms/ros2/CMakeFiles/px4__rosidl_generator_c.dir/rosidl_generator_c/px4/msg/detail/rpm__functions.c.o[0m
[190.714s] [ 18%] [32mBuilding C object platforms/ros2/CMakeFiles/px4__rosidl_generator_c.dir/rosidl_generator_c/px4/msg/detail/rpm__type_support.c.o[0m
[190.747s] [ 18%] [32mBuilding C object platforms/ros2/CMakeFiles/px4__rosidl_generator_c.dir/rosidl_generator_c/px4/msg/detail/rtl_status__description.c.o[0m
[190.771s] [ 18%] [32mBuilding C object platforms/ros2/CMakeFiles/px4__rosidl_generator_c.dir/rosidl_generator_c/px4/msg/detail/rtl_status__functions.c.o[0m
[190.796s] [ 18%] [32mBuilding C object platforms/ros2/CMakeFiles/px4__rosidl_generator_c.dir/rosidl_generator_c/px4/msg/detail/rtl_status__type_support.c.o[0m
[190.821s] [ 18%] [32mBuilding C object platforms/ros2/CMakeFiles/px4__rosidl_generator_c.dir/rosidl_generator_c/px4/msg/detail/rtl_time_estimate__description.c.o[0m
[190.865s] [ 18%] [32mBuilding C object platforms/ros2/CMakeFiles/px4__rosidl_generator_c.dir/rosidl_generator_c/px4/msg/detail/rtl_time_estimate__functions.c.o[0m
[190.870s] [ 18%] [32mBuilding C object platforms/ros2/CMakeFiles/px4__rosidl_generator_c.dir/rosidl_generator_c/px4/msg/detail/rtl_time_estimate__type_support.c.o[0m
[190.897s] [ 18%] [32mBuilding C object platforms/ros2/CMakeFiles/px4__rosidl_generator_c.dir/rosidl_generator_c/px4/msg/detail/satellite_info__description.c.o[0m
[190.961s] [ 18%] [32mBuilding C object platforms/ros2/CMakeFiles/px4__rosidl_generator_c.dir/rosidl_generator_c/px4/msg/detail/satellite_info__functions.c.o[0m
[190.962s] [ 18%] [32mBuilding C object platforms/ros2/CMakeFiles/px4__rosidl_generator_c.dir/rosidl_generator_c/px4/msg/detail/satellite_info__type_support.c.o[0m
[190.987s] [ 18%] [32mBuilding C object platforms/ros2/CMakeFiles/px4__rosidl_generator_c.dir/rosidl_generator_c/px4/msg/detail/sensor_accel__description.c.o[0m
[191.054s] [ 18%] [32mBuilding C object platforms/ros2/CMakeFiles/px4__rosidl_generator_c.dir/rosidl_generator_c/px4/msg/detail/sensor_accel__functions.c.o[0m
[191.059s] [ 18%] [32mBuilding C object platforms/ros2/CMakeFiles/px4__rosidl_generator_c.dir/rosidl_generator_c/px4/msg/detail/sensor_accel__type_support.c.o[0m
[191.070s] [ 18%] [32mBuilding C object platforms/ros2/CMakeFiles/px4__rosidl_generator_c.dir/rosidl_generator_c/px4/msg/detail/sensor_accel_fifo__description.c.o[0m
[191.135s] [ 18%] [32mBuilding C object platforms/ros2/CMakeFiles/px4__rosidl_generator_c.dir/rosidl_generator_c/px4/msg/detail/sensor_accel_fifo__functions.c.o[0m
[191.145s] [ 18%] [32mBuilding C object platforms/ros2/CMakeFiles/px4__rosidl_generator_c.dir/rosidl_generator_c/px4/msg/detail/sensor_accel_fifo__type_support.c.o[0m
[191.188s] [ 20%] [32mBuilding C object platforms/ros2/CMakeFiles/px4__rosidl_generator_c.dir/rosidl_generator_c/px4/msg/detail/sensor_airflow__description.c.o[0m
[191.223s] [ 20%] [32mBuilding C object platforms/ros2/CMakeFiles/px4__rosidl_generator_c.dir/rosidl_generator_c/px4/msg/detail/sensor_airflow__functions.c.o[0m
[191.351s] [ 20%] [32mBuilding C object platforms/ros2/CMakeFiles/px4__rosidl_generator_c.dir/rosidl_generator_c/px4/msg/detail/sensor_baro__functions.c.o[0m
[191.476s] [ 20%] [32mBuilding C object platforms/ros2/CMakeFiles/px4__rosidl_generator_c.dir/rosidl_generator_c/px4/msg/detail/sensor_baro__type_support.c.o[0m
[191.528s] [ 20%] [32mBuilding C object platforms/ros2/CMakeFiles/px4__rosidl_generator_c.dir/rosidl_generator_c/px4/msg/detail/sensor_combined__description.c.o[0m
[191.595s] [ 20%] [32mBuilding C object platforms/ros2/CMakeFiles/px4__rosidl_generator_c.dir/rosidl_generator_c/px4/msg/detail/sensor_combined__functions.c.o[0m
[191.728s] [ 20%] [32mBuilding C object platforms/ros2/CMakeFiles/px4__rosidl_generator_c.dir/rosidl_generator_c/px4/msg/detail/sensor_combined__type_support.c.o[0m
[191.781s] [ 20%] [32mBuilding C object platforms/ros2/CMakeFiles/px4__rosidl_generator_c.dir/rosidl_generator_c/px4/msg/detail/sensor_correction__description.c.o[0m
[191.848s] [ 20%] [32mBuilding C object platforms/ros2/CMakeFiles/px4__rosidl_generator_c.dir/rosidl_generator_c/px4/msg/detail/sensor_correction__functions.c.o[0m
[192.027s] [ 20%] [32mBuilding C object platforms/ros2/CMakeFiles/px4__rosidl_generator_c.dir/rosidl_generator_c/px4/msg/detail/sensor_correction__type_support.c.o[0m
[192.078s] [ 20%] [32mBuilding C object platforms/ros2/CMakeFiles/px4__rosidl_generator_c.dir/rosidl_generator_c/px4/msg/detail/sensor_gnss_relative__description.c.o[0m
[192.145s] [ 20%] [32mBuilding C object platforms/ros2/CMakeFiles/px4__rosidl_generator_c.dir/rosidl_generator_c/px4/msg/detail/sensor_gnss_relative__functions.c.o[0m
[192.284s] [ 20%] [32mBuilding C object platforms/ros2/CMakeFiles/px4__rosidl_generator_c.dir/rosidl_generator_c/px4/msg/detail/sensor_gnss_relative__type_support.c.o[0m
[192.335s] [ 20%] [32mBuilding C object platforms/ros2/CMakeFiles/px4__rosidl_generator_c.dir/rosidl_generator_c/px4/msg/detail/sensor_gps__description.c.o[0m
[192.403s] [ 20%] [32mBuilding C object platforms/ros2/CMakeFiles/px4__rosidl_generator_c.dir/rosidl_generator_c/px4/msg/detail/sensor_gps__functions.c.o[0m
[192.546s] [ 20%] [32mBuilding C object platforms/ros2/CMakeFiles/px4__rosidl_generator_c.dir/rosidl_generator_c/px4/msg/detail/sensor_gps__type_support.c.o[0m
[192.597s] [ 20%] [32mBuilding C object platforms/ros2/CMakeFiles/px4__rosidl_generator_c.dir/rosidl_generator_c/px4/msg/detail/sensor_gyro__description.c.o[0m
[192.663s] [ 20%] [32mBuilding C object platforms/ros2/CMakeFiles/px4__rosidl_generator_c.dir/rosidl_generator_c/px4/msg/detail/sensor_gyro__functions.c.o[0m
[192.795s] [ 20%] [32mBuilding C object platforms/ros2/CMakeFiles/px4__rosidl_generator_c.dir/rosidl_generator_c/px4/msg/detail/sensor_gyro__type_support.c.o[0m
[192.848s] [ 20%] [32mBuilding C object platforms/ros2/CMakeFiles/px4__rosidl_generator_c.dir/rosidl_generator_c/px4/msg/detail/sensor_gyro_fft__description.c.o[0m
[192.913s] [ 20%] [32mBuilding C object platforms/ros2/CMakeFiles/px4__rosidl_generator_c.dir/rosidl_generator_c/px4/msg/detail/sensor_gyro_fft__functions.c.o[0m
[193.056s] [ 20%] [32mBuilding C object platforms/ros2/CMakeFiles/px4__rosidl_generator_c.dir/rosidl_generator_c/px4/msg/detail/sensor_gyro_fft__type_support.c.o[0m
[193.107s] [ 20%] [32mBuilding C object platforms/ros2/CMakeFiles/px4__rosidl_generator_c.dir/rosidl_generator_c/px4/msg/detail/sensor_gyro_fifo__description.c.o[0m
[193.172s] [ 20%] [32mBuilding C object platforms/ros2/CMakeFiles/px4__rosidl_generator_c.dir/rosidl_generator_c/px4/msg/detail/sensor_gyro_fifo__functions.c.o[0m
[193.308s] [ 20%] [32mBuilding C object platforms/ros2/CMakeFiles/px4__rosidl_generator_c.dir/rosidl_generator_c/px4/msg/detail/sensor_gyro_fifo__type_support.c.o[0m
[193.360s] [ 20%] [32mBuilding C object platforms/ros2/CMakeFiles/px4__rosidl_generator_c.dir/rosidl_generator_c/px4/msg/detail/sensor_hygrometer__description.c.o[0m
[193.425s] [ 20%] [32mBuilding C object platforms/ros2/CMakeFiles/px4__rosidl_generator_c.dir/rosidl_generator_c/px4/msg/detail/sensor_hygrometer__functions.c.o[0m
[193.552s] [ 21%] [32mBuilding C object platforms/ros2/CMakeFiles/px4__rosidl_generator_c.dir/rosidl_generator_c/px4/msg/detail/sensor_hygrometer__type_support.c.o[0m
[193.603s] [ 21%] [32mBuilding C object platforms/ros2/CMakeFiles/px4__rosidl_generator_c.dir/rosidl_generator_c/px4/msg/detail/sensor_mag__description.c.o[0m
[193.670s] [ 21%] [32mBuilding C object platforms/ros2/CMakeFiles/px4__rosidl_generator_c.dir/rosidl_generator_c/px4/msg/detail/sensor_mag__functions.c.o[0m
[193.795s] [ 21%] [32mBuilding C object platforms/ros2/CMakeFiles/px4__rosidl_generator_c.dir/rosidl_generator_c/px4/msg/detail/sensor_mag__type_support.c.o[0m
[193.847s] [ 21%] [32mBuilding C object platforms/ros2/CMakeFiles/px4__rosidl_generator_c.dir/rosidl_generator_c/px4/msg/detail/sensor_optical_flow__description.c.o[0m
[193.913s] [ 21%] [32mBuilding C object platforms/ros2/CMakeFiles/px4__rosidl_generator_c.dir/rosidl_generator_c/px4/msg/detail/sensor_optical_flow__functions.c.o[0m
[194.050s] [ 21%] [32mBuilding C object platforms/ros2/CMakeFiles/px4__rosidl_generator_c.dir/rosidl_generator_c/px4/msg/detail/sensor_optical_flow__type_support.c.o[0m
[194.101s] [ 21%] [32mBuilding C object platforms/ros2/CMakeFiles/px4__rosidl_generator_c.dir/rosidl_generator_c/px4/msg/detail/sensor_preflight_mag__description.c.o[0m
[194.166s] [ 21%] [32mBuilding C object platforms/ros2/CMakeFiles/px4__rosidl_generator_c.dir/rosidl_generator_c/px4/msg/detail/sensor_preflight_mag__functions.c.o[0m
[194.287s] [ 21%] [32mBuilding C object platforms/ros2/CMakeFiles/px4__rosidl_generator_c.dir/rosidl_generator_c/px4/msg/detail/sensor_preflight_mag__type_support.c.o[0m
[194.339s] [ 21%] [32mBuilding C object platforms/ros2/CMakeFiles/px4__rosidl_generator_c.dir/rosidl_generator_c/px4/msg/detail/sensor_selection__description.c.o[0m
[194.405s] [ 21%] [32mBuilding C object platforms/ros2/CMakeFiles/px4__rosidl_generator_c.dir/rosidl_generator_c/px4/msg/detail/sensor_selection__functions.c.o[0m
[194.529s] [ 21%] [32mBuilding C object platforms/ros2/CMakeFiles/px4__rosidl_generator_c.dir/rosidl_generator_c/px4/msg/detail/sensor_selection__type_support.c.o[0m
[194.581s] [ 21%] [32mBuilding C object platforms/ros2/CMakeFiles/px4__rosidl_generator_c.dir/rosidl_generator_c/px4/msg/detail/sensor_uwb__description.c.o[0m
[194.648s] [ 21%] [32mBuilding C object platforms/ros2/CMakeFiles/px4__rosidl_generator_c.dir/rosidl_generator_c/px4/msg/detail/sensor_uwb__functions.c.o[0m
[194.782s] [ 21%] [32mBuilding C object platforms/ros2/CMakeFiles/px4__rosidl_generator_c.dir/rosidl_generator_c/px4/msg/detail/sensor_uwb__type_support.c.o[0m
[194.833s] [ 21%] [32mBuilding C object platforms/ros2/CMakeFiles/px4__rosidl_generator_c.dir/rosidl_generator_c/px4/msg/detail/sensors_status__description.c.o[0m
[194.899s] [ 21%] [32mBuilding C object platforms/ros2/CMakeFiles/px4__rosidl_generator_c.dir/rosidl_generator_c/px4/msg/detail/sensors_status__functions.c.o[0m
[195.038s] [ 21%] [32mBuilding C object platforms/ros2/CMakeFiles/px4__rosidl_generator_c.dir/rosidl_generator_c/px4/msg/detail/sensors_status__type_support.c.o[0m
[195.091s] [ 21%] [32mBuilding C object platforms/ros2/CMakeFiles/px4__rosidl_generator_c.dir/rosidl_generator_c/px4/msg/detail/sensors_status_imu__description.c.o[0m
[195.158s] [ 21%] [32mBuilding C object platforms/ros2/CMakeFiles/px4__rosidl_generator_c.dir/rosidl_generator_c/px4/msg/detail/sensors_status_imu__functions.c.o[0m
[195.302s] [ 21%] [32mBuilding C object platforms/ros2/CMakeFiles/px4__rosidl_generator_c.dir/rosidl_generator_c/px4/msg/detail/sensors_status_imu__type_support.c.o[0m
[195.355s] [ 21%] [32mBuilding C object platforms/ros2/CMakeFiles/px4__rosidl_generator_c.dir/rosidl_generator_c/px4/msg/detail/system_power__description.c.o[0m
[195.420s] [ 21%] [32mBuilding C object platforms/ros2/CMakeFiles/px4__rosidl_generator_c.dir/rosidl_generator_c/px4/msg/detail/system_power__functions.c.o[0m
[195.558s] [ 21%] [32mBuilding C object platforms/ros2/CMakeFiles/px4__rosidl_generator_c.dir/rosidl_generator_c/px4/msg/detail/system_power__type_support.c.o[0m
[195.610s] [ 21%] [32mBuilding C object platforms/ros2/CMakeFiles/px4__rosidl_generator_c.dir/rosidl_generator_c/px4/msg/detail/takeoff_status__description.c.o[0m
[195.675s] [ 21%] [32mBuilding C object platforms/ros2/CMakeFiles/px4__rosidl_generator_c.dir/rosidl_generator_c/px4/msg/detail/takeoff_status__functions.c.o[0m
[195.799s] [ 21%] [32mBuilding C object platforms/ros2/CMakeFiles/px4__rosidl_generator_c.dir/rosidl_generator_c/px4/msg/detail/takeoff_status__type_support.c.o[0m
[195.853s] [ 21%] [32mBuilding C object platforms/ros2/CMakeFiles/px4__rosidl_generator_c.dir/rosidl_generator_c/px4/msg/detail/task_stack_info__description.c.o[0m
[195.918s] [ 22%] [32mBuilding C object platforms/ros2/CMakeFiles/px4__rosidl_generator_c.dir/rosidl_generator_c/px4/msg/detail/task_stack_info__functions.c.o[0m
[196.048s] [ 22%] [32mBuilding C object platforms/ros2/CMakeFiles/px4__rosidl_generator_c.dir/rosidl_generator_c/px4/msg/detail/task_stack_info__type_support.c.o[0m
[196.099s] [ 22%] [32mBuilding C object platforms/ros2/CMakeFiles/px4__rosidl_generator_c.dir/rosidl_generator_c/px4/msg/detail/tecs_status__description.c.o[0m
[196.167s] [ 22%] [32mBuilding C object platforms/ros2/CMakeFiles/px4__rosidl_generator_c.dir/rosidl_generator_c/px4/msg/detail/tecs_status__functions.c.o[0m
[196.304s] [ 22%] [32mBuilding C object platforms/ros2/CMakeFiles/px4__rosidl_generator_c.dir/rosidl_generator_c/px4/msg/detail/tecs_status__type_support.c.o[0m
[196.356s] [ 22%] [32mBuilding C object platforms/ros2/CMakeFiles/px4__rosidl_generator_c.dir/rosidl_generator_c/px4/msg/detail/telemetry_status__description.c.o[0m
[196.422s] [ 22%] [32mBuilding C object platforms/ros2/CMakeFiles/px4__rosidl_generator_c.dir/rosidl_generator_c/px4/msg/detail/telemetry_status__functions.c.o[0m
[196.566s] [ 22%] [32mBuilding C object platforms/ros2/CMakeFiles/px4__rosidl_generator_c.dir/rosidl_generator_c/px4/msg/detail/telemetry_status__type_support.c.o[0m
[196.617s] [ 22%] [32mBuilding C object platforms/ros2/CMakeFiles/px4__rosidl_generator_c.dir/rosidl_generator_c/px4/msg/detail/tiltrotor_extra_controls__description.c.o[0m
[196.683s] [ 22%] [32mBuilding C object platforms/ros2/CMakeFiles/px4__rosidl_generator_c.dir/rosidl_generator_c/px4/msg/detail/tiltrotor_extra_controls__functions.c.o[0m
[196.806s] [ 22%] [32mBuilding C object platforms/ros2/CMakeFiles/px4__rosidl_generator_c.dir/rosidl_generator_c/px4/msg/detail/tiltrotor_extra_controls__type_support.c.o[0m
[196.859s] [ 22%] [32mBuilding C object platforms/ros2/CMakeFiles/px4__rosidl_generator_c.dir/rosidl_generator_c/px4/msg/detail/timesync_status__description.c.o[0m
[196.924s] [ 22%] [32mBuilding C object platforms/ros2/CMakeFiles/px4__rosidl_generator_c.dir/rosidl_generator_c/px4/msg/detail/timesync_status__functions.c.o[0m
[197.050s] [ 22%] [32mBuilding C object platforms/ros2/CMakeFiles/px4__rosidl_generator_c.dir/rosidl_generator_c/px4/msg/detail/timesync_status__type_support.c.o[0m
[197.102s] [ 22%] [32mBuilding C object platforms/ros2/CMakeFiles/px4__rosidl_generator_c.dir/rosidl_generator_c/px4/msg/detail/trajectory_setpoint6dof__description.c.o[0m
[197.167s] [ 22%] [32mBuilding C object platforms/ros2/CMakeFiles/px4__rosidl_generator_c.dir/rosidl_generator_c/px4/msg/detail/trajectory_setpoint6dof__functions.c.o[0m
[197.306s] [ 22%] [32mBuilding C object platforms/ros2/CMakeFiles/px4__rosidl_generator_c.dir/rosidl_generator_c/px4/msg/detail/trajectory_setpoint6dof__type_support.c.o[0m
[197.359s] [ 22%] [32mBuilding C object platforms/ros2/CMakeFiles/px4__rosidl_generator_c.dir/rosidl_generator_c/px4/msg/detail/transponder_report__description.c.o[0m
[197.423s] [ 22%] [32mBuilding C object platforms/ros2/CMakeFiles/px4__rosidl_generator_c.dir/rosidl_generator_c/px4/msg/detail/transponder_report__functions.c.o[0m
[197.563s] [ 22%] [32mBuilding C object platforms/ros2/CMakeFiles/px4__rosidl_generator_c.dir/rosidl_generator_c/px4/msg/detail/transponder_report__type_support.c.o[0m
[197.615s] [ 22%] [32mBuilding C object platforms/ros2/CMakeFiles/px4__rosidl_generator_c.dir/rosidl_generator_c/px4/msg/detail/tune_control__description.c.o[0m
[197.682s] [ 22%] [32mBuilding C object platforms/ros2/CMakeFiles/px4__rosidl_generator_c.dir/rosidl_generator_c/px4/msg/detail/tune_control__functions.c.o[0m
[197.806s] [ 22%] [32mBuilding C object platforms/ros2/CMakeFiles/px4__rosidl_generator_c.dir/rosidl_generator_c/px4/msg/detail/tune_control__type_support.c.o[0m
[197.859s] [ 22%] [32mBuilding C object platforms/ros2/CMakeFiles/px4__rosidl_generator_c.dir/rosidl_generator_c/px4/msg/detail/uavcan_parameter_request__description.c.o[0m
[197.925s] [ 22%] [32mBuilding C object platforms/ros2/CMakeFiles/px4__rosidl_generator_c.dir/rosidl_generator_c/px4/msg/detail/uavcan_parameter_request__functions.c.o[0m
[198.057s] [ 22%] [32mBuilding C object platforms/ros2/CMakeFiles/px4__rosidl_generator_c.dir/rosidl_generator_c/px4/msg/detail/uavcan_parameter_request__type_support.c.o[0m
[198.108s] [ 22%] [32mBuilding C object platforms/ros2/CMakeFiles/px4__rosidl_generator_c.dir/rosidl_generator_c/px4/msg/detail/uavcan_parameter_value__description.c.o[0m
[198.173s] [ 22%] [32mBuilding C object platforms/ros2/CMakeFiles/px4__rosidl_generator_c.dir/rosidl_generator_c/px4/msg/detail/uavcan_parameter_value__functions.c.o[0m
[198.304s] [ 22%] [32mBuilding C object platforms/ros2/CMakeFiles/px4__rosidl_generator_c.dir/rosidl_generator_c/px4/msg/detail/uavcan_parameter_value__type_support.c.o[0m
[198.357s] [ 24%] [32mBuilding C object platforms/ros2/CMakeFiles/px4__rosidl_generator_c.dir/rosidl_generator_c/px4/msg/detail/ulog_stream__description.c.o[0m
[198.422s] [ 24%] [32mBuilding C object platforms/ros2/CMakeFiles/px4__rosidl_generator_c.dir/rosidl_generator_c/px4/msg/detail/ulog_stream__functions.c.o[0m
[198.554s] [ 24%] [32mBuilding C object platforms/ros2/CMakeFiles/px4__rosidl_generator_c.dir/rosidl_generator_c/px4/msg/detail/ulog_stream__type_support.c.o[0m
[198.606s] [ 24%] [32mBuilding C object platforms/ros2/CMakeFiles/px4__rosidl_generator_c.dir/rosidl_generator_c/px4/msg/detail/ulog_stream_ack__description.c.o[0m
[198.672s] [ 24%] [32mBuilding C object platforms/ros2/CMakeFiles/px4__rosidl_generator_c.dir/rosidl_generator_c/px4/msg/detail/ulog_stream_ack__functions.c.o[0m
[198.794s] [ 24%] [32mBuilding C object platforms/ros2/CMakeFiles/px4__rosidl_generator_c.dir/rosidl_generator_c/px4/msg/detail/ulog_stream_ack__type_support.c.o[0m
[198.847s] [ 24%] [32mBuilding C object platforms/ros2/CMakeFiles/px4__rosidl_generator_c.dir/rosidl_generator_c/px4/msg/detail/vehicle_acceleration__description.c.o[0m
[198.911s] [ 24%] [32mBuilding C object platforms/ros2/CMakeFiles/px4__rosidl_generator_c.dir/rosidl_generator_c/px4/msg/detail/vehicle_acceleration__functions.c.o[0m
[199.037s] [ 24%] [32mBuilding C object platforms/ros2/CMakeFiles/px4__rosidl_generator_c.dir/rosidl_generator_c/px4/msg/detail/vehicle_acceleration__type_support.c.o[0m
[199.091s] [ 24%] [32mBuilding C object platforms/ros2/CMakeFiles/px4__rosidl_generator_c.dir/rosidl_generator_c/px4/msg/detail/vehicle_air_data__description.c.o[0m
[199.158s] [ 24%] [32mBuilding C object platforms/ros2/CMakeFiles/px4__rosidl_generator_c.dir/rosidl_generator_c/px4/msg/detail/vehicle_air_data__functions.c.o[0m
[199.288s] [ 24%] [32mBuilding C object platforms/ros2/CMakeFiles/px4__rosidl_generator_c.dir/rosidl_generator_c/px4/msg/detail/vehicle_air_data__type_support.c.o[0m
[199.341s] [ 24%] [32mBuilding C object platforms/ros2/CMakeFiles/px4__rosidl_generator_c.dir/rosidl_generator_c/px4/msg/detail/vehicle_angular_acceleration_setpoint__description.c.o[0m
[199.407s] [ 24%] [32mBuilding C object platforms/ros2/CMakeFiles/px4__rosidl_generator_c.dir/rosidl_generator_c/px4/msg/detail/vehicle_angular_acceleration_setpoint__functions.c.o[0m
[199.539s] [ 24%] [32mBuilding C object platforms/ros2/CMakeFiles/px4__rosidl_generator_c.dir/rosidl_generator_c/px4/msg/detail/vehicle_angular_acceleration_setpoint__type_support.c.o[0m
[199.597s] [ 24%] [32mBuilding C object platforms/ros2/CMakeFiles/px4__rosidl_generator_c.dir/rosidl_generator_c/px4/msg/detail/vehicle_constraints__description.c.o[0m
[199.667s] [ 24%] [32mBuilding C object platforms/ros2/CMakeFiles/px4__rosidl_generator_c.dir/rosidl_generator_c/px4/msg/detail/vehicle_constraints__functions.c.o[0m
[199.793s] [ 24%] [32mBuilding C object platforms/ros2/CMakeFiles/px4__rosidl_generator_c.dir/rosidl_generator_c/px4/msg/detail/vehicle_constraints__type_support.c.o[0m
[199.848s] [ 24%] [32mBuilding C object platforms/ros2/CMakeFiles/px4__rosidl_generator_c.dir/rosidl_generator_c/px4/msg/detail/vehicle_imu__description.c.o[0m
[199.914s] [ 24%] [32mBuilding C object platforms/ros2/CMakeFiles/px4__rosidl_generator_c.dir/rosidl_generator_c/px4/msg/detail/vehicle_imu__functions.c.o[0m
[200.055s] [ 24%] [32mBuilding C object platforms/ros2/CMakeFiles/px4__rosidl_generator_c.dir/rosidl_generator_c/px4/msg/detail/vehicle_imu__type_support.c.o[0m
[200.106s] [ 24%] [32mBuilding C object platforms/ros2/CMakeFiles/px4__rosidl_generator_c.dir/rosidl_generator_c/px4/msg/detail/vehicle_imu_status__description.c.o[0m
[200.173s] [ 24%] [32mBuilding C object platforms/ros2/CMakeFiles/px4__rosidl_generator_c.dir/rosidl_generator_c/px4/msg/detail/vehicle_imu_status__functions.c.o[0m
[200.320s] [ 24%] [32mBuilding C object platforms/ros2/CMakeFiles/px4__rosidl_generator_c.dir/rosidl_generator_c/px4/msg/detail/vehicle_imu_status__type_support.c.o[0m
[200.373s] [ 24%] [32mBuilding C object platforms/ros2/CMakeFiles/px4__rosidl_generator_c.dir/rosidl_generator_c/px4/msg/detail/vehicle_local_position_setpoint__description.c.o[0m
[200.441s] [ 24%] [32mBuilding C object platforms/ros2/CMakeFiles/px4__rosidl_generator_c.dir/rosidl_generator_c/px4/msg/detail/vehicle_local_position_setpoint__functions.c.o[0m
[200.576s] [ 24%] [32mBuilding C object platforms/ros2/CMakeFiles/px4__rosidl_generator_c.dir/rosidl_generator_c/px4/msg/detail/vehicle_local_position_setpoint__type_support.c.o[0m
[200.628s] [ 24%] [32mBuilding C object platforms/ros2/CMakeFiles/px4__rosidl_generator_c.dir/rosidl_generator_c/px4/msg/detail/vehicle_magnetometer__description.c.o[0m
[200.698s] [ 24%] [32mBuilding C object platforms/ros2/CMakeFiles/px4__rosidl_generator_c.dir/rosidl_generator_c/px4/msg/detail/vehicle_magnetometer__functions.c.o[0m
[200.829s] [ 25%] [32mBuilding C object platforms/ros2/CMakeFiles/px4__rosidl_generator_c.dir/rosidl_generator_c/px4/msg/detail/vehicle_magnetometer__type_support.c.o[0m
[200.881s] [ 25%] [32mBuilding C object platforms/ros2/CMakeFiles/px4__rosidl_generator_c.dir/rosidl_generator_c/px4/msg/detail/vehicle_optical_flow__description.c.o[0m
[200.952s] [ 25%] [32mBuilding C object platforms/ros2/CMakeFiles/px4__rosidl_generator_c.dir/rosidl_generator_c/px4/msg/detail/vehicle_optical_flow__functions.c.o[0m
[201.087s] [ 25%] [32mBuilding C object platforms/ros2/CMakeFiles/px4__rosidl_generator_c.dir/rosidl_generator_c/px4/msg/detail/vehicle_optical_flow__type_support.c.o[0m
[201.139s] [ 25%] [32mBuilding C object platforms/ros2/CMakeFiles/px4__rosidl_generator_c.dir/rosidl_generator_c/px4/msg/detail/vehicle_optical_flow_vel__description.c.o[0m
[201.207s] [ 25%] [32mBuilding C object platforms/ros2/CMakeFiles/px4__rosidl_generator_c.dir/rosidl_generator_c/px4/msg/detail/vehicle_optical_flow_vel__functions.c.o[0m
[201.356s] [ 25%] [32mBuilding C object platforms/ros2/CMakeFiles/px4__rosidl_generator_c.dir/rosidl_generator_c/px4/msg/detail/vehicle_optical_flow_vel__type_support.c.o[0m
[201.407s] [ 25%] [32mBuilding C object platforms/ros2/CMakeFiles/px4__rosidl_generator_c.dir/rosidl_generator_c/px4/msg/detail/vehicle_roi__description.c.o[0m
[201.474s] [ 25%] [32mBuilding C object platforms/ros2/CMakeFiles/px4__rosidl_generator_c.dir/rosidl_generator_c/px4/msg/detail/vehicle_roi__functions.c.o[0m
[201.608s] [ 25%] [32mBuilding C object platforms/ros2/CMakeFiles/px4__rosidl_generator_c.dir/rosidl_generator_c/px4/msg/detail/vehicle_roi__type_support.c.o[0m
[201.660s] [ 25%] [32mBuilding C object platforms/ros2/CMakeFiles/px4__rosidl_generator_c.dir/rosidl_generator_c/px4/msg/detail/vehicle_thrust_setpoint__description.c.o[0m
[201.728s] [ 25%] [32mBuilding C object platforms/ros2/CMakeFiles/px4__rosidl_generator_c.dir/rosidl_generator_c/px4/msg/detail/vehicle_thrust_setpoint__functions.c.o[0m
[201.859s] [ 25%] [32mBuilding C object platforms/ros2/CMakeFiles/px4__rosidl_generator_c.dir/rosidl_generator_c/px4/msg/detail/sensor_baro__description.c.o[0m
[201.859s] [ 25%] [32mBuilding C object platforms/ros2/CMakeFiles/px4__rosidl_generator_c.dir/rosidl_generator_c/px4/msg/detail/vehicle_thrust_setpoint__type_support.c.o[0m
[201.922s] [ 25%] [32mBuilding C object platforms/ros2/CMakeFiles/px4__rosidl_generator_c.dir/rosidl_generator_c/px4/msg/detail/vehicle_torque_setpoint__description.c.o[0m
[201.930s] [ 25%] [32mBuilding C object platforms/ros2/CMakeFiles/px4__rosidl_generator_c.dir/rosidl_generator_c/px4/msg/detail/vehicle_torque_setpoint__functions.c.o[0m
[201.991s] [ 25%] [32mBuilding C object platforms/ros2/CMakeFiles/px4__rosidl_generator_c.dir/rosidl_generator_c/px4/msg/detail/vehicle_torque_setpoint__type_support.c.o[0m
[202.046s] [ 25%] [32mBuilding C object platforms/ros2/CMakeFiles/px4__rosidl_generator_c.dir/rosidl_generator_c/px4/msg/detail/velocity_limits__description.c.o[0m
[202.058s] [ 25%] [32mBuilding C object platforms/ros2/CMakeFiles/px4__rosidl_generator_c.dir/rosidl_generator_c/px4/msg/detail/velocity_limits__functions.c.o[0m
[202.139s] [ 25%] [32mBuilding C object platforms/ros2/CMakeFiles/px4__rosidl_generator_c.dir/rosidl_generator_c/px4/msg/detail/velocity_limits__type_support.c.o[0m
[202.194s] [ 25%] [32mBuilding C object platforms/ros2/CMakeFiles/px4__rosidl_generator_c.dir/rosidl_generator_c/px4/msg/detail/wheel_encoders__description.c.o[0m
[202.206s] [ 25%] [32mBuilding C object platforms/ros2/CMakeFiles/px4__rosidl_generator_c.dir/rosidl_generator_c/px4/msg/detail/wheel_encoders__functions.c.o[0m
[202.261s] [ 25%] [32mBuilding C object platforms/ros2/CMakeFiles/px4__rosidl_generator_c.dir/rosidl_generator_c/px4/msg/detail/wheel_encoders__type_support.c.o[0m
[202.314s] [ 25%] [32mBuilding C object platforms/ros2/CMakeFiles/px4__rosidl_generator_c.dir/rosidl_generator_c/px4/msg/detail/wind__description.c.o[0m
[202.334s] [ 25%] [32mBuilding C object platforms/ros2/CMakeFiles/px4__rosidl_generator_c.dir/rosidl_generator_c/px4/msg/detail/wind__functions.c.o[0m
[202.380s] [ 25%] [32mBuilding C object platforms/ros2/CMakeFiles/px4__rosidl_generator_c.dir/rosidl_generator_c/px4/msg/detail/wind__type_support.c.o[0m
[202.432s] [ 25%] [32mBuilding C object platforms/ros2/CMakeFiles/px4__rosidl_generator_c.dir/rosidl_generator_c/px4/msg/detail/yaw_estimator_status__description.c.o[0m
[202.465s] [ 25%] [32mBuilding C object platforms/ros2/CMakeFiles/px4__rosidl_generator_c.dir/rosidl_generator_c/px4/msg/detail/yaw_estimator_status__functions.c.o[0m
[202.499s] [ 25%] [32mBuilding C object platforms/ros2/CMakeFiles/px4__rosidl_generator_c.dir/rosidl_generator_c/px4/msg/detail/yaw_estimator_status__type_support.c.o[0m
[202.552s] [ 25%] [32mBuilding C object platforms/ros2/CMakeFiles/px4__rosidl_generator_c.dir/rosidl_generator_c/px4/msg/detail/actuator_motors__description.c.o[0m
[202.604s] [ 26%] [32mBuilding C object platforms/ros2/CMakeFiles/px4__rosidl_generator_c.dir/rosidl_generator_c/px4/msg/detail/actuator_motors__functions.c.o[0m
[202.736s] [ 26%] [32mBuilding C object platforms/ros2/CMakeFiles/px4__rosidl_generator_c.dir/rosidl_generator_c/px4/msg/detail/actuator_servos__description.c.o[0m
[202.801s] [ 26%] [32mBuilding C object platforms/ros2/CMakeFiles/px4__rosidl_generator_c.dir/rosidl_generator_c/px4/msg/detail/actuator_servos__functions.c.o[0m
[202.932s] [ 26%] [32mBuilding C object platforms/ros2/CMakeFiles/px4__rosidl_generator_c.dir/rosidl_generator_c/px4/msg/detail/actuator_servos__type_support.c.o[0m
[202.933s] [ 26%] [32mBuilding C object platforms/ros2/CMakeFiles/px4__rosidl_generator_c.dir/rosidl_generator_c/px4/msg/detail/actuator_motors__type_support.c.o[0m
[202.987s] [ 26%] [32mBuilding C object platforms/ros2/CMakeFiles/px4__rosidl_generator_c.dir/rosidl_generator_c/px4/msg/detail/airspeed_validated__description.c.o[0m
[202.988s] [ 26%] [32mBuilding C object platforms/ros2/CMakeFiles/px4__rosidl_generator_c.dir/rosidl_generator_c/px4/msg/detail/airspeed_validated__functions.c.o[0m
[203.058s] [ 26%] [32mBuilding C object platforms/ros2/CMakeFiles/px4__rosidl_generator_c.dir/rosidl_generator_c/px4/msg/detail/airspeed_validated__type_support.c.o[0m
[203.111s] [ 26%] [32mBuilding C object platforms/ros2/CMakeFiles/px4__rosidl_generator_c.dir/rosidl_generator_c/px4/msg/detail/arming_check_reply__description.c.o[0m
[203.119s] [ 26%] [32mBuilding C object platforms/ros2/CMakeFiles/px4__rosidl_generator_c.dir/rosidl_generator_c/px4/msg/detail/arming_check_reply__functions.c.o[0m
[203.186s] [ 26%] [32mBuilding C object platforms/ros2/CMakeFiles/px4__rosidl_generator_c.dir/rosidl_generator_c/px4/msg/detail/arming_check_reply__type_support.c.o[0m
[203.247s] [ 26%] [32mBuilding C object platforms/ros2/CMakeFiles/px4__rosidl_generator_c.dir/rosidl_generator_c/px4/msg/detail/arming_check_request__description.c.o[0m
[203.266s] [ 26%] [32mBuilding C object platforms/ros2/CMakeFiles/px4__rosidl_generator_c.dir/rosidl_generator_c/px4/msg/detail/arming_check_request__functions.c.o[0m
[203.316s] [ 26%] [32mBuilding C object platforms/ros2/CMakeFiles/px4__rosidl_generator_c.dir/rosidl_generator_c/px4/msg/detail/arming_check_request__type_support.c.o[0m
[203.373s] [ 26%] [32mBuilding C object platforms/ros2/CMakeFiles/px4__rosidl_generator_c.dir/rosidl_generator_c/px4/msg/detail/battery_status__description.c.o[0m
[203.391s] [ 26%] [32mBuilding C object platforms/ros2/CMakeFiles/px4__rosidl_generator_c.dir/rosidl_generator_c/px4/msg/detail/battery_status__functions.c.o[0m
[203.440s] [ 26%] [32mBuilding C object platforms/ros2/CMakeFiles/px4__rosidl_generator_c.dir/rosidl_generator_c/px4/msg/detail/battery_status__type_support.c.o[0m
[203.493s] [ 26%] [32mBuilding C object platforms/ros2/CMakeFiles/px4__rosidl_generator_c.dir/rosidl_generator_c/px4/msg/detail/config_overrides__description.c.o[0m
[203.544s] [ 26%] [32mBuilding C object platforms/ros2/CMakeFiles/px4__rosidl_generator_c.dir/rosidl_generator_c/px4/msg/detail/config_overrides__functions.c.o[0m
[203.569s] [ 26%] [32mBuilding C object platforms/ros2/CMakeFiles/px4__rosidl_generator_c.dir/rosidl_generator_c/px4/msg/detail/config_overrides__type_support.c.o[0m
[203.621s] [ 26%] [32mBuilding C object platforms/ros2/CMakeFiles/px4__rosidl_generator_c.dir/rosidl_generator_c/px4/msg/detail/goto_setpoint__description.c.o[0m
[203.675s] [ 26%] [32mBuilding C object platforms/ros2/CMakeFiles/px4__rosidl_generator_c.dir/rosidl_generator_c/px4/msg/detail/goto_setpoint__functions.c.o[0m
[203.810s] [ 26%] [32mBuilding C object platforms/ros2/CMakeFiles/px4__rosidl_generator_c.dir/rosidl_generator_c/px4/msg/detail/home_position__description.c.o[0m
[203.878s] [ 26%] [32mBuilding C object platforms/ros2/CMakeFiles/px4__rosidl_generator_c.dir/rosidl_generator_c/px4/msg/detail/home_position__functions.c.o[0m
[203.878s] [ 26%] [32mBuilding C object platforms/ros2/CMakeFiles/px4__rosidl_generator_c.dir/rosidl_generator_c/px4/msg/detail/goto_setpoint__type_support.c.o[0m
[203.929s] [ 26%] [32mBuilding C object platforms/ros2/CMakeFiles/px4__rosidl_generator_c.dir/rosidl_generator_c/px4/msg/detail/home_position__type_support.c.o[0m
[203.987s] [ 26%] [32mBuilding C object platforms/ros2/CMakeFiles/px4__rosidl_generator_c.dir/rosidl_generator_c/px4/msg/detail/manual_control_setpoint__description.c.o[0m
[204.011s] [ 26%] [32mBuilding C object platforms/ros2/CMakeFiles/px4__rosidl_generator_c.dir/rosidl_generator_c/px4/msg/detail/manual_control_setpoint__functions.c.o[0m
[204.054s] [ 27%] [32mBuilding C object platforms/ros2/CMakeFiles/px4__rosidl_generator_c.dir/rosidl_generator_c/px4/msg/detail/manual_control_setpoint__type_support.c.o[0m
[204.110s] [ 27%] [32mBuilding C object platforms/ros2/CMakeFiles/px4__rosidl_generator_c.dir/rosidl_generator_c/px4/msg/detail/mode_completed__description.c.o[0m
[204.150s] [ 27%] [32mBuilding C object platforms/ros2/CMakeFiles/px4__rosidl_generator_c.dir/rosidl_generator_c/px4/msg/detail/mode_completed__functions.c.o[0m
[204.179s] [ 27%] [32mBuilding C object platforms/ros2/CMakeFiles/px4__rosidl_generator_c.dir/rosidl_generator_c/px4/msg/detail/mode_completed__type_support.c.o[0m
[204.234s] [ 27%] [32mBuilding C object platforms/ros2/CMakeFiles/px4__rosidl_generator_c.dir/rosidl_generator_c/px4/msg/detail/register_ext_component_reply__description.c.o[0m
[204.274s] [ 27%] [32mBuilding C object platforms/ros2/CMakeFiles/px4__rosidl_generator_c.dir/rosidl_generator_c/px4/msg/detail/register_ext_component_reply__functions.c.o[0m
[204.306s] [ 27%] [32mBuilding C object platforms/ros2/CMakeFiles/px4__rosidl_generator_c.dir/rosidl_generator_c/px4/msg/detail/register_ext_component_reply__type_support.c.o[0m
[204.359s] [ 27%] [32mBuilding C object platforms/ros2/CMakeFiles/px4__rosidl_generator_c.dir/rosidl_generator_c/px4/msg/detail/register_ext_component_request__description.c.o[0m
[204.410s] [ 27%] [32mBuilding C object platforms/ros2/CMakeFiles/px4__rosidl_generator_c.dir/rosidl_generator_c/px4/msg/detail/register_ext_component_request__functions.c.o[0m
[204.429s] [ 27%] [32mBuilding C object platforms/ros2/CMakeFiles/px4__rosidl_generator_c.dir/rosidl_generator_c/px4/msg/detail/register_ext_component_request__type_support.c.o[0m
[204.483s] [ 27%] [32mBuilding C object platforms/ros2/CMakeFiles/px4__rosidl_generator_c.dir/rosidl_generator_c/px4/msg/detail/trajectory_setpoint__description.c.o[0m
[204.549s] [ 27%] [32mBuilding C object platforms/ros2/CMakeFiles/px4__rosidl_generator_c.dir/rosidl_generator_c/px4/msg/detail/trajectory_setpoint__functions.c.o[0m
[204.550s] [ 27%] [32mBuilding C object platforms/ros2/CMakeFiles/px4__rosidl_generator_c.dir/rosidl_generator_c/px4/msg/detail/sensor_airflow__type_support.c.o[0m
[204.603s] [ 27%] [32mBuilding C object platforms/ros2/CMakeFiles/px4__rosidl_generator_c.dir/rosidl_generator_c/px4/msg/detail/unregister_ext_component__description.c.o[0m
[204.671s] [ 27%] [32mBuilding C object platforms/ros2/CMakeFiles/px4__rosidl_generator_c.dir/rosidl_generator_c/px4/msg/detail/unregister_ext_component__functions.c.o[0m
[204.690s] [ 27%] [32mBuilding C object platforms/ros2/CMakeFiles/px4__rosidl_generator_c.dir/rosidl_generator_c/px4/msg/detail/unregister_ext_component__type_support.c.o[0m
[204.744s] [ 27%] [32mBuilding C object platforms/ros2/CMakeFiles/px4__rosidl_generator_c.dir/rosidl_generator_c/px4/msg/detail/vehicle_angular_velocity__description.c.o[0m
[204.810s] [ 27%] [32mBuilding C object platforms/ros2/CMakeFiles/px4__rosidl_generator_c.dir/rosidl_generator_c/px4/msg/detail/vehicle_angular_velocity__functions.c.o[0m
[204.811s] [ 27%] [32mBuilding C object platforms/ros2/CMakeFiles/px4__rosidl_generator_c.dir/rosidl_generator_c/px4/msg/detail/vehicle_angular_velocity__type_support.c.o[0m
[204.864s] [ 27%] [32mBuilding C object platforms/ros2/CMakeFiles/px4__rosidl_generator_c.dir/rosidl_generator_c/px4/msg/detail/vehicle_attitude__description.c.o[0m
[204.929s] [ 27%] [32mBuilding C object platforms/ros2/CMakeFiles/px4__rosidl_generator_c.dir/rosidl_generator_c/px4/msg/detail/vehicle_attitude__functions.c.o[0m
[204.947s] [ 27%] [32mBuilding C object platforms/ros2/CMakeFiles/px4__rosidl_generator_c.dir/rosidl_generator_c/px4/msg/detail/vehicle_attitude__type_support.c.o[0m
[205.001s] [ 27%] [32mBuilding C object platforms/ros2/CMakeFiles/px4__rosidl_generator_c.dir/rosidl_generator_c/px4/msg/detail/vehicle_attitude_setpoint__description.c.o[0m
[205.064s] [ 27%] [32mBuilding C object platforms/ros2/CMakeFiles/px4__rosidl_generator_c.dir/rosidl_generator_c/px4/msg/detail/vehicle_attitude_setpoint__functions.c.o[0m
[205.072s] [ 27%] [32mBuilding C object platforms/ros2/CMakeFiles/px4__rosidl_generator_c.dir/rosidl_generator_c/px4/msg/detail/vehicle_attitude_setpoint__type_support.c.o[0m
[205.127s] [ 27%] [32mBuilding C object platforms/ros2/CMakeFiles/px4__rosidl_generator_c.dir/rosidl_generator_c/px4/msg/detail/vehicle_command__description.c.o[0m
[205.197s] [ 27%] [32mBuilding C object platforms/ros2/CMakeFiles/px4__rosidl_generator_c.dir/rosidl_generator_c/px4/msg/detail/vehicle_command__functions.c.o[0m
[205.197s] [ 27%] [32mBuilding C object platforms/ros2/CMakeFiles/px4__rosidl_generator_c.dir/rosidl_generator_c/px4/msg/detail/trajectory_setpoint__type_support.c.o[0m
[205.251s] [ 27%] [32mBuilding C object platforms/ros2/CMakeFiles/px4__rosidl_generator_c.dir/rosidl_generator_c/px4/msg/detail/vehicle_command_ack__description.c.o[0m
[205.321s] [ 29%] [32mBuilding C object platforms/ros2/CMakeFiles/px4__rosidl_generator_c.dir/rosidl_generator_c/px4/msg/detail/vehicle_command_ack__functions.c.o[0m
[205.331s] [ 29%] [32mBuilding C object platforms/ros2/CMakeFiles/px4__rosidl_generator_c.dir/rosidl_generator_c/px4/msg/detail/vehicle_command_ack__type_support.c.o[0m
[205.384s] [ 29%] [32mBuilding C object platforms/ros2/CMakeFiles/px4__rosidl_generator_c.dir/rosidl_generator_c/px4/msg/detail/vehicle_control_mode__description.c.o[0m
[205.452s] [ 29%] [32mBuilding C object platforms/ros2/CMakeFiles/px4__rosidl_generator_c.dir/rosidl_generator_c/px4/msg/detail/vehicle_control_mode__functions.c.o[0m
[205.456s] [ 29%] [32mBuilding C object platforms/ros2/CMakeFiles/px4__rosidl_generator_c.dir/rosidl_generator_c/px4/msg/detail/vehicle_control_mode__type_support.c.o[0m
[205.512s] [ 29%] [32mBuilding C object platforms/ros2/CMakeFiles/px4__rosidl_generator_c.dir/rosidl_generator_c/px4/msg/detail/vehicle_global_position__description.c.o[0m
[205.590s] [ 29%] [32mBuilding C object platforms/ros2/CMakeFiles/px4__rosidl_generator_c.dir/rosidl_generator_c/px4/msg/detail/vehicle_global_position__functions.c.o[0m
[205.598s] [ 29%] [32mBuilding C object platforms/ros2/CMakeFiles/px4__rosidl_generator_c.dir/rosidl_generator_c/px4/msg/detail/vehicle_global_position__type_support.c.o[0m
[205.653s] [ 29%] [32mBuilding C object platforms/ros2/CMakeFiles/px4__rosidl_generator_c.dir/rosidl_generator_c/px4/msg/detail/vehicle_land_detected__description.c.o[0m
[205.725s] [ 29%] [32mBuilding C object platforms/ros2/CMakeFiles/px4__rosidl_generator_c.dir/rosidl_generator_c/px4/msg/detail/vehicle_land_detected__functions.c.o[0m
[205.726s] [ 29%] [32mBuilding C object platforms/ros2/CMakeFiles/px4__rosidl_generator_c.dir/rosidl_generator_c/px4/msg/detail/vehicle_land_detected__type_support.c.o[0m
[205.781s] [ 29%] [32mBuilding C object platforms/ros2/CMakeFiles/px4__rosidl_generator_c.dir/rosidl_generator_c/px4/msg/detail/vehicle_local_position__description.c.o[0m
[205.851s] [ 29%] [32mBuilding C object platforms/ros2/CMakeFiles/px4__rosidl_generator_c.dir/rosidl_generator_c/px4/msg/detail/vehicle_local_position__functions.c.o[0m
[205.857s] [ 29%] [32mBuilding C object platforms/ros2/CMakeFiles/px4__rosidl_generator_c.dir/rosidl_generator_c/px4/msg/detail/vehicle_local_position__type_support.c.o[0m
[205.914s] [ 29%] [32mBuilding C object platforms/ros2/CMakeFiles/px4__rosidl_generator_c.dir/rosidl_generator_c/px4/msg/detail/vehicle_odometry__description.c.o[0m
[205.981s] [ 29%] [32mBuilding C object platforms/ros2/CMakeFiles/px4__rosidl_generator_c.dir/rosidl_generator_c/px4/msg/detail/vehicle_odometry__functions.c.o[0m
[206.020s] [ 29%] [32mBuilding C object platforms/ros2/CMakeFiles/px4__rosidl_generator_c.dir/rosidl_generator_c/px4/msg/detail/vehicle_odometry__type_support.c.o[0m
[206.078s] [ 29%] [32mBuilding C object platforms/ros2/CMakeFiles/px4__rosidl_generator_c.dir/rosidl_generator_c/px4/msg/detail/vehicle_rates_setpoint__description.c.o[0m
[206.129s] [ 29%] [32mBuilding C object platforms/ros2/CMakeFiles/px4__rosidl_generator_c.dir/rosidl_generator_c/px4/msg/detail/vehicle_rates_setpoint__functions.c.o[0m
[206.143s] [ 29%] [32mBuilding C object platforms/ros2/CMakeFiles/px4__rosidl_generator_c.dir/rosidl_generator_c/px4/msg/detail/vehicle_rates_setpoint__type_support.c.o[0m
[206.250s] [ 29%] [32mBuilding C object platforms/ros2/CMakeFiles/px4__rosidl_generator_c.dir/rosidl_generator_c/px4/msg/detail/vehicle_status__description.c.o[0m
[206.318s] [ 29%] [32mBuilding C object platforms/ros2/CMakeFiles/px4__rosidl_generator_c.dir/rosidl_generator_c/px4/msg/detail/vehicle_status__type_support.c.o[0m
[206.371s] [ 29%] [32mBuilding C object platforms/ros2/CMakeFiles/px4__rosidl_generator_c.dir/rosidl_generator_c/px4/msg/detail/vtol_vehicle_status__description.c.o[0m
[206.435s] [ 29%] [32mBuilding C object platforms/ros2/CMakeFiles/px4__rosidl_generator_c.dir/rosidl_generator_c/px4/msg/detail/vtol_vehicle_status__functions.c.o[0m
[206.563s] [ 29%] [32mBuilding C object platforms/ros2/CMakeFiles/px4__rosidl_generator_c.dir/rosidl_generator_c/px4/msg/detail/vtol_vehicle_status__type_support.c.o[0m
[206.615s] [ 29%] [32mBuilding C object platforms/ros2/CMakeFiles/px4__rosidl_generator_c.dir/rosidl_generator_c/px4/msg/detail/vehicle_status__functions.c.o[0m
[206.756s] [ 29%] [32mBuilding C object platforms/ros2/CMakeFiles/px4__rosidl_generator_c.dir/rosidl_generator_c/px4/msg/detail/vehicle_command__type_support.c.o[0m
[206.811s] [ 29%] [32m[1mLinking C shared library libpx4__rosidl_generator_c.so[0m
[207.128s] [ 29%] Built target px4__rosidl_generator_c
[207.154s] [ 29%] [34m[1mGenerating C++ type support dispatch for ROS interfaces[0m
[212.165s] [ 29%] [34m[1mGenerating C introspection for ROS interfaces[0m
[214.170s] [ 29%] [34m[1mGenerating C++ type support for eProsima Fast-RTPS[0m
[216.201s] [ 29%] [34m[1mGenerating C type support for eProsima Fast-RTPS[0m
[261.924s] [ 29%] [32mBuilding CXX object platforms/ros2/CMakeFiles/px4__rosidl_typesupport_cpp.dir/rosidl_typesupport_cpp/px4/msg/ackermann_velocity_setpoint__type_support.cpp.o[0m
[262.666s] [ 29%] [32mBuilding CXX object platforms/ros2/CMakeFiles/px4__rosidl_typesupport_cpp.dir/rosidl_typesupport_cpp/px4/msg/action_request__type_support.cpp.o[0m
[263.200s] [ 29%] [32mBuilding CXX object platforms/ros2/CMakeFiles/px4__rosidl_typesupport_cpp.dir/rosidl_typesupport_cpp/px4/msg/actuator_armed__type_support.cpp.o[0m
[264.055s] [ 29%] [32mBuilding CXX object platforms/ros2/CMakeFiles/px4__rosidl_typesupport_cpp.dir/rosidl_typesupport_cpp/px4/msg/actuator_controls_status__type_support.cpp.o[0m
[264.773s] [ 29%] [32mBuilding CXX object platforms/ros2/CMakeFiles/px4__rosidl_typesupport_cpp.dir/rosidl_typesupport_cpp/px4/msg/actuator_outputs__type_support.cpp.o[0m
[265.481s] [ 29%] [32mBuilding CXX object platforms/ros2/CMakeFiles/px4__rosidl_typesupport_cpp.dir/rosidl_typesupport_cpp/px4/msg/actuator_servos_trim__type_support.cpp.o[0m
[266.080s] [ 29%] [32mBuilding C object platforms/ros2/CMakeFiles/px4__rosidl_typesupport_introspection_c.dir/rosidl_typesupport_introspection_c/px4/msg/detail/ackermann_velocity_setpoint__type_support.c.o[0m
[266.168s] [ 29%] [32mBuilding C object platforms/ros2/CMakeFiles/px4__rosidl_typesupport_introspection_c.dir/rosidl_typesupport_introspection_c/px4/msg/detail/action_request__type_support.c.o[0m
[266.203s] [ 29%] [32mBuilding CXX object platforms/ros2/CMakeFiles/px4__rosidl_typesupport_cpp.dir/rosidl_typesupport_cpp/px4/msg/actuator_test__type_support.cpp.o[0m
[266.304s] [ 29%] [32mBuilding C object platforms/ros2/CMakeFiles/px4__rosidl_typesupport_introspection_c.dir/rosidl_typesupport_introspection_c/px4/msg/detail/actuator_armed__type_support.c.o[0m
[266.434s] [ 29%] [32mBuilding C object platforms/ros2/CMakeFiles/px4__rosidl_typesupport_introspection_c.dir/rosidl_typesupport_introspection_c/px4/msg/detail/actuator_controls_status__type_support.c.o[0m
[266.555s] [ 29%] [32mBuilding C object platforms/ros2/CMakeFiles/px4__rosidl_typesupport_introspection_c.dir/rosidl_typesupport_introspection_c/px4/msg/detail/actuator_outputs__type_support.c.o[0m
[266.695s] [ 29%] [32mBuilding C object platforms/ros2/CMakeFiles/px4__rosidl_typesupport_introspection_c.dir/rosidl_typesupport_introspection_c/px4/msg/detail/actuator_servos_trim__type_support.c.o[0m
[266.702s] [ 30%] [32mBuilding CXX object platforms/ros2/CMakeFiles/px4__rosidl_typesupport_cpp.dir/rosidl_typesupport_cpp/px4/msg/adc_report__type_support.cpp.o[0m
[266.786s] [ 30%] [32mBuilding C object platforms/ros2/CMakeFiles/px4__rosidl_typesupport_introspection_c.dir/rosidl_typesupport_introspection_c/px4/msg/detail/actuator_test__type_support.c.o[0m
[266.978s] [ 30%] [32mBuilding C object platforms/ros2/CMakeFiles/px4__rosidl_typesupport_introspection_c.dir/rosidl_typesupport_introspection_c/px4/msg/detail/adc_report__type_support.c.o[0m
[267.140s] [ 30%] [32mBuilding C object platforms/ros2/CMakeFiles/px4__rosidl_typesupport_introspection_c.dir/rosidl_typesupport_introspection_c/px4/msg/detail/airspeed__type_support.c.o[0m
[267.258s] [ 30%] [32mBuilding CXX object platforms/ros2/CMakeFiles/px4__rosidl_typesupport_cpp.dir/rosidl_typesupport_cpp/px4/msg/airspeed__type_support.cpp.o[0m
[267.270s] [ 30%] [32mBuilding C object platforms/ros2/CMakeFiles/px4__rosidl_typesupport_introspection_c.dir/rosidl_typesupport_introspection_c/px4/msg/detail/airspeed_wind__type_support.c.o[0m
[267.397s] [ 30%] [32mBuilding C object platforms/ros2/CMakeFiles/px4__rosidl_typesupport_introspection_c.dir/rosidl_typesupport_introspection_c/px4/msg/detail/autotune_attitude_control_status__type_support.c.o[0m
[267.575s] [ 30%] [32mBuilding C object platforms/ros2/CMakeFiles/px4__rosidl_typesupport_introspection_c.dir/rosidl_typesupport_introspection_c/px4/msg/detail/button_event__type_support.c.o[0m
[267.705s] [ 30%] [32mBuilding C object platforms/ros2/CMakeFiles/px4__rosidl_typesupport_introspection_c.dir/rosidl_typesupport_introspection_c/px4/msg/detail/camera_capture__type_support.c.o[0m
[267.776s] [ 30%] [32mBuilding CXX object platforms/ros2/CMakeFiles/px4__rosidl_typesupport_cpp.dir/rosidl_typesupport_cpp/px4/msg/airspeed_wind__type_support.cpp.o[0m
[267.821s] [ 30%] [32mBuilding C object platforms/ros2/CMakeFiles/px4__rosidl_typesupport_introspection_c.dir/rosidl_typesupport_introspection_c/px4/msg/detail/camera_status__type_support.c.o[0m
[267.882s] [ 30%] [32mBuilding C object platforms/ros2/CMakeFiles/px4__rosidl_typesupport_introspection_c.dir/rosidl_typesupport_introspection_c/px4/msg/detail/camera_trigger__type_support.c.o[0m
[267.967s] [ 31%] [32mBuilding C object platforms/ros2/CMakeFiles/px4__rosidl_typesupport_introspection_c.dir/rosidl_typesupport_introspection_c/px4/msg/detail/can_interface_status__type_support.c.o[0m
[268.102s] [ 31%] [32mBuilding C object platforms/ros2/CMakeFiles/px4__rosidl_typesupport_introspection_c.dir/rosidl_typesupport_introspection_c/px4/msg/detail/cellular_status__type_support.c.o[0m
[268.236s] [ 31%] [32mBuilding C object platforms/ros2/CMakeFiles/px4__rosidl_typesupport_introspection_c.dir/rosidl_typesupport_introspection_c/px4/msg/detail/collision_constraints__type_support.c.o[0m
[268.284s] [ 31%] [32mBuilding CXX object platforms/ros2/CMakeFiles/px4__rosidl_typesupport_cpp.dir/rosidl_typesupport_cpp/px4/msg/autotune_attitude_control_status__type_support.cpp.o[0m
[268.391s] [ 31%] [32mBuilding C object platforms/ros2/CMakeFiles/px4__rosidl_typesupport_introspection_c.dir/rosidl_typesupport_introspection_c/px4/msg/detail/control_allocator_status__type_support.c.o[0m
[268.567s] [ 31%] [32mBuilding C object platforms/ros2/CMakeFiles/px4__rosidl_typesupport_introspection_c.dir/rosidl_typesupport_introspection_c/px4/msg/detail/cpuload__type_support.c.o[0m
[268.706s] [ 31%] [32mBuilding C object platforms/ros2/CMakeFiles/px4__rosidl_typesupport_introspection_c.dir/rosidl_typesupport_introspection_c/px4/msg/detail/dataman_request__type_support.c.o[0m
[268.794s] [ 31%] [32mBuilding CXX object platforms/ros2/CMakeFiles/px4__rosidl_typesupport_cpp.dir/rosidl_typesupport_cpp/px4/msg/button_event__type_support.cpp.o[0m
[268.843s] [ 31%] [32mBuilding C object platforms/ros2/CMakeFiles/px4__rosidl_typesupport_introspection_c.dir/rosidl_typesupport_introspection_c/px4/msg/detail/dataman_response__type_support.c.o[0m
[268.983s] [ 31%] [32mBuilding C object platforms/ros2/CMakeFiles/px4__rosidl_typesupport_introspection_c.dir/rosidl_typesupport_introspection_c/px4/msg/detail/debug_array__type_support.c.o[0m
[269.145s] [ 31%] [32mBuilding C object platforms/ros2/CMakeFiles/px4__rosidl_typesupport_introspection_c.dir/rosidl_typesupport_introspection_c/px4/msg/detail/debug_key_value__type_support.c.o[0m
[269.289s] [ 31%] [32mBuilding C object platforms/ros2/CMakeFiles/px4__rosidl_typesupport_introspection_c.dir/rosidl_typesupport_introspection_c/px4/msg/detail/debug_value__type_support.c.o[0m
[269.307s] [ 31%] [32mBuilding CXX object platforms/ros2/CMakeFiles/px4__rosidl_typesupport_cpp.dir/rosidl_typesupport_cpp/px4/msg/camera_capture__type_support.cpp.o[0m
[269.414s] [ 31%] [32mBuilding C object platforms/ros2/CMakeFiles/px4__rosidl_typesupport_introspection_c.dir/rosidl_typesupport_introspection_c/px4/msg/detail/debug_vect__type_support.c.o[0m
[269.571s] [ 31%] [32mBuilding C object platforms/ros2/CMakeFiles/px4__rosidl_typesupport_introspection_c.dir/rosidl_typesupport_introspection_c/px4/msg/detail/differential_pressure__type_support.c.o[0m
[269.710s] [ 31%] [32mBuilding C object platforms/ros2/CMakeFiles/px4__rosidl_typesupport_introspection_c.dir/rosidl_typesupport_introspection_c/px4/msg/detail/differential_velocity_setpoint__type_support.c.o[0m
[269.814s] [ 31%] [32mBuilding C object platforms/ros2/CMakeFiles/px4__rosidl_typesupport_introspection_c.dir/rosidl_typesupport_introspection_c/px4/msg/detail/distance_sensor__type_support.c.o[0m
[269.850s] [ 31%] [32mBuilding CXX object platforms/ros2/CMakeFiles/px4__rosidl_typesupport_cpp.dir/rosidl_typesupport_cpp/px4/msg/camera_status__type_support.cpp.o[0m
[269.964s] [ 31%] [32mBuilding C object platforms/ros2/CMakeFiles/px4__rosidl_typesupport_introspection_c.dir/rosidl_typesupport_introspection_c/px4/msg/detail/distance_sensor_mode_change_request__type_support.c.o[0m
[270.099s] [ 31%] [32mBuilding C object platforms/ros2/CMakeFiles/px4__rosidl_typesupport_introspection_c.dir/rosidl_typesupport_introspection_c/px4/msg/detail/ekf2_timestamps__type_support.c.o[0m
[270.228s] [ 31%] [32mBuilding C object platforms/ros2/CMakeFiles/px4__rosidl_typesupport_introspection_c.dir/rosidl_typesupport_introspection_c/px4/msg/detail/esc_report__type_support.c.o[0m
[270.362s] [ 31%] [32mBuilding C object platforms/ros2/CMakeFiles/px4__rosidl_typesupport_introspection_c.dir/rosidl_typesupport_introspection_c/px4/msg/detail/esc_status__type_support.c.o[0m
[270.397s] [ 31%] [32mBuilding CXX object platforms/ros2/CMakeFiles/px4__rosidl_typesupport_cpp.dir/rosidl_typesupport_cpp/px4/msg/camera_trigger__type_support.cpp.o[0m
[270.515s] [ 31%] [32mBuilding C object platforms/ros2/CMakeFiles/px4__rosidl_typesupport_introspection_c.dir/rosidl_typesupport_introspection_c/px4/msg/detail/estimator_aid_source1d__type_support.c.o[0m
[270.602s] [ 31%] [32mBuilding C object platforms/ros2/CMakeFiles/px4__rosidl_typesupport_introspection_c.dir/rosidl_typesupport_introspection_c/px4/msg/detail/estimator_aid_source2d__type_support.c.o[0m
[270.722s] [ 31%] [32mBuilding C object platforms/ros2/CMakeFiles/px4__rosidl_typesupport_introspection_c.dir/rosidl_typesupport_introspection_c/px4/msg/detail/estimator_aid_source3d__type_support.c.o[0m
[270.836s] [ 31%] [32mBuilding C object platforms/ros2/CMakeFiles/px4__rosidl_typesupport_introspection_c.dir/rosidl_typesupport_introspection_c/px4/msg/detail/estimator_bias__type_support.c.o[0m
[270.918s] [ 31%] [32mBuilding C object platforms/ros2/CMakeFiles/px4__rosidl_typesupport_introspection_c.dir/rosidl_typesupport_introspection_c/px4/msg/detail/estimator_bias3d__type_support.c.o[0m
[270.978s] [ 31%] [32mBuilding CXX object platforms/ros2/CMakeFiles/px4__rosidl_typesupport_cpp.dir/rosidl_typesupport_cpp/px4/msg/can_interface_status__type_support.cpp.o[0m
[271.066s] [ 31%] [32mBuilding C object platforms/ros2/CMakeFiles/px4__rosidl_typesupport_introspection_c.dir/rosidl_typesupport_introspection_c/px4/msg/detail/estimator_event_flags__type_support.c.o[0m
[271.196s] [ 31%] [32mBuilding C object platforms/ros2/CMakeFiles/px4__rosidl_typesupport_introspection_c.dir/rosidl_typesupport_introspection_c/px4/msg/detail/estimator_gps_status__type_support.c.o[0m
[271.306s] [ 31%] [32mBuilding C object platforms/ros2/CMakeFiles/px4__rosidl_typesupport_introspection_c.dir/rosidl_typesupport_introspection_c/px4/msg/detail/estimator_innovations__type_support.c.o[0m
[271.509s] [ 31%] [32mBuilding C object platforms/ros2/CMakeFiles/px4__rosidl_typesupport_introspection_c.dir/rosidl_typesupport_introspection_c/px4/msg/detail/estimator_selector_status__type_support.c.o[0m
[271.562s] [ 31%] [32mBuilding CXX object platforms/ros2/CMakeFiles/px4__rosidl_typesupport_cpp.dir/rosidl_typesupport_cpp/px4/msg/cellular_status__type_support.cpp.o[0m
[271.715s] [ 31%] [32mBuilding C object platforms/ros2/CMakeFiles/px4__rosidl_typesupport_introspection_c.dir/rosidl_typesupport_introspection_c/px4/msg/detail/estimator_sensor_bias__type_support.c.o[0m
[271.921s] [ 31%] [32mBuilding C object platforms/ros2/CMakeFiles/px4__rosidl_typesupport_introspection_c.dir/rosidl_typesupport_introspection_c/px4/msg/detail/estimator_states__type_support.c.o[0m
[272.076s] [ 31%] [32mBuilding CXX object platforms/ros2/CMakeFiles/px4__rosidl_typesupport_cpp.dir/rosidl_typesupport_cpp/px4/msg/collision_constraints__type_support.cpp.o[0m
[272.090s] [ 32%] [32mBuilding C object platforms/ros2/CMakeFiles/px4__rosidl_typesupport_introspection_c.dir/rosidl_typesupport_introspection_c/px4/msg/detail/estimator_status__type_support.c.o[0m
[272.231s] [ 32%] [32mBuilding C object platforms/ros2/CMakeFiles/px4__rosidl_typesupport_introspection_c.dir/rosidl_typesupport_introspection_c/px4/msg/detail/estimator_status_flags__type_support.c.o[0m
[272.334s] [ 32%] [32mBuilding C object platforms/ros2/CMakeFiles/px4__rosidl_typesupport_introspection_c.dir/rosidl_typesupport_introspection_c/px4/msg/detail/event__type_support.c.o[0m
[272.468s] [ 32%] [32mBuilding C object platforms/ros2/CMakeFiles/px4__rosidl_typesupport_introspection_c.dir/rosidl_typesupport_introspection_c/px4/msg/detail/failsafe_flags__type_support.c.o[0m
[272.558s] [ 32%] [32mBuilding C object platforms/ros2/CMakeFiles/px4__rosidl_typesupport_introspection_c.dir/rosidl_typesupport_introspection_c/px4/msg/detail/failure_detector_status__type_support.c.o[0m
[272.621s] [ 32%] [32mBuilding CXX object platforms/ros2/CMakeFiles/px4__rosidl_typesupport_cpp.dir/rosidl_typesupport_cpp/px4/msg/control_allocator_status__type_support.cpp.o[0m
[272.695s] [ 32%] [32mBuilding C object platforms/ros2/CMakeFiles/px4__rosidl_typesupport_introspection_c.dir/rosidl_typesupport_introspection_c/px4/msg/detail/figure_eight_status__type_support.c.o[0m
[272.822s] [ 32%] [32mBuilding C object platforms/ros2/CMakeFiles/px4__rosidl_typesupport_introspection_c.dir/rosidl_typesupport_introspection_c/px4/msg/detail/flight_phase_estimation__type_support.c.o[0m
[272.969s] [ 32%] [32mBuilding C object platforms/ros2/CMakeFiles/px4__rosidl_typesupport_introspection_c.dir/rosidl_typesupport_introspection_c/px4/msg/detail/follow_target__type_support.c.o[0m
[273.092s] [ 32%] [32mBuilding C object platforms/ros2/CMakeFiles/px4__rosidl_typesupport_introspection_c.dir/rosidl_typesupport_introspection_c/px4/msg/detail/follow_target_estimator__type_support.c.o[0m
[273.270s] [ 32%] [32mBuilding C object platforms/ros2/CMakeFiles/px4__rosidl_typesupport_introspection_c.dir/rosidl_typesupport_introspection_c/px4/msg/detail/follow_target_status__type_support.c.o[0m
[273.425s] [ 32%] [32mBuilding CXX object platforms/ros2/CMakeFiles/px4__rosidl_typesupport_cpp.dir/rosidl_typesupport_cpp/px4/msg/cpuload__type_support.cpp.o[0m
[273.471s] [ 32%] [32mBuilding C object platforms/ros2/CMakeFiles/px4__rosidl_typesupport_introspection_c.dir/rosidl_typesupport_introspection_c/px4/msg/detail/fuel_tank_status__type_support.c.o[0m
[273.603s] [ 32%] [32mBuilding C object platforms/ros2/CMakeFiles/px4__rosidl_typesupport_introspection_c.dir/rosidl_typesupport_introspection_c/px4/msg/detail/generator_status__type_support.c.o[0m
[273.729s] [ 32%] [32mBuilding C object platforms/ros2/CMakeFiles/px4__rosidl_typesupport_introspection_c.dir/rosidl_typesupport_introspection_c/px4/msg/detail/geofence_result__type_support.c.o[0m
[273.849s] [ 32%] [32mBuilding C object platforms/ros2/CMakeFiles/px4__rosidl_typesupport_introspection_c.dir/rosidl_typesupport_introspection_c/px4/msg/detail/geofence_status__type_support.c.o[0m
[273.912s] [ 32%] [32mBuilding C object platforms/ros2/CMakeFiles/px4__rosidl_typesupport_introspection_c.dir/rosidl_typesupport_introspection_c/px4/msg/detail/gimbal_controls__type_support.c.o[0m
[273.991s] [ 32%] [32mBuilding C object platforms/ros2/CMakeFiles/px4__rosidl_typesupport_introspection_c.dir/rosidl_typesupport_introspection_c/px4/msg/detail/gimbal_device_attitude_status__type_support.c.o[0m
[274.077s] [ 32%] [32mBuilding CXX object platforms/ros2/CMakeFiles/px4__rosidl_typesupport_cpp.dir/rosidl_typesupport_cpp/px4/msg/dataman_request__type_support.cpp.o[0m
[274.083s] [ 32%] [32mBuilding C object platforms/ros2/CMakeFiles/px4__rosidl_typesupport_introspection_c.dir/rosidl_typesupport_introspection_c/px4/msg/detail/gimbal_device_information__type_support.c.o[0m
[274.177s] [ 32%] [32mBuilding C object platforms/ros2/CMakeFiles/px4__rosidl_typesupport_introspection_c.dir/rosidl_typesupport_introspection_c/px4/msg/detail/gimbal_device_set_attitude__type_support.c.o[0m
[274.271s] [ 32%] [32mBuilding C object platforms/ros2/CMakeFiles/px4__rosidl_typesupport_introspection_c.dir/rosidl_typesupport_introspection_c/px4/msg/detail/gimbal_manager_information__type_support.c.o[0m
[274.367s] [ 32%] [32mBuilding C object platforms/ros2/CMakeFiles/px4__rosidl_typesupport_introspection_c.dir/rosidl_typesupport_introspection_c/px4/msg/detail/gimbal_manager_set_attitude__type_support.c.o[0m
[274.461s] [ 32%] [32mBuilding C object platforms/ros2/CMakeFiles/px4__rosidl_typesupport_introspection_c.dir/rosidl_typesupport_introspection_c/px4/msg/detail/gimbal_manager_set_manual_control__type_support.c.o[0m
[274.607s] [ 32%] [32mBuilding C object platforms/ros2/CMakeFiles/px4__rosidl_typesupport_introspection_c.dir/rosidl_typesupport_introspection_c/px4/msg/detail/gimbal_manager_status__type_support.c.o[0m
[274.697s] [ 32%] [32mBuilding CXX object platforms/ros2/CMakeFiles/px4__rosidl_typesupport_cpp.dir/rosidl_typesupport_cpp/px4/msg/dataman_response__type_support.cpp.o[0m
[274.708s] [ 32%] [32mBuilding C object platforms/ros2/CMakeFiles/px4__rosidl_typesupport_introspection_c.dir/rosidl_typesupport_introspection_c/px4/msg/detail/gpio_config__type_support.c.o[0m
[274.808s] [ 32%] [32mBuilding C object platforms/ros2/CMakeFiles/px4__rosidl_typesupport_introspection_c.dir/rosidl_typesupport_introspection_c/px4/msg/detail/gpio_in__type_support.c.o[0m
[274.920s] [ 32%] [32mBuilding C object platforms/ros2/CMakeFiles/px4__rosidl_typesupport_introspection_c.dir/rosidl_typesupport_introspection_c/px4/msg/detail/gpio_out__type_support.c.o[0m
[275.031s] [ 32%] [32mBuilding C object platforms/ros2/CMakeFiles/px4__rosidl_typesupport_introspection_c.dir/rosidl_typesupport_introspection_c/px4/msg/detail/gpio_request__type_support.c.o[0m
[275.129s] [ 32%] [32mBuilding C object platforms/ros2/CMakeFiles/px4__rosidl_typesupport_introspection_c.dir/rosidl_typesupport_introspection_c/px4/msg/detail/gps_dump__type_support.c.o[0m
[275.211s] [ 32%] [32mBuilding C object platforms/ros2/CMakeFiles/px4__rosidl_typesupport_introspection_c.dir/rosidl_typesupport_introspection_c/px4/msg/detail/gps_inject_data__type_support.c.o[0m
[275.230s] [ 32%] [32mBuilding CXX object platforms/ros2/CMakeFiles/px4__rosidl_typesupport_cpp.dir/rosidl_typesupport_cpp/px4/msg/debug_array__type_support.cpp.o[0m
[275.298s] [ 32%] [32mBuilding C object platforms/ros2/CMakeFiles/px4__rosidl_typesupport_introspection_c.dir/rosidl_typesupport_introspection_c/px4/msg/detail/gripper__type_support.c.o[0m
[275.374s] [ 34%] [32mBuilding C object platforms/ros2/CMakeFiles/px4__rosidl_typesupport_introspection_c.dir/rosidl_typesupport_introspection_c/px4/msg/detail/health_report__type_support.c.o[0m
[275.445s] [ 34%] [32mBuilding C object platforms/ros2/CMakeFiles/px4__rosidl_typesupport_introspection_c.dir/rosidl_typesupport_introspection_c/px4/msg/detail/heater_status__type_support.c.o[0m
[275.531s] [ 34%] [32mBuilding C object platforms/ros2/CMakeFiles/px4__rosidl_typesupport_introspection_c.dir/rosidl_typesupport_introspection_c/px4/msg/detail/hover_thrust_estimate__type_support.c.o[0m
[275.649s] [ 34%] [32mBuilding C object platforms/ros2/CMakeFiles/px4__rosidl_typesupport_introspection_c.dir/rosidl_typesupport_introspection_c/px4/msg/detail/input_rc__type_support.c.o[0m
[275.723s] [ 34%] [32mBuilding C object platforms/ros2/CMakeFiles/px4__rosidl_typesupport_introspection_c.dir/rosidl_typesupport_introspection_c/px4/msg/detail/internal_combustion_engine_control__type_support.c.o[0m
[275.797s] [ 34%] [32mBuilding C object platforms/ros2/CMakeFiles/px4__rosidl_typesupport_introspection_c.dir/rosidl_typesupport_introspection_c/px4/msg/detail/internal_combustion_engine_status__type_support.c.o[0m
[275.867s] [ 34%] [32mBuilding C object platforms/ros2/CMakeFiles/px4__rosidl_typesupport_introspection_c.dir/rosidl_typesupport_introspection_c/px4/msg/detail/iridiumsbd_status__type_support.c.o[0m
[275.921s] [ 34%] [32mBuilding CXX object platforms/ros2/CMakeFiles/px4__rosidl_typesupport_cpp.dir/rosidl_typesupport_cpp/px4/msg/debug_key_value__type_support.cpp.o[0m
[275.934s] [ 34%] [32mBuilding C object platforms/ros2/CMakeFiles/px4__rosidl_typesupport_introspection_c.dir/rosidl_typesupport_introspection_c/px4/msg/detail/irlock_report__type_support.c.o[0m
[276.010s] [ 34%] [32mBuilding C object platforms/ros2/CMakeFiles/px4__rosidl_typesupport_introspection_c.dir/rosidl_typesupport_introspection_c/px4/msg/detail/landing_gear__type_support.c.o[0m
[276.070s] [ 34%] [32mBuilding C object platforms/ros2/CMakeFiles/px4__rosidl_typesupport_introspection_c.dir/rosidl_typesupport_introspection_c/px4/msg/detail/landing_gear_wheel__type_support.c.o[0m
[276.136s] [ 34%] [32mBuilding C object platforms/ros2/CMakeFiles/px4__rosidl_typesupport_introspection_c.dir/rosidl_typesupport_introspection_c/px4/msg/detail/landing_target_innovations__type_support.c.o[0m
[276.206s] [ 34%] [32mBuilding C object platforms/ros2/CMakeFiles/px4__rosidl_typesupport_introspection_c.dir/rosidl_typesupport_introspection_c/px4/msg/detail/landing_target_pose__type_support.c.o[0m
[276.289s] [ 34%] [32mBuilding C object platforms/ros2/CMakeFiles/px4__rosidl_typesupport_introspection_c.dir/rosidl_typesupport_introspection_c/px4/msg/detail/launch_detection_status__type_support.c.o[0m
[276.376s] [ 34%] [32mBuilding C object platforms/ros2/CMakeFiles/px4__rosidl_typesupport_introspection_c.dir/rosidl_typesupport_introspection_c/px4/msg/detail/led_control__type_support.c.o[0m
[276.398s] [ 34%] [32mBuilding CXX object platforms/ros2/CMakeFiles/px4__rosidl_typesupport_cpp.dir/rosidl_typesupport_cpp/px4/msg/debug_value__type_support.cpp.o[0m
[276.440s] [ 34%] [32mBuilding C object platforms/ros2/CMakeFiles/px4__rosidl_typesupport_introspection_c.dir/rosidl_typesupport_introspection_c/px4/msg/detail/log_message__type_support.c.o[0m
[276.527s] [ 34%] [32mBuilding C object platforms/ros2/CMakeFiles/px4__rosidl_typesupport_introspection_c.dir/rosidl_typesupport_introspection_c/px4/msg/detail/logger_status__type_support.c.o[0m
[276.605s] [ 34%] [32mBuilding C object platforms/ros2/CMakeFiles/px4__rosidl_typesupport_introspection_c.dir/rosidl_typesupport_introspection_c/px4/msg/detail/mag_worker_data__type_support.c.o[0m
[276.740s] [ 34%] [32mBuilding C object platforms/ros2/CMakeFiles/px4__rosidl_typesupport_introspection_c.dir/rosidl_typesupport_introspection_c/px4/msg/detail/magnetometer_bias_estimate__type_support.c.o[0m
[276.859s] [ 34%] [32mBuilding C object platforms/ros2/CMakeFiles/px4__rosidl_typesupport_introspection_c.dir/rosidl_typesupport_introspection_c/px4/msg/detail/manual_control_switches__type_support.c.o[0m
[276.879s] [ 34%] [32mBuilding CXX object platforms/ros2/CMakeFiles/px4__rosidl_typesupport_cpp.dir/rosidl_typesupport_cpp/px4/msg/debug_vect__type_support.cpp.o[0m
[276.939s] [ 34%] [32mBuilding C object platforms/ros2/CMakeFiles/px4__rosidl_typesupport_introspection_c.dir/rosidl_typesupport_introspection_c/px4/msg/detail/mavlink_log__type_support.c.o[0m
[277.071s] [ 34%] [32mBuilding C object platforms/ros2/CMakeFiles/px4__rosidl_typesupport_introspection_c.dir/rosidl_typesupport_introspection_c/px4/msg/detail/mavlink_tunnel__type_support.c.o[0m
[277.153s] [ 34%] [32mBuilding C object platforms/ros2/CMakeFiles/px4__rosidl_typesupport_introspection_c.dir/rosidl_typesupport_introspection_c/px4/msg/detail/message_format_request__type_support.c.o[0m
[277.236s] [ 34%] [32mBuilding C object platforms/ros2/CMakeFiles/px4__rosidl_typesupport_introspection_c.dir/rosidl_typesupport_introspection_c/px4/msg/detail/message_format_response__type_support.c.o[0m
[277.348s] [ 34%] [32mBuilding CXX object platforms/ros2/CMakeFiles/px4__rosidl_typesupport_cpp.dir/rosidl_typesupport_cpp/px4/msg/differential_pressure__type_support.cpp.o[0m
[277.355s] [ 34%] [32mBuilding C object platforms/ros2/CMakeFiles/px4__rosidl_typesupport_introspection_c.dir/rosidl_typesupport_introspection_c/px4/msg/detail/mission__type_support.c.o[0m
[277.429s] [ 34%] [32mBuilding C object platforms/ros2/CMakeFiles/px4__rosidl_typesupport_introspection_c.dir/rosidl_typesupport_introspection_c/px4/msg/detail/mission_result__type_support.c.o[0m
[277.515s] [ 34%] [32mBuilding C object platforms/ros2/CMakeFiles/px4__rosidl_typesupport_introspection_c.dir/rosidl_typesupport_introspection_c/px4/msg/detail/mount_orientation__type_support.c.o[0m
[277.586s] [ 34%] [32mBuilding C object platforms/ros2/CMakeFiles/px4__rosidl_typesupport_introspection_c.dir/rosidl_typesupport_introspection_c/px4/msg/detail/navigator_mission_item__type_support.c.o[0m
[277.651s] [ 34%] [32mBuilding C object platforms/ros2/CMakeFiles/px4__rosidl_typesupport_introspection_c.dir/rosidl_typesupport_introspection_c/px4/msg/detail/navigator_status__type_support.c.o[0m
[277.731s] [ 34%] [32mBuilding C object platforms/ros2/CMakeFiles/px4__rosidl_typesupport_introspection_c.dir/rosidl_typesupport_introspection_c/px4/msg/detail/normalized_unsigned_setpoint__type_support.c.o[0m
[277.807s] [ 34%] [32mBuilding CXX object platforms/ros2/CMakeFiles/px4__rosidl_typesupport_cpp.dir/rosidl_typesupport_cpp/px4/msg/differential_velocity_setpoint__type_support.cpp.o[0m
[277.817s] [ 35%] [32mBuilding C object platforms/ros2/CMakeFiles/px4__rosidl_typesupport_introspection_c.dir/rosidl_typesupport_introspection_c/px4/msg/detail/npfg_status__type_support.c.o[0m
[277.920s] [ 35%] [32mBuilding C object platforms/ros2/CMakeFiles/px4__rosidl_typesupport_introspection_c.dir/rosidl_typesupport_introspection_c/px4/msg/detail/obstacle_distance__type_support.c.o[0m
[278.014s] [ 35%] [32mBuilding C object platforms/ros2/CMakeFiles/px4__rosidl_typesupport_introspection_c.dir/rosidl_typesupport_introspection_c/px4/msg/detail/offboard_control_mode__type_support.c.o[0m
[278.098s] [ 35%] [32mBuilding C object platforms/ros2/CMakeFiles/px4__rosidl_typesupport_introspection_c.dir/rosidl_typesupport_introspection_c/px4/msg/detail/onboard_computer_status__type_support.c.o[0m
[278.264s] [ 35%] [32mBuilding C object platforms/ros2/CMakeFiles/px4__rosidl_typesupport_introspection_c.dir/rosidl_typesupport_introspection_c/px4/msg/detail/open_drone_id_arm_status__type_support.c.o[0m
[278.286s] [ 35%] [32mBuilding CXX object platforms/ros2/CMakeFiles/px4__rosidl_typesupport_cpp.dir/rosidl_typesupport_cpp/px4/msg/distance_sensor__type_support.cpp.o[0m
[278.344s] [ 35%] [32mBuilding C object platforms/ros2/CMakeFiles/px4__rosidl_typesupport_introspection_c.dir/rosidl_typesupport_introspection_c/px4/msg/detail/open_drone_id_operator_id__type_support.c.o[0m
[278.422s] [ 35%] [32mBuilding C object platforms/ros2/CMakeFiles/px4__rosidl_typesupport_introspection_c.dir/rosidl_typesupport_introspection_c/px4/msg/detail/open_drone_id_self_id__type_support.c.o[0m
[278.520s] [ 35%] [32mBuilding C object platforms/ros2/CMakeFiles/px4__rosidl_typesupport_introspection_c.dir/rosidl_typesupport_introspection_c/px4/msg/detail/open_drone_id_system__type_support.c.o[0m
[278.596s] [ 35%] [32mBuilding C object platforms/ros2/CMakeFiles/px4__rosidl_typesupport_introspection_c.dir/rosidl_typesupport_introspection_c/px4/msg/detail/orb_test__type_support.c.o[0m
[278.661s] [ 35%] [32mBuilding C object platforms/ros2/CMakeFiles/px4__rosidl_typesupport_introspection_c.dir/rosidl_typesupport_introspection_c/px4/msg/detail/orb_test_large__type_support.c.o[0m
[278.739s] [ 35%] [32mBuilding C object platforms/ros2/CMakeFiles/px4__rosidl_typesupport_introspection_c.dir/rosidl_typesupport_introspection_c/px4/msg/detail/orb_test_medium__type_support.c.o[0m
[278.774s] [ 35%] [32mBuilding CXX object platforms/ros2/CMakeFiles/px4__rosidl_typesupport_cpp.dir/rosidl_typesupport_cpp/px4/msg/distance_sensor_mode_change_request__type_support.cpp.o[0m
[278.828s] [ 35%] [32mBuilding C object platforms/ros2/CMakeFiles/px4__rosidl_typesupport_introspection_c.dir/rosidl_typesupport_introspection_c/px4/msg/detail/orbit_status__type_support.c.o[0m
[278.923s] [ 35%] [32mBuilding C object platforms/ros2/CMakeFiles/px4__rosidl_typesupport_introspection_c.dir/rosidl_typesupport_introspection_c/px4/msg/detail/parameter_reset_request__type_support.c.o[0m
[279.026s] [ 35%] [32mBuilding C object platforms/ros2/CMakeFiles/px4__rosidl_typesupport_introspection_c.dir/rosidl_typesupport_introspection_c/px4/msg/detail/parameter_set_used_request__type_support.c.o[0m
[279.099s] [ 35%] [32mBuilding C object platforms/ros2/CMakeFiles/px4__rosidl_typesupport_introspection_c.dir/rosidl_typesupport_introspection_c/px4/msg/detail/parameter_set_value_request__type_support.c.o[0m
[279.168s] [ 35%] [32mBuilding C object platforms/ros2/CMakeFiles/px4__rosidl_typesupport_introspection_c.dir/rosidl_typesupport_introspection_c/px4/msg/detail/parameter_set_value_response__type_support.c.o[0m
[279.242s] [ 35%] [32mBuilding C object platforms/ros2/CMakeFiles/px4__rosidl_typesupport_introspection_c.dir/rosidl_typesupport_introspection_c/px4/msg/detail/parameter_update__type_support.c.o[0m
[279.272s] [ 35%] [32mBuilding CXX object platforms/ros2/CMakeFiles/px4__rosidl_typesupport_cpp.dir/rosidl_typesupport_cpp/px4/msg/ekf2_timestamps__type_support.cpp.o[0m
[279.307s] [ 35%] [32mBuilding C object platforms/ros2/CMakeFiles/px4__rosidl_typesupport_introspection_c.dir/rosidl_typesupport_introspection_c/px4/msg/detail/ping__type_support.c.o[0m
[279.386s] [ 35%] [32mBuilding C object platforms/ros2/CMakeFiles/px4__rosidl_typesupport_introspection_c.dir/rosidl_typesupport_introspection_c/px4/msg/detail/position_controller_landing_status__type_support.c.o[0m
[279.467s] [ 35%] [32mBuilding C object platforms/ros2/CMakeFiles/px4__rosidl_typesupport_introspection_c.dir/rosidl_typesupport_introspection_c/px4/msg/detail/position_controller_status__type_support.c.o[0m
[279.534s] [ 35%] [32mBuilding C object platforms/ros2/CMakeFiles/px4__rosidl_typesupport_introspection_c.dir/rosidl_typesupport_introspection_c/px4/msg/detail/position_setpoint__type_support.c.o[0m
[279.598s] [ 35%] [32mBuilding C object platforms/ros2/CMakeFiles/px4__rosidl_typesupport_introspection_c.dir/rosidl_typesupport_introspection_c/px4/msg/detail/position_setpoint_triplet__type_support.c.o[0m
[279.669s] [ 35%] [32mBuilding C object platforms/ros2/CMakeFiles/px4__rosidl_typesupport_introspection_c.dir/rosidl_typesupport_introspection_c/px4/msg/detail/power_button_state__type_support.c.o[0m
[279.733s] [ 35%] [32mBuilding C object platforms/ros2/CMakeFiles/px4__rosidl_typesupport_introspection_c.dir/rosidl_typesupport_introspection_c/px4/msg/detail/power_monitor__type_support.c.o[0m
[279.739s] [ 35%] [32mBuilding CXX object platforms/ros2/CMakeFiles/px4__rosidl_typesupport_cpp.dir/rosidl_typesupport_cpp/px4/msg/esc_report__type_support.cpp.o[0m
[279.804s] [ 35%] [32mBuilding C object platforms/ros2/CMakeFiles/px4__rosidl_typesupport_introspection_c.dir/rosidl_typesupport_introspection_c/px4/msg/detail/pps_capture__type_support.c.o[0m
[279.871s] [ 35%] [32mBuilding C object platforms/ros2/CMakeFiles/px4__rosidl_typesupport_introspection_c.dir/rosidl_typesupport_introspection_c/px4/msg/detail/pure_pursuit_status__type_support.c.o[0m
[279.939s] [ 35%] [32mBuilding C object platforms/ros2/CMakeFiles/px4__rosidl_typesupport_introspection_c.dir/rosidl_typesupport_introspection_c/px4/msg/detail/pwm_input__type_support.c.o[0m
[280.031s] [ 35%] [32mBuilding C object platforms/ros2/CMakeFiles/px4__rosidl_typesupport_introspection_c.dir/rosidl_typesupport_introspection_c/px4/msg/detail/px4io_status__type_support.c.o[0m
[280.134s] [ 35%] [32mBuilding C object platforms/ros2/CMakeFiles/px4__rosidl_typesupport_introspection_c.dir/rosidl_typesupport_introspection_c/px4/msg/detail/qshell_req__type_support.c.o[0m
[280.206s] [ 36%] [32mBuilding C object platforms/ros2/CMakeFiles/px4__rosidl_typesupport_introspection_c.dir/rosidl_typesupport_introspection_c/px4/msg/detail/qshell_retval__type_support.c.o[0m
[280.238s] [ 36%] [32mBuilding CXX object platforms/ros2/CMakeFiles/px4__rosidl_typesupport_cpp.dir/rosidl_typesupport_cpp/px4/msg/esc_status__type_support.cpp.o[0m
[280.273s] [ 36%] [32mBuilding C object platforms/ros2/CMakeFiles/px4__rosidl_typesupport_introspection_c.dir/rosidl_typesupport_introspection_c/px4/msg/detail/radio_status__type_support.c.o[0m
[280.339s] [ 36%] [32mBuilding C object platforms/ros2/CMakeFiles/px4__rosidl_typesupport_introspection_c.dir/rosidl_typesupport_introspection_c/px4/msg/detail/rate_ctrl_status__type_support.c.o[0m
[280.420s] [ 36%] [32mBuilding C object platforms/ros2/CMakeFiles/px4__rosidl_typesupport_introspection_c.dir/rosidl_typesupport_introspection_c/px4/msg/detail/rc_channels__type_support.c.o[0m
[280.553s] [ 36%] [32mBuilding C object platforms/ros2/CMakeFiles/px4__rosidl_typesupport_introspection_c.dir/rosidl_typesupport_introspection_c/px4/msg/detail/rc_parameter_map__type_support.c.o[0m
[280.670s] [ 36%] [32mBuilding C object platforms/ros2/CMakeFiles/px4__rosidl_typesupport_introspection_c.dir/rosidl_typesupport_introspection_c/px4/msg/detail/rover_attitude_setpoint__type_support.c.o[0m
[280.760s] [ 36%] [32mBuilding C object platforms/ros2/CMakeFiles/px4__rosidl_typesupport_introspection_c.dir/rosidl_typesupport_introspection_c/px4/msg/detail/rover_attitude_status__type_support.c.o[0m
[280.763s] [ 36%] [32mBuilding CXX object platforms/ros2/CMakeFiles/px4__rosidl_typesupport_cpp.dir/rosidl_typesupport_cpp/px4/msg/estimator_aid_source1d__type_support.cpp.o[0m
[280.853s] [ 36%] [32mBuilding C object platforms/ros2/CMakeFiles/px4__rosidl_typesupport_introspection_c.dir/rosidl_typesupport_introspection_c/px4/msg/detail/rover_position_setpoint__type_support.c.o[0m
[280.938s] [ 36%] [32mBuilding C object platforms/ros2/CMakeFiles/px4__rosidl_typesupport_introspection_c.dir/rosidl_typesupport_introspection_c/px4/msg/detail/rover_rate_setpoint__type_support.c.o[0m
[281.002s] [ 36%] [32mBuilding C object platforms/ros2/CMakeFiles/px4__rosidl_typesupport_introspection_c.dir/rosidl_typesupport_introspection_c/px4/msg/detail/rover_rate_status__type_support.c.o[0m
[281.089s] [ 36%] [32mBuilding C object platforms/ros2/CMakeFiles/px4__rosidl_typesupport_introspection_c.dir/rosidl_typesupport_introspection_c/px4/msg/detail/rover_steering_setpoint__type_support.c.o[0m
[281.180s] [ 36%] [32mBuilding C object platforms/ros2/CMakeFiles/px4__rosidl_typesupport_introspection_c.dir/rosidl_typesupport_introspection_c/px4/msg/detail/rover_throttle_setpoint__type_support.c.o[0m
[281.270s] [ 36%] [32mBuilding C object platforms/ros2/CMakeFiles/px4__rosidl_typesupport_introspection_c.dir/rosidl_typesupport_introspection_c/px4/msg/detail/rover_velocity_status__type_support.c.o[0m
[281.277s] [ 36%] [32mBuilding CXX object platforms/ros2/CMakeFiles/px4__rosidl_typesupport_cpp.dir/rosidl_typesupport_cpp/px4/msg/estimator_aid_source2d__type_support.cpp.o[0m
[281.332s] [ 36%] [32mBuilding C object platforms/ros2/CMakeFiles/px4__rosidl_typesupport_introspection_c.dir/rosidl_typesupport_introspection_c/px4/msg/detail/rpm__type_support.c.o[0m
[281.404s] [ 36%] [32mBuilding C object platforms/ros2/CMakeFiles/px4__rosidl_typesupport_introspection_c.dir/rosidl_typesupport_introspection_c/px4/msg/detail/rtl_status__type_support.c.o[0m
[281.469s] [ 36%] [32mBuilding C object platforms/ros2/CMakeFiles/px4__rosidl_typesupport_introspection_c.dir/rosidl_typesupport_introspection_c/px4/msg/detail/rtl_time_estimate__type_support.c.o[0m
[281.550s] [ 36%] [32mBuilding C object platforms/ros2/CMakeFiles/px4__rosidl_typesupport_introspection_c.dir/rosidl_typesupport_introspection_c/px4/msg/detail/satellite_info__type_support.c.o[0m
[281.716s] [ 36%] [32mBuilding C object platforms/ros2/CMakeFiles/px4__rosidl_typesupport_introspection_c.dir/rosidl_typesupport_introspection_c/px4/msg/detail/sensor_accel__type_support.c.o[0m
[281.764s] [ 36%] [32mBuilding CXX object platforms/ros2/CMakeFiles/px4__rosidl_typesupport_cpp.dir/rosidl_typesupport_cpp/px4/msg/estimator_aid_source3d__type_support.cpp.o[0m
[281.790s] [ 36%] [32mBuilding C object platforms/ros2/CMakeFiles/px4__rosidl_typesupport_introspection_c.dir/rosidl_typesupport_introspection_c/px4/msg/detail/sensor_accel_fifo__type_support.c.o[0m
[281.921s] [ 36%] [32mBuilding C object platforms/ros2/CMakeFiles/px4__rosidl_typesupport_introspection_c.dir/rosidl_typesupport_introspection_c/px4/msg/detail/sensor_airflow__type_support.c.o[0m
[281.996s] [ 36%] [32mBuilding C object platforms/ros2/CMakeFiles/px4__rosidl_typesupport_introspection_c.dir/rosidl_typesupport_introspection_c/px4/msg/detail/sensor_baro__type_support.c.o[0m
[282.080s] [ 36%] [32mBuilding C object platforms/ros2/CMakeFiles/px4__rosidl_typesupport_introspection_c.dir/rosidl_typesupport_introspection_c/px4/msg/detail/sensor_combined__type_support.c.o[0m
[282.179s] [ 36%] [32mBuilding C object platforms/ros2/CMakeFiles/px4__rosidl_typesupport_introspection_c.dir/rosidl_typesupport_introspection_c/px4/msg/detail/sensor_correction__type_support.c.o[0m
[282.259s] [ 37%] [32mBuilding CXX object platforms/ros2/CMakeFiles/px4__rosidl_typesupport_cpp.dir/rosidl_typesupport_cpp/px4/msg/estimator_bias__type_support.cpp.o[0m
[282.400s] [ 37%] [32mBuilding C object platforms/ros2/CMakeFiles/px4__rosidl_typesupport_introspection_c.dir/rosidl_typesupport_introspection_c/px4/msg/detail/sensor_gnss_relative__type_support.c.o[0m
[282.485s] [ 37%] [32mBuilding C object platforms/ros2/CMakeFiles/px4__rosidl_typesupport_introspection_c.dir/rosidl_typesupport_introspection_c/px4/msg/detail/sensor_gps__type_support.c.o[0m
[282.556s] [ 37%] [32mBuilding C object platforms/ros2/CMakeFiles/px4__rosidl_typesupport_introspection_c.dir/rosidl_typesupport_introspection_c/px4/msg/detail/sensor_gyro__type_support.c.o[0m
[282.631s] [ 37%] [32mBuilding C object platforms/ros2/CMakeFiles/px4__rosidl_typesupport_introspection_c.dir/rosidl_typesupport_introspection_c/px4/msg/detail/sensor_gyro_fft__type_support.c.o[0m
[282.746s] [ 37%] [32mBuilding CXX object platforms/ros2/CMakeFiles/px4__rosidl_typesupport_cpp.dir/rosidl_typesupport_cpp/px4/msg/estimator_bias3d__type_support.cpp.o[0m
[282.751s] [ 37%] [32mBuilding C object platforms/ros2/CMakeFiles/px4__rosidl_typesupport_introspection_c.dir/rosidl_typesupport_introspection_c/px4/msg/detail/sensor_gyro_fifo__type_support.c.o[0m
[282.891s] [ 39%] [32mBuilding C object platforms/ros2/CMakeFiles/px4__rosidl_typesupport_introspection_c.dir/rosidl_typesupport_introspection_c/px4/msg/detail/sensor_hygrometer__type_support.c.o[0m
[282.994s] [ 39%] [32mBuilding C object platforms/ros2/CMakeFiles/px4__rosidl_typesupport_introspection_c.dir/rosidl_typesupport_introspection_c/px4/msg/detail/sensor_mag__type_support.c.o[0m
[283.099s] [ 39%] [32mBuilding C object platforms/ros2/CMakeFiles/px4__rosidl_typesupport_introspection_c.dir/rosidl_typesupport_introspection_c/px4/msg/detail/sensor_optical_flow__type_support.c.o[0m
[283.221s] [ 39%] [32mBuilding C object platforms/ros2/CMakeFiles/px4__rosidl_typesupport_introspection_c.dir/rosidl_typesupport_introspection_c/px4/msg/detail/sensor_preflight_mag__type_support.c.o[0m
[283.266s] [ 39%] [32mBuilding CXX object platforms/ros2/CMakeFiles/px4__rosidl_typesupport_cpp.dir/rosidl_typesupport_cpp/px4/msg/estimator_event_flags__type_support.cpp.o[0m
[283.310s] [ 39%] [32mBuilding C object platforms/ros2/CMakeFiles/px4__rosidl_typesupport_introspection_c.dir/rosidl_typesupport_introspection_c/px4/msg/detail/sensor_selection__type_support.c.o[0m
[283.332s] [ 39%] [32mBuilding CXX object platforms/ros2/CMakeFiles/px4__rosidl_typesupport_fastrtps_cpp.dir/rosidl_typesupport_fastrtps_cpp/px4/msg/detail/dds_fastrtps/ackermann_velocity_setpoint__type_support.cpp.o[0m
[283.375s] [ 39%] [32mBuilding C object platforms/ros2/CMakeFiles/px4__rosidl_typesupport_introspection_c.dir/rosidl_typesupport_introspection_c/px4/msg/detail/sensor_uwb__type_support.c.o[0m
[283.453s] [ 39%] [32mBuilding C object platforms/ros2/CMakeFiles/px4__rosidl_typesupport_introspection_c.dir/rosidl_typesupport_introspection_c/px4/msg/detail/sensors_status__type_support.c.o[0m
[283.559s] [ 39%] [32mBuilding C object platforms/ros2/CMakeFiles/px4__rosidl_typesupport_introspection_c.dir/rosidl_typesupport_introspection_c/px4/msg/detail/sensors_status_imu__type_support.c.o[0m
[283.702s] [ 39%] [32mBuilding C object platforms/ros2/CMakeFiles/px4__rosidl_typesupport_introspection_c.dir/rosidl_typesupport_introspection_c/px4/msg/detail/system_power__type_support.c.o[0m
[283.851s] [ 39%] [32mBuilding C object platforms/ros2/CMakeFiles/px4__rosidl_typesupport_introspection_c.dir/rosidl_typesupport_introspection_c/px4/msg/detail/takeoff_status__type_support.c.o[0m
[283.885s] [ 39%] [32mBuilding CXX object platforms/ros2/CMakeFiles/px4__rosidl_typesupport_cpp.dir/rosidl_typesupport_cpp/px4/msg/estimator_gps_status__type_support.cpp.o[0m
[283.966s] [ 39%] [32mBuilding C object platforms/ros2/CMakeFiles/px4__rosidl_typesupport_introspection_c.dir/rosidl_typesupport_introspection_c/px4/msg/detail/task_stack_info__type_support.c.o[0m
[284.104s] [ 39%] [32mBuilding C object platforms/ros2/CMakeFiles/px4__rosidl_typesupport_introspection_c.dir/rosidl_typesupport_introspection_c/px4/msg/detail/tecs_status__type_support.c.o[0m
[284.130s] [ 39%] [32mBuilding CXX object platforms/ros2/CMakeFiles/px4__rosidl_typesupport_fastrtps_cpp.dir/rosidl_typesupport_fastrtps_cpp/px4/msg/detail/dds_fastrtps/action_request__type_support.cpp.o[0m
[284.188s] [ 39%] [32mBuilding C object platforms/ros2/CMakeFiles/px4__rosidl_typesupport_introspection_c.dir/rosidl_typesupport_introspection_c/px4/msg/detail/telemetry_status__type_support.c.o[0m
[284.278s] [ 39%] [32mBuilding C object platforms/ros2/CMakeFiles/px4__rosidl_typesupport_introspection_c.dir/rosidl_typesupport_introspection_c/px4/msg/detail/tiltrotor_extra_controls__type_support.c.o[0m
[284.354s] [ 39%] [32mBuilding C object platforms/ros2/CMakeFiles/px4__rosidl_typesupport_introspection_c.dir/rosidl_typesupport_introspection_c/px4/msg/detail/timesync_status__type_support.c.o[0m
[284.379s] [ 39%] [32mBuilding CXX object platforms/ros2/CMakeFiles/px4__rosidl_typesupport_cpp.dir/rosidl_typesupport_cpp/px4/msg/estimator_innovations__type_support.cpp.o[0m
[284.424s] [ 39%] [32mBuilding C object platforms/ros2/CMakeFiles/px4__rosidl_typesupport_introspection_c.dir/rosidl_typesupport_introspection_c/px4/msg/detail/trajectory_setpoint6dof__type_support.c.o[0m
[284.542s] [ 39%] [32mBuilding C object platforms/ros2/CMakeFiles/px4__rosidl_typesupport_introspection_c.dir/rosidl_typesupport_introspection_c/px4/msg/detail/transponder_report__type_support.c.o[0m
[284.624s] [ 39%] [32mBuilding C object platforms/ros2/CMakeFiles/px4__rosidl_typesupport_introspection_c.dir/rosidl_typesupport_introspection_c/px4/msg/detail/tune_control__type_support.c.o[0m
[284.703s] [ 39%] [32mBuilding C object platforms/ros2/CMakeFiles/px4__rosidl_typesupport_introspection_c.dir/rosidl_typesupport_introspection_c/px4/msg/detail/uavcan_parameter_request__type_support.c.o[0m
[284.805s] [ 39%] [32mBuilding C object platforms/ros2/CMakeFiles/px4__rosidl_typesupport_introspection_c.dir/rosidl_typesupport_introspection_c/px4/msg/detail/uavcan_parameter_value__type_support.c.o[0m
[284.893s] [ 39%] [32mBuilding C object platforms/ros2/CMakeFiles/px4__rosidl_typesupport_introspection_c.dir/rosidl_typesupport_introspection_c/px4/msg/detail/ulog_stream__type_support.c.o[0m
[284.996s] [ 39%] [32mBuilding CXX object platforms/ros2/CMakeFiles/px4__rosidl_typesupport_cpp.dir/rosidl_typesupport_cpp/px4/msg/estimator_selector_status__type_support.cpp.o[0m
[285.007s] [ 39%] [32mBuilding C object platforms/ros2/CMakeFiles/px4__rosidl_typesupport_introspection_c.dir/rosidl_typesupport_introspection_c/px4/msg/detail/ulog_stream_ack__type_support.c.o[0m
[285.069s] [ 39%] [32mBuilding C object platforms/ros2/CMakeFiles/px4__rosidl_typesupport_introspection_c.dir/rosidl_typesupport_introspection_c/px4/msg/detail/vehicle_acceleration__type_support.c.o[0m
[285.090s] [ 39%] [32mBuilding CXX object platforms/ros2/CMakeFiles/px4__rosidl_typesupport_fastrtps_cpp.dir/rosidl_typesupport_fastrtps_cpp/px4/msg/detail/dds_fastrtps/actuator_armed__type_support.cpp.o[0m
[285.140s] [ 39%] [32mBuilding C object platforms/ros2/CMakeFiles/px4__rosidl_typesupport_introspection_c.dir/rosidl_typesupport_introspection_c/px4/msg/detail/vehicle_air_data__type_support.c.o[0m
[285.205s] [ 39%] [32mBuilding C object platforms/ros2/CMakeFiles/px4__rosidl_typesupport_introspection_c.dir/rosidl_typesupport_introspection_c/px4/msg/detail/vehicle_angular_acceleration_setpoint__type_support.c.o[0m
[285.352s] [ 39%] [32mBuilding C object platforms/ros2/CMakeFiles/px4__rosidl_typesupport_introspection_c.dir/rosidl_typesupport_introspection_c/px4/msg/detail/vehicle_constraints__type_support.c.o[0m
[285.481s] [ 39%] [32mBuilding C object platforms/ros2/CMakeFiles/px4__rosidl_typesupport_introspection_c.dir/rosidl_typesupport_introspection_c/px4/msg/detail/vehicle_imu__type_support.c.o[0m
[285.596s] [ 39%] [32mBuilding C object platforms/ros2/CMakeFiles/px4__rosidl_typesupport_introspection_c.dir/rosidl_typesupport_introspection_c/px4/msg/detail/vehicle_imu_status__type_support.c.o[0m
[285.605s] [ 39%] [32mBuilding CXX object platforms/ros2/CMakeFiles/px4__rosidl_typesupport_cpp.dir/rosidl_typesupport_cpp/px4/msg/estimator_sensor_bias__type_support.cpp.o[0m
[285.634s] [ 39%] [32mBuilding CXX object platforms/ros2/CMakeFiles/px4__rosidl_typesupport_fastrtps_c.dir/rosidl_typesupport_fastrtps_c/px4/msg/detail/ackermann_velocity_setpoint__type_support_c.cpp.o[0m
[285.787s] [ 39%] [32mBuilding C object platforms/ros2/CMakeFiles/px4__rosidl_typesupport_introspection_c.dir/rosidl_typesupport_introspection_c/px4/msg/detail/vehicle_local_position_setpoint__type_support.c.o[0m
[285.959s] [ 40%] [32mBuilding C object platforms/ros2/CMakeFiles/px4__rosidl_typesupport_introspection_c.dir/rosidl_typesupport_introspection_c/px4/msg/detail/vehicle_magnetometer__type_support.c.o[0m
[285.973s] [ 40%] [32mBuilding CXX object platforms/ros2/CMakeFiles/px4__rosidl_typesupport_fastrtps_cpp.dir/rosidl_typesupport_fastrtps_cpp/px4/msg/detail/dds_fastrtps/actuator_controls_status__type_support.cpp.o[0m
[286.077s] [ 40%] [32mBuilding C object platforms/ros2/CMakeFiles/px4__rosidl_typesupport_introspection_c.dir/rosidl_typesupport_introspection_c/px4/msg/detail/vehicle_optical_flow__type_support.c.o[0m
[286.158s] [ 40%] [32mBuilding C object platforms/ros2/CMakeFiles/px4__rosidl_typesupport_introspection_c.dir/rosidl_typesupport_introspection_c/px4/msg/detail/vehicle_optical_flow_vel__type_support.c.o[0m
[286.341s] [ 40%] [32mBuilding C object platforms/ros2/CMakeFiles/px4__rosidl_typesupport_introspection_c.dir/rosidl_typesupport_introspection_c/px4/msg/detail/vehicle_roi__type_support.c.o[0m
[286.350s] [ 40%] [32mBuilding CXX object platforms/ros2/CMakeFiles/px4__rosidl_typesupport_cpp.dir/rosidl_typesupport_cpp/px4/msg/estimator_states__type_support.cpp.o[0m
[286.472s] [ 40%] [32mBuilding C object platforms/ros2/CMakeFiles/px4__rosidl_typesupport_introspection_c.dir/rosidl_typesupport_introspection_c/px4/msg/detail/vehicle_thrust_setpoint__type_support.c.o[0m
[286.619s] [ 40%] [32mBuilding C object platforms/ros2/CMakeFiles/px4__rosidl_typesupport_introspection_c.dir/rosidl_typesupport_introspection_c/px4/msg/detail/vehicle_torque_setpoint__type_support.c.o[0m
[286.660s] [ 40%] [32mBuilding CXX object platforms/ros2/CMakeFiles/px4__rosidl_typesupport_fastrtps_c.dir/rosidl_typesupport_fastrtps_c/px4/msg/detail/action_request__type_support_c.cpp.o[0m
[286.718s] [ 40%] [32mBuilding C object platforms/ros2/CMakeFiles/px4__rosidl_typesupport_introspection_c.dir/rosidl_typesupport_introspection_c/px4/msg/detail/velocity_limits__type_support.c.o[0m
[286.797s] [ 40%] [32mBuilding C object platforms/ros2/CMakeFiles/px4__rosidl_typesupport_introspection_c.dir/rosidl_typesupport_introspection_c/px4/msg/detail/wheel_encoders__type_support.c.o[0m
[286.923s] [ 40%] [32mBuilding CXX object platforms/ros2/CMakeFiles/px4__rosidl_typesupport_fastrtps_cpp.dir/rosidl_typesupport_fastrtps_cpp/px4/msg/detail/dds_fastrtps/actuator_outputs__type_support.cpp.o[0m
[286.929s] [ 40%] [32mBuilding C object platforms/ros2/CMakeFiles/px4__rosidl_typesupport_introspection_c.dir/rosidl_typesupport_introspection_c/px4/msg/detail/wind__type_support.c.o[0m
[286.945s] [ 40%] [32mBuilding CXX object platforms/ros2/CMakeFiles/px4__rosidl_typesupport_cpp.dir/rosidl_typesupport_cpp/px4/msg/estimator_status__type_support.cpp.o[0m
[287.032s] [ 40%] [32mBuilding C object platforms/ros2/CMakeFiles/px4__rosidl_typesupport_introspection_c.dir/rosidl_typesupport_introspection_c/px4/msg/detail/yaw_estimator_status__type_support.c.o[0m
[287.218s] [ 40%] [32mBuilding C object platforms/ros2/CMakeFiles/px4__rosidl_typesupport_introspection_c.dir/rosidl_typesupport_introspection_c/px4/msg/detail/actuator_motors__type_support.c.o[0m
[287.362s] [ 40%] [32mBuilding C object platforms/ros2/CMakeFiles/px4__rosidl_typesupport_introspection_c.dir/rosidl_typesupport_introspection_c/px4/msg/detail/actuator_servos__type_support.c.o[0m
[287.470s] [ 40%] [32mBuilding C object platforms/ros2/CMakeFiles/px4__rosidl_typesupport_introspection_c.dir/rosidl_typesupport_introspection_c/px4/msg/detail/airspeed_validated__type_support.c.o[0m
[287.552s] [ 40%] [32mBuilding C object platforms/ros2/CMakeFiles/px4__rosidl_typesupport_introspection_c.dir/rosidl_typesupport_introspection_c/px4/msg/detail/arming_check_reply__type_support.c.o[0m
[287.583s] [ 40%] [32mBuilding CXX object platforms/ros2/CMakeFiles/px4__rosidl_typesupport_cpp.dir/rosidl_typesupport_cpp/px4/msg/estimator_status_flags__type_support.cpp.o[0m
[287.583s] [ 40%] [32mBuilding CXX object platforms/ros2/CMakeFiles/px4__rosidl_typesupport_fastrtps_c.dir/rosidl_typesupport_fastrtps_c/px4/msg/detail/actuator_armed__type_support_c.cpp.o[0m
[287.666s] [ 40%] [32mBuilding C object platforms/ros2/CMakeFiles/px4__rosidl_typesupport_introspection_c.dir/rosidl_typesupport_introspection_c/px4/msg/detail/arming_check_request__type_support.c.o[0m
[287.756s] [ 40%] [32mBuilding C object platforms/ros2/CMakeFiles/px4__rosidl_typesupport_introspection_c.dir/rosidl_typesupport_introspection_c/px4/msg/detail/battery_status__type_support.c.o[0m
[287.910s] [ 40%] [32mBuilding C object platforms/ros2/CMakeFiles/px4__rosidl_typesupport_introspection_c.dir/rosidl_typesupport_introspection_c/px4/msg/detail/config_overrides__type_support.c.o[0m
[287.920s] [ 40%] [32mBuilding CXX object platforms/ros2/CMakeFiles/px4__rosidl_typesupport_fastrtps_cpp.dir/rosidl_typesupport_fastrtps_cpp/px4/msg/detail/dds_fastrtps/actuator_servos_trim__type_support.cpp.o[0m
[288.045s] [ 40%] [32mBuilding C object platforms/ros2/CMakeFiles/px4__rosidl_typesupport_introspection_c.dir/rosidl_typesupport_introspection_c/px4/msg/detail/goto_setpoint__type_support.c.o[0m
[288.144s] [ 40%] [32mBuilding C object platforms/ros2/CMakeFiles/px4__rosidl_typesupport_introspection_c.dir/rosidl_typesupport_introspection_c/px4/msg/detail/home_position__type_support.c.o[0m
[288.228s] [ 40%] [32mBuilding CXX object platforms/ros2/CMakeFiles/px4__rosidl_typesupport_cpp.dir/rosidl_typesupport_cpp/px4/msg/event__type_support.cpp.o[0m
[288.270s] [ 40%] [32mBuilding C object platforms/ros2/CMakeFiles/px4__rosidl_typesupport_introspection_c.dir/rosidl_typesupport_introspection_c/px4/msg/detail/manual_control_setpoint__type_support.c.o[0m
[288.415s] [ 40%] [32mBuilding C object platforms/ros2/CMakeFiles/px4__rosidl_typesupport_introspection_c.dir/rosidl_typesupport_introspection_c/px4/msg/detail/mode_completed__type_support.c.o[0m
[288.541s] [ 40%] [32mBuilding C object platforms/ros2/CMakeFiles/px4__rosidl_typesupport_introspection_c.dir/rosidl_typesupport_introspection_c/px4/msg/detail/register_ext_component_reply__type_support.c.o[0m
[288.558s] [ 40%] [32mBuilding CXX object platforms/ros2/CMakeFiles/px4__rosidl_typesupport_fastrtps_c.dir/rosidl_typesupport_fastrtps_c/px4/msg/detail/actuator_controls_status__type_support_c.cpp.o[0m
[288.689s] [ 40%] [32mBuilding C object platforms/ros2/CMakeFiles/px4__rosidl_typesupport_introspection_c.dir/rosidl_typesupport_introspection_c/px4/msg/detail/register_ext_component_request__type_support.c.o[0m
[288.795s] [ 40%] [32mBuilding CXX object platforms/ros2/CMakeFiles/px4__rosidl_typesupport_fastrtps_cpp.dir/rosidl_typesupport_fastrtps_cpp/px4/msg/detail/dds_fastrtps/actuator_test__type_support.cpp.o[0m
[288.818s] [ 40%] [32mBuilding CXX object platforms/ros2/CMakeFiles/px4__rosidl_typesupport_cpp.dir/rosidl_typesupport_cpp/px4/msg/failsafe_flags__type_support.cpp.o[0m
[288.828s] [ 40%] [32mBuilding C object platforms/ros2/CMakeFiles/px4__rosidl_typesupport_introspection_c.dir/rosidl_typesupport_introspection_c/px4/msg/detail/trajectory_setpoint__type_support.c.o[0m
[288.948s] [ 40%] [32mBuilding C object platforms/ros2/CMakeFiles/px4__rosidl_typesupport_introspection_c.dir/rosidl_typesupport_introspection_c/px4/msg/detail/unregister_ext_component__type_support.c.o[0m
[289.074s] [ 40%] [32mBuilding C object platforms/ros2/CMakeFiles/px4__rosidl_typesupport_introspection_c.dir/rosidl_typesupport_introspection_c/px4/msg/detail/vehicle_angular_velocity__type_support.c.o[0m
[289.261s] [ 40%] [32mBuilding C object platforms/ros2/CMakeFiles/px4__rosidl_typesupport_introspection_c.dir/rosidl_typesupport_introspection_c/px4/msg/detail/vehicle_attitude__type_support.c.o[0m
[289.391s] [ 40%] [32mBuilding CXX object platforms/ros2/CMakeFiles/px4__rosidl_typesupport_fastrtps_c.dir/rosidl_typesupport_fastrtps_c/px4/msg/detail/actuator_outputs__type_support_c.cpp.o[0m
[289.404s] [ 40%] [32mBuilding C object platforms/ros2/CMakeFiles/px4__rosidl_typesupport_introspection_c.dir/rosidl_typesupport_introspection_c/px4/msg/detail/vehicle_attitude_setpoint__type_support.c.o[0m
[289.484s] [ 40%] [32mBuilding CXX object platforms/ros2/CMakeFiles/px4__rosidl_typesupport_cpp.dir/rosidl_typesupport_cpp/px4/msg/failure_detector_status__type_support.cpp.o[0m
[289.566s] [ 40%] [32mBuilding C object platforms/ros2/CMakeFiles/px4__rosidl_typesupport_introspection_c.dir/rosidl_typesupport_introspection_c/px4/msg/detail/vehicle_command__type_support.c.o[0m
[289.631s] [ 40%] [32mBuilding CXX object platforms/ros2/CMakeFiles/px4__rosidl_typesupport_fastrtps_cpp.dir/rosidl_typesupport_fastrtps_cpp/px4/msg/detail/dds_fastrtps/adc_report__type_support.cpp.o[0m
[289.701s] [ 41%] [32mBuilding C object platforms/ros2/CMakeFiles/px4__rosidl_typesupport_introspection_c.dir/rosidl_typesupport_introspection_c/px4/msg/detail/vehicle_command_ack__type_support.c.o[0m
[289.831s] [ 41%] [32mBuilding C object platforms/ros2/CMakeFiles/px4__rosidl_typesupport_introspection_c.dir/rosidl_typesupport_introspection_c/px4/msg/detail/vehicle_control_mode__type_support.c.o[0m
[289.962s] [ 41%] [32mBuilding C object platforms/ros2/CMakeFiles/px4__rosidl_typesupport_introspection_c.dir/rosidl_typesupport_introspection_c/px4/msg/detail/vehicle_global_position__type_support.c.o[0m
[290.008s] [ 41%] [32mBuilding CXX object platforms/ros2/CMakeFiles/px4__rosidl_typesupport_cpp.dir/rosidl_typesupport_cpp/px4/msg/figure_eight_status__type_support.cpp.o[0m
[290.103s] [ 41%] [32mBuilding C object platforms/ros2/CMakeFiles/px4__rosidl_typesupport_introspection_c.dir/rosidl_typesupport_introspection_c/px4/msg/detail/vehicle_land_detected__type_support.c.o[0m
[290.240s] [ 41%] [32mBuilding C object platforms/ros2/CMakeFiles/px4__rosidl_typesupport_introspection_c.dir/rosidl_typesupport_introspection_c/px4/msg/detail/vehicle_local_position__type_support.c.o[0m
[290.305s] [ 41%] [32mBuilding CXX object platforms/ros2/CMakeFiles/px4__rosidl_typesupport_fastrtps_c.dir/rosidl_typesupport_fastrtps_c/px4/msg/detail/actuator_servos_trim__type_support_c.cpp.o[0m
[290.379s] [ 41%] [32mBuilding C object platforms/ros2/CMakeFiles/px4__rosidl_typesupport_introspection_c.dir/rosidl_typesupport_introspection_c/px4/msg/detail/vehicle_odometry__type_support.c.o[0m
[290.439s] [ 41%] [32mBuilding CXX object platforms/ros2/CMakeFiles/px4__rosidl_typesupport_fastrtps_cpp.dir/rosidl_typesupport_fastrtps_cpp/px4/msg/detail/dds_fastrtps/airspeed__type_support.cpp.o[0m
[290.577s] [ 41%] [32mBuilding CXX object platforms/ros2/CMakeFiles/px4__rosidl_typesupport_cpp.dir/rosidl_typesupport_cpp/px4/msg/flight_phase_estimation__type_support.cpp.o[0m
[290.618s] [ 41%] [32mBuilding C object platforms/ros2/CMakeFiles/px4__rosidl_typesupport_introspection_c.dir/rosidl_typesupport_introspection_c/px4/msg/detail/vehicle_rates_setpoint__type_support.c.o[0m
[290.768s] [ 41%] [32mBuilding C object platforms/ros2/CMakeFiles/px4__rosidl_typesupport_introspection_c.dir/rosidl_typesupport_introspection_c/px4/msg/detail/vehicle_status__type_support.c.o[0m
[290.905s] [ 41%] [32mBuilding C object platforms/ros2/CMakeFiles/px4__rosidl_typesupport_introspection_c.dir/rosidl_typesupport_introspection_c/px4/msg/detail/vtol_vehicle_status__type_support.c.o[0m
[291.040s] [ 41%] [32m[1mLinking C shared library libpx4__rosidl_typesupport_introspection_c.so[0m
[291.172s] [ 41%] [32mBuilding CXX object platforms/ros2/CMakeFiles/px4__rosidl_typesupport_fastrtps_c.dir/rosidl_typesupport_fastrtps_c/px4/msg/detail/actuator_test__type_support_c.cpp.o[0m
[291.175s] [ 41%] [32mBuilding CXX object platforms/ros2/CMakeFiles/px4__rosidl_typesupport_cpp.dir/rosidl_typesupport_cpp/px4/msg/follow_target__type_support.cpp.o[0m
[291.241s] [ 41%] [32mBuilding CXX object platforms/ros2/CMakeFiles/px4__rosidl_typesupport_fastrtps_cpp.dir/rosidl_typesupport_fastrtps_cpp/px4/msg/detail/dds_fastrtps/airspeed_wind__type_support.cpp.o[0m
[291.328s] [ 41%] Built target px4__rosidl_typesupport_introspection_c
[291.660s] [ 41%] [32mBuilding CXX object platforms/ros2/CMakeFiles/px4__rosidl_typesupport_cpp.dir/rosidl_typesupport_cpp/px4/msg/follow_target_estimator__type_support.cpp.o[0m
[291.957s] [ 41%] [32mBuilding CXX object platforms/ros2/CMakeFiles/px4__rosidl_typesupport_fastrtps_c.dir/rosidl_typesupport_fastrtps_c/px4/msg/detail/adc_report__type_support_c.cpp.o[0m
[292.084s] [ 41%] [32mBuilding CXX object platforms/ros2/CMakeFiles/px4__rosidl_typesupport_fastrtps_cpp.dir/rosidl_typesupport_fastrtps_cpp/px4/msg/detail/dds_fastrtps/autotune_attitude_control_status__type_support.cpp.o[0m
[292.145s] [ 41%] [32mBuilding CXX object platforms/ros2/CMakeFiles/px4__rosidl_typesupport_cpp.dir/rosidl_typesupport_cpp/px4/msg/follow_target_status__type_support.cpp.o[0m
[292.602s] [ 41%] [32mBuilding CXX object platforms/ros2/CMakeFiles/px4__rosidl_typesupport_cpp.dir/rosidl_typesupport_cpp/px4/msg/fuel_tank_status__type_support.cpp.o[0m
[292.702s] [ 41%] [32mBuilding CXX object platforms/ros2/CMakeFiles/px4__rosidl_typesupport_fastrtps_c.dir/rosidl_typesupport_fastrtps_c/px4/msg/detail/airspeed__type_support_c.cpp.o[0m
[292.915s] [ 41%] [32mBuilding CXX object platforms/ros2/CMakeFiles/px4__rosidl_typesupport_fastrtps_cpp.dir/rosidl_typesupport_fastrtps_cpp/px4/msg/detail/dds_fastrtps/button_event__type_support.cpp.o[0m
[293.068s] [ 41%] [32mBuilding CXX object platforms/ros2/CMakeFiles/px4__rosidl_typesupport_cpp.dir/rosidl_typesupport_cpp/px4/msg/generator_status__type_support.cpp.o[0m
[293.464s] [ 41%] [32mBuilding CXX object platforms/ros2/CMakeFiles/px4__rosidl_typesupport_fastrtps_c.dir/rosidl_typesupport_fastrtps_c/px4/msg/detail/airspeed_wind__type_support_c.cpp.o[0m
[293.556s] [ 41%] [32mBuilding CXX object platforms/ros2/CMakeFiles/px4__rosidl_typesupport_cpp.dir/rosidl_typesupport_cpp/px4/msg/geofence_result__type_support.cpp.o[0m
[293.633s] [ 43%] [32mBuilding CXX object platforms/ros2/CMakeFiles/px4__rosidl_typesupport_fastrtps_cpp.dir/rosidl_typesupport_fastrtps_cpp/px4/msg/detail/dds_fastrtps/camera_capture__type_support.cpp.o[0m
[294.013s] [ 43%] [32mBuilding CXX object platforms/ros2/CMakeFiles/px4__rosidl_typesupport_cpp.dir/rosidl_typesupport_cpp/px4/msg/geofence_status__type_support.cpp.o[0m
[294.275s] [ 44%] [32mBuilding CXX object platforms/ros2/CMakeFiles/px4__rosidl_typesupport_fastrtps_c.dir/rosidl_typesupport_fastrtps_c/px4/msg/detail/autotune_attitude_control_status__type_support_c.cpp.o[0m
[294.418s] [ 44%] [32mBuilding CXX object platforms/ros2/CMakeFiles/px4__rosidl_typesupport_fastrtps_cpp.dir/rosidl_typesupport_fastrtps_cpp/px4/msg/detail/dds_fastrtps/camera_status__type_support.cpp.o[0m
[294.474s] [ 44%] [32mBuilding CXX object platforms/ros2/CMakeFiles/px4__rosidl_typesupport_cpp.dir/rosidl_typesupport_cpp/px4/msg/gimbal_controls__type_support.cpp.o[0m
[294.941s] [ 44%] [32mBuilding CXX object platforms/ros2/CMakeFiles/px4__rosidl_typesupport_cpp.dir/rosidl_typesupport_cpp/px4/msg/gimbal_device_attitude_status__type_support.cpp.o[0m
[295.093s] [ 44%] [32mBuilding CXX object platforms/ros2/CMakeFiles/px4__rosidl_typesupport_fastrtps_c.dir/rosidl_typesupport_fastrtps_c/px4/msg/detail/button_event__type_support_c.cpp.o[0m
[295.162s] [ 44%] [32mBuilding CXX object platforms/ros2/CMakeFiles/px4__rosidl_typesupport_fastrtps_cpp.dir/rosidl_typesupport_fastrtps_cpp/px4/msg/detail/dds_fastrtps/camera_trigger__type_support.cpp.o[0m
[295.412s] [ 44%] [32mBuilding CXX object platforms/ros2/CMakeFiles/px4__rosidl_typesupport_cpp.dir/rosidl_typesupport_cpp/px4/msg/gimbal_device_information__type_support.cpp.o[0m
[295.815s] [ 44%] [32mBuilding CXX object platforms/ros2/CMakeFiles/px4__rosidl_typesupport_fastrtps_c.dir/rosidl_typesupport_fastrtps_c/px4/msg/detail/camera_capture__type_support_c.cpp.o[0m
[295.880s] [ 44%] [32mBuilding CXX object platforms/ros2/CMakeFiles/px4__rosidl_typesupport_cpp.dir/rosidl_typesupport_cpp/px4/msg/gimbal_device_set_attitude__type_support.cpp.o[0m
[295.913s] [ 44%] [32mBuilding CXX object platforms/ros2/CMakeFiles/px4__rosidl_typesupport_fastrtps_cpp.dir/rosidl_typesupport_fastrtps_cpp/px4/msg/detail/dds_fastrtps/can_interface_status__type_support.cpp.o[0m
[296.368s] [ 44%] [32mBuilding CXX object platforms/ros2/CMakeFiles/px4__rosidl_typesupport_cpp.dir/rosidl_typesupport_cpp/px4/msg/gimbal_manager_information__type_support.cpp.o[0m
[296.583s] [ 44%] [32mBuilding CXX object platforms/ros2/CMakeFiles/px4__rosidl_typesupport_fastrtps_c.dir/rosidl_typesupport_fastrtps_c/px4/msg/detail/camera_status__type_support_c.cpp.o[0m
[296.719s] [ 44%] [32mBuilding CXX object platforms/ros2/CMakeFiles/px4__rosidl_typesupport_fastrtps_cpp.dir/rosidl_typesupport_fastrtps_cpp/px4/msg/detail/dds_fastrtps/cellular_status__type_support.cpp.o[0m
[296.838s] [ 44%] [32mBuilding CXX object platforms/ros2/CMakeFiles/px4__rosidl_typesupport_cpp.dir/rosidl_typesupport_cpp/px4/msg/gimbal_manager_set_attitude__type_support.cpp.o[0m
[297.307s] [ 44%] [32mBuilding CXX object platforms/ros2/CMakeFiles/px4__rosidl_typesupport_fastrtps_c.dir/rosidl_typesupport_fastrtps_c/px4/msg/detail/camera_trigger__type_support_c.cpp.o[0m
[297.336s] [ 45%] [32mBuilding CXX object platforms/ros2/CMakeFiles/px4__rosidl_typesupport_cpp.dir/rosidl_typesupport_cpp/px4/msg/gimbal_manager_set_manual_control__type_support.cpp.o[0m
[297.506s] [ 45%] [32mBuilding CXX object platforms/ros2/CMakeFiles/px4__rosidl_typesupport_fastrtps_cpp.dir/rosidl_typesupport_fastrtps_cpp/px4/msg/detail/dds_fastrtps/collision_constraints__type_support.cpp.o[0m
[297.813s] [ 45%] [32mBuilding CXX object platforms/ros2/CMakeFiles/px4__rosidl_typesupport_cpp.dir/rosidl_typesupport_cpp/px4/msg/gimbal_manager_status__type_support.cpp.o[0m
[298.086s] [ 45%] [32mBuilding CXX object platforms/ros2/CMakeFiles/px4__rosidl_typesupport_fastrtps_c.dir/rosidl_typesupport_fastrtps_c/px4/msg/detail/can_interface_status__type_support_c.cpp.o[0m
[298.275s] [ 45%] [32mBuilding CXX object platforms/ros2/CMakeFiles/px4__rosidl_typesupport_fastrtps_cpp.dir/rosidl_typesupport_fastrtps_cpp/px4/msg/detail/dds_fastrtps/control_allocator_status__type_support.cpp.o[0m
[298.353s] [ 45%] [32mBuilding CXX object platforms/ros2/CMakeFiles/px4__rosidl_typesupport_cpp.dir/rosidl_typesupport_cpp/px4/msg/gpio_config__type_support.cpp.o[0m
[299.096s] [ 45%] [32mBuilding CXX object platforms/ros2/CMakeFiles/px4__rosidl_typesupport_fastrtps_cpp.dir/rosidl_typesupport_fastrtps_cpp/px4/msg/detail/dds_fastrtps/cpuload__type_support.cpp.o[0m
[299.123s] [ 45%] [32mBuilding CXX object platforms/ros2/CMakeFiles/px4__rosidl_typesupport_cpp.dir/rosidl_typesupport_cpp/px4/msg/gpio_in__type_support.cpp.o[0m
[299.350s] [ 45%] [32mBuilding CXX object platforms/ros2/CMakeFiles/px4__rosidl_typesupport_fastrtps_c.dir/rosidl_typesupport_fastrtps_c/px4/msg/detail/cellular_status__type_support_c.cpp.o[0m
[299.680s] [ 45%] [32mBuilding CXX object platforms/ros2/CMakeFiles/px4__rosidl_typesupport_cpp.dir/rosidl_typesupport_cpp/px4/msg/gpio_out__type_support.cpp.o[0m
[299.958s] [ 45%] [32mBuilding CXX object platforms/ros2/CMakeFiles/px4__rosidl_typesupport_fastrtps_cpp.dir/rosidl_typesupport_fastrtps_cpp/px4/msg/detail/dds_fastrtps/dataman_request__type_support.cpp.o[0m
[300.132s] [ 45%] [32mBuilding CXX object platforms/ros2/CMakeFiles/px4__rosidl_typesupport_fastrtps_c.dir/rosidl_typesupport_fastrtps_c/px4/msg/detail/collision_constraints__type_support_c.cpp.o[0m
[300.175s] [ 45%] [32mBuilding CXX object platforms/ros2/CMakeFiles/px4__rosidl_typesupport_cpp.dir/rosidl_typesupport_cpp/px4/msg/gpio_request__type_support.cpp.o[0m
[300.661s] [ 45%] [32mBuilding CXX object platforms/ros2/CMakeFiles/px4__rosidl_typesupport_cpp.dir/rosidl_typesupport_cpp/px4/msg/gps_dump__type_support.cpp.o[0m
[300.743s] [ 45%] [32mBuilding CXX object platforms/ros2/CMakeFiles/px4__rosidl_typesupport_fastrtps_cpp.dir/rosidl_typesupport_fastrtps_cpp/px4/msg/detail/dds_fastrtps/dataman_response__type_support.cpp.o[0m
[300.856s] [ 45%] [32mBuilding CXX object platforms/ros2/CMakeFiles/px4__rosidl_typesupport_fastrtps_c.dir/rosidl_typesupport_fastrtps_c/px4/msg/detail/control_allocator_status__type_support_c.cpp.o[0m
[301.129s] [ 45%] [32mBuilding CXX object platforms/ros2/CMakeFiles/px4__rosidl_typesupport_cpp.dir/rosidl_typesupport_cpp/px4/msg/gps_inject_data__type_support.cpp.o[0m
[301.523s] [ 45%] [32mBuilding CXX object platforms/ros2/CMakeFiles/px4__rosidl_typesupport_fastrtps_cpp.dir/rosidl_typesupport_fastrtps_cpp/px4/msg/detail/dds_fastrtps/debug_array__type_support.cpp.o[0m
[301.598s] [ 45%] [32mBuilding CXX object platforms/ros2/CMakeFiles/px4__rosidl_typesupport_cpp.dir/rosidl_typesupport_cpp/px4/msg/gripper__type_support.cpp.o[0m
[301.632s] [ 45%] [32mBuilding CXX object platforms/ros2/CMakeFiles/px4__rosidl_typesupport_fastrtps_c.dir/rosidl_typesupport_fastrtps_c/px4/msg/detail/cpuload__type_support_c.cpp.o[0m
[302.059s] [ 45%] [32mBuilding CXX object platforms/ros2/CMakeFiles/px4__rosidl_typesupport_cpp.dir/rosidl_typesupport_cpp/px4/msg/health_report__type_support.cpp.o[0m
[302.289s] [ 45%] [32mBuilding CXX object platforms/ros2/CMakeFiles/px4__rosidl_typesupport_fastrtps_cpp.dir/rosidl_typesupport_fastrtps_cpp/px4/msg/detail/dds_fastrtps/debug_key_value__type_support.cpp.o[0m
[302.390s] [ 45%] [32mBuilding CXX object platforms/ros2/CMakeFiles/px4__rosidl_typesupport_fastrtps_c.dir/rosidl_typesupport_fastrtps_c/px4/msg/detail/dataman_request__type_support_c.cpp.o[0m
[302.528s] [ 45%] [32mBuilding CXX object platforms/ros2/CMakeFiles/px4__rosidl_typesupport_cpp.dir/rosidl_typesupport_cpp/px4/msg/heater_status__type_support.cpp.o[0m
[303.002s] [ 45%] [32mBuilding CXX object platforms/ros2/CMakeFiles/px4__rosidl_typesupport_cpp.dir/rosidl_typesupport_cpp/px4/msg/hover_thrust_estimate__type_support.cpp.o[0m
[303.044s] [ 45%] [32mBuilding CXX object platforms/ros2/CMakeFiles/px4__rosidl_typesupport_fastrtps_cpp.dir/rosidl_typesupport_fastrtps_cpp/px4/msg/detail/dds_fastrtps/debug_value__type_support.cpp.o[0m
[303.168s] [ 45%] [32mBuilding CXX object platforms/ros2/CMakeFiles/px4__rosidl_typesupport_fastrtps_c.dir/rosidl_typesupport_fastrtps_c/px4/msg/detail/dataman_response__type_support_c.cpp.o[0m
[303.478s] [ 45%] [32mBuilding CXX object platforms/ros2/CMakeFiles/px4__rosidl_typesupport_cpp.dir/rosidl_typesupport_cpp/px4/msg/input_rc__type_support.cpp.o[0m
[303.857s] [ 45%] [32mBuilding CXX object platforms/ros2/CMakeFiles/px4__rosidl_typesupport_fastrtps_cpp.dir/rosidl_typesupport_fastrtps_cpp/px4/msg/detail/dds_fastrtps/debug_vect__type_support.cpp.o[0m
[303.914s] [ 45%] [32mBuilding CXX object platforms/ros2/CMakeFiles/px4__rosidl_typesupport_fastrtps_c.dir/rosidl_typesupport_fastrtps_c/px4/msg/detail/debug_array__type_support_c.cpp.o[0m
[304.036s] [ 45%] [32mBuilding CXX object platforms/ros2/CMakeFiles/px4__rosidl_typesupport_cpp.dir/rosidl_typesupport_cpp/px4/msg/internal_combustion_engine_control__type_support.cpp.o[0m
[304.499s] [ 45%] [32mBuilding CXX object platforms/ros2/CMakeFiles/px4__rosidl_typesupport_cpp.dir/rosidl_typesupport_cpp/px4/msg/internal_combustion_engine_status__type_support.cpp.o[0m
[304.608s] [ 45%] [32mBuilding CXX object platforms/ros2/CMakeFiles/px4__rosidl_typesupport_fastrtps_cpp.dir/rosidl_typesupport_fastrtps_cpp/px4/msg/detail/dds_fastrtps/differential_pressure__type_support.cpp.o[0m
[304.640s] [ 45%] [32mBuilding CXX object platforms/ros2/CMakeFiles/px4__rosidl_typesupport_fastrtps_c.dir/rosidl_typesupport_fastrtps_c/px4/msg/detail/debug_key_value__type_support_c.cpp.o[0m
[304.963s] [ 45%] [32mBuilding CXX object platforms/ros2/CMakeFiles/px4__rosidl_typesupport_cpp.dir/rosidl_typesupport_cpp/px4/msg/iridiumsbd_status__type_support.cpp.o[0m
[305.385s] [ 45%] [32mBuilding CXX object platforms/ros2/CMakeFiles/px4__rosidl_typesupport_fastrtps_c.dir/rosidl_typesupport_fastrtps_c/px4/msg/detail/debug_value__type_support_c.cpp.o[0m
[305.391s] [ 45%] [32mBuilding CXX object platforms/ros2/CMakeFiles/px4__rosidl_typesupport_fastrtps_cpp.dir/rosidl_typesupport_fastrtps_cpp/px4/msg/detail/dds_fastrtps/differential_velocity_setpoint__type_support.cpp.o[0m
[305.435s] [ 45%] [32mBuilding CXX object platforms/ros2/CMakeFiles/px4__rosidl_typesupport_cpp.dir/rosidl_typesupport_cpp/px4/msg/irlock_report__type_support.cpp.o[0m
[305.906s] [ 45%] [32mBuilding CXX object platforms/ros2/CMakeFiles/px4__rosidl_typesupport_cpp.dir/rosidl_typesupport_cpp/px4/msg/landing_gear__type_support.cpp.o[0m
[306.116s] [ 45%] [32mBuilding CXX object platforms/ros2/CMakeFiles/px4__rosidl_typesupport_fastrtps_cpp.dir/rosidl_typesupport_fastrtps_cpp/px4/msg/detail/dds_fastrtps/distance_sensor__type_support.cpp.o[0m
[306.167s] [ 45%] [32mBuilding CXX object platforms/ros2/CMakeFiles/px4__rosidl_typesupport_fastrtps_c.dir/rosidl_typesupport_fastrtps_c/px4/msg/detail/debug_vect__type_support_c.cpp.o[0m
[306.367s] [ 45%] [32mBuilding CXX object platforms/ros2/CMakeFiles/px4__rosidl_typesupport_cpp.dir/rosidl_typesupport_cpp/px4/msg/landing_gear_wheel__type_support.cpp.o[0m
[306.830s] [ 45%] [32mBuilding CXX object platforms/ros2/CMakeFiles/px4__rosidl_typesupport_cpp.dir/rosidl_typesupport_cpp/px4/msg/landing_target_innovations__type_support.cpp.o[0m
[306.916s] [ 45%] [32mBuilding CXX object platforms/ros2/CMakeFiles/px4__rosidl_typesupport_fastrtps_c.dir/rosidl_typesupport_fastrtps_c/px4/msg/detail/differential_pressure__type_support_c.cpp.o[0m
[306.920s] [ 45%] [32mBuilding CXX object platforms/ros2/CMakeFiles/px4__rosidl_typesupport_fastrtps_cpp.dir/rosidl_typesupport_fastrtps_cpp/px4/msg/detail/dds_fastrtps/distance_sensor_mode_change_request__type_support.cpp.o[0m
[307.308s] [ 45%] [32mBuilding CXX object platforms/ros2/CMakeFiles/px4__rosidl_typesupport_cpp.dir/rosidl_typesupport_cpp/px4/msg/landing_target_pose__type_support.cpp.o[0m
[307.632s] [ 45%] [32mBuilding CXX object platforms/ros2/CMakeFiles/px4__rosidl_typesupport_fastrtps_cpp.dir/rosidl_typesupport_fastrtps_cpp/px4/msg/detail/dds_fastrtps/ekf2_timestamps__type_support.cpp.o[0m
[307.682s] [ 45%] [32mBuilding CXX object platforms/ros2/CMakeFiles/px4__rosidl_typesupport_fastrtps_c.dir/rosidl_typesupport_fastrtps_c/px4/msg/detail/differential_velocity_setpoint__type_support_c.cpp.o[0m
[307.779s] [ 45%] [32mBuilding CXX object platforms/ros2/CMakeFiles/px4__rosidl_typesupport_cpp.dir/rosidl_typesupport_cpp/px4/msg/launch_detection_status__type_support.cpp.o[0m
[308.254s] [ 45%] [32mBuilding CXX object platforms/ros2/CMakeFiles/px4__rosidl_typesupport_cpp.dir/rosidl_typesupport_cpp/px4/msg/led_control__type_support.cpp.o[0m
[308.385s] [ 45%] [32mBuilding CXX object platforms/ros2/CMakeFiles/px4__rosidl_typesupport_fastrtps_cpp.dir/rosidl_typesupport_fastrtps_cpp/px4/msg/detail/dds_fastrtps/esc_report__type_support.cpp.o[0m
[308.421s] [ 45%] [32mBuilding CXX object platforms/ros2/CMakeFiles/px4__rosidl_typesupport_fastrtps_c.dir/rosidl_typesupport_fastrtps_c/px4/msg/detail/distance_sensor__type_support_c.cpp.o[0m
[308.720s] [ 45%] [32mBuilding CXX object platforms/ros2/CMakeFiles/px4__rosidl_typesupport_cpp.dir/rosidl_typesupport_cpp/px4/msg/log_message__type_support.cpp.o[0m
[309.193s] [ 45%] [32mBuilding CXX object platforms/ros2/CMakeFiles/px4__rosidl_typesupport_fastrtps_cpp.dir/rosidl_typesupport_fastrtps_cpp/px4/msg/detail/dds_fastrtps/esc_status__type_support.cpp.o[0m
[309.200s] [ 45%] [32mBuilding CXX object platforms/ros2/CMakeFiles/px4__rosidl_typesupport_cpp.dir/rosidl_typesupport_cpp/px4/msg/logger_status__type_support.cpp.o[0m
[309.295s] [ 45%] [32mBuilding CXX object platforms/ros2/CMakeFiles/px4__rosidl_typesupport_fastrtps_c.dir/rosidl_typesupport_fastrtps_c/px4/msg/detail/distance_sensor_mode_change_request__type_support_c.cpp.o[0m
[309.657s] [ 45%] [32mBuilding CXX object platforms/ros2/CMakeFiles/px4__rosidl_typesupport_cpp.dir/rosidl_typesupport_cpp/px4/msg/mag_worker_data__type_support.cpp.o[0m
[310.009s] [ 45%] [32mBuilding CXX object platforms/ros2/CMakeFiles/px4__rosidl_typesupport_fastrtps_c.dir/rosidl_typesupport_fastrtps_c/px4/msg/detail/ekf2_timestamps__type_support_c.cpp.o[0m
[310.088s] [ 45%] [32mBuilding CXX object platforms/ros2/CMakeFiles/px4__rosidl_typesupport_fastrtps_cpp.dir/rosidl_typesupport_fastrtps_cpp/px4/msg/detail/dds_fastrtps/estimator_aid_source1d__type_support.cpp.o[0m
[310.124s] [ 45%] [32mBuilding CXX object platforms/ros2/CMakeFiles/px4__rosidl_typesupport_cpp.dir/rosidl_typesupport_cpp/px4/msg/magnetometer_bias_estimate__type_support.cpp.o[0m
[310.578s] [ 45%] [32mBuilding CXX object platforms/ros2/CMakeFiles/px4__rosidl_typesupport_cpp.dir/rosidl_typesupport_cpp/px4/msg/manual_control_switches__type_support.cpp.o[0m
[310.754s] [ 45%] [32mBuilding CXX object platforms/ros2/CMakeFiles/px4__rosidl_typesupport_fastrtps_c.dir/rosidl_typesupport_fastrtps_c/px4/msg/detail/esc_report__type_support_c.cpp.o[0m
[310.952s] [ 45%] [32mBuilding CXX object platforms/ros2/CMakeFiles/px4__rosidl_typesupport_fastrtps_cpp.dir/rosidl_typesupport_fastrtps_cpp/px4/msg/detail/dds_fastrtps/estimator_aid_source2d__type_support.cpp.o[0m
[311.033s] [ 45%] [32mBuilding CXX object platforms/ros2/CMakeFiles/px4__rosidl_typesupport_cpp.dir/rosidl_typesupport_cpp/px4/msg/mavlink_log__type_support.cpp.o[0m
[311.487s] [ 46%] [32mBuilding CXX object platforms/ros2/CMakeFiles/px4__rosidl_typesupport_cpp.dir/rosidl_typesupport_cpp/px4/msg/mavlink_tunnel__type_support.cpp.o[0m
[311.581s] [ 46%] [32mBuilding CXX object platforms/ros2/CMakeFiles/px4__rosidl_typesupport_fastrtps_c.dir/rosidl_typesupport_fastrtps_c/px4/msg/detail/esc_status__type_support_c.cpp.o[0m
[311.838s] [ 46%] [32mBuilding CXX object platforms/ros2/CMakeFiles/px4__rosidl_typesupport_fastrtps_cpp.dir/rosidl_typesupport_fastrtps_cpp/px4/msg/detail/dds_fastrtps/estimator_aid_source3d__type_support.cpp.o[0m
[311.941s] [ 46%] [32mBuilding CXX object platforms/ros2/CMakeFiles/px4__rosidl_typesupport_cpp.dir/rosidl_typesupport_cpp/px4/msg/message_format_request__type_support.cpp.o[0m
[312.420s] [ 46%] [32mBuilding CXX object platforms/ros2/CMakeFiles/px4__rosidl_typesupport_cpp.dir/rosidl_typesupport_cpp/px4/msg/message_format_response__type_support.cpp.o[0m
[312.433s] [ 46%] [32mBuilding CXX object platforms/ros2/CMakeFiles/px4__rosidl_typesupport_fastrtps_c.dir/rosidl_typesupport_fastrtps_c/px4/msg/detail/estimator_aid_source1d__type_support_c.cpp.o[0m
[312.732s] [ 46%] [32mBuilding CXX object platforms/ros2/CMakeFiles/px4__rosidl_typesupport_fastrtps_cpp.dir/rosidl_typesupport_fastrtps_cpp/px4/msg/detail/dds_fastrtps/estimator_bias__type_support.cpp.o[0m
[312.954s] [ 46%] [32mBuilding CXX object platforms/ros2/CMakeFiles/px4__rosidl_typesupport_cpp.dir/rosidl_typesupport_cpp/px4/msg/mission__type_support.cpp.o[0m
[313.299s] [ 46%] [32mBuilding CXX object platforms/ros2/CMakeFiles/px4__rosidl_typesupport_fastrtps_c.dir/rosidl_typesupport_fastrtps_c/px4/msg/detail/estimator_aid_source2d__type_support_c.cpp.o[0m
[313.442s] [ 46%] [32mBuilding CXX object platforms/ros2/CMakeFiles/px4__rosidl_typesupport_cpp.dir/rosidl_typesupport_cpp/px4/msg/mission_result__type_support.cpp.o[0m
[313.688s] [ 46%] [32mBuilding CXX object platforms/ros2/CMakeFiles/px4__rosidl_typesupport_fastrtps_cpp.dir/rosidl_typesupport_fastrtps_cpp/px4/msg/detail/dds_fastrtps/estimator_bias3d__type_support.cpp.o[0m
[313.907s] [ 46%] [32mBuilding CXX object platforms/ros2/CMakeFiles/px4__rosidl_typesupport_cpp.dir/rosidl_typesupport_cpp/px4/msg/mount_orientation__type_support.cpp.o[0m
[314.097s] [ 46%] [32mBuilding CXX object platforms/ros2/CMakeFiles/px4__rosidl_typesupport_fastrtps_c.dir/rosidl_typesupport_fastrtps_c/px4/msg/detail/estimator_aid_source3d__type_support_c.cpp.o[0m
[314.364s] [ 46%] [32mBuilding CXX object platforms/ros2/CMakeFiles/px4__rosidl_typesupport_cpp.dir/rosidl_typesupport_cpp/px4/msg/navigator_mission_item__type_support.cpp.o[0m
[314.497s] [ 46%] [32mBuilding CXX object platforms/ros2/CMakeFiles/px4__rosidl_typesupport_fastrtps_cpp.dir/rosidl_typesupport_fastrtps_cpp/px4/msg/detail/dds_fastrtps/estimator_event_flags__type_support.cpp.o[0m
[314.851s] [ 46%] [32mBuilding CXX object platforms/ros2/CMakeFiles/px4__rosidl_typesupport_cpp.dir/rosidl_typesupport_cpp/px4/msg/navigator_status__type_support.cpp.o[0m
[314.895s] [ 46%] [32mBuilding CXX object platforms/ros2/CMakeFiles/px4__rosidl_typesupport_fastrtps_c.dir/rosidl_typesupport_fastrtps_c/px4/msg/detail/estimator_bias__type_support_c.cpp.o[0m
[315.318s] [ 46%] [32mBuilding CXX object platforms/ros2/CMakeFiles/px4__rosidl_typesupport_cpp.dir/rosidl_typesupport_cpp/px4/msg/normalized_unsigned_setpoint__type_support.cpp.o[0m
[315.383s] [ 46%] [32mBuilding CXX object platforms/ros2/CMakeFiles/px4__rosidl_typesupport_fastrtps_cpp.dir/rosidl_typesupport_fastrtps_cpp/px4/msg/detail/dds_fastrtps/estimator_gps_status__type_support.cpp.o[0m
[315.665s] [ 46%] [32mBuilding CXX object platforms/ros2/CMakeFiles/px4__rosidl_typesupport_fastrtps_c.dir/rosidl_typesupport_fastrtps_c/px4/msg/detail/estimator_bias3d__type_support_c.cpp.o[0m
[315.797s] [ 46%] [32mBuilding CXX object platforms/ros2/CMakeFiles/px4__rosidl_typesupport_cpp.dir/rosidl_typesupport_cpp/px4/msg/npfg_status__type_support.cpp.o[0m
[316.268s] [ 46%] [32mBuilding CXX object platforms/ros2/CMakeFiles/px4__rosidl_typesupport_fastrtps_cpp.dir/rosidl_typesupport_fastrtps_cpp/px4/msg/detail/dds_fastrtps/estimator_innovations__type_support.cpp.o[0m
[316.279s] [ 46%] [32mBuilding CXX object platforms/ros2/CMakeFiles/px4__rosidl_typesupport_cpp.dir/rosidl_typesupport_cpp/px4/msg/obstacle_distance__type_support.cpp.o[0m
[316.427s] [ 48%] [32mBuilding CXX object platforms/ros2/CMakeFiles/px4__rosidl_typesupport_fastrtps_c.dir/rosidl_typesupport_fastrtps_c/px4/msg/detail/estimator_event_flags__type_support_c.cpp.o[0m
[316.808s] [ 48%] [32mBuilding CXX object platforms/ros2/CMakeFiles/px4__rosidl_typesupport_cpp.dir/rosidl_typesupport_cpp/px4/msg/offboard_control_mode__type_support.cpp.o[0m
[317.313s] [ 49%] [32mBuilding CXX object platforms/ros2/CMakeFiles/px4__rosidl_typesupport_fastrtps_cpp.dir/rosidl_typesupport_fastrtps_cpp/px4/msg/detail/dds_fastrtps/estimator_selector_status__type_support.cpp.o[0m
[317.331s] [ 49%] [32mBuilding CXX object platforms/ros2/CMakeFiles/px4__rosidl_typesupport_cpp.dir/rosidl_typesupport_cpp/px4/msg/onboard_computer_status__type_support.cpp.o[0m
[317.420s] [ 49%] [32mBuilding CXX object platforms/ros2/CMakeFiles/px4__rosidl_typesupport_fastrtps_c.dir/rosidl_typesupport_fastrtps_c/px4/msg/detail/estimator_gps_status__type_support_c.cpp.o[0m
[317.801s] [ 49%] [32mBuilding CXX object platforms/ros2/CMakeFiles/px4__rosidl_typesupport_cpp.dir/rosidl_typesupport_cpp/px4/msg/open_drone_id_arm_status__type_support.cpp.o[0m
[318.225s] [ 49%] [32mBuilding CXX object platforms/ros2/CMakeFiles/px4__rosidl_typesupport_fastrtps_cpp.dir/rosidl_typesupport_fastrtps_cpp/px4/msg/detail/dds_fastrtps/estimator_sensor_bias__type_support.cpp.o[0m
[318.271s] [ 49%] [32mBuilding CXX object platforms/ros2/CMakeFiles/px4__rosidl_typesupport_fastrtps_c.dir/rosidl_typesupport_fastrtps_c/px4/msg/detail/estimator_innovations__type_support_c.cpp.o[0m
[318.275s] [ 49%] [32mBuilding CXX object platforms/ros2/CMakeFiles/px4__rosidl_typesupport_cpp.dir/rosidl_typesupport_cpp/px4/msg/open_drone_id_operator_id__type_support.cpp.o[0m
[318.741s] [ 49%] [32mBuilding CXX object platforms/ros2/CMakeFiles/px4__rosidl_typesupport_cpp.dir/rosidl_typesupport_cpp/px4/msg/open_drone_id_self_id__type_support.cpp.o[0m
[319.158s] [ 49%] [32mBuilding CXX object platforms/ros2/CMakeFiles/px4__rosidl_typesupport_fastrtps_cpp.dir/rosidl_typesupport_fastrtps_cpp/px4/msg/detail/dds_fastrtps/estimator_states__type_support.cpp.o[0m
[319.161s] [ 49%] [32mBuilding CXX object platforms/ros2/CMakeFiles/px4__rosidl_typesupport_fastrtps_c.dir/rosidl_typesupport_fastrtps_c/px4/msg/detail/estimator_selector_status__type_support_c.cpp.o[0m
[319.207s] [ 49%] [32mBuilding CXX object platforms/ros2/CMakeFiles/px4__rosidl_typesupport_cpp.dir/rosidl_typesupport_cpp/px4/msg/open_drone_id_system__type_support.cpp.o[0m
[319.669s] [ 49%] [32mBuilding CXX object platforms/ros2/CMakeFiles/px4__rosidl_typesupport_cpp.dir/rosidl_typesupport_cpp/px4/msg/orb_test__type_support.cpp.o[0m
[319.953s] [ 49%] [32mBuilding CXX object platforms/ros2/CMakeFiles/px4__rosidl_typesupport_fastrtps_cpp.dir/rosidl_typesupport_fastrtps_cpp/px4/msg/detail/dds_fastrtps/estimator_status__type_support.cpp.o[0m
[319.986s] [ 49%] [32mBuilding CXX object platforms/ros2/CMakeFiles/px4__rosidl_typesupport_fastrtps_c.dir/rosidl_typesupport_fastrtps_c/px4/msg/detail/estimator_sensor_bias__type_support_c.cpp.o[0m
[320.132s] [ 49%] [32mBuilding CXX object platforms/ros2/CMakeFiles/px4__rosidl_typesupport_cpp.dir/rosidl_typesupport_cpp/px4/msg/orb_test_large__type_support.cpp.o[0m
[320.591s] [ 49%] [32mBuilding CXX object platforms/ros2/CMakeFiles/px4__rosidl_typesupport_cpp.dir/rosidl_typesupport_cpp/px4/msg/orb_test_medium__type_support.cpp.o[0m
[320.806s] [ 49%] [32mBuilding CXX object platforms/ros2/CMakeFiles/px4__rosidl_typesupport_fastrtps_c.dir/rosidl_typesupport_fastrtps_c/px4/msg/detail/estimator_states__type_support_c.cpp.o[0m
[321.016s] [ 49%] [32mBuilding CXX object platforms/ros2/CMakeFiles/px4__rosidl_typesupport_fastrtps_cpp.dir/rosidl_typesupport_fastrtps_cpp/px4/msg/detail/dds_fastrtps/estimator_status_flags__type_support.cpp.o[0m
[321.056s] [ 49%] [32mBuilding CXX object platforms/ros2/CMakeFiles/px4__rosidl_typesupport_cpp.dir/rosidl_typesupport_cpp/px4/msg/orbit_status__type_support.cpp.o[0m
[321.520s] [ 49%] [32mBuilding CXX object platforms/ros2/CMakeFiles/px4__rosidl_typesupport_cpp.dir/rosidl_typesupport_cpp/px4/msg/parameter_reset_request__type_support.cpp.o[0m
[321.664s] [ 49%] [32mBuilding CXX object platforms/ros2/CMakeFiles/px4__rosidl_typesupport_fastrtps_c.dir/rosidl_typesupport_fastrtps_c/px4/msg/detail/estimator_status__type_support_c.cpp.o[0m
[321.990s] [ 49%] [32mBuilding CXX object platforms/ros2/CMakeFiles/px4__rosidl_typesupport_cpp.dir/rosidl_typesupport_cpp/px4/msg/parameter_set_used_request__type_support.cpp.o[0m
[322.198s] [ 49%] [32mBuilding CXX object platforms/ros2/CMakeFiles/px4__rosidl_typesupport_fastrtps_cpp.dir/rosidl_typesupport_fastrtps_cpp/px4/msg/detail/dds_fastrtps/event__type_support.cpp.o[0m
[322.441s] [ 49%] [32mBuilding CXX object platforms/ros2/CMakeFiles/px4__rosidl_typesupport_cpp.dir/rosidl_typesupport_cpp/px4/msg/parameter_set_value_request__type_support.cpp.o[0m
[322.692s] [ 49%] [32mBuilding CXX object platforms/ros2/CMakeFiles/px4__rosidl_typesupport_fastrtps_c.dir/rosidl_typesupport_fastrtps_c/px4/msg/detail/estimator_status_flags__type_support_c.cpp.o[0m
[322.907s] [ 49%] [32mBuilding CXX object platforms/ros2/CMakeFiles/px4__rosidl_typesupport_cpp.dir/rosidl_typesupport_cpp/px4/msg/parameter_set_value_response__type_support.cpp.o[0m
[322.988s] [ 49%] [32mBuilding CXX object platforms/ros2/CMakeFiles/px4__rosidl_typesupport_fastrtps_cpp.dir/rosidl_typesupport_fastrtps_cpp/px4/msg/detail/dds_fastrtps/failsafe_flags__type_support.cpp.o[0m
[323.363s] [ 49%] [32mBuilding CXX object platforms/ros2/CMakeFiles/px4__rosidl_typesupport_cpp.dir/rosidl_typesupport_cpp/px4/msg/parameter_update__type_support.cpp.o[0m
[323.831s] [ 49%] [32mBuilding CXX object platforms/ros2/CMakeFiles/px4__rosidl_typesupport_cpp.dir/rosidl_typesupport_cpp/px4/msg/ping__type_support.cpp.o[0m
[323.968s] [ 49%] [32mBuilding CXX object platforms/ros2/CMakeFiles/px4__rosidl_typesupport_fastrtps_c.dir/rosidl_typesupport_fastrtps_c/px4/msg/detail/event__type_support_c.cpp.o[0m
[323.974s] [ 49%] [32mBuilding CXX object platforms/ros2/CMakeFiles/px4__rosidl_typesupport_fastrtps_cpp.dir/rosidl_typesupport_fastrtps_cpp/px4/msg/detail/dds_fastrtps/failure_detector_status__type_support.cpp.o[0m
[324.290s] [ 49%] [32mBuilding CXX object platforms/ros2/CMakeFiles/px4__rosidl_typesupport_cpp.dir/rosidl_typesupport_cpp/px4/msg/position_controller_landing_status__type_support.cpp.o[0m
[324.700s] [ 49%] [32mBuilding CXX object platforms/ros2/CMakeFiles/px4__rosidl_typesupport_fastrtps_c.dir/rosidl_typesupport_fastrtps_c/px4/msg/detail/failsafe_flags__type_support_c.cpp.o[0m
[324.744s] [ 49%] [32mBuilding CXX object platforms/ros2/CMakeFiles/px4__rosidl_typesupport_cpp.dir/rosidl_typesupport_cpp/px4/msg/position_controller_status__type_support.cpp.o[0m
[324.793s] [ 49%] [32mBuilding CXX object platforms/ros2/CMakeFiles/px4__rosidl_typesupport_fastrtps_cpp.dir/rosidl_typesupport_fastrtps_cpp/px4/msg/detail/dds_fastrtps/figure_eight_status__type_support.cpp.o[0m
[325.203s] [ 50%] [32mBuilding CXX object platforms/ros2/CMakeFiles/px4__rosidl_typesupport_cpp.dir/rosidl_typesupport_cpp/px4/msg/position_setpoint__type_support.cpp.o[0m
[325.605s] [ 50%] [32mBuilding CXX object platforms/ros2/CMakeFiles/px4__rosidl_typesupport_fastrtps_cpp.dir/rosidl_typesupport_fastrtps_cpp/px4/msg/detail/dds_fastrtps/flight_phase_estimation__type_support.cpp.o[0m
[325.678s] [ 50%] [32mBuilding CXX object platforms/ros2/CMakeFiles/px4__rosidl_typesupport_cpp.dir/rosidl_typesupport_cpp/px4/msg/position_setpoint_triplet__type_support.cpp.o[0m
[325.679s] [ 50%] [32mBuilding CXX object platforms/ros2/CMakeFiles/px4__rosidl_typesupport_fastrtps_c.dir/rosidl_typesupport_fastrtps_c/px4/msg/detail/failure_detector_status__type_support_c.cpp.o[0m
[326.135s] [ 50%] [32mBuilding CXX object platforms/ros2/CMakeFiles/px4__rosidl_typesupport_cpp.dir/rosidl_typesupport_cpp/px4/msg/power_button_state__type_support.cpp.o[0m
[326.356s] [ 50%] [32mBuilding CXX object platforms/ros2/CMakeFiles/px4__rosidl_typesupport_fastrtps_cpp.dir/rosidl_typesupport_fastrtps_cpp/px4/msg/detail/dds_fastrtps/follow_target__type_support.cpp.o[0m
[326.457s] [ 50%] [32mBuilding CXX object platforms/ros2/CMakeFiles/px4__rosidl_typesupport_fastrtps_c.dir/rosidl_typesupport_fastrtps_c/px4/msg/detail/figure_eight_status__type_support_c.cpp.o[0m
[326.589s] [ 50%] [32mBuilding CXX object platforms/ros2/CMakeFiles/px4__rosidl_typesupport_cpp.dir/rosidl_typesupport_cpp/px4/msg/power_monitor__type_support.cpp.o[0m
[327.045s] [ 50%] [32mBuilding CXX object platforms/ros2/CMakeFiles/px4__rosidl_typesupport_cpp.dir/rosidl_typesupport_cpp/px4/msg/pps_capture__type_support.cpp.o[0m
[327.184s] [ 50%] [32mBuilding CXX object platforms/ros2/CMakeFiles/px4__rosidl_typesupport_fastrtps_cpp.dir/rosidl_typesupport_fastrtps_cpp/px4/msg/detail/dds_fastrtps/follow_target_estimator__type_support.cpp.o[0m
[327.226s] [ 50%] [32mBuilding CXX object platforms/ros2/CMakeFiles/px4__rosidl_typesupport_fastrtps_c.dir/rosidl_typesupport_fastrtps_c/px4/msg/detail/flight_phase_estimation__type_support_c.cpp.o[0m
[327.497s] [ 50%] [32mBuilding CXX object platforms/ros2/CMakeFiles/px4__rosidl_typesupport_cpp.dir/rosidl_typesupport_cpp/px4/msg/pure_pursuit_status__type_support.cpp.o[0m
[327.943s] [ 50%] [32mBuilding CXX object platforms/ros2/CMakeFiles/px4__rosidl_typesupport_fastrtps_c.dir/rosidl_typesupport_fastrtps_c/px4/msg/detail/follow_target__type_support_c.cpp.o[0m
[327.950s] [ 50%] [32mBuilding CXX object platforms/ros2/CMakeFiles/px4__rosidl_typesupport_cpp.dir/rosidl_typesupport_cpp/px4/msg/pwm_input__type_support.cpp.o[0m
[328.070s] [ 50%] [32mBuilding CXX object platforms/ros2/CMakeFiles/px4__rosidl_typesupport_fastrtps_cpp.dir/rosidl_typesupport_fastrtps_cpp/px4/msg/detail/dds_fastrtps/follow_target_status__type_support.cpp.o[0m
[328.405s] [ 50%] [32mBuilding CXX object platforms/ros2/CMakeFiles/px4__rosidl_typesupport_cpp.dir/rosidl_typesupport_cpp/px4/msg/px4io_status__type_support.cpp.o[0m
[328.731s] [ 50%] [32mBuilding CXX object platforms/ros2/CMakeFiles/px4__rosidl_typesupport_fastrtps_c.dir/rosidl_typesupport_fastrtps_c/px4/msg/detail/follow_target_estimator__type_support_c.cpp.o[0m
[328.856s] [ 50%] [32mBuilding CXX object platforms/ros2/CMakeFiles/px4__rosidl_typesupport_fastrtps_cpp.dir/rosidl_typesupport_fastrtps_cpp/px4/msg/detail/dds_fastrtps/fuel_tank_status__type_support.cpp.o[0m
[328.864s] [ 50%] [32mBuilding CXX object platforms/ros2/CMakeFiles/px4__rosidl_typesupport_cpp.dir/rosidl_typesupport_cpp/px4/msg/qshell_req__type_support.cpp.o[0m
[329.323s] [ 50%] [32mBuilding CXX object platforms/ros2/CMakeFiles/px4__rosidl_typesupport_cpp.dir/rosidl_typesupport_cpp/px4/msg/qshell_retval__type_support.cpp.o[0m
[329.507s] [ 50%] [32mBuilding CXX object platforms/ros2/CMakeFiles/px4__rosidl_typesupport_fastrtps_c.dir/rosidl_typesupport_fastrtps_c/px4/msg/detail/follow_target_status__type_support_c.cpp.o[0m
[329.665s] [ 50%] [32mBuilding CXX object platforms/ros2/CMakeFiles/px4__rosidl_typesupport_fastrtps_cpp.dir/rosidl_typesupport_fastrtps_cpp/px4/msg/detail/dds_fastrtps/generator_status__type_support.cpp.o[0m
[329.781s] [ 50%] [32mBuilding CXX object platforms/ros2/CMakeFiles/px4__rosidl_typesupport_cpp.dir/rosidl_typesupport_cpp/px4/msg/radio_status__type_support.cpp.o[0m
[330.241s] [ 50%] [32mBuilding CXX object platforms/ros2/CMakeFiles/px4__rosidl_typesupport_cpp.dir/rosidl_typesupport_cpp/px4/msg/rate_ctrl_status__type_support.cpp.o[0m
[330.264s] [ 50%] [32mBuilding CXX object platforms/ros2/CMakeFiles/px4__rosidl_typesupport_fastrtps_c.dir/rosidl_typesupport_fastrtps_c/px4/msg/detail/fuel_tank_status__type_support_c.cpp.o[0m
[330.495s] [ 50%] [32mBuilding CXX object platforms/ros2/CMakeFiles/px4__rosidl_typesupport_fastrtps_cpp.dir/rosidl_typesupport_fastrtps_cpp/px4/msg/detail/dds_fastrtps/geofence_result__type_support.cpp.o[0m
[330.691s] [ 50%] [32mBuilding CXX object platforms/ros2/CMakeFiles/px4__rosidl_typesupport_cpp.dir/rosidl_typesupport_cpp/px4/msg/rc_channels__type_support.cpp.o[0m
[331.026s] [ 50%] [32mBuilding CXX object platforms/ros2/CMakeFiles/px4__rosidl_typesupport_fastrtps_c.dir/rosidl_typesupport_fastrtps_c/px4/msg/detail/generator_status__type_support_c.cpp.o[0m
[331.151s] [ 50%] [32mBuilding CXX object platforms/ros2/CMakeFiles/px4__rosidl_typesupport_cpp.dir/rosidl_typesupport_cpp/px4/msg/rc_parameter_map__type_support.cpp.o[0m
[331.249s] [ 50%] [32mBuilding CXX object platforms/ros2/CMakeFiles/px4__rosidl_typesupport_fastrtps_cpp.dir/rosidl_typesupport_fastrtps_cpp/px4/msg/detail/dds_fastrtps/geofence_status__type_support.cpp.o[0m
[331.623s] [ 50%] [32mBuilding CXX object platforms/ros2/CMakeFiles/px4__rosidl_typesupport_cpp.dir/rosidl_typesupport_cpp/px4/msg/rover_attitude_setpoint__type_support.cpp.o[0m
[331.812s] [ 50%] [32mBuilding CXX object platforms/ros2/CMakeFiles/px4__rosidl_typesupport_fastrtps_c.dir/rosidl_typesupport_fastrtps_c/px4/msg/detail/geofence_result__type_support_c.cpp.o[0m
[331.994s] [ 50%] [32mBuilding CXX object platforms/ros2/CMakeFiles/px4__rosidl_typesupport_fastrtps_cpp.dir/rosidl_typesupport_fastrtps_cpp/px4/msg/detail/dds_fastrtps/gimbal_controls__type_support.cpp.o[0m
[332.090s] [ 50%] [32mBuilding CXX object platforms/ros2/CMakeFiles/px4__rosidl_typesupport_cpp.dir/rosidl_typesupport_cpp/px4/msg/rover_attitude_status__type_support.cpp.o[0m
[332.552s] [ 50%] [32mBuilding CXX object platforms/ros2/CMakeFiles/px4__rosidl_typesupport_fastrtps_c.dir/rosidl_typesupport_fastrtps_c/px4/msg/detail/geofence_status__type_support_c.cpp.o[0m
[332.559s] [ 50%] [32mBuilding CXX object platforms/ros2/CMakeFiles/px4__rosidl_typesupport_cpp.dir/rosidl_typesupport_cpp/px4/msg/rover_position_setpoint__type_support.cpp.o[0m
[332.767s] [ 50%] [32mBuilding CXX object platforms/ros2/CMakeFiles/px4__rosidl_typesupport_fastrtps_cpp.dir/rosidl_typesupport_fastrtps_cpp/px4/msg/detail/dds_fastrtps/gimbal_device_attitude_status__type_support.cpp.o[0m
[333.029s] [ 50%] [32mBuilding CXX object platforms/ros2/CMakeFiles/px4__rosidl_typesupport_cpp.dir/rosidl_typesupport_cpp/px4/msg/rover_rate_setpoint__type_support.cpp.o[0m
[333.277s] [ 50%] [32mBuilding CXX object platforms/ros2/CMakeFiles/px4__rosidl_typesupport_fastrtps_c.dir/rosidl_typesupport_fastrtps_c/px4/msg/detail/gimbal_controls__type_support_c.cpp.o[0m
[333.572s] [ 50%] [32mBuilding CXX object platforms/ros2/CMakeFiles/px4__rosidl_typesupport_cpp.dir/rosidl_typesupport_cpp/px4/msg/rover_rate_status__type_support.cpp.o[0m
[333.748s] [ 50%] [32mBuilding CXX object platforms/ros2/CMakeFiles/px4__rosidl_typesupport_fastrtps_cpp.dir/rosidl_typesupport_fastrtps_cpp/px4/msg/detail/dds_fastrtps/gimbal_device_information__type_support.cpp.o[0m
[334.034s] [ 50%] [32mBuilding CXX object platforms/ros2/CMakeFiles/px4__rosidl_typesupport_cpp.dir/rosidl_typesupport_cpp/px4/msg/rover_steering_setpoint__type_support.cpp.o[0m
[334.094s] [ 50%] [32mBuilding CXX object platforms/ros2/CMakeFiles/px4__rosidl_typesupport_fastrtps_c.dir/rosidl_typesupport_fastrtps_c/px4/msg/detail/gimbal_device_attitude_status__type_support_c.cpp.o[0m
[334.509s] [ 50%] [32mBuilding CXX object platforms/ros2/CMakeFiles/px4__rosidl_typesupport_cpp.dir/rosidl_typesupport_cpp/px4/msg/rover_throttle_setpoint__type_support.cpp.o[0m
[334.637s] [ 50%] [32mBuilding CXX object platforms/ros2/CMakeFiles/px4__rosidl_typesupport_fastrtps_cpp.dir/rosidl_typesupport_fastrtps_cpp/px4/msg/detail/dds_fastrtps/gimbal_device_set_attitude__type_support.cpp.o[0m
[334.914s] [ 50%] [32mBuilding CXX object platforms/ros2/CMakeFiles/px4__rosidl_typesupport_fastrtps_c.dir/rosidl_typesupport_fastrtps_c/px4/msg/detail/gimbal_device_information__type_support_c.cpp.o[0m
[334.974s] [ 50%] [32mBuilding CXX object platforms/ros2/CMakeFiles/px4__rosidl_typesupport_cpp.dir/rosidl_typesupport_cpp/px4/msg/rover_velocity_status__type_support.cpp.o[0m
[335.438s] [ 50%] [32mBuilding CXX object platforms/ros2/CMakeFiles/px4__rosidl_typesupport_cpp.dir/rosidl_typesupport_cpp/px4/msg/rpm__type_support.cpp.o[0m
[335.438s] [ 50%] [32mBuilding CXX object platforms/ros2/CMakeFiles/px4__rosidl_typesupport_fastrtps_cpp.dir/rosidl_typesupport_fastrtps_cpp/px4/msg/detail/dds_fastrtps/gimbal_manager_information__type_support.cpp.o[0m
[335.727s] [ 50%] [32mBuilding CXX object platforms/ros2/CMakeFiles/px4__rosidl_typesupport_fastrtps_c.dir/rosidl_typesupport_fastrtps_c/px4/msg/detail/gimbal_device_set_attitude__type_support_c.cpp.o[0m
[335.909s] [ 50%] [32mBuilding CXX object platforms/ros2/CMakeFiles/px4__rosidl_typesupport_cpp.dir/rosidl_typesupport_cpp/px4/msg/rtl_status__type_support.cpp.o[0m
[336.209s] [ 50%] [32mBuilding CXX object platforms/ros2/CMakeFiles/px4__rosidl_typesupport_fastrtps_cpp.dir/rosidl_typesupport_fastrtps_cpp/px4/msg/detail/dds_fastrtps/gimbal_manager_set_attitude__type_support.cpp.o[0m
[336.396s] [ 50%] [32mBuilding CXX object platforms/ros2/CMakeFiles/px4__rosidl_typesupport_cpp.dir/rosidl_typesupport_cpp/px4/msg/rtl_time_estimate__type_support.cpp.o[0m
[336.491s] [ 50%] [32mBuilding CXX object platforms/ros2/CMakeFiles/px4__rosidl_typesupport_fastrtps_c.dir/rosidl_typesupport_fastrtps_c/px4/msg/detail/gimbal_manager_information__type_support_c.cpp.o[0m
[336.865s] [ 50%] [32mBuilding CXX object platforms/ros2/CMakeFiles/px4__rosidl_typesupport_cpp.dir/rosidl_typesupport_cpp/px4/msg/satellite_info__type_support.cpp.o[0m
[337.020s] [ 50%] [32mBuilding CXX object platforms/ros2/CMakeFiles/px4__rosidl_typesupport_fastrtps_cpp.dir/rosidl_typesupport_fastrtps_cpp/px4/msg/detail/dds_fastrtps/gimbal_manager_set_manual_control__type_support.cpp.o[0m
[337.255s] [ 50%] [32mBuilding CXX object platforms/ros2/CMakeFiles/px4__rosidl_typesupport_fastrtps_c.dir/rosidl_typesupport_fastrtps_c/px4/msg/detail/gimbal_manager_set_attitude__type_support_c.cpp.o[0m
[337.339s] [ 50%] [32mBuilding CXX object platforms/ros2/CMakeFiles/px4__rosidl_typesupport_cpp.dir/rosidl_typesupport_cpp/px4/msg/sensor_accel__type_support.cpp.o[0m
[337.821s] [ 50%] [32mBuilding CXX object platforms/ros2/CMakeFiles/px4__rosidl_typesupport_cpp.dir/rosidl_typesupport_cpp/px4/msg/sensor_accel_fifo__type_support.cpp.o[0m
[337.831s] [ 50%] [32mBuilding CXX object platforms/ros2/CMakeFiles/px4__rosidl_typesupport_fastrtps_cpp.dir/rosidl_typesupport_fastrtps_cpp/px4/msg/detail/dds_fastrtps/gimbal_manager_status__type_support.cpp.o[0m
[338.040s] [ 50%] [32mBuilding CXX object platforms/ros2/CMakeFiles/px4__rosidl_typesupport_fastrtps_c.dir/rosidl_typesupport_fastrtps_c/px4/msg/detail/gimbal_manager_set_manual_control__type_support_c.cpp.o[0m
[338.292s] [ 50%] [32mBuilding CXX object platforms/ros2/CMakeFiles/px4__rosidl_typesupport_cpp.dir/rosidl_typesupport_cpp/px4/msg/sensor_airflow__type_support.cpp.o[0m
[338.611s] [ 50%] [32mBuilding CXX object platforms/ros2/CMakeFiles/px4__rosidl_typesupport_fastrtps_cpp.dir/rosidl_typesupport_fastrtps_cpp/px4/msg/detail/dds_fastrtps/gpio_config__type_support.cpp.o[0m
[338.763s] [ 51%] [32mBuilding CXX object platforms/ros2/CMakeFiles/px4__rosidl_typesupport_cpp.dir/rosidl_typesupport_cpp/px4/msg/sensor_baro__type_support.cpp.o[0m
[338.859s] [ 51%] [32mBuilding CXX object platforms/ros2/CMakeFiles/px4__rosidl_typesupport_fastrtps_c.dir/rosidl_typesupport_fastrtps_c/px4/msg/detail/gimbal_manager_status__type_support_c.cpp.o[0m
[339.235s] [ 51%] [32mBuilding CXX object platforms/ros2/CMakeFiles/px4__rosidl_typesupport_cpp.dir/rosidl_typesupport_cpp/px4/msg/sensor_combined__type_support.cpp.o[0m
[339.390s] [ 51%] [32mBuilding CXX object platforms/ros2/CMakeFiles/px4__rosidl_typesupport_fastrtps_cpp.dir/rosidl_typesupport_fastrtps_cpp/px4/msg/detail/dds_fastrtps/gpio_in__type_support.cpp.o[0m
[339.629s] [ 51%] [32mBuilding CXX object platforms/ros2/CMakeFiles/px4__rosidl_typesupport_fastrtps_c.dir/rosidl_typesupport_fastrtps_c/px4/msg/detail/gpio_config__type_support_c.cpp.o[0m
[339.717s] [ 51%] [32mBuilding CXX object platforms/ros2/CMakeFiles/px4__rosidl_typesupport_cpp.dir/rosidl_typesupport_cpp/px4/msg/sensor_correction__type_support.cpp.o[0m
[340.126s] [ 51%] [32mBuilding CXX object platforms/ros2/CMakeFiles/px4__rosidl_typesupport_fastrtps_cpp.dir/rosidl_typesupport_fastrtps_cpp/px4/msg/detail/dds_fastrtps/gpio_out__type_support.cpp.o[0m
[340.187s] [ 51%] [32mBuilding CXX object platforms/ros2/CMakeFiles/px4__rosidl_typesupport_cpp.dir/rosidl_typesupport_cpp/px4/msg/sensor_gnss_relative__type_support.cpp.o[0m
[340.413s] [ 53%] [32mBuilding CXX object platforms/ros2/CMakeFiles/px4__rosidl_typesupport_fastrtps_c.dir/rosidl_typesupport_fastrtps_c/px4/msg/detail/gpio_in__type_support_c.cpp.o[0m
[340.649s] [ 53%] [32mBuilding CXX object platforms/ros2/CMakeFiles/px4__rosidl_typesupport_cpp.dir/rosidl_typesupport_cpp/px4/msg/sensor_gps__type_support.cpp.o[0m
[340.895s] [ 53%] [32mBuilding CXX object platforms/ros2/CMakeFiles/px4__rosidl_typesupport_fastrtps_cpp.dir/rosidl_typesupport_fastrtps_cpp/px4/msg/detail/dds_fastrtps/gpio_request__type_support.cpp.o[0m
[341.129s] [ 53%] [32mBuilding CXX object platforms/ros2/CMakeFiles/px4__rosidl_typesupport_cpp.dir/rosidl_typesupport_cpp/px4/msg/sensor_gyro__type_support.cpp.o[0m
[341.160s] [ 53%] [32mBuilding CXX object platforms/ros2/CMakeFiles/px4__rosidl_typesupport_fastrtps_c.dir/rosidl_typesupport_fastrtps_c/px4/msg/detail/gpio_out__type_support_c.cpp.o[0m
[341.606s] [ 53%] [32mBuilding CXX object platforms/ros2/CMakeFiles/px4__rosidl_typesupport_cpp.dir/rosidl_typesupport_cpp/px4/msg/sensor_gyro_fft__type_support.cpp.o[0m
[341.624s] [ 54%] [32mBuilding CXX object platforms/ros2/CMakeFiles/px4__rosidl_typesupport_fastrtps_cpp.dir/rosidl_typesupport_fastrtps_cpp/px4/msg/detail/dds_fastrtps/gps_dump__type_support.cpp.o[0m
[341.893s] [ 54%] [32mBuilding CXX object platforms/ros2/CMakeFiles/px4__rosidl_typesupport_fastrtps_c.dir/rosidl_typesupport_fastrtps_c/px4/msg/detail/gpio_request__type_support_c.cpp.o[0m
[342.077s] [ 54%] [32mBuilding CXX object platforms/ros2/CMakeFiles/px4__rosidl_typesupport_cpp.dir/rosidl_typesupport_cpp/px4/msg/sensor_gyro_fifo__type_support.cpp.o[0m
[342.387s] [ 54%] [32mBuilding CXX object platforms/ros2/CMakeFiles/px4__rosidl_typesupport_fastrtps_cpp.dir/rosidl_typesupport_fastrtps_cpp/px4/msg/detail/dds_fastrtps/gps_inject_data__type_support.cpp.o[0m
[342.554s] [ 54%] [32mBuilding CXX object platforms/ros2/CMakeFiles/px4__rosidl_typesupport_cpp.dir/rosidl_typesupport_cpp/px4/msg/sensor_hygrometer__type_support.cpp.o[0m
[342.608s] [ 54%] [32mBuilding CXX object platforms/ros2/CMakeFiles/px4__rosidl_typesupport_fastrtps_c.dir/rosidl_typesupport_fastrtps_c/px4/msg/detail/gps_dump__type_support_c.cpp.o[0m
[343.032s] [ 54%] [32mBuilding CXX object platforms/ros2/CMakeFiles/px4__rosidl_typesupport_cpp.dir/rosidl_typesupport_cpp/px4/msg/sensor_mag__type_support.cpp.o[0m
[343.145s] [ 54%] [32mBuilding CXX object platforms/ros2/CMakeFiles/px4__rosidl_typesupport_fastrtps_cpp.dir/rosidl_typesupport_fastrtps_cpp/px4/msg/detail/dds_fastrtps/gripper__type_support.cpp.o[0m
[343.329s] [ 54%] [32mBuilding CXX object platforms/ros2/CMakeFiles/px4__rosidl_typesupport_fastrtps_c.dir/rosidl_typesupport_fastrtps_c/px4/msg/detail/gps_inject_data__type_support_c.cpp.o[0m
[343.512s] [ 54%] [32mBuilding CXX object platforms/ros2/CMakeFiles/px4__rosidl_typesupport_cpp.dir/rosidl_typesupport_cpp/px4/msg/sensor_optical_flow__type_support.cpp.o[0m
[343.895s] [ 54%] [32mBuilding CXX object platforms/ros2/CMakeFiles/px4__rosidl_typesupport_fastrtps_cpp.dir/rosidl_typesupport_fastrtps_cpp/px4/msg/detail/dds_fastrtps/health_report__type_support.cpp.o[0m
[343.989s] [ 54%] [32mBuilding CXX object platforms/ros2/CMakeFiles/px4__rosidl_typesupport_cpp.dir/rosidl_typesupport_cpp/px4/msg/sensor_preflight_mag__type_support.cpp.o[0m
[344.074s] [ 54%] [32mBuilding CXX object platforms/ros2/CMakeFiles/px4__rosidl_typesupport_fastrtps_c.dir/rosidl_typesupport_fastrtps_c/px4/msg/detail/gripper__type_support_c.cpp.o[0m
[344.446s] [ 54%] [32mBuilding CXX object platforms/ros2/CMakeFiles/px4__rosidl_typesupport_cpp.dir/rosidl_typesupport_cpp/px4/msg/sensor_selection__type_support.cpp.o[0m
[344.688s] [ 54%] [32mBuilding CXX object platforms/ros2/CMakeFiles/px4__rosidl_typesupport_fastrtps_cpp.dir/rosidl_typesupport_fastrtps_cpp/px4/msg/detail/dds_fastrtps/heater_status__type_support.cpp.o[0m
[344.799s] [ 54%] [32mBuilding CXX object platforms/ros2/CMakeFiles/px4__rosidl_typesupport_fastrtps_c.dir/rosidl_typesupport_fastrtps_c/px4/msg/detail/health_report__type_support_c.cpp.o[0m
[344.924s] [ 54%] [32mBuilding CXX object platforms/ros2/CMakeFiles/px4__rosidl_typesupport_cpp.dir/rosidl_typesupport_cpp/px4/msg/sensor_uwb__type_support.cpp.o[0m
[345.399s] [ 54%] [32mBuilding CXX object platforms/ros2/CMakeFiles/px4__rosidl_typesupport_cpp.dir/rosidl_typesupport_cpp/px4/msg/sensors_status__type_support.cpp.o[0m
[345.508s] [ 54%] [32mBuilding CXX object platforms/ros2/CMakeFiles/px4__rosidl_typesupport_fastrtps_cpp.dir/rosidl_typesupport_fastrtps_cpp/px4/msg/detail/dds_fastrtps/hover_thrust_estimate__type_support.cpp.o[0m
[345.547s] [ 54%] [32mBuilding CXX object platforms/ros2/CMakeFiles/px4__rosidl_typesupport_fastrtps_c.dir/rosidl_typesupport_fastrtps_c/px4/msg/detail/heater_status__type_support_c.cpp.o[0m
[345.877s] [ 54%] [32mBuilding CXX object platforms/ros2/CMakeFiles/px4__rosidl_typesupport_cpp.dir/rosidl_typesupport_cpp/px4/msg/sensors_status_imu__type_support.cpp.o[0m
[346.280s] [ 54%] [32mBuilding CXX object platforms/ros2/CMakeFiles/px4__rosidl_typesupport_fastrtps_cpp.dir/rosidl_typesupport_fastrtps_cpp/px4/msg/detail/dds_fastrtps/input_rc__type_support.cpp.o[0m
[346.338s] [ 54%] [32mBuilding CXX object platforms/ros2/CMakeFiles/px4__rosidl_typesupport_fastrtps_c.dir/rosidl_typesupport_fastrtps_c/px4/msg/detail/hover_thrust_estimate__type_support_c.cpp.o[0m
[346.355s] [ 54%] [32mBuilding CXX object platforms/ros2/CMakeFiles/px4__rosidl_typesupport_cpp.dir/rosidl_typesupport_cpp/px4/msg/system_power__type_support.cpp.o[0m
[346.828s] [ 54%] [32mBuilding CXX object platforms/ros2/CMakeFiles/px4__rosidl_typesupport_cpp.dir/rosidl_typesupport_cpp/px4/msg/takeoff_status__type_support.cpp.o[0m
[347.102s] [ 54%] [32mBuilding CXX object platforms/ros2/CMakeFiles/px4__rosidl_typesupport_fastrtps_c.dir/rosidl_typesupport_fastrtps_c/px4/msg/detail/input_rc__type_support_c.cpp.o[0m
[347.140s] [ 54%] [32mBuilding CXX object platforms/ros2/CMakeFiles/px4__rosidl_typesupport_fastrtps_cpp.dir/rosidl_typesupport_fastrtps_cpp/px4/msg/detail/dds_fastrtps/internal_combustion_engine_control__type_support.cpp.o[0m
[347.297s] [ 54%] [32mBuilding CXX object platforms/ros2/CMakeFiles/px4__rosidl_typesupport_cpp.dir/rosidl_typesupport_cpp/px4/msg/task_stack_info__type_support.cpp.o[0m
[347.775s] [ 54%] [32mBuilding CXX object platforms/ros2/CMakeFiles/px4__rosidl_typesupport_cpp.dir/rosidl_typesupport_cpp/px4/msg/tecs_status__type_support.cpp.o[0m
[347.892s] [ 54%] [32mBuilding CXX object platforms/ros2/CMakeFiles/px4__rosidl_typesupport_fastrtps_c.dir/rosidl_typesupport_fastrtps_c/px4/msg/detail/internal_combustion_engine_control__type_support_c.cpp.o[0m
[347.903s] [ 54%] [32mBuilding CXX object platforms/ros2/CMakeFiles/px4__rosidl_typesupport_fastrtps_cpp.dir/rosidl_typesupport_fastrtps_cpp/px4/msg/detail/dds_fastrtps/internal_combustion_engine_status__type_support.cpp.o[0m
[348.235s] [ 54%] [32mBuilding CXX object platforms/ros2/CMakeFiles/px4__rosidl_typesupport_cpp.dir/rosidl_typesupport_cpp/px4/msg/telemetry_status__type_support.cpp.o[0m
[348.641s] [ 54%] [32mBuilding CXX object platforms/ros2/CMakeFiles/px4__rosidl_typesupport_fastrtps_c.dir/rosidl_typesupport_fastrtps_c/px4/msg/detail/internal_combustion_engine_status__type_support_c.cpp.o[0m
[348.736s] [ 54%] [32mBuilding CXX object platforms/ros2/CMakeFiles/px4__rosidl_typesupport_cpp.dir/rosidl_typesupport_cpp/px4/msg/tiltrotor_extra_controls__type_support.cpp.o[0m
[348.834s] [ 54%] [32mBuilding CXX object platforms/ros2/CMakeFiles/px4__rosidl_typesupport_fastrtps_cpp.dir/rosidl_typesupport_fastrtps_cpp/px4/msg/detail/dds_fastrtps/iridiumsbd_status__type_support.cpp.o[0m
[349.281s] [ 54%] [32mBuilding CXX object platforms/ros2/CMakeFiles/px4__rosidl_typesupport_cpp.dir/rosidl_typesupport_cpp/px4/msg/timesync_status__type_support.cpp.o[0m
[349.509s] [ 54%] [32mBuilding CXX object platforms/ros2/CMakeFiles/px4__rosidl_typesupport_fastrtps_c.dir/rosidl_typesupport_fastrtps_c/px4/msg/detail/iridiumsbd_status__type_support_c.cpp.o[0m
[349.662s] [ 54%] [32mBuilding CXX object platforms/ros2/CMakeFiles/px4__rosidl_typesupport_fastrtps_cpp.dir/rosidl_typesupport_fastrtps_cpp/px4/msg/detail/dds_fastrtps/irlock_report__type_support.cpp.o[0m
[349.741s] [ 54%] [32mBuilding CXX object platforms/ros2/CMakeFiles/px4__rosidl_typesupport_cpp.dir/rosidl_typesupport_cpp/px4/msg/trajectory_setpoint6dof__type_support.cpp.o[0m
[350.200s] [ 54%] [32mBuilding CXX object platforms/ros2/CMakeFiles/px4__rosidl_typesupport_cpp.dir/rosidl_typesupport_cpp/px4/msg/transponder_report__type_support.cpp.o[0m
[350.318s] [ 54%] [32mBuilding CXX object platforms/ros2/CMakeFiles/px4__rosidl_typesupport_fastrtps_c.dir/rosidl_typesupport_fastrtps_c/px4/msg/detail/irlock_report__type_support_c.cpp.o[0m
[350.454s] [ 54%] [32mBuilding CXX object platforms/ros2/CMakeFiles/px4__rosidl_typesupport_fastrtps_cpp.dir/rosidl_typesupport_fastrtps_cpp/px4/msg/detail/dds_fastrtps/landing_gear__type_support.cpp.o[0m
[350.662s] [ 54%] [32mBuilding CXX object platforms/ros2/CMakeFiles/px4__rosidl_typesupport_cpp.dir/rosidl_typesupport_cpp/px4/msg/tune_control__type_support.cpp.o[0m
[351.069s] [ 54%] [32mBuilding CXX object platforms/ros2/CMakeFiles/px4__rosidl_typesupport_fastrtps_c.dir/rosidl_typesupport_fastrtps_c/px4/msg/detail/landing_gear__type_support_c.cpp.o[0m
[351.124s] [ 54%] [32mBuilding CXX object platforms/ros2/CMakeFiles/px4__rosidl_typesupport_cpp.dir/rosidl_typesupport_cpp/px4/msg/uavcan_parameter_request__type_support.cpp.o[0m
[351.225s] [ 54%] [32mBuilding CXX object platforms/ros2/CMakeFiles/px4__rosidl_typesupport_fastrtps_cpp.dir/rosidl_typesupport_fastrtps_cpp/px4/msg/detail/dds_fastrtps/landing_gear_wheel__type_support.cpp.o[0m
[351.579s] [ 54%] [32mBuilding CXX object platforms/ros2/CMakeFiles/px4__rosidl_typesupport_cpp.dir/rosidl_typesupport_cpp/px4/msg/uavcan_parameter_value__type_support.cpp.o[0m
[351.780s] [ 54%] [32mBuilding CXX object platforms/ros2/CMakeFiles/px4__rosidl_typesupport_fastrtps_c.dir/rosidl_typesupport_fastrtps_c/px4/msg/detail/landing_gear_wheel__type_support_c.cpp.o[0m
[352.006s] [ 54%] [32mBuilding CXX object platforms/ros2/CMakeFiles/px4__rosidl_typesupport_fastrtps_cpp.dir/rosidl_typesupport_fastrtps_cpp/px4/msg/detail/dds_fastrtps/landing_target_innovations__type_support.cpp.o[0m
[352.067s] [ 54%] [32mBuilding CXX object platforms/ros2/CMakeFiles/px4__rosidl_typesupport_cpp.dir/rosidl_typesupport_cpp/px4/msg/ulog_stream__type_support.cpp.o[0m
[352.501s] [ 54%] [32mBuilding CXX object platforms/ros2/CMakeFiles/px4__rosidl_typesupport_fastrtps_c.dir/rosidl_typesupport_fastrtps_c/px4/msg/detail/landing_target_innovations__type_support_c.cpp.o[0m
[352.523s] [ 55%] [32mBuilding CXX object platforms/ros2/CMakeFiles/px4__rosidl_typesupport_cpp.dir/rosidl_typesupport_cpp/px4/msg/ulog_stream_ack__type_support.cpp.o[0m
[352.788s] [ 55%] [32mBuilding CXX object platforms/ros2/CMakeFiles/px4__rosidl_typesupport_fastrtps_cpp.dir/rosidl_typesupport_fastrtps_cpp/px4/msg/detail/dds_fastrtps/landing_target_pose__type_support.cpp.o[0m
[352.994s] [ 55%] [32mBuilding CXX object platforms/ros2/CMakeFiles/px4__rosidl_typesupport_cpp.dir/rosidl_typesupport_cpp/px4/msg/vehicle_acceleration__type_support.cpp.o[0m
[353.239s] [ 55%] [32mBuilding CXX object platforms/ros2/CMakeFiles/px4__rosidl_typesupport_fastrtps_c.dir/rosidl_typesupport_fastrtps_c/px4/msg/detail/landing_target_pose__type_support_c.cpp.o[0m
[353.453s] [ 55%] [32mBuilding CXX object platforms/ros2/CMakeFiles/px4__rosidl_typesupport_cpp.dir/rosidl_typesupport_cpp/px4/msg/vehicle_air_data__type_support.cpp.o[0m
[353.644s] [ 55%] [32mBuilding CXX object platforms/ros2/CMakeFiles/px4__rosidl_typesupport_fastrtps_cpp.dir/rosidl_typesupport_fastrtps_cpp/px4/msg/detail/dds_fastrtps/launch_detection_status__type_support.cpp.o[0m
[353.917s] [ 55%] [32mBuilding CXX object platforms/ros2/CMakeFiles/px4__rosidl_typesupport_cpp.dir/rosidl_typesupport_cpp/px4/msg/vehicle_angular_acceleration_setpoint__type_support.cpp.o[0m
[354.045s] [ 55%] [32mBuilding CXX object platforms/ros2/CMakeFiles/px4__rosidl_typesupport_fastrtps_c.dir/rosidl_typesupport_fastrtps_c/px4/msg/detail/launch_detection_status__type_support_c.cpp.o[0m
[354.385s] [ 55%] [32mBuilding CXX object platforms/ros2/CMakeFiles/px4__rosidl_typesupport_cpp.dir/rosidl_typesupport_cpp/px4/msg/vehicle_constraints__type_support.cpp.o[0m
[354.401s] [ 55%] [32mBuilding CXX object platforms/ros2/CMakeFiles/px4__rosidl_typesupport_fastrtps_cpp.dir/rosidl_typesupport_fastrtps_cpp/px4/msg/detail/dds_fastrtps/led_control__type_support.cpp.o[0m
[354.755s] [ 55%] [32mBuilding CXX object platforms/ros2/CMakeFiles/px4__rosidl_typesupport_fastrtps_c.dir/rosidl_typesupport_fastrtps_c/px4/msg/detail/led_control__type_support_c.cpp.o[0m
[354.839s] [ 55%] [32mBuilding CXX object platforms/ros2/CMakeFiles/px4__rosidl_typesupport_cpp.dir/rosidl_typesupport_cpp/px4/msg/vehicle_imu__type_support.cpp.o[0m
[355.179s] [ 55%] [32mBuilding CXX object platforms/ros2/CMakeFiles/px4__rosidl_typesupport_fastrtps_cpp.dir/rosidl_typesupport_fastrtps_cpp/px4/msg/detail/dds_fastrtps/log_message__type_support.cpp.o[0m
[355.397s] [ 55%] [32mBuilding CXX object platforms/ros2/CMakeFiles/px4__rosidl_typesupport_cpp.dir/rosidl_typesupport_cpp/px4/msg/vehicle_imu_status__type_support.cpp.o[0m
[355.488s] [ 55%] [32mBuilding CXX object platforms/ros2/CMakeFiles/px4__rosidl_typesupport_fastrtps_c.dir/rosidl_typesupport_fastrtps_c/px4/msg/detail/log_message__type_support_c.cpp.o[0m
[355.857s] [ 55%] [32mBuilding CXX object platforms/ros2/CMakeFiles/px4__rosidl_typesupport_cpp.dir/rosidl_typesupport_cpp/px4/msg/vehicle_local_position_setpoint__type_support.cpp.o[0m
[355.952s] [ 55%] [32mBuilding CXX object platforms/ros2/CMakeFiles/px4__rosidl_typesupport_fastrtps_cpp.dir/rosidl_typesupport_fastrtps_cpp/px4/msg/detail/dds_fastrtps/logger_status__type_support.cpp.o[0m
[356.208s] [ 55%] [32mBuilding CXX object platforms/ros2/CMakeFiles/px4__rosidl_typesupport_fastrtps_c.dir/rosidl_typesupport_fastrtps_c/px4/msg/detail/logger_status__type_support_c.cpp.o[0m
[356.322s] [ 55%] [32mBuilding CXX object platforms/ros2/CMakeFiles/px4__rosidl_typesupport_cpp.dir/rosidl_typesupport_cpp/px4/msg/vehicle_magnetometer__type_support.cpp.o[0m
[356.759s] [ 55%] [32mBuilding CXX object platforms/ros2/CMakeFiles/px4__rosidl_typesupport_fastrtps_cpp.dir/rosidl_typesupport_fastrtps_cpp/px4/msg/detail/dds_fastrtps/mag_worker_data__type_support.cpp.o[0m
[356.798s] [ 55%] [32mBuilding CXX object platforms/ros2/CMakeFiles/px4__rosidl_typesupport_cpp.dir/rosidl_typesupport_cpp/px4/msg/vehicle_optical_flow__type_support.cpp.o[0m
[356.997s] [ 55%] [32mBuilding CXX object platforms/ros2/CMakeFiles/px4__rosidl_typesupport_fastrtps_c.dir/rosidl_typesupport_fastrtps_c/px4/msg/detail/mag_worker_data__type_support_c.cpp.o[0m
[357.260s] [ 55%] [32mBuilding CXX object platforms/ros2/CMakeFiles/px4__rosidl_typesupport_cpp.dir/rosidl_typesupport_cpp/px4/msg/vehicle_optical_flow_vel__type_support.cpp.o[0m
[357.574s] [ 55%] [32mBuilding CXX object platforms/ros2/CMakeFiles/px4__rosidl_typesupport_fastrtps_cpp.dir/rosidl_typesupport_fastrtps_cpp/px4/msg/detail/dds_fastrtps/magnetometer_bias_estimate__type_support.cpp.o[0m
[357.737s] [ 55%] [32mBuilding CXX object platforms/ros2/CMakeFiles/px4__rosidl_typesupport_cpp.dir/rosidl_typesupport_cpp/px4/msg/vehicle_roi__type_support.cpp.o[0m
[357.748s] [ 55%] [32mBuilding CXX object platforms/ros2/CMakeFiles/px4__rosidl_typesupport_fastrtps_c.dir/rosidl_typesupport_fastrtps_c/px4/msg/detail/magnetometer_bias_estimate__type_support_c.cpp.o[0m
[358.199s] [ 55%] [32mBuilding CXX object platforms/ros2/CMakeFiles/px4__rosidl_typesupport_cpp.dir/rosidl_typesupport_cpp/px4/msg/vehicle_thrust_setpoint__type_support.cpp.o[0m
[358.375s] [ 55%] [32mBuilding CXX object platforms/ros2/CMakeFiles/px4__rosidl_typesupport_fastrtps_cpp.dir/rosidl_typesupport_fastrtps_cpp/px4/msg/detail/dds_fastrtps/manual_control_switches__type_support.cpp.o[0m
[358.481s] [ 55%] [32mBuilding CXX object platforms/ros2/CMakeFiles/px4__rosidl_typesupport_fastrtps_c.dir/rosidl_typesupport_fastrtps_c/px4/msg/detail/manual_control_switches__type_support_c.cpp.o[0m
[358.666s] [ 55%] [32mBuilding CXX object platforms/ros2/CMakeFiles/px4__rosidl_typesupport_cpp.dir/rosidl_typesupport_cpp/px4/msg/vehicle_torque_setpoint__type_support.cpp.o[0m
[359.143s] [ 55%] [32mBuilding CXX object platforms/ros2/CMakeFiles/px4__rosidl_typesupport_cpp.dir/rosidl_typesupport_cpp/px4/msg/velocity_limits__type_support.cpp.o[0m
[359.631s] [ 55%] [32mBuilding CXX object platforms/ros2/CMakeFiles/px4__rosidl_typesupport_cpp.dir/rosidl_typesupport_cpp/px4/msg/wheel_encoders__type_support.cpp.o[0m
[359.645s] [ 55%] [32mBuilding CXX object platforms/ros2/CMakeFiles/px4__rosidl_typesupport_fastrtps_cpp.dir/rosidl_typesupport_fastrtps_cpp/px4/msg/detail/dds_fastrtps/mavlink_log__type_support.cpp.o[0m
[359.815s] [ 55%] [32mBuilding CXX object platforms/ros2/CMakeFiles/px4__rosidl_typesupport_fastrtps_c.dir/rosidl_typesupport_fastrtps_c/px4/msg/detail/mavlink_log__type_support_c.cpp.o[0m
[360.164s] [ 55%] [32mBuilding CXX object platforms/ros2/CMakeFiles/px4__rosidl_typesupport_cpp.dir/rosidl_typesupport_cpp/px4/msg/wind__type_support.cpp.o[0m
[360.499s] [ 55%] [32mBuilding CXX object platforms/ros2/CMakeFiles/px4__rosidl_typesupport_fastrtps_cpp.dir/rosidl_typesupport_fastrtps_cpp/px4/msg/detail/dds_fastrtps/mavlink_tunnel__type_support.cpp.o[0m
[360.632s] [ 55%] [32mBuilding CXX object platforms/ros2/CMakeFiles/px4__rosidl_typesupport_cpp.dir/rosidl_typesupport_cpp/px4/msg/yaw_estimator_status__type_support.cpp.o[0m
[360.846s] [ 55%] [32mBuilding CXX object platforms/ros2/CMakeFiles/px4__rosidl_typesupport_fastrtps_c.dir/rosidl_typesupport_fastrtps_c/px4/msg/detail/mavlink_tunnel__type_support_c.cpp.o[0m
[361.106s] [ 55%] [32mBuilding CXX object platforms/ros2/CMakeFiles/px4__rosidl_typesupport_cpp.dir/rosidl_typesupport_cpp/px4/msg/actuator_motors__type_support.cpp.o[0m
[361.269s] [ 55%] [32mBuilding CXX object platforms/ros2/CMakeFiles/px4__rosidl_typesupport_fastrtps_cpp.dir/rosidl_typesupport_fastrtps_cpp/px4/msg/detail/dds_fastrtps/message_format_request__type_support.cpp.o[0m
[361.575s] [ 55%] [32mBuilding CXX object platforms/ros2/CMakeFiles/px4__rosidl_typesupport_cpp.dir/rosidl_typesupport_cpp/px4/msg/actuator_servos__type_support.cpp.o[0m
[361.592s] [ 55%] [32mBuilding CXX object platforms/ros2/CMakeFiles/px4__rosidl_typesupport_fastrtps_c.dir/rosidl_typesupport_fastrtps_c/px4/msg/detail/message_format_request__type_support_c.cpp.o[0m
[362.034s] [ 55%] [32mBuilding CXX object platforms/ros2/CMakeFiles/px4__rosidl_typesupport_fastrtps_cpp.dir/rosidl_typesupport_fastrtps_cpp/px4/msg/detail/dds_fastrtps/message_format_response__type_support.cpp.o[0m
[362.039s] [ 55%] [32mBuilding CXX object platforms/ros2/CMakeFiles/px4__rosidl_typesupport_cpp.dir/rosidl_typesupport_cpp/px4/msg/airspeed_validated__type_support.cpp.o[0m
[362.303s] [ 55%] [32mBuilding CXX object platforms/ros2/CMakeFiles/px4__rosidl_typesupport_fastrtps_c.dir/rosidl_typesupport_fastrtps_c/px4/msg/detail/message_format_response__type_support_c.cpp.o[0m
[362.533s] [ 55%] [32mBuilding CXX object platforms/ros2/CMakeFiles/px4__rosidl_typesupport_cpp.dir/rosidl_typesupport_cpp/px4/msg/arming_check_reply__type_support.cpp.o[0m
[362.821s] [ 55%] [32mBuilding CXX object platforms/ros2/CMakeFiles/px4__rosidl_typesupport_fastrtps_cpp.dir/rosidl_typesupport_fastrtps_cpp/px4/msg/detail/dds_fastrtps/mission__type_support.cpp.o[0m
[363.012s] [ 55%] [32mBuilding CXX object platforms/ros2/CMakeFiles/px4__rosidl_typesupport_cpp.dir/rosidl_typesupport_cpp/px4/msg/arming_check_request__type_support.cpp.o[0m
[363.040s] [ 56%] [32mBuilding CXX object platforms/ros2/CMakeFiles/px4__rosidl_typesupport_fastrtps_c.dir/rosidl_typesupport_fastrtps_c/px4/msg/detail/mission__type_support_c.cpp.o[0m
[363.495s] [ 56%] [32mBuilding CXX object platforms/ros2/CMakeFiles/px4__rosidl_typesupport_cpp.dir/rosidl_typesupport_cpp/px4/msg/battery_status__type_support.cpp.o[0m
[363.619s] [ 56%] [32mBuilding CXX object platforms/ros2/CMakeFiles/px4__rosidl_typesupport_fastrtps_cpp.dir/rosidl_typesupport_fastrtps_cpp/px4/msg/detail/dds_fastrtps/mission_result__type_support.cpp.o[0m
[363.834s] [ 56%] [32mBuilding CXX object platforms/ros2/CMakeFiles/px4__rosidl_typesupport_fastrtps_c.dir/rosidl_typesupport_fastrtps_c/px4/msg/detail/mission_result__type_support_c.cpp.o[0m
[363.966s] [ 56%] [32mBuilding CXX object platforms/ros2/CMakeFiles/px4__rosidl_typesupport_cpp.dir/rosidl_typesupport_cpp/px4/msg/config_overrides__type_support.cpp.o[0m
[364.473s] [ 56%] [32mBuilding CXX object platforms/ros2/CMakeFiles/px4__rosidl_typesupport_fastrtps_cpp.dir/rosidl_typesupport_fastrtps_cpp/px4/msg/detail/dds_fastrtps/mount_orientation__type_support.cpp.o[0m
[364.536s] [ 56%] [32mBuilding CXX object platforms/ros2/CMakeFiles/px4__rosidl_typesupport_cpp.dir/rosidl_typesupport_cpp/px4/msg/goto_setpoint__type_support.cpp.o[0m
[364.723s] [ 56%] [32mBuilding CXX object platforms/ros2/CMakeFiles/px4__rosidl_typesupport_fastrtps_c.dir/rosidl_typesupport_fastrtps_c/px4/msg/detail/mount_orientation__type_support_c.cpp.o[0m
[365.317s] [ 58%] [32mBuilding CXX object platforms/ros2/CMakeFiles/px4__rosidl_typesupport_fastrtps_cpp.dir/rosidl_typesupport_fastrtps_cpp/px4/msg/detail/dds_fastrtps/navigator_mission_item__type_support.cpp.o[0m
[365.386s] [ 58%] [32mBuilding CXX object platforms/ros2/CMakeFiles/px4__rosidl_typesupport_cpp.dir/rosidl_typesupport_cpp/px4/msg/home_position__type_support.cpp.o[0m
[365.877s] [ 58%] [32mBuilding CXX object platforms/ros2/CMakeFiles/px4__rosidl_typesupport_fastrtps_c.dir/rosidl_typesupport_fastrtps_c/px4/msg/detail/navigator_mission_item__type_support_c.cpp.o[0m
[365.881s] [ 58%] [32mBuilding CXX object platforms/ros2/CMakeFiles/px4__rosidl_typesupport_cpp.dir/rosidl_typesupport_cpp/px4/msg/manual_control_setpoint__type_support.cpp.o[0m
[366.366s] [ 58%] [32mBuilding CXX object platforms/ros2/CMakeFiles/px4__rosidl_typesupport_cpp.dir/rosidl_typesupport_cpp/px4/msg/mode_completed__type_support.cpp.o[0m
[366.403s] [ 58%] [32mBuilding CXX object platforms/ros2/CMakeFiles/px4__rosidl_typesupport_fastrtps_cpp.dir/rosidl_typesupport_fastrtps_cpp/px4/msg/detail/dds_fastrtps/navigator_status__type_support.cpp.o[0m
[366.743s] [ 58%] [32mBuilding CXX object platforms/ros2/CMakeFiles/px4__rosidl_typesupport_fastrtps_c.dir/rosidl_typesupport_fastrtps_c/px4/msg/detail/navigator_status__type_support_c.cpp.o[0m
[366.855s] [ 59%] [32mBuilding CXX object platforms/ros2/CMakeFiles/px4__rosidl_typesupport_cpp.dir/rosidl_typesupport_cpp/px4/msg/register_ext_component_reply__type_support.cpp.o[0m
[367.152s] [ 59%] [32mBuilding CXX object platforms/ros2/CMakeFiles/px4__rosidl_typesupport_fastrtps_cpp.dir/rosidl_typesupport_fastrtps_cpp/px4/msg/detail/dds_fastrtps/normalized_unsigned_setpoint__type_support.cpp.o[0m
[367.320s] [ 59%] [32mBuilding CXX object platforms/ros2/CMakeFiles/px4__rosidl_typesupport_cpp.dir/rosidl_typesupport_cpp/px4/msg/register_ext_component_request__type_support.cpp.o[0m
[367.484s] [ 59%] [32mBuilding CXX object platforms/ros2/CMakeFiles/px4__rosidl_typesupport_fastrtps_c.dir/rosidl_typesupport_fastrtps_c/px4/msg/detail/normalized_unsigned_setpoint__type_support_c.cpp.o[0m
[367.781s] [ 59%] [32mBuilding CXX object platforms/ros2/CMakeFiles/px4__rosidl_typesupport_cpp.dir/rosidl_typesupport_cpp/px4/msg/trajectory_setpoint__type_support.cpp.o[0m
[367.881s] [ 59%] [32mBuilding CXX object platforms/ros2/CMakeFiles/px4__rosidl_typesupport_fastrtps_cpp.dir/rosidl_typesupport_fastrtps_cpp/px4/msg/detail/dds_fastrtps/npfg_status__type_support.cpp.o[0m
[368.236s] [ 59%] [32mBuilding CXX object platforms/ros2/CMakeFiles/px4__rosidl_typesupport_fastrtps_c.dir/rosidl_typesupport_fastrtps_c/px4/msg/detail/npfg_status__type_support_c.cpp.o[0m
[368.335s] [ 59%] [32mBuilding CXX object platforms/ros2/CMakeFiles/px4__rosidl_typesupport_cpp.dir/rosidl_typesupport_cpp/px4/msg/unregister_ext_component__type_support.cpp.o[0m
[368.784s] [ 59%] [32mBuilding CXX object platforms/ros2/CMakeFiles/px4__rosidl_typesupport_fastrtps_cpp.dir/rosidl_typesupport_fastrtps_cpp/px4/msg/detail/dds_fastrtps/obstacle_distance__type_support.cpp.o[0m
[368.799s] [ 59%] [32mBuilding CXX object platforms/ros2/CMakeFiles/px4__rosidl_typesupport_cpp.dir/rosidl_typesupport_cpp/px4/msg/vehicle_angular_velocity__type_support.cpp.o[0m
[369.048s] [ 59%] [32mBuilding CXX object platforms/ros2/CMakeFiles/px4__rosidl_typesupport_fastrtps_c.dir/rosidl_typesupport_fastrtps_c/px4/msg/detail/obstacle_distance__type_support_c.cpp.o[0m
[369.259s] [ 59%] [32mBuilding CXX object platforms/ros2/CMakeFiles/px4__rosidl_typesupport_cpp.dir/rosidl_typesupport_cpp/px4/msg/vehicle_attitude__type_support.cpp.o[0m
[369.576s] [ 59%] [32mBuilding CXX object platforms/ros2/CMakeFiles/px4__rosidl_typesupport_fastrtps_cpp.dir/rosidl_typesupport_fastrtps_cpp/px4/msg/detail/dds_fastrtps/offboard_control_mode__type_support.cpp.o[0m
[369.720s] [ 59%] [32mBuilding CXX object platforms/ros2/CMakeFiles/px4__rosidl_typesupport_cpp.dir/rosidl_typesupport_cpp/px4/msg/vehicle_attitude_setpoint__type_support.cpp.o[0m
[369.816s] [ 59%] [32mBuilding CXX object platforms/ros2/CMakeFiles/px4__rosidl_typesupport_fastrtps_c.dir/rosidl_typesupport_fastrtps_c/px4/msg/detail/offboard_control_mode__type_support_c.cpp.o[0m
[370.227s] [ 59%] [32mBuilding CXX object platforms/ros2/CMakeFiles/px4__rosidl_typesupport_cpp.dir/rosidl_typesupport_cpp/px4/msg/vehicle_command__type_support.cpp.o[0m
[370.349s] [ 59%] [32mBuilding CXX object platforms/ros2/CMakeFiles/px4__rosidl_typesupport_fastrtps_cpp.dir/rosidl_typesupport_fastrtps_cpp/px4/msg/detail/dds_fastrtps/onboard_computer_status__type_support.cpp.o[0m
[370.576s] [ 59%] [32mBuilding CXX object platforms/ros2/CMakeFiles/px4__rosidl_typesupport_fastrtps_c.dir/rosidl_typesupport_fastrtps_c/px4/msg/detail/onboard_computer_status__type_support_c.cpp.o[0m
[370.698s] [ 59%] [32mBuilding CXX object platforms/ros2/CMakeFiles/px4__rosidl_typesupport_cpp.dir/rosidl_typesupport_cpp/px4/msg/vehicle_command_ack__type_support.cpp.o[0m
[371.166s] [ 59%] [32mBuilding CXX object platforms/ros2/CMakeFiles/px4__rosidl_typesupport_cpp.dir/rosidl_typesupport_cpp/px4/msg/vehicle_control_mode__type_support.cpp.o[0m
[371.275s] [ 59%] [32mBuilding CXX object platforms/ros2/CMakeFiles/px4__rosidl_typesupport_fastrtps_cpp.dir/rosidl_typesupport_fastrtps_cpp/px4/msg/detail/dds_fastrtps/open_drone_id_arm_status__type_support.cpp.o[0m
[371.362s] [ 59%] [32mBuilding CXX object platforms/ros2/CMakeFiles/px4__rosidl_typesupport_fastrtps_c.dir/rosidl_typesupport_fastrtps_c/px4/msg/detail/open_drone_id_arm_status__type_support_c.cpp.o[0m
[371.633s] [ 59%] [32mBuilding CXX object platforms/ros2/CMakeFiles/px4__rosidl_typesupport_cpp.dir/rosidl_typesupport_cpp/px4/msg/vehicle_global_position__type_support.cpp.o[0m
[372.021s] [ 59%] [32mBuilding CXX object platforms/ros2/CMakeFiles/px4__rosidl_typesupport_fastrtps_cpp.dir/rosidl_typesupport_fastrtps_cpp/px4/msg/detail/dds_fastrtps/open_drone_id_operator_id__type_support.cpp.o[0m
[372.080s] [ 59%] [32mBuilding CXX object platforms/ros2/CMakeFiles/px4__rosidl_typesupport_fastrtps_c.dir/rosidl_typesupport_fastrtps_c/px4/msg/detail/open_drone_id_operator_id__type_support_c.cpp.o[0m
[372.111s] [ 59%] [32mBuilding CXX object platforms/ros2/CMakeFiles/px4__rosidl_typesupport_cpp.dir/rosidl_typesupport_cpp/px4/msg/vehicle_land_detected__type_support.cpp.o[0m
[372.601s] [ 59%] [32mBuilding CXX object platforms/ros2/CMakeFiles/px4__rosidl_typesupport_cpp.dir/rosidl_typesupport_cpp/px4/msg/vehicle_local_position__type_support.cpp.o[0m
[372.799s] [ 59%] [32mBuilding CXX object platforms/ros2/CMakeFiles/px4__rosidl_typesupport_fastrtps_c.dir/rosidl_typesupport_fastrtps_c/px4/msg/detail/open_drone_id_self_id__type_support_c.cpp.o[0m
[372.849s] [ 59%] [32mBuilding CXX object platforms/ros2/CMakeFiles/px4__rosidl_typesupport_fastrtps_cpp.dir/rosidl_typesupport_fastrtps_cpp/px4/msg/detail/dds_fastrtps/open_drone_id_self_id__type_support.cpp.o[0m
[373.098s] [ 59%] [32mBuilding CXX object platforms/ros2/CMakeFiles/px4__rosidl_typesupport_cpp.dir/rosidl_typesupport_cpp/px4/msg/vehicle_odometry__type_support.cpp.o[0m
[373.526s] [ 59%] [32mBuilding CXX object platforms/ros2/CMakeFiles/px4__rosidl_typesupport_fastrtps_c.dir/rosidl_typesupport_fastrtps_c/px4/msg/detail/open_drone_id_system__type_support_c.cpp.o[0m
[373.659s] [ 59%] [32mBuilding CXX object platforms/ros2/CMakeFiles/px4__rosidl_typesupport_cpp.dir/rosidl_typesupport_cpp/px4/msg/vehicle_rates_setpoint__type_support.cpp.o[0m
[373.722s] [ 59%] [32mBuilding CXX object platforms/ros2/CMakeFiles/px4__rosidl_typesupport_fastrtps_cpp.dir/rosidl_typesupport_fastrtps_cpp/px4/msg/detail/dds_fastrtps/open_drone_id_system__type_support.cpp.o[0m
[374.131s] [ 59%] [32mBuilding CXX object platforms/ros2/CMakeFiles/px4__rosidl_typesupport_cpp.dir/rosidl_typesupport_cpp/px4/msg/vehicle_status__type_support.cpp.o[0m
[374.326s] [ 59%] [32mBuilding CXX object platforms/ros2/CMakeFiles/px4__rosidl_typesupport_fastrtps_c.dir/rosidl_typesupport_fastrtps_c/px4/msg/detail/orb_test__type_support_c.cpp.o[0m
[374.547s] [ 59%] [32mBuilding CXX object platforms/ros2/CMakeFiles/px4__rosidl_typesupport_fastrtps_cpp.dir/rosidl_typesupport_fastrtps_cpp/px4/msg/detail/dds_fastrtps/orb_test__type_support.cpp.o[0m
[374.630s] [ 59%] [32mBuilding CXX object platforms/ros2/CMakeFiles/px4__rosidl_typesupport_cpp.dir/rosidl_typesupport_cpp/px4/msg/vtol_vehicle_status__type_support.cpp.o[0m
[375.052s] [ 59%] [32mBuilding CXX object platforms/ros2/CMakeFiles/px4__rosidl_typesupport_fastrtps_c.dir/rosidl_typesupport_fastrtps_c/px4/msg/detail/orb_test_large__type_support_c.cpp.o[0m
[375.129s] [ 59%] [32m[1mLinking CXX shared library libpx4__rosidl_typesupport_cpp.so[0m
[375.295s] [ 59%] [32mBuilding CXX object platforms/ros2/CMakeFiles/px4__rosidl_typesupport_fastrtps_cpp.dir/rosidl_typesupport_fastrtps_cpp/px4/msg/detail/dds_fastrtps/orb_test_large__type_support.cpp.o[0m
[375.349s] [ 59%] Built target px4__rosidl_typesupport_cpp
[375.784s] [ 59%] [32mBuilding CXX object platforms/ros2/CMakeFiles/px4__rosidl_typesupport_fastrtps_c.dir/rosidl_typesupport_fastrtps_c/px4/msg/detail/orb_test_medium__type_support_c.cpp.o[0m
[376.029s] [ 59%] [32mBuilding CXX object platforms/ros2/CMakeFiles/px4__rosidl_typesupport_fastrtps_cpp.dir/rosidl_typesupport_fastrtps_cpp/px4/msg/detail/dds_fastrtps/orb_test_medium__type_support.cpp.o[0m
[376.513s] [ 59%] [32mBuilding CXX object platforms/ros2/CMakeFiles/px4__rosidl_typesupport_fastrtps_c.dir/rosidl_typesupport_fastrtps_c/px4/msg/detail/orbit_status__type_support_c.cpp.o[0m
[376.772s] [ 59%] [32mBuilding CXX object platforms/ros2/CMakeFiles/px4__rosidl_typesupport_fastrtps_cpp.dir/rosidl_typesupport_fastrtps_cpp/px4/msg/detail/dds_fastrtps/orbit_status__type_support.cpp.o[0m
[377.260s] [ 59%] [32mBuilding CXX object platforms/ros2/CMakeFiles/px4__rosidl_typesupport_fastrtps_c.dir/rosidl_typesupport_fastrtps_c/px4/msg/detail/parameter_reset_request__type_support_c.cpp.o[0m
[377.522s] [ 59%] [32mBuilding CXX object platforms/ros2/CMakeFiles/px4__rosidl_typesupport_fastrtps_cpp.dir/rosidl_typesupport_fastrtps_cpp/px4/msg/detail/dds_fastrtps/parameter_reset_request__type_support.cpp.o[0m
[377.983s] [ 59%] [32mBuilding CXX object platforms/ros2/CMakeFiles/px4__rosidl_typesupport_fastrtps_c.dir/rosidl_typesupport_fastrtps_c/px4/msg/detail/parameter_set_used_request__type_support_c.cpp.o[0m
[378.245s] [ 59%] [32mBuilding CXX object platforms/ros2/CMakeFiles/px4__rosidl_typesupport_fastrtps_cpp.dir/rosidl_typesupport_fastrtps_cpp/px4/msg/detail/dds_fastrtps/parameter_set_used_request__type_support.cpp.o[0m
[378.693s] [ 59%] [32mBuilding CXX object platforms/ros2/CMakeFiles/px4__rosidl_typesupport_fastrtps_c.dir/rosidl_typesupport_fastrtps_c/px4/msg/detail/parameter_set_value_request__type_support_c.cpp.o[0m
[378.955s] [ 59%] [32mBuilding CXX object platforms/ros2/CMakeFiles/px4__rosidl_typesupport_fastrtps_cpp.dir/rosidl_typesupport_fastrtps_cpp/px4/msg/detail/dds_fastrtps/parameter_set_value_request__type_support.cpp.o[0m
[379.427s] [ 59%] [32mBuilding CXX object platforms/ros2/CMakeFiles/px4__rosidl_typesupport_fastrtps_c.dir/rosidl_typesupport_fastrtps_c/px4/msg/detail/parameter_set_value_response__type_support_c.cpp.o[0m
[379.695s] [ 59%] [32mBuilding CXX object platforms/ros2/CMakeFiles/px4__rosidl_typesupport_fastrtps_cpp.dir/rosidl_typesupport_fastrtps_cpp/px4/msg/detail/dds_fastrtps/parameter_set_value_response__type_support.cpp.o[0m
[380.136s] [ 59%] [32mBuilding CXX object platforms/ros2/CMakeFiles/px4__rosidl_typesupport_fastrtps_c.dir/rosidl_typesupport_fastrtps_c/px4/msg/detail/parameter_update__type_support_c.cpp.o[0m
[380.418s] [ 59%] [32mBuilding CXX object platforms/ros2/CMakeFiles/px4__rosidl_typesupport_fastrtps_cpp.dir/rosidl_typesupport_fastrtps_cpp/px4/msg/detail/dds_fastrtps/parameter_update__type_support.cpp.o[0m
[380.888s] [ 59%] [32mBuilding CXX object platforms/ros2/CMakeFiles/px4__rosidl_typesupport_fastrtps_c.dir/rosidl_typesupport_fastrtps_c/px4/msg/detail/ping__type_support_c.cpp.o[0m
[381.183s] [ 59%] [32mBuilding CXX object platforms/ros2/CMakeFiles/px4__rosidl_typesupport_fastrtps_cpp.dir/rosidl_typesupport_fastrtps_cpp/px4/msg/detail/dds_fastrtps/ping__type_support.cpp.o[0m
[381.633s] [ 59%] [32mBuilding CXX object platforms/ros2/CMakeFiles/px4__rosidl_typesupport_fastrtps_c.dir/rosidl_typesupport_fastrtps_c/px4/msg/detail/position_controller_landing_status__type_support_c.cpp.o[0m
[381.948s] [ 59%] [32mBuilding CXX object platforms/ros2/CMakeFiles/px4__rosidl_typesupport_fastrtps_cpp.dir/rosidl_typesupport_fastrtps_cpp/px4/msg/detail/dds_fastrtps/position_controller_landing_status__type_support.cpp.o[0m
[382.364s] [ 59%] [32mBuilding CXX object platforms/ros2/CMakeFiles/px4__rosidl_typesupport_fastrtps_c.dir/rosidl_typesupport_fastrtps_c/px4/msg/detail/position_controller_status__type_support_c.cpp.o[0m
[382.684s] [ 59%] [32mBuilding CXX object platforms/ros2/CMakeFiles/px4__rosidl_typesupport_fastrtps_cpp.dir/rosidl_typesupport_fastrtps_cpp/px4/msg/detail/dds_fastrtps/position_controller_status__type_support.cpp.o[0m
[383.129s] [ 59%] [32mBuilding CXX object platforms/ros2/CMakeFiles/px4__rosidl_typesupport_fastrtps_c.dir/rosidl_typesupport_fastrtps_c/px4/msg/detail/position_setpoint__type_support_c.cpp.o[0m
[383.484s] [ 59%] [32mBuilding CXX object platforms/ros2/CMakeFiles/px4__rosidl_typesupport_fastrtps_cpp.dir/rosidl_typesupport_fastrtps_cpp/px4/msg/detail/dds_fastrtps/position_setpoint__type_support.cpp.o[0m
[383.963s] [ 59%] [32mBuilding CXX object platforms/ros2/CMakeFiles/px4__rosidl_typesupport_fastrtps_c.dir/rosidl_typesupport_fastrtps_c/px4/msg/detail/position_setpoint_triplet__type_support_c.cpp.o[0m
[384.330s] [ 59%] [32mBuilding CXX object platforms/ros2/CMakeFiles/px4__rosidl_typesupport_fastrtps_cpp.dir/rosidl_typesupport_fastrtps_cpp/px4/msg/detail/dds_fastrtps/position_setpoint_triplet__type_support.cpp.o[0m
[384.698s] [ 59%] [32mBuilding CXX object platforms/ros2/CMakeFiles/px4__rosidl_typesupport_fastrtps_c.dir/rosidl_typesupport_fastrtps_c/px4/msg/detail/power_button_state__type_support_c.cpp.o[0m
[385.064s] [ 59%] [32mBuilding CXX object platforms/ros2/CMakeFiles/px4__rosidl_typesupport_fastrtps_cpp.dir/rosidl_typesupport_fastrtps_cpp/px4/msg/detail/dds_fastrtps/power_button_state__type_support.cpp.o[0m
[385.399s] [ 60%] [32mBuilding CXX object platforms/ros2/CMakeFiles/px4__rosidl_typesupport_fastrtps_c.dir/rosidl_typesupport_fastrtps_c/px4/msg/detail/power_monitor__type_support_c.cpp.o[0m
[385.776s] [ 60%] [32mBuilding CXX object platforms/ros2/CMakeFiles/px4__rosidl_typesupport_fastrtps_cpp.dir/rosidl_typesupport_fastrtps_cpp/px4/msg/detail/dds_fastrtps/power_monitor__type_support.cpp.o[0m
[386.177s] [ 60%] [32mBuilding CXX object platforms/ros2/CMakeFiles/px4__rosidl_typesupport_fastrtps_c.dir/rosidl_typesupport_fastrtps_c/px4/msg/detail/pps_capture__type_support_c.cpp.o[0m
[386.554s] [ 60%] [32mBuilding CXX object platforms/ros2/CMakeFiles/px4__rosidl_typesupport_fastrtps_cpp.dir/rosidl_typesupport_fastrtps_cpp/px4/msg/detail/dds_fastrtps/pps_capture__type_support.cpp.o[0m
[386.896s] [ 60%] [32mBuilding CXX object platforms/ros2/CMakeFiles/px4__rosidl_typesupport_fastrtps_c.dir/rosidl_typesupport_fastrtps_c/px4/msg/detail/pure_pursuit_status__type_support_c.cpp.o[0m
[387.288s] [ 60%] [32mBuilding CXX object platforms/ros2/CMakeFiles/px4__rosidl_typesupport_fastrtps_cpp.dir/rosidl_typesupport_fastrtps_cpp/px4/msg/detail/dds_fastrtps/pure_pursuit_status__type_support.cpp.o[0m
[387.635s] [ 60%] [32mBuilding CXX object platforms/ros2/CMakeFiles/px4__rosidl_typesupport_fastrtps_c.dir/rosidl_typesupport_fastrtps_c/px4/msg/detail/pwm_input__type_support_c.cpp.o[0m
[388.045s] [ 62%] [32mBuilding CXX object platforms/ros2/CMakeFiles/px4__rosidl_typesupport_fastrtps_cpp.dir/rosidl_typesupport_fastrtps_cpp/px4/msg/detail/dds_fastrtps/pwm_input__type_support.cpp.o[0m
[388.381s] [ 62%] [32mBuilding CXX object platforms/ros2/CMakeFiles/px4__rosidl_typesupport_fastrtps_c.dir/rosidl_typesupport_fastrtps_c/px4/msg/detail/px4io_status__type_support_c.cpp.o[0m
[388.779s] [ 62%] [32mBuilding CXX object platforms/ros2/CMakeFiles/px4__rosidl_typesupport_fastrtps_cpp.dir/rosidl_typesupport_fastrtps_cpp/px4/msg/detail/dds_fastrtps/px4io_status__type_support.cpp.o[0m
[389.259s] [ 62%] [32mBuilding CXX object platforms/ros2/CMakeFiles/px4__rosidl_typesupport_fastrtps_c.dir/rosidl_typesupport_fastrtps_c/px4/msg/detail/qshell_req__type_support_c.cpp.o[0m
[389.700s] [ 62%] [32mBuilding CXX object platforms/ros2/CMakeFiles/px4__rosidl_typesupport_fastrtps_cpp.dir/rosidl_typesupport_fastrtps_cpp/px4/msg/detail/dds_fastrtps/qshell_req__type_support.cpp.o[0m
[389.988s] [ 62%] [32mBuilding CXX object platforms/ros2/CMakeFiles/px4__rosidl_typesupport_fastrtps_c.dir/rosidl_typesupport_fastrtps_c/px4/msg/detail/qshell_retval__type_support_c.cpp.o[0m
[390.439s] [ 62%] [32mBuilding CXX object platforms/ros2/CMakeFiles/px4__rosidl_typesupport_fastrtps_cpp.dir/rosidl_typesupport_fastrtps_cpp/px4/msg/detail/dds_fastrtps/qshell_retval__type_support.cpp.o[0m
[390.706s] [ 62%] [32mBuilding CXX object platforms/ros2/CMakeFiles/px4__rosidl_typesupport_fastrtps_c.dir/rosidl_typesupport_fastrtps_c/px4/msg/detail/radio_status__type_support_c.cpp.o[0m
[391.167s] [ 62%] [32mBuilding CXX object platforms/ros2/CMakeFiles/px4__rosidl_typesupport_fastrtps_cpp.dir/rosidl_typesupport_fastrtps_cpp/px4/msg/detail/dds_fastrtps/radio_status__type_support.cpp.o[0m
[391.454s] [ 62%] [32mBuilding CXX object platforms/ros2/CMakeFiles/px4__rosidl_typesupport_fastrtps_c.dir/rosidl_typesupport_fastrtps_c/px4/msg/detail/rate_ctrl_status__type_support_c.cpp.o[0m
[391.922s] [ 62%] [32mBuilding CXX object platforms/ros2/CMakeFiles/px4__rosidl_typesupport_fastrtps_cpp.dir/rosidl_typesupport_fastrtps_cpp/px4/msg/detail/dds_fastrtps/rate_ctrl_status__type_support.cpp.o[0m
[392.173s] [ 62%] [32mBuilding CXX object platforms/ros2/CMakeFiles/px4__rosidl_typesupport_fastrtps_c.dir/rosidl_typesupport_fastrtps_c/px4/msg/detail/rc_channels__type_support_c.cpp.o[0m
[392.667s] [ 62%] [32mBuilding CXX object platforms/ros2/CMakeFiles/px4__rosidl_typesupport_fastrtps_cpp.dir/rosidl_typesupport_fastrtps_cpp/px4/msg/detail/dds_fastrtps/rc_channels__type_support.cpp.o[0m
[392.914s] [ 62%] [32mBuilding CXX object platforms/ros2/CMakeFiles/px4__rosidl_typesupport_fastrtps_c.dir/rosidl_typesupport_fastrtps_c/px4/msg/detail/rc_parameter_map__type_support_c.cpp.o[0m
[393.534s] [ 62%] [32mBuilding CXX object platforms/ros2/CMakeFiles/px4__rosidl_typesupport_fastrtps_cpp.dir/rosidl_typesupport_fastrtps_cpp/px4/msg/detail/dds_fastrtps/rc_parameter_map__type_support.cpp.o[0m
[393.650s] [ 62%] [32mBuilding CXX object platforms/ros2/CMakeFiles/px4__rosidl_typesupport_fastrtps_c.dir/rosidl_typesupport_fastrtps_c/px4/msg/detail/rover_attitude_setpoint__type_support_c.cpp.o[0m
[394.318s] [ 62%] [32mBuilding CXX object platforms/ros2/CMakeFiles/px4__rosidl_typesupport_fastrtps_cpp.dir/rosidl_typesupport_fastrtps_cpp/px4/msg/detail/dds_fastrtps/rover_attitude_setpoint__type_support.cpp.o[0m
[394.362s] [ 62%] [32mBuilding CXX object platforms/ros2/CMakeFiles/px4__rosidl_typesupport_fastrtps_c.dir/rosidl_typesupport_fastrtps_c/px4/msg/detail/rover_attitude_status__type_support_c.cpp.o[0m
[395.049s] [ 62%] [32mBuilding CXX object platforms/ros2/CMakeFiles/px4__rosidl_typesupport_fastrtps_cpp.dir/rosidl_typesupport_fastrtps_cpp/px4/msg/detail/dds_fastrtps/rover_attitude_status__type_support.cpp.o[0m
[395.072s] [ 62%] [32mBuilding CXX object platforms/ros2/CMakeFiles/px4__rosidl_typesupport_fastrtps_c.dir/rosidl_typesupport_fastrtps_c/px4/msg/detail/rover_position_setpoint__type_support_c.cpp.o[0m
[395.760s] [ 62%] [32mBuilding CXX object platforms/ros2/CMakeFiles/px4__rosidl_typesupport_fastrtps_cpp.dir/rosidl_typesupport_fastrtps_cpp/px4/msg/detail/dds_fastrtps/rover_position_setpoint__type_support.cpp.o[0m
[395.776s] [ 62%] [32mBuilding CXX object platforms/ros2/CMakeFiles/px4__rosidl_typesupport_fastrtps_c.dir/rosidl_typesupport_fastrtps_c/px4/msg/detail/rover_rate_setpoint__type_support_c.cpp.o[0m
[396.485s] [ 62%] [32mBuilding CXX object platforms/ros2/CMakeFiles/px4__rosidl_typesupport_fastrtps_c.dir/rosidl_typesupport_fastrtps_c/px4/msg/detail/rover_rate_status__type_support_c.cpp.o[0m
[396.505s] [ 62%] [32mBuilding CXX object platforms/ros2/CMakeFiles/px4__rosidl_typesupport_fastrtps_cpp.dir/rosidl_typesupport_fastrtps_cpp/px4/msg/detail/dds_fastrtps/rover_rate_setpoint__type_support.cpp.o[0m
[397.200s] [ 62%] [32mBuilding CXX object platforms/ros2/CMakeFiles/px4__rosidl_typesupport_fastrtps_c.dir/rosidl_typesupport_fastrtps_c/px4/msg/detail/rover_steering_setpoint__type_support_c.cpp.o[0m
[397.221s] [ 62%] [32mBuilding CXX object platforms/ros2/CMakeFiles/px4__rosidl_typesupport_fastrtps_cpp.dir/rosidl_typesupport_fastrtps_cpp/px4/msg/detail/dds_fastrtps/rover_rate_status__type_support.cpp.o[0m
[397.915s] [ 62%] [32mBuilding CXX object platforms/ros2/CMakeFiles/px4__rosidl_typesupport_fastrtps_c.dir/rosidl_typesupport_fastrtps_c/px4/msg/detail/rover_throttle_setpoint__type_support_c.cpp.o[0m
[397.940s] [ 62%] [32mBuilding CXX object platforms/ros2/CMakeFiles/px4__rosidl_typesupport_fastrtps_cpp.dir/rosidl_typesupport_fastrtps_cpp/px4/msg/detail/dds_fastrtps/rover_steering_setpoint__type_support.cpp.o[0m
[398.640s] [ 62%] [32mBuilding CXX object platforms/ros2/CMakeFiles/px4__rosidl_typesupport_fastrtps_c.dir/rosidl_typesupport_fastrtps_c/px4/msg/detail/rover_velocity_status__type_support_c.cpp.o[0m
[398.672s] [ 62%] [32mBuilding CXX object platforms/ros2/CMakeFiles/px4__rosidl_typesupport_fastrtps_cpp.dir/rosidl_typesupport_fastrtps_cpp/px4/msg/detail/dds_fastrtps/rover_throttle_setpoint__type_support.cpp.o[0m
[399.376s] [ 62%] [32mBuilding CXX object platforms/ros2/CMakeFiles/px4__rosidl_typesupport_fastrtps_c.dir/rosidl_typesupport_fastrtps_c/px4/msg/detail/rpm__type_support_c.cpp.o[0m
[399.380s] [ 62%] [32mBuilding CXX object platforms/ros2/CMakeFiles/px4__rosidl_typesupport_fastrtps_cpp.dir/rosidl_typesupport_fastrtps_cpp/px4/msg/detail/dds_fastrtps/rover_velocity_status__type_support.cpp.o[0m
[400.074s] [ 62%] [32mBuilding CXX object platforms/ros2/CMakeFiles/px4__rosidl_typesupport_fastrtps_c.dir/rosidl_typesupport_fastrtps_c/px4/msg/detail/rtl_status__type_support_c.cpp.o[0m
[400.124s] [ 62%] [32mBuilding CXX object platforms/ros2/CMakeFiles/px4__rosidl_typesupport_fastrtps_cpp.dir/rosidl_typesupport_fastrtps_cpp/px4/msg/detail/dds_fastrtps/rpm__type_support.cpp.o[0m
[400.806s] [ 62%] [32mBuilding CXX object platforms/ros2/CMakeFiles/px4__rosidl_typesupport_fastrtps_c.dir/rosidl_typesupport_fastrtps_c/px4/msg/detail/rtl_time_estimate__type_support_c.cpp.o[0m
[400.840s] [ 62%] [32mBuilding CXX object platforms/ros2/CMakeFiles/px4__rosidl_typesupport_fastrtps_cpp.dir/rosidl_typesupport_fastrtps_cpp/px4/msg/detail/dds_fastrtps/rtl_status__type_support.cpp.o[0m
[401.532s] [ 62%] [32mBuilding CXX object platforms/ros2/CMakeFiles/px4__rosidl_typesupport_fastrtps_c.dir/rosidl_typesupport_fastrtps_c/px4/msg/detail/satellite_info__type_support_c.cpp.o[0m
[401.572s] [ 62%] [32mBuilding CXX object platforms/ros2/CMakeFiles/px4__rosidl_typesupport_fastrtps_cpp.dir/rosidl_typesupport_fastrtps_cpp/px4/msg/detail/dds_fastrtps/rtl_time_estimate__type_support.cpp.o[0m
[402.250s] [ 62%] [32mBuilding CXX object platforms/ros2/CMakeFiles/px4__rosidl_typesupport_fastrtps_c.dir/rosidl_typesupport_fastrtps_c/px4/msg/detail/sensor_accel__type_support_c.cpp.o[0m
[402.287s] [ 62%] [32mBuilding CXX object platforms/ros2/CMakeFiles/px4__rosidl_typesupport_fastrtps_cpp.dir/rosidl_typesupport_fastrtps_cpp/px4/msg/detail/dds_fastrtps/satellite_info__type_support.cpp.o[0m
[403.004s] [ 62%] [32mBuilding CXX object platforms/ros2/CMakeFiles/px4__rosidl_typesupport_fastrtps_c.dir/rosidl_typesupport_fastrtps_c/px4/msg/detail/sensor_accel_fifo__type_support_c.cpp.o[0m
[403.032s] [ 62%] [32mBuilding CXX object platforms/ros2/CMakeFiles/px4__rosidl_typesupport_fastrtps_cpp.dir/rosidl_typesupport_fastrtps_cpp/px4/msg/detail/dds_fastrtps/sensor_accel__type_support.cpp.o[0m
[403.747s] [ 62%] [32mBuilding CXX object platforms/ros2/CMakeFiles/px4__rosidl_typesupport_fastrtps_c.dir/rosidl_typesupport_fastrtps_c/px4/msg/detail/sensor_airflow__type_support_c.cpp.o[0m
[403.798s] [ 62%] [32mBuilding CXX object platforms/ros2/CMakeFiles/px4__rosidl_typesupport_fastrtps_cpp.dir/rosidl_typesupport_fastrtps_cpp/px4/msg/detail/dds_fastrtps/sensor_accel_fifo__type_support.cpp.o[0m
[404.469s] [ 62%] [32mBuilding CXX object platforms/ros2/CMakeFiles/px4__rosidl_typesupport_fastrtps_c.dir/rosidl_typesupport_fastrtps_c/px4/msg/detail/sensor_baro__type_support_c.cpp.o[0m
[404.560s] [ 62%] [32mBuilding CXX object platforms/ros2/CMakeFiles/px4__rosidl_typesupport_fastrtps_cpp.dir/rosidl_typesupport_fastrtps_cpp/px4/msg/detail/dds_fastrtps/sensor_airflow__type_support.cpp.o[0m
[405.206s] [ 62%] [32mBuilding CXX object platforms/ros2/CMakeFiles/px4__rosidl_typesupport_fastrtps_c.dir/rosidl_typesupport_fastrtps_c/px4/msg/detail/sensor_combined__type_support_c.cpp.o[0m
[405.289s] [ 62%] [32mBuilding CXX object platforms/ros2/CMakeFiles/px4__rosidl_typesupport_fastrtps_cpp.dir/rosidl_typesupport_fastrtps_cpp/px4/msg/detail/dds_fastrtps/sensor_baro__type_support.cpp.o[0m
[405.953s] [ 62%] [32mBuilding CXX object platforms/ros2/CMakeFiles/px4__rosidl_typesupport_fastrtps_c.dir/rosidl_typesupport_fastrtps_c/px4/msg/detail/sensor_correction__type_support_c.cpp.o[0m
[406.023s] [ 62%] [32mBuilding CXX object platforms/ros2/CMakeFiles/px4__rosidl_typesupport_fastrtps_cpp.dir/rosidl_typesupport_fastrtps_cpp/px4/msg/detail/dds_fastrtps/sensor_combined__type_support.cpp.o[0m
[406.705s] [ 63%] [32mBuilding CXX object platforms/ros2/CMakeFiles/px4__rosidl_typesupport_fastrtps_c.dir/rosidl_typesupport_fastrtps_c/px4/msg/detail/sensor_gnss_relative__type_support_c.cpp.o[0m
[406.796s] [ 63%] [32mBuilding CXX object platforms/ros2/CMakeFiles/px4__rosidl_typesupport_fastrtps_cpp.dir/rosidl_typesupport_fastrtps_cpp/px4/msg/detail/dds_fastrtps/sensor_correction__type_support.cpp.o[0m
[407.526s] [ 63%] [32mBuilding CXX object platforms/ros2/CMakeFiles/px4__rosidl_typesupport_fastrtps_c.dir/rosidl_typesupport_fastrtps_c/px4/msg/detail/sensor_gps__type_support_c.cpp.o[0m
[407.668s] [ 63%] [32mBuilding CXX object platforms/ros2/CMakeFiles/px4__rosidl_typesupport_fastrtps_cpp.dir/rosidl_typesupport_fastrtps_cpp/px4/msg/detail/dds_fastrtps/sensor_gnss_relative__type_support.cpp.o[0m
[408.455s] [ 63%] [32mBuilding CXX object platforms/ros2/CMakeFiles/px4__rosidl_typesupport_fastrtps_c.dir/rosidl_typesupport_fastrtps_c/px4/msg/detail/sensor_gyro__type_support_c.cpp.o[0m
[408.503s] [ 63%] [32mBuilding CXX object platforms/ros2/CMakeFiles/px4__rosidl_typesupport_fastrtps_cpp.dir/rosidl_typesupport_fastrtps_cpp/px4/msg/detail/dds_fastrtps/sensor_gps__type_support.cpp.o[0m
[409.199s] [ 63%] [32mBuilding CXX object platforms/ros2/CMakeFiles/px4__rosidl_typesupport_fastrtps_c.dir/rosidl_typesupport_fastrtps_c/px4/msg/detail/sensor_gyro_fft__type_support_c.cpp.o[0m
[409.427s] [ 63%] [32mBuilding CXX object platforms/ros2/CMakeFiles/px4__rosidl_typesupport_fastrtps_cpp.dir/rosidl_typesupport_fastrtps_cpp/px4/msg/detail/dds_fastrtps/sensor_gyro__type_support.cpp.o[0m
[409.922s] [ 63%] [32mBuilding CXX object platforms/ros2/CMakeFiles/px4__rosidl_typesupport_fastrtps_c.dir/rosidl_typesupport_fastrtps_c/px4/msg/detail/sensor_gyro_fifo__type_support_c.cpp.o[0m
[410.189s] [ 64%] [32mBuilding CXX object platforms/ros2/CMakeFiles/px4__rosidl_typesupport_fastrtps_cpp.dir/rosidl_typesupport_fastrtps_cpp/px4/msg/detail/dds_fastrtps/sensor_gyro_fft__type_support.cpp.o[0m
[410.660s] [ 64%] [32mBuilding CXX object platforms/ros2/CMakeFiles/px4__rosidl_typesupport_fastrtps_c.dir/rosidl_typesupport_fastrtps_c/px4/msg/detail/sensor_hygrometer__type_support_c.cpp.o[0m
[410.958s] [ 64%] [32mBuilding CXX object platforms/ros2/CMakeFiles/px4__rosidl_typesupport_fastrtps_cpp.dir/rosidl_typesupport_fastrtps_cpp/px4/msg/detail/dds_fastrtps/sensor_gyro_fifo__type_support.cpp.o[0m
[411.387s] [ 64%] [32mBuilding CXX object platforms/ros2/CMakeFiles/px4__rosidl_typesupport_fastrtps_c.dir/rosidl_typesupport_fastrtps_c/px4/msg/detail/sensor_mag__type_support_c.cpp.o[0m
[411.722s] [ 64%] [32mBuilding CXX object platforms/ros2/CMakeFiles/px4__rosidl_typesupport_fastrtps_cpp.dir/rosidl_typesupport_fastrtps_cpp/px4/msg/detail/dds_fastrtps/sensor_hygrometer__type_support.cpp.o[0m
[412.135s] [ 64%] [32mBuilding CXX object platforms/ros2/CMakeFiles/px4__rosidl_typesupport_fastrtps_c.dir/rosidl_typesupport_fastrtps_c/px4/msg/detail/sensor_optical_flow__type_support_c.cpp.o[0m
[412.450s] [ 64%] [32mBuilding CXX object platforms/ros2/CMakeFiles/px4__rosidl_typesupport_fastrtps_cpp.dir/rosidl_typesupport_fastrtps_cpp/px4/msg/detail/dds_fastrtps/sensor_mag__type_support.cpp.o[0m
[412.913s] [ 64%] [32mBuilding CXX object platforms/ros2/CMakeFiles/px4__rosidl_typesupport_fastrtps_c.dir/rosidl_typesupport_fastrtps_c/px4/msg/detail/sensor_preflight_mag__type_support_c.cpp.o[0m
[413.199s] [ 64%] [32mBuilding CXX object platforms/ros2/CMakeFiles/px4__rosidl_typesupport_fastrtps_cpp.dir/rosidl_typesupport_fastrtps_cpp/px4/msg/detail/dds_fastrtps/sensor_optical_flow__type_support.cpp.o[0m
[413.607s] [ 64%] [32mBuilding CXX object platforms/ros2/CMakeFiles/px4__rosidl_typesupport_fastrtps_c.dir/rosidl_typesupport_fastrtps_c/px4/msg/detail/sensor_selection__type_support_c.cpp.o[0m
[414.007s] [ 64%] [32mBuilding CXX object platforms/ros2/CMakeFiles/px4__rosidl_typesupport_fastrtps_cpp.dir/rosidl_typesupport_fastrtps_cpp/px4/msg/detail/dds_fastrtps/sensor_preflight_mag__type_support.cpp.o[0m
[414.310s] [ 64%] [32mBuilding CXX object platforms/ros2/CMakeFiles/px4__rosidl_typesupport_fastrtps_c.dir/rosidl_typesupport_fastrtps_c/px4/msg/detail/sensor_uwb__type_support_c.cpp.o[0m
[414.712s] [ 64%] [32mBuilding CXX object platforms/ros2/CMakeFiles/px4__rosidl_typesupport_fastrtps_cpp.dir/rosidl_typesupport_fastrtps_cpp/px4/msg/detail/dds_fastrtps/sensor_selection__type_support.cpp.o[0m
[415.130s] [ 64%] [32mBuilding CXX object platforms/ros2/CMakeFiles/px4__rosidl_typesupport_fastrtps_c.dir/rosidl_typesupport_fastrtps_c/px4/msg/detail/sensors_status__type_support_c.cpp.o[0m
[415.433s] [ 64%] [32mBuilding CXX object platforms/ros2/CMakeFiles/px4__rosidl_typesupport_fastrtps_cpp.dir/rosidl_typesupport_fastrtps_cpp/px4/msg/detail/dds_fastrtps/sensor_uwb__type_support.cpp.o[0m
[415.856s] [ 64%] [32mBuilding CXX object platforms/ros2/CMakeFiles/px4__rosidl_typesupport_fastrtps_c.dir/rosidl_typesupport_fastrtps_c/px4/msg/detail/sensors_status_imu__type_support_c.cpp.o[0m
[416.272s] [ 64%] [32mBuilding CXX object platforms/ros2/CMakeFiles/px4__rosidl_typesupport_fastrtps_cpp.dir/rosidl_typesupport_fastrtps_cpp/px4/msg/detail/dds_fastrtps/sensors_status__type_support.cpp.o[0m
[416.609s] [ 64%] [32mBuilding CXX object platforms/ros2/CMakeFiles/px4__rosidl_typesupport_fastrtps_c.dir/rosidl_typesupport_fastrtps_c/px4/msg/detail/system_power__type_support_c.cpp.o[0m
[417.060s] [ 64%] [32mBuilding CXX object platforms/ros2/CMakeFiles/px4__rosidl_typesupport_fastrtps_cpp.dir/rosidl_typesupport_fastrtps_cpp/px4/msg/detail/dds_fastrtps/sensors_status_imu__type_support.cpp.o[0m
[417.385s] [ 64%] [32mBuilding CXX object platforms/ros2/CMakeFiles/px4__rosidl_typesupport_fastrtps_c.dir/rosidl_typesupport_fastrtps_c/px4/msg/detail/takeoff_status__type_support_c.cpp.o[0m
[417.860s] [ 64%] [32mBuilding CXX object platforms/ros2/CMakeFiles/px4__rosidl_typesupport_fastrtps_cpp.dir/rosidl_typesupport_fastrtps_cpp/px4/msg/detail/dds_fastrtps/system_power__type_support.cpp.o[0m
[418.089s] [ 64%] [32mBuilding CXX object platforms/ros2/CMakeFiles/px4__rosidl_typesupport_fastrtps_c.dir/rosidl_typesupport_fastrtps_c/px4/msg/detail/task_stack_info__type_support_c.cpp.o[0m
[418.644s] [ 64%] [32mBuilding CXX object platforms/ros2/CMakeFiles/px4__rosidl_typesupport_fastrtps_cpp.dir/rosidl_typesupport_fastrtps_cpp/px4/msg/detail/dds_fastrtps/takeoff_status__type_support.cpp.o[0m
[418.793s] [ 64%] [32mBuilding CXX object platforms/ros2/CMakeFiles/px4__rosidl_typesupport_fastrtps_c.dir/rosidl_typesupport_fastrtps_c/px4/msg/detail/tecs_status__type_support_c.cpp.o[0m
[419.359s] [ 64%] [32mBuilding CXX object platforms/ros2/CMakeFiles/px4__rosidl_typesupport_fastrtps_cpp.dir/rosidl_typesupport_fastrtps_cpp/px4/msg/detail/dds_fastrtps/task_stack_info__type_support.cpp.o[0m
[419.631s] [ 64%] [32mBuilding CXX object platforms/ros2/CMakeFiles/px4__rosidl_typesupport_fastrtps_c.dir/rosidl_typesupport_fastrtps_c/px4/msg/detail/telemetry_status__type_support_c.cpp.o[0m
[420.080s] [ 64%] [32mBuilding CXX object platforms/ros2/CMakeFiles/px4__rosidl_typesupport_fastrtps_cpp.dir/rosidl_typesupport_fastrtps_cpp/px4/msg/detail/dds_fastrtps/tecs_status__type_support.cpp.o[0m
[420.569s] [ 64%] [32mBuilding CXX object platforms/ros2/CMakeFiles/px4__rosidl_typesupport_fastrtps_c.dir/rosidl_typesupport_fastrtps_c/px4/msg/detail/tiltrotor_extra_controls__type_support_c.cpp.o[0m
[420.953s] [ 64%] [32mBuilding CXX object platforms/ros2/CMakeFiles/px4__rosidl_typesupport_fastrtps_cpp.dir/rosidl_typesupport_fastrtps_cpp/px4/msg/detail/dds_fastrtps/telemetry_status__type_support.cpp.o[0m
[421.265s] [ 64%] [32mBuilding CXX object platforms/ros2/CMakeFiles/px4__rosidl_typesupport_fastrtps_c.dir/rosidl_typesupport_fastrtps_c/px4/msg/detail/timesync_status__type_support_c.cpp.o[0m
[421.888s] [ 64%] [32mBuilding CXX object platforms/ros2/CMakeFiles/px4__rosidl_typesupport_fastrtps_cpp.dir/rosidl_typesupport_fastrtps_cpp/px4/msg/detail/dds_fastrtps/tiltrotor_extra_controls__type_support.cpp.o[0m
[421.992s] [ 64%] [32mBuilding CXX object platforms/ros2/CMakeFiles/px4__rosidl_typesupport_fastrtps_c.dir/rosidl_typesupport_fastrtps_c/px4/msg/detail/trajectory_setpoint6dof__type_support_c.cpp.o[0m
[422.615s] [ 64%] [32mBuilding CXX object platforms/ros2/CMakeFiles/px4__rosidl_typesupport_fastrtps_cpp.dir/rosidl_typesupport_fastrtps_cpp/px4/msg/detail/dds_fastrtps/timesync_status__type_support.cpp.o[0m
[422.690s] [ 64%] [32mBuilding CXX object platforms/ros2/CMakeFiles/px4__rosidl_typesupport_fastrtps_c.dir/rosidl_typesupport_fastrtps_c/px4/msg/detail/transponder_report__type_support_c.cpp.o[0m
[423.354s] [ 64%] [32mBuilding CXX object platforms/ros2/CMakeFiles/px4__rosidl_typesupport_fastrtps_cpp.dir/rosidl_typesupport_fastrtps_cpp/px4/msg/detail/dds_fastrtps/trajectory_setpoint6dof__type_support.cpp.o[0m
[423.487s] [ 64%] [32mBuilding CXX object platforms/ros2/CMakeFiles/px4__rosidl_typesupport_fastrtps_c.dir/rosidl_typesupport_fastrtps_c/px4/msg/detail/tune_control__type_support_c.cpp.o[0m
[424.105s] [ 64%] [32mBuilding CXX object platforms/ros2/CMakeFiles/px4__rosidl_typesupport_fastrtps_cpp.dir/rosidl_typesupport_fastrtps_cpp/px4/msg/detail/dds_fastrtps/transponder_report__type_support.cpp.o[0m
[424.226s] [ 64%] [32mBuilding CXX object platforms/ros2/CMakeFiles/px4__rosidl_typesupport_fastrtps_c.dir/rosidl_typesupport_fastrtps_c/px4/msg/detail/uavcan_parameter_request__type_support_c.cpp.o[0m
[424.914s] [ 64%] [32mBuilding CXX object platforms/ros2/CMakeFiles/px4__rosidl_typesupport_fastrtps_cpp.dir/rosidl_typesupport_fastrtps_cpp/px4/msg/detail/dds_fastrtps/tune_control__type_support.cpp.o[0m
[424.995s] [ 64%] [32mBuilding CXX object platforms/ros2/CMakeFiles/px4__rosidl_typesupport_fastrtps_c.dir/rosidl_typesupport_fastrtps_c/px4/msg/detail/uavcan_parameter_value__type_support_c.cpp.o[0m
[425.667s] [ 64%] [32mBuilding CXX object platforms/ros2/CMakeFiles/px4__rosidl_typesupport_fastrtps_cpp.dir/rosidl_typesupport_fastrtps_cpp/px4/msg/detail/dds_fastrtps/uavcan_parameter_request__type_support.cpp.o[0m
[425.756s] [ 64%] [32mBuilding CXX object platforms/ros2/CMakeFiles/px4__rosidl_typesupport_fastrtps_c.dir/rosidl_typesupport_fastrtps_c/px4/msg/detail/ulog_stream__type_support_c.cpp.o[0m
[426.434s] [ 64%] [32mBuilding CXX object platforms/ros2/CMakeFiles/px4__rosidl_typesupport_fastrtps_cpp.dir/rosidl_typesupport_fastrtps_cpp/px4/msg/detail/dds_fastrtps/uavcan_parameter_value__type_support.cpp.o[0m
[426.476s] [ 64%] [32mBuilding CXX object platforms/ros2/CMakeFiles/px4__rosidl_typesupport_fastrtps_c.dir/rosidl_typesupport_fastrtps_c/px4/msg/detail/ulog_stream_ack__type_support_c.cpp.o[0m
[427.179s] [ 64%] [32mBuilding CXX object platforms/ros2/CMakeFiles/px4__rosidl_typesupport_fastrtps_c.dir/rosidl_typesupport_fastrtps_c/px4/msg/detail/vehicle_acceleration__type_support_c.cpp.o[0m
[427.200s] [ 64%] [32mBuilding CXX object platforms/ros2/CMakeFiles/px4__rosidl_typesupport_fastrtps_cpp.dir/rosidl_typesupport_fastrtps_cpp/px4/msg/detail/dds_fastrtps/ulog_stream__type_support.cpp.o[0m
[427.881s] [ 64%] [32mBuilding CXX object platforms/ros2/CMakeFiles/px4__rosidl_typesupport_fastrtps_c.dir/rosidl_typesupport_fastrtps_c/px4/msg/detail/vehicle_air_data__type_support_c.cpp.o[0m
[427.934s] [ 64%] [32mBuilding CXX object platforms/ros2/CMakeFiles/px4__rosidl_typesupport_fastrtps_cpp.dir/rosidl_typesupport_fastrtps_cpp/px4/msg/detail/dds_fastrtps/ulog_stream_ack__type_support.cpp.o[0m
[428.643s] [ 64%] [32mBuilding CXX object platforms/ros2/CMakeFiles/px4__rosidl_typesupport_fastrtps_cpp.dir/rosidl_typesupport_fastrtps_cpp/px4/msg/detail/dds_fastrtps/vehicle_acceleration__type_support.cpp.o[0m
[428.646s] [ 65%] [32mBuilding CXX object platforms/ros2/CMakeFiles/px4__rosidl_typesupport_fastrtps_c.dir/rosidl_typesupport_fastrtps_c/px4/msg/detail/vehicle_angular_acceleration_setpoint__type_support_c.cpp.o[0m
[429.353s] [ 65%] [32mBuilding CXX object platforms/ros2/CMakeFiles/px4__rosidl_typesupport_fastrtps_c.dir/rosidl_typesupport_fastrtps_c/px4/msg/detail/vehicle_constraints__type_support_c.cpp.o[0m
[429.371s] [ 65%] [32mBuilding CXX object platforms/ros2/CMakeFiles/px4__rosidl_typesupport_fastrtps_cpp.dir/rosidl_typesupport_fastrtps_cpp/px4/msg/detail/dds_fastrtps/vehicle_air_data__type_support.cpp.o[0m
[430.069s] [ 65%] [32mBuilding CXX object platforms/ros2/CMakeFiles/px4__rosidl_typesupport_fastrtps_c.dir/rosidl_typesupport_fastrtps_c/px4/msg/detail/vehicle_imu__type_support_c.cpp.o[0m
[430.122s] [ 65%] [32mBuilding CXX object platforms/ros2/CMakeFiles/px4__rosidl_typesupport_fastrtps_cpp.dir/rosidl_typesupport_fastrtps_cpp/px4/msg/detail/dds_fastrtps/vehicle_angular_acceleration_setpoint__type_support.cpp.o[0m
[430.829s] [ 65%] [32mBuilding CXX object platforms/ros2/CMakeFiles/px4__rosidl_typesupport_fastrtps_c.dir/rosidl_typesupport_fastrtps_c/px4/msg/detail/vehicle_imu_status__type_support_c.cpp.o[0m
[430.844s] [ 65%] [32mBuilding CXX object platforms/ros2/CMakeFiles/px4__rosidl_typesupport_fastrtps_cpp.dir/rosidl_typesupport_fastrtps_cpp/px4/msg/detail/dds_fastrtps/vehicle_constraints__type_support.cpp.o[0m
[431.564s] [ 67%] [32mBuilding CXX object platforms/ros2/CMakeFiles/px4__rosidl_typesupport_fastrtps_cpp.dir/rosidl_typesupport_fastrtps_cpp/px4/msg/detail/dds_fastrtps/vehicle_imu__type_support.cpp.o[0m
[431.622s] [ 67%] [32mBuilding CXX object platforms/ros2/CMakeFiles/px4__rosidl_typesupport_fastrtps_c.dir/rosidl_typesupport_fastrtps_c/px4/msg/detail/vehicle_local_position_setpoint__type_support_c.cpp.o[0m
[432.336s] [ 67%] [32mBuilding CXX object platforms/ros2/CMakeFiles/px4__rosidl_typesupport_fastrtps_cpp.dir/rosidl_typesupport_fastrtps_cpp/px4/msg/detail/dds_fastrtps/vehicle_imu_status__type_support.cpp.o[0m
[432.361s] [ 67%] [32mBuilding CXX object platforms/ros2/CMakeFiles/px4__rosidl_typesupport_fastrtps_c.dir/rosidl_typesupport_fastrtps_c/px4/msg/detail/vehicle_magnetometer__type_support_c.cpp.o[0m
[433.079s] [ 67%] [32mBuilding CXX object platforms/ros2/CMakeFiles/px4__rosidl_typesupport_fastrtps_c.dir/rosidl_typesupport_fastrtps_c/px4/msg/detail/vehicle_optical_flow__type_support_c.cpp.o[0m
[433.168s] [ 67%] [32mBuilding CXX object platforms/ros2/CMakeFiles/px4__rosidl_typesupport_fastrtps_cpp.dir/rosidl_typesupport_fastrtps_cpp/px4/msg/detail/dds_fastrtps/vehicle_local_position_setpoint__type_support.cpp.o[0m
[433.826s] [ 67%] [32mBuilding CXX object platforms/ros2/CMakeFiles/px4__rosidl_typesupport_fastrtps_c.dir/rosidl_typesupport_fastrtps_c/px4/msg/detail/vehicle_optical_flow_vel__type_support_c.cpp.o[0m
[433.929s] [ 67%] [32mBuilding CXX object platforms/ros2/CMakeFiles/px4__rosidl_typesupport_fastrtps_cpp.dir/rosidl_typesupport_fastrtps_cpp/px4/msg/detail/dds_fastrtps/vehicle_magnetometer__type_support.cpp.o[0m
[434.547s] [ 67%] [32mBuilding CXX object platforms/ros2/CMakeFiles/px4__rosidl_typesupport_fastrtps_c.dir/rosidl_typesupport_fastrtps_c/px4/msg/detail/vehicle_roi__type_support_c.cpp.o[0m
[434.658s] [ 67%] [32mBuilding CXX object platforms/ros2/CMakeFiles/px4__rosidl_typesupport_fastrtps_cpp.dir/rosidl_typesupport_fastrtps_cpp/px4/msg/detail/dds_fastrtps/vehicle_optical_flow__type_support.cpp.o[0m
[435.302s] [ 67%] [32mBuilding CXX object platforms/ros2/CMakeFiles/px4__rosidl_typesupport_fastrtps_c.dir/rosidl_typesupport_fastrtps_c/px4/msg/detail/vehicle_thrust_setpoint__type_support_c.cpp.o[0m
[435.444s] [ 67%] [32mBuilding CXX object platforms/ros2/CMakeFiles/px4__rosidl_typesupport_fastrtps_cpp.dir/rosidl_typesupport_fastrtps_cpp/px4/msg/detail/dds_fastrtps/vehicle_optical_flow_vel__type_support.cpp.o[0m
[436.002s] [ 67%] [32mBuilding CXX object platforms/ros2/CMakeFiles/px4__rosidl_typesupport_fastrtps_c.dir/rosidl_typesupport_fastrtps_c/px4/msg/detail/vehicle_torque_setpoint__type_support_c.cpp.o[0m
[436.224s] [ 67%] [32mBuilding CXX object platforms/ros2/CMakeFiles/px4__rosidl_typesupport_fastrtps_cpp.dir/rosidl_typesupport_fastrtps_cpp/px4/msg/detail/dds_fastrtps/vehicle_roi__type_support.cpp.o[0m
[436.732s] [ 67%] [32mBuilding CXX object platforms/ros2/CMakeFiles/px4__rosidl_typesupport_fastrtps_c.dir/rosidl_typesupport_fastrtps_c/px4/msg/detail/velocity_limits__type_support_c.cpp.o[0m
[437.040s] [ 67%] [32mBuilding CXX object platforms/ros2/CMakeFiles/px4__rosidl_typesupport_fastrtps_cpp.dir/rosidl_typesupport_fastrtps_cpp/px4/msg/detail/dds_fastrtps/vehicle_thrust_setpoint__type_support.cpp.o[0m
[437.458s] [ 67%] [32mBuilding CXX object platforms/ros2/CMakeFiles/px4__rosidl_typesupport_fastrtps_c.dir/rosidl_typesupport_fastrtps_c/px4/msg/detail/wheel_encoders__type_support_c.cpp.o[0m
[437.763s] [ 67%] [32mBuilding CXX object platforms/ros2/CMakeFiles/px4__rosidl_typesupport_fastrtps_cpp.dir/rosidl_typesupport_fastrtps_cpp/px4/msg/detail/dds_fastrtps/vehicle_torque_setpoint__type_support.cpp.o[0m
[438.157s] [ 67%] [32mBuilding CXX object platforms/ros2/CMakeFiles/px4__rosidl_typesupport_fastrtps_c.dir/rosidl_typesupport_fastrtps_c/px4/msg/detail/wind__type_support_c.cpp.o[0m
[438.524s] [ 67%] [32mBuilding CXX object platforms/ros2/CMakeFiles/px4__rosidl_typesupport_fastrtps_cpp.dir/rosidl_typesupport_fastrtps_cpp/px4/msg/detail/dds_fastrtps/velocity_limits__type_support.cpp.o[0m
[439.118s] [ 67%] [32mBuilding CXX object platforms/ros2/CMakeFiles/px4__rosidl_typesupport_fastrtps_c.dir/rosidl_typesupport_fastrtps_c/px4/msg/detail/yaw_estimator_status__type_support_c.cpp.o[0m
[439.528s] [ 67%] [32mBuilding CXX object platforms/ros2/CMakeFiles/px4__rosidl_typesupport_fastrtps_cpp.dir/rosidl_typesupport_fastrtps_cpp/px4/msg/detail/dds_fastrtps/wheel_encoders__type_support.cpp.o[0m
[440.083s] [ 67%] [32mBuilding CXX object platforms/ros2/CMakeFiles/px4__rosidl_typesupport_fastrtps_c.dir/rosidl_typesupport_fastrtps_c/px4/msg/detail/actuator_motors__type_support_c.cpp.o[0m
[440.590s] [ 67%] [32mBuilding CXX object platforms/ros2/CMakeFiles/px4__rosidl_typesupport_fastrtps_cpp.dir/rosidl_typesupport_fastrtps_cpp/px4/msg/detail/dds_fastrtps/wind__type_support.cpp.o[0m
[441.094s] [ 67%] [32mBuilding CXX object platforms/ros2/CMakeFiles/px4__rosidl_typesupport_fastrtps_c.dir/rosidl_typesupport_fastrtps_c/px4/msg/detail/actuator_servos__type_support_c.cpp.o[0m
[442.043s] [ 67%] [32mBuilding CXX object platforms/ros2/CMakeFiles/px4__rosidl_typesupport_fastrtps_c.dir/rosidl_typesupport_fastrtps_c/px4/msg/detail/airspeed_validated__type_support_c.cpp.o[0m
[442.180s] [ 67%] [32mBuilding CXX object platforms/ros2/CMakeFiles/px4__rosidl_typesupport_fastrtps_cpp.dir/rosidl_typesupport_fastrtps_cpp/px4/msg/detail/dds_fastrtps/yaw_estimator_status__type_support.cpp.o[0m
[443.395s] [ 67%] [32mBuilding CXX object platforms/ros2/CMakeFiles/px4__rosidl_typesupport_fastrtps_cpp.dir/rosidl_typesupport_fastrtps_cpp/px4/msg/detail/dds_fastrtps/actuator_motors__type_support.cpp.o[0m
[443.670s] [ 67%] [32mBuilding CXX object platforms/ros2/CMakeFiles/px4__rosidl_typesupport_fastrtps_c.dir/rosidl_typesupport_fastrtps_c/px4/msg/detail/arming_check_reply__type_support_c.cpp.o[0m
[444.801s] [ 67%] [32mBuilding CXX object platforms/ros2/CMakeFiles/px4__rosidl_typesupport_fastrtps_cpp.dir/rosidl_typesupport_fastrtps_cpp/px4/msg/detail/dds_fastrtps/actuator_servos__type_support.cpp.o[0m
[445.684s] [ 67%] [32mBuilding CXX object platforms/ros2/CMakeFiles/px4__rosidl_typesupport_fastrtps_c.dir/rosidl_typesupport_fastrtps_c/px4/msg/detail/arming_check_request__type_support_c.cpp.o[0m
[446.101s] [ 67%] [32mBuilding CXX object platforms/ros2/CMakeFiles/px4__rosidl_typesupport_fastrtps_cpp.dir/rosidl_typesupport_fastrtps_cpp/px4/msg/detail/dds_fastrtps/airspeed_validated__type_support.cpp.o[0m
[446.806s] [ 67%] [32mBuilding CXX object platforms/ros2/CMakeFiles/px4__rosidl_typesupport_fastrtps_c.dir/rosidl_typesupport_fastrtps_c/px4/msg/detail/battery_status__type_support_c.cpp.o[0m
[447.670s] [ 67%] [32mBuilding CXX object platforms/ros2/CMakeFiles/px4__rosidl_typesupport_fastrtps_cpp.dir/rosidl_typesupport_fastrtps_cpp/px4/msg/detail/dds_fastrtps/arming_check_reply__type_support.cpp.o[0m
[448.785s] [ 67%] [32mBuilding CXX object platforms/ros2/CMakeFiles/px4__rosidl_typesupport_fastrtps_c.dir/rosidl_typesupport_fastrtps_c/px4/msg/detail/config_overrides__type_support_c.cpp.o[0m
[449.334s] [ 67%] [32mBuilding CXX object platforms/ros2/CMakeFiles/px4__rosidl_typesupport_fastrtps_cpp.dir/rosidl_typesupport_fastrtps_cpp/px4/msg/detail/dds_fastrtps/arming_check_request__type_support.cpp.o[0m
[450.373s] [ 67%] [32mBuilding CXX object platforms/ros2/CMakeFiles/px4__rosidl_typesupport_fastrtps_c.dir/rosidl_typesupport_fastrtps_c/px4/msg/detail/goto_setpoint__type_support_c.cpp.o[0m
[450.825s] [ 67%] [32mBuilding CXX object platforms/ros2/CMakeFiles/px4__rosidl_typesupport_fastrtps_cpp.dir/rosidl_typesupport_fastrtps_cpp/px4/msg/detail/dds_fastrtps/battery_status__type_support.cpp.o[0m
[451.802s] [ 67%] [32mBuilding CXX object platforms/ros2/CMakeFiles/px4__rosidl_typesupport_fastrtps_c.dir/rosidl_typesupport_fastrtps_c/px4/msg/detail/home_position__type_support_c.cpp.o[0m
[452.720s] [ 67%] [32mBuilding CXX object platforms/ros2/CMakeFiles/px4__rosidl_typesupport_fastrtps_cpp.dir/rosidl_typesupport_fastrtps_cpp/px4/msg/detail/dds_fastrtps/config_overrides__type_support.cpp.o[0m
[453.432s] [ 67%] [32mBuilding CXX object platforms/ros2/CMakeFiles/px4__rosidl_typesupport_fastrtps_c.dir/rosidl_typesupport_fastrtps_c/px4/msg/detail/manual_control_setpoint__type_support_c.cpp.o[0m
[454.247s] [ 67%] [32mBuilding CXX object platforms/ros2/CMakeFiles/px4__rosidl_typesupport_fastrtps_cpp.dir/rosidl_typesupport_fastrtps_cpp/px4/msg/detail/dds_fastrtps/goto_setpoint__type_support.cpp.o[0m
[454.956s] [ 67%] [32mBuilding CXX object platforms/ros2/CMakeFiles/px4__rosidl_typesupport_fastrtps_c.dir/rosidl_typesupport_fastrtps_c/px4/msg/detail/mode_completed__type_support_c.cpp.o[0m
[455.731s] [ 67%] [32mBuilding CXX object platforms/ros2/CMakeFiles/px4__rosidl_typesupport_fastrtps_c.dir/rosidl_typesupport_fastrtps_c/px4/msg/detail/register_ext_component_reply__type_support_c.cpp.o[0m
[455.871s] [ 67%] [32mBuilding CXX object platforms/ros2/CMakeFiles/px4__rosidl_typesupport_fastrtps_cpp.dir/rosidl_typesupport_fastrtps_cpp/px4/msg/detail/dds_fastrtps/home_position__type_support.cpp.o[0m
[456.910s] [ 67%] [32mBuilding CXX object platforms/ros2/CMakeFiles/px4__rosidl_typesupport_fastrtps_c.dir/rosidl_typesupport_fastrtps_c/px4/msg/detail/register_ext_component_request__type_support_c.cpp.o[0m
[457.317s] [ 67%] [32mBuilding CXX object platforms/ros2/CMakeFiles/px4__rosidl_typesupport_fastrtps_cpp.dir/rosidl_typesupport_fastrtps_cpp/px4/msg/detail/dds_fastrtps/manual_control_setpoint__type_support.cpp.o[0m
[458.345s] [ 68%] [32mBuilding CXX object platforms/ros2/CMakeFiles/px4__rosidl_typesupport_fastrtps_c.dir/rosidl_typesupport_fastrtps_c/px4/msg/detail/trajectory_setpoint__type_support_c.cpp.o[0m
[458.821s] [ 68%] [32mBuilding CXX object platforms/ros2/CMakeFiles/px4__rosidl_typesupport_fastrtps_cpp.dir/rosidl_typesupport_fastrtps_cpp/px4/msg/detail/dds_fastrtps/mode_completed__type_support.cpp.o[0m
[459.600s] [ 68%] [32mBuilding CXX object platforms/ros2/CMakeFiles/px4__rosidl_typesupport_fastrtps_c.dir/rosidl_typesupport_fastrtps_c/px4/msg/detail/unregister_ext_component__type_support_c.cpp.o[0m
[460.391s] [ 68%] [32mBuilding CXX object platforms/ros2/CMakeFiles/px4__rosidl_typesupport_fastrtps_cpp.dir/rosidl_typesupport_fastrtps_cpp/px4/msg/detail/dds_fastrtps/register_ext_component_reply__type_support.cpp.o[0m
[460.822s] [ 68%] [32mBuilding CXX object platforms/ros2/CMakeFiles/px4__rosidl_typesupport_fastrtps_c.dir/rosidl_typesupport_fastrtps_c/px4/msg/detail/vehicle_angular_velocity__type_support_c.cpp.o[0m
[461.731s] [ 68%] [32mBuilding CXX object platforms/ros2/CMakeFiles/px4__rosidl_typesupport_fastrtps_cpp.dir/rosidl_typesupport_fastrtps_cpp/px4/msg/detail/dds_fastrtps/register_ext_component_request__type_support.cpp.o[0m
[462.266s] [ 68%] [32mBuilding CXX object platforms/ros2/CMakeFiles/px4__rosidl_typesupport_fastrtps_c.dir/rosidl_typesupport_fastrtps_c/px4/msg/detail/vehicle_attitude__type_support_c.cpp.o[0m
[463.208s] [ 68%] [32mBuilding CXX object platforms/ros2/CMakeFiles/px4__rosidl_typesupport_fastrtps_cpp.dir/rosidl_typesupport_fastrtps_cpp/px4/msg/detail/dds_fastrtps/trajectory_setpoint__type_support.cpp.o[0m
[463.373s] [ 68%] [32mBuilding CXX object platforms/ros2/CMakeFiles/px4__rosidl_typesupport_fastrtps_c.dir/rosidl_typesupport_fastrtps_c/px4/msg/detail/vehicle_attitude_setpoint__type_support_c.cpp.o[0m
[464.726s] [ 68%] [32mBuilding CXX object platforms/ros2/CMakeFiles/px4__rosidl_typesupport_fastrtps_c.dir/rosidl_typesupport_fastrtps_c/px4/msg/detail/vehicle_command__type_support_c.cpp.o[0m
[464.735s] [ 68%] [32mBuilding CXX object platforms/ros2/CMakeFiles/px4__rosidl_typesupport_fastrtps_cpp.dir/rosidl_typesupport_fastrtps_cpp/px4/msg/detail/dds_fastrtps/unregister_ext_component__type_support.cpp.o[0m
[465.909s] [ 68%] [32mBuilding CXX object platforms/ros2/CMakeFiles/px4__rosidl_typesupport_fastrtps_c.dir/rosidl_typesupport_fastrtps_c/px4/msg/detail/vehicle_command_ack__type_support_c.cpp.o[0m
[465.966s] [ 68%] [32mBuilding CXX object platforms/ros2/CMakeFiles/px4__rosidl_typesupport_fastrtps_cpp.dir/rosidl_typesupport_fastrtps_cpp/px4/msg/detail/dds_fastrtps/vehicle_angular_velocity__type_support.cpp.o[0m
[467.100s] [ 68%] [32mBuilding CXX object platforms/ros2/CMakeFiles/px4__rosidl_typesupport_fastrtps_c.dir/rosidl_typesupport_fastrtps_c/px4/msg/detail/vehicle_control_mode__type_support_c.cpp.o[0m
[467.117s] [ 69%] [32mBuilding CXX object platforms/ros2/CMakeFiles/px4__rosidl_typesupport_fastrtps_cpp.dir/rosidl_typesupport_fastrtps_cpp/px4/msg/detail/dds_fastrtps/vehicle_attitude__type_support.cpp.o[0m
[468.187s] [ 69%] [32mBuilding CXX object platforms/ros2/CMakeFiles/px4__rosidl_typesupport_fastrtps_c.dir/rosidl_typesupport_fastrtps_c/px4/msg/detail/vehicle_global_position__type_support_c.cpp.o[0m
[468.716s] [ 69%] [32mBuilding CXX object platforms/ros2/CMakeFiles/px4__rosidl_typesupport_fastrtps_cpp.dir/rosidl_typesupport_fastrtps_cpp/px4/msg/detail/dds_fastrtps/vehicle_attitude_setpoint__type_support.cpp.o[0m
[469.475s] [ 69%] [32mBuilding CXX object platforms/ros2/CMakeFiles/px4__rosidl_typesupport_fastrtps_c.dir/rosidl_typesupport_fastrtps_c/px4/msg/detail/vehicle_land_detected__type_support_c.cpp.o[0m
[470.360s] [ 69%] [32mBuilding CXX object platforms/ros2/CMakeFiles/px4__rosidl_typesupport_fastrtps_cpp.dir/rosidl_typesupport_fastrtps_cpp/px4/msg/detail/dds_fastrtps/vehicle_command__type_support.cpp.o[0m
[470.932s] [ 69%] [32mBuilding CXX object platforms/ros2/CMakeFiles/px4__rosidl_typesupport_fastrtps_c.dir/rosidl_typesupport_fastrtps_c/px4/msg/detail/vehicle_local_position__type_support_c.cpp.o[0m
[471.945s] [ 69%] [32mBuilding CXX object platforms/ros2/CMakeFiles/px4__rosidl_typesupport_fastrtps_cpp.dir/rosidl_typesupport_fastrtps_cpp/px4/msg/detail/dds_fastrtps/vehicle_command_ack__type_support.cpp.o[0m
[472.360s] [ 69%] [32mBuilding CXX object platforms/ros2/CMakeFiles/px4__rosidl_typesupport_fastrtps_c.dir/rosidl_typesupport_fastrtps_c/px4/msg/detail/vehicle_odometry__type_support_c.cpp.o[0m
[473.202s] [ 69%] [32mBuilding CXX object platforms/ros2/CMakeFiles/px4__rosidl_typesupport_fastrtps_cpp.dir/rosidl_typesupport_fastrtps_cpp/px4/msg/detail/dds_fastrtps/vehicle_control_mode__type_support.cpp.o[0m
[473.955s] [ 69%] [32mBuilding CXX object platforms/ros2/CMakeFiles/px4__rosidl_typesupport_fastrtps_c.dir/rosidl_typesupport_fastrtps_c/px4/msg/detail/vehicle_rates_setpoint__type_support_c.cpp.o[0m
[474.289s] [ 69%] [32mBuilding CXX object platforms/ros2/CMakeFiles/px4__rosidl_typesupport_fastrtps_cpp.dir/rosidl_typesupport_fastrtps_cpp/px4/msg/detail/dds_fastrtps/vehicle_global_position__type_support.cpp.o[0m
[475.408s] [ 69%] [32mBuilding CXX object platforms/ros2/CMakeFiles/px4__rosidl_typesupport_fastrtps_c.dir/rosidl_typesupport_fastrtps_c/px4/msg/detail/vehicle_status__type_support_c.cpp.o[0m
[475.499s] [ 69%] [32mBuilding CXX object platforms/ros2/CMakeFiles/px4__rosidl_typesupport_fastrtps_cpp.dir/rosidl_typesupport_fastrtps_cpp/px4/msg/detail/dds_fastrtps/vehicle_land_detected__type_support.cpp.o[0m
[476.426s] [ 69%] [32mBuilding CXX object platforms/ros2/CMakeFiles/px4__rosidl_typesupport_fastrtps_cpp.dir/rosidl_typesupport_fastrtps_cpp/px4/msg/detail/dds_fastrtps/vehicle_local_position__type_support.cpp.o[0m
[477.427s] [ 69%] [32mBuilding CXX object platforms/ros2/CMakeFiles/px4__rosidl_typesupport_fastrtps_c.dir/rosidl_typesupport_fastrtps_c/px4/msg/detail/vtol_vehicle_status__type_support_c.cpp.o[0m
[478.060s] [ 69%] [32mBuilding CXX object platforms/ros2/CMakeFiles/px4__rosidl_typesupport_fastrtps_cpp.dir/rosidl_typesupport_fastrtps_cpp/px4/msg/detail/dds_fastrtps/vehicle_odometry__type_support.cpp.o[0m
[478.667s] [ 69%] [32m[1mLinking CXX shared library libpx4__rosidl_typesupport_fastrtps_c.so[0m
[479.309s] [ 69%] Built target px4__rosidl_typesupport_fastrtps_c
[479.520s] [ 69%] [32mBuilding CXX object platforms/ros2/CMakeFiles/px4__rosidl_typesupport_fastrtps_cpp.dir/rosidl_typesupport_fastrtps_cpp/px4/msg/detail/dds_fastrtps/vehicle_rates_setpoint__type_support.cpp.o[0m
[480.464s] [ 69%] [32mBuilding CXX object platforms/ros2/CMakeFiles/px4__rosidl_typesupport_fastrtps_cpp.dir/rosidl_typesupport_fastrtps_cpp/px4/msg/detail/dds_fastrtps/vehicle_status__type_support.cpp.o[0m
[481.761s] [ 69%] [32mBuilding CXX object platforms/ros2/CMakeFiles/px4__rosidl_typesupport_fastrtps_cpp.dir/rosidl_typesupport_fastrtps_cpp/px4/msg/detail/dds_fastrtps/vtol_vehicle_status__type_support.cpp.o[0m
[482.637s] [ 69%] [32m[1mLinking CXX shared library libpx4__rosidl_typesupport_fastrtps_cpp.so[0m
[483.075s] [ 69%] Built target px4__rosidl_typesupport_fastrtps_cpp
[483.105s] [ 69%] [34m[1mGenerating C++ introspection for ROS interfaces[0m
[530.375s] [ 69%] [32mBuilding CXX object platforms/ros2/CMakeFiles/px4__rosidl_typesupport_introspection_cpp.dir/rosidl_typesupport_introspection_cpp/px4/msg/detail/ackermann_velocity_setpoint__type_support.cpp.o[0m
[530.838s] [ 69%] [32mBuilding CXX object platforms/ros2/CMakeFiles/px4__rosidl_typesupport_introspection_cpp.dir/rosidl_typesupport_introspection_cpp/px4/msg/detail/actuator_armed__type_support.cpp.o[0m
[531.292s] [ 69%] [32mBuilding CXX object platforms/ros2/CMakeFiles/px4__rosidl_typesupport_introspection_cpp.dir/rosidl_typesupport_introspection_cpp/px4/msg/detail/actuator_controls_status__type_support.cpp.o[0m
[531.757s] [ 69%] [32mBuilding CXX object platforms/ros2/CMakeFiles/px4__rosidl_typesupport_introspection_cpp.dir/rosidl_typesupport_introspection_cpp/px4/msg/detail/actuator_outputs__type_support.cpp.o[0m
[532.224s] [ 69%] [32mBuilding CXX object platforms/ros2/CMakeFiles/px4__rosidl_typesupport_introspection_cpp.dir/rosidl_typesupport_introspection_cpp/px4/msg/detail/actuator_servos_trim__type_support.cpp.o[0m
[532.705s] [ 69%] [32mBuilding CXX object platforms/ros2/CMakeFiles/px4__rosidl_typesupport_introspection_cpp.dir/rosidl_typesupport_introspection_cpp/px4/msg/detail/actuator_test__type_support.cpp.o[0m
[533.163s] [ 69%] [32mBuilding CXX object platforms/ros2/CMakeFiles/px4__rosidl_typesupport_introspection_cpp.dir/rosidl_typesupport_introspection_cpp/px4/msg/detail/adc_report__type_support.cpp.o[0m
[533.645s] [ 69%] [32mBuilding CXX object platforms/ros2/CMakeFiles/px4__rosidl_typesupport_introspection_cpp.dir/rosidl_typesupport_introspection_cpp/px4/msg/detail/airspeed__type_support.cpp.o[0m
[534.100s] [ 69%] [32mBuilding CXX object platforms/ros2/CMakeFiles/px4__rosidl_typesupport_introspection_cpp.dir/rosidl_typesupport_introspection_cpp/px4/msg/detail/airspeed_wind__type_support.cpp.o[0m
[534.574s] [ 69%] [32mBuilding CXX object platforms/ros2/CMakeFiles/px4__rosidl_typesupport_introspection_cpp.dir/rosidl_typesupport_introspection_cpp/px4/msg/detail/autotune_attitude_control_status__type_support.cpp.o[0m
[535.070s] [ 69%] [32mBuilding CXX object platforms/ros2/CMakeFiles/px4__rosidl_typesupport_introspection_cpp.dir/rosidl_typesupport_introspection_cpp/px4/msg/detail/button_event__type_support.cpp.o[0m
[535.524s] [ 69%] [32mBuilding CXX object platforms/ros2/CMakeFiles/px4__rosidl_typesupport_introspection_cpp.dir/rosidl_typesupport_introspection_cpp/px4/msg/detail/camera_capture__type_support.cpp.o[0m
[535.994s] [ 69%] [32mBuilding CXX object platforms/ros2/CMakeFiles/px4__rosidl_typesupport_introspection_cpp.dir/rosidl_typesupport_introspection_cpp/px4/msg/detail/camera_status__type_support.cpp.o[0m
[536.454s] [ 69%] [32mBuilding CXX object platforms/ros2/CMakeFiles/px4__rosidl_typesupport_introspection_cpp.dir/rosidl_typesupport_introspection_cpp/px4/msg/detail/camera_trigger__type_support.cpp.o[0m
[536.910s] [ 69%] [32mBuilding CXX object platforms/ros2/CMakeFiles/px4__rosidl_typesupport_introspection_cpp.dir/rosidl_typesupport_introspection_cpp/px4/msg/detail/can_interface_status__type_support.cpp.o[0m
[537.359s] [ 69%] [32mBuilding CXX object platforms/ros2/CMakeFiles/px4__rosidl_typesupport_introspection_cpp.dir/rosidl_typesupport_introspection_cpp/px4/msg/detail/cellular_status__type_support.cpp.o[0m
[537.821s] [ 69%] [32mBuilding CXX object platforms/ros2/CMakeFiles/px4__rosidl_typesupport_introspection_cpp.dir/rosidl_typesupport_introspection_cpp/px4/msg/detail/collision_constraints__type_support.cpp.o[0m
[538.293s] [ 70%] [32mBuilding CXX object platforms/ros2/CMakeFiles/px4__rosidl_typesupport_introspection_cpp.dir/rosidl_typesupport_introspection_cpp/px4/msg/detail/control_allocator_status__type_support.cpp.o[0m
[538.781s] [ 70%] [32mBuilding CXX object platforms/ros2/CMakeFiles/px4__rosidl_typesupport_introspection_cpp.dir/rosidl_typesupport_introspection_cpp/px4/msg/detail/cpuload__type_support.cpp.o[0m
[539.242s] [ 70%] [32mBuilding CXX object platforms/ros2/CMakeFiles/px4__rosidl_typesupport_introspection_cpp.dir/rosidl_typesupport_introspection_cpp/px4/msg/detail/dataman_request__type_support.cpp.o[0m
[539.721s] [ 70%] [32mBuilding CXX object platforms/ros2/CMakeFiles/px4__rosidl_typesupport_introspection_cpp.dir/rosidl_typesupport_introspection_cpp/px4/msg/detail/dataman_response__type_support.cpp.o[0m
[540.197s] [ 70%] [32mBuilding CXX object platforms/ros2/CMakeFiles/px4__rosidl_typesupport_introspection_cpp.dir/rosidl_typesupport_introspection_cpp/px4/msg/detail/debug_array__type_support.cpp.o[0m
[540.674s] [ 70%] [32mBuilding CXX object platforms/ros2/CMakeFiles/px4__rosidl_typesupport_introspection_cpp.dir/rosidl_typesupport_introspection_cpp/px4/msg/detail/debug_key_value__type_support.cpp.o[0m
[541.145s] [ 70%] [32mBuilding CXX object platforms/ros2/CMakeFiles/px4__rosidl_typesupport_introspection_cpp.dir/rosidl_typesupport_introspection_cpp/px4/msg/detail/debug_value__type_support.cpp.o[0m
[541.590s] [ 70%] [32mBuilding CXX object platforms/ros2/CMakeFiles/px4__rosidl_typesupport_introspection_cpp.dir/rosidl_typesupport_introspection_cpp/px4/msg/detail/debug_vect__type_support.cpp.o[0m
[542.065s] [ 70%] [32mBuilding CXX object platforms/ros2/CMakeFiles/px4__rosidl_typesupport_introspection_cpp.dir/rosidl_typesupport_introspection_cpp/px4/msg/detail/differential_pressure__type_support.cpp.o[0m
[542.524s] [ 70%] [32mBuilding CXX object platforms/ros2/CMakeFiles/px4__rosidl_typesupport_introspection_cpp.dir/rosidl_typesupport_introspection_cpp/px4/msg/detail/differential_velocity_setpoint__type_support.cpp.o[0m
[542.980s] [ 70%] [32mBuilding CXX object platforms/ros2/CMakeFiles/px4__rosidl_typesupport_introspection_cpp.dir/rosidl_typesupport_introspection_cpp/px4/msg/detail/distance_sensor__type_support.cpp.o[0m
[543.455s] [ 70%] [32mBuilding CXX object platforms/ros2/CMakeFiles/px4__rosidl_typesupport_introspection_cpp.dir/rosidl_typesupport_introspection_cpp/px4/msg/detail/distance_sensor_mode_change_request__type_support.cpp.o[0m
[543.908s] [ 70%] [32mBuilding CXX object platforms/ros2/CMakeFiles/px4__rosidl_typesupport_introspection_cpp.dir/rosidl_typesupport_introspection_cpp/px4/msg/detail/ekf2_timestamps__type_support.cpp.o[0m
[544.365s] [ 70%] [32mBuilding CXX object platforms/ros2/CMakeFiles/px4__rosidl_typesupport_introspection_cpp.dir/rosidl_typesupport_introspection_cpp/px4/msg/detail/esc_report__type_support.cpp.o[0m
[544.829s] [ 70%] [32mBuilding CXX object platforms/ros2/CMakeFiles/px4__rosidl_typesupport_introspection_cpp.dir/rosidl_typesupport_introspection_cpp/px4/msg/detail/esc_status__type_support.cpp.o[0m
[545.327s] [ 70%] [32mBuilding CXX object platforms/ros2/CMakeFiles/px4__rosidl_typesupport_introspection_cpp.dir/rosidl_typesupport_introspection_cpp/px4/msg/detail/estimator_aid_source1d__type_support.cpp.o[0m
[545.786s] [ 70%] [32mBuilding CXX object platforms/ros2/CMakeFiles/px4__rosidl_typesupport_introspection_cpp.dir/rosidl_typesupport_introspection_cpp/px4/msg/detail/estimator_aid_source2d__type_support.cpp.o[0m
[546.310s] [ 70%] [32mBuilding CXX object platforms/ros2/CMakeFiles/px4__rosidl_typesupport_introspection_cpp.dir/rosidl_typesupport_introspection_cpp/px4/msg/detail/estimator_aid_source3d__type_support.cpp.o[0m
[546.824s] [ 70%] [32mBuilding CXX object platforms/ros2/CMakeFiles/px4__rosidl_typesupport_introspection_cpp.dir/rosidl_typesupport_introspection_cpp/px4/msg/detail/estimator_bias__type_support.cpp.o[0m
[547.292s] [ 70%] [32mBuilding CXX object platforms/ros2/CMakeFiles/px4__rosidl_typesupport_introspection_cpp.dir/rosidl_typesupport_introspection_cpp/px4/msg/detail/estimator_bias3d__type_support.cpp.o[0m
[547.800s] [ 70%] [32mBuilding CXX object platforms/ros2/CMakeFiles/px4__rosidl_typesupport_introspection_cpp.dir/rosidl_typesupport_introspection_cpp/px4/msg/detail/estimator_event_flags__type_support.cpp.o[0m
[548.275s] [ 70%] [32mBuilding CXX object platforms/ros2/CMakeFiles/px4__rosidl_typesupport_introspection_cpp.dir/rosidl_typesupport_introspection_cpp/px4/msg/detail/estimator_gps_status__type_support.cpp.o[0m
[548.730s] [ 70%] [32mBuilding CXX object platforms/ros2/CMakeFiles/px4__rosidl_typesupport_introspection_cpp.dir/rosidl_typesupport_introspection_cpp/px4/msg/detail/estimator_innovations__type_support.cpp.o[0m
[549.288s] [ 70%] [32mBuilding CXX object platforms/ros2/CMakeFiles/px4__rosidl_typesupport_introspection_cpp.dir/rosidl_typesupport_introspection_cpp/px4/msg/detail/estimator_selector_status__type_support.cpp.o[0m
[549.800s] [ 70%] [32mBuilding CXX object platforms/ros2/CMakeFiles/px4__rosidl_typesupport_introspection_cpp.dir/rosidl_typesupport_introspection_cpp/px4/msg/detail/estimator_sensor_bias__type_support.cpp.o[0m
[550.313s] [ 70%] [32mBuilding CXX object platforms/ros2/CMakeFiles/px4__rosidl_typesupport_introspection_cpp.dir/rosidl_typesupport_introspection_cpp/px4/msg/detail/estimator_states__type_support.cpp.o[0m
[550.788s] [ 70%] [32mBuilding CXX object platforms/ros2/CMakeFiles/px4__rosidl_typesupport_introspection_cpp.dir/rosidl_typesupport_introspection_cpp/px4/msg/detail/estimator_status__type_support.cpp.o[0m
[551.259s] [ 70%] [32mBuilding CXX object platforms/ros2/CMakeFiles/px4__rosidl_typesupport_introspection_cpp.dir/rosidl_typesupport_introspection_cpp/px4/msg/detail/estimator_status_flags__type_support.cpp.o[0m
[551.735s] [ 70%] [32mBuilding CXX object platforms/ros2/CMakeFiles/px4__rosidl_typesupport_introspection_cpp.dir/rosidl_typesupport_introspection_cpp/px4/msg/detail/event__type_support.cpp.o[0m
[552.209s] [ 72%] [32mBuilding CXX object platforms/ros2/CMakeFiles/px4__rosidl_typesupport_introspection_cpp.dir/rosidl_typesupport_introspection_cpp/px4/msg/detail/failsafe_flags__type_support.cpp.o[0m
[552.673s] [ 72%] [32mBuilding CXX object platforms/ros2/CMakeFiles/px4__rosidl_typesupport_introspection_cpp.dir/rosidl_typesupport_introspection_cpp/px4/msg/detail/failure_detector_status__type_support.cpp.o[0m
[553.130s] [ 72%] [32mBuilding CXX object platforms/ros2/CMakeFiles/px4__rosidl_typesupport_introspection_cpp.dir/rosidl_typesupport_introspection_cpp/px4/msg/detail/figure_eight_status__type_support.cpp.o[0m
[553.595s] [ 72%] [32mBuilding CXX object platforms/ros2/CMakeFiles/px4__rosidl_typesupport_introspection_cpp.dir/rosidl_typesupport_introspection_cpp/px4/msg/detail/flight_phase_estimation__type_support.cpp.o[0m
[554.048s] [ 72%] [32mBuilding CXX object platforms/ros2/CMakeFiles/px4__rosidl_typesupport_introspection_cpp.dir/rosidl_typesupport_introspection_cpp/px4/msg/detail/follow_target__type_support.cpp.o[0m
[554.500s] [ 72%] [32mBuilding CXX object platforms/ros2/CMakeFiles/px4__rosidl_typesupport_introspection_cpp.dir/rosidl_typesupport_introspection_cpp/px4/msg/detail/follow_target_estimator__type_support.cpp.o[0m
[554.978s] [ 72%] [32mBuilding CXX object platforms/ros2/CMakeFiles/px4__rosidl_typesupport_introspection_cpp.dir/rosidl_typesupport_introspection_cpp/px4/msg/detail/follow_target_status__type_support.cpp.o[0m
[555.449s] [ 72%] [32mBuilding CXX object platforms/ros2/CMakeFiles/px4__rosidl_typesupport_introspection_cpp.dir/rosidl_typesupport_introspection_cpp/px4/msg/detail/fuel_tank_status__type_support.cpp.o[0m
[555.906s] [ 72%] [32mBuilding CXX object platforms/ros2/CMakeFiles/px4__rosidl_typesupport_introspection_cpp.dir/rosidl_typesupport_introspection_cpp/px4/msg/detail/generator_status__type_support.cpp.o[0m
[556.357s] [ 72%] [32mBuilding CXX object platforms/ros2/CMakeFiles/px4__rosidl_typesupport_introspection_cpp.dir/rosidl_typesupport_introspection_cpp/px4/msg/detail/geofence_result__type_support.cpp.o[0m
[556.816s] [ 72%] [32mBuilding CXX object platforms/ros2/CMakeFiles/px4__rosidl_typesupport_introspection_cpp.dir/rosidl_typesupport_introspection_cpp/px4/msg/detail/geofence_status__type_support.cpp.o[0m
[557.268s] [ 72%] [32mBuilding CXX object platforms/ros2/CMakeFiles/px4__rosidl_typesupport_introspection_cpp.dir/rosidl_typesupport_introspection_cpp/px4/msg/detail/gimbal_controls__type_support.cpp.o[0m
[557.745s] [ 72%] [32mBuilding CXX object platforms/ros2/CMakeFiles/px4__rosidl_typesupport_introspection_cpp.dir/rosidl_typesupport_introspection_cpp/px4/msg/detail/gimbal_device_attitude_status__type_support.cpp.o[0m
[558.226s] [ 72%] [32mBuilding CXX object platforms/ros2/CMakeFiles/px4__rosidl_typesupport_introspection_cpp.dir/rosidl_typesupport_introspection_cpp/px4/msg/detail/gimbal_device_information__type_support.cpp.o[0m
[558.719s] [ 72%] [32mBuilding CXX object platforms/ros2/CMakeFiles/px4__rosidl_typesupport_introspection_cpp.dir/rosidl_typesupport_introspection_cpp/px4/msg/detail/gimbal_device_set_attitude__type_support.cpp.o[0m
[559.183s] [ 72%] [32mBuilding CXX object platforms/ros2/CMakeFiles/px4__rosidl_typesupport_introspection_cpp.dir/rosidl_typesupport_introspection_cpp/px4/msg/detail/gimbal_manager_information__type_support.cpp.o[0m
[559.642s] [ 72%] [32mBuilding CXX object platforms/ros2/CMakeFiles/px4__rosidl_typesupport_introspection_cpp.dir/rosidl_typesupport_introspection_cpp/px4/msg/detail/gimbal_manager_set_attitude__type_support.cpp.o[0m
[560.108s] [ 72%] [32mBuilding CXX object platforms/ros2/CMakeFiles/px4__rosidl_typesupport_introspection_cpp.dir/rosidl_typesupport_introspection_cpp/px4/msg/detail/gimbal_manager_set_manual_control__type_support.cpp.o[0m
[560.569s] [ 72%] [32mBuilding CXX object platforms/ros2/CMakeFiles/px4__rosidl_typesupport_introspection_cpp.dir/rosidl_typesupport_introspection_cpp/px4/msg/detail/gimbal_manager_status__type_support.cpp.o[0m
[561.029s] [ 72%] [32mBuilding CXX object platforms/ros2/CMakeFiles/px4__rosidl_typesupport_introspection_cpp.dir/rosidl_typesupport_introspection_cpp/px4/msg/detail/gpio_config__type_support.cpp.o[0m
[561.491s] [ 72%] [32mBuilding CXX object platforms/ros2/CMakeFiles/px4__rosidl_typesupport_introspection_cpp.dir/rosidl_typesupport_introspection_cpp/px4/msg/detail/gpio_in__type_support.cpp.o[0m
[561.942s] [ 72%] [32mBuilding CXX object platforms/ros2/CMakeFiles/px4__rosidl_typesupport_introspection_cpp.dir/rosidl_typesupport_introspection_cpp/px4/msg/detail/gpio_out__type_support.cpp.o[0m
[562.391s] [ 72%] [32mBuilding CXX object platforms/ros2/CMakeFiles/px4__rosidl_typesupport_introspection_cpp.dir/rosidl_typesupport_introspection_cpp/px4/msg/detail/gpio_request__type_support.cpp.o[0m
[562.843s] [ 72%] [32mBuilding CXX object platforms/ros2/CMakeFiles/px4__rosidl_typesupport_introspection_cpp.dir/rosidl_typesupport_introspection_cpp/px4/msg/detail/gps_dump__type_support.cpp.o[0m
[563.302s] [ 72%] [32mBuilding CXX object platforms/ros2/CMakeFiles/px4__rosidl_typesupport_introspection_cpp.dir/rosidl_typesupport_introspection_cpp/px4/msg/detail/gps_inject_data__type_support.cpp.o[0m
[563.774s] [ 72%] [32mBuilding CXX object platforms/ros2/CMakeFiles/px4__rosidl_typesupport_introspection_cpp.dir/rosidl_typesupport_introspection_cpp/px4/msg/detail/gripper__type_support.cpp.o[0m
[564.235s] [ 72%] [32mBuilding CXX object platforms/ros2/CMakeFiles/px4__rosidl_typesupport_introspection_cpp.dir/rosidl_typesupport_introspection_cpp/px4/msg/detail/health_report__type_support.cpp.o[0m
[564.689s] [ 72%] [32mBuilding CXX object platforms/ros2/CMakeFiles/px4__rosidl_typesupport_introspection_cpp.dir/rosidl_typesupport_introspection_cpp/px4/msg/detail/heater_status__type_support.cpp.o[0m
[565.148s] [ 72%] [32mBuilding CXX object platforms/ros2/CMakeFiles/px4__rosidl_typesupport_introspection_cpp.dir/rosidl_typesupport_introspection_cpp/px4/msg/detail/hover_thrust_estimate__type_support.cpp.o[0m
[565.595s] [ 73%] [32mBuilding CXX object platforms/ros2/CMakeFiles/px4__rosidl_typesupport_introspection_cpp.dir/rosidl_typesupport_introspection_cpp/px4/msg/detail/input_rc__type_support.cpp.o[0m
[566.068s] [ 73%] [32mBuilding CXX object platforms/ros2/CMakeFiles/px4__rosidl_typesupport_introspection_cpp.dir/rosidl_typesupport_introspection_cpp/px4/msg/detail/internal_combustion_engine_control__type_support.cpp.o[0m
[566.526s] [ 73%] [32mBuilding CXX object platforms/ros2/CMakeFiles/px4__rosidl_typesupport_introspection_cpp.dir/rosidl_typesupport_introspection_cpp/px4/msg/detail/internal_combustion_engine_status__type_support.cpp.o[0m
[566.994s] [ 73%] [32mBuilding CXX object platforms/ros2/CMakeFiles/px4__rosidl_typesupport_introspection_cpp.dir/rosidl_typesupport_introspection_cpp/px4/msg/detail/iridiumsbd_status__type_support.cpp.o[0m
[567.451s] [ 73%] [32mBuilding CXX object platforms/ros2/CMakeFiles/px4__rosidl_typesupport_introspection_cpp.dir/rosidl_typesupport_introspection_cpp/px4/msg/detail/irlock_report__type_support.cpp.o[0m
[567.904s] [ 73%] [32mBuilding CXX object platforms/ros2/CMakeFiles/px4__rosidl_typesupport_introspection_cpp.dir/rosidl_typesupport_introspection_cpp/px4/msg/detail/landing_gear__type_support.cpp.o[0m
[568.357s] [ 73%] [32mBuilding CXX object platforms/ros2/CMakeFiles/px4__rosidl_typesupport_introspection_cpp.dir/rosidl_typesupport_introspection_cpp/px4/msg/detail/landing_gear_wheel__type_support.cpp.o[0m
[568.814s] [ 73%] [32mBuilding CXX object platforms/ros2/CMakeFiles/px4__rosidl_typesupport_introspection_cpp.dir/rosidl_typesupport_introspection_cpp/px4/msg/detail/landing_target_innovations__type_support.cpp.o[0m
[569.300s] [ 73%] [32mBuilding CXX object platforms/ros2/CMakeFiles/px4__rosidl_typesupport_introspection_cpp.dir/rosidl_typesupport_introspection_cpp/px4/msg/detail/landing_target_pose__type_support.cpp.o[0m
[569.765s] [ 73%] [32mBuilding CXX object platforms/ros2/CMakeFiles/px4__rosidl_typesupport_introspection_cpp.dir/rosidl_typesupport_introspection_cpp/px4/msg/detail/launch_detection_status__type_support.cpp.o[0m
[570.213s] [ 73%] [32mBuilding CXX object platforms/ros2/CMakeFiles/px4__rosidl_typesupport_introspection_cpp.dir/rosidl_typesupport_introspection_cpp/px4/msg/detail/led_control__type_support.cpp.o[0m
[570.666s] [ 73%] [32mBuilding CXX object platforms/ros2/CMakeFiles/px4__rosidl_typesupport_introspection_cpp.dir/rosidl_typesupport_introspection_cpp/px4/msg/detail/log_message__type_support.cpp.o[0m
[571.137s] [ 73%] [32mBuilding CXX object platforms/ros2/CMakeFiles/px4__rosidl_typesupport_introspection_cpp.dir/rosidl_typesupport_introspection_cpp/px4/msg/detail/logger_status__type_support.cpp.o[0m
[571.607s] [ 73%] [32mBuilding CXX object platforms/ros2/CMakeFiles/px4__rosidl_typesupport_introspection_cpp.dir/rosidl_typesupport_introspection_cpp/px4/msg/detail/mag_worker_data__type_support.cpp.o[0m
[572.120s] [ 73%] [32mBuilding CXX object platforms/ros2/CMakeFiles/px4__rosidl_typesupport_introspection_cpp.dir/rosidl_typesupport_introspection_cpp/px4/msg/detail/magnetometer_bias_estimate__type_support.cpp.o[0m
[572.631s] [ 73%] [32mBuilding CXX object platforms/ros2/CMakeFiles/px4__rosidl_typesupport_introspection_cpp.dir/rosidl_typesupport_introspection_cpp/px4/msg/detail/manual_control_switches__type_support.cpp.o[0m
[573.090s] [ 73%] [32mBuilding CXX object platforms/ros2/CMakeFiles/px4__rosidl_typesupport_introspection_cpp.dir/rosidl_typesupport_introspection_cpp/px4/msg/detail/mavlink_log__type_support.cpp.o[0m
[573.556s] [ 73%] [32mBuilding CXX object platforms/ros2/CMakeFiles/px4__rosidl_typesupport_introspection_cpp.dir/rosidl_typesupport_introspection_cpp/px4/msg/detail/mavlink_tunnel__type_support.cpp.o[0m
[574.026s] [ 73%] [32mBuilding CXX object platforms/ros2/CMakeFiles/px4__rosidl_typesupport_introspection_cpp.dir/rosidl_typesupport_introspection_cpp/px4/msg/detail/message_format_request__type_support.cpp.o[0m
[574.497s] [ 73%] [32mBuilding CXX object platforms/ros2/CMakeFiles/px4__rosidl_typesupport_introspection_cpp.dir/rosidl_typesupport_introspection_cpp/px4/msg/detail/message_format_response__type_support.cpp.o[0m
[574.975s] [ 73%] [32mBuilding CXX object platforms/ros2/CMakeFiles/px4__rosidl_typesupport_introspection_cpp.dir/rosidl_typesupport_introspection_cpp/px4/msg/detail/mission__type_support.cpp.o[0m
[575.434s] [ 73%] [32mBuilding CXX object platforms/ros2/CMakeFiles/px4__rosidl_typesupport_introspection_cpp.dir/rosidl_typesupport_introspection_cpp/px4/msg/detail/mission_result__type_support.cpp.o[0m
[575.902s] [ 73%] [32mBuilding CXX object platforms/ros2/CMakeFiles/px4__rosidl_typesupport_introspection_cpp.dir/rosidl_typesupport_introspection_cpp/px4/msg/detail/mount_orientation__type_support.cpp.o[0m
[576.369s] [ 73%] [32mBuilding CXX object platforms/ros2/CMakeFiles/px4__rosidl_typesupport_introspection_cpp.dir/rosidl_typesupport_introspection_cpp/px4/msg/detail/navigator_mission_item__type_support.cpp.o[0m
[576.836s] [ 73%] [32mBuilding CXX object platforms/ros2/CMakeFiles/px4__rosidl_typesupport_introspection_cpp.dir/rosidl_typesupport_introspection_cpp/px4/msg/detail/navigator_status__type_support.cpp.o[0m
[577.290s] [ 73%] [32mBuilding CXX object platforms/ros2/CMakeFiles/px4__rosidl_typesupport_introspection_cpp.dir/rosidl_typesupport_introspection_cpp/px4/msg/detail/normalized_unsigned_setpoint__type_support.cpp.o[0m
[577.735s] [ 73%] [32mBuilding CXX object platforms/ros2/CMakeFiles/px4__rosidl_typesupport_introspection_cpp.dir/rosidl_typesupport_introspection_cpp/px4/msg/detail/npfg_status__type_support.cpp.o[0m
[578.188s] [ 73%] [32mBuilding CXX object platforms/ros2/CMakeFiles/px4__rosidl_typesupport_introspection_cpp.dir/rosidl_typesupport_introspection_cpp/px4/msg/detail/obstacle_distance__type_support.cpp.o[0m
[578.661s] [ 74%] [32mBuilding CXX object platforms/ros2/CMakeFiles/px4__rosidl_typesupport_introspection_cpp.dir/rosidl_typesupport_introspection_cpp/px4/msg/detail/offboard_control_mode__type_support.cpp.o[0m
[579.126s] [ 74%] [32mBuilding CXX object platforms/ros2/CMakeFiles/px4__rosidl_typesupport_introspection_cpp.dir/rosidl_typesupport_introspection_cpp/px4/msg/detail/onboard_computer_status__type_support.cpp.o[0m
[579.724s] [ 74%] [32mBuilding CXX object platforms/ros2/CMakeFiles/px4__rosidl_typesupport_introspection_cpp.dir/rosidl_typesupport_introspection_cpp/px4/msg/detail/open_drone_id_arm_status__type_support.cpp.o[0m
[580.199s] [ 74%] [32mBuilding CXX object platforms/ros2/CMakeFiles/px4__rosidl_typesupport_introspection_cpp.dir/rosidl_typesupport_introspection_cpp/px4/msg/detail/open_drone_id_operator_id__type_support.cpp.o[0m
[580.670s] [ 74%] [32mBuilding CXX object platforms/ros2/CMakeFiles/px4__rosidl_typesupport_introspection_cpp.dir/rosidl_typesupport_introspection_cpp/px4/msg/detail/open_drone_id_self_id__type_support.cpp.o[0m
[581.152s] [ 74%] [32mBuilding CXX object platforms/ros2/CMakeFiles/px4__rosidl_typesupport_introspection_cpp.dir/rosidl_typesupport_introspection_cpp/px4/msg/detail/open_drone_id_system__type_support.cpp.o[0m
[581.627s] [ 74%] [32mBuilding CXX object platforms/ros2/CMakeFiles/px4__rosidl_typesupport_introspection_cpp.dir/rosidl_typesupport_introspection_cpp/px4/msg/detail/orb_test__type_support.cpp.o[0m
[582.086s] [ 74%] [32mBuilding CXX object platforms/ros2/CMakeFiles/px4__rosidl_typesupport_introspection_cpp.dir/rosidl_typesupport_introspection_cpp/px4/msg/detail/orb_test_large__type_support.cpp.o[0m
[582.555s] [ 74%] [32mBuilding CXX object platforms/ros2/CMakeFiles/px4__rosidl_typesupport_introspection_cpp.dir/rosidl_typesupport_introspection_cpp/px4/msg/detail/orb_test_medium__type_support.cpp.o[0m
[583.026s] [ 74%] [32mBuilding CXX object platforms/ros2/CMakeFiles/px4__rosidl_typesupport_introspection_cpp.dir/rosidl_typesupport_introspection_cpp/px4/msg/detail/orbit_status__type_support.cpp.o[0m
[583.476s] [ 74%] [32mBuilding CXX object platforms/ros2/CMakeFiles/px4__rosidl_typesupport_introspection_cpp.dir/rosidl_typesupport_introspection_cpp/px4/msg/detail/parameter_reset_request__type_support.cpp.o[0m
[583.936s] [ 74%] [32mBuilding CXX object platforms/ros2/CMakeFiles/px4__rosidl_typesupport_introspection_cpp.dir/rosidl_typesupport_introspection_cpp/px4/msg/detail/parameter_set_used_request__type_support.cpp.o[0m
[584.391s] [ 74%] [32mBuilding CXX object platforms/ros2/CMakeFiles/px4__rosidl_typesupport_introspection_cpp.dir/rosidl_typesupport_introspection_cpp/px4/msg/detail/parameter_set_value_request__type_support.cpp.o[0m
[584.844s] [ 74%] [32mBuilding CXX object platforms/ros2/CMakeFiles/px4__rosidl_typesupport_introspection_cpp.dir/rosidl_typesupport_introspection_cpp/px4/msg/detail/parameter_set_value_response__type_support.cpp.o[0m
[585.295s] [ 74%] [32mBuilding CXX object platforms/ros2/CMakeFiles/px4__rosidl_typesupport_introspection_cpp.dir/rosidl_typesupport_introspection_cpp/px4/msg/detail/parameter_update__type_support.cpp.o[0m
[585.763s] [ 74%] [32mBuilding CXX object platforms/ros2/CMakeFiles/px4__rosidl_typesupport_introspection_cpp.dir/rosidl_typesupport_introspection_cpp/px4/msg/detail/ping__type_support.cpp.o[0m
[586.242s] [ 74%] [32mBuilding CXX object platforms/ros2/CMakeFiles/px4__rosidl_typesupport_introspection_cpp.dir/rosidl_typesupport_introspection_cpp/px4/msg/detail/position_controller_landing_status__type_support.cpp.o[0m
[586.706s] [ 74%] [32mBuilding CXX object platforms/ros2/CMakeFiles/px4__rosidl_typesupport_introspection_cpp.dir/rosidl_typesupport_introspection_cpp/px4/msg/detail/position_controller_status__type_support.cpp.o[0m
[587.169s] [ 74%] [32mBuilding CXX object platforms/ros2/CMakeFiles/px4__rosidl_typesupport_introspection_cpp.dir/rosidl_typesupport_introspection_cpp/px4/msg/detail/position_setpoint__type_support.cpp.o[0m
[587.637s] [ 74%] [32mBuilding CXX object platforms/ros2/CMakeFiles/px4__rosidl_typesupport_introspection_cpp.dir/rosidl_typesupport_introspection_cpp/px4/msg/detail/position_setpoint_triplet__type_support.cpp.o[0m
[588.110s] [ 74%] [32mBuilding CXX object platforms/ros2/CMakeFiles/px4__rosidl_typesupport_introspection_cpp.dir/rosidl_typesupport_introspection_cpp/px4/msg/detail/power_button_state__type_support.cpp.o[0m
[588.565s] [ 74%] [32mBuilding CXX object platforms/ros2/CMakeFiles/px4__rosidl_typesupport_introspection_cpp.dir/rosidl_typesupport_introspection_cpp/px4/msg/detail/power_monitor__type_support.cpp.o[0m
[589.022s] [ 74%] [32mBuilding CXX object platforms/ros2/CMakeFiles/px4__rosidl_typesupport_introspection_cpp.dir/rosidl_typesupport_introspection_cpp/px4/msg/detail/pps_capture__type_support.cpp.o[0m
[589.485s] [ 74%] [32mBuilding CXX object platforms/ros2/CMakeFiles/px4__rosidl_typesupport_introspection_cpp.dir/rosidl_typesupport_introspection_cpp/px4/msg/detail/pure_pursuit_status__type_support.cpp.o[0m
[589.940s] [ 74%] [32mBuilding CXX object platforms/ros2/CMakeFiles/px4__rosidl_typesupport_introspection_cpp.dir/rosidl_typesupport_introspection_cpp/px4/msg/detail/pwm_input__type_support.cpp.o[0m
[590.399s] [ 74%] [32mBuilding CXX object platforms/ros2/CMakeFiles/px4__rosidl_typesupport_introspection_cpp.dir/rosidl_typesupport_introspection_cpp/px4/msg/detail/px4io_status__type_support.cpp.o[0m
[590.918s] [ 74%] [32mBuilding CXX object platforms/ros2/CMakeFiles/px4__rosidl_typesupport_introspection_cpp.dir/rosidl_typesupport_introspection_cpp/px4/msg/detail/qshell_req__type_support.cpp.o[0m
[591.384s] [ 74%] [32mBuilding CXX object platforms/ros2/CMakeFiles/px4__rosidl_typesupport_introspection_cpp.dir/rosidl_typesupport_introspection_cpp/px4/msg/detail/qshell_retval__type_support.cpp.o[0m
[591.832s] [ 74%] [32mBuilding CXX object platforms/ros2/CMakeFiles/px4__rosidl_typesupport_introspection_cpp.dir/rosidl_typesupport_introspection_cpp/px4/msg/detail/radio_status__type_support.cpp.o[0m
[592.290s] [ 75%] [32mBuilding CXX object platforms/ros2/CMakeFiles/px4__rosidl_typesupport_introspection_cpp.dir/rosidl_typesupport_introspection_cpp/px4/msg/detail/rate_ctrl_status__type_support.cpp.o[0m
[592.746s] [ 75%] [32mBuilding CXX object platforms/ros2/CMakeFiles/px4__rosidl_typesupport_introspection_cpp.dir/rosidl_typesupport_introspection_cpp/px4/msg/detail/rc_channels__type_support.cpp.o[0m
[593.223s] [ 75%] [32mBuilding CXX object platforms/ros2/CMakeFiles/px4__rosidl_typesupport_introspection_cpp.dir/rosidl_typesupport_introspection_cpp/px4/msg/detail/rc_parameter_map__type_support.cpp.o[0m
[593.750s] [ 75%] [32mBuilding CXX object platforms/ros2/CMakeFiles/px4__rosidl_typesupport_introspection_cpp.dir/rosidl_typesupport_introspection_cpp/px4/msg/detail/rover_attitude_setpoint__type_support.cpp.o[0m
[594.203s] [ 75%] [32mBuilding CXX object platforms/ros2/CMakeFiles/px4__rosidl_typesupport_introspection_cpp.dir/rosidl_typesupport_introspection_cpp/px4/msg/detail/rover_attitude_status__type_support.cpp.o[0m
[594.654s] [ 75%] [32mBuilding CXX object platforms/ros2/CMakeFiles/px4__rosidl_typesupport_introspection_cpp.dir/rosidl_typesupport_introspection_cpp/px4/msg/detail/rover_position_setpoint__type_support.cpp.o[0m
[595.137s] [ 75%] [32mBuilding CXX object platforms/ros2/CMakeFiles/px4__rosidl_typesupport_introspection_cpp.dir/rosidl_typesupport_introspection_cpp/px4/msg/detail/rover_rate_setpoint__type_support.cpp.o[0m
[595.583s] [ 75%] [32mBuilding CXX object platforms/ros2/CMakeFiles/px4__rosidl_typesupport_introspection_cpp.dir/rosidl_typesupport_introspection_cpp/px4/msg/detail/rover_rate_status__type_support.cpp.o[0m
[596.039s] [ 75%] [32mBuilding CXX object platforms/ros2/CMakeFiles/px4__rosidl_typesupport_introspection_cpp.dir/rosidl_typesupport_introspection_cpp/px4/msg/detail/rover_steering_setpoint__type_support.cpp.o[0m
[596.494s] [ 75%] [32mBuilding CXX object platforms/ros2/CMakeFiles/px4__rosidl_typesupport_introspection_cpp.dir/rosidl_typesupport_introspection_cpp/px4/msg/detail/rover_throttle_setpoint__type_support.cpp.o[0m
[596.950s] [ 75%] [32mBuilding CXX object platforms/ros2/CMakeFiles/px4__rosidl_typesupport_introspection_cpp.dir/rosidl_typesupport_introspection_cpp/px4/msg/detail/rover_velocity_status__type_support.cpp.o[0m
[597.405s] [ 75%] [32mBuilding CXX object platforms/ros2/CMakeFiles/px4__rosidl_typesupport_introspection_cpp.dir/rosidl_typesupport_introspection_cpp/px4/msg/detail/rpm__type_support.cpp.o[0m
[597.856s] [ 75%] [32mBuilding CXX object platforms/ros2/CMakeFiles/px4__rosidl_typesupport_introspection_cpp.dir/rosidl_typesupport_introspection_cpp/px4/msg/detail/rtl_status__type_support.cpp.o[0m
[598.337s] [ 75%] [32mBuilding CXX object platforms/ros2/CMakeFiles/px4__rosidl_typesupport_introspection_cpp.dir/rosidl_typesupport_introspection_cpp/px4/msg/detail/rtl_time_estimate__type_support.cpp.o[0m
[598.784s] [ 75%] [32mBuilding CXX object platforms/ros2/CMakeFiles/px4__rosidl_typesupport_introspection_cpp.dir/rosidl_typesupport_introspection_cpp/px4/msg/detail/satellite_info__type_support.cpp.o[0m
[599.286s] [ 75%] [32mBuilding CXX object platforms/ros2/CMakeFiles/px4__rosidl_typesupport_introspection_cpp.dir/rosidl_typesupport_introspection_cpp/px4/msg/detail/sensor_accel__type_support.cpp.o[0m
[599.759s] [ 75%] [32mBuilding CXX object platforms/ros2/CMakeFiles/px4__rosidl_typesupport_introspection_cpp.dir/rosidl_typesupport_introspection_cpp/px4/msg/detail/sensor_accel_fifo__type_support.cpp.o[0m
[600.251s] [ 75%] [32mBuilding CXX object platforms/ros2/CMakeFiles/px4__rosidl_typesupport_introspection_cpp.dir/rosidl_typesupport_introspection_cpp/px4/msg/detail/sensor_airflow__type_support.cpp.o[0m
[600.710s] [ 75%] [32mBuilding CXX object platforms/ros2/CMakeFiles/px4__rosidl_typesupport_introspection_cpp.dir/rosidl_typesupport_introspection_cpp/px4/msg/detail/sensor_baro__type_support.cpp.o[0m
[601.170s] [ 75%] [32mBuilding CXX object platforms/ros2/CMakeFiles/px4__rosidl_typesupport_introspection_cpp.dir/rosidl_typesupport_introspection_cpp/px4/msg/detail/sensor_combined__type_support.cpp.o[0m
[601.651s] [ 75%] [32mBuilding CXX object platforms/ros2/CMakeFiles/px4__rosidl_typesupport_introspection_cpp.dir/rosidl_typesupport_introspection_cpp/px4/msg/detail/sensor_correction__type_support.cpp.o[0m
[602.298s] [ 75%] [32mBuilding CXX object platforms/ros2/CMakeFiles/px4__rosidl_typesupport_introspection_cpp.dir/rosidl_typesupport_introspection_cpp/px4/msg/detail/sensor_gnss_relative__type_support.cpp.o[0m
[602.776s] [ 75%] [32mBuilding CXX object platforms/ros2/CMakeFiles/px4__rosidl_typesupport_introspection_cpp.dir/rosidl_typesupport_introspection_cpp/px4/msg/detail/sensor_gps__type_support.cpp.o[0m
[603.237s] [ 75%] [32mBuilding CXX object platforms/ros2/CMakeFiles/px4__rosidl_typesupport_introspection_cpp.dir/rosidl_typesupport_introspection_cpp/px4/msg/detail/sensor_gyro__type_support.cpp.o[0m
[603.710s] [ 75%] [32mBuilding CXX object platforms/ros2/CMakeFiles/px4__rosidl_typesupport_introspection_cpp.dir/rosidl_typesupport_introspection_cpp/px4/msg/detail/sensor_gyro_fft__type_support.cpp.o[0m
[604.239s] [ 75%] [32mBuilding CXX object platforms/ros2/CMakeFiles/px4__rosidl_typesupport_introspection_cpp.dir/rosidl_typesupport_introspection_cpp/px4/msg/detail/sensor_gyro_fifo__type_support.cpp.o[0m
[604.729s] [ 75%] [32mBuilding CXX object platforms/ros2/CMakeFiles/px4__rosidl_typesupport_introspection_cpp.dir/rosidl_typesupport_introspection_cpp/px4/msg/detail/sensor_hygrometer__type_support.cpp.o[0m
[605.207s] [ 75%] [32mBuilding CXX object platforms/ros2/CMakeFiles/px4__rosidl_typesupport_introspection_cpp.dir/rosidl_typesupport_introspection_cpp/px4/msg/detail/sensor_mag__type_support.cpp.o[0m
[605.667s] [ 75%] [32mBuilding CXX object platforms/ros2/CMakeFiles/px4__rosidl_typesupport_introspection_cpp.dir/rosidl_typesupport_introspection_cpp/px4/msg/detail/sensor_optical_flow__type_support.cpp.o[0m
[606.153s] [ 77%] [32mBuilding CXX object platforms/ros2/CMakeFiles/px4__rosidl_typesupport_introspection_cpp.dir/rosidl_typesupport_introspection_cpp/px4/msg/detail/sensor_preflight_mag__type_support.cpp.o[0m
[606.637s] [ 77%] [32mBuilding CXX object platforms/ros2/CMakeFiles/px4__rosidl_typesupport_introspection_cpp.dir/rosidl_typesupport_introspection_cpp/px4/msg/detail/sensor_selection__type_support.cpp.o[0m
[607.110s] [ 77%] [32mBuilding CXX object platforms/ros2/CMakeFiles/px4__rosidl_typesupport_introspection_cpp.dir/rosidl_typesupport_introspection_cpp/px4/msg/detail/action_request__type_support.cpp.o[0m
[607.115s] [ 77%] [32mBuilding CXX object platforms/ros2/CMakeFiles/px4__rosidl_typesupport_introspection_cpp.dir/rosidl_typesupport_introspection_cpp/px4/msg/detail/sensor_uwb__type_support.cpp.o[0m
[607.712s] [ 77%] [32mBuilding CXX object platforms/ros2/CMakeFiles/px4__rosidl_typesupport_introspection_cpp.dir/rosidl_typesupport_introspection_cpp/px4/msg/detail/sensors_status__type_support.cpp.o[0m
[607.856s] [ 77%] [32mBuilding CXX object platforms/ros2/CMakeFiles/px4__rosidl_typesupport_introspection_cpp.dir/rosidl_typesupport_introspection_cpp/px4/msg/detail/sensors_status_imu__type_support.cpp.o[0m
[608.338s] [ 77%] [32mBuilding CXX object platforms/ros2/CMakeFiles/px4__rosidl_typesupport_introspection_cpp.dir/rosidl_typesupport_introspection_cpp/px4/msg/detail/system_power__type_support.cpp.o[0m
[608.695s] [ 77%] [32mBuilding CXX object platforms/ros2/CMakeFiles/px4__rosidl_typesupport_introspection_cpp.dir/rosidl_typesupport_introspection_cpp/px4/msg/detail/takeoff_status__type_support.cpp.o[0m
[609.120s] [ 77%] [32mBuilding CXX object platforms/ros2/CMakeFiles/px4__rosidl_typesupport_introspection_cpp.dir/rosidl_typesupport_introspection_cpp/px4/msg/detail/task_stack_info__type_support.cpp.o[0m
[609.353s] [ 77%] [32mBuilding CXX object platforms/ros2/CMakeFiles/px4__rosidl_typesupport_introspection_cpp.dir/rosidl_typesupport_introspection_cpp/px4/msg/detail/tecs_status__type_support.cpp.o[0m
[609.775s] [ 77%] [32mBuilding CXX object platforms/ros2/CMakeFiles/px4__rosidl_typesupport_introspection_cpp.dir/rosidl_typesupport_introspection_cpp/px4/msg/detail/telemetry_status__type_support.cpp.o[0m
[610.058s] [ 77%] [32mBuilding CXX object platforms/ros2/CMakeFiles/px4__rosidl_typesupport_introspection_cpp.dir/rosidl_typesupport_introspection_cpp/px4/msg/detail/tiltrotor_extra_controls__type_support.cpp.o[0m
[610.516s] [ 77%] [32mBuilding CXX object platforms/ros2/CMakeFiles/px4__rosidl_typesupport_introspection_cpp.dir/rosidl_typesupport_introspection_cpp/px4/msg/detail/timesync_status__type_support.cpp.o[0m
[610.607s] [ 77%] [32mBuilding CXX object platforms/ros2/CMakeFiles/px4__rosidl_typesupport_introspection_cpp.dir/rosidl_typesupport_introspection_cpp/px4/msg/detail/trajectory_setpoint6dof__type_support.cpp.o[0m
[611.061s] [ 77%] [32mBuilding CXX object platforms/ros2/CMakeFiles/px4__rosidl_typesupport_introspection_cpp.dir/rosidl_typesupport_introspection_cpp/px4/msg/detail/transponder_report__type_support.cpp.o[0m
[611.385s] [ 77%] [32mBuilding CXX object platforms/ros2/CMakeFiles/px4__rosidl_typesupport_introspection_cpp.dir/rosidl_typesupport_introspection_cpp/px4/msg/detail/tune_control__type_support.cpp.o[0m
[611.845s] [ 77%] [32mBuilding CXX object platforms/ros2/CMakeFiles/px4__rosidl_typesupport_introspection_cpp.dir/rosidl_typesupport_introspection_cpp/px4/msg/detail/uavcan_parameter_request__type_support.cpp.o[0m
[612.335s] [ 77%] [32mBuilding CXX object platforms/ros2/CMakeFiles/px4__rosidl_typesupport_introspection_cpp.dir/rosidl_typesupport_introspection_cpp/px4/msg/detail/ulog_stream__type_support.cpp.o[0m
[612.818s] [ 77%] [32mBuilding CXX object platforms/ros2/CMakeFiles/px4__rosidl_typesupport_introspection_cpp.dir/rosidl_typesupport_introspection_cpp/px4/msg/detail/ulog_stream_ack__type_support.cpp.o[0m
[613.266s] [ 77%] [32mBuilding CXX object platforms/ros2/CMakeFiles/px4__rosidl_typesupport_introspection_cpp.dir/rosidl_typesupport_introspection_cpp/px4/msg/detail/vehicle_acceleration__type_support.cpp.o[0m
[613.743s] [ 77%] [32mBuilding CXX object platforms/ros2/CMakeFiles/px4__rosidl_typesupport_introspection_cpp.dir/rosidl_typesupport_introspection_cpp/px4/msg/detail/vehicle_air_data__type_support.cpp.o[0m
[614.218s] [ 77%] [32mBuilding CXX object platforms/ros2/CMakeFiles/px4__rosidl_typesupport_introspection_cpp.dir/rosidl_typesupport_introspection_cpp/px4/msg/detail/vehicle_angular_acceleration_setpoint__type_support.cpp.o[0m
[614.683s] [ 77%] [32mBuilding CXX object platforms/ros2/CMakeFiles/px4__rosidl_typesupport_introspection_cpp.dir/rosidl_typesupport_introspection_cpp/px4/msg/detail/vehicle_constraints__type_support.cpp.o[0m
[615.144s] [ 77%] [32mBuilding CXX object platforms/ros2/CMakeFiles/px4__rosidl_typesupport_introspection_cpp.dir/rosidl_typesupport_introspection_cpp/px4/msg/detail/vehicle_imu__type_support.cpp.o[0m
[615.629s] [ 77%] [32mBuilding CXX object platforms/ros2/CMakeFiles/px4__rosidl_typesupport_introspection_cpp.dir/rosidl_typesupport_introspection_cpp/px4/msg/detail/vehicle_imu_status__type_support.cpp.o[0m
[616.146s] [ 77%] [32mBuilding CXX object platforms/ros2/CMakeFiles/px4__rosidl_typesupport_introspection_cpp.dir/rosidl_typesupport_introspection_cpp/px4/msg/detail/vehicle_local_position_setpoint__type_support.cpp.o[0m
[616.614s] [ 77%] [32mBuilding CXX object platforms/ros2/CMakeFiles/px4__rosidl_typesupport_introspection_cpp.dir/rosidl_typesupport_introspection_cpp/px4/msg/detail/vehicle_magnetometer__type_support.cpp.o[0m
[617.081s] [ 77%] [32mBuilding CXX object platforms/ros2/CMakeFiles/px4__rosidl_typesupport_introspection_cpp.dir/rosidl_typesupport_introspection_cpp/px4/msg/detail/vehicle_optical_flow__type_support.cpp.o[0m
[617.569s] [ 77%] [32mBuilding CXX object platforms/ros2/CMakeFiles/px4__rosidl_typesupport_introspection_cpp.dir/rosidl_typesupport_introspection_cpp/px4/msg/detail/vehicle_optical_flow_vel__type_support.cpp.o[0m
[618.102s] [ 78%] [32mBuilding CXX object platforms/ros2/CMakeFiles/px4__rosidl_typesupport_introspection_cpp.dir/rosidl_typesupport_introspection_cpp/px4/msg/detail/vehicle_roi__type_support.cpp.o[0m
[618.562s] [ 78%] [32mBuilding CXX object platforms/ros2/CMakeFiles/px4__rosidl_typesupport_introspection_cpp.dir/rosidl_typesupport_introspection_cpp/px4/msg/detail/vehicle_thrust_setpoint__type_support.cpp.o[0m
[619.040s] [ 78%] [32mBuilding CXX object platforms/ros2/CMakeFiles/px4__rosidl_typesupport_introspection_cpp.dir/rosidl_typesupport_introspection_cpp/px4/msg/detail/vehicle_torque_setpoint__type_support.cpp.o[0m
[619.510s] [ 78%] [32mBuilding CXX object platforms/ros2/CMakeFiles/px4__rosidl_typesupport_introspection_cpp.dir/rosidl_typesupport_introspection_cpp/px4/msg/detail/velocity_limits__type_support.cpp.o[0m
[619.982s] [ 78%] [32mBuilding CXX object platforms/ros2/CMakeFiles/px4__rosidl_typesupport_introspection_cpp.dir/rosidl_typesupport_introspection_cpp/px4/msg/detail/wheel_encoders__type_support.cpp.o[0m
[620.479s] [ 78%] [32mBuilding CXX object platforms/ros2/CMakeFiles/px4__rosidl_typesupport_introspection_cpp.dir/rosidl_typesupport_introspection_cpp/px4/msg/detail/wind__type_support.cpp.o[0m
[620.948s] [ 78%] [32mBuilding CXX object platforms/ros2/CMakeFiles/px4__rosidl_typesupport_introspection_cpp.dir/rosidl_typesupport_introspection_cpp/px4/msg/detail/yaw_estimator_status__type_support.cpp.o[0m
[621.445s] [ 78%] [32mBuilding CXX object platforms/ros2/CMakeFiles/px4__rosidl_typesupport_introspection_cpp.dir/rosidl_typesupport_introspection_cpp/px4/msg/detail/actuator_motors__type_support.cpp.o[0m
[621.924s] [ 78%] [32mBuilding CXX object platforms/ros2/CMakeFiles/px4__rosidl_typesupport_introspection_cpp.dir/rosidl_typesupport_introspection_cpp/px4/msg/detail/actuator_servos__type_support.cpp.o[0m
[621.925s] [ 78%] [32mBuilding CXX object platforms/ros2/CMakeFiles/px4__rosidl_typesupport_introspection_cpp.dir/rosidl_typesupport_introspection_cpp/px4/msg/detail/uavcan_parameter_value__type_support.cpp.o[0m
[622.524s] [ 78%] [32mBuilding CXX object platforms/ros2/CMakeFiles/px4__rosidl_typesupport_introspection_cpp.dir/rosidl_typesupport_introspection_cpp/px4/msg/detail/airspeed_validated__type_support.cpp.o[0m
[622.539s] [ 78%] [32mBuilding CXX object platforms/ros2/CMakeFiles/px4__rosidl_typesupport_introspection_cpp.dir/rosidl_typesupport_introspection_cpp/px4/msg/detail/arming_check_reply__type_support.cpp.o[0m
[623.158s] [ 78%] [32mBuilding CXX object platforms/ros2/CMakeFiles/px4__rosidl_typesupport_introspection_cpp.dir/rosidl_typesupport_introspection_cpp/px4/msg/detail/arming_check_request__type_support.cpp.o[0m
[623.184s] [ 78%] [32mBuilding CXX object platforms/ros2/CMakeFiles/px4__rosidl_typesupport_introspection_cpp.dir/rosidl_typesupport_introspection_cpp/px4/msg/detail/battery_status__type_support.cpp.o[0m
[623.773s] [ 78%] [32mBuilding CXX object platforms/ros2/CMakeFiles/px4__rosidl_typesupport_introspection_cpp.dir/rosidl_typesupport_introspection_cpp/px4/msg/detail/config_overrides__type_support.cpp.o[0m
[623.786s] [ 78%] [32mBuilding CXX object platforms/ros2/CMakeFiles/px4__rosidl_typesupport_introspection_cpp.dir/rosidl_typesupport_introspection_cpp/px4/msg/detail/goto_setpoint__type_support.cpp.o[0m
[624.455s] [ 78%] [32mBuilding CXX object platforms/ros2/CMakeFiles/px4__rosidl_typesupport_introspection_cpp.dir/rosidl_typesupport_introspection_cpp/px4/msg/detail/home_position__type_support.cpp.o[0m
[624.483s] [ 78%] [32mBuilding CXX object platforms/ros2/CMakeFiles/px4__rosidl_typesupport_introspection_cpp.dir/rosidl_typesupport_introspection_cpp/px4/msg/detail/manual_control_setpoint__type_support.cpp.o[0m
[624.946s] [ 78%] [32mBuilding CXX object platforms/ros2/CMakeFiles/px4__rosidl_typesupport_introspection_cpp.dir/rosidl_typesupport_introspection_cpp/px4/msg/detail/mode_completed__type_support.cpp.o[0m
[625.217s] [ 78%] [32mBuilding CXX object platforms/ros2/CMakeFiles/px4__rosidl_typesupport_introspection_cpp.dir/rosidl_typesupport_introspection_cpp/px4/msg/detail/register_ext_component_reply__type_support.cpp.o[0m
[625.486s] [ 78%] [32mBuilding CXX object platforms/ros2/CMakeFiles/px4__rosidl_typesupport_introspection_cpp.dir/rosidl_typesupport_introspection_cpp/px4/msg/detail/register_ext_component_request__type_support.cpp.o[0m
[626.021s] [ 78%] [32mBuilding CXX object platforms/ros2/CMakeFiles/px4__rosidl_typesupport_introspection_cpp.dir/rosidl_typesupport_introspection_cpp/px4/msg/detail/trajectory_setpoint__type_support.cpp.o[0m
[626.048s] [ 78%] [32mBuilding CXX object platforms/ros2/CMakeFiles/px4__rosidl_typesupport_introspection_cpp.dir/rosidl_typesupport_introspection_cpp/px4/msg/detail/unregister_ext_component__type_support.cpp.o[0m
[626.564s] [ 78%] [32mBuilding CXX object platforms/ros2/CMakeFiles/px4__rosidl_typesupport_introspection_cpp.dir/rosidl_typesupport_introspection_cpp/px4/msg/detail/vehicle_angular_velocity__type_support.cpp.o[0m
[626.715s] [ 78%] [32mBuilding CXX object platforms/ros2/CMakeFiles/px4__rosidl_typesupport_introspection_cpp.dir/rosidl_typesupport_introspection_cpp/px4/msg/detail/vehicle_attitude__type_support.cpp.o[0m
[627.072s] [ 78%] [32mBuilding CXX object platforms/ros2/CMakeFiles/px4__rosidl_typesupport_introspection_cpp.dir/rosidl_typesupport_introspection_cpp/px4/msg/detail/vehicle_attitude_setpoint__type_support.cpp.o[0m
[627.311s] [ 78%] [32mBuilding CXX object platforms/ros2/CMakeFiles/px4__rosidl_typesupport_introspection_cpp.dir/rosidl_typesupport_introspection_cpp/px4/msg/detail/vehicle_command__type_support.cpp.o[0m
[627.724s] [ 78%] [32mBuilding CXX object platforms/ros2/CMakeFiles/px4__rosidl_typesupport_introspection_cpp.dir/rosidl_typesupport_introspection_cpp/px4/msg/detail/vehicle_command_ack__type_support.cpp.o[0m
[628.080s] [ 78%] [32mBuilding CXX object platforms/ros2/CMakeFiles/px4__rosidl_typesupport_introspection_cpp.dir/rosidl_typesupport_introspection_cpp/px4/msg/detail/vehicle_control_mode__type_support.cpp.o[0m
[628.369s] [ 78%] [32mBuilding CXX object platforms/ros2/CMakeFiles/px4__rosidl_typesupport_introspection_cpp.dir/rosidl_typesupport_introspection_cpp/px4/msg/detail/vehicle_global_position__type_support.cpp.o[0m
[628.898s] [ 79%] [32mBuilding CXX object platforms/ros2/CMakeFiles/px4__rosidl_typesupport_introspection_cpp.dir/rosidl_typesupport_introspection_cpp/px4/msg/detail/vehicle_land_detected__type_support.cpp.o[0m
[628.937s] [ 79%] [32mBuilding CXX object platforms/ros2/CMakeFiles/px4__rosidl_typesupport_introspection_cpp.dir/rosidl_typesupport_introspection_cpp/px4/msg/detail/vehicle_local_position__type_support.cpp.o[0m
[629.550s] [ 79%] [32mBuilding CXX object platforms/ros2/CMakeFiles/px4__rosidl_typesupport_introspection_cpp.dir/rosidl_typesupport_introspection_cpp/px4/msg/detail/vehicle_odometry__type_support.cpp.o[0m
[629.618s] [ 79%] [32mBuilding CXX object platforms/ros2/CMakeFiles/px4__rosidl_typesupport_introspection_cpp.dir/rosidl_typesupport_introspection_cpp/px4/msg/detail/vehicle_rates_setpoint__type_support.cpp.o[0m
[630.141s] [ 79%] [32mBuilding CXX object platforms/ros2/CMakeFiles/px4__rosidl_typesupport_introspection_cpp.dir/rosidl_typesupport_introspection_cpp/px4/msg/detail/vehicle_status__type_support.cpp.o[0m
[630.211s] [ 79%] [32mBuilding CXX object platforms/ros2/CMakeFiles/px4__rosidl_typesupport_introspection_cpp.dir/rosidl_typesupport_introspection_cpp/px4/msg/detail/vtol_vehicle_status__type_support.cpp.o[0m
[630.679s] [ 79%] [32m[1mLinking CXX shared library libpx4__rosidl_typesupport_introspection_cpp.so[0m
[630.956s] [ 79%] Built target px4__rosidl_typesupport_introspection_cpp
[630.982s] [ 79%] [34m[1mGenerating C type support dispatch for ROS interfaces[0m
[670.480s] [ 79%] [32mBuilding CXX object platforms/ros2/CMakeFiles/px4__rosidl_typesupport_c.dir/rosidl_typesupport_c/px4/msg/action_request__type_support.cpp.o[0m
[670.481s] [ 79%] [32mBuilding CXX object platforms/ros2/CMakeFiles/px4__rosidl_typesupport_c.dir/rosidl_typesupport_c/px4/msg/ackermann_velocity_setpoint__type_support.cpp.o[0m
[670.481s] [ 79%] [32mBuilding CXX object platforms/ros2/CMakeFiles/px4__rosidl_typesupport_c.dir/rosidl_typesupport_c/px4/msg/actuator_armed__type_support.cpp.o[0m
[670.556s] [ 81%] [32mBuilding CXX object platforms/ros2/CMakeFiles/px4__rosidl_typesupport_c.dir/rosidl_typesupport_c/px4/msg/actuator_controls_status__type_support.cpp.o[0m
[670.556s] [ 81%] [32mBuilding CXX object platforms/ros2/CMakeFiles/px4__rosidl_typesupport_c.dir/rosidl_typesupport_c/px4/msg/actuator_outputs__type_support.cpp.o[0m
[670.556s] [ 81%] [32mBuilding CXX object platforms/ros2/CMakeFiles/px4__rosidl_typesupport_c.dir/rosidl_typesupport_c/px4/msg/actuator_servos_trim__type_support.cpp.o[0m
[670.630s] [ 81%] [32mBuilding CXX object platforms/ros2/CMakeFiles/px4__rosidl_typesupport_c.dir/rosidl_typesupport_c/px4/msg/airspeed__type_support.cpp.o[0m
[670.630s] [ 81%] [32mBuilding CXX object platforms/ros2/CMakeFiles/px4__rosidl_typesupport_c.dir/rosidl_typesupport_c/px4/msg/actuator_test__type_support.cpp.o[0m
[670.631s] [ 81%] [32mBuilding CXX object platforms/ros2/CMakeFiles/px4__rosidl_typesupport_c.dir/rosidl_typesupport_c/px4/msg/adc_report__type_support.cpp.o[0m
[670.703s] [ 81%] [32mBuilding CXX object platforms/ros2/CMakeFiles/px4__rosidl_typesupport_c.dir/rosidl_typesupport_c/px4/msg/airspeed_wind__type_support.cpp.o[0m
[670.703s] [ 81%] [32mBuilding CXX object platforms/ros2/CMakeFiles/px4__rosidl_typesupport_c.dir/rosidl_typesupport_c/px4/msg/autotune_attitude_control_status__type_support.cpp.o[0m
[670.706s] [ 81%] [32mBuilding CXX object platforms/ros2/CMakeFiles/px4__rosidl_typesupport_c.dir/rosidl_typesupport_c/px4/msg/button_event__type_support.cpp.o[0m
[670.780s] [ 81%] [32mBuilding CXX object platforms/ros2/CMakeFiles/px4__rosidl_typesupport_c.dir/rosidl_typesupport_c/px4/msg/camera_status__type_support.cpp.o[0m
[670.780s] [ 81%] [32mBuilding CXX object platforms/ros2/CMakeFiles/px4__rosidl_typesupport_c.dir/rosidl_typesupport_c/px4/msg/camera_capture__type_support.cpp.o[0m
[670.780s] [ 81%] [32mBuilding CXX object platforms/ros2/CMakeFiles/px4__rosidl_typesupport_c.dir/rosidl_typesupport_c/px4/msg/camera_trigger__type_support.cpp.o[0m
[670.853s] [ 81%] [32mBuilding CXX object platforms/ros2/CMakeFiles/px4__rosidl_typesupport_c.dir/rosidl_typesupport_c/px4/msg/cellular_status__type_support.cpp.o[0m
[670.863s] [ 81%] [32mBuilding CXX object platforms/ros2/CMakeFiles/px4__rosidl_typesupport_c.dir/rosidl_typesupport_c/px4/msg/collision_constraints__type_support.cpp.o[0m
[670.871s] [ 81%] [32mBuilding CXX object platforms/ros2/CMakeFiles/px4__rosidl_typesupport_c.dir/rosidl_typesupport_c/px4/msg/can_interface_status__type_support.cpp.o[0m
[670.890s] [ 81%] [32mBuilding CXX object platforms/ros2/CMakeFiles/px4__rosidl_typesupport_c.dir/rosidl_typesupport_c/px4/msg/control_allocator_status__type_support.cpp.o[0m
[670.929s] [ 81%] [32mBuilding CXX object platforms/ros2/CMakeFiles/px4__rosidl_typesupport_c.dir/rosidl_typesupport_c/px4/msg/cpuload__type_support.cpp.o[0m
[670.951s] [ 81%] [32mBuilding CXX object platforms/ros2/CMakeFiles/px4__rosidl_typesupport_c.dir/rosidl_typesupport_c/px4/msg/dataman_request__type_support.cpp.o[0m
[670.982s] [ 81%] [32mBuilding CXX object platforms/ros2/CMakeFiles/px4__rosidl_typesupport_c.dir/rosidl_typesupport_c/px4/msg/dataman_response__type_support.cpp.o[0m
[670.998s] [ 81%] [32mBuilding CXX object platforms/ros2/CMakeFiles/px4__rosidl_typesupport_c.dir/rosidl_typesupport_c/px4/msg/debug_array__type_support.cpp.o[0m
[671.013s] [ 81%] [32mBuilding CXX object platforms/ros2/CMakeFiles/px4__rosidl_typesupport_c.dir/rosidl_typesupport_c/px4/msg/debug_key_value__type_support.cpp.o[0m
[671.026s] [ 81%] [32mBuilding CXX object platforms/ros2/CMakeFiles/px4__rosidl_typesupport_c.dir/rosidl_typesupport_c/px4/msg/debug_value__type_support.cpp.o[0m
[671.073s] [ 81%] [32mBuilding CXX object platforms/ros2/CMakeFiles/px4__rosidl_typesupport_c.dir/rosidl_typesupport_c/px4/msg/debug_vect__type_support.cpp.o[0m
[671.103s] [ 81%] [32mBuilding CXX object platforms/ros2/CMakeFiles/px4__rosidl_typesupport_c.dir/rosidl_typesupport_c/px4/msg/differential_pressure__type_support.cpp.o[0m
[671.125s] [ 81%] [32mBuilding CXX object platforms/ros2/CMakeFiles/px4__rosidl_typesupport_c.dir/rosidl_typesupport_c/px4/msg/differential_velocity_setpoint__type_support.cpp.o[0m
[671.131s] [ 81%] [32mBuilding CXX object platforms/ros2/CMakeFiles/px4__rosidl_typesupport_c.dir/rosidl_typesupport_c/px4/msg/distance_sensor__type_support.cpp.o[0m
[671.150s] [ 81%] [32mBuilding CXX object platforms/ros2/CMakeFiles/px4__rosidl_typesupport_c.dir/rosidl_typesupport_c/px4/msg/distance_sensor_mode_change_request__type_support.cpp.o[0m
[671.205s] [ 81%] [32mBuilding CXX object platforms/ros2/CMakeFiles/px4__rosidl_typesupport_c.dir/rosidl_typesupport_c/px4/msg/ekf2_timestamps__type_support.cpp.o[0m
[671.231s] [ 81%] [32mBuilding CXX object platforms/ros2/CMakeFiles/px4__rosidl_typesupport_c.dir/rosidl_typesupport_c/px4/msg/esc_report__type_support.cpp.o[0m
[671.236s] [ 81%] [32mBuilding CXX object platforms/ros2/CMakeFiles/px4__rosidl_typesupport_c.dir/rosidl_typesupport_c/px4/msg/esc_status__type_support.cpp.o[0m
[671.251s] [ 82%] [32mBuilding CXX object platforms/ros2/CMakeFiles/px4__rosidl_typesupport_c.dir/rosidl_typesupport_c/px4/msg/estimator_aid_source1d__type_support.cpp.o[0m
[671.307s] [ 82%] [32mBuilding CXX object platforms/ros2/CMakeFiles/px4__rosidl_typesupport_c.dir/rosidl_typesupport_c/px4/msg/estimator_aid_source2d__type_support.cpp.o[0m
[671.330s] [ 82%] [32mBuilding CXX object platforms/ros2/CMakeFiles/px4__rosidl_typesupport_c.dir/rosidl_typesupport_c/px4/msg/estimator_bias__type_support.cpp.o[0m
[671.330s] [ 82%] [32mBuilding CXX object platforms/ros2/CMakeFiles/px4__rosidl_typesupport_c.dir/rosidl_typesupport_c/px4/msg/estimator_aid_source3d__type_support.cpp.o[0m
[671.345s] [ 82%] [32mBuilding CXX object platforms/ros2/CMakeFiles/px4__rosidl_typesupport_c.dir/rosidl_typesupport_c/px4/msg/estimator_bias3d__type_support.cpp.o[0m
[671.422s] [ 82%] [32mBuilding CXX object platforms/ros2/CMakeFiles/px4__rosidl_typesupport_c.dir/rosidl_typesupport_c/px4/msg/estimator_event_flags__type_support.cpp.o[0m
[671.429s] [ 82%] [32mBuilding CXX object platforms/ros2/CMakeFiles/px4__rosidl_typesupport_c.dir/rosidl_typesupport_c/px4/msg/estimator_gps_status__type_support.cpp.o[0m
[671.453s] [ 82%] [32mBuilding CXX object platforms/ros2/CMakeFiles/px4__rosidl_typesupport_c.dir/rosidl_typesupport_c/px4/msg/estimator_innovations__type_support.cpp.o[0m
[671.462s] [ 82%] [32mBuilding CXX object platforms/ros2/CMakeFiles/px4__rosidl_typesupport_c.dir/rosidl_typesupport_c/px4/msg/estimator_selector_status__type_support.cpp.o[0m
[671.500s] [ 82%] [32mBuilding CXX object platforms/ros2/CMakeFiles/px4__rosidl_typesupport_c.dir/rosidl_typesupport_c/px4/msg/estimator_sensor_bias__type_support.cpp.o[0m
[671.517s] [ 82%] [32mBuilding CXX object platforms/ros2/CMakeFiles/px4__rosidl_typesupport_c.dir/rosidl_typesupport_c/px4/msg/estimator_states__type_support.cpp.o[0m
[671.547s] [ 82%] [32mBuilding CXX object platforms/ros2/CMakeFiles/px4__rosidl_typesupport_c.dir/rosidl_typesupport_c/px4/msg/estimator_status__type_support.cpp.o[0m
[671.586s] [ 82%] [32mBuilding CXX object platforms/ros2/CMakeFiles/px4__rosidl_typesupport_c.dir/rosidl_typesupport_c/px4/msg/estimator_status_flags__type_support.cpp.o[0m
[671.592s] [ 82%] [32mBuilding CXX object platforms/ros2/CMakeFiles/px4__rosidl_typesupport_c.dir/rosidl_typesupport_c/px4/msg/event__type_support.cpp.o[0m
[671.615s] [ 82%] [32mBuilding CXX object platforms/ros2/CMakeFiles/px4__rosidl_typesupport_c.dir/rosidl_typesupport_c/px4/msg/failsafe_flags__type_support.cpp.o[0m
[671.626s] [ 82%] [32mBuilding CXX object platforms/ros2/CMakeFiles/px4__rosidl_typesupport_c.dir/rosidl_typesupport_c/px4/msg/failure_detector_status__type_support.cpp.o[0m
[671.678s] [ 82%] [32mBuilding CXX object platforms/ros2/CMakeFiles/px4__rosidl_typesupport_c.dir/rosidl_typesupport_c/px4/msg/figure_eight_status__type_support.cpp.o[0m
[671.704s] [ 82%] [32mBuilding CXX object platforms/ros2/CMakeFiles/px4__rosidl_typesupport_c.dir/rosidl_typesupport_c/px4/msg/flight_phase_estimation__type_support.cpp.o[0m
[671.729s] [ 82%] [32mBuilding CXX object platforms/ros2/CMakeFiles/px4__rosidl_typesupport_c.dir/rosidl_typesupport_c/px4/msg/follow_target__type_support.cpp.o[0m
[671.742s] [ 82%] [32mBuilding CXX object platforms/ros2/CMakeFiles/px4__rosidl_typesupport_c.dir/rosidl_typesupport_c/px4/msg/follow_target_estimator__type_support.cpp.o[0m
[671.775s] [ 82%] [32mBuilding CXX object platforms/ros2/CMakeFiles/px4__rosidl_typesupport_c.dir/rosidl_typesupport_c/px4/msg/follow_target_status__type_support.cpp.o[0m
[671.816s] [ 82%] [32mBuilding CXX object platforms/ros2/CMakeFiles/px4__rosidl_typesupport_c.dir/rosidl_typesupport_c/px4/msg/generator_status__type_support.cpp.o[0m
[671.816s] [ 82%] [32mBuilding CXX object platforms/ros2/CMakeFiles/px4__rosidl_typesupport_c.dir/rosidl_typesupport_c/px4/msg/fuel_tank_status__type_support.cpp.o[0m
[671.830s] [ 82%] [32mBuilding CXX object platforms/ros2/CMakeFiles/px4__rosidl_typesupport_c.dir/rosidl_typesupport_c/px4/msg/geofence_result__type_support.cpp.o[0m
[671.864s] [ 82%] [32mBuilding CXX object platforms/ros2/CMakeFiles/px4__rosidl_typesupport_c.dir/rosidl_typesupport_c/px4/msg/geofence_status__type_support.cpp.o[0m
[671.905s] [ 82%] [32mBuilding CXX object platforms/ros2/CMakeFiles/px4__rosidl_typesupport_c.dir/rosidl_typesupport_c/px4/msg/gimbal_controls__type_support.cpp.o[0m
[671.926s] [ 82%] [32mBuilding CXX object platforms/ros2/CMakeFiles/px4__rosidl_typesupport_c.dir/rosidl_typesupport_c/px4/msg/gimbal_device_attitude_status__type_support.cpp.o[0m
[671.941s] [ 82%] [32mBuilding CXX object platforms/ros2/CMakeFiles/px4__rosidl_typesupport_c.dir/rosidl_typesupport_c/px4/msg/gimbal_device_information__type_support.cpp.o[0m
[671.981s] [ 82%] [32mBuilding CXX object platforms/ros2/CMakeFiles/px4__rosidl_typesupport_c.dir/rosidl_typesupport_c/px4/msg/gimbal_device_set_attitude__type_support.cpp.o[0m
[671.992s] [ 83%] [32mBuilding CXX object platforms/ros2/CMakeFiles/px4__rosidl_typesupport_c.dir/rosidl_typesupport_c/px4/msg/gimbal_manager_information__type_support.cpp.o[0m
[672.016s] [ 83%] [32mBuilding CXX object platforms/ros2/CMakeFiles/px4__rosidl_typesupport_c.dir/rosidl_typesupport_c/px4/msg/gimbal_manager_set_manual_control__type_support.cpp.o[0m
[672.023s] [ 83%] [32mBuilding CXX object platforms/ros2/CMakeFiles/px4__rosidl_typesupport_c.dir/rosidl_typesupport_c/px4/msg/gimbal_manager_set_attitude__type_support.cpp.o[0m
[672.066s] [ 83%] [32mBuilding CXX object platforms/ros2/CMakeFiles/px4__rosidl_typesupport_c.dir/rosidl_typesupport_c/px4/msg/gimbal_manager_status__type_support.cpp.o[0m
[672.082s] [ 83%] [32mBuilding CXX object platforms/ros2/CMakeFiles/px4__rosidl_typesupport_c.dir/rosidl_typesupport_c/px4/msg/gpio_config__type_support.cpp.o[0m
[672.124s] [ 83%] [32mBuilding CXX object platforms/ros2/CMakeFiles/px4__rosidl_typesupport_c.dir/rosidl_typesupport_c/px4/msg/gpio_in__type_support.cpp.o[0m
[672.139s] [ 83%] [32mBuilding CXX object platforms/ros2/CMakeFiles/px4__rosidl_typesupport_c.dir/rosidl_typesupport_c/px4/msg/gpio_out__type_support.cpp.o[0m
[672.174s] [ 83%] [32mBuilding CXX object platforms/ros2/CMakeFiles/px4__rosidl_typesupport_c.dir/rosidl_typesupport_c/px4/msg/gps_dump__type_support.cpp.o[0m
[672.175s] [ 83%] [32mBuilding CXX object platforms/ros2/CMakeFiles/px4__rosidl_typesupport_c.dir/rosidl_typesupport_c/px4/msg/gpio_request__type_support.cpp.o[0m
[672.223s] [ 83%] [32mBuilding CXX object platforms/ros2/CMakeFiles/px4__rosidl_typesupport_c.dir/rosidl_typesupport_c/px4/msg/gps_inject_data__type_support.cpp.o[0m
[672.242s] [ 83%] [32mBuilding CXX object platforms/ros2/CMakeFiles/px4__rosidl_typesupport_c.dir/rosidl_typesupport_c/px4/msg/gripper__type_support.cpp.o[0m
[672.254s] [ 83%] [32mBuilding CXX object platforms/ros2/CMakeFiles/px4__rosidl_typesupport_c.dir/rosidl_typesupport_c/px4/msg/health_report__type_support.cpp.o[0m
[672.292s] [ 83%] [32mBuilding CXX object platforms/ros2/CMakeFiles/px4__rosidl_typesupport_c.dir/rosidl_typesupport_c/px4/msg/heater_status__type_support.cpp.o[0m
[672.309s] [ 83%] [32mBuilding CXX object platforms/ros2/CMakeFiles/px4__rosidl_typesupport_c.dir/rosidl_typesupport_c/px4/msg/hover_thrust_estimate__type_support.cpp.o[0m
[672.329s] [ 83%] [32mBuilding CXX object platforms/ros2/CMakeFiles/px4__rosidl_typesupport_c.dir/rosidl_typesupport_c/px4/msg/input_rc__type_support.cpp.o[0m
[672.344s] [ 83%] [32mBuilding CXX object platforms/ros2/CMakeFiles/px4__rosidl_typesupport_c.dir/rosidl_typesupport_c/px4/msg/internal_combustion_engine_control__type_support.cpp.o[0m
[672.402s] [ 83%] [32mBuilding CXX object platforms/ros2/CMakeFiles/px4__rosidl_typesupport_c.dir/rosidl_typesupport_c/px4/msg/internal_combustion_engine_status__type_support.cpp.o[0m
[672.420s] [ 83%] [32mBuilding CXX object platforms/ros2/CMakeFiles/px4__rosidl_typesupport_c.dir/rosidl_typesupport_c/px4/msg/iridiumsbd_status__type_support.cpp.o[0m
[672.433s] [ 83%] [32mBuilding CXX object platforms/ros2/CMakeFiles/px4__rosidl_typesupport_c.dir/rosidl_typesupport_c/px4/msg/irlock_report__type_support.cpp.o[0m
[672.452s] [ 83%] [32mBuilding CXX object platforms/ros2/CMakeFiles/px4__rosidl_typesupport_c.dir/rosidl_typesupport_c/px4/msg/landing_gear__type_support.cpp.o[0m
[672.483s] [ 83%] [32mBuilding CXX object platforms/ros2/CMakeFiles/px4__rosidl_typesupport_c.dir/rosidl_typesupport_c/px4/msg/landing_gear_wheel__type_support.cpp.o[0m
[672.496s] [ 83%] [32mBuilding CXX object platforms/ros2/CMakeFiles/px4__rosidl_typesupport_c.dir/rosidl_typesupport_c/px4/msg/landing_target_innovations__type_support.cpp.o[0m
[672.543s] [ 83%] [32mBuilding CXX object platforms/ros2/CMakeFiles/px4__rosidl_typesupport_c.dir/rosidl_typesupport_c/px4/msg/landing_target_pose__type_support.cpp.o[0m
[672.565s] [ 83%] [32mBuilding CXX object platforms/ros2/CMakeFiles/px4__rosidl_typesupport_c.dir/rosidl_typesupport_c/px4/msg/launch_detection_status__type_support.cpp.o[0m
[672.571s] [ 83%] [32mBuilding CXX object platforms/ros2/CMakeFiles/px4__rosidl_typesupport_c.dir/rosidl_typesupport_c/px4/msg/led_control__type_support.cpp.o[0m
[672.598s] [ 83%] [32mBuilding CXX object platforms/ros2/CMakeFiles/px4__rosidl_typesupport_c.dir/rosidl_typesupport_c/px4/msg/log_message__type_support.cpp.o[0m
[672.633s] [ 83%] [32mBuilding CXX object platforms/ros2/CMakeFiles/px4__rosidl_typesupport_c.dir/rosidl_typesupport_c/px4/msg/logger_status__type_support.cpp.o[0m
[672.647s] [ 83%] [32mBuilding CXX object platforms/ros2/CMakeFiles/px4__rosidl_typesupport_c.dir/rosidl_typesupport_c/px4/msg/mag_worker_data__type_support.cpp.o[0m
[672.679s] [ 84%] [32mBuilding CXX object platforms/ros2/CMakeFiles/px4__rosidl_typesupport_c.dir/rosidl_typesupport_c/px4/msg/magnetometer_bias_estimate__type_support.cpp.o[0m
[672.714s] [ 84%] [32mBuilding CXX object platforms/ros2/CMakeFiles/px4__rosidl_typesupport_c.dir/rosidl_typesupport_c/px4/msg/manual_control_switches__type_support.cpp.o[0m
[672.722s] [ 84%] [32mBuilding CXX object platforms/ros2/CMakeFiles/px4__rosidl_typesupport_c.dir/rosidl_typesupport_c/px4/msg/mavlink_log__type_support.cpp.o[0m
[672.759s] [ 84%] [32mBuilding CXX object platforms/ros2/CMakeFiles/px4__rosidl_typesupport_c.dir/rosidl_typesupport_c/px4/msg/mavlink_tunnel__type_support.cpp.o[0m
[672.772s] [ 84%] [32mBuilding CXX object platforms/ros2/CMakeFiles/px4__rosidl_typesupport_c.dir/rosidl_typesupport_c/px4/msg/message_format_request__type_support.cpp.o[0m
[672.803s] [ 84%] [32mBuilding CXX object platforms/ros2/CMakeFiles/px4__rosidl_typesupport_c.dir/rosidl_typesupport_c/px4/msg/message_format_response__type_support.cpp.o[0m
[672.824s] [ 84%] [32mBuilding CXX object platforms/ros2/CMakeFiles/px4__rosidl_typesupport_c.dir/rosidl_typesupport_c/px4/msg/mission__type_support.cpp.o[0m
[672.839s] [ 84%] [32mBuilding CXX object platforms/ros2/CMakeFiles/px4__rosidl_typesupport_c.dir/rosidl_typesupport_c/px4/msg/mission_result__type_support.cpp.o[0m
[672.899s] [ 84%] [32mBuilding CXX object platforms/ros2/CMakeFiles/px4__rosidl_typesupport_c.dir/rosidl_typesupport_c/px4/msg/mount_orientation__type_support.cpp.o[0m
[672.920s] [ 84%] [32mBuilding CXX object platforms/ros2/CMakeFiles/px4__rosidl_typesupport_c.dir/rosidl_typesupport_c/px4/msg/navigator_status__type_support.cpp.o[0m
[672.927s] [ 84%] [32mBuilding CXX object platforms/ros2/CMakeFiles/px4__rosidl_typesupport_c.dir/rosidl_typesupport_c/px4/msg/navigator_mission_item__type_support.cpp.o[0m
[672.933s] [ 84%] [32mBuilding CXX object platforms/ros2/CMakeFiles/px4__rosidl_typesupport_c.dir/rosidl_typesupport_c/px4/msg/normalized_unsigned_setpoint__type_support.cpp.o[0m
[672.977s] [ 84%] [32mBuilding CXX object platforms/ros2/CMakeFiles/px4__rosidl_typesupport_c.dir/rosidl_typesupport_c/px4/msg/npfg_status__type_support.cpp.o[0m
[673.021s] [ 84%] [32mBuilding CXX object platforms/ros2/CMakeFiles/px4__rosidl_typesupport_c.dir/rosidl_typesupport_c/px4/msg/obstacle_distance__type_support.cpp.o[0m
[673.035s] [ 84%] [32mBuilding CXX object platforms/ros2/CMakeFiles/px4__rosidl_typesupport_c.dir/rosidl_typesupport_c/px4/msg/offboard_control_mode__type_support.cpp.o[0m
[673.067s] [ 84%] [32mBuilding CXX object platforms/ros2/CMakeFiles/px4__rosidl_typesupport_c.dir/rosidl_typesupport_c/px4/msg/onboard_computer_status__type_support.cpp.o[0m
[673.069s] [ 84%] [32mBuilding CXX object platforms/ros2/CMakeFiles/px4__rosidl_typesupport_c.dir/rosidl_typesupport_c/px4/msg/open_drone_id_arm_status__type_support.cpp.o[0m
[673.119s] [ 84%] [32mBuilding CXX object platforms/ros2/CMakeFiles/px4__rosidl_typesupport_c.dir/rosidl_typesupport_c/px4/msg/open_drone_id_operator_id__type_support.cpp.o[0m
[673.125s] [ 84%] [32mBuilding CXX object platforms/ros2/CMakeFiles/px4__rosidl_typesupport_c.dir/rosidl_typesupport_c/px4/msg/open_drone_id_self_id__type_support.cpp.o[0m
[673.146s] [ 84%] [32mBuilding CXX object platforms/ros2/CMakeFiles/px4__rosidl_typesupport_c.dir/rosidl_typesupport_c/px4/msg/open_drone_id_system__type_support.cpp.o[0m
[673.182s] [ 84%] [32mBuilding CXX object platforms/ros2/CMakeFiles/px4__rosidl_typesupport_c.dir/rosidl_typesupport_c/px4/msg/orb_test__type_support.cpp.o[0m
[673.221s] [ 84%] [32mBuilding CXX object platforms/ros2/CMakeFiles/px4__rosidl_typesupport_c.dir/rosidl_typesupport_c/px4/msg/orb_test_large__type_support.cpp.o[0m
[673.242s] [ 84%] [32mBuilding CXX object platforms/ros2/CMakeFiles/px4__rosidl_typesupport_c.dir/rosidl_typesupport_c/px4/msg/orb_test_medium__type_support.cpp.o[0m
[673.247s] [ 84%] [32mBuilding CXX object platforms/ros2/CMakeFiles/px4__rosidl_typesupport_c.dir/rosidl_typesupport_c/px4/msg/orbit_status__type_support.cpp.o[0m
[673.308s] [ 84%] [32mBuilding CXX object platforms/ros2/CMakeFiles/px4__rosidl_typesupport_c.dir/rosidl_typesupport_c/px4/msg/parameter_reset_request__type_support.cpp.o[0m
[673.319s] [ 84%] [32mBuilding CXX object platforms/ros2/CMakeFiles/px4__rosidl_typesupport_c.dir/rosidl_typesupport_c/px4/msg/parameter_set_used_request__type_support.cpp.o[0m
[673.332s] [ 84%] [32mBuilding CXX object platforms/ros2/CMakeFiles/px4__rosidl_typesupport_c.dir/rosidl_typesupport_c/px4/msg/parameter_set_value_request__type_support.cpp.o[0m
[673.355s] [ 84%] [32mBuilding CXX object platforms/ros2/CMakeFiles/px4__rosidl_typesupport_c.dir/rosidl_typesupport_c/px4/msg/parameter_set_value_response__type_support.cpp.o[0m
[673.406s] [ 86%] [32mBuilding CXX object platforms/ros2/CMakeFiles/px4__rosidl_typesupport_c.dir/rosidl_typesupport_c/px4/msg/ping__type_support.cpp.o[0m
[673.412s] [ 86%] [32mBuilding CXX object platforms/ros2/CMakeFiles/px4__rosidl_typesupport_c.dir/rosidl_typesupport_c/px4/msg/parameter_update__type_support.cpp.o[0m
[673.436s] [ 86%] [32mBuilding CXX object platforms/ros2/CMakeFiles/px4__rosidl_typesupport_c.dir/rosidl_typesupport_c/px4/msg/position_controller_landing_status__type_support.cpp.o[0m
[673.468s] [ 86%] [32mBuilding CXX object platforms/ros2/CMakeFiles/px4__rosidl_typesupport_c.dir/rosidl_typesupport_c/px4/msg/position_controller_status__type_support.cpp.o[0m
[673.501s] [ 86%] [32mBuilding CXX object platforms/ros2/CMakeFiles/px4__rosidl_typesupport_c.dir/rosidl_typesupport_c/px4/msg/position_setpoint__type_support.cpp.o[0m
[673.513s] [ 86%] [32mBuilding CXX object platforms/ros2/CMakeFiles/px4__rosidl_typesupport_c.dir/rosidl_typesupport_c/px4/msg/position_setpoint_triplet__type_support.cpp.o[0m
[673.524s] [ 86%] [32mBuilding CXX object platforms/ros2/CMakeFiles/px4__rosidl_typesupport_c.dir/rosidl_typesupport_c/px4/msg/power_button_state__type_support.cpp.o[0m
[673.585s] [ 86%] [32mBuilding CXX object platforms/ros2/CMakeFiles/px4__rosidl_typesupport_c.dir/rosidl_typesupport_c/px4/msg/power_monitor__type_support.cpp.o[0m
[673.591s] [ 86%] [32mBuilding CXX object platforms/ros2/CMakeFiles/px4__rosidl_typesupport_c.dir/rosidl_typesupport_c/px4/msg/pure_pursuit_status__type_support.cpp.o[0m
[673.602s] [ 86%] [32mBuilding CXX object platforms/ros2/CMakeFiles/px4__rosidl_typesupport_c.dir/rosidl_typesupport_c/px4/msg/pps_capture__type_support.cpp.o[0m
[673.654s] [ 86%] [32mBuilding CXX object platforms/ros2/CMakeFiles/px4__rosidl_typesupport_c.dir/rosidl_typesupport_c/px4/msg/pwm_input__type_support.cpp.o[0m
[673.665s] [ 86%] [32mBuilding CXX object platforms/ros2/CMakeFiles/px4__rosidl_typesupport_c.dir/rosidl_typesupport_c/px4/msg/px4io_status__type_support.cpp.o[0m
[673.685s] [ 86%] [32mBuilding CXX object platforms/ros2/CMakeFiles/px4__rosidl_typesupport_c.dir/rosidl_typesupport_c/px4/msg/qshell_req__type_support.cpp.o[0m
[673.710s] [ 86%] [32mBuilding CXX object platforms/ros2/CMakeFiles/px4__rosidl_typesupport_c.dir/rosidl_typesupport_c/px4/msg/qshell_retval__type_support.cpp.o[0m
[673.746s] [ 86%] [32mBuilding CXX object platforms/ros2/CMakeFiles/px4__rosidl_typesupport_c.dir/rosidl_typesupport_c/px4/msg/radio_status__type_support.cpp.o[0m
[673.768s] [ 86%] [32mBuilding CXX object platforms/ros2/CMakeFiles/px4__rosidl_typesupport_c.dir/rosidl_typesupport_c/px4/msg/rate_ctrl_status__type_support.cpp.o[0m
[673.785s] [ 86%] [32mBuilding CXX object platforms/ros2/CMakeFiles/px4__rosidl_typesupport_c.dir/rosidl_typesupport_c/px4/msg/rc_channels__type_support.cpp.o[0m
[673.829s] [ 86%] [32mBuilding CXX object platforms/ros2/CMakeFiles/px4__rosidl_typesupport_c.dir/rosidl_typesupport_c/px4/msg/rc_parameter_map__type_support.cpp.o[0m
[673.839s] [ 86%] [32mBuilding CXX object platforms/ros2/CMakeFiles/px4__rosidl_typesupport_c.dir/rosidl_typesupport_c/px4/msg/rover_attitude_setpoint__type_support.cpp.o[0m
[673.878s] [ 86%] [32mBuilding CXX object platforms/ros2/CMakeFiles/px4__rosidl_typesupport_c.dir/rosidl_typesupport_c/px4/msg/rover_attitude_status__type_support.cpp.o[0m
[673.891s] [ 86%] [32mBuilding CXX object platforms/ros2/CMakeFiles/px4__rosidl_typesupport_c.dir/rosidl_typesupport_c/px4/msg/rover_position_setpoint__type_support.cpp.o[0m
[673.923s] [ 86%] [32mBuilding CXX object platforms/ros2/CMakeFiles/px4__rosidl_typesupport_c.dir/rosidl_typesupport_c/px4/msg/rover_rate_setpoint__type_support.cpp.o[0m
[673.948s] [ 86%] [32mBuilding CXX object platforms/ros2/CMakeFiles/px4__rosidl_typesupport_c.dir/rosidl_typesupport_c/px4/msg/rover_rate_status__type_support.cpp.o[0m
[673.984s] [ 86%] [32mBuilding CXX object platforms/ros2/CMakeFiles/px4__rosidl_typesupport_c.dir/rosidl_typesupport_c/px4/msg/rover_steering_setpoint__type_support.cpp.o[0m
[673.995s] [ 86%] [32mBuilding CXX object platforms/ros2/CMakeFiles/px4__rosidl_typesupport_c.dir/rosidl_typesupport_c/px4/msg/rover_throttle_setpoint__type_support.cpp.o[0m
[674.016s] [ 86%] [32mBuilding CXX object platforms/ros2/CMakeFiles/px4__rosidl_typesupport_c.dir/rosidl_typesupport_c/px4/msg/rover_velocity_status__type_support.cpp.o[0m
[674.058s] [ 86%] [32mBuilding CXX object platforms/ros2/CMakeFiles/px4__rosidl_typesupport_c.dir/rosidl_typesupport_c/px4/msg/rpm__type_support.cpp.o[0m
[674.065s] [ 86%] [32mBuilding CXX object platforms/ros2/CMakeFiles/px4__rosidl_typesupport_c.dir/rosidl_typesupport_c/px4/msg/rtl_status__type_support.cpp.o[0m
[674.084s] [ 86%] [32mBuilding CXX object platforms/ros2/CMakeFiles/px4__rosidl_typesupport_c.dir/rosidl_typesupport_c/px4/msg/rtl_time_estimate__type_support.cpp.o[0m
[674.140s] [ 87%] [32mBuilding CXX object platforms/ros2/CMakeFiles/px4__rosidl_typesupport_c.dir/rosidl_typesupport_c/px4/msg/sensor_accel__type_support.cpp.o[0m
[674.151s] [ 87%] [32mBuilding CXX object platforms/ros2/CMakeFiles/px4__rosidl_typesupport_c.dir/rosidl_typesupport_c/px4/msg/satellite_info__type_support.cpp.o[0m
[674.167s] [ 87%] [32mBuilding CXX object platforms/ros2/CMakeFiles/px4__rosidl_typesupport_c.dir/rosidl_typesupport_c/px4/msg/sensor_accel_fifo__type_support.cpp.o[0m
[674.180s] [ 87%] [32mBuilding CXX object platforms/ros2/CMakeFiles/px4__rosidl_typesupport_c.dir/rosidl_typesupport_c/px4/msg/sensor_airflow__type_support.cpp.o[0m
[674.259s] [ 87%] [32mBuilding CXX object platforms/ros2/CMakeFiles/px4__rosidl_typesupport_c.dir/rosidl_typesupport_c/px4/msg/sensor_combined__type_support.cpp.o[0m
[674.261s] [ 87%] [32mBuilding CXX object platforms/ros2/CMakeFiles/px4__rosidl_typesupport_c.dir/rosidl_typesupport_c/px4/msg/sensor_baro__type_support.cpp.o[0m
[674.263s] [ 87%] [32mBuilding CXX object platforms/ros2/CMakeFiles/px4__rosidl_typesupport_c.dir/rosidl_typesupport_c/px4/msg/sensor_correction__type_support.cpp.o[0m
[674.278s] [ 87%] [32mBuilding CXX object platforms/ros2/CMakeFiles/px4__rosidl_typesupport_c.dir/rosidl_typesupport_c/px4/msg/sensor_gnss_relative__type_support.cpp.o[0m
[674.352s] [ 87%] [32mBuilding CXX object platforms/ros2/CMakeFiles/px4__rosidl_typesupport_c.dir/rosidl_typesupport_c/px4/msg/sensor_gps__type_support.cpp.o[0m
[674.360s] [ 87%] [32mBuilding CXX object platforms/ros2/CMakeFiles/px4__rosidl_typesupport_c.dir/rosidl_typesupport_c/px4/msg/sensor_gyro__type_support.cpp.o[0m
[674.364s] [ 87%] [32mBuilding CXX object platforms/ros2/CMakeFiles/px4__rosidl_typesupport_c.dir/rosidl_typesupport_c/px4/msg/sensor_gyro_fft__type_support.cpp.o[0m
[674.388s] [ 87%] [32mBuilding CXX object platforms/ros2/CMakeFiles/px4__rosidl_typesupport_c.dir/rosidl_typesupport_c/px4/msg/sensor_gyro_fifo__type_support.cpp.o[0m
[674.442s] [ 87%] [32mBuilding CXX object platforms/ros2/CMakeFiles/px4__rosidl_typesupport_c.dir/rosidl_typesupport_c/px4/msg/sensor_hygrometer__type_support.cpp.o[0m
[674.456s] [ 87%] [32mBuilding CXX object platforms/ros2/CMakeFiles/px4__rosidl_typesupport_c.dir/rosidl_typesupport_c/px4/msg/sensor_mag__type_support.cpp.o[0m
[674.519s] [ 87%] [32mBuilding CXX object platforms/ros2/CMakeFiles/px4__rosidl_typesupport_c.dir/rosidl_typesupport_c/px4/msg/sensor_optical_flow__type_support.cpp.o[0m
[674.528s] [ 87%] [32mBuilding CXX object platforms/ros2/CMakeFiles/px4__rosidl_typesupport_c.dir/rosidl_typesupport_c/px4/msg/sensor_preflight_mag__type_support.cpp.o[0m
[674.533s] [ 87%] [32mBuilding CXX object platforms/ros2/CMakeFiles/px4__rosidl_typesupport_c.dir/rosidl_typesupport_c/px4/msg/sensor_selection__type_support.cpp.o[0m
[674.553s] [ 87%] [32mBuilding CXX object platforms/ros2/CMakeFiles/px4__rosidl_typesupport_c.dir/rosidl_typesupport_c/px4/msg/sensor_uwb__type_support.cpp.o[0m
[674.594s] [ 87%] [32mBuilding CXX object platforms/ros2/CMakeFiles/px4__rosidl_typesupport_c.dir/rosidl_typesupport_c/px4/msg/sensors_status__type_support.cpp.o[0m
[674.618s] [ 87%] [32mBuilding CXX object platforms/ros2/CMakeFiles/px4__rosidl_typesupport_c.dir/rosidl_typesupport_c/px4/msg/sensors_status_imu__type_support.cpp.o[0m
[674.655s] [ 87%] [32mBuilding CXX object platforms/ros2/CMakeFiles/px4__rosidl_typesupport_c.dir/rosidl_typesupport_c/px4/msg/system_power__type_support.cpp.o[0m
[674.679s] [ 87%] [32mBuilding CXX object platforms/ros2/CMakeFiles/px4__rosidl_typesupport_c.dir/rosidl_typesupport_c/px4/msg/takeoff_status__type_support.cpp.o[0m
[674.685s] [ 87%] [32mBuilding CXX object platforms/ros2/CMakeFiles/px4__rosidl_typesupport_c.dir/rosidl_typesupport_c/px4/msg/task_stack_info__type_support.cpp.o[0m
[674.700s] [ 87%] [32mBuilding CXX object platforms/ros2/CMakeFiles/px4__rosidl_typesupport_c.dir/rosidl_typesupport_c/px4/msg/tecs_status__type_support.cpp.o[0m
[674.758s] [ 87%] [32mBuilding CXX object platforms/ros2/CMakeFiles/px4__rosidl_typesupport_c.dir/rosidl_typesupport_c/px4/msg/telemetry_status__type_support.cpp.o[0m
[674.780s] [ 87%] [32mBuilding CXX object platforms/ros2/CMakeFiles/px4__rosidl_typesupport_c.dir/rosidl_typesupport_c/px4/msg/tiltrotor_extra_controls__type_support.cpp.o[0m
[674.799s] [ 87%] [32mBuilding CXX object platforms/ros2/CMakeFiles/px4__rosidl_typesupport_c.dir/rosidl_typesupport_c/px4/msg/timesync_status__type_support.cpp.o[0m
[674.802s] [ 87%] [32mBuilding CXX object platforms/ros2/CMakeFiles/px4__rosidl_typesupport_c.dir/rosidl_typesupport_c/px4/msg/trajectory_setpoint6dof__type_support.cpp.o[0m
[674.834s] [ 87%] [32mBuilding CXX object platforms/ros2/CMakeFiles/px4__rosidl_typesupport_c.dir/rosidl_typesupport_c/px4/msg/transponder_report__type_support.cpp.o[0m
[674.892s] [ 87%] [32mBuilding CXX object platforms/ros2/CMakeFiles/px4__rosidl_typesupport_c.dir/rosidl_typesupport_c/px4/msg/tune_control__type_support.cpp.o[0m
[674.912s] [ 87%] [32mBuilding CXX object platforms/ros2/CMakeFiles/px4__rosidl_typesupport_c.dir/rosidl_typesupport_c/px4/msg/uavcan_parameter_value__type_support.cpp.o[0m
[674.923s] [ 88%] [32mBuilding CXX object platforms/ros2/CMakeFiles/px4__rosidl_typesupport_c.dir/rosidl_typesupport_c/px4/msg/uavcan_parameter_request__type_support.cpp.o[0m
[674.927s] [ 88%] [32mBuilding CXX object platforms/ros2/CMakeFiles/px4__rosidl_typesupport_c.dir/rosidl_typesupport_c/px4/msg/ulog_stream__type_support.cpp.o[0m
[674.983s] [ 88%] [32mBuilding CXX object platforms/ros2/CMakeFiles/px4__rosidl_typesupport_c.dir/rosidl_typesupport_c/px4/msg/ulog_stream_ack__type_support.cpp.o[0m
[675.014s] [ 88%] [32mBuilding CXX object platforms/ros2/CMakeFiles/px4__rosidl_typesupport_c.dir/rosidl_typesupport_c/px4/msg/vehicle_acceleration__type_support.cpp.o[0m
[675.017s] [ 88%] [32mBuilding CXX object platforms/ros2/CMakeFiles/px4__rosidl_typesupport_c.dir/rosidl_typesupport_c/px4/msg/vehicle_air_data__type_support.cpp.o[0m
[675.029s] [ 88%] [32mBuilding CXX object platforms/ros2/CMakeFiles/px4__rosidl_typesupport_c.dir/rosidl_typesupport_c/px4/msg/vehicle_angular_acceleration_setpoint__type_support.cpp.o[0m
[675.078s] [ 88%] [32mBuilding CXX object platforms/ros2/CMakeFiles/px4__rosidl_typesupport_c.dir/rosidl_typesupport_c/px4/msg/vehicle_constraints__type_support.cpp.o[0m
[675.115s] [ 88%] [32mBuilding CXX object platforms/ros2/CMakeFiles/px4__rosidl_typesupport_c.dir/rosidl_typesupport_c/px4/msg/vehicle_imu__type_support.cpp.o[0m
[675.133s] [ 88%] [32mBuilding CXX object platforms/ros2/CMakeFiles/px4__rosidl_typesupport_c.dir/rosidl_typesupport_c/px4/msg/vehicle_imu_status__type_support.cpp.o[0m
[675.136s] [ 88%] [32mBuilding CXX object platforms/ros2/CMakeFiles/px4__rosidl_typesupport_c.dir/rosidl_typesupport_c/px4/msg/vehicle_local_position_setpoint__type_support.cpp.o[0m
[675.155s] [ 88%] [32mBuilding CXX object platforms/ros2/CMakeFiles/px4__rosidl_typesupport_c.dir/rosidl_typesupport_c/px4/msg/vehicle_magnetometer__type_support.cpp.o[0m
[675.210s] [ 88%] [32mBuilding CXX object platforms/ros2/CMakeFiles/px4__rosidl_typesupport_c.dir/rosidl_typesupport_c/px4/msg/vehicle_optical_flow__type_support.cpp.o[0m
[675.232s] [ 88%] [32mBuilding CXX object platforms/ros2/CMakeFiles/px4__rosidl_typesupport_c.dir/rosidl_typesupport_c/px4/msg/vehicle_optical_flow_vel__type_support.cpp.o[0m
[675.252s] [ 88%] [32mBuilding CXX object platforms/ros2/CMakeFiles/px4__rosidl_typesupport_c.dir/rosidl_typesupport_c/px4/msg/vehicle_roi__type_support.cpp.o[0m
[675.265s] [ 88%] [32mBuilding CXX object platforms/ros2/CMakeFiles/px4__rosidl_typesupport_c.dir/rosidl_typesupport_c/px4/msg/vehicle_thrust_setpoint__type_support.cpp.o[0m
[675.301s] [ 88%] [32mBuilding CXX object platforms/ros2/CMakeFiles/px4__rosidl_typesupport_c.dir/rosidl_typesupport_c/px4/msg/vehicle_torque_setpoint__type_support.cpp.o[0m
[675.343s] [ 88%] [32mBuilding CXX object platforms/ros2/CMakeFiles/px4__rosidl_typesupport_c.dir/rosidl_typesupport_c/px4/msg/velocity_limits__type_support.cpp.o[0m
[675.347s] [ 88%] [32mBuilding CXX object platforms/ros2/CMakeFiles/px4__rosidl_typesupport_c.dir/rosidl_typesupport_c/px4/msg/wheel_encoders__type_support.cpp.o[0m
[675.363s] [ 88%] [32mBuilding CXX object platforms/ros2/CMakeFiles/px4__rosidl_typesupport_c.dir/rosidl_typesupport_c/px4/msg/wind__type_support.cpp.o[0m
[675.392s] [ 88%] [32mBuilding CXX object platforms/ros2/CMakeFiles/px4__rosidl_typesupport_c.dir/rosidl_typesupport_c/px4/msg/yaw_estimator_status__type_support.cpp.o[0m
[675.438s] [ 88%] [32mBuilding CXX object platforms/ros2/CMakeFiles/px4__rosidl_typesupport_c.dir/rosidl_typesupport_c/px4/msg/actuator_motors__type_support.cpp.o[0m
[675.452s] [ 88%] [32mBuilding CXX object platforms/ros2/CMakeFiles/px4__rosidl_typesupport_c.dir/rosidl_typesupport_c/px4/msg/actuator_servos__type_support.cpp.o[0m
[675.471s] [ 88%] [32mBuilding CXX object platforms/ros2/CMakeFiles/px4__rosidl_typesupport_c.dir/rosidl_typesupport_c/px4/msg/airspeed_validated__type_support.cpp.o[0m
[675.505s] [ 88%] [32mBuilding CXX object platforms/ros2/CMakeFiles/px4__rosidl_typesupport_c.dir/rosidl_typesupport_c/px4/msg/arming_check_reply__type_support.cpp.o[0m
[675.527s] [ 88%] [32mBuilding CXX object platforms/ros2/CMakeFiles/px4__rosidl_typesupport_c.dir/rosidl_typesupport_c/px4/msg/arming_check_request__type_support.cpp.o[0m
[675.552s] [ 88%] [32mBuilding CXX object platforms/ros2/CMakeFiles/px4__rosidl_typesupport_c.dir/rosidl_typesupport_c/px4/msg/battery_status__type_support.cpp.o[0m
[675.584s] [ 88%] [32mBuilding CXX object platforms/ros2/CMakeFiles/px4__rosidl_typesupport_c.dir/rosidl_typesupport_c/px4/msg/config_overrides__type_support.cpp.o[0m
[675.597s] [ 88%] [32mBuilding CXX object platforms/ros2/CMakeFiles/px4__rosidl_typesupport_c.dir/rosidl_typesupport_c/px4/msg/goto_setpoint__type_support.cpp.o[0m
[675.632s] [ 88%] [32mBuilding CXX object platforms/ros2/CMakeFiles/px4__rosidl_typesupport_c.dir/rosidl_typesupport_c/px4/msg/manual_control_setpoint__type_support.cpp.o[0m
[675.645s] [ 89%] [32mBuilding CXX object platforms/ros2/CMakeFiles/px4__rosidl_typesupport_c.dir/rosidl_typesupport_c/px4/msg/home_position__type_support.cpp.o[0m
[675.681s] [ 89%] [32mBuilding CXX object platforms/ros2/CMakeFiles/px4__rosidl_typesupport_c.dir/rosidl_typesupport_c/px4/msg/mode_completed__type_support.cpp.o[0m
[675.706s] [ 89%] [32mBuilding CXX object platforms/ros2/CMakeFiles/px4__rosidl_typesupport_c.dir/rosidl_typesupport_c/px4/msg/register_ext_component_reply__type_support.cpp.o[0m
[675.735s] [ 89%] [32mBuilding CXX object platforms/ros2/CMakeFiles/px4__rosidl_typesupport_c.dir/rosidl_typesupport_c/px4/msg/trajectory_setpoint__type_support.cpp.o[0m
[675.751s] [ 89%] [32mBuilding CXX object platforms/ros2/CMakeFiles/px4__rosidl_typesupport_c.dir/rosidl_typesupport_c/px4/msg/register_ext_component_request__type_support.cpp.o[0m
[675.766s] [ 89%] [32mBuilding CXX object platforms/ros2/CMakeFiles/px4__rosidl_typesupport_c.dir/rosidl_typesupport_c/px4/msg/unregister_ext_component__type_support.cpp.o[0m
[675.811s] [ 89%] [32mBuilding CXX object platforms/ros2/CMakeFiles/px4__rosidl_typesupport_c.dir/rosidl_typesupport_c/px4/msg/vehicle_angular_velocity__type_support.cpp.o[0m
[675.827s] [ 89%] [32mBuilding CXX object platforms/ros2/CMakeFiles/px4__rosidl_typesupport_c.dir/rosidl_typesupport_c/px4/msg/vehicle_attitude__type_support.cpp.o[0m
[675.860s] [ 89%] [32mBuilding CXX object platforms/ros2/CMakeFiles/px4__rosidl_typesupport_c.dir/rosidl_typesupport_c/px4/msg/vehicle_attitude_setpoint__type_support.cpp.o[0m
[675.861s] [ 89%] [32mBuilding CXX object platforms/ros2/CMakeFiles/px4__rosidl_typesupport_c.dir/rosidl_typesupport_c/px4/msg/vehicle_command__type_support.cpp.o[0m
[675.927s] [ 89%] [32mBuilding CXX object platforms/ros2/CMakeFiles/px4__rosidl_typesupport_c.dir/rosidl_typesupport_c/px4/msg/vehicle_command_ack__type_support.cpp.o[0m
[675.948s] [ 89%] [32mBuilding CXX object platforms/ros2/CMakeFiles/px4__rosidl_typesupport_c.dir/rosidl_typesupport_c/px4/msg/vehicle_control_mode__type_support.cpp.o[0m
[675.951s] [ 89%] [32mBuilding CXX object platforms/ros2/CMakeFiles/px4__rosidl_typesupport_c.dir/rosidl_typesupport_c/px4/msg/vehicle_global_position__type_support.cpp.o[0m
[675.964s] [ 89%] [32mBuilding CXX object platforms/ros2/CMakeFiles/px4__rosidl_typesupport_c.dir/rosidl_typesupport_c/px4/msg/vehicle_land_detected__type_support.cpp.o[0m
[676.021s] [ 89%] [32mBuilding CXX object platforms/ros2/CMakeFiles/px4__rosidl_typesupport_c.dir/rosidl_typesupport_c/px4/msg/vehicle_local_position__type_support.cpp.o[0m
[676.036s] [ 89%] [32mBuilding CXX object platforms/ros2/CMakeFiles/px4__rosidl_typesupport_c.dir/rosidl_typesupport_c/px4/msg/vehicle_odometry__type_support.cpp.o[0m
[676.064s] [ 89%] [32mBuilding CXX object platforms/ros2/CMakeFiles/px4__rosidl_typesupport_c.dir/rosidl_typesupport_c/px4/msg/vehicle_status__type_support.cpp.o[0m
[676.072s] [ 89%] [32mBuilding CXX object platforms/ros2/CMakeFiles/px4__rosidl_typesupport_c.dir/rosidl_typesupport_c/px4/msg/vehicle_rates_setpoint__type_support.cpp.o[0m
[676.110s] [ 89%] [32mBuilding CXX object platforms/ros2/CMakeFiles/px4__rosidl_typesupport_c.dir/rosidl_typesupport_c/px4/msg/vtol_vehicle_status__type_support.cpp.o[0m
[676.183s] [ 89%] [32m[1mLinking CXX shared library libpx4__rosidl_typesupport_c.so[0m
[676.359s] [ 89%] Built target px4__rosidl_typesupport_c
[676.391s] [ 89%] Built target px4
[676.438s] [ 89%] [34m[1mGenerating Python code for ROS interfaces[0m
[788.039s] [ 89%] Built target px4__py
[788.099s] [ 89%] [32mBuilding C object platforms/ros2/CMakeFiles/px4__rosidl_generator_py.dir/rosidl_generator_py/px4/msg/_ackermann_velocity_setpoint_s.c.o[0m
[788.380s] [ 89%] [32mBuilding C object platforms/ros2/CMakeFiles/px4__rosidl_generator_py.dir/rosidl_generator_py/px4/msg/_actuator_controls_status_s.c.o[0m
[788.642s] [ 89%] [32mBuilding C object platforms/ros2/CMakeFiles/px4__rosidl_generator_py.dir/rosidl_generator_py/px4/msg/_actuator_outputs_s.c.o[0m
[788.903s] [ 89%] [32mBuilding C object platforms/ros2/CMakeFiles/px4__rosidl_generator_py.dir/rosidl_generator_py/px4/msg/_actuator_servos_trim_s.c.o[0m
[789.171s] [ 89%] [32mBuilding C object platforms/ros2/CMakeFiles/px4__rosidl_generator_py.dir/rosidl_generator_py/px4/msg/_actuator_test_s.c.o[0m
[789.436s] [ 89%] [32mBuilding C object platforms/ros2/CMakeFiles/px4__rosidl_generator_py.dir/rosidl_generator_py/px4/msg/_adc_report_s.c.o[0m
[789.744s] [ 89%] [32mBuilding C object platforms/ros2/CMakeFiles/px4__rosidl_generator_py.dir/rosidl_generator_py/px4/msg/_airspeed_s.c.o[0m
[790.007s] [ 89%] [32mBuilding C object platforms/ros2/CMakeFiles/px4__rosidl_generator_py.dir/rosidl_generator_py/px4/msg/_airspeed_wind_s.c.o[0m
[790.307s] [ 89%] [32mBuilding C object platforms/ros2/CMakeFiles/px4__rosidl_generator_py.dir/rosidl_generator_py/px4/msg/_autotune_attitude_control_status_s.c.o[0m
[790.644s] [ 89%] [32mBuilding C object platforms/ros2/CMakeFiles/px4__rosidl_generator_py.dir/rosidl_generator_py/px4/msg/_button_event_s.c.o[0m
[790.895s] [ 89%] [32mBuilding C object platforms/ros2/CMakeFiles/px4__rosidl_generator_py.dir/rosidl_generator_py/px4/msg/_camera_capture_s.c.o[0m
[791.183s] [ 89%] [32mBuilding C object platforms/ros2/CMakeFiles/px4__rosidl_generator_py.dir/rosidl_generator_py/px4/msg/_camera_status_s.c.o[0m
[791.437s] [ 89%] [32mBuilding C object platforms/ros2/CMakeFiles/px4__rosidl_generator_py.dir/rosidl_generator_py/px4/msg/_camera_trigger_s.c.o[0m
[791.686s] [ 89%] [32mBuilding C object platforms/ros2/CMakeFiles/px4__rosidl_generator_py.dir/rosidl_generator_py/px4/msg/_can_interface_status_s.c.o[0m
[791.943s] [ 89%] [32mBuilding C object platforms/ros2/CMakeFiles/px4__rosidl_generator_py.dir/rosidl_generator_py/px4/msg/_cellular_status_s.c.o[0m
[792.221s] [ 89%] [32mBuilding C object platforms/ros2/CMakeFiles/px4__rosidl_generator_py.dir/rosidl_generator_py/px4/msg/_collision_constraints_s.c.o[0m
[792.491s] [ 89%] [32mBuilding C object platforms/ros2/CMakeFiles/px4__rosidl_generator_py.dir/rosidl_generator_py/px4/msg/_control_allocator_status_s.c.o[0m
[792.816s] [ 89%] [32mBuilding C object platforms/ros2/CMakeFiles/px4__rosidl_generator_py.dir/rosidl_generator_py/px4/msg/_cpuload_s.c.o[0m
[793.084s] [ 89%] [32mBuilding C object platforms/ros2/CMakeFiles/px4__rosidl_generator_py.dir/rosidl_generator_py/px4/msg/_dataman_request_s.c.o[0m
[793.368s] [ 89%] [32mBuilding C object platforms/ros2/CMakeFiles/px4__rosidl_generator_py.dir/rosidl_generator_py/px4/msg/_dataman_response_s.c.o[0m
[793.650s] [ 89%] [32mBuilding C object platforms/ros2/CMakeFiles/px4__rosidl_generator_py.dir/rosidl_generator_py/px4/msg/_debug_array_s.c.o[0m
[793.930s] [ 89%] [32mBuilding C object platforms/ros2/CMakeFiles/px4__rosidl_generator_py.dir/rosidl_generator_py/px4/msg/_debug_key_value_s.c.o[0m
[794.195s] [ 89%] [32mBuilding C object platforms/ros2/CMakeFiles/px4__rosidl_generator_py.dir/rosidl_generator_py/px4/msg/_debug_value_s.c.o[0m
[794.463s] [ 89%] [32mBuilding C object platforms/ros2/CMakeFiles/px4__rosidl_generator_py.dir/rosidl_generator_py/px4/msg/_debug_vect_s.c.o[0m
[794.747s] [ 89%] [32mBuilding C object platforms/ros2/CMakeFiles/px4__rosidl_generator_py.dir/rosidl_generator_py/px4/msg/_differential_pressure_s.c.o[0m
[795.043s] [ 89%] [32mBuilding C object platforms/ros2/CMakeFiles/px4__rosidl_generator_py.dir/rosidl_generator_py/px4/msg/_differential_velocity_setpoint_s.c.o[0m
[795.322s] [ 89%] [32mBuilding C object platforms/ros2/CMakeFiles/px4__rosidl_generator_py.dir/rosidl_generator_py/px4/msg/_distance_sensor_s.c.o[0m
[795.666s] [ 89%] [32mBuilding C object platforms/ros2/CMakeFiles/px4__rosidl_generator_py.dir/rosidl_generator_py/px4/msg/_distance_sensor_mode_change_request_s.c.o[0m
[795.943s] [ 89%] [32mBuilding C object platforms/ros2/CMakeFiles/px4__rosidl_generator_py.dir/rosidl_generator_py/px4/msg/_ekf2_timestamps_s.c.o[0m
[796.254s] [ 91%] [32mBuilding C object platforms/ros2/CMakeFiles/px4__rosidl_generator_py.dir/rosidl_generator_py/px4/msg/_esc_report_s.c.o[0m
[796.566s] [ 91%] [32mBuilding C object platforms/ros2/CMakeFiles/px4__rosidl_generator_py.dir/rosidl_generator_py/px4/msg/_esc_status_s.c.o[0m
[796.865s] [ 91%] [32mBuilding C object platforms/ros2/CMakeFiles/px4__rosidl_generator_py.dir/rosidl_generator_py/px4/msg/_estimator_aid_source1d_s.c.o[0m
[797.194s] [ 91%] [32mBuilding C object platforms/ros2/CMakeFiles/px4__rosidl_generator_py.dir/rosidl_generator_py/px4/msg/_estimator_aid_source2d_s.c.o[0m
[797.577s] [ 91%] [32mBuilding C object platforms/ros2/CMakeFiles/px4__rosidl_generator_py.dir/rosidl_generator_py/px4/msg/_estimator_aid_source3d_s.c.o[0m
[797.967s] [ 91%] [32mBuilding C object platforms/ros2/CMakeFiles/px4__rosidl_generator_py.dir/rosidl_generator_py/px4/msg/_estimator_bias_s.c.o[0m
[798.265s] [ 91%] [32mBuilding C object platforms/ros2/CMakeFiles/px4__rosidl_generator_py.dir/rosidl_generator_py/px4/msg/_estimator_bias3d_s.c.o[0m
[798.612s] [ 91%] [32mBuilding C object platforms/ros2/CMakeFiles/px4__rosidl_generator_py.dir/rosidl_generator_py/px4/msg/_estimator_event_flags_s.c.o[0m
[798.951s] [ 91%] [32mBuilding C object platforms/ros2/CMakeFiles/px4__rosidl_generator_py.dir/rosidl_generator_py/px4/msg/_estimator_gps_status_s.c.o[0m
[799.306s] [ 91%] [32mBuilding C object platforms/ros2/CMakeFiles/px4__rosidl_generator_py.dir/rosidl_generator_py/px4/msg/_estimator_innovations_s.c.o[0m
[799.758s] [ 91%] [32mBuilding C object platforms/ros2/CMakeFiles/px4__rosidl_generator_py.dir/rosidl_generator_py/px4/msg/_estimator_selector_status_s.c.o[0m
[800.147s] [ 91%] [32mBuilding C object platforms/ros2/CMakeFiles/px4__rosidl_generator_py.dir/rosidl_generator_py/px4/msg/_estimator_sensor_bias_s.c.o[0m
[800.537s] [ 91%] [32mBuilding C object platforms/ros2/CMakeFiles/px4__rosidl_generator_py.dir/rosidl_generator_py/px4/msg/_estimator_states_s.c.o[0m
[800.832s] [ 91%] [32mBuilding C object platforms/ros2/CMakeFiles/px4__rosidl_generator_py.dir/rosidl_generator_py/px4/msg/_estimator_status_s.c.o[0m
[801.296s] [ 91%] [32mBuilding C object platforms/ros2/CMakeFiles/px4__rosidl_generator_py.dir/rosidl_generator_py/px4/msg/_estimator_status_flags_s.c.o[0m
[801.984s] [ 91%] [32mBuilding C object platforms/ros2/CMakeFiles/px4__rosidl_generator_py.dir/rosidl_generator_py/px4/msg/_event_s.c.o[0m
[802.262s] [ 91%] [32mBuilding C object platforms/ros2/CMakeFiles/px4__rosidl_generator_py.dir/rosidl_generator_py/px4/msg/_failsafe_flags_s.c.o[0m
[802.737s] [ 91%] [32mBuilding C object platforms/ros2/CMakeFiles/px4__rosidl_generator_py.dir/rosidl_generator_py/px4/msg/_failure_detector_status_s.c.o[0m
[803.047s] [ 91%] [32mBuilding C object platforms/ros2/CMakeFiles/px4__rosidl_generator_py.dir/rosidl_generator_py/px4/msg/_figure_eight_status_s.c.o[0m
[803.332s] [ 91%] [32mBuilding C object platforms/ros2/CMakeFiles/px4__rosidl_generator_py.dir/rosidl_generator_py/px4/msg/_flight_phase_estimation_s.c.o[0m
[803.578s] [ 91%] [32mBuilding C object platforms/ros2/CMakeFiles/px4__rosidl_generator_py.dir/rosidl_generator_py/px4/msg/_follow_target_s.c.o[0m
[803.852s] [ 91%] [32mBuilding C object platforms/ros2/CMakeFiles/px4__rosidl_generator_py.dir/rosidl_generator_py/px4/msg/_follow_target_estimator_s.c.o[0m
[804.194s] [ 91%] [32mBuilding C object platforms/ros2/CMakeFiles/px4__rosidl_generator_py.dir/rosidl_generator_py/px4/msg/_follow_target_status_s.c.o[0m
[804.501s] [ 91%] [32mBuilding C object platforms/ros2/CMakeFiles/px4__rosidl_generator_py.dir/rosidl_generator_py/px4/msg/_fuel_tank_status_s.c.o[0m
[804.803s] [ 91%] [32mBuilding C object platforms/ros2/CMakeFiles/px4__rosidl_generator_py.dir/rosidl_generator_py/px4/msg/_generator_status_s.c.o[0m
[805.106s] [ 91%] [32mBuilding C object platforms/ros2/CMakeFiles/px4__rosidl_generator_py.dir/rosidl_generator_py/px4/msg/_geofence_result_s.c.o[0m
[805.397s] [ 91%] [32mBuilding C object platforms/ros2/CMakeFiles/px4__rosidl_generator_py.dir/rosidl_generator_py/px4/msg/_geofence_status_s.c.o[0m
[805.665s] [ 91%] [32mBuilding C object platforms/ros2/CMakeFiles/px4__rosidl_generator_py.dir/rosidl_generator_py/px4/msg/_gimbal_controls_s.c.o[0m
[805.941s] [ 91%] [32mBuilding C object platforms/ros2/CMakeFiles/px4__rosidl_generator_py.dir/rosidl_generator_py/px4/msg/_gimbal_device_attitude_status_s.c.o[0m
[806.256s] [ 92%] [32mBuilding C object platforms/ros2/CMakeFiles/px4__rosidl_generator_py.dir/rosidl_generator_py/px4/msg/_gimbal_device_information_s.c.o[0m
[806.599s] [ 92%] [32mBuilding C object platforms/ros2/CMakeFiles/px4__rosidl_generator_py.dir/rosidl_generator_py/px4/msg/_gimbal_device_set_attitude_s.c.o[0m
[806.900s] [ 92%] [32mBuilding C object platforms/ros2/CMakeFiles/px4__rosidl_generator_py.dir/rosidl_generator_py/px4/msg/_gimbal_manager_information_s.c.o[0m
[807.186s] [ 92%] [32mBuilding C object platforms/ros2/CMakeFiles/px4__rosidl_generator_py.dir/rosidl_generator_py/px4/msg/_gimbal_manager_set_attitude_s.c.o[0m
[807.518s] [ 92%] [32mBuilding C object platforms/ros2/CMakeFiles/px4__rosidl_generator_py.dir/rosidl_generator_py/px4/msg/_gimbal_manager_set_manual_control_s.c.o[0m
[807.801s] [ 92%] [32mBuilding C object platforms/ros2/CMakeFiles/px4__rosidl_generator_py.dir/rosidl_generator_py/px4/msg/_gimbal_manager_status_s.c.o[0m
[808.085s] [ 92%] [32mBuilding C object platforms/ros2/CMakeFiles/px4__rosidl_generator_py.dir/rosidl_generator_py/px4/msg/_gpio_config_s.c.o[0m
[808.344s] [ 92%] [32mBuilding C object platforms/ros2/CMakeFiles/px4__rosidl_generator_py.dir/rosidl_generator_py/px4/msg/_gpio_in_s.c.o[0m
[808.590s] [ 92%] [32mBuilding C object platforms/ros2/CMakeFiles/px4__rosidl_generator_py.dir/rosidl_generator_py/px4/msg/_gpio_out_s.c.o[0m
[808.853s] [ 92%] [32mBuilding C object platforms/ros2/CMakeFiles/px4__rosidl_generator_py.dir/rosidl_generator_py/px4/msg/_gpio_request_s.c.o[0m
[809.094s] [ 92%] [32mBuilding C object platforms/ros2/CMakeFiles/px4__rosidl_generator_py.dir/rosidl_generator_py/px4/msg/_gps_dump_s.c.o[0m
[809.368s] [ 92%] [32mBuilding C object platforms/ros2/CMakeFiles/px4__rosidl_generator_py.dir/rosidl_generator_py/px4/msg/_gps_inject_data_s.c.o[0m
[809.638s] [ 92%] [32mBuilding C object platforms/ros2/CMakeFiles/px4__rosidl_generator_py.dir/rosidl_generator_py/px4/msg/_gripper_s.c.o[0m
[809.888s] [ 92%] [32mBuilding C object platforms/ros2/CMakeFiles/px4__rosidl_generator_py.dir/rosidl_generator_py/px4/msg/_health_report_s.c.o[0m
[810.164s] [ 92%] [32mBuilding C object platforms/ros2/CMakeFiles/px4__rosidl_generator_py.dir/rosidl_generator_py/px4/msg/_heater_status_s.c.o[0m
[810.461s] [ 92%] [32mBuilding C object platforms/ros2/CMakeFiles/px4__rosidl_generator_py.dir/rosidl_generator_py/px4/msg/_hover_thrust_estimate_s.c.o[0m
[810.744s] [ 92%] [32mBuilding C object platforms/ros2/CMakeFiles/px4__rosidl_generator_py.dir/rosidl_generator_py/px4/msg/_input_rc_s.c.o[0m
[811.070s] [ 92%] [32mBuilding C object platforms/ros2/CMakeFiles/px4__rosidl_generator_py.dir/rosidl_generator_py/px4/msg/_internal_combustion_engine_control_s.c.o[0m
[811.341s] [ 92%] [32mBuilding C object platforms/ros2/CMakeFiles/px4__rosidl_generator_py.dir/rosidl_generator_py/px4/msg/_internal_combustion_engine_status_s.c.o[0m
[811.695s] [ 92%] [32mBuilding C object platforms/ros2/CMakeFiles/px4__rosidl_generator_py.dir/rosidl_generator_py/px4/msg/_iridiumsbd_status_s.c.o[0m
[812.009s] [ 92%] [32mBuilding C object platforms/ros2/CMakeFiles/px4__rosidl_generator_py.dir/rosidl_generator_py/px4/msg/_irlock_report_s.c.o[0m
[812.299s] [ 92%] [32mBuilding C object platforms/ros2/CMakeFiles/px4__rosidl_generator_py.dir/rosidl_generator_py/px4/msg/_landing_gear_s.c.o[0m
[812.560s] [ 92%] [32mBuilding C object platforms/ros2/CMakeFiles/px4__rosidl_generator_py.dir/rosidl_generator_py/px4/msg/_landing_gear_wheel_s.c.o[0m
[812.800s] [ 92%] [32mBuilding C object platforms/ros2/CMakeFiles/px4__rosidl_generator_py.dir/rosidl_generator_py/px4/msg/_landing_target_innovations_s.c.o[0m
[813.055s] [ 92%] [32mBuilding C object platforms/ros2/CMakeFiles/px4__rosidl_generator_py.dir/rosidl_generator_py/px4/msg/_landing_target_pose_s.c.o[0m
[813.379s] [ 92%] [32mBuilding C object platforms/ros2/CMakeFiles/px4__rosidl_generator_py.dir/rosidl_generator_py/px4/msg/_launch_detection_status_s.c.o[0m
[813.626s] [ 92%] [32mBuilding C object platforms/ros2/CMakeFiles/px4__rosidl_generator_py.dir/rosidl_generator_py/px4/msg/_led_control_s.c.o[0m
[813.899s] [ 92%] [32mBuilding C object platforms/ros2/CMakeFiles/px4__rosidl_generator_py.dir/rosidl_generator_py/px4/msg/_log_message_s.c.o[0m
[814.194s] [ 92%] [32mBuilding C object platforms/ros2/CMakeFiles/px4__rosidl_generator_py.dir/rosidl_generator_py/px4/msg/_logger_status_s.c.o[0m
[814.483s] [ 93%] [32mBuilding C object platforms/ros2/CMakeFiles/px4__rosidl_generator_py.dir/rosidl_generator_py/px4/msg/_mag_worker_data_s.c.o[0m
[814.845s] [ 93%] [32mBuilding C object platforms/ros2/CMakeFiles/px4__rosidl_generator_py.dir/rosidl_generator_py/px4/msg/_magnetometer_bias_estimate_s.c.o[0m
[815.201s] [ 93%] [32mBuilding C object platforms/ros2/CMakeFiles/px4__rosidl_generator_py.dir/rosidl_generator_py/px4/msg/_manual_control_switches_s.c.o[0m
[815.533s] [ 93%] [32mBuilding C object platforms/ros2/CMakeFiles/px4__rosidl_generator_py.dir/rosidl_generator_py/px4/msg/_mavlink_log_s.c.o[0m
[815.793s] [ 93%] [32mBuilding C object platforms/ros2/CMakeFiles/px4__rosidl_generator_py.dir/rosidl_generator_py/px4/msg/_mavlink_tunnel_s.c.o[0m
[816.072s] [ 93%] [32mBuilding C object platforms/ros2/CMakeFiles/px4__rosidl_generator_py.dir/rosidl_generator_py/px4/msg/_message_format_request_s.c.o[0m
[816.359s] [ 93%] [32mBuilding C object platforms/ros2/CMakeFiles/px4__rosidl_generator_py.dir/rosidl_generator_py/px4/msg/_message_format_response_s.c.o[0m
[816.651s] [ 93%] [32mBuilding C object platforms/ros2/CMakeFiles/px4__rosidl_generator_py.dir/rosidl_generator_py/px4/msg/_mission_s.c.o[0m
[816.927s] [ 93%] [32mBuilding C object platforms/ros2/CMakeFiles/px4__rosidl_generator_py.dir/rosidl_generator_py/px4/msg/_mission_result_s.c.o[0m
[817.254s] [ 93%] [32mBuilding C object platforms/ros2/CMakeFiles/px4__rosidl_generator_py.dir/rosidl_generator_py/px4/msg/_mount_orientation_s.c.o[0m
[817.524s] [ 93%] [32mBuilding C object platforms/ros2/CMakeFiles/px4__rosidl_generator_py.dir/rosidl_generator_py/px4/msg/_navigator_mission_item_s.c.o[0m
[817.833s] [ 93%] [32mBuilding C object platforms/ros2/CMakeFiles/px4__rosidl_generator_py.dir/rosidl_generator_py/px4/msg/_navigator_status_s.c.o[0m
[818.097s] [ 93%] [32mBuilding C object platforms/ros2/CMakeFiles/px4__rosidl_generator_py.dir/rosidl_generator_py/px4/msg/_normalized_unsigned_setpoint_s.c.o[0m
[818.341s] [ 93%] [32mBuilding C object platforms/ros2/CMakeFiles/px4__rosidl_generator_py.dir/rosidl_generator_py/px4/msg/_npfg_status_s.c.o[0m
[818.648s] [ 93%] [32mBuilding C object platforms/ros2/CMakeFiles/px4__rosidl_generator_py.dir/rosidl_generator_py/px4/msg/_obstacle_distance_s.c.o[0m
[818.933s] [ 93%] [32mBuilding C object platforms/ros2/CMakeFiles/px4__rosidl_generator_py.dir/rosidl_generator_py/px4/msg/_offboard_control_mode_s.c.o[0m
[819.246s] [ 93%] [32mBuilding C object platforms/ros2/CMakeFiles/px4__rosidl_generator_py.dir/rosidl_generator_py/px4/msg/_onboard_computer_status_s.c.o[0m
[819.702s] [ 93%] [32mBuilding C object platforms/ros2/CMakeFiles/px4__rosidl_generator_py.dir/rosidl_generator_py/px4/msg/_open_drone_id_arm_status_s.c.o[0m
[819.982s] [ 93%] [32mBuilding C object platforms/ros2/CMakeFiles/px4__rosidl_generator_py.dir/rosidl_generator_py/px4/msg/_open_drone_id_operator_id_s.c.o[0m
[820.259s] [ 93%] [32mBuilding C object platforms/ros2/CMakeFiles/px4__rosidl_generator_py.dir/rosidl_generator_py/px4/msg/_open_drone_id_self_id_s.c.o[0m
[820.549s] [ 93%] [32mBuilding C object platforms/ros2/CMakeFiles/px4__rosidl_generator_py.dir/rosidl_generator_py/px4/msg/_open_drone_id_system_s.c.o[0m
[820.901s] [ 93%] [32mBuilding C object platforms/ros2/CMakeFiles/px4__rosidl_generator_py.dir/rosidl_generator_py/px4/msg/_orb_test_s.c.o[0m
[821.168s] [ 93%] [32mBuilding C object platforms/ros2/CMakeFiles/px4__rosidl_generator_py.dir/rosidl_generator_py/px4/msg/_orb_test_large_s.c.o[0m
[821.454s] [ 93%] [32mBuilding C object platforms/ros2/CMakeFiles/px4__rosidl_generator_py.dir/rosidl_generator_py/px4/msg/_orb_test_medium_s.c.o[0m
[821.724s] [ 93%] [32mBuilding C object platforms/ros2/CMakeFiles/px4__rosidl_generator_py.dir/rosidl_generator_py/px4/msg/_orbit_status_s.c.o[0m
[822.006s] [ 93%] [32mBuilding C object platforms/ros2/CMakeFiles/px4__rosidl_generator_py.dir/rosidl_generator_py/px4/msg/_parameter_reset_request_s.c.o[0m
[822.255s] [ 93%] [32mBuilding C object platforms/ros2/CMakeFiles/px4__rosidl_generator_py.dir/rosidl_generator_py/px4/msg/_parameter_set_used_request_s.c.o[0m
[822.499s] [ 93%] [32mBuilding C object platforms/ros2/CMakeFiles/px4__rosidl_generator_py.dir/rosidl_generator_py/px4/msg/_parameter_set_value_request_s.c.o[0m
[822.753s] [ 93%] [32mBuilding C object platforms/ros2/CMakeFiles/px4__rosidl_generator_py.dir/rosidl_generator_py/px4/msg/_parameter_set_value_response_s.c.o[0m
[823.012s] [ 94%] [32mBuilding C object platforms/ros2/CMakeFiles/px4__rosidl_generator_py.dir/rosidl_generator_py/px4/msg/_parameter_update_s.c.o[0m
[823.290s] [ 94%] [32mBuilding C object platforms/ros2/CMakeFiles/px4__rosidl_generator_py.dir/rosidl_generator_py/px4/msg/_ping_s.c.o[0m
[823.566s] [ 94%] [32mBuilding C object platforms/ros2/CMakeFiles/px4__rosidl_generator_py.dir/rosidl_generator_py/px4/msg/_position_controller_landing_status_s.c.o[0m
[823.824s] [ 94%] [32mBuilding C object platforms/ros2/CMakeFiles/px4__rosidl_generator_py.dir/rosidl_generator_py/px4/msg/_position_controller_status_s.c.o[0m
[824.129s] [ 94%] [32mBuilding C object platforms/ros2/CMakeFiles/px4__rosidl_generator_py.dir/rosidl_generator_py/px4/msg/_position_setpoint_s.c.o[0m
[824.490s] [ 94%] [32mBuilding C object platforms/ros2/CMakeFiles/px4__rosidl_generator_py.dir/rosidl_generator_py/px4/msg/_position_setpoint_triplet_s.c.o[0m
[824.767s] [ 94%] [32mBuilding C object platforms/ros2/CMakeFiles/px4__rosidl_generator_py.dir/rosidl_generator_py/px4/msg/_power_button_state_s.c.o[0m
[825.014s] [ 94%] [32mBuilding C object platforms/ros2/CMakeFiles/px4__rosidl_generator_py.dir/rosidl_generator_py/px4/msg/_power_monitor_s.c.o[0m
[825.311s] [ 94%] [32mBuilding C object platforms/ros2/CMakeFiles/px4__rosidl_generator_py.dir/rosidl_generator_py/px4/msg/_pps_capture_s.c.o[0m
[825.569s] [ 94%] [32mBuilding C object platforms/ros2/CMakeFiles/px4__rosidl_generator_py.dir/rosidl_generator_py/px4/msg/_pure_pursuit_status_s.c.o[0m
[825.831s] [ 94%] [32mBuilding C object platforms/ros2/CMakeFiles/px4__rosidl_generator_py.dir/rosidl_generator_py/px4/msg/_pwm_input_s.c.o[0m
[826.092s] [ 94%] [32mBuilding C object platforms/ros2/CMakeFiles/px4__rosidl_generator_py.dir/rosidl_generator_py/px4/msg/_px4io_status_s.c.o[0m
[826.544s] [ 94%] [32mBuilding C object platforms/ros2/CMakeFiles/px4__rosidl_generator_py.dir/rosidl_generator_py/px4/msg/_qshell_req_s.c.o[0m
[826.820s] [ 94%] [32mBuilding C object platforms/ros2/CMakeFiles/px4__rosidl_generator_py.dir/rosidl_generator_py/px4/msg/_qshell_retval_s.c.o[0m
[827.066s] [ 94%] [32mBuilding C object platforms/ros2/CMakeFiles/px4__rosidl_generator_py.dir/rosidl_generator_py/px4/msg/_radio_status_s.c.o[0m
[827.339s] [ 94%] [32mBuilding C object platforms/ros2/CMakeFiles/px4__rosidl_generator_py.dir/rosidl_generator_py/px4/msg/_rate_ctrl_status_s.c.o[0m
[827.589s] [ 94%] [32mBuilding C object platforms/ros2/CMakeFiles/px4__rosidl_generator_py.dir/rosidl_generator_py/px4/msg/_rc_channels_s.c.o[0m
[827.879s] [ 94%] [32mBuilding C object platforms/ros2/CMakeFiles/px4__rosidl_generator_py.dir/rosidl_generator_py/px4/msg/_rc_parameter_map_s.c.o[0m
[828.227s] [ 94%] [32mBuilding C object platforms/ros2/CMakeFiles/px4__rosidl_generator_py.dir/rosidl_generator_py/px4/msg/_rover_attitude_setpoint_s.c.o[0m
[828.466s] [ 94%] [32mBuilding C object platforms/ros2/CMakeFiles/px4__rosidl_generator_py.dir/rosidl_generator_py/px4/msg/_rover_attitude_status_s.c.o[0m
[828.720s] [ 94%] [32mBuilding C object platforms/ros2/CMakeFiles/px4__rosidl_generator_py.dir/rosidl_generator_py/px4/msg/_rover_position_setpoint_s.c.o[0m
[828.991s] [ 94%] [32mBuilding C object platforms/ros2/CMakeFiles/px4__rosidl_generator_py.dir/rosidl_generator_py/px4/msg/_rover_rate_setpoint_s.c.o[0m
[829.241s] [ 94%] [32mBuilding C object platforms/ros2/CMakeFiles/px4__rosidl_generator_py.dir/rosidl_generator_py/px4/msg/_rover_rate_status_s.c.o[0m
[829.490s] [ 94%] [32mBuilding C object platforms/ros2/CMakeFiles/px4__rosidl_generator_py.dir/rosidl_generator_py/px4/msg/_rover_steering_setpoint_s.c.o[0m
[829.752s] [ 94%] [32mBuilding C object platforms/ros2/CMakeFiles/px4__rosidl_generator_py.dir/rosidl_generator_py/px4/msg/_rover_throttle_setpoint_s.c.o[0m
[830.002s] [ 94%] [32mBuilding C object platforms/ros2/CMakeFiles/px4__rosidl_generator_py.dir/rosidl_generator_py/px4/msg/_rover_velocity_status_s.c.o[0m
[830.298s] [ 94%] [32mBuilding C object platforms/ros2/CMakeFiles/px4__rosidl_generator_py.dir/rosidl_generator_py/px4/msg/_rpm_s.c.o[0m
[830.576s] [ 94%] [32mBuilding C object platforms/ros2/CMakeFiles/px4__rosidl_generator_py.dir/rosidl_generator_py/px4/msg/_rtl_status_s.c.o[0m
[830.850s] [ 96%] [32mBuilding C object platforms/ros2/CMakeFiles/px4__rosidl_generator_py.dir/rosidl_generator_py/px4/msg/_rtl_time_estimate_s.c.o[0m
[831.112s] [ 96%] [32mBuilding C object platforms/ros2/CMakeFiles/px4__rosidl_generator_py.dir/rosidl_generator_py/px4/msg/_satellite_info_s.c.o[0m
[831.456s] [ 96%] [32mBuilding C object platforms/ros2/CMakeFiles/px4__rosidl_generator_py.dir/rosidl_generator_py/px4/msg/_sensor_accel_s.c.o[0m
[831.758s] [ 96%] [32mBuilding C object platforms/ros2/CMakeFiles/px4__rosidl_generator_py.dir/rosidl_generator_py/px4/msg/_sensor_accel_fifo_s.c.o[0m
[832.090s] [ 96%] [32mBuilding C object platforms/ros2/CMakeFiles/px4__rosidl_generator_py.dir/rosidl_generator_py/px4/msg/_sensor_airflow_s.c.o[0m
[832.378s] [ 96%] [32mBuilding C object platforms/ros2/CMakeFiles/px4__rosidl_generator_py.dir/rosidl_generator_py/px4/msg/_sensor_baro_s.c.o[0m
[832.663s] [ 96%] [32mBuilding C object platforms/ros2/CMakeFiles/px4__rosidl_generator_py.dir/rosidl_generator_py/px4/msg/_sensor_combined_s.c.o[0m
[832.970s] [ 96%] [32mBuilding C object platforms/ros2/CMakeFiles/px4__rosidl_generator_py.dir/rosidl_generator_py/px4/msg/_sensor_correction_s.c.o[0m
[833.546s] [ 96%] [32mBuilding C object platforms/ros2/CMakeFiles/px4__rosidl_generator_py.dir/rosidl_generator_py/px4/msg/_sensor_gnss_relative_s.c.o[0m
[833.947s] [ 96%] [32mBuilding C object platforms/ros2/CMakeFiles/px4__rosidl_generator_py.dir/rosidl_generator_py/px4/msg/_sensor_gps_s.c.o[0m
[834.381s] [ 96%] [32mBuilding C object platforms/ros2/CMakeFiles/px4__rosidl_generator_py.dir/rosidl_generator_py/px4/msg/_sensor_gyro_s.c.o[0m
[834.711s] [ 96%] [32mBuilding C object platforms/ros2/CMakeFiles/px4__rosidl_generator_py.dir/rosidl_generator_py/px4/msg/_sensor_gyro_fft_s.c.o[0m
[835.047s] [ 96%] [32mBuilding C object platforms/ros2/CMakeFiles/px4__rosidl_generator_py.dir/rosidl_generator_py/px4/msg/_sensor_gyro_fifo_s.c.o[0m
[835.371s] [ 96%] [32mBuilding C object platforms/ros2/CMakeFiles/px4__rosidl_generator_py.dir/rosidl_generator_py/px4/msg/_sensor_hygrometer_s.c.o[0m
[835.650s] [ 96%] [32mBuilding C object platforms/ros2/CMakeFiles/px4__rosidl_generator_py.dir/rosidl_generator_py/px4/msg/_sensor_mag_s.c.o[0m
[835.947s] [ 96%] [32mBuilding C object platforms/ros2/CMakeFiles/px4__rosidl_generator_py.dir/rosidl_generator_py/px4/msg/_sensor_optical_flow_s.c.o[0m
[836.296s] [ 96%] [32mBuilding C object platforms/ros2/CMakeFiles/px4__rosidl_generator_py.dir/rosidl_generator_py/px4/msg/_sensor_preflight_mag_s.c.o[0m
[836.545s] [ 96%] [32mBuilding C object platforms/ros2/CMakeFiles/px4__rosidl_generator_py.dir/rosidl_generator_py/px4/msg/_sensor_selection_s.c.o[0m
[836.797s] [ 96%] [32mBuilding C object platforms/ros2/CMakeFiles/px4__rosidl_generator_py.dir/rosidl_generator_py/px4/msg/_sensor_uwb_s.c.o[0m
[837.143s] [ 96%] [32mBuilding C object platforms/ros2/CMakeFiles/px4__rosidl_generator_py.dir/rosidl_generator_py/px4/msg/_sensors_status_s.c.o[0m
[837.488s] [ 96%] [32mBuilding C object platforms/ros2/CMakeFiles/px4__rosidl_generator_py.dir/rosidl_generator_py/px4/msg/_sensors_status_imu_s.c.o[0m
[837.893s] [ 96%] [32mBuilding C object platforms/ros2/CMakeFiles/px4__rosidl_generator_py.dir/rosidl_generator_py/px4/msg/_system_power_s.c.o[0m
[838.215s] [ 96%] [32mBuilding C object platforms/ros2/CMakeFiles/px4__rosidl_generator_py.dir/rosidl_generator_py/px4/msg/_takeoff_status_s.c.o[0m
[838.484s] [ 96%] [32mBuilding C object platforms/ros2/CMakeFiles/px4__rosidl_generator_py.dir/rosidl_generator_py/px4/msg/_task_stack_info_s.c.o[0m
[838.768s] [ 96%] [32mBuilding C object platforms/ros2/CMakeFiles/px4__rosidl_generator_py.dir/rosidl_generator_py/px4/msg/_tecs_status_s.c.o[0m
[839.160s] [ 96%] [32mBuilding C object platforms/ros2/CMakeFiles/px4__rosidl_generator_py.dir/rosidl_generator_py/px4/msg/_telemetry_status_s.c.o[0m
[839.623s] [ 96%] [32mBuilding C object platforms/ros2/CMakeFiles/px4__rosidl_generator_py.dir/rosidl_generator_py/px4/msg/_tiltrotor_extra_controls_s.c.o[0m
[839.879s] [ 96%] [32mBuilding C object platforms/ros2/CMakeFiles/px4__rosidl_generator_py.dir/rosidl_generator_py/px4/msg/_timesync_status_s.c.o[0m
[840.138s] [ 96%] [32mBuilding C object platforms/ros2/CMakeFiles/px4__rosidl_generator_py.dir/rosidl_generator_py/px4/msg/_trajectory_setpoint6dof_s.c.o[0m
[840.457s] [ 97%] [32mBuilding C object platforms/ros2/CMakeFiles/px4__rosidl_generator_py.dir/rosidl_generator_py/px4/msg/_transponder_report_s.c.o[0m
[840.802s] [ 97%] [32mBuilding C object platforms/ros2/CMakeFiles/px4__rosidl_generator_py.dir/rosidl_generator_py/px4/msg/_tune_control_s.c.o[0m
[841.064s] [ 97%] [32mBuilding C object platforms/ros2/CMakeFiles/px4__rosidl_generator_py.dir/rosidl_generator_py/px4/msg/_uavcan_parameter_request_s.c.o[0m
[841.357s] [ 97%] [32mBuilding C object platforms/ros2/CMakeFiles/px4__rosidl_generator_py.dir/rosidl_generator_py/px4/msg/_uavcan_parameter_value_s.c.o[0m
[841.675s] [ 97%] [32mBuilding C object platforms/ros2/CMakeFiles/px4__rosidl_generator_py.dir/rosidl_generator_py/px4/msg/_ulog_stream_s.c.o[0m
[841.986s] [ 97%] [32mBuilding C object platforms/ros2/CMakeFiles/px4__rosidl_generator_py.dir/rosidl_generator_py/px4/msg/_ulog_stream_ack_s.c.o[0m
[842.241s] [ 97%] [32mBuilding C object platforms/ros2/CMakeFiles/px4__rosidl_generator_py.dir/rosidl_generator_py/px4/msg/_vehicle_acceleration_s.c.o[0m
[842.540s] [ 97%] [32mBuilding C object platforms/ros2/CMakeFiles/px4__rosidl_generator_py.dir/rosidl_generator_py/px4/msg/_vehicle_air_data_s.c.o[0m
[842.824s] [ 97%] [32mBuilding C object platforms/ros2/CMakeFiles/px4__rosidl_generator_py.dir/rosidl_generator_py/px4/msg/_vehicle_angular_acceleration_setpoint_s.c.o[0m
[843.089s] [ 97%] [32mBuilding C object platforms/ros2/CMakeFiles/px4__rosidl_generator_py.dir/rosidl_generator_py/px4/msg/_vehicle_constraints_s.c.o[0m
[843.359s] [ 97%] [32mBuilding C object platforms/ros2/CMakeFiles/px4__rosidl_generator_py.dir/rosidl_generator_py/px4/msg/_vehicle_imu_s.c.o[0m
[843.686s] [ 97%] [32mBuilding C object platforms/ros2/CMakeFiles/px4__rosidl_generator_py.dir/rosidl_generator_py/px4/msg/_vehicle_imu_status_s.c.o[0m
[844.100s] [ 97%] [32mBuilding C object platforms/ros2/CMakeFiles/px4__rosidl_generator_py.dir/rosidl_generator_py/px4/msg/_vehicle_local_position_setpoint_s.c.o[0m
[844.426s] [ 97%] [32mBuilding C object platforms/ros2/CMakeFiles/px4__rosidl_generator_py.dir/rosidl_generator_py/px4/msg/_vehicle_magnetometer_s.c.o[0m
[844.720s] [ 97%] [32mBuilding C object platforms/ros2/CMakeFiles/px4__rosidl_generator_py.dir/rosidl_generator_py/px4/msg/_vehicle_optical_flow_s.c.o[0m
[845.018s] [ 97%] [32mBuilding C object platforms/ros2/CMakeFiles/px4__rosidl_generator_py.dir/rosidl_generator_py/px4/msg/_vehicle_optical_flow_vel_s.c.o[0m
[845.355s] [ 97%] [32mBuilding C object platforms/ros2/CMakeFiles/px4__rosidl_generator_py.dir/rosidl_generator_py/px4/msg/_vehicle_roi_s.c.o[0m
[845.643s] [ 97%] [32mBuilding C object platforms/ros2/CMakeFiles/px4__rosidl_generator_py.dir/rosidl_generator_py/px4/msg/_vehicle_thrust_setpoint_s.c.o[0m
[845.896s] [ 97%] [32mBuilding C object platforms/ros2/CMakeFiles/px4__rosidl_generator_py.dir/rosidl_generator_py/px4/msg/_vehicle_torque_setpoint_s.c.o[0m
[846.147s] [ 97%] [32mBuilding C object platforms/ros2/CMakeFiles/px4__rosidl_generator_py.dir/rosidl_generator_py/px4/msg/_velocity_limits_s.c.o[0m
[846.417s] [ 97%] [32mBuilding C object platforms/ros2/CMakeFiles/px4__rosidl_generator_py.dir/rosidl_generator_py/px4/msg/_wheel_encoders_s.c.o[0m
[846.688s] [ 97%] [32mBuilding C object platforms/ros2/CMakeFiles/px4__rosidl_generator_py.dir/rosidl_generator_py/px4/msg/_wind_s.c.o[0m
[846.967s] [ 97%] [32mBuilding C object platforms/ros2/CMakeFiles/px4__rosidl_generator_py.dir/rosidl_generator_py/px4/msg/_yaw_estimator_status_s.c.o[0m
[847.276s] [ 97%] [32mBuilding C object platforms/ros2/CMakeFiles/px4__rosidl_generator_py.dir/rosidl_generator_py/px4/msg/_actuator_motors_s.c.o[0m
[847.535s] [ 97%] [32mBuilding C object platforms/ros2/CMakeFiles/px4__rosidl_generator_py.dir/rosidl_generator_py/px4/msg/_actuator_servos_s.c.o[0m
[847.805s] [ 97%] [32mBuilding C object platforms/ros2/CMakeFiles/px4__rosidl_generator_py.dir/rosidl_generator_py/px4/msg/_airspeed_validated_s.c.o[0m
[848.085s] [ 97%] [32mBuilding C object platforms/ros2/CMakeFiles/px4__rosidl_generator_py.dir/rosidl_generator_py/px4/msg/_arming_check_reply_s.c.o[0m
[848.436s] [ 97%] [32mBuilding C object platforms/ros2/CMakeFiles/px4__rosidl_generator_py.dir/rosidl_generator_py/px4/msg/_arming_check_request_s.c.o[0m
[848.682s] [ 97%] [32mBuilding C object platforms/ros2/CMakeFiles/px4__rosidl_generator_py.dir/rosidl_generator_py/px4/msg/_battery_status_s.c.o[0m
[849.155s] [ 98%] [32mBuilding C object platforms/ros2/CMakeFiles/px4__rosidl_generator_py.dir/rosidl_generator_py/px4/msg/_config_overrides_s.c.o[0m
[849.434s] [ 98%] [32mBuilding C object platforms/ros2/CMakeFiles/px4__rosidl_generator_py.dir/rosidl_generator_py/px4/msg/_goto_setpoint_s.c.o[0m
[849.753s] [ 98%] [32mBuilding C object platforms/ros2/CMakeFiles/px4__rosidl_generator_py.dir/rosidl_generator_py/px4/msg/_home_position_s.c.o[0m
[850.085s] [ 98%] [32mBuilding C object platforms/ros2/CMakeFiles/px4__rosidl_generator_py.dir/rosidl_generator_py/px4/msg/_manual_control_setpoint_s.c.o[0m
[850.407s] [ 98%] [32mBuilding C object platforms/ros2/CMakeFiles/px4__rosidl_generator_py.dir/rosidl_generator_py/px4/msg/_mode_completed_s.c.o[0m
[850.675s] [ 98%] [32mBuilding C object platforms/ros2/CMakeFiles/px4__rosidl_generator_py.dir/rosidl_generator_py/px4/msg/_register_ext_component_reply_s.c.o[0m
[850.988s] [ 98%] [32mBuilding C object platforms/ros2/CMakeFiles/px4__rosidl_generator_py.dir/rosidl_generator_py/px4/msg/_register_ext_component_request_s.c.o[0m
[851.286s] [ 98%] [32mBuilding C object platforms/ros2/CMakeFiles/px4__rosidl_generator_py.dir/rosidl_generator_py/px4/msg/_trajectory_setpoint_s.c.o[0m
[851.608s] [ 98%] [32mBuilding C object platforms/ros2/CMakeFiles/px4__rosidl_generator_py.dir/rosidl_generator_py/px4/msg/_unregister_ext_component_s.c.o[0m
[851.890s] [ 98%] [32mBuilding C object platforms/ros2/CMakeFiles/px4__rosidl_generator_py.dir/rosidl_generator_py/px4/msg/_vehicle_angular_velocity_s.c.o[0m
[852.168s] [ 98%] [32mBuilding C object platforms/ros2/CMakeFiles/px4__rosidl_generator_py.dir/rosidl_generator_py/px4/msg/_vehicle_attitude_s.c.o[0m
[852.469s] [ 98%] [32mBuilding C object platforms/ros2/CMakeFiles/px4__rosidl_generator_py.dir/rosidl_generator_py/px4/msg/_vehicle_attitude_setpoint_s.c.o[0m
[852.774s] [ 98%] [32mBuilding C object platforms/ros2/CMakeFiles/px4__rosidl_generator_py.dir/rosidl_generator_py/px4/msg/_vehicle_command_s.c.o[0m
[853.105s] [ 98%] [32mBuilding C object platforms/ros2/CMakeFiles/px4__rosidl_generator_py.dir/rosidl_generator_py/px4/msg/_vehicle_command_ack_s.c.o[0m
[853.403s] [ 98%] [32mBuilding C object platforms/ros2/CMakeFiles/px4__rosidl_generator_py.dir/rosidl_generator_py/px4/msg/_vehicle_control_mode_s.c.o[0m
[853.704s] [ 98%] [32mBuilding C object platforms/ros2/CMakeFiles/px4__rosidl_generator_py.dir/rosidl_generator_py/px4/msg/_vehicle_global_position_s.c.o[0m
[854.021s] [ 98%] [32mBuilding C object platforms/ros2/CMakeFiles/px4__rosidl_generator_py.dir/rosidl_generator_py/px4/msg/_vehicle_land_detected_s.c.o[0m
[854.315s] [ 98%] [32mBuilding C object platforms/ros2/CMakeFiles/px4__rosidl_generator_py.dir/rosidl_generator_py/px4/msg/_vehicle_local_position_s.c.o[0m
[854.853s] [ 98%] [32mBuilding C object platforms/ros2/CMakeFiles/px4__rosidl_generator_py.dir/rosidl_generator_py/px4/msg/_vehicle_odometry_s.c.o[0m
[855.205s] [ 98%] [32mBuilding C object platforms/ros2/CMakeFiles/px4__rosidl_generator_py.dir/rosidl_generator_py/px4/msg/_vehicle_rates_setpoint_s.c.o[0m
[855.479s] [ 98%] [32mBuilding C object platforms/ros2/CMakeFiles/px4__rosidl_generator_py.dir/rosidl_generator_py/px4/msg/_vehicle_status_s.c.o[0m
[855.919s] [ 98%] [32mBuilding C object platforms/ros2/CMakeFiles/px4__rosidl_generator_py.dir/rosidl_generator_py/px4/msg/_vtol_vehicle_status_s.c.o[0m
[856.164s] [100%] [32mBuilding C object platforms/ros2/CMakeFiles/px4__rosidl_generator_py.dir/rosidl_generator_py/px4/msg/_actuator_armed_s.c.o[0m
[856.428s] [100%] [32mBuilding C object platforms/ros2/CMakeFiles/px4__rosidl_generator_py.dir/rosidl_generator_py/px4/msg/_action_request_s.c.o[0m
[856.684s] [100%] [32m[1mLinking C shared library libpx4__rosidl_generator_py.so[0m
[856.903s] [100%] Built target px4__rosidl_generator_py
[856.943s] [100%] [32mBuilding C object platforms/ros2/CMakeFiles/px4_s__rosidl_typesupport_fastrtps_c.dir/rosidl_generator_py/px4/_px4_s.ep.rosidl_typesupport_fastrtps_c.c.o[0m
[861.643s] [100%] [32m[1mLinking C shared module rosidl_generator_py/px4/px4_s__rosidl_typesupport_fastrtps_c.so[0m
[861.732s] [100%] Built target px4_s__rosidl_typesupport_fastrtps_c
[861.769s] [100%] [32mBuilding C object platforms/ros2/CMakeFiles/px4_s__rosidl_typesupport_c.dir/rosidl_generator_py/px4/_px4_s.ep.rosidl_typesupport_c.c.o[0m
[866.116s] [100%] [32m[1mLinking C shared module rosidl_generator_py/px4/px4_s__rosidl_typesupport_c.so[0m
[866.207s] [100%] Built target px4_s__rosidl_typesupport_c
[866.244s] [100%] [32mBuilding C object platforms/ros2/CMakeFiles/px4_s__rosidl_typesupport_introspection_c.dir/rosidl_generator_py/px4/_px4_s.ep.rosidl_typesupport_introspection_c.c.o[0m
[870.899s] [100%] [32m[1mLinking C shared module rosidl_generator_py/px4/px4_s__rosidl_typesupport_introspection_c.so[0m
[871.002s] [100%] Built target px4_s__rosidl_typesupport_introspection_c
[871.034s] Invoked command in '/repo/ws/build/px4' returned '0': CMAKE_PREFIX_PATH=${CMAKE_PREFIX_PATH}:/opt/ros/jazzy /usr/bin/cmake --build /repo/ws/build/px4 -- -j4 -l4
[871.034s] Invoking command in '/repo/ws/build/px4': CMAKE_PREFIX_PATH=${CMAKE_PREFIX_PATH}:/opt/ros/jazzy /usr/bin/cmake --install /repo/ws/build/px4
[871.053s] -- Install configuration: "RelWithDebInfo"
[871.059s] -- Execute custom install script
[871.059s] -- Symlinking: /repo/ws/install/lib/cmake/GTest/GTestConfigVersion.cmake
[871.079s] -- Symlinking: /repo/ws/install/lib/cmake/GTest/GTestConfig.cmake
[871.097s] -- Symlinking: /repo/ws/install/include/gtest/gtest-assertion-result.h
[871.117s] -- Symlinking: /repo/ws/install/include/gtest/gtest-death-test.h
[871.137s] -- Symlinking: /repo/ws/install/include/gtest/gtest-matchers.h
[871.154s] -- Symlinking: /repo/ws/install/include/gtest/gtest-message.h
[871.175s] -- Symlinking: /repo/ws/install/include/gtest/gtest-param-test.h
[871.198s] -- Symlinking: /repo/ws/install/include/gtest/gtest-printers.h
[871.216s] -- Symlinking: /repo/ws/install/include/gtest/gtest-spi.h
[871.235s] -- Symlinking: /repo/ws/install/include/gtest/gtest-test-part.h
[871.260s] -- Symlinking: /repo/ws/install/include/gtest/gtest-typed-test.h
[871.278s] -- Symlinking: /repo/ws/install/include/gtest/gtest.h
[871.299s] -- Symlinking: /repo/ws/install/include/gtest/gtest_pred_impl.h
[871.326s] -- Symlinking: /repo/ws/install/include/gtest/gtest_prod.h
[871.342s] -- Symlinking: /repo/ws/install/include/gtest/internal/custom/README.md
[871.359s] -- Symlinking: /repo/ws/install/include/gtest/internal/custom/gtest-port.h
[871.376s] -- Symlinking: /repo/ws/install/include/gtest/internal/custom/gtest-printers.h
[871.393s] -- Symlinking: /repo/ws/install/include/gtest/internal/custom/gtest.h
[871.409s] -- Symlinking: /repo/ws/install/include/gtest/internal/gtest-death-test-internal.h
[871.427s] -- Symlinking: /repo/ws/install/include/gtest/internal/gtest-filepath.h
[871.444s] -- Symlinking: /repo/ws/install/include/gtest/internal/gtest-internal.h
[871.463s] -- Symlinking: /repo/ws/install/include/gtest/internal/gtest-param-util.h
[871.485s] -- Symlinking: /repo/ws/install/include/gtest/internal/gtest-port-arch.h
[871.507s] -- Symlinking: /repo/ws/install/include/gtest/internal/gtest-port.h
[871.525s] -- Symlinking: /repo/ws/install/include/gtest/internal/gtest-string.h
[871.546s] -- Symlinking: /repo/ws/install/include/gtest/internal/gtest-type-util.h
[871.565s] -- Symlinking: /repo/ws/install/lib/pkgconfig/gtest.pc
[871.593s] -- Symlinking: /repo/ws/install/lib/pkgconfig/gtest_main.pc
[871.613s] -- Symlinking: /repo/ws/install/include/gmock/gmock-actions.h
[871.630s] -- Symlinking: /repo/ws/install/include/gmock/gmock-cardinalities.h
[871.650s] -- Symlinking: /repo/ws/install/include/gmock/gmock-function-mocker.h
[871.666s] -- Symlinking: /repo/ws/install/include/gmock/gmock-matchers.h
[871.685s] -- Symlinking: /repo/ws/install/include/gmock/gmock-more-actions.h
[871.702s] -- Symlinking: /repo/ws/install/include/gmock/gmock-more-matchers.h
[871.716s] -- Symlinking: /repo/ws/install/include/gmock/gmock-nice-strict.h
[871.736s] -- Symlinking: /repo/ws/install/include/gmock/gmock-spec-builders.h
[871.753s] -- Symlinking: /repo/ws/install/include/gmock/gmock.h
[871.773s] -- Symlinking: /repo/ws/install/include/gmock/internal/custom/README.md
[871.797s] -- Symlinking: /repo/ws/install/include/gmock/internal/custom/gmock-generated-actions.h
[871.837s] -- Symlinking: /repo/ws/install/include/gmock/internal/custom/gmock-matchers.h
[871.857s] -- Symlinking: /repo/ws/install/include/gmock/internal/custom/gmock-port.h
[871.891s] -- Symlinking: /repo/ws/install/include/gmock/internal/gmock-internal-utils.h
[871.909s] -- Symlinking: /repo/ws/install/include/gmock/internal/gmock-port.h
[871.926s] -- Symlinking: /repo/ws/install/include/gmock/internal/gmock-pp.h
[871.945s] -- Symlinking: /repo/ws/install/lib/pkgconfig/gmock.pc
[871.964s] -- Symlinking: /repo/ws/install/lib/pkgconfig/gmock_main.pc
[871.983s] -- Symlinking: /repo/ws/install/share/ament_index/resource_index/rosidl_interfaces/px4
[872.011s] -- Symlinking: /repo/ws/install/share/px4/msg/AckermannVelocitySetpoint.json
[872.033s] -- Symlinking: /repo/ws/install/share/px4/msg/ActionRequest.json
[872.053s] -- Symlinking: /repo/ws/install/share/px4/msg/ActuatorArmed.json
[872.071s] -- Symlinking: /repo/ws/install/share/px4/msg/ActuatorControlsStatus.json
[872.088s] -- Symlinking: /repo/ws/install/share/px4/msg/ActuatorOutputs.json
[872.107s] -- Symlinking: /repo/ws/install/share/px4/msg/ActuatorServosTrim.json
[872.127s] -- Symlinking: /repo/ws/install/share/px4/msg/ActuatorTest.json
[872.145s] -- Symlinking: /repo/ws/install/share/px4/msg/AdcReport.json
[872.165s] -- Symlinking: /repo/ws/install/share/px4/msg/Airspeed.json
[872.184s] -- Symlinking: /repo/ws/install/share/px4/msg/AirspeedWind.json
[872.204s] -- Symlinking: /repo/ws/install/share/px4/msg/AutotuneAttitudeControlStatus.json
[872.221s] -- Symlinking: /repo/ws/install/share/px4/msg/ButtonEvent.json
[872.240s] -- Symlinking: /repo/ws/install/share/px4/msg/CameraCapture.json
[872.258s] -- Symlinking: /repo/ws/install/share/px4/msg/CameraStatus.json
[872.276s] -- Symlinking: /repo/ws/install/share/px4/msg/CameraTrigger.json
[872.296s] -- Symlinking: /repo/ws/install/share/px4/msg/CanInterfaceStatus.json
[872.313s] -- Symlinking: /repo/ws/install/share/px4/msg/CellularStatus.json
[872.333s] -- Symlinking: /repo/ws/install/share/px4/msg/CollisionConstraints.json
[872.350s] -- Symlinking: /repo/ws/install/share/px4/msg/ControlAllocatorStatus.json
[872.368s] -- Symlinking: /repo/ws/install/share/px4/msg/Cpuload.json
[872.388s] -- Symlinking: /repo/ws/install/share/px4/msg/DatamanRequest.json
[872.411s] -- Symlinking: /repo/ws/install/share/px4/msg/DatamanResponse.json
[872.437s] -- Symlinking: /repo/ws/install/share/px4/msg/DebugArray.json
[872.457s] -- Symlinking: /repo/ws/install/share/px4/msg/DebugKeyValue.json
[872.474s] -- Symlinking: /repo/ws/install/share/px4/msg/DebugValue.json
[872.493s] -- Symlinking: /repo/ws/install/share/px4/msg/DebugVect.json
[872.512s] -- Symlinking: /repo/ws/install/share/px4/msg/DifferentialPressure.json
[872.530s] -- Symlinking: /repo/ws/install/share/px4/msg/DifferentialVelocitySetpoint.json
[872.548s] -- Symlinking: /repo/ws/install/share/px4/msg/DistanceSensor.json
[872.564s] -- Symlinking: /repo/ws/install/share/px4/msg/DistanceSensorModeChangeRequest.json
[872.581s] -- Symlinking: /repo/ws/install/share/px4/msg/Ekf2Timestamps.json
[872.599s] -- Symlinking: /repo/ws/install/share/px4/msg/EscReport.json
[872.619s] -- Symlinking: /repo/ws/install/share/px4/msg/EscStatus.json
[872.638s] -- Symlinking: /repo/ws/install/share/px4/msg/EstimatorAidSource1d.json
[872.655s] -- Symlinking: /repo/ws/install/share/px4/msg/EstimatorAidSource2d.json
[872.675s] -- Symlinking: /repo/ws/install/share/px4/msg/EstimatorAidSource3d.json
[872.693s] -- Symlinking: /repo/ws/install/share/px4/msg/EstimatorBias.json
[872.711s] -- Symlinking: /repo/ws/install/share/px4/msg/EstimatorBias3d.json
[872.728s] -- Symlinking: /repo/ws/install/share/px4/msg/EstimatorEventFlags.json
[872.745s] -- Symlinking: /repo/ws/install/share/px4/msg/EstimatorGpsStatus.json
[872.761s] -- Symlinking: /repo/ws/install/share/px4/msg/EstimatorInnovations.json
[872.778s] -- Symlinking: /repo/ws/install/share/px4/msg/EstimatorSelectorStatus.json
[872.797s] -- Symlinking: /repo/ws/install/share/px4/msg/EstimatorSensorBias.json
[872.817s] -- Symlinking: /repo/ws/install/share/px4/msg/EstimatorStates.json
[872.850s] -- Symlinking: /repo/ws/install/share/px4/msg/EstimatorStatus.json
[872.869s] -- Symlinking: /repo/ws/install/share/px4/msg/EstimatorStatusFlags.json
[872.891s] -- Symlinking: /repo/ws/install/share/px4/msg/Event.json
[872.911s] -- Symlinking: /repo/ws/install/share/px4/msg/FailsafeFlags.json
[872.931s] -- Symlinking: /repo/ws/install/share/px4/msg/FailureDetectorStatus.json
[872.950s] -- Symlinking: /repo/ws/install/share/px4/msg/FigureEightStatus.json
[872.970s] -- Symlinking: /repo/ws/install/share/px4/msg/FlightPhaseEstimation.json
[872.990s] -- Symlinking: /repo/ws/install/share/px4/msg/FollowTarget.json
[873.011s] -- Symlinking: /repo/ws/install/share/px4/msg/FollowTargetEstimator.json
[873.029s] -- Symlinking: /repo/ws/install/share/px4/msg/FollowTargetStatus.json
[873.052s] -- Symlinking: /repo/ws/install/share/px4/msg/FuelTankStatus.json
[873.077s] -- Symlinking: /repo/ws/install/share/px4/msg/GeneratorStatus.json
[873.092s] -- Symlinking: /repo/ws/install/share/px4/msg/GeofenceResult.json
[873.112s] -- Symlinking: /repo/ws/install/share/px4/msg/GeofenceStatus.json
[873.130s] -- Symlinking: /repo/ws/install/share/px4/msg/GimbalControls.json
[873.148s] -- Symlinking: /repo/ws/install/share/px4/msg/GimbalDeviceAttitudeStatus.json
[873.167s] -- Symlinking: /repo/ws/install/share/px4/msg/GimbalDeviceInformation.json
[873.184s] -- Symlinking: /repo/ws/install/share/px4/msg/GimbalDeviceSetAttitude.json
[873.208s] -- Symlinking: /repo/ws/install/share/px4/msg/GimbalManagerInformation.json
[873.225s] -- Symlinking: /repo/ws/install/share/px4/msg/GimbalManagerSetAttitude.json
[873.243s] -- Symlinking: /repo/ws/install/share/px4/msg/GimbalManagerSetManualControl.json
[873.263s] -- Symlinking: /repo/ws/install/share/px4/msg/GimbalManagerStatus.json
[873.282s] -- Symlinking: /repo/ws/install/share/px4/msg/GpioConfig.json
[873.304s] -- Symlinking: /repo/ws/install/share/px4/msg/GpioIn.json
[873.327s] -- Symlinking: /repo/ws/install/share/px4/msg/GpioOut.json
[873.346s] -- Symlinking: /repo/ws/install/share/px4/msg/GpioRequest.json
[873.364s] -- Symlinking: /repo/ws/install/share/px4/msg/GpsDump.json
[873.380s] -- Symlinking: /repo/ws/install/share/px4/msg/GpsInjectData.json
[873.399s] -- Symlinking: /repo/ws/install/share/px4/msg/Gripper.json
[873.422s] -- Symlinking: /repo/ws/install/share/px4/msg/HealthReport.json
[873.440s] -- Symlinking: /repo/ws/install/share/px4/msg/HeaterStatus.json
[873.462s] -- Symlinking: /repo/ws/install/share/px4/msg/HoverThrustEstimate.json
[873.476s] -- Symlinking: /repo/ws/install/share/px4/msg/InputRc.json
[873.496s] -- Symlinking: /repo/ws/install/share/px4/msg/InternalCombustionEngineControl.json
[873.522s] -- Symlinking: /repo/ws/install/share/px4/msg/InternalCombustionEngineStatus.json
[873.542s] -- Symlinking: /repo/ws/install/share/px4/msg/IridiumsbdStatus.json
[873.561s] -- Symlinking: /repo/ws/install/share/px4/msg/IrlockReport.json
[873.575s] -- Symlinking: /repo/ws/install/share/px4/msg/LandingGear.json
[873.590s] -- Symlinking: /repo/ws/install/share/px4/msg/LandingGearWheel.json
[873.606s] -- Symlinking: /repo/ws/install/share/px4/msg/LandingTargetInnovations.json
[873.621s] -- Symlinking: /repo/ws/install/share/px4/msg/LandingTargetPose.json
[873.635s] -- Symlinking: /repo/ws/install/share/px4/msg/LaunchDetectionStatus.json
[873.649s] -- Symlinking: /repo/ws/install/share/px4/msg/LedControl.json
[873.663s] -- Symlinking: /repo/ws/install/share/px4/msg/LogMessage.json
[873.678s] -- Symlinking: /repo/ws/install/share/px4/msg/LoggerStatus.json
[873.695s] -- Symlinking: /repo/ws/install/share/px4/msg/MagWorkerData.json
[873.708s] -- Symlinking: /repo/ws/install/share/px4/msg/MagnetometerBiasEstimate.json
[873.724s] -- Symlinking: /repo/ws/install/share/px4/msg/ManualControlSwitches.json
[873.741s] -- Symlinking: /repo/ws/install/share/px4/msg/MavlinkLog.json
[873.758s] -- Symlinking: /repo/ws/install/share/px4/msg/MavlinkTunnel.json
[873.772s] -- Symlinking: /repo/ws/install/share/px4/msg/MessageFormatRequest.json
[873.788s] -- Symlinking: /repo/ws/install/share/px4/msg/MessageFormatResponse.json
[873.806s] -- Symlinking: /repo/ws/install/share/px4/msg/Mission.json
[873.824s] -- Symlinking: /repo/ws/install/share/px4/msg/MissionResult.json
[873.845s] -- Symlinking: /repo/ws/install/share/px4/msg/MountOrientation.json
[873.863s] -- Symlinking: /repo/ws/install/share/px4/msg/NavigatorMissionItem.json
[873.879s] -- Symlinking: /repo/ws/install/share/px4/msg/NavigatorStatus.json
[873.898s] -- Symlinking: /repo/ws/install/share/px4/msg/NormalizedUnsignedSetpoint.json
[873.918s] -- Symlinking: /repo/ws/install/share/px4/msg/NpfgStatus.json
[873.947s] -- Symlinking: /repo/ws/install/share/px4/msg/ObstacleDistance.json
[873.965s] -- Symlinking: /repo/ws/install/share/px4/msg/OffboardControlMode.json
[873.983s] -- Symlinking: /repo/ws/install/share/px4/msg/OnboardComputerStatus.json
[874.001s] -- Symlinking: /repo/ws/install/share/px4/msg/OpenDroneIdArmStatus.json
[874.018s] -- Symlinking: /repo/ws/install/share/px4/msg/OpenDroneIdOperatorId.json
[874.034s] -- Symlinking: /repo/ws/install/share/px4/msg/OpenDroneIdSelfId.json
[874.054s] -- Symlinking: /repo/ws/install/share/px4/msg/OpenDroneIdSystem.json
[874.071s] -- Symlinking: /repo/ws/install/share/px4/msg/OrbTest.json
[874.089s] -- Symlinking: /repo/ws/install/share/px4/msg/OrbTestLarge.json
[874.106s] -- Symlinking: /repo/ws/install/share/px4/msg/OrbTestMedium.json
[874.123s] -- Symlinking: /repo/ws/install/share/px4/msg/OrbitStatus.json
[874.141s] -- Symlinking: /repo/ws/install/share/px4/msg/ParameterResetRequest.json
[874.159s] -- Symlinking: /repo/ws/install/share/px4/msg/ParameterSetUsedRequest.json
[874.173s] -- Symlinking: /repo/ws/install/share/px4/msg/ParameterSetValueRequest.json
[874.189s] -- Symlinking: /repo/ws/install/share/px4/msg/ParameterSetValueResponse.json
[874.203s] -- Symlinking: /repo/ws/install/share/px4/msg/ParameterUpdate.json
[874.217s] -- Symlinking: /repo/ws/install/share/px4/msg/Ping.json
[874.232s] -- Symlinking: /repo/ws/install/share/px4/msg/PositionControllerLandingStatus.json
[874.245s] -- Symlinking: /repo/ws/install/share/px4/msg/PositionControllerStatus.json
[874.259s] -- Symlinking: /repo/ws/install/share/px4/msg/PositionSetpoint.json
[874.272s] -- Symlinking: /repo/ws/install/share/px4/msg/PositionSetpointTriplet.json
[874.288s] -- Symlinking: /repo/ws/install/share/px4/msg/PowerButtonState.json
[874.304s] -- Symlinking: /repo/ws/install/share/px4/msg/PowerMonitor.json
[874.322s] -- Symlinking: /repo/ws/install/share/px4/msg/PpsCapture.json
[874.335s] -- Symlinking: /repo/ws/install/share/px4/msg/PurePursuitStatus.json
[874.349s] -- Symlinking: /repo/ws/install/share/px4/msg/PwmInput.json
[874.364s] -- Symlinking: /repo/ws/install/share/px4/msg/Px4ioStatus.json
[874.380s] -- Symlinking: /repo/ws/install/share/px4/msg/QshellReq.json
[874.398s] -- Symlinking: /repo/ws/install/share/px4/msg/QshellRetval.json
[874.414s] -- Symlinking: /repo/ws/install/share/px4/msg/RadioStatus.json
[874.429s] -- Symlinking: /repo/ws/install/share/px4/msg/RateCtrlStatus.json
[874.443s] -- Symlinking: /repo/ws/install/share/px4/msg/RcChannels.json
[874.458s] -- Symlinking: /repo/ws/install/share/px4/msg/RcParameterMap.json
[874.472s] -- Symlinking: /repo/ws/install/share/px4/msg/RoverAttitudeSetpoint.json
[874.487s] -- Symlinking: /repo/ws/install/share/px4/msg/RoverAttitudeStatus.json
[874.502s] -- Symlinking: /repo/ws/install/share/px4/msg/RoverPositionSetpoint.json
[874.518s] -- Symlinking: /repo/ws/install/share/px4/msg/RoverRateSetpoint.json
[874.533s] -- Symlinking: /repo/ws/install/share/px4/msg/RoverRateStatus.json
[874.547s] -- Symlinking: /repo/ws/install/share/px4/msg/RoverSteeringSetpoint.json
[874.562s] -- Symlinking: /repo/ws/install/share/px4/msg/RoverThrottleSetpoint.json
[874.577s] -- Symlinking: /repo/ws/install/share/px4/msg/RoverVelocityStatus.json
[874.592s] -- Symlinking: /repo/ws/install/share/px4/msg/Rpm.json
[874.608s] -- Symlinking: /repo/ws/install/share/px4/msg/RtlStatus.json
[874.622s] -- Symlinking: /repo/ws/install/share/px4/msg/RtlTimeEstimate.json
[874.637s] -- Symlinking: /repo/ws/install/share/px4/msg/SatelliteInfo.json
[874.651s] -- Symlinking: /repo/ws/install/share/px4/msg/SensorAccel.json
[874.667s] -- Symlinking: /repo/ws/install/share/px4/msg/SensorAccelFifo.json
[874.683s] -- Symlinking: /repo/ws/install/share/px4/msg/SensorAirflow.json
[874.700s] -- Symlinking: /repo/ws/install/share/px4/msg/SensorBaro.json
[874.715s] -- Symlinking: /repo/ws/install/share/px4/msg/SensorCombined.json
[874.730s] -- Symlinking: /repo/ws/install/share/px4/msg/SensorCorrection.json
[874.744s] -- Symlinking: /repo/ws/install/share/px4/msg/SensorGnssRelative.json
[874.758s] -- Symlinking: /repo/ws/install/share/px4/msg/SensorGps.json
[874.772s] -- Symlinking: /repo/ws/install/share/px4/msg/SensorGyro.json
[874.787s] -- Symlinking: /repo/ws/install/share/px4/msg/SensorGyroFft.json
[874.804s] -- Symlinking: /repo/ws/install/share/px4/msg/SensorGyroFifo.json
[874.819s] -- Symlinking: /repo/ws/install/share/px4/msg/SensorHygrometer.json
[874.832s] -- Symlinking: /repo/ws/install/share/px4/msg/SensorMag.json
[874.847s] -- Symlinking: /repo/ws/install/share/px4/msg/SensorOpticalFlow.json
[874.862s] -- Symlinking: /repo/ws/install/share/px4/msg/SensorPreflightMag.json
[874.876s] -- Symlinking: /repo/ws/install/share/px4/msg/SensorSelection.json
[874.890s] -- Symlinking: /repo/ws/install/share/px4/msg/SensorUwb.json
[874.905s] -- Symlinking: /repo/ws/install/share/px4/msg/SensorsStatus.json
[874.922s] -- Symlinking: /repo/ws/install/share/px4/msg/SensorsStatusImu.json
[874.936s] -- Symlinking: /repo/ws/install/share/px4/msg/SystemPower.json
[874.950s] -- Symlinking: /repo/ws/install/share/px4/msg/TakeoffStatus.json
[874.966s] -- Symlinking: /repo/ws/install/share/px4/msg/TaskStackInfo.json
[874.981s] -- Symlinking: /repo/ws/install/share/px4/msg/TecsStatus.json
[874.997s] -- Symlinking: /repo/ws/install/share/px4/msg/TelemetryStatus.json
[875.011s] -- Symlinking: /repo/ws/install/share/px4/msg/TiltrotorExtraControls.json
[875.025s] -- Symlinking: /repo/ws/install/share/px4/msg/TimesyncStatus.json
[875.040s] -- Symlinking: /repo/ws/install/share/px4/msg/TrajectorySetpoint6dof.json
[875.054s] -- Symlinking: /repo/ws/install/share/px4/msg/TransponderReport.json
[875.069s] -- Symlinking: /repo/ws/install/share/px4/msg/TuneControl.json
[875.086s] -- Symlinking: /repo/ws/install/share/px4/msg/UavcanParameterRequest.json
[875.099s] -- Symlinking: /repo/ws/install/share/px4/msg/UavcanParameterValue.json
[875.113s] -- Symlinking: /repo/ws/install/share/px4/msg/UlogStream.json
[875.129s] -- Symlinking: /repo/ws/install/share/px4/msg/UlogStreamAck.json
[875.144s] -- Symlinking: /repo/ws/install/share/px4/msg/VehicleAcceleration.json
[875.159s] -- Symlinking: /repo/ws/install/share/px4/msg/VehicleAirData.json
[875.176s] -- Symlinking: /repo/ws/install/share/px4/msg/VehicleAngularAccelerationSetpoint.json
[875.194s] -- Symlinking: /repo/ws/install/share/px4/msg/VehicleConstraints.json
[875.210s] -- Symlinking: /repo/ws/install/share/px4/msg/VehicleImu.json
[875.228s] -- Symlinking: /repo/ws/install/share/px4/msg/VehicleImuStatus.json
[875.245s] -- Symlinking: /repo/ws/install/share/px4/msg/VehicleLocalPositionSetpoint.json
[875.261s] -- Symlinking: /repo/ws/install/share/px4/msg/VehicleMagnetometer.json
[875.277s] -- Symlinking: /repo/ws/install/share/px4/msg/VehicleOpticalFlow.json
[875.294s] -- Symlinking: /repo/ws/install/share/px4/msg/VehicleOpticalFlowVel.json
[875.318s] -- Symlinking: /repo/ws/install/share/px4/msg/VehicleRoi.json
[875.334s] -- Symlinking: /repo/ws/install/share/px4/msg/VehicleThrustSetpoint.json
[875.349s] -- Symlinking: /repo/ws/install/share/px4/msg/VehicleTorqueSetpoint.json
[875.364s] -- Symlinking: /repo/ws/install/share/px4/msg/VelocityLimits.json
[875.379s] -- Symlinking: /repo/ws/install/share/px4/msg/WheelEncoders.json
[875.395s] -- Symlinking: /repo/ws/install/share/px4/msg/Wind.json
[875.411s] -- Symlinking: /repo/ws/install/share/px4/msg/YawEstimatorStatus.json
[875.427s] -- Symlinking: /repo/ws/install/share/px4/msg/ActuatorMotors.json
[875.445s] -- Symlinking: /repo/ws/install/share/px4/msg/ActuatorServos.json
[875.464s] -- Symlinking: /repo/ws/install/share/px4/msg/AirspeedValidated.json
[875.483s] -- Symlinking: /repo/ws/install/share/px4/msg/ArmingCheckReply.json
[875.503s] -- Symlinking: /repo/ws/install/share/px4/msg/ArmingCheckRequest.json
[875.518s] -- Symlinking: /repo/ws/install/share/px4/msg/BatteryStatus.json
[875.538s] -- Symlinking: /repo/ws/install/share/px4/msg/ConfigOverrides.json
[875.554s] -- Symlinking: /repo/ws/install/share/px4/msg/GotoSetpoint.json
[875.570s] -- Symlinking: /repo/ws/install/share/px4/msg/HomePosition.json
[875.584s] -- Symlinking: /repo/ws/install/share/px4/msg/ManualControlSetpoint.json
[875.601s] -- Symlinking: /repo/ws/install/share/px4/msg/ModeCompleted.json
[875.615s] -- Symlinking: /repo/ws/install/share/px4/msg/RegisterExtComponentReply.json
[875.629s] -- Symlinking: /repo/ws/install/share/px4/msg/RegisterExtComponentRequest.json
[875.644s] -- Symlinking: /repo/ws/install/share/px4/msg/TrajectorySetpoint.json
[875.658s] -- Symlinking: /repo/ws/install/share/px4/msg/UnregisterExtComponent.json
[875.672s] -- Symlinking: /repo/ws/install/share/px4/msg/VehicleAngularVelocity.json
[875.687s] -- Symlinking: /repo/ws/install/share/px4/msg/VehicleAttitude.json
[875.704s] -- Symlinking: /repo/ws/install/share/px4/msg/VehicleAttitudeSetpoint.json
[875.718s] -- Symlinking: /repo/ws/install/share/px4/msg/VehicleCommand.json
[875.733s] -- Symlinking: /repo/ws/install/share/px4/msg/VehicleCommandAck.json
[875.748s] -- Symlinking: /repo/ws/install/share/px4/msg/VehicleControlMode.json
[875.762s] -- Symlinking: /repo/ws/install/share/px4/msg/VehicleGlobalPosition.json
[875.776s] -- Symlinking: /repo/ws/install/share/px4/msg/VehicleLandDetected.json
[875.791s] -- Symlinking: /repo/ws/install/share/px4/msg/VehicleLocalPosition.json
[875.806s] -- Symlinking: /repo/ws/install/share/px4/msg/VehicleOdometry.json
[875.821s] -- Symlinking: /repo/ws/install/share/px4/msg/VehicleRatesSetpoint.json
[875.836s] -- Symlinking: /repo/ws/install/share/px4/msg/VehicleStatus.json
[875.850s] -- Symlinking: /repo/ws/install/share/px4/msg/VtolVehicleStatus.json
[875.886s] -- Symlinking: /repo/ws/install/include/px4/px4/msg/ackermann_velocity_setpoint.h
[875.902s] -- Symlinking: /repo/ws/install/include/px4/px4/msg/action_request.h
[875.916s] -- Symlinking: /repo/ws/install/include/px4/px4/msg/actuator_armed.h
[875.931s] -- Symlinking: /repo/ws/install/include/px4/px4/msg/actuator_controls_status.h
[875.945s] -- Symlinking: /repo/ws/install/include/px4/px4/msg/actuator_motors.h
[875.960s] -- Symlinking: /repo/ws/install/include/px4/px4/msg/actuator_outputs.h
[875.974s] -- Symlinking: /repo/ws/install/include/px4/px4/msg/actuator_servos.h
[875.989s] -- Symlinking: /repo/ws/install/include/px4/px4/msg/actuator_servos_trim.h
[876.006s] -- Symlinking: /repo/ws/install/include/px4/px4/msg/actuator_test.h
[876.021s] -- Symlinking: /repo/ws/install/include/px4/px4/msg/adc_report.h
[876.036s] -- Symlinking: /repo/ws/install/include/px4/px4/msg/airspeed.h
[876.050s] -- Symlinking: /repo/ws/install/include/px4/px4/msg/airspeed_validated.h
[876.064s] -- Symlinking: /repo/ws/install/include/px4/px4/msg/airspeed_wind.h
[876.084s] -- Symlinking: /repo/ws/install/include/px4/px4/msg/arming_check_reply.h
[876.105s] -- Symlinking: /repo/ws/install/include/px4/px4/msg/arming_check_request.h
[876.120s] -- Symlinking: /repo/ws/install/include/px4/px4/msg/autotune_attitude_control_status.h
[876.136s] -- Symlinking: /repo/ws/install/include/px4/px4/msg/battery_status.h
[876.151s] -- Symlinking: /repo/ws/install/include/px4/px4/msg/button_event.h
[876.166s] -- Symlinking: /repo/ws/install/include/px4/px4/msg/camera_capture.h
[876.180s] -- Symlinking: /repo/ws/install/include/px4/px4/msg/camera_status.h
[876.200s] -- Symlinking: /repo/ws/install/include/px4/px4/msg/camera_trigger.h
[876.215s] -- Symlinking: /repo/ws/install/include/px4/px4/msg/can_interface_status.h
[876.230s] -- Symlinking: /repo/ws/install/include/px4/px4/msg/cellular_status.h
[876.246s] -- Symlinking: /repo/ws/install/include/px4/px4/msg/collision_constraints.h
[876.261s] -- Symlinking: /repo/ws/install/include/px4/px4/msg/config_overrides.h
[876.276s] -- Symlinking: /repo/ws/install/include/px4/px4/msg/control_allocator_status.h
[876.293s] -- Symlinking: /repo/ws/install/include/px4/px4/msg/cpuload.h
[876.310s] -- Symlinking: /repo/ws/install/include/px4/px4/msg/dataman_request.h
[876.324s] -- Symlinking: /repo/ws/install/include/px4/px4/msg/dataman_response.h
[876.338s] -- Symlinking: /repo/ws/install/include/px4/px4/msg/debug_array.h
[876.355s] -- Symlinking: /repo/ws/install/include/px4/px4/msg/debug_key_value.h
[876.371s] -- Symlinking: /repo/ws/install/include/px4/px4/msg/debug_value.h
[876.387s] -- Symlinking: /repo/ws/install/include/px4/px4/msg/debug_vect.h
[876.408s] -- Symlinking: /repo/ws/install/include/px4/px4/msg/detail/ackermann_velocity_setpoint__functions.h
[876.426s] -- Symlinking: /repo/ws/install/include/px4/px4/msg/detail/ackermann_velocity_setpoint__struct.h
[876.443s] -- Symlinking: /repo/ws/install/include/px4/px4/msg/detail/ackermann_velocity_setpoint__type_support.h
[876.463s] -- Symlinking: /repo/ws/install/include/px4/px4/msg/detail/action_request__functions.h
[876.480s] -- Symlinking: /repo/ws/install/include/px4/px4/msg/detail/action_request__struct.h
[876.499s] -- Symlinking: /repo/ws/install/include/px4/px4/msg/detail/action_request__type_support.h
[876.521s] -- Symlinking: /repo/ws/install/include/px4/px4/msg/detail/actuator_armed__functions.h
[876.541s] -- Symlinking: /repo/ws/install/include/px4/px4/msg/detail/actuator_armed__struct.h
[876.557s] -- Symlinking: /repo/ws/install/include/px4/px4/msg/detail/actuator_armed__type_support.h
[876.575s] -- Symlinking: /repo/ws/install/include/px4/px4/msg/detail/actuator_controls_status__functions.h
[876.591s] -- Symlinking: /repo/ws/install/include/px4/px4/msg/detail/actuator_controls_status__struct.h
[876.609s] -- Symlinking: /repo/ws/install/include/px4/px4/msg/detail/actuator_controls_status__type_support.h
[876.626s] -- Symlinking: /repo/ws/install/include/px4/px4/msg/detail/actuator_motors__functions.h
[876.642s] -- Symlinking: /repo/ws/install/include/px4/px4/msg/detail/actuator_motors__struct.h
[876.658s] -- Symlinking: /repo/ws/install/include/px4/px4/msg/detail/actuator_motors__type_support.h
[876.674s] -- Symlinking: /repo/ws/install/include/px4/px4/msg/detail/actuator_outputs__functions.h
[876.689s] -- Symlinking: /repo/ws/install/include/px4/px4/msg/detail/actuator_outputs__struct.h
[876.706s] -- Symlinking: /repo/ws/install/include/px4/px4/msg/detail/actuator_outputs__type_support.h
[876.720s] -- Symlinking: /repo/ws/install/include/px4/px4/msg/detail/actuator_servos__functions.h
[876.735s] -- Symlinking: /repo/ws/install/include/px4/px4/msg/detail/actuator_servos__struct.h
[876.750s] -- Symlinking: /repo/ws/install/include/px4/px4/msg/detail/actuator_servos__type_support.h
[876.765s] -- Symlinking: /repo/ws/install/include/px4/px4/msg/detail/actuator_servos_trim__functions.h
[876.779s] -- Symlinking: /repo/ws/install/include/px4/px4/msg/detail/actuator_servos_trim__struct.h
[876.796s] -- Symlinking: /repo/ws/install/include/px4/px4/msg/detail/actuator_servos_trim__type_support.h
[876.814s] -- Symlinking: /repo/ws/install/include/px4/px4/msg/detail/actuator_test__functions.h
[876.830s] -- Symlinking: /repo/ws/install/include/px4/px4/msg/detail/actuator_test__struct.h
[876.852s] -- Symlinking: /repo/ws/install/include/px4/px4/msg/detail/actuator_test__type_support.h
[876.870s] -- Symlinking: /repo/ws/install/include/px4/px4/msg/detail/adc_report__functions.h
[876.889s] -- Symlinking: /repo/ws/install/include/px4/px4/msg/detail/adc_report__struct.h
[876.908s] -- Symlinking: /repo/ws/install/include/px4/px4/msg/detail/adc_report__type_support.h
[876.926s] -- Symlinking: /repo/ws/install/include/px4/px4/msg/detail/airspeed__functions.h
[876.948s] -- Symlinking: /repo/ws/install/include/px4/px4/msg/detail/airspeed__struct.h
[876.965s] -- Symlinking: /repo/ws/install/include/px4/px4/msg/detail/airspeed__type_support.h
[876.979s] -- Symlinking: /repo/ws/install/include/px4/px4/msg/detail/airspeed_validated__functions.h
[876.993s] -- Symlinking: /repo/ws/install/include/px4/px4/msg/detail/airspeed_validated__struct.h
[877.008s] -- Symlinking: /repo/ws/install/include/px4/px4/msg/detail/airspeed_validated__type_support.h
[877.023s] -- Symlinking: /repo/ws/install/include/px4/px4/msg/detail/airspeed_wind__functions.h
[877.037s] -- Symlinking: /repo/ws/install/include/px4/px4/msg/detail/airspeed_wind__struct.h
[877.051s] -- Symlinking: /repo/ws/install/include/px4/px4/msg/detail/airspeed_wind__type_support.h
[877.065s] -- Symlinking: /repo/ws/install/include/px4/px4/msg/detail/arming_check_reply__functions.h
[877.079s] -- Symlinking: /repo/ws/install/include/px4/px4/msg/detail/arming_check_reply__struct.h
[877.097s] -- Symlinking: /repo/ws/install/include/px4/px4/msg/detail/arming_check_reply__type_support.h
[877.112s] -- Symlinking: /repo/ws/install/include/px4/px4/msg/detail/arming_check_request__functions.h
[877.127s] -- Symlinking: /repo/ws/install/include/px4/px4/msg/detail/arming_check_request__struct.h
[877.148s] -- Symlinking: /repo/ws/install/include/px4/px4/msg/detail/arming_check_request__type_support.h
[877.160s] -- Symlinking: /repo/ws/install/include/px4/px4/msg/detail/autotune_attitude_control_status__functions.h
[877.175s] -- Symlinking: /repo/ws/install/include/px4/px4/msg/detail/autotune_attitude_control_status__struct.h
[877.191s] -- Symlinking: /repo/ws/install/include/px4/px4/msg/detail/autotune_attitude_control_status__type_support.h
[877.207s] -- Symlinking: /repo/ws/install/include/px4/px4/msg/detail/battery_status__functions.h
[877.223s] -- Symlinking: /repo/ws/install/include/px4/px4/msg/detail/battery_status__struct.h
[877.239s] -- Symlinking: /repo/ws/install/include/px4/px4/msg/detail/battery_status__type_support.h
[877.256s] -- Symlinking: /repo/ws/install/include/px4/px4/msg/detail/button_event__functions.h
[877.272s] -- Symlinking: /repo/ws/install/include/px4/px4/msg/detail/button_event__struct.h
[877.290s] -- Symlinking: /repo/ws/install/include/px4/px4/msg/detail/button_event__type_support.h
[877.308s] -- Symlinking: /repo/ws/install/include/px4/px4/msg/detail/camera_capture__functions.h
[877.325s] -- Symlinking: /repo/ws/install/include/px4/px4/msg/detail/camera_capture__struct.h
[877.342s] -- Symlinking: /repo/ws/install/include/px4/px4/msg/detail/camera_capture__type_support.h
[877.360s] -- Symlinking: /repo/ws/install/include/px4/px4/msg/detail/camera_status__functions.h
[877.376s] -- Symlinking: /repo/ws/install/include/px4/px4/msg/detail/camera_status__struct.h
[877.397s] -- Symlinking: /repo/ws/install/include/px4/px4/msg/detail/camera_status__type_support.h
[877.413s] -- Symlinking: /repo/ws/install/include/px4/px4/msg/detail/camera_trigger__functions.h
[877.428s] -- Symlinking: /repo/ws/install/include/px4/px4/msg/detail/camera_trigger__struct.h
[877.442s] -- Symlinking: /repo/ws/install/include/px4/px4/msg/detail/camera_trigger__type_support.h
[877.457s] -- Symlinking: /repo/ws/install/include/px4/px4/msg/detail/can_interface_status__functions.h
[877.471s] -- Symlinking: /repo/ws/install/include/px4/px4/msg/detail/can_interface_status__struct.h
[877.485s] -- Symlinking: /repo/ws/install/include/px4/px4/msg/detail/can_interface_status__type_support.h
[877.500s] -- Symlinking: /repo/ws/install/include/px4/px4/msg/detail/cellular_status__functions.h
[877.516s] -- Symlinking: /repo/ws/install/include/px4/px4/msg/detail/cellular_status__struct.h
[877.530s] -- Symlinking: /repo/ws/install/include/px4/px4/msg/detail/cellular_status__type_support.h
[877.544s] -- Symlinking: /repo/ws/install/include/px4/px4/msg/detail/collision_constraints__functions.h
[877.558s] -- Symlinking: /repo/ws/install/include/px4/px4/msg/detail/collision_constraints__struct.h
[877.573s] -- Symlinking: /repo/ws/install/include/px4/px4/msg/detail/collision_constraints__type_support.h
[877.586s] -- Symlinking: /repo/ws/install/include/px4/px4/msg/detail/config_overrides__functions.h
[877.602s] -- Symlinking: /repo/ws/install/include/px4/px4/msg/detail/config_overrides__struct.h
[877.617s] -- Symlinking: /repo/ws/install/include/px4/px4/msg/detail/config_overrides__type_support.h
[877.632s] -- Symlinking: /repo/ws/install/include/px4/px4/msg/detail/control_allocator_status__functions.h
[877.647s] -- Symlinking: /repo/ws/install/include/px4/px4/msg/detail/control_allocator_status__struct.h
[877.661s] -- Symlinking: /repo/ws/install/include/px4/px4/msg/detail/control_allocator_status__type_support.h
[877.675s] -- Symlinking: /repo/ws/install/include/px4/px4/msg/detail/cpuload__functions.h
[877.689s] -- Symlinking: /repo/ws/install/include/px4/px4/msg/detail/cpuload__struct.h
[877.705s] -- Symlinking: /repo/ws/install/include/px4/px4/msg/detail/cpuload__type_support.h
[877.720s] -- Symlinking: /repo/ws/install/include/px4/px4/msg/detail/dataman_request__functions.h
[877.736s] -- Symlinking: /repo/ws/install/include/px4/px4/msg/detail/dataman_request__struct.h
[877.750s] -- Symlinking: /repo/ws/install/include/px4/px4/msg/detail/dataman_request__type_support.h
[877.764s] -- Symlinking: /repo/ws/install/include/px4/px4/msg/detail/dataman_response__functions.h
[877.779s] -- Symlinking: /repo/ws/install/include/px4/px4/msg/detail/dataman_response__struct.h
[877.793s] -- Symlinking: /repo/ws/install/include/px4/px4/msg/detail/dataman_response__type_support.h
[877.809s] -- Symlinking: /repo/ws/install/include/px4/px4/msg/detail/debug_array__functions.h
[877.823s] -- Symlinking: /repo/ws/install/include/px4/px4/msg/detail/debug_array__struct.h
[877.838s] -- Symlinking: /repo/ws/install/include/px4/px4/msg/detail/debug_array__type_support.h
[877.852s] -- Symlinking: /repo/ws/install/include/px4/px4/msg/detail/debug_key_value__functions.h
[877.866s] -- Symlinking: /repo/ws/install/include/px4/px4/msg/detail/debug_key_value__struct.h
[877.883s] -- Symlinking: /repo/ws/install/include/px4/px4/msg/detail/debug_key_value__type_support.h
[877.898s] -- Symlinking: /repo/ws/install/include/px4/px4/msg/detail/debug_value__functions.h
[877.914s] -- Symlinking: /repo/ws/install/include/px4/px4/msg/detail/debug_value__struct.h
[877.929s] -- Symlinking: /repo/ws/install/include/px4/px4/msg/detail/debug_value__type_support.h
[877.943s] -- Symlinking: /repo/ws/install/include/px4/px4/msg/detail/debug_vect__functions.h
[877.956s] -- Symlinking: /repo/ws/install/include/px4/px4/msg/detail/debug_vect__struct.h
[877.971s] -- Symlinking: /repo/ws/install/include/px4/px4/msg/detail/debug_vect__type_support.h
[877.984s] -- Symlinking: /repo/ws/install/include/px4/px4/msg/detail/differential_pressure__functions.h
[877.998s] -- Symlinking: /repo/ws/install/include/px4/px4/msg/detail/differential_pressure__struct.h
[878.013s] -- Symlinking: /repo/ws/install/include/px4/px4/msg/detail/differential_pressure__type_support.h
[878.027s] -- Symlinking: /repo/ws/install/include/px4/px4/msg/detail/differential_velocity_setpoint__functions.h
[878.040s] -- Symlinking: /repo/ws/install/include/px4/px4/msg/detail/differential_velocity_setpoint__struct.h
[878.054s] -- Symlinking: /repo/ws/install/include/px4/px4/msg/detail/differential_velocity_setpoint__type_support.h
[878.068s] -- Symlinking: /repo/ws/install/include/px4/px4/msg/detail/distance_sensor__functions.h
[878.083s] -- Symlinking: /repo/ws/install/include/px4/px4/msg/detail/distance_sensor__struct.h
[878.098s] -- Symlinking: /repo/ws/install/include/px4/px4/msg/detail/distance_sensor__type_support.h
[878.115s] -- Symlinking: /repo/ws/install/include/px4/px4/msg/detail/distance_sensor_mode_change_request__functions.h
[878.130s] -- Symlinking: /repo/ws/install/include/px4/px4/msg/detail/distance_sensor_mode_change_request__struct.h
[878.145s] -- Symlinking: /repo/ws/install/include/px4/px4/msg/detail/distance_sensor_mode_change_request__type_support.h
[878.160s] -- Symlinking: /repo/ws/install/include/px4/px4/msg/detail/ekf2_timestamps__functions.h
[878.174s] -- Symlinking: /repo/ws/install/include/px4/px4/msg/detail/ekf2_timestamps__struct.h
[878.188s] -- Symlinking: /repo/ws/install/include/px4/px4/msg/detail/ekf2_timestamps__type_support.h
[878.202s] -- Symlinking: /repo/ws/install/include/px4/px4/msg/detail/esc_report__functions.h
[878.217s] -- Symlinking: /repo/ws/install/include/px4/px4/msg/detail/esc_report__struct.h
[878.233s] -- Symlinking: /repo/ws/install/include/px4/px4/msg/detail/esc_report__type_support.h
[878.248s] -- Symlinking: /repo/ws/install/include/px4/px4/msg/detail/esc_status__functions.h
[878.264s] -- Symlinking: /repo/ws/install/include/px4/px4/msg/detail/esc_status__struct.h
[878.279s] -- Symlinking: /repo/ws/install/include/px4/px4/msg/detail/esc_status__type_support.h
[878.293s] -- Symlinking: /repo/ws/install/include/px4/px4/msg/detail/estimator_aid_source1d__functions.h
[878.308s] -- Symlinking: /repo/ws/install/include/px4/px4/msg/detail/estimator_aid_source1d__struct.h
[878.322s] -- Symlinking: /repo/ws/install/include/px4/px4/msg/detail/estimator_aid_source1d__type_support.h
[878.336s] -- Symlinking: /repo/ws/install/include/px4/px4/msg/detail/estimator_aid_source2d__functions.h
[878.350s] -- Symlinking: /repo/ws/install/include/px4/px4/msg/detail/estimator_aid_source2d__struct.h
[878.364s] -- Symlinking: /repo/ws/install/include/px4/px4/msg/detail/estimator_aid_source2d__type_support.h
[878.378s] -- Symlinking: /repo/ws/install/include/px4/px4/msg/detail/estimator_aid_source3d__functions.h
[878.392s] -- Symlinking: /repo/ws/install/include/px4/px4/msg/detail/estimator_aid_source3d__struct.h
[878.413s] -- Symlinking: /repo/ws/install/include/px4/px4/msg/detail/estimator_aid_source3d__type_support.h
[878.427s] -- Symlinking: /repo/ws/install/include/px4/px4/msg/detail/estimator_bias3d__functions.h
[878.440s] -- Symlinking: /repo/ws/install/include/px4/px4/msg/detail/estimator_bias3d__struct.h
[878.457s] -- Symlinking: /repo/ws/install/include/px4/px4/msg/detail/estimator_bias3d__type_support.h
[878.474s] -- Symlinking: /repo/ws/install/include/px4/px4/msg/detail/estimator_bias__functions.h
[878.489s] -- Symlinking: /repo/ws/install/include/px4/px4/msg/detail/estimator_bias__struct.h
[878.505s] -- Symlinking: /repo/ws/install/include/px4/px4/msg/detail/estimator_bias__type_support.h
[878.521s] -- Symlinking: /repo/ws/install/include/px4/px4/msg/detail/estimator_event_flags__functions.h
[878.535s] -- Symlinking: /repo/ws/install/include/px4/px4/msg/detail/estimator_event_flags__struct.h
[878.549s] -- Symlinking: /repo/ws/install/include/px4/px4/msg/detail/estimator_event_flags__type_support.h
[878.563s] -- Symlinking: /repo/ws/install/include/px4/px4/msg/detail/estimator_gps_status__functions.h
[878.577s] -- Symlinking: /repo/ws/install/include/px4/px4/msg/detail/estimator_gps_status__struct.h
[878.592s] -- Symlinking: /repo/ws/install/include/px4/px4/msg/detail/estimator_gps_status__type_support.h
[878.610s] -- Symlinking: /repo/ws/install/include/px4/px4/msg/detail/estimator_innovations__functions.h
[878.625s] -- Symlinking: /repo/ws/install/include/px4/px4/msg/detail/estimator_innovations__struct.h
[878.639s] -- Symlinking: /repo/ws/install/include/px4/px4/msg/detail/estimator_innovations__type_support.h
[878.654s] -- Symlinking: /repo/ws/install/include/px4/px4/msg/detail/estimator_selector_status__functions.h
[878.668s] -- Symlinking: /repo/ws/install/include/px4/px4/msg/detail/estimator_selector_status__struct.h
[878.682s] -- Symlinking: /repo/ws/install/include/px4/px4/msg/detail/estimator_selector_status__type_support.h
[878.696s] -- Symlinking: /repo/ws/install/include/px4/px4/msg/detail/estimator_sensor_bias__functions.h
[878.711s] -- Symlinking: /repo/ws/install/include/px4/px4/msg/detail/estimator_sensor_bias__struct.h
[878.724s] -- Symlinking: /repo/ws/install/include/px4/px4/msg/detail/estimator_sensor_bias__type_support.h
[878.738s] -- Symlinking: /repo/ws/install/include/px4/px4/msg/detail/estimator_states__functions.h
[878.752s] -- Symlinking: /repo/ws/install/include/px4/px4/msg/detail/estimator_states__struct.h
[878.767s] -- Symlinking: /repo/ws/install/include/px4/px4/msg/detail/estimator_states__type_support.h
[878.781s] -- Symlinking: /repo/ws/install/include/px4/px4/msg/detail/estimator_status__functions.h
[878.795s] -- Symlinking: /repo/ws/install/include/px4/px4/msg/detail/estimator_status__struct.h
[878.811s] -- Symlinking: /repo/ws/install/include/px4/px4/msg/detail/estimator_status__type_support.h
[878.824s] -- Symlinking: /repo/ws/install/include/px4/px4/msg/detail/estimator_status_flags__functions.h
[878.838s] -- Symlinking: /repo/ws/install/include/px4/px4/msg/detail/estimator_status_flags__struct.h
[878.852s] -- Symlinking: /repo/ws/install/include/px4/px4/msg/detail/estimator_status_flags__type_support.h
[878.865s] -- Symlinking: /repo/ws/install/include/px4/px4/msg/detail/event__functions.h
[878.879s] -- Symlinking: /repo/ws/install/include/px4/px4/msg/detail/event__struct.h
[878.894s] -- Symlinking: /repo/ws/install/include/px4/px4/msg/detail/event__type_support.h
[878.910s] -- Symlinking: /repo/ws/install/include/px4/px4/msg/detail/failsafe_flags__functions.h
[878.924s] -- Symlinking: /repo/ws/install/include/px4/px4/msg/detail/failsafe_flags__struct.h
[878.938s] -- Symlinking: /repo/ws/install/include/px4/px4/msg/detail/failsafe_flags__type_support.h
[878.952s] -- Symlinking: /repo/ws/install/include/px4/px4/msg/detail/failure_detector_status__functions.h
[878.966s] -- Symlinking: /repo/ws/install/include/px4/px4/msg/detail/failure_detector_status__struct.h
[878.980s] -- Symlinking: /repo/ws/install/include/px4/px4/msg/detail/failure_detector_status__type_support.h
[878.995s] -- Symlinking: /repo/ws/install/include/px4/px4/msg/detail/figure_eight_status__functions.h
[879.010s] -- Symlinking: /repo/ws/install/include/px4/px4/msg/detail/figure_eight_status__struct.h
[879.023s] -- Symlinking: /repo/ws/install/include/px4/px4/msg/detail/figure_eight_status__type_support.h
[879.037s] -- Symlinking: /repo/ws/install/include/px4/px4/msg/detail/flight_phase_estimation__functions.h
[879.051s] -- Symlinking: /repo/ws/install/include/px4/px4/msg/detail/flight_phase_estimation__struct.h
[879.064s] -- Symlinking: /repo/ws/install/include/px4/px4/msg/detail/flight_phase_estimation__type_support.h
[879.078s] -- Symlinking: /repo/ws/install/include/px4/px4/msg/detail/follow_target__functions.h
[879.092s] -- Symlinking: /repo/ws/install/include/px4/px4/msg/detail/follow_target__struct.h
[879.107s] -- Symlinking: /repo/ws/install/include/px4/px4/msg/detail/follow_target__type_support.h
[879.121s] -- Symlinking: /repo/ws/install/include/px4/px4/msg/detail/follow_target_estimator__functions.h
[879.135s] -- Symlinking: /repo/ws/install/include/px4/px4/msg/detail/follow_target_estimator__struct.h
[879.149s] -- Symlinking: /repo/ws/install/include/px4/px4/msg/detail/follow_target_estimator__type_support.h
[879.162s] -- Symlinking: /repo/ws/install/include/px4/px4/msg/detail/follow_target_status__functions.h
[879.176s] -- Symlinking: /repo/ws/install/include/px4/px4/msg/detail/follow_target_status__struct.h
[879.189s] -- Symlinking: /repo/ws/install/include/px4/px4/msg/detail/follow_target_status__type_support.h
[879.204s] -- Symlinking: /repo/ws/install/include/px4/px4/msg/detail/fuel_tank_status__functions.h
[879.217s] -- Symlinking: /repo/ws/install/include/px4/px4/msg/detail/fuel_tank_status__struct.h
[879.232s] -- Symlinking: /repo/ws/install/include/px4/px4/msg/detail/fuel_tank_status__type_support.h
[879.246s] -- Symlinking: /repo/ws/install/include/px4/px4/msg/detail/generator_status__functions.h
[879.259s] -- Symlinking: /repo/ws/install/include/px4/px4/msg/detail/generator_status__struct.h
[879.273s] -- Symlinking: /repo/ws/install/include/px4/px4/msg/detail/generator_status__type_support.h
[879.288s] -- Symlinking: /repo/ws/install/include/px4/px4/msg/detail/geofence_result__functions.h
[879.308s] -- Symlinking: /repo/ws/install/include/px4/px4/msg/detail/geofence_result__struct.h
[879.327s] -- Symlinking: /repo/ws/install/include/px4/px4/msg/detail/geofence_result__type_support.h
[879.342s] -- Symlinking: /repo/ws/install/include/px4/px4/msg/detail/geofence_status__functions.h
[879.356s] -- Symlinking: /repo/ws/install/include/px4/px4/msg/detail/geofence_status__struct.h
[879.371s] -- Symlinking: /repo/ws/install/include/px4/px4/msg/detail/geofence_status__type_support.h
[879.385s] -- Symlinking: /repo/ws/install/include/px4/px4/msg/detail/gimbal_controls__functions.h
[879.399s] -- Symlinking: /repo/ws/install/include/px4/px4/msg/detail/gimbal_controls__struct.h
[879.419s] -- Symlinking: /repo/ws/install/include/px4/px4/msg/detail/gimbal_controls__type_support.h
[879.434s] -- Symlinking: /repo/ws/install/include/px4/px4/msg/detail/gimbal_device_attitude_status__functions.h
[879.452s] -- Symlinking: /repo/ws/install/include/px4/px4/msg/detail/gimbal_device_attitude_status__struct.h
[879.467s] -- Symlinking: /repo/ws/install/include/px4/px4/msg/detail/gimbal_device_attitude_status__type_support.h
[879.483s] -- Symlinking: /repo/ws/install/include/px4/px4/msg/detail/gimbal_device_information__functions.h
[879.501s] -- Symlinking: /repo/ws/install/include/px4/px4/msg/detail/gimbal_device_information__struct.h
[879.519s] -- Symlinking: /repo/ws/install/include/px4/px4/msg/detail/gimbal_device_information__type_support.h
[879.538s] -- Symlinking: /repo/ws/install/include/px4/px4/msg/detail/gimbal_device_set_attitude__functions.h
[879.553s] -- Symlinking: /repo/ws/install/include/px4/px4/msg/detail/gimbal_device_set_attitude__struct.h
[879.569s] -- Symlinking: /repo/ws/install/include/px4/px4/msg/detail/gimbal_device_set_attitude__type_support.h
[879.585s] -- Symlinking: /repo/ws/install/include/px4/px4/msg/detail/gimbal_manager_information__functions.h
[879.601s] -- Symlinking: /repo/ws/install/include/px4/px4/msg/detail/gimbal_manager_information__struct.h
[879.619s] -- Symlinking: /repo/ws/install/include/px4/px4/msg/detail/gimbal_manager_information__type_support.h
[879.639s] -- Symlinking: /repo/ws/install/include/px4/px4/msg/detail/gimbal_manager_set_attitude__functions.h
[879.656s] -- Symlinking: /repo/ws/install/include/px4/px4/msg/detail/gimbal_manager_set_attitude__struct.h
[879.670s] -- Symlinking: /repo/ws/install/include/px4/px4/msg/detail/gimbal_manager_set_attitude__type_support.h
[879.687s] -- Symlinking: /repo/ws/install/include/px4/px4/msg/detail/gimbal_manager_set_manual_control__functions.h
[879.701s] -- Symlinking: /repo/ws/install/include/px4/px4/msg/detail/gimbal_manager_set_manual_control__struct.h
[879.717s] -- Symlinking: /repo/ws/install/include/px4/px4/msg/detail/gimbal_manager_set_manual_control__type_support.h
[879.731s] -- Symlinking: /repo/ws/install/include/px4/px4/msg/detail/gimbal_manager_status__functions.h
[879.746s] -- Symlinking: /repo/ws/install/include/px4/px4/msg/detail/gimbal_manager_status__struct.h
[879.760s] -- Symlinking: /repo/ws/install/include/px4/px4/msg/detail/gimbal_manager_status__type_support.h
[879.775s] -- Symlinking: /repo/ws/install/include/px4/px4/msg/detail/goto_setpoint__functions.h
[879.789s] -- Symlinking: /repo/ws/install/include/px4/px4/msg/detail/goto_setpoint__struct.h
[879.802s] -- Symlinking: /repo/ws/install/include/px4/px4/msg/detail/goto_setpoint__type_support.h
[879.818s] -- Symlinking: /repo/ws/install/include/px4/px4/msg/detail/gpio_config__functions.h
[879.832s] -- Symlinking: /repo/ws/install/include/px4/px4/msg/detail/gpio_config__struct.h
[879.845s] -- Symlinking: /repo/ws/install/include/px4/px4/msg/detail/gpio_config__type_support.h
[879.860s] -- Symlinking: /repo/ws/install/include/px4/px4/msg/detail/gpio_in__functions.h
[879.874s] -- Symlinking: /repo/ws/install/include/px4/px4/msg/detail/gpio_in__struct.h
[879.888s] -- Symlinking: /repo/ws/install/include/px4/px4/msg/detail/gpio_in__type_support.h
[879.907s] -- Symlinking: /repo/ws/install/include/px4/px4/msg/detail/gpio_out__functions.h
[879.921s] -- Symlinking: /repo/ws/install/include/px4/px4/msg/detail/gpio_out__struct.h
[879.936s] -- Symlinking: /repo/ws/install/include/px4/px4/msg/detail/gpio_out__type_support.h
[879.951s] -- Symlinking: /repo/ws/install/include/px4/px4/msg/detail/gpio_request__functions.h
[879.965s] -- Symlinking: /repo/ws/install/include/px4/px4/msg/detail/gpio_request__struct.h
[879.979s] -- Symlinking: /repo/ws/install/include/px4/px4/msg/detail/gpio_request__type_support.h
[879.993s] -- Symlinking: /repo/ws/install/include/px4/px4/msg/detail/gps_dump__functions.h
[880.008s] -- Symlinking: /repo/ws/install/include/px4/px4/msg/detail/gps_dump__struct.h
[880.022s] -- Symlinking: /repo/ws/install/include/px4/px4/msg/detail/gps_dump__type_support.h
[880.035s] -- Symlinking: /repo/ws/install/include/px4/px4/msg/detail/gps_inject_data__functions.h
[880.050s] -- Symlinking: /repo/ws/install/include/px4/px4/msg/detail/gps_inject_data__struct.h
[880.064s] -- Symlinking: /repo/ws/install/include/px4/px4/msg/detail/gps_inject_data__type_support.h
[880.079s] -- Symlinking: /repo/ws/install/include/px4/px4/msg/detail/gripper__functions.h
[880.093s] -- Symlinking: /repo/ws/install/include/px4/px4/msg/detail/gripper__struct.h
[880.109s] -- Symlinking: /repo/ws/install/include/px4/px4/msg/detail/gripper__type_support.h
[880.122s] -- Symlinking: /repo/ws/install/include/px4/px4/msg/detail/health_report__functions.h
[880.136s] -- Symlinking: /repo/ws/install/include/px4/px4/msg/detail/health_report__struct.h
[880.150s] -- Symlinking: /repo/ws/install/include/px4/px4/msg/detail/health_report__type_support.h
[880.164s] -- Symlinking: /repo/ws/install/include/px4/px4/msg/detail/heater_status__functions.h
[880.177s] -- Symlinking: /repo/ws/install/include/px4/px4/msg/detail/heater_status__struct.h
[880.191s] -- Symlinking: /repo/ws/install/include/px4/px4/msg/detail/heater_status__type_support.h
[880.205s] -- Symlinking: /repo/ws/install/include/px4/px4/msg/detail/home_position__functions.h
[880.220s] -- Symlinking: /repo/ws/install/include/px4/px4/msg/detail/home_position__struct.h
[880.233s] -- Symlinking: /repo/ws/install/include/px4/px4/msg/detail/home_position__type_support.h
[880.248s] -- Symlinking: /repo/ws/install/include/px4/px4/msg/detail/hover_thrust_estimate__functions.h
[880.261s] -- Symlinking: /repo/ws/install/include/px4/px4/msg/detail/hover_thrust_estimate__struct.h
[880.275s] -- Symlinking: /repo/ws/install/include/px4/px4/msg/detail/hover_thrust_estimate__type_support.h
[880.289s] -- Symlinking: /repo/ws/install/include/px4/px4/msg/detail/input_rc__functions.h
[880.303s] -- Symlinking: /repo/ws/install/include/px4/px4/msg/detail/input_rc__struct.h
[880.318s] -- Symlinking: /repo/ws/install/include/px4/px4/msg/detail/input_rc__type_support.h
[880.332s] -- Symlinking: /repo/ws/install/include/px4/px4/msg/detail/internal_combustion_engine_control__functions.h
[880.345s] -- Symlinking: /repo/ws/install/include/px4/px4/msg/detail/internal_combustion_engine_control__struct.h
[880.358s] -- Symlinking: /repo/ws/install/include/px4/px4/msg/detail/internal_combustion_engine_control__type_support.h
[880.372s] -- Symlinking: /repo/ws/install/include/px4/px4/msg/detail/internal_combustion_engine_status__functions.h
[880.385s] -- Symlinking: /repo/ws/install/include/px4/px4/msg/detail/internal_combustion_engine_status__struct.h
[880.399s] -- Symlinking: /repo/ws/install/include/px4/px4/msg/detail/internal_combustion_engine_status__type_support.h
[880.414s] -- Symlinking: /repo/ws/install/include/px4/px4/msg/detail/iridiumsbd_status__functions.h
[880.428s] -- Symlinking: /repo/ws/install/include/px4/px4/msg/detail/iridiumsbd_status__struct.h
[880.443s] -- Symlinking: /repo/ws/install/include/px4/px4/msg/detail/iridiumsbd_status__type_support.h
[880.457s] -- Symlinking: /repo/ws/install/include/px4/px4/msg/detail/irlock_report__functions.h
[880.471s] -- Symlinking: /repo/ws/install/include/px4/px4/msg/detail/irlock_report__struct.h
[880.485s] -- Symlinking: /repo/ws/install/include/px4/px4/msg/detail/irlock_report__type_support.h
[880.500s] -- Symlinking: /repo/ws/install/include/px4/px4/msg/detail/landing_gear__functions.h
[880.518s] -- Symlinking: /repo/ws/install/include/px4/px4/msg/detail/landing_gear__struct.h
[880.533s] -- Symlinking: /repo/ws/install/include/px4/px4/msg/detail/landing_gear__type_support.h
[880.548s] -- Symlinking: /repo/ws/install/include/px4/px4/msg/detail/landing_gear_wheel__functions.h
[880.561s] -- Symlinking: /repo/ws/install/include/px4/px4/msg/detail/landing_gear_wheel__struct.h
[880.576s] -- Symlinking: /repo/ws/install/include/px4/px4/msg/detail/landing_gear_wheel__type_support.h
[880.593s] -- Symlinking: /repo/ws/install/include/px4/px4/msg/detail/landing_target_innovations__functions.h
[880.608s] -- Symlinking: /repo/ws/install/include/px4/px4/msg/detail/landing_target_innovations__struct.h
[880.623s] -- Symlinking: /repo/ws/install/include/px4/px4/msg/detail/landing_target_innovations__type_support.h
[880.636s] -- Symlinking: /repo/ws/install/include/px4/px4/msg/detail/landing_target_pose__functions.h
[880.651s] -- Symlinking: /repo/ws/install/include/px4/px4/msg/detail/landing_target_pose__struct.h
[880.664s] -- Symlinking: /repo/ws/install/include/px4/px4/msg/detail/landing_target_pose__type_support.h
[880.678s] -- Symlinking: /repo/ws/install/include/px4/px4/msg/detail/launch_detection_status__functions.h
[880.695s] -- Symlinking: /repo/ws/install/include/px4/px4/msg/detail/launch_detection_status__struct.h
[880.711s] -- Symlinking: /repo/ws/install/include/px4/px4/msg/detail/launch_detection_status__type_support.h
[880.726s] -- Symlinking: /repo/ws/install/include/px4/px4/msg/detail/led_control__functions.h
[880.741s] -- Symlinking: /repo/ws/install/include/px4/px4/msg/detail/led_control__struct.h
[880.756s] -- Symlinking: /repo/ws/install/include/px4/px4/msg/detail/led_control__type_support.h
[880.770s] -- Symlinking: /repo/ws/install/include/px4/px4/msg/detail/log_message__functions.h
[880.784s] -- Symlinking: /repo/ws/install/include/px4/px4/msg/detail/log_message__struct.h
[880.798s] -- Symlinking: /repo/ws/install/include/px4/px4/msg/detail/log_message__type_support.h
[880.814s] -- Symlinking: /repo/ws/install/include/px4/px4/msg/detail/logger_status__functions.h
[880.827s] -- Symlinking: /repo/ws/install/include/px4/px4/msg/detail/logger_status__struct.h
[880.841s] -- Symlinking: /repo/ws/install/include/px4/px4/msg/detail/logger_status__type_support.h
[880.855s] -- Symlinking: /repo/ws/install/include/px4/px4/msg/detail/mag_worker_data__functions.h
[880.868s] -- Symlinking: /repo/ws/install/include/px4/px4/msg/detail/mag_worker_data__struct.h
[880.882s] -- Symlinking: /repo/ws/install/include/px4/px4/msg/detail/mag_worker_data__type_support.h
[880.896s] -- Symlinking: /repo/ws/install/include/px4/px4/msg/detail/magnetometer_bias_estimate__functions.h
[880.911s] -- Symlinking: /repo/ws/install/include/px4/px4/msg/detail/magnetometer_bias_estimate__struct.h
[880.925s] -- Symlinking: /repo/ws/install/include/px4/px4/msg/detail/magnetometer_bias_estimate__type_support.h
[880.938s] -- Symlinking: /repo/ws/install/include/px4/px4/msg/detail/manual_control_setpoint__functions.h
[880.952s] -- Symlinking: /repo/ws/install/include/px4/px4/msg/detail/manual_control_setpoint__struct.h
[880.966s] -- Symlinking: /repo/ws/install/include/px4/px4/msg/detail/manual_control_setpoint__type_support.h
[880.980s] -- Symlinking: /repo/ws/install/include/px4/px4/msg/detail/manual_control_switches__functions.h
[880.993s] -- Symlinking: /repo/ws/install/include/px4/px4/msg/detail/manual_control_switches__struct.h
[881.008s] -- Symlinking: /repo/ws/install/include/px4/px4/msg/detail/manual_control_switches__type_support.h
[881.025s] -- Symlinking: /repo/ws/install/include/px4/px4/msg/detail/mavlink_log__functions.h
[881.039s] -- Symlinking: /repo/ws/install/include/px4/px4/msg/detail/mavlink_log__struct.h
[881.053s] -- Symlinking: /repo/ws/install/include/px4/px4/msg/detail/mavlink_log__type_support.h
[881.066s] -- Symlinking: /repo/ws/install/include/px4/px4/msg/detail/mavlink_tunnel__functions.h
[881.080s] -- Symlinking: /repo/ws/install/include/px4/px4/msg/detail/mavlink_tunnel__struct.h
[881.093s] -- Symlinking: /repo/ws/install/include/px4/px4/msg/detail/mavlink_tunnel__type_support.h
[881.107s] -- Symlinking: /repo/ws/install/include/px4/px4/msg/detail/message_format_request__functions.h
[881.122s] -- Symlinking: /repo/ws/install/include/px4/px4/msg/detail/message_format_request__struct.h
[881.135s] -- Symlinking: /repo/ws/install/include/px4/px4/msg/detail/message_format_request__type_support.h
[881.149s] -- Symlinking: /repo/ws/install/include/px4/px4/msg/detail/message_format_response__functions.h
[881.163s] -- Symlinking: /repo/ws/install/include/px4/px4/msg/detail/message_format_response__struct.h
[881.177s] -- Symlinking: /repo/ws/install/include/px4/px4/msg/detail/message_format_response__type_support.h
[881.191s] -- Symlinking: /repo/ws/install/include/px4/px4/msg/detail/mission__functions.h
[881.205s] -- Symlinking: /repo/ws/install/include/px4/px4/msg/detail/mission__struct.h
[881.220s] -- Symlinking: /repo/ws/install/include/px4/px4/msg/detail/mission__type_support.h
[881.234s] -- Symlinking: /repo/ws/install/include/px4/px4/msg/detail/mission_result__functions.h
[881.248s] -- Symlinking: /repo/ws/install/include/px4/px4/msg/detail/mission_result__struct.h
[881.266s] -- Symlinking: /repo/ws/install/include/px4/px4/msg/detail/mission_result__type_support.h
[881.280s] -- Symlinking: /repo/ws/install/include/px4/px4/msg/detail/mode_completed__functions.h
[881.294s] -- Symlinking: /repo/ws/install/include/px4/px4/msg/detail/mode_completed__struct.h
[881.308s] -- Symlinking: /repo/ws/install/include/px4/px4/msg/detail/mode_completed__type_support.h
[881.322s] -- Symlinking: /repo/ws/install/include/px4/px4/msg/detail/mount_orientation__functions.h
[881.336s] -- Symlinking: /repo/ws/install/include/px4/px4/msg/detail/mount_orientation__struct.h
[881.349s] -- Symlinking: /repo/ws/install/include/px4/px4/msg/detail/mount_orientation__type_support.h
[881.363s] -- Symlinking: /repo/ws/install/include/px4/px4/msg/detail/navigator_mission_item__functions.h
[881.376s] -- Symlinking: /repo/ws/install/include/px4/px4/msg/detail/navigator_mission_item__struct.h
[881.390s] -- Symlinking: /repo/ws/install/include/px4/px4/msg/detail/navigator_mission_item__type_support.h
[881.404s] -- Symlinking: /repo/ws/install/include/px4/px4/msg/detail/navigator_status__functions.h
[881.419s] -- Symlinking: /repo/ws/install/include/px4/px4/msg/detail/navigator_status__struct.h
[881.432s] -- Symlinking: /repo/ws/install/include/px4/px4/msg/detail/navigator_status__type_support.h
[881.445s] -- Symlinking: /repo/ws/install/include/px4/px4/msg/detail/normalized_unsigned_setpoint__functions.h
[881.460s] -- Symlinking: /repo/ws/install/include/px4/px4/msg/detail/normalized_unsigned_setpoint__struct.h
[881.473s] -- Symlinking: /repo/ws/install/include/px4/px4/msg/detail/normalized_unsigned_setpoint__type_support.h
[881.487s] -- Symlinking: /repo/ws/install/include/px4/px4/msg/detail/npfg_status__functions.h
[881.500s] -- Symlinking: /repo/ws/install/include/px4/px4/msg/detail/npfg_status__struct.h
[881.515s] -- Symlinking: /repo/ws/install/include/px4/px4/msg/detail/npfg_status__type_support.h
[881.529s] -- Symlinking: /repo/ws/install/include/px4/px4/msg/detail/obstacle_distance__functions.h
[881.544s] -- Symlinking: /repo/ws/install/include/px4/px4/msg/detail/obstacle_distance__struct.h
[881.558s] -- Symlinking: /repo/ws/install/include/px4/px4/msg/detail/obstacle_distance__type_support.h
[881.572s] -- Symlinking: /repo/ws/install/include/px4/px4/msg/detail/offboard_control_mode__functions.h
[881.590s] -- Symlinking: /repo/ws/install/include/px4/px4/msg/detail/offboard_control_mode__struct.h
[881.601s] -- Symlinking: /repo/ws/install/include/px4/px4/msg/detail/offboard_control_mode__type_support.h
[881.615s] -- Symlinking: /repo/ws/install/include/px4/px4/msg/detail/onboard_computer_status__functions.h
[881.630s] -- Symlinking: /repo/ws/install/include/px4/px4/msg/detail/onboard_computer_status__struct.h
[881.645s] -- Symlinking: /repo/ws/install/include/px4/px4/msg/detail/onboard_computer_status__type_support.h
[881.659s] -- Symlinking: /repo/ws/install/include/px4/px4/msg/detail/open_drone_id_arm_status__functions.h
[881.674s] -- Symlinking: /repo/ws/install/include/px4/px4/msg/detail/open_drone_id_arm_status__struct.h
[881.689s] -- Symlinking: /repo/ws/install/include/px4/px4/msg/detail/open_drone_id_arm_status__type_support.h
[881.703s] -- Symlinking: /repo/ws/install/include/px4/px4/msg/detail/open_drone_id_operator_id__functions.h
[881.717s] -- Symlinking: /repo/ws/install/include/px4/px4/msg/detail/open_drone_id_operator_id__struct.h
[881.732s] -- Symlinking: /repo/ws/install/include/px4/px4/msg/detail/open_drone_id_operator_id__type_support.h
[881.746s] -- Symlinking: /repo/ws/install/include/px4/px4/msg/detail/open_drone_id_self_id__functions.h
[881.759s] -- Symlinking: /repo/ws/install/include/px4/px4/msg/detail/open_drone_id_self_id__struct.h
[881.773s] -- Symlinking: /repo/ws/install/include/px4/px4/msg/detail/open_drone_id_self_id__type_support.h
[881.787s] -- Symlinking: /repo/ws/install/include/px4/px4/msg/detail/open_drone_id_system__functions.h
[881.801s] -- Symlinking: /repo/ws/install/include/px4/px4/msg/detail/open_drone_id_system__struct.h
[881.819s] -- Symlinking: /repo/ws/install/include/px4/px4/msg/detail/open_drone_id_system__type_support.h
[881.833s] -- Symlinking: /repo/ws/install/include/px4/px4/msg/detail/orb_test__functions.h
[881.847s] -- Symlinking: /repo/ws/install/include/px4/px4/msg/detail/orb_test__struct.h
[881.861s] -- Symlinking: /repo/ws/install/include/px4/px4/msg/detail/orb_test__type_support.h
[881.875s] -- Symlinking: /repo/ws/install/include/px4/px4/msg/detail/orb_test_large__functions.h
[881.889s] -- Symlinking: /repo/ws/install/include/px4/px4/msg/detail/orb_test_large__struct.h
[881.903s] -- Symlinking: /repo/ws/install/include/px4/px4/msg/detail/orb_test_large__type_support.h
[881.918s] -- Symlinking: /repo/ws/install/include/px4/px4/msg/detail/orb_test_medium__functions.h
[881.932s] -- Symlinking: /repo/ws/install/include/px4/px4/msg/detail/orb_test_medium__struct.h
[881.948s] -- Symlinking: /repo/ws/install/include/px4/px4/msg/detail/orb_test_medium__type_support.h
[881.964s] -- Symlinking: /repo/ws/install/include/px4/px4/msg/detail/orbit_status__functions.h
[881.978s] -- Symlinking: /repo/ws/install/include/px4/px4/msg/detail/orbit_status__struct.h
[881.993s] -- Symlinking: /repo/ws/install/include/px4/px4/msg/detail/orbit_status__type_support.h
[882.007s] -- Symlinking: /repo/ws/install/include/px4/px4/msg/detail/parameter_reset_request__functions.h
[882.023s] -- Symlinking: /repo/ws/install/include/px4/px4/msg/detail/parameter_reset_request__struct.h
[882.039s] -- Symlinking: /repo/ws/install/include/px4/px4/msg/detail/parameter_reset_request__type_support.h
[882.051s] -- Symlinking: /repo/ws/install/include/px4/px4/msg/detail/parameter_set_used_request__functions.h
[882.068s] -- Symlinking: /repo/ws/install/include/px4/px4/msg/detail/parameter_set_used_request__struct.h
[882.081s] -- Symlinking: /repo/ws/install/include/px4/px4/msg/detail/parameter_set_used_request__type_support.h
[882.095s] -- Symlinking: /repo/ws/install/include/px4/px4/msg/detail/parameter_set_value_request__functions.h
[882.109s] -- Symlinking: /repo/ws/install/include/px4/px4/msg/detail/parameter_set_value_request__struct.h
[882.126s] -- Symlinking: /repo/ws/install/include/px4/px4/msg/detail/parameter_set_value_request__type_support.h
[882.141s] -- Symlinking: /repo/ws/install/include/px4/px4/msg/detail/parameter_set_value_response__functions.h
[882.156s] -- Symlinking: /repo/ws/install/include/px4/px4/msg/detail/parameter_set_value_response__struct.h
[882.169s] -- Symlinking: /repo/ws/install/include/px4/px4/msg/detail/parameter_set_value_response__type_support.h
[882.184s] -- Symlinking: /repo/ws/install/include/px4/px4/msg/detail/parameter_update__functions.h
[882.199s] -- Symlinking: /repo/ws/install/include/px4/px4/msg/detail/parameter_update__struct.h
[882.214s] -- Symlinking: /repo/ws/install/include/px4/px4/msg/detail/parameter_update__type_support.h
[882.229s] -- Symlinking: /repo/ws/install/include/px4/px4/msg/detail/ping__functions.h
[882.243s] -- Symlinking: /repo/ws/install/include/px4/px4/msg/detail/ping__struct.h
[882.257s] -- Symlinking: /repo/ws/install/include/px4/px4/msg/detail/ping__type_support.h
[882.271s] -- Symlinking: /repo/ws/install/include/px4/px4/msg/detail/position_controller_landing_status__functions.h
[882.293s] -- Symlinking: /repo/ws/install/include/px4/px4/msg/detail/position_controller_landing_status__struct.h
[882.307s] -- Symlinking: /repo/ws/install/include/px4/px4/msg/detail/position_controller_landing_status__type_support.h
[882.322s] -- Symlinking: /repo/ws/install/include/px4/px4/msg/detail/position_controller_status__functions.h
[882.336s] -- Symlinking: /repo/ws/install/include/px4/px4/msg/detail/position_controller_status__struct.h
[882.351s] -- Symlinking: /repo/ws/install/include/px4/px4/msg/detail/position_controller_status__type_support.h
[882.366s] -- Symlinking: /repo/ws/install/include/px4/px4/msg/detail/position_setpoint__functions.h
[882.382s] -- Symlinking: /repo/ws/install/include/px4/px4/msg/detail/position_setpoint__struct.h
[882.396s] -- Symlinking: /repo/ws/install/include/px4/px4/msg/detail/position_setpoint__type_support.h
[882.411s] -- Symlinking: /repo/ws/install/include/px4/px4/msg/detail/position_setpoint_triplet__functions.h
[882.426s] -- Symlinking: /repo/ws/install/include/px4/px4/msg/detail/position_setpoint_triplet__struct.h
[882.441s] -- Symlinking: /repo/ws/install/include/px4/px4/msg/detail/position_setpoint_triplet__type_support.h
[882.456s] -- Symlinking: /repo/ws/install/include/px4/px4/msg/detail/power_button_state__functions.h
[882.471s] -- Symlinking: /repo/ws/install/include/px4/px4/msg/detail/power_button_state__struct.h
[882.487s] -- Symlinking: /repo/ws/install/include/px4/px4/msg/detail/power_button_state__type_support.h
[882.502s] -- Symlinking: /repo/ws/install/include/px4/px4/msg/detail/power_monitor__functions.h
[882.519s] -- Symlinking: /repo/ws/install/include/px4/px4/msg/detail/power_monitor__struct.h
[882.538s] -- Symlinking: /repo/ws/install/include/px4/px4/msg/detail/power_monitor__type_support.h
[882.553s] -- Symlinking: /repo/ws/install/include/px4/px4/msg/detail/pps_capture__functions.h
[882.567s] -- Symlinking: /repo/ws/install/include/px4/px4/msg/detail/pps_capture__struct.h
[882.581s] -- Symlinking: /repo/ws/install/include/px4/px4/msg/detail/pps_capture__type_support.h
[882.595s] -- Symlinking: /repo/ws/install/include/px4/px4/msg/detail/pure_pursuit_status__functions.h
[882.609s] -- Symlinking: /repo/ws/install/include/px4/px4/msg/detail/pure_pursuit_status__struct.h
[882.624s] -- Symlinking: /repo/ws/install/include/px4/px4/msg/detail/pure_pursuit_status__type_support.h
[882.640s] -- Symlinking: /repo/ws/install/include/px4/px4/msg/detail/pwm_input__functions.h
[882.656s] -- Symlinking: /repo/ws/install/include/px4/px4/msg/detail/pwm_input__struct.h
[882.671s] -- Symlinking: /repo/ws/install/include/px4/px4/msg/detail/pwm_input__type_support.h
[882.686s] -- Symlinking: /repo/ws/install/include/px4/px4/msg/detail/px4io_status__functions.h
[882.701s] -- Symlinking: /repo/ws/install/include/px4/px4/msg/detail/px4io_status__struct.h
[882.716s] -- Symlinking: /repo/ws/install/include/px4/px4/msg/detail/px4io_status__type_support.h
[882.734s] -- Symlinking: /repo/ws/install/include/px4/px4/msg/detail/qshell_req__functions.h
[882.749s] -- Symlinking: /repo/ws/install/include/px4/px4/msg/detail/qshell_req__struct.h
[882.764s] -- Symlinking: /repo/ws/install/include/px4/px4/msg/detail/qshell_req__type_support.h
[882.777s] -- Symlinking: /repo/ws/install/include/px4/px4/msg/detail/qshell_retval__functions.h
[882.792s] -- Symlinking: /repo/ws/install/include/px4/px4/msg/detail/qshell_retval__struct.h
[882.806s] -- Symlinking: /repo/ws/install/include/px4/px4/msg/detail/qshell_retval__type_support.h
[882.821s] -- Symlinking: /repo/ws/install/include/px4/px4/msg/detail/radio_status__functions.h
[882.835s] -- Symlinking: /repo/ws/install/include/px4/px4/msg/detail/radio_status__struct.h
[882.850s] -- Symlinking: /repo/ws/install/include/px4/px4/msg/detail/radio_status__type_support.h
[882.863s] -- Symlinking: /repo/ws/install/include/px4/px4/msg/detail/rate_ctrl_status__functions.h
[882.877s] -- Symlinking: /repo/ws/install/include/px4/px4/msg/detail/rate_ctrl_status__struct.h
[882.895s] -- Symlinking: /repo/ws/install/include/px4/px4/msg/detail/rate_ctrl_status__type_support.h
[882.906s] -- Symlinking: /repo/ws/install/include/px4/px4/msg/detail/rc_channels__functions.h
[882.921s] -- Symlinking: /repo/ws/install/include/px4/px4/msg/detail/rc_channels__struct.h
[882.936s] -- Symlinking: /repo/ws/install/include/px4/px4/msg/detail/rc_channels__type_support.h
[882.951s] -- Symlinking: /repo/ws/install/include/px4/px4/msg/detail/rc_parameter_map__functions.h
[882.965s] -- Symlinking: /repo/ws/install/include/px4/px4/msg/detail/rc_parameter_map__struct.h
[882.979s] -- Symlinking: /repo/ws/install/include/px4/px4/msg/detail/rc_parameter_map__type_support.h
[882.997s] -- Symlinking: /repo/ws/install/include/px4/px4/msg/detail/register_ext_component_reply__functions.h
[883.013s] -- Symlinking: /repo/ws/install/include/px4/px4/msg/detail/register_ext_component_reply__struct.h
[883.027s] -- Symlinking: /repo/ws/install/include/px4/px4/msg/detail/register_ext_component_reply__type_support.h
[883.042s] -- Symlinking: /repo/ws/install/include/px4/px4/msg/detail/register_ext_component_request__functions.h
[883.056s] -- Symlinking: /repo/ws/install/include/px4/px4/msg/detail/register_ext_component_request__struct.h
[883.070s] -- Symlinking: /repo/ws/install/include/px4/px4/msg/detail/register_ext_component_request__type_support.h
[883.084s] -- Symlinking: /repo/ws/install/include/px4/px4/msg/detail/rover_attitude_setpoint__functions.h
[883.099s] -- Symlinking: /repo/ws/install/include/px4/px4/msg/detail/rover_attitude_setpoint__struct.h
[883.112s] -- Symlinking: /repo/ws/install/include/px4/px4/msg/detail/rover_attitude_setpoint__type_support.h
[883.127s] -- Symlinking: /repo/ws/install/include/px4/px4/msg/detail/rover_attitude_status__functions.h
[883.142s] -- Symlinking: /repo/ws/install/include/px4/px4/msg/detail/rover_attitude_status__struct.h
[883.157s] -- Symlinking: /repo/ws/install/include/px4/px4/msg/detail/rover_attitude_status__type_support.h
[883.174s] -- Symlinking: /repo/ws/install/include/px4/px4/msg/detail/rover_position_setpoint__functions.h
[883.187s] -- Symlinking: /repo/ws/install/include/px4/px4/msg/detail/rover_position_setpoint__struct.h
[883.201s] -- Symlinking: /repo/ws/install/include/px4/px4/msg/detail/rover_position_setpoint__type_support.h
[883.216s] -- Symlinking: /repo/ws/install/include/px4/px4/msg/detail/rover_rate_setpoint__functions.h
[883.231s] -- Symlinking: /repo/ws/install/include/px4/px4/msg/detail/rover_rate_setpoint__struct.h
[883.245s] -- Symlinking: /repo/ws/install/include/px4/px4/msg/detail/rover_rate_setpoint__type_support.h
[883.259s] -- Symlinking: /repo/ws/install/include/px4/px4/msg/detail/rover_rate_status__functions.h
[883.273s] -- Symlinking: /repo/ws/install/include/px4/px4/msg/detail/rover_rate_status__struct.h
[883.287s] -- Symlinking: /repo/ws/install/include/px4/px4/msg/detail/rover_rate_status__type_support.h
[883.301s] -- Symlinking: /repo/ws/install/include/px4/px4/msg/detail/rover_steering_setpoint__functions.h
[883.316s] -- Symlinking: /repo/ws/install/include/px4/px4/msg/detail/rover_steering_setpoint__struct.h
[883.331s] -- Symlinking: /repo/ws/install/include/px4/px4/msg/detail/rover_steering_setpoint__type_support.h
[883.344s] -- Symlinking: /repo/ws/install/include/px4/px4/msg/detail/rover_throttle_setpoint__functions.h
[883.358s] -- Symlinking: /repo/ws/install/include/px4/px4/msg/detail/rover_throttle_setpoint__struct.h
[883.372s] -- Symlinking: /repo/ws/install/include/px4/px4/msg/detail/rover_throttle_setpoint__type_support.h
[883.385s] -- Symlinking: /repo/ws/install/include/px4/px4/msg/detail/rover_velocity_status__functions.h
[883.399s] -- Symlinking: /repo/ws/install/include/px4/px4/msg/detail/rover_velocity_status__struct.h
[883.413s] -- Symlinking: /repo/ws/install/include/px4/px4/msg/detail/rover_velocity_status__type_support.h
[883.428s] -- Symlinking: /repo/ws/install/include/px4/px4/msg/detail/rpm__functions.h
[883.442s] -- Symlinking: /repo/ws/install/include/px4/px4/msg/detail/rpm__struct.h
[883.456s] -- Symlinking: /repo/ws/install/include/px4/px4/msg/detail/rpm__type_support.h
[883.470s] -- Symlinking: /repo/ws/install/include/px4/px4/msg/detail/rtl_status__functions.h
[883.484s] -- Symlinking: /repo/ws/install/include/px4/px4/msg/detail/rtl_status__struct.h
[883.498s] -- Symlinking: /repo/ws/install/include/px4/px4/msg/detail/rtl_status__type_support.h
[883.512s] -- Symlinking: /repo/ws/install/include/px4/px4/msg/detail/rtl_time_estimate__functions.h
[883.526s] -- Symlinking: /repo/ws/install/include/px4/px4/msg/detail/rtl_time_estimate__struct.h
[883.540s] -- Symlinking: /repo/ws/install/include/px4/px4/msg/detail/rtl_time_estimate__type_support.h
[883.553s] -- Symlinking: /repo/ws/install/include/px4/px4/msg/detail/satellite_info__functions.h
[883.567s] -- Symlinking: /repo/ws/install/include/px4/px4/msg/detail/satellite_info__struct.h
[883.581s] -- Symlinking: /repo/ws/install/include/px4/px4/msg/detail/satellite_info__type_support.h
[883.595s] -- Symlinking: /repo/ws/install/include/px4/px4/msg/detail/sensor_accel__functions.h
[883.608s] -- Symlinking: /repo/ws/install/include/px4/px4/msg/detail/sensor_accel__struct.h
[883.624s] -- Symlinking: /repo/ws/install/include/px4/px4/msg/detail/sensor_accel__type_support.h
[883.638s] -- Symlinking: /repo/ws/install/include/px4/px4/msg/detail/sensor_accel_fifo__functions.h
[883.652s] -- Symlinking: /repo/ws/install/include/px4/px4/msg/detail/sensor_accel_fifo__struct.h
[883.665s] -- Symlinking: /repo/ws/install/include/px4/px4/msg/detail/sensor_accel_fifo__type_support.h
[883.679s] -- Symlinking: /repo/ws/install/include/px4/px4/msg/detail/sensor_airflow__functions.h
[883.692s] -- Symlinking: /repo/ws/install/include/px4/px4/msg/detail/sensor_airflow__struct.h
[883.706s] -- Symlinking: /repo/ws/install/include/px4/px4/msg/detail/sensor_airflow__type_support.h
[883.720s] -- Symlinking: /repo/ws/install/include/px4/px4/msg/detail/sensor_baro__functions.h
[883.734s] -- Symlinking: /repo/ws/install/include/px4/px4/msg/detail/sensor_baro__struct.h
[883.753s] -- Symlinking: /repo/ws/install/include/px4/px4/msg/detail/sensor_baro__type_support.h
[883.768s] -- Symlinking: /repo/ws/install/include/px4/px4/msg/detail/sensor_combined__functions.h
[883.783s] -- Symlinking: /repo/ws/install/include/px4/px4/msg/detail/sensor_combined__struct.h
[883.802s] -- Symlinking: /repo/ws/install/include/px4/px4/msg/detail/sensor_combined__type_support.h
[883.814s] -- Symlinking: /repo/ws/install/include/px4/px4/msg/detail/sensor_correction__functions.h
[883.829s] -- Symlinking: /repo/ws/install/include/px4/px4/msg/detail/sensor_correction__struct.h
[883.843s] -- Symlinking: /repo/ws/install/include/px4/px4/msg/detail/sensor_correction__type_support.h
[883.857s] -- Symlinking: /repo/ws/install/include/px4/px4/msg/detail/sensor_gnss_relative__functions.h
[883.871s] -- Symlinking: /repo/ws/install/include/px4/px4/msg/detail/sensor_gnss_relative__struct.h
[883.884s] -- Symlinking: /repo/ws/install/include/px4/px4/msg/detail/sensor_gnss_relative__type_support.h
[883.898s] -- Symlinking: /repo/ws/install/include/px4/px4/msg/detail/sensor_gps__functions.h
[883.911s] -- Symlinking: /repo/ws/install/include/px4/px4/msg/detail/sensor_gps__struct.h
[883.926s] -- Symlinking: /repo/ws/install/include/px4/px4/msg/detail/sensor_gps__type_support.h
[883.939s] -- Symlinking: /repo/ws/install/include/px4/px4/msg/detail/sensor_gyro__functions.h
[883.953s] -- Symlinking: /repo/ws/install/include/px4/px4/msg/detail/sensor_gyro__struct.h
[883.967s] -- Symlinking: /repo/ws/install/include/px4/px4/msg/detail/sensor_gyro__type_support.h
[883.981s] -- Symlinking: /repo/ws/install/include/px4/px4/msg/detail/sensor_gyro_fft__functions.h
[883.994s] -- Symlinking: /repo/ws/install/include/px4/px4/msg/detail/sensor_gyro_fft__struct.h
[884.008s] -- Symlinking: /repo/ws/install/include/px4/px4/msg/detail/sensor_gyro_fft__type_support.h
[884.023s] -- Symlinking: /repo/ws/install/include/px4/px4/msg/detail/sensor_gyro_fifo__functions.h
[884.037s] -- Symlinking: /repo/ws/install/include/px4/px4/msg/detail/sensor_gyro_fifo__struct.h
[884.050s] -- Symlinking: /repo/ws/install/include/px4/px4/msg/detail/sensor_gyro_fifo__type_support.h
[884.064s] -- Symlinking: /repo/ws/install/include/px4/px4/msg/detail/sensor_hygrometer__functions.h
[884.078s] -- Symlinking: /repo/ws/install/include/px4/px4/msg/detail/sensor_hygrometer__struct.h
[884.092s] -- Symlinking: /repo/ws/install/include/px4/px4/msg/detail/sensor_hygrometer__type_support.h
[884.105s] -- Symlinking: /repo/ws/install/include/px4/px4/msg/detail/sensor_mag__functions.h
[884.122s] -- Symlinking: /repo/ws/install/include/px4/px4/msg/detail/sensor_mag__struct.h
[884.135s] -- Symlinking: /repo/ws/install/include/px4/px4/msg/detail/sensor_mag__type_support.h
[884.149s] -- Symlinking: /repo/ws/install/include/px4/px4/msg/detail/sensor_optical_flow__functions.h
[884.164s] -- Symlinking: /repo/ws/install/include/px4/px4/msg/detail/sensor_optical_flow__struct.h
[884.178s] -- Symlinking: /repo/ws/install/include/px4/px4/msg/detail/sensor_optical_flow__type_support.h
[884.193s] -- Symlinking: /repo/ws/install/include/px4/px4/msg/detail/sensor_preflight_mag__functions.h
[884.207s] -- Symlinking: /repo/ws/install/include/px4/px4/msg/detail/sensor_preflight_mag__struct.h
[884.223s] -- Symlinking: /repo/ws/install/include/px4/px4/msg/detail/sensor_preflight_mag__type_support.h
[884.238s] -- Symlinking: /repo/ws/install/include/px4/px4/msg/detail/sensor_selection__functions.h
[884.252s] -- Symlinking: /repo/ws/install/include/px4/px4/msg/detail/sensor_selection__struct.h
[884.266s] -- Symlinking: /repo/ws/install/include/px4/px4/msg/detail/sensor_selection__type_support.h
[884.279s] -- Symlinking: /repo/ws/install/include/px4/px4/msg/detail/sensor_uwb__functions.h
[884.294s] -- Symlinking: /repo/ws/install/include/px4/px4/msg/detail/sensor_uwb__struct.h
[884.307s] -- Symlinking: /repo/ws/install/include/px4/px4/msg/detail/sensor_uwb__type_support.h
[884.322s] -- Symlinking: /repo/ws/install/include/px4/px4/msg/detail/sensors_status__functions.h
[884.336s] -- Symlinking: /repo/ws/install/include/px4/px4/msg/detail/sensors_status__struct.h
[884.350s] -- Symlinking: /repo/ws/install/include/px4/px4/msg/detail/sensors_status__type_support.h
[884.365s] -- Symlinking: /repo/ws/install/include/px4/px4/msg/detail/sensors_status_imu__functions.h
[884.379s] -- Symlinking: /repo/ws/install/include/px4/px4/msg/detail/sensors_status_imu__struct.h
[884.393s] -- Symlinking: /repo/ws/install/include/px4/px4/msg/detail/sensors_status_imu__type_support.h
[884.406s] -- Symlinking: /repo/ws/install/include/px4/px4/msg/detail/system_power__functions.h
[884.422s] -- Symlinking: /repo/ws/install/include/px4/px4/msg/detail/system_power__struct.h
[884.435s] -- Symlinking: /repo/ws/install/include/px4/px4/msg/detail/system_power__type_support.h
[884.449s] -- Symlinking: /repo/ws/install/include/px4/px4/msg/detail/takeoff_status__functions.h
[884.463s] -- Symlinking: /repo/ws/install/include/px4/px4/msg/detail/takeoff_status__struct.h
[884.477s] -- Symlinking: /repo/ws/install/include/px4/px4/msg/detail/takeoff_status__type_support.h
[884.492s] -- Symlinking: /repo/ws/install/include/px4/px4/msg/detail/task_stack_info__functions.h
[884.505s] -- Symlinking: /repo/ws/install/include/px4/px4/msg/detail/task_stack_info__struct.h
[884.522s] -- Symlinking: /repo/ws/install/include/px4/px4/msg/detail/task_stack_info__type_support.h
[884.535s] -- Symlinking: /repo/ws/install/include/px4/px4/msg/detail/tecs_status__functions.h
[884.550s] -- Symlinking: /repo/ws/install/include/px4/px4/msg/detail/tecs_status__struct.h
[884.564s] -- Symlinking: /repo/ws/install/include/px4/px4/msg/detail/tecs_status__type_support.h
[884.578s] -- Symlinking: /repo/ws/install/include/px4/px4/msg/detail/telemetry_status__functions.h
[884.593s] -- Symlinking: /repo/ws/install/include/px4/px4/msg/detail/telemetry_status__struct.h
[884.608s] -- Symlinking: /repo/ws/install/include/px4/px4/msg/detail/telemetry_status__type_support.h
[884.624s] -- Symlinking: /repo/ws/install/include/px4/px4/msg/detail/tiltrotor_extra_controls__functions.h
[884.638s] -- Symlinking: /repo/ws/install/include/px4/px4/msg/detail/tiltrotor_extra_controls__struct.h
[884.652s] -- Symlinking: /repo/ws/install/include/px4/px4/msg/detail/tiltrotor_extra_controls__type_support.h
[884.666s] -- Symlinking: /repo/ws/install/include/px4/px4/msg/detail/timesync_status__functions.h
[884.680s] -- Symlinking: /repo/ws/install/include/px4/px4/msg/detail/timesync_status__struct.h
[884.693s] -- Symlinking: /repo/ws/install/include/px4/px4/msg/detail/timesync_status__type_support.h
[884.707s] -- Symlinking: /repo/ws/install/include/px4/px4/msg/detail/trajectory_setpoint6dof__functions.h
[884.723s] -- Symlinking: /repo/ws/install/include/px4/px4/msg/detail/trajectory_setpoint6dof__struct.h
[884.739s] -- Symlinking: /repo/ws/install/include/px4/px4/msg/detail/trajectory_setpoint6dof__type_support.h
[884.753s] -- Symlinking: /repo/ws/install/include/px4/px4/msg/detail/trajectory_setpoint__functions.h
[884.767s] -- Symlinking: /repo/ws/install/include/px4/px4/msg/detail/trajectory_setpoint__struct.h
[884.781s] -- Symlinking: /repo/ws/install/include/px4/px4/msg/detail/trajectory_setpoint__type_support.h
[884.795s] -- Symlinking: /repo/ws/install/include/px4/px4/msg/detail/transponder_report__functions.h
[884.810s] -- Symlinking: /repo/ws/install/include/px4/px4/msg/detail/transponder_report__struct.h
[884.826s] -- Symlinking: /repo/ws/install/include/px4/px4/msg/detail/transponder_report__type_support.h
[884.841s] -- Symlinking: /repo/ws/install/include/px4/px4/msg/detail/tune_control__functions.h
[884.855s] -- Symlinking: /repo/ws/install/include/px4/px4/msg/detail/tune_control__struct.h
[884.868s] -- Symlinking: /repo/ws/install/include/px4/px4/msg/detail/tune_control__type_support.h
[884.882s] -- Symlinking: /repo/ws/install/include/px4/px4/msg/detail/uavcan_parameter_request__functions.h
[884.897s] -- Symlinking: /repo/ws/install/include/px4/px4/msg/detail/uavcan_parameter_request__struct.h
[884.911s] -- Symlinking: /repo/ws/install/include/px4/px4/msg/detail/uavcan_parameter_request__type_support.h
[884.926s] -- Symlinking: /repo/ws/install/include/px4/px4/msg/detail/uavcan_parameter_value__functions.h
[884.940s] -- Symlinking: /repo/ws/install/include/px4/px4/msg/detail/uavcan_parameter_value__struct.h
[884.954s] -- Symlinking: /repo/ws/install/include/px4/px4/msg/detail/uavcan_parameter_value__type_support.h
[884.968s] -- Symlinking: /repo/ws/install/include/px4/px4/msg/detail/ulog_stream__functions.h
[884.982s] -- Symlinking: /repo/ws/install/include/px4/px4/msg/detail/ulog_stream__struct.h
[884.996s] -- Symlinking: /repo/ws/install/include/px4/px4/msg/detail/ulog_stream__type_support.h
[885.011s] -- Symlinking: /repo/ws/install/include/px4/px4/msg/detail/ulog_stream_ack__functions.h
[885.028s] -- Symlinking: /repo/ws/install/include/px4/px4/msg/detail/ulog_stream_ack__struct.h
[885.042s] -- Symlinking: /repo/ws/install/include/px4/px4/msg/detail/ulog_stream_ack__type_support.h
[885.059s] -- Symlinking: /repo/ws/install/include/px4/px4/msg/detail/unregister_ext_component__functions.h
[885.071s] -- Symlinking: /repo/ws/install/include/px4/px4/msg/detail/unregister_ext_component__struct.h
[885.085s] -- Symlinking: /repo/ws/install/include/px4/px4/msg/detail/unregister_ext_component__type_support.h
[885.099s] -- Symlinking: /repo/ws/install/include/px4/px4/msg/detail/vehicle_acceleration__functions.h
[885.113s] -- Symlinking: /repo/ws/install/include/px4/px4/msg/detail/vehicle_acceleration__struct.h
[885.129s] -- Symlinking: /repo/ws/install/include/px4/px4/msg/detail/vehicle_acceleration__type_support.h
[885.143s] -- Symlinking: /repo/ws/install/include/px4/px4/msg/detail/vehicle_air_data__functions.h
[885.158s] -- Symlinking: /repo/ws/install/include/px4/px4/msg/detail/vehicle_air_data__struct.h
[885.173s] -- Symlinking: /repo/ws/install/include/px4/px4/msg/detail/vehicle_air_data__type_support.h
[885.188s] -- Symlinking: /repo/ws/install/include/px4/px4/msg/detail/vehicle_angular_acceleration_setpoint__functions.h
[885.203s] -- Symlinking: /repo/ws/install/include/px4/px4/msg/detail/vehicle_angular_acceleration_setpoint__struct.h
[885.217s] -- Symlinking: /repo/ws/install/include/px4/px4/msg/detail/vehicle_angular_acceleration_setpoint__type_support.h
[885.232s] -- Symlinking: /repo/ws/install/include/px4/px4/msg/detail/vehicle_angular_velocity__functions.h
[885.246s] -- Symlinking: /repo/ws/install/include/px4/px4/msg/detail/vehicle_angular_velocity__struct.h
[885.261s] -- Symlinking: /repo/ws/install/include/px4/px4/msg/detail/vehicle_angular_velocity__type_support.h
[885.275s] -- Symlinking: /repo/ws/install/include/px4/px4/msg/detail/vehicle_attitude__functions.h
[885.288s] -- Symlinking: /repo/ws/install/include/px4/px4/msg/detail/vehicle_attitude__struct.h
[885.304s] -- Symlinking: /repo/ws/install/include/px4/px4/msg/detail/vehicle_attitude__type_support.h
[885.317s] -- Symlinking: /repo/ws/install/include/px4/px4/msg/detail/vehicle_attitude_setpoint__functions.h
[885.332s] -- Symlinking: /repo/ws/install/include/px4/px4/msg/detail/vehicle_attitude_setpoint__struct.h
[885.346s] -- Symlinking: /repo/ws/install/include/px4/px4/msg/detail/vehicle_attitude_setpoint__type_support.h
[885.361s] -- Symlinking: /repo/ws/install/include/px4/px4/msg/detail/vehicle_command__functions.h
[885.374s] -- Symlinking: /repo/ws/install/include/px4/px4/msg/detail/vehicle_command__struct.h
[885.388s] -- Symlinking: /repo/ws/install/include/px4/px4/msg/detail/vehicle_command__type_support.h
[885.402s] -- Symlinking: /repo/ws/install/include/px4/px4/msg/detail/vehicle_command_ack__functions.h
[885.415s] -- Symlinking: /repo/ws/install/include/px4/px4/msg/detail/vehicle_command_ack__struct.h
[885.430s] -- Symlinking: /repo/ws/install/include/px4/px4/msg/detail/vehicle_command_ack__type_support.h
[885.444s] -- Symlinking: /repo/ws/install/include/px4/px4/msg/detail/vehicle_constraints__functions.h
[885.458s] -- Symlinking: /repo/ws/install/include/px4/px4/msg/detail/vehicle_constraints__struct.h
[885.471s] -- Symlinking: /repo/ws/install/include/px4/px4/msg/detail/vehicle_constraints__type_support.h
[885.485s] -- Symlinking: /repo/ws/install/include/px4/px4/msg/detail/vehicle_control_mode__functions.h
[885.498s] -- Symlinking: /repo/ws/install/include/px4/px4/msg/detail/vehicle_control_mode__struct.h
[885.513s] -- Symlinking: /repo/ws/install/include/px4/px4/msg/detail/vehicle_control_mode__type_support.h
[885.536s] -- Symlinking: /repo/ws/install/include/px4/px4/msg/detail/vehicle_global_position__functions.h
[885.551s] -- Symlinking: /repo/ws/install/include/px4/px4/msg/detail/vehicle_global_position__struct.h
[885.565s] -- Symlinking: /repo/ws/install/include/px4/px4/msg/detail/vehicle_global_position__type_support.h
[885.578s] -- Symlinking: /repo/ws/install/include/px4/px4/msg/detail/vehicle_imu__functions.h
[885.592s] -- Symlinking: /repo/ws/install/include/px4/px4/msg/detail/vehicle_imu__struct.h
[885.606s] -- Symlinking: /repo/ws/install/include/px4/px4/msg/detail/vehicle_imu__type_support.h
[885.620s] -- Symlinking: /repo/ws/install/include/px4/px4/msg/detail/vehicle_imu_status__functions.h
[885.634s] -- Symlinking: /repo/ws/install/include/px4/px4/msg/detail/vehicle_imu_status__struct.h
[885.649s] -- Symlinking: /repo/ws/install/include/px4/px4/msg/detail/vehicle_imu_status__type_support.h
[885.663s] -- Symlinking: /repo/ws/install/include/px4/px4/msg/detail/vehicle_land_detected__functions.h
[885.676s] -- Symlinking: /repo/ws/install/include/px4/px4/msg/detail/vehicle_land_detected__struct.h
[885.690s] -- Symlinking: /repo/ws/install/include/px4/px4/msg/detail/vehicle_land_detected__type_support.h
[885.704s] -- Symlinking: /repo/ws/install/include/px4/px4/msg/detail/vehicle_local_position__functions.h
[885.717s] -- Symlinking: /repo/ws/install/include/px4/px4/msg/detail/vehicle_local_position__struct.h
[885.732s] -- Symlinking: /repo/ws/install/include/px4/px4/msg/detail/vehicle_local_position__type_support.h
[885.746s] -- Symlinking: /repo/ws/install/include/px4/px4/msg/detail/vehicle_local_position_setpoint__functions.h
[885.759s] -- Symlinking: /repo/ws/install/include/px4/px4/msg/detail/vehicle_local_position_setpoint__struct.h
[885.773s] -- Symlinking: /repo/ws/install/include/px4/px4/msg/detail/vehicle_local_position_setpoint__type_support.h
[885.787s] -- Symlinking: /repo/ws/install/include/px4/px4/msg/detail/vehicle_magnetometer__functions.h
[885.802s] -- Symlinking: /repo/ws/install/include/px4/px4/msg/detail/vehicle_magnetometer__struct.h
[885.816s] -- Symlinking: /repo/ws/install/include/px4/px4/msg/detail/vehicle_magnetometer__type_support.h
[885.830s] -- Symlinking: /repo/ws/install/include/px4/px4/msg/detail/vehicle_odometry__functions.h
[885.845s] -- Symlinking: /repo/ws/install/include/px4/px4/msg/detail/vehicle_odometry__struct.h
[885.858s] -- Symlinking: /repo/ws/install/include/px4/px4/msg/detail/vehicle_odometry__type_support.h
[885.872s] -- Symlinking: /repo/ws/install/include/px4/px4/msg/detail/vehicle_optical_flow__functions.h
[885.885s] -- Symlinking: /repo/ws/install/include/px4/px4/msg/detail/vehicle_optical_flow__struct.h
[885.899s] -- Symlinking: /repo/ws/install/include/px4/px4/msg/detail/vehicle_optical_flow__type_support.h
[885.912s] -- Symlinking: /repo/ws/install/include/px4/px4/msg/detail/vehicle_optical_flow_vel__functions.h
[885.927s] -- Symlinking: /repo/ws/install/include/px4/px4/msg/detail/vehicle_optical_flow_vel__struct.h
[885.941s] -- Symlinking: /repo/ws/install/include/px4/px4/msg/detail/vehicle_optical_flow_vel__type_support.h
[885.955s] -- Symlinking: /repo/ws/install/include/px4/px4/msg/detail/vehicle_rates_setpoint__functions.h
[885.969s] -- Symlinking: /repo/ws/install/include/px4/px4/msg/detail/vehicle_rates_setpoint__struct.h
[885.982s] -- Symlinking: /repo/ws/install/include/px4/px4/msg/detail/vehicle_rates_setpoint__type_support.h
[885.996s] -- Symlinking: /repo/ws/install/include/px4/px4/msg/detail/vehicle_roi__functions.h
[886.010s] -- Symlinking: /repo/ws/install/include/px4/px4/msg/detail/vehicle_roi__struct.h
[886.025s] -- Symlinking: /repo/ws/install/include/px4/px4/msg/detail/vehicle_roi__type_support.h
[886.040s] -- Symlinking: /repo/ws/install/include/px4/px4/msg/detail/vehicle_status__functions.h
[886.055s] -- Symlinking: /repo/ws/install/include/px4/px4/msg/detail/vehicle_status__struct.h
[886.069s] -- Symlinking: /repo/ws/install/include/px4/px4/msg/detail/vehicle_status__type_support.h
[886.085s] -- Symlinking: /repo/ws/install/include/px4/px4/msg/detail/vehicle_thrust_setpoint__functions.h
[886.100s] -- Symlinking: /repo/ws/install/include/px4/px4/msg/detail/vehicle_thrust_setpoint__struct.h
[886.116s] -- Symlinking: /repo/ws/install/include/px4/px4/msg/detail/vehicle_thrust_setpoint__type_support.h
[886.134s] -- Symlinking: /repo/ws/install/include/px4/px4/msg/detail/vehicle_torque_setpoint__functions.h
[886.149s] -- Symlinking: /repo/ws/install/include/px4/px4/msg/detail/vehicle_torque_setpoint__struct.h
[886.165s] -- Symlinking: /repo/ws/install/include/px4/px4/msg/detail/vehicle_torque_setpoint__type_support.h
[886.179s] -- Symlinking: /repo/ws/install/include/px4/px4/msg/detail/velocity_limits__functions.h
[886.194s] -- Symlinking: /repo/ws/install/include/px4/px4/msg/detail/velocity_limits__struct.h
[886.212s] -- Symlinking: /repo/ws/install/include/px4/px4/msg/detail/velocity_limits__type_support.h
[886.234s] -- Symlinking: /repo/ws/install/include/px4/px4/msg/detail/vtol_vehicle_status__functions.h
[886.248s] -- Symlinking: /repo/ws/install/include/px4/px4/msg/detail/vtol_vehicle_status__struct.h
[886.263s] -- Symlinking: /repo/ws/install/include/px4/px4/msg/detail/vtol_vehicle_status__type_support.h
[886.278s] -- Symlinking: /repo/ws/install/include/px4/px4/msg/detail/wheel_encoders__functions.h
[886.293s] -- Symlinking: /repo/ws/install/include/px4/px4/msg/detail/wheel_encoders__struct.h
[886.309s] -- Symlinking: /repo/ws/install/include/px4/px4/msg/detail/wheel_encoders__type_support.h
[886.323s] -- Symlinking: /repo/ws/install/include/px4/px4/msg/detail/wind__functions.h
[886.340s] -- Symlinking: /repo/ws/install/include/px4/px4/msg/detail/wind__struct.h
[886.354s] -- Symlinking: /repo/ws/install/include/px4/px4/msg/detail/wind__type_support.h
[886.368s] -- Symlinking: /repo/ws/install/include/px4/px4/msg/detail/yaw_estimator_status__functions.h
[886.384s] -- Symlinking: /repo/ws/install/include/px4/px4/msg/detail/yaw_estimator_status__struct.h
[886.406s] -- Symlinking: /repo/ws/install/include/px4/px4/msg/detail/yaw_estimator_status__type_support.h
[886.425s] -- Symlinking: /repo/ws/install/include/px4/px4/msg/differential_pressure.h
[886.443s] -- Symlinking: /repo/ws/install/include/px4/px4/msg/differential_velocity_setpoint.h
[886.460s] -- Symlinking: /repo/ws/install/include/px4/px4/msg/distance_sensor.h
[886.474s] -- Symlinking: /repo/ws/install/include/px4/px4/msg/distance_sensor_mode_change_request.h
[886.490s] -- Symlinking: /repo/ws/install/include/px4/px4/msg/ekf2_timestamps.h
[886.504s] -- Symlinking: /repo/ws/install/include/px4/px4/msg/esc_report.h
[886.520s] -- Symlinking: /repo/ws/install/include/px4/px4/msg/esc_status.h
[886.536s] -- Symlinking: /repo/ws/install/include/px4/px4/msg/estimator_aid_source1d.h
[886.552s] -- Symlinking: /repo/ws/install/include/px4/px4/msg/estimator_aid_source2d.h
[886.574s] -- Symlinking: /repo/ws/install/include/px4/px4/msg/estimator_aid_source3d.h
[886.590s] -- Symlinking: /repo/ws/install/include/px4/px4/msg/estimator_bias.h
[886.610s] -- Symlinking: /repo/ws/install/include/px4/px4/msg/estimator_bias3d.h
[886.624s] -- Symlinking: /repo/ws/install/include/px4/px4/msg/estimator_event_flags.h
[886.640s] -- Symlinking: /repo/ws/install/include/px4/px4/msg/estimator_gps_status.h
[886.653s] -- Symlinking: /repo/ws/install/include/px4/px4/msg/estimator_innovations.h
[886.667s] -- Symlinking: /repo/ws/install/include/px4/px4/msg/estimator_selector_status.h
[886.681s] -- Symlinking: /repo/ws/install/include/px4/px4/msg/estimator_sensor_bias.h
[886.696s] -- Symlinking: /repo/ws/install/include/px4/px4/msg/estimator_states.h
[886.710s] -- Symlinking: /repo/ws/install/include/px4/px4/msg/estimator_status.h
[886.726s] -- Symlinking: /repo/ws/install/include/px4/px4/msg/estimator_status_flags.h
[886.741s] -- Symlinking: /repo/ws/install/include/px4/px4/msg/event.h
[886.756s] -- Symlinking: /repo/ws/install/include/px4/px4/msg/failsafe_flags.h
[886.771s] -- Symlinking: /repo/ws/install/include/px4/px4/msg/failure_detector_status.h
[886.787s] -- Symlinking: /repo/ws/install/include/px4/px4/msg/figure_eight_status.h
[886.800s] -- Symlinking: /repo/ws/install/include/px4/px4/msg/flight_phase_estimation.h
[886.815s] -- Symlinking: /repo/ws/install/include/px4/px4/msg/follow_target.h
[886.831s] -- Symlinking: /repo/ws/install/include/px4/px4/msg/follow_target_estimator.h
[886.846s] -- Symlinking: /repo/ws/install/include/px4/px4/msg/follow_target_status.h
[886.861s] -- Symlinking: /repo/ws/install/include/px4/px4/msg/fuel_tank_status.h
[886.877s] -- Symlinking: /repo/ws/install/include/px4/px4/msg/generator_status.h
[886.892s] -- Symlinking: /repo/ws/install/include/px4/px4/msg/geofence_result.h
[886.907s] -- Symlinking: /repo/ws/install/include/px4/px4/msg/geofence_status.h
[886.925s] -- Symlinking: /repo/ws/install/include/px4/px4/msg/gimbal_controls.h
[886.943s] -- Symlinking: /repo/ws/install/include/px4/px4/msg/gimbal_device_attitude_status.h
[886.958s] -- Symlinking: /repo/ws/install/include/px4/px4/msg/gimbal_device_information.h
[886.973s] -- Symlinking: /repo/ws/install/include/px4/px4/msg/gimbal_device_set_attitude.h
[886.988s] -- Symlinking: /repo/ws/install/include/px4/px4/msg/gimbal_manager_information.h
[887.003s] -- Symlinking: /repo/ws/install/include/px4/px4/msg/gimbal_manager_set_attitude.h
[887.017s] -- Symlinking: /repo/ws/install/include/px4/px4/msg/gimbal_manager_set_manual_control.h
[887.034s] -- Symlinking: /repo/ws/install/include/px4/px4/msg/gimbal_manager_status.h
[887.050s] -- Symlinking: /repo/ws/install/include/px4/px4/msg/goto_setpoint.h
[887.066s] -- Symlinking: /repo/ws/install/include/px4/px4/msg/gpio_config.h
[887.084s] -- Symlinking: /repo/ws/install/include/px4/px4/msg/gpio_in.h
[887.098s] -- Symlinking: /repo/ws/install/include/px4/px4/msg/gpio_out.h
[887.114s] -- Symlinking: /repo/ws/install/include/px4/px4/msg/gpio_request.h
[887.128s] -- Symlinking: /repo/ws/install/include/px4/px4/msg/gps_dump.h
[887.144s] -- Symlinking: /repo/ws/install/include/px4/px4/msg/gps_inject_data.h
[887.159s] -- Symlinking: /repo/ws/install/include/px4/px4/msg/gripper.h
[887.172s] -- Symlinking: /repo/ws/install/include/px4/px4/msg/health_report.h
[887.188s] -- Symlinking: /repo/ws/install/include/px4/px4/msg/heater_status.h
[887.202s] -- Symlinking: /repo/ws/install/include/px4/px4/msg/home_position.h
[887.216s] -- Symlinking: /repo/ws/install/include/px4/px4/msg/hover_thrust_estimate.h
[887.232s] -- Symlinking: /repo/ws/install/include/px4/px4/msg/input_rc.h
[887.246s] -- Symlinking: /repo/ws/install/include/px4/px4/msg/internal_combustion_engine_control.h
[887.260s] -- Symlinking: /repo/ws/install/include/px4/px4/msg/internal_combustion_engine_status.h
[887.275s] -- Symlinking: /repo/ws/install/include/px4/px4/msg/iridiumsbd_status.h
[887.289s] -- Symlinking: /repo/ws/install/include/px4/px4/msg/irlock_report.h
[887.304s] -- Symlinking: /repo/ws/install/include/px4/px4/msg/landing_gear.h
[887.318s] -- Symlinking: /repo/ws/install/include/px4/px4/msg/landing_gear_wheel.h
[887.332s] -- Symlinking: /repo/ws/install/include/px4/px4/msg/landing_target_innovations.h
[887.348s] -- Symlinking: /repo/ws/install/include/px4/px4/msg/landing_target_pose.h
[887.362s] -- Symlinking: /repo/ws/install/include/px4/px4/msg/launch_detection_status.h
[887.376s] -- Symlinking: /repo/ws/install/include/px4/px4/msg/led_control.h
[887.390s] -- Symlinking: /repo/ws/install/include/px4/px4/msg/log_message.h
[887.404s] -- Symlinking: /repo/ws/install/include/px4/px4/msg/logger_status.h
[887.420s] -- Symlinking: /repo/ws/install/include/px4/px4/msg/mag_worker_data.h
[887.434s] -- Symlinking: /repo/ws/install/include/px4/px4/msg/magnetometer_bias_estimate.h
[887.449s] -- Symlinking: /repo/ws/install/include/px4/px4/msg/manual_control_setpoint.h
[887.463s] -- Symlinking: /repo/ws/install/include/px4/px4/msg/manual_control_switches.h
[887.485s] -- Symlinking: /repo/ws/install/include/px4/px4/msg/mavlink_log.h
[887.504s] -- Symlinking: /repo/ws/install/include/px4/px4/msg/mavlink_tunnel.h
[887.521s] -- Symlinking: /repo/ws/install/include/px4/px4/msg/message_format_request.h
[887.538s] -- Symlinking: /repo/ws/install/include/px4/px4/msg/message_format_response.h
[887.556s] -- Symlinking: /repo/ws/install/include/px4/px4/msg/mission.h
[887.571s] -- Symlinking: /repo/ws/install/include/px4/px4/msg/mission_result.h
[887.587s] -- Symlinking: /repo/ws/install/include/px4/px4/msg/mode_completed.h
[887.603s] -- Symlinking: /repo/ws/install/include/px4/px4/msg/mount_orientation.h
[887.619s] -- Symlinking: /repo/ws/install/include/px4/px4/msg/navigator_mission_item.h
[887.634s] -- Symlinking: /repo/ws/install/include/px4/px4/msg/navigator_status.h
[887.649s] -- Symlinking: /repo/ws/install/include/px4/px4/msg/normalized_unsigned_setpoint.h
[887.666s] -- Symlinking: /repo/ws/install/include/px4/px4/msg/npfg_status.h
[887.680s] -- Symlinking: /repo/ws/install/include/px4/px4/msg/obstacle_distance.h
[887.696s] -- Symlinking: /repo/ws/install/include/px4/px4/msg/offboard_control_mode.h
[887.711s] -- Symlinking: /repo/ws/install/include/px4/px4/msg/onboard_computer_status.h
[887.726s] -- Symlinking: /repo/ws/install/include/px4/px4/msg/open_drone_id_arm_status.h
[887.742s] -- Symlinking: /repo/ws/install/include/px4/px4/msg/open_drone_id_operator_id.h
[887.757s] -- Symlinking: /repo/ws/install/include/px4/px4/msg/open_drone_id_self_id.h
[887.771s] -- Symlinking: /repo/ws/install/include/px4/px4/msg/open_drone_id_system.h
[887.785s] -- Symlinking: /repo/ws/install/include/px4/px4/msg/orb_test.h
[887.799s] -- Symlinking: /repo/ws/install/include/px4/px4/msg/orb_test_large.h
[887.815s] -- Symlinking: /repo/ws/install/include/px4/px4/msg/orb_test_medium.h
[887.829s] -- Symlinking: /repo/ws/install/include/px4/px4/msg/orbit_status.h
[887.845s] -- Symlinking: /repo/ws/install/include/px4/px4/msg/parameter_reset_request.h
[887.859s] -- Symlinking: /repo/ws/install/include/px4/px4/msg/parameter_set_used_request.h
[887.873s] -- Symlinking: /repo/ws/install/include/px4/px4/msg/parameter_set_value_request.h
[887.887s] -- Symlinking: /repo/ws/install/include/px4/px4/msg/parameter_set_value_response.h
[887.901s] -- Symlinking: /repo/ws/install/include/px4/px4/msg/parameter_update.h
[887.914s] -- Symlinking: /repo/ws/install/include/px4/px4/msg/ping.h
[887.928s] -- Symlinking: /repo/ws/install/include/px4/px4/msg/position_controller_landing_status.h
[887.944s] -- Symlinking: /repo/ws/install/include/px4/px4/msg/position_controller_status.h
[887.958s] -- Symlinking: /repo/ws/install/include/px4/px4/msg/position_setpoint.h
[887.972s] -- Symlinking: /repo/ws/install/include/px4/px4/msg/position_setpoint_triplet.h
[887.986s] -- Symlinking: /repo/ws/install/include/px4/px4/msg/power_button_state.h
[888.001s] -- Symlinking: /repo/ws/install/include/px4/px4/msg/power_monitor.h
[888.014s] -- Symlinking: /repo/ws/install/include/px4/px4/msg/pps_capture.h
[888.028s] -- Symlinking: /repo/ws/install/include/px4/px4/msg/pure_pursuit_status.h
[888.043s] -- Symlinking: /repo/ws/install/include/px4/px4/msg/pwm_input.h
[888.058s] -- Symlinking: /repo/ws/install/include/px4/px4/msg/px4io_status.h
[888.071s] -- Symlinking: /repo/ws/install/include/px4/px4/msg/qshell_req.h
[888.086s] -- Symlinking: /repo/ws/install/include/px4/px4/msg/qshell_retval.h
[888.103s] -- Symlinking: /repo/ws/install/include/px4/px4/msg/radio_status.h
[888.118s] -- Symlinking: /repo/ws/install/include/px4/px4/msg/rate_ctrl_status.h
[888.134s] -- Symlinking: /repo/ws/install/include/px4/px4/msg/rc_channels.h
[888.149s] -- Symlinking: /repo/ws/install/include/px4/px4/msg/rc_parameter_map.h
[888.163s] -- Symlinking: /repo/ws/install/include/px4/px4/msg/register_ext_component_reply.h
[888.178s] -- Symlinking: /repo/ws/install/include/px4/px4/msg/register_ext_component_request.h
[888.192s] -- Symlinking: /repo/ws/install/include/px4/px4/msg/rosidl_generator_c__visibility_control.h
[888.206s] -- Symlinking: /repo/ws/install/include/px4/px4/msg/rover_attitude_setpoint.h
[888.222s] -- Symlinking: /repo/ws/install/include/px4/px4/msg/rover_attitude_status.h
[888.236s] -- Symlinking: /repo/ws/install/include/px4/px4/msg/rover_position_setpoint.h
[888.252s] -- Symlinking: /repo/ws/install/include/px4/px4/msg/rover_rate_setpoint.h
[888.266s] -- Symlinking: /repo/ws/install/include/px4/px4/msg/rover_rate_status.h
[888.281s] -- Symlinking: /repo/ws/install/include/px4/px4/msg/rover_steering_setpoint.h
[888.299s] -- Symlinking: /repo/ws/install/include/px4/px4/msg/rover_throttle_setpoint.h
[888.314s] -- Symlinking: /repo/ws/install/include/px4/px4/msg/rover_velocity_status.h
[888.332s] -- Symlinking: /repo/ws/install/include/px4/px4/msg/rpm.h
[888.349s] -- Symlinking: /repo/ws/install/include/px4/px4/msg/rtl_status.h
[888.363s] -- Symlinking: /repo/ws/install/include/px4/px4/msg/rtl_time_estimate.h
[888.378s] -- Symlinking: /repo/ws/install/include/px4/px4/msg/satellite_info.h
[888.392s] -- Symlinking: /repo/ws/install/include/px4/px4/msg/sensor_accel.h
[888.408s] -- Symlinking: /repo/ws/install/include/px4/px4/msg/sensor_accel_fifo.h
[888.424s] -- Symlinking: /repo/ws/install/include/px4/px4/msg/sensor_airflow.h
[888.440s] -- Symlinking: /repo/ws/install/include/px4/px4/msg/sensor_baro.h
[888.455s] -- Symlinking: /repo/ws/install/include/px4/px4/msg/sensor_combined.h
[888.469s] -- Symlinking: /repo/ws/install/include/px4/px4/msg/sensor_correction.h
[888.486s] -- Symlinking: /repo/ws/install/include/px4/px4/msg/sensor_gnss_relative.h
[888.500s] -- Symlinking: /repo/ws/install/include/px4/px4/msg/sensor_gps.h
[888.514s] -- Symlinking: /repo/ws/install/include/px4/px4/msg/sensor_gyro.h
[888.530s] -- Symlinking: /repo/ws/install/include/px4/px4/msg/sensor_gyro_fft.h
[888.546s] -- Symlinking: /repo/ws/install/include/px4/px4/msg/sensor_gyro_fifo.h
[888.561s] -- Symlinking: /repo/ws/install/include/px4/px4/msg/sensor_hygrometer.h
[888.576s] -- Symlinking: /repo/ws/install/include/px4/px4/msg/sensor_mag.h
[888.594s] -- Symlinking: /repo/ws/install/include/px4/px4/msg/sensor_optical_flow.h
[888.609s] -- Symlinking: /repo/ws/install/include/px4/px4/msg/sensor_preflight_mag.h
[888.625s] -- Symlinking: /repo/ws/install/include/px4/px4/msg/sensor_selection.h
[888.644s] -- Symlinking: /repo/ws/install/include/px4/px4/msg/sensor_uwb.h
[888.658s] -- Symlinking: /repo/ws/install/include/px4/px4/msg/sensors_status.h
[888.672s] -- Symlinking: /repo/ws/install/include/px4/px4/msg/sensors_status_imu.h
[888.687s] -- Symlinking: /repo/ws/install/include/px4/px4/msg/system_power.h
[888.701s] -- Symlinking: /repo/ws/install/include/px4/px4/msg/takeoff_status.h
[888.716s] -- Symlinking: /repo/ws/install/include/px4/px4/msg/task_stack_info.h
[888.730s] -- Symlinking: /repo/ws/install/include/px4/px4/msg/tecs_status.h
[888.745s] -- Symlinking: /repo/ws/install/include/px4/px4/msg/telemetry_status.h
[888.760s] -- Symlinking: /repo/ws/install/include/px4/px4/msg/tiltrotor_extra_controls.h
[888.774s] -- Symlinking: /repo/ws/install/include/px4/px4/msg/timesync_status.h
[888.788s] -- Symlinking: /repo/ws/install/include/px4/px4/msg/trajectory_setpoint.h
[888.803s] -- Symlinking: /repo/ws/install/include/px4/px4/msg/trajectory_setpoint6dof.h
[888.818s] -- Symlinking: /repo/ws/install/include/px4/px4/msg/transponder_report.h
[888.832s] -- Symlinking: /repo/ws/install/include/px4/px4/msg/tune_control.h
[888.847s] -- Symlinking: /repo/ws/install/include/px4/px4/msg/uavcan_parameter_request.h
[888.863s] -- Symlinking: /repo/ws/install/include/px4/px4/msg/uavcan_parameter_value.h
[888.878s] -- Symlinking: /repo/ws/install/include/px4/px4/msg/ulog_stream.h
[888.892s] -- Symlinking: /repo/ws/install/include/px4/px4/msg/ulog_stream_ack.h
[888.907s] -- Symlinking: /repo/ws/install/include/px4/px4/msg/unregister_ext_component.h
[888.921s] -- Symlinking: /repo/ws/install/include/px4/px4/msg/vehicle_acceleration.h
[888.935s] -- Symlinking: /repo/ws/install/include/px4/px4/msg/vehicle_air_data.h
[888.950s] -- Symlinking: /repo/ws/install/include/px4/px4/msg/vehicle_angular_acceleration_setpoint.h
[888.965s] -- Symlinking: /repo/ws/install/include/px4/px4/msg/vehicle_angular_velocity.h
[888.979s] -- Symlinking: /repo/ws/install/include/px4/px4/msg/vehicle_attitude.h
[888.994s] -- Symlinking: /repo/ws/install/include/px4/px4/msg/vehicle_attitude_setpoint.h
[889.009s] -- Symlinking: /repo/ws/install/include/px4/px4/msg/vehicle_command.h
[889.023s] -- Symlinking: /repo/ws/install/include/px4/px4/msg/vehicle_command_ack.h
[889.039s] -- Symlinking: /repo/ws/install/include/px4/px4/msg/vehicle_constraints.h
[889.054s] -- Symlinking: /repo/ws/install/include/px4/px4/msg/vehicle_control_mode.h
[889.069s] -- Symlinking: /repo/ws/install/include/px4/px4/msg/vehicle_global_position.h
[889.085s] -- Symlinking: /repo/ws/install/include/px4/px4/msg/vehicle_imu.h
[889.099s] -- Symlinking: /repo/ws/install/include/px4/px4/msg/vehicle_imu_status.h
[889.114s] -- Symlinking: /repo/ws/install/include/px4/px4/msg/vehicle_land_detected.h
[889.128s] -- Symlinking: /repo/ws/install/include/px4/px4/msg/vehicle_local_position.h
[889.143s] -- Symlinking: /repo/ws/install/include/px4/px4/msg/vehicle_local_position_setpoint.h
[889.159s] -- Symlinking: /repo/ws/install/include/px4/px4/msg/vehicle_magnetometer.h
[889.173s] -- Symlinking: /repo/ws/install/include/px4/px4/msg/vehicle_odometry.h
[889.189s] -- Symlinking: /repo/ws/install/include/px4/px4/msg/vehicle_optical_flow.h
[889.204s] -- Symlinking: /repo/ws/install/include/px4/px4/msg/vehicle_optical_flow_vel.h
[889.218s] -- Symlinking: /repo/ws/install/include/px4/px4/msg/vehicle_rates_setpoint.h
[889.233s] -- Symlinking: /repo/ws/install/include/px4/px4/msg/vehicle_roi.h
[889.248s] -- Symlinking: /repo/ws/install/include/px4/px4/msg/vehicle_status.h
[889.264s] -- Symlinking: /repo/ws/install/include/px4/px4/msg/vehicle_thrust_setpoint.h
[889.278s] -- Symlinking: /repo/ws/install/include/px4/px4/msg/vehicle_torque_setpoint.h
[889.293s] -- Symlinking: /repo/ws/install/include/px4/px4/msg/velocity_limits.h
[889.308s] -- Symlinking: /repo/ws/install/include/px4/px4/msg/vtol_vehicle_status.h
[889.322s] -- Symlinking: /repo/ws/install/include/px4/px4/msg/wheel_encoders.h
[889.339s] -- Symlinking: /repo/ws/install/include/px4/px4/msg/wind.h
[889.353s] -- Symlinking: /repo/ws/install/include/px4/px4/msg/yaw_estimator_status.h
[889.370s] -- Symlinking: /repo/ws/install/share/px4/environment/library_path.sh
[889.385s] -- Symlinking: /repo/ws/install/share/px4/environment/library_path.dsv
[889.422s] -- Symlinking: /repo/ws/install/include/px4/px4/msg/detail/ackermann_velocity_setpoint__rosidl_typesupport_fastrtps_c.h
[889.438s] -- Symlinking: /repo/ws/install/include/px4/px4/msg/detail/action_request__rosidl_typesupport_fastrtps_c.h
[889.452s] -- Symlinking: /repo/ws/install/include/px4/px4/msg/detail/actuator_armed__rosidl_typesupport_fastrtps_c.h
[889.467s] -- Symlinking: /repo/ws/install/include/px4/px4/msg/detail/actuator_controls_status__rosidl_typesupport_fastrtps_c.h
[889.482s] -- Symlinking: /repo/ws/install/include/px4/px4/msg/detail/actuator_motors__rosidl_typesupport_fastrtps_c.h
[889.497s] -- Symlinking: /repo/ws/install/include/px4/px4/msg/detail/actuator_outputs__rosidl_typesupport_fastrtps_c.h
[889.513s] -- Symlinking: /repo/ws/install/include/px4/px4/msg/detail/actuator_servos__rosidl_typesupport_fastrtps_c.h
[889.529s] -- Symlinking: /repo/ws/install/include/px4/px4/msg/detail/actuator_servos_trim__rosidl_typesupport_fastrtps_c.h
[889.545s] -- Symlinking: /repo/ws/install/include/px4/px4/msg/detail/actuator_test__rosidl_typesupport_fastrtps_c.h
[889.560s] -- Symlinking: /repo/ws/install/include/px4/px4/msg/detail/adc_report__rosidl_typesupport_fastrtps_c.h
[889.576s] -- Symlinking: /repo/ws/install/include/px4/px4/msg/detail/airspeed__rosidl_typesupport_fastrtps_c.h
[889.593s] -- Symlinking: /repo/ws/install/include/px4/px4/msg/detail/airspeed_validated__rosidl_typesupport_fastrtps_c.h
[889.609s] -- Symlinking: /repo/ws/install/include/px4/px4/msg/detail/airspeed_wind__rosidl_typesupport_fastrtps_c.h
[889.623s] -- Symlinking: /repo/ws/install/include/px4/px4/msg/detail/arming_check_reply__rosidl_typesupport_fastrtps_c.h
[889.639s] -- Symlinking: /repo/ws/install/include/px4/px4/msg/detail/arming_check_request__rosidl_typesupport_fastrtps_c.h
[889.664s] -- Symlinking: /repo/ws/install/include/px4/px4/msg/detail/autotune_attitude_control_status__rosidl_typesupport_fastrtps_c.h
[889.679s] -- Symlinking: /repo/ws/install/include/px4/px4/msg/detail/battery_status__rosidl_typesupport_fastrtps_c.h
[889.693s] -- Symlinking: /repo/ws/install/include/px4/px4/msg/detail/button_event__rosidl_typesupport_fastrtps_c.h
[889.707s] -- Symlinking: /repo/ws/install/include/px4/px4/msg/detail/camera_capture__rosidl_typesupport_fastrtps_c.h
[889.722s] -- Symlinking: /repo/ws/install/include/px4/px4/msg/detail/camera_status__rosidl_typesupport_fastrtps_c.h
[889.738s] -- Symlinking: /repo/ws/install/include/px4/px4/msg/detail/camera_trigger__rosidl_typesupport_fastrtps_c.h
[889.755s] -- Symlinking: /repo/ws/install/include/px4/px4/msg/detail/can_interface_status__rosidl_typesupport_fastrtps_c.h
[889.770s] -- Symlinking: /repo/ws/install/include/px4/px4/msg/detail/cellular_status__rosidl_typesupport_fastrtps_c.h
[889.784s] -- Symlinking: /repo/ws/install/include/px4/px4/msg/detail/collision_constraints__rosidl_typesupport_fastrtps_c.h
[889.797s] -- Symlinking: /repo/ws/install/include/px4/px4/msg/detail/config_overrides__rosidl_typesupport_fastrtps_c.h
[889.812s] -- Symlinking: /repo/ws/install/include/px4/px4/msg/detail/control_allocator_status__rosidl_typesupport_fastrtps_c.h
[889.827s] -- Symlinking: /repo/ws/install/include/px4/px4/msg/detail/cpuload__rosidl_typesupport_fastrtps_c.h
[889.844s] -- Symlinking: /repo/ws/install/include/px4/px4/msg/detail/dataman_request__rosidl_typesupport_fastrtps_c.h
[889.861s] -- Symlinking: /repo/ws/install/include/px4/px4/msg/detail/dataman_response__rosidl_typesupport_fastrtps_c.h
[889.880s] -- Symlinking: /repo/ws/install/include/px4/px4/msg/detail/debug_array__rosidl_typesupport_fastrtps_c.h
[889.896s] -- Symlinking: /repo/ws/install/include/px4/px4/msg/detail/debug_key_value__rosidl_typesupport_fastrtps_c.h
[889.911s] -- Symlinking: /repo/ws/install/include/px4/px4/msg/detail/debug_value__rosidl_typesupport_fastrtps_c.h
[889.926s] -- Symlinking: /repo/ws/install/include/px4/px4/msg/detail/debug_vect__rosidl_typesupport_fastrtps_c.h
[889.942s] -- Symlinking: /repo/ws/install/include/px4/px4/msg/detail/differential_pressure__rosidl_typesupport_fastrtps_c.h
[889.957s] -- Symlinking: /repo/ws/install/include/px4/px4/msg/detail/differential_velocity_setpoint__rosidl_typesupport_fastrtps_c.h
[889.972s] -- Symlinking: /repo/ws/install/include/px4/px4/msg/detail/distance_sensor__rosidl_typesupport_fastrtps_c.h
[889.988s] -- Symlinking: /repo/ws/install/include/px4/px4/msg/detail/distance_sensor_mode_change_request__rosidl_typesupport_fastrtps_c.h
[890.003s] -- Symlinking: /repo/ws/install/include/px4/px4/msg/detail/ekf2_timestamps__rosidl_typesupport_fastrtps_c.h
[890.018s] -- Symlinking: /repo/ws/install/include/px4/px4/msg/detail/esc_report__rosidl_typesupport_fastrtps_c.h
[890.034s] -- Symlinking: /repo/ws/install/include/px4/px4/msg/detail/esc_status__rosidl_typesupport_fastrtps_c.h
[890.055s] -- Symlinking: /repo/ws/install/include/px4/px4/msg/detail/estimator_aid_source1d__rosidl_typesupport_fastrtps_c.h
[890.069s] -- Symlinking: /repo/ws/install/include/px4/px4/msg/detail/estimator_aid_source2d__rosidl_typesupport_fastrtps_c.h
[890.083s] -- Symlinking: /repo/ws/install/include/px4/px4/msg/detail/estimator_aid_source3d__rosidl_typesupport_fastrtps_c.h
[890.098s] -- Symlinking: /repo/ws/install/include/px4/px4/msg/detail/estimator_bias3d__rosidl_typesupport_fastrtps_c.h
[890.112s] -- Symlinking: /repo/ws/install/include/px4/px4/msg/detail/estimator_bias__rosidl_typesupport_fastrtps_c.h
[890.127s] -- Symlinking: /repo/ws/install/include/px4/px4/msg/detail/estimator_event_flags__rosidl_typesupport_fastrtps_c.h
[890.144s] -- Symlinking: /repo/ws/install/include/px4/px4/msg/detail/estimator_gps_status__rosidl_typesupport_fastrtps_c.h
[890.159s] -- Symlinking: /repo/ws/install/include/px4/px4/msg/detail/estimator_innovations__rosidl_typesupport_fastrtps_c.h
[890.173s] -- Symlinking: /repo/ws/install/include/px4/px4/msg/detail/estimator_selector_status__rosidl_typesupport_fastrtps_c.h
[890.189s] -- Symlinking: /repo/ws/install/include/px4/px4/msg/detail/estimator_sensor_bias__rosidl_typesupport_fastrtps_c.h
[890.204s] -- Symlinking: /repo/ws/install/include/px4/px4/msg/detail/estimator_states__rosidl_typesupport_fastrtps_c.h
[890.218s] -- Symlinking: /repo/ws/install/include/px4/px4/msg/detail/estimator_status__rosidl_typesupport_fastrtps_c.h
[890.233s] -- Symlinking: /repo/ws/install/include/px4/px4/msg/detail/estimator_status_flags__rosidl_typesupport_fastrtps_c.h
[890.249s] -- Symlinking: /repo/ws/install/include/px4/px4/msg/detail/event__rosidl_typesupport_fastrtps_c.h
[890.264s] -- Symlinking: /repo/ws/install/include/px4/px4/msg/detail/failsafe_flags__rosidl_typesupport_fastrtps_c.h
[890.278s] -- Symlinking: /repo/ws/install/include/px4/px4/msg/detail/failure_detector_status__rosidl_typesupport_fastrtps_c.h
[890.292s] -- Symlinking: /repo/ws/install/include/px4/px4/msg/detail/figure_eight_status__rosidl_typesupport_fastrtps_c.h
[890.307s] -- Symlinking: /repo/ws/install/include/px4/px4/msg/detail/flight_phase_estimation__rosidl_typesupport_fastrtps_c.h
[890.321s] -- Symlinking: /repo/ws/install/include/px4/px4/msg/detail/follow_target__rosidl_typesupport_fastrtps_c.h
[890.335s] -- Symlinking: /repo/ws/install/include/px4/px4/msg/detail/follow_target_estimator__rosidl_typesupport_fastrtps_c.h
[890.351s] -- Symlinking: /repo/ws/install/include/px4/px4/msg/detail/follow_target_status__rosidl_typesupport_fastrtps_c.h
[890.368s] -- Symlinking: /repo/ws/install/include/px4/px4/msg/detail/fuel_tank_status__rosidl_typesupport_fastrtps_c.h
[890.383s] -- Symlinking: /repo/ws/install/include/px4/px4/msg/detail/generator_status__rosidl_typesupport_fastrtps_c.h
[890.399s] -- Symlinking: /repo/ws/install/include/px4/px4/msg/detail/geofence_result__rosidl_typesupport_fastrtps_c.h
[890.414s] -- Symlinking: /repo/ws/install/include/px4/px4/msg/detail/geofence_status__rosidl_typesupport_fastrtps_c.h
[890.429s] -- Symlinking: /repo/ws/install/include/px4/px4/msg/detail/gimbal_controls__rosidl_typesupport_fastrtps_c.h
[890.446s] -- Symlinking: /repo/ws/install/include/px4/px4/msg/detail/gimbal_device_attitude_status__rosidl_typesupport_fastrtps_c.h
[890.462s] -- Symlinking: /repo/ws/install/include/px4/px4/msg/detail/gimbal_device_information__rosidl_typesupport_fastrtps_c.h
[890.477s] -- Symlinking: /repo/ws/install/include/px4/px4/msg/detail/gimbal_device_set_attitude__rosidl_typesupport_fastrtps_c.h
[890.493s] -- Symlinking: /repo/ws/install/include/px4/px4/msg/detail/gimbal_manager_information__rosidl_typesupport_fastrtps_c.h
[890.508s] -- Symlinking: /repo/ws/install/include/px4/px4/msg/detail/gimbal_manager_set_attitude__rosidl_typesupport_fastrtps_c.h
[890.523s] -- Symlinking: /repo/ws/install/include/px4/px4/msg/detail/gimbal_manager_set_manual_control__rosidl_typesupport_fastrtps_c.h
[890.539s] -- Symlinking: /repo/ws/install/include/px4/px4/msg/detail/gimbal_manager_status__rosidl_typesupport_fastrtps_c.h
[890.555s] -- Symlinking: /repo/ws/install/include/px4/px4/msg/detail/goto_setpoint__rosidl_typesupport_fastrtps_c.h
[890.569s] -- Symlinking: /repo/ws/install/include/px4/px4/msg/detail/gpio_config__rosidl_typesupport_fastrtps_c.h
[890.583s] -- Symlinking: /repo/ws/install/include/px4/px4/msg/detail/gpio_in__rosidl_typesupport_fastrtps_c.h
[890.599s] -- Symlinking: /repo/ws/install/include/px4/px4/msg/detail/gpio_out__rosidl_typesupport_fastrtps_c.h
[890.613s] -- Symlinking: /repo/ws/install/include/px4/px4/msg/detail/gpio_request__rosidl_typesupport_fastrtps_c.h
[890.628s] -- Symlinking: /repo/ws/install/include/px4/px4/msg/detail/gps_dump__rosidl_typesupport_fastrtps_c.h
[890.645s] -- Symlinking: /repo/ws/install/include/px4/px4/msg/detail/gps_inject_data__rosidl_typesupport_fastrtps_c.h
[890.661s] -- Symlinking: /repo/ws/install/include/px4/px4/msg/detail/gripper__rosidl_typesupport_fastrtps_c.h
[890.676s] -- Symlinking: /repo/ws/install/include/px4/px4/msg/detail/health_report__rosidl_typesupport_fastrtps_c.h
[890.690s] -- Symlinking: /repo/ws/install/include/px4/px4/msg/detail/heater_status__rosidl_typesupport_fastrtps_c.h
[890.704s] -- Symlinking: /repo/ws/install/include/px4/px4/msg/detail/home_position__rosidl_typesupport_fastrtps_c.h
[890.718s] -- Symlinking: /repo/ws/install/include/px4/px4/msg/detail/hover_thrust_estimate__rosidl_typesupport_fastrtps_c.h
[890.732s] -- Symlinking: /repo/ws/install/include/px4/px4/msg/detail/input_rc__rosidl_typesupport_fastrtps_c.h
[890.748s] -- Symlinking: /repo/ws/install/include/px4/px4/msg/detail/internal_combustion_engine_control__rosidl_typesupport_fastrtps_c.h
[890.762s] -- Symlinking: /repo/ws/install/include/px4/px4/msg/detail/internal_combustion_engine_status__rosidl_typesupport_fastrtps_c.h
[890.776s] -- Symlinking: /repo/ws/install/include/px4/px4/msg/detail/iridiumsbd_status__rosidl_typesupport_fastrtps_c.h
[890.790s] -- Symlinking: /repo/ws/install/include/px4/px4/msg/detail/irlock_report__rosidl_typesupport_fastrtps_c.h
[890.805s] -- Symlinking: /repo/ws/install/include/px4/px4/msg/detail/landing_gear__rosidl_typesupport_fastrtps_c.h
[890.819s] -- Symlinking: /repo/ws/install/include/px4/px4/msg/detail/landing_gear_wheel__rosidl_typesupport_fastrtps_c.h
[890.834s] -- Symlinking: /repo/ws/install/include/px4/px4/msg/detail/landing_target_innovations__rosidl_typesupport_fastrtps_c.h
[890.850s] -- Symlinking: /repo/ws/install/include/px4/px4/msg/detail/landing_target_pose__rosidl_typesupport_fastrtps_c.h
[890.864s] -- Symlinking: /repo/ws/install/include/px4/px4/msg/detail/launch_detection_status__rosidl_typesupport_fastrtps_c.h
[890.878s] -- Symlinking: /repo/ws/install/include/px4/px4/msg/detail/led_control__rosidl_typesupport_fastrtps_c.h
[890.893s] -- Symlinking: /repo/ws/install/include/px4/px4/msg/detail/log_message__rosidl_typesupport_fastrtps_c.h
[890.908s] -- Symlinking: /repo/ws/install/include/px4/px4/msg/detail/logger_status__rosidl_typesupport_fastrtps_c.h
[890.922s] -- Symlinking: /repo/ws/install/include/px4/px4/msg/detail/mag_worker_data__rosidl_typesupport_fastrtps_c.h
[890.937s] -- Symlinking: /repo/ws/install/include/px4/px4/msg/detail/magnetometer_bias_estimate__rosidl_typesupport_fastrtps_c.h
[890.952s] -- Symlinking: /repo/ws/install/include/px4/px4/msg/detail/manual_control_setpoint__rosidl_typesupport_fastrtps_c.h
[890.966s] -- Symlinking: /repo/ws/install/include/px4/px4/msg/detail/manual_control_switches__rosidl_typesupport_fastrtps_c.h
[890.981s] -- Symlinking: /repo/ws/install/include/px4/px4/msg/detail/mavlink_log__rosidl_typesupport_fastrtps_c.h
[890.995s] -- Symlinking: /repo/ws/install/include/px4/px4/msg/detail/mavlink_tunnel__rosidl_typesupport_fastrtps_c.h
[891.011s] -- Symlinking: /repo/ws/install/include/px4/px4/msg/detail/message_format_request__rosidl_typesupport_fastrtps_c.h
[891.025s] -- Symlinking: /repo/ws/install/include/px4/px4/msg/detail/message_format_response__rosidl_typesupport_fastrtps_c.h
[891.040s] -- Symlinking: /repo/ws/install/include/px4/px4/msg/detail/mission__rosidl_typesupport_fastrtps_c.h
[891.055s] -- Symlinking: /repo/ws/install/include/px4/px4/msg/detail/mission_result__rosidl_typesupport_fastrtps_c.h
[891.068s] -- Symlinking: /repo/ws/install/include/px4/px4/msg/detail/mode_completed__rosidl_typesupport_fastrtps_c.h
[891.082s] -- Symlinking: /repo/ws/install/include/px4/px4/msg/detail/mount_orientation__rosidl_typesupport_fastrtps_c.h
[891.096s] -- Symlinking: /repo/ws/install/include/px4/px4/msg/detail/navigator_mission_item__rosidl_typesupport_fastrtps_c.h
[891.110s] -- Symlinking: /repo/ws/install/include/px4/px4/msg/detail/navigator_status__rosidl_typesupport_fastrtps_c.h
[891.125s] -- Symlinking: /repo/ws/install/include/px4/px4/msg/detail/normalized_unsigned_setpoint__rosidl_typesupport_fastrtps_c.h
[891.141s] -- Symlinking: /repo/ws/install/include/px4/px4/msg/detail/npfg_status__rosidl_typesupport_fastrtps_c.h
[891.157s] -- Symlinking: /repo/ws/install/include/px4/px4/msg/detail/obstacle_distance__rosidl_typesupport_fastrtps_c.h
[891.171s] -- Symlinking: /repo/ws/install/include/px4/px4/msg/detail/offboard_control_mode__rosidl_typesupport_fastrtps_c.h
[891.185s] -- Symlinking: /repo/ws/install/include/px4/px4/msg/detail/onboard_computer_status__rosidl_typesupport_fastrtps_c.h
[891.199s] -- Symlinking: /repo/ws/install/include/px4/px4/msg/detail/open_drone_id_arm_status__rosidl_typesupport_fastrtps_c.h
[891.214s] -- Symlinking: /repo/ws/install/include/px4/px4/msg/detail/open_drone_id_operator_id__rosidl_typesupport_fastrtps_c.h
[891.229s] -- Symlinking: /repo/ws/install/include/px4/px4/msg/detail/open_drone_id_self_id__rosidl_typesupport_fastrtps_c.h
[891.245s] -- Symlinking: /repo/ws/install/include/px4/px4/msg/detail/open_drone_id_system__rosidl_typesupport_fastrtps_c.h
[891.261s] -- Symlinking: /repo/ws/install/include/px4/px4/msg/detail/orb_test__rosidl_typesupport_fastrtps_c.h
[891.277s] -- Symlinking: /repo/ws/install/include/px4/px4/msg/detail/orb_test_large__rosidl_typesupport_fastrtps_c.h
[891.292s] -- Symlinking: /repo/ws/install/include/px4/px4/msg/detail/orb_test_medium__rosidl_typesupport_fastrtps_c.h
[891.306s] -- Symlinking: /repo/ws/install/include/px4/px4/msg/detail/orbit_status__rosidl_typesupport_fastrtps_c.h
[891.320s] -- Symlinking: /repo/ws/install/include/px4/px4/msg/detail/parameter_reset_request__rosidl_typesupport_fastrtps_c.h
[891.335s] -- Symlinking: /repo/ws/install/include/px4/px4/msg/detail/parameter_set_used_request__rosidl_typesupport_fastrtps_c.h
[891.350s] -- Symlinking: /repo/ws/install/include/px4/px4/msg/detail/parameter_set_value_request__rosidl_typesupport_fastrtps_c.h
[891.364s] -- Symlinking: /repo/ws/install/include/px4/px4/msg/detail/parameter_set_value_response__rosidl_typesupport_fastrtps_c.h
[891.379s] -- Symlinking: /repo/ws/install/include/px4/px4/msg/detail/parameter_update__rosidl_typesupport_fastrtps_c.h
[891.393s] -- Symlinking: /repo/ws/install/include/px4/px4/msg/detail/ping__rosidl_typesupport_fastrtps_c.h
[891.407s] -- Symlinking: /repo/ws/install/include/px4/px4/msg/detail/position_controller_landing_status__rosidl_typesupport_fastrtps_c.h
[891.422s] -- Symlinking: /repo/ws/install/include/px4/px4/msg/detail/position_controller_status__rosidl_typesupport_fastrtps_c.h
[891.436s] -- Symlinking: /repo/ws/install/include/px4/px4/msg/detail/position_setpoint__rosidl_typesupport_fastrtps_c.h
[891.452s] -- Symlinking: /repo/ws/install/include/px4/px4/msg/detail/position_setpoint_triplet__rosidl_typesupport_fastrtps_c.h
[891.466s] -- Symlinking: /repo/ws/install/include/px4/px4/msg/detail/power_button_state__rosidl_typesupport_fastrtps_c.h
[891.481s] -- Symlinking: /repo/ws/install/include/px4/px4/msg/detail/power_monitor__rosidl_typesupport_fastrtps_c.h
[891.494s] -- Symlinking: /repo/ws/install/include/px4/px4/msg/detail/pps_capture__rosidl_typesupport_fastrtps_c.h
[891.509s] -- Symlinking: /repo/ws/install/include/px4/px4/msg/detail/pure_pursuit_status__rosidl_typesupport_fastrtps_c.h
[891.522s] -- Symlinking: /repo/ws/install/include/px4/px4/msg/detail/pwm_input__rosidl_typesupport_fastrtps_c.h
[891.538s] -- Symlinking: /repo/ws/install/include/px4/px4/msg/detail/px4io_status__rosidl_typesupport_fastrtps_c.h
[891.556s] -- Symlinking: /repo/ws/install/include/px4/px4/msg/detail/qshell_req__rosidl_typesupport_fastrtps_c.h
[891.571s] -- Symlinking: /repo/ws/install/include/px4/px4/msg/detail/qshell_retval__rosidl_typesupport_fastrtps_c.h
[891.585s] -- Symlinking: /repo/ws/install/include/px4/px4/msg/detail/radio_status__rosidl_typesupport_fastrtps_c.h
[891.599s] -- Symlinking: /repo/ws/install/include/px4/px4/msg/detail/rate_ctrl_status__rosidl_typesupport_fastrtps_c.h
[891.614s] -- Symlinking: /repo/ws/install/include/px4/px4/msg/detail/rc_channels__rosidl_typesupport_fastrtps_c.h
[891.628s] -- Symlinking: /repo/ws/install/include/px4/px4/msg/detail/rc_parameter_map__rosidl_typesupport_fastrtps_c.h
[891.644s] -- Symlinking: /repo/ws/install/include/px4/px4/msg/detail/register_ext_component_reply__rosidl_typesupport_fastrtps_c.h
[891.660s] -- Symlinking: /repo/ws/install/include/px4/px4/msg/detail/register_ext_component_request__rosidl_typesupport_fastrtps_c.h
[891.675s] -- Symlinking: /repo/ws/install/include/px4/px4/msg/detail/rover_attitude_setpoint__rosidl_typesupport_fastrtps_c.h
[891.695s] -- Symlinking: /repo/ws/install/include/px4/px4/msg/detail/rover_attitude_status__rosidl_typesupport_fastrtps_c.h
[891.706s] -- Symlinking: /repo/ws/install/include/px4/px4/msg/detail/rover_position_setpoint__rosidl_typesupport_fastrtps_c.h
[891.720s] -- Symlinking: /repo/ws/install/include/px4/px4/msg/detail/rover_rate_setpoint__rosidl_typesupport_fastrtps_c.h
[891.733s] -- Symlinking: /repo/ws/install/include/px4/px4/msg/detail/rover_rate_status__rosidl_typesupport_fastrtps_c.h
[891.748s] -- Symlinking: /repo/ws/install/include/px4/px4/msg/detail/rover_steering_setpoint__rosidl_typesupport_fastrtps_c.h
[891.762s] -- Symlinking: /repo/ws/install/include/px4/px4/msg/detail/rover_throttle_setpoint__rosidl_typesupport_fastrtps_c.h
[891.776s] -- Symlinking: /repo/ws/install/include/px4/px4/msg/detail/rover_velocity_status__rosidl_typesupport_fastrtps_c.h
[891.789s] -- Symlinking: /repo/ws/install/include/px4/px4/msg/detail/rpm__rosidl_typesupport_fastrtps_c.h
[891.802s] -- Symlinking: /repo/ws/install/include/px4/px4/msg/detail/rtl_status__rosidl_typesupport_fastrtps_c.h
[891.816s] -- Symlinking: /repo/ws/install/include/px4/px4/msg/detail/rtl_time_estimate__rosidl_typesupport_fastrtps_c.h
[891.830s] -- Symlinking: /repo/ws/install/include/px4/px4/msg/detail/satellite_info__rosidl_typesupport_fastrtps_c.h
[891.845s] -- Symlinking: /repo/ws/install/include/px4/px4/msg/detail/sensor_accel__rosidl_typesupport_fastrtps_c.h
[891.859s] -- Symlinking: /repo/ws/install/include/px4/px4/msg/detail/sensor_accel_fifo__rosidl_typesupport_fastrtps_c.h
[891.873s] -- Symlinking: /repo/ws/install/include/px4/px4/msg/detail/sensor_airflow__rosidl_typesupport_fastrtps_c.h
[891.888s] -- Symlinking: /repo/ws/install/include/px4/px4/msg/detail/sensor_baro__rosidl_typesupport_fastrtps_c.h
[891.902s] -- Symlinking: /repo/ws/install/include/px4/px4/msg/detail/sensor_combined__rosidl_typesupport_fastrtps_c.h
[891.916s] -- Symlinking: /repo/ws/install/include/px4/px4/msg/detail/sensor_correction__rosidl_typesupport_fastrtps_c.h
[891.929s] -- Symlinking: /repo/ws/install/include/px4/px4/msg/detail/sensor_gnss_relative__rosidl_typesupport_fastrtps_c.h
[891.945s] -- Symlinking: /repo/ws/install/include/px4/px4/msg/detail/sensor_gps__rosidl_typesupport_fastrtps_c.h
[891.959s] -- Symlinking: /repo/ws/install/include/px4/px4/msg/detail/sensor_gyro__rosidl_typesupport_fastrtps_c.h
[891.973s] -- Symlinking: /repo/ws/install/include/px4/px4/msg/detail/sensor_gyro_fft__rosidl_typesupport_fastrtps_c.h
[891.986s] -- Symlinking: /repo/ws/install/include/px4/px4/msg/detail/sensor_gyro_fifo__rosidl_typesupport_fastrtps_c.h
[892.001s] -- Symlinking: /repo/ws/install/include/px4/px4/msg/detail/sensor_hygrometer__rosidl_typesupport_fastrtps_c.h
[892.014s] -- Symlinking: /repo/ws/install/include/px4/px4/msg/detail/sensor_mag__rosidl_typesupport_fastrtps_c.h
[892.028s] -- Symlinking: /repo/ws/install/include/px4/px4/msg/detail/sensor_optical_flow__rosidl_typesupport_fastrtps_c.h
[892.044s] -- Symlinking: /repo/ws/install/include/px4/px4/msg/detail/sensor_preflight_mag__rosidl_typesupport_fastrtps_c.h
[892.058s] -- Symlinking: /repo/ws/install/include/px4/px4/msg/detail/sensor_selection__rosidl_typesupport_fastrtps_c.h
[892.072s] -- Symlinking: /repo/ws/install/include/px4/px4/msg/detail/sensor_uwb__rosidl_typesupport_fastrtps_c.h
[892.086s] -- Symlinking: /repo/ws/install/include/px4/px4/msg/detail/sensors_status__rosidl_typesupport_fastrtps_c.h
[892.100s] -- Symlinking: /repo/ws/install/include/px4/px4/msg/detail/sensors_status_imu__rosidl_typesupport_fastrtps_c.h
[892.115s] -- Symlinking: /repo/ws/install/include/px4/px4/msg/detail/system_power__rosidl_typesupport_fastrtps_c.h
[892.130s] -- Symlinking: /repo/ws/install/include/px4/px4/msg/detail/takeoff_status__rosidl_typesupport_fastrtps_c.h
[892.146s] -- Symlinking: /repo/ws/install/include/px4/px4/msg/detail/task_stack_info__rosidl_typesupport_fastrtps_c.h
[892.160s] -- Symlinking: /repo/ws/install/include/px4/px4/msg/detail/tecs_status__rosidl_typesupport_fastrtps_c.h
[892.174s] -- Symlinking: /repo/ws/install/include/px4/px4/msg/detail/telemetry_status__rosidl_typesupport_fastrtps_c.h
[892.188s] -- Symlinking: /repo/ws/install/include/px4/px4/msg/detail/tiltrotor_extra_controls__rosidl_typesupport_fastrtps_c.h
[892.201s] -- Symlinking: /repo/ws/install/include/px4/px4/msg/detail/timesync_status__rosidl_typesupport_fastrtps_c.h
[892.215s] -- Symlinking: /repo/ws/install/include/px4/px4/msg/detail/trajectory_setpoint6dof__rosidl_typesupport_fastrtps_c.h
[892.229s] -- Symlinking: /repo/ws/install/include/px4/px4/msg/detail/trajectory_setpoint__rosidl_typesupport_fastrtps_c.h
[892.244s] -- Symlinking: /repo/ws/install/include/px4/px4/msg/detail/transponder_report__rosidl_typesupport_fastrtps_c.h
[892.258s] -- Symlinking: /repo/ws/install/include/px4/px4/msg/detail/tune_control__rosidl_typesupport_fastrtps_c.h
[892.272s] -- Symlinking: /repo/ws/install/include/px4/px4/msg/detail/uavcan_parameter_request__rosidl_typesupport_fastrtps_c.h
[892.285s] -- Symlinking: /repo/ws/install/include/px4/px4/msg/detail/uavcan_parameter_value__rosidl_typesupport_fastrtps_c.h
[892.299s] -- Symlinking: /repo/ws/install/include/px4/px4/msg/detail/ulog_stream__rosidl_typesupport_fastrtps_c.h
[892.313s] -- Symlinking: /repo/ws/install/include/px4/px4/msg/detail/ulog_stream_ack__rosidl_typesupport_fastrtps_c.h
[892.327s] -- Symlinking: /repo/ws/install/include/px4/px4/msg/detail/unregister_ext_component__rosidl_typesupport_fastrtps_c.h
[892.343s] -- Symlinking: /repo/ws/install/include/px4/px4/msg/detail/vehicle_acceleration__rosidl_typesupport_fastrtps_c.h
[892.358s] -- Symlinking: /repo/ws/install/include/px4/px4/msg/detail/vehicle_air_data__rosidl_typesupport_fastrtps_c.h
[892.372s] -- Symlinking: /repo/ws/install/include/px4/px4/msg/detail/vehicle_angular_acceleration_setpoint__rosidl_typesupport_fastrtps_c.h
[892.387s] -- Symlinking: /repo/ws/install/include/px4/px4/msg/detail/vehicle_angular_velocity__rosidl_typesupport_fastrtps_c.h
[892.402s] -- Symlinking: /repo/ws/install/include/px4/px4/msg/detail/vehicle_attitude__rosidl_typesupport_fastrtps_c.h
[892.417s] -- Symlinking: /repo/ws/install/include/px4/px4/msg/detail/vehicle_attitude_setpoint__rosidl_typesupport_fastrtps_c.h
[892.430s] -- Symlinking: /repo/ws/install/include/px4/px4/msg/detail/vehicle_command__rosidl_typesupport_fastrtps_c.h
[892.446s] -- Symlinking: /repo/ws/install/include/px4/px4/msg/detail/vehicle_command_ack__rosidl_typesupport_fastrtps_c.h
[892.461s] -- Symlinking: /repo/ws/install/include/px4/px4/msg/detail/vehicle_constraints__rosidl_typesupport_fastrtps_c.h
[892.475s] -- Symlinking: /repo/ws/install/include/px4/px4/msg/detail/vehicle_control_mode__rosidl_typesupport_fastrtps_c.h
[892.489s] -- Symlinking: /repo/ws/install/include/px4/px4/msg/detail/vehicle_global_position__rosidl_typesupport_fastrtps_c.h
[892.504s] -- Symlinking: /repo/ws/install/include/px4/px4/msg/detail/vehicle_imu__rosidl_typesupport_fastrtps_c.h
[892.517s] -- Symlinking: /repo/ws/install/include/px4/px4/msg/detail/vehicle_imu_status__rosidl_typesupport_fastrtps_c.h
[892.532s] -- Symlinking: /repo/ws/install/include/px4/px4/msg/detail/vehicle_land_detected__rosidl_typesupport_fastrtps_c.h
[892.548s] -- Symlinking: /repo/ws/install/include/px4/px4/msg/detail/vehicle_local_position__rosidl_typesupport_fastrtps_c.h
[892.562s] -- Symlinking: /repo/ws/install/include/px4/px4/msg/detail/vehicle_local_position_setpoint__rosidl_typesupport_fastrtps_c.h
[892.576s] -- Symlinking: /repo/ws/install/include/px4/px4/msg/detail/vehicle_magnetometer__rosidl_typesupport_fastrtps_c.h
[892.589s] -- Symlinking: /repo/ws/install/include/px4/px4/msg/detail/vehicle_odometry__rosidl_typesupport_fastrtps_c.h
[892.603s] -- Symlinking: /repo/ws/install/include/px4/px4/msg/detail/vehicle_optical_flow__rosidl_typesupport_fastrtps_c.h
[892.616s] -- Symlinking: /repo/ws/install/include/px4/px4/msg/detail/vehicle_optical_flow_vel__rosidl_typesupport_fastrtps_c.h
[892.630s] -- Symlinking: /repo/ws/install/include/px4/px4/msg/detail/vehicle_rates_setpoint__rosidl_typesupport_fastrtps_c.h
[892.644s] -- Symlinking: /repo/ws/install/include/px4/px4/msg/detail/vehicle_roi__rosidl_typesupport_fastrtps_c.h
[892.658s] -- Symlinking: /repo/ws/install/include/px4/px4/msg/detail/vehicle_status__rosidl_typesupport_fastrtps_c.h
[892.672s] -- Symlinking: /repo/ws/install/include/px4/px4/msg/detail/vehicle_thrust_setpoint__rosidl_typesupport_fastrtps_c.h
[892.686s] -- Symlinking: /repo/ws/install/include/px4/px4/msg/detail/vehicle_torque_setpoint__rosidl_typesupport_fastrtps_c.h
[892.700s] -- Symlinking: /repo/ws/install/include/px4/px4/msg/detail/velocity_limits__rosidl_typesupport_fastrtps_c.h
[892.714s] -- Symlinking: /repo/ws/install/include/px4/px4/msg/detail/vtol_vehicle_status__rosidl_typesupport_fastrtps_c.h
[892.728s] -- Symlinking: /repo/ws/install/include/px4/px4/msg/detail/wheel_encoders__rosidl_typesupport_fastrtps_c.h
[892.742s] -- Symlinking: /repo/ws/install/include/px4/px4/msg/detail/wind__rosidl_typesupport_fastrtps_c.h
[892.756s] -- Symlinking: /repo/ws/install/include/px4/px4/msg/detail/yaw_estimator_status__rosidl_typesupport_fastrtps_c.h
[892.770s] -- Symlinking: /repo/ws/install/include/px4/px4/msg/rosidl_typesupport_fastrtps_c__visibility_control.h
[892.800s] -- Symlinking: /repo/ws/install/include/px4/px4/msg/ackermann_velocity_setpoint.hpp
[892.815s] -- Symlinking: /repo/ws/install/include/px4/px4/msg/action_request.hpp
[892.828s] -- Symlinking: /repo/ws/install/include/px4/px4/msg/actuator_armed.hpp
[892.842s] -- Symlinking: /repo/ws/install/include/px4/px4/msg/actuator_controls_status.hpp
[892.858s] -- Symlinking: /repo/ws/install/include/px4/px4/msg/actuator_motors.hpp
[892.872s] -- Symlinking: /repo/ws/install/include/px4/px4/msg/actuator_outputs.hpp
[892.887s] -- Symlinking: /repo/ws/install/include/px4/px4/msg/actuator_servos.hpp
[892.899s] -- Symlinking: /repo/ws/install/include/px4/px4/msg/actuator_servos_trim.hpp
[892.913s] -- Symlinking: /repo/ws/install/include/px4/px4/msg/actuator_test.hpp
[892.928s] -- Symlinking: /repo/ws/install/include/px4/px4/msg/adc_report.hpp
[892.943s] -- Symlinking: /repo/ws/install/include/px4/px4/msg/airspeed.hpp
[892.959s] -- Symlinking: /repo/ws/install/include/px4/px4/msg/airspeed_validated.hpp
[892.973s] -- Symlinking: /repo/ws/install/include/px4/px4/msg/airspeed_wind.hpp
[892.987s] -- Symlinking: /repo/ws/install/include/px4/px4/msg/arming_check_reply.hpp
[893.000s] -- Symlinking: /repo/ws/install/include/px4/px4/msg/arming_check_request.hpp
[893.014s] -- Symlinking: /repo/ws/install/include/px4/px4/msg/autotune_attitude_control_status.hpp
[893.028s] -- Symlinking: /repo/ws/install/include/px4/px4/msg/battery_status.hpp
[893.042s] -- Symlinking: /repo/ws/install/include/px4/px4/msg/button_event.hpp
[893.057s] -- Symlinking: /repo/ws/install/include/px4/px4/msg/camera_capture.hpp
[893.070s] -- Symlinking: /repo/ws/install/include/px4/px4/msg/camera_status.hpp
[893.084s] -- Symlinking: /repo/ws/install/include/px4/px4/msg/camera_trigger.hpp
[893.098s] -- Symlinking: /repo/ws/install/include/px4/px4/msg/can_interface_status.hpp
[893.112s] -- Symlinking: /repo/ws/install/include/px4/px4/msg/cellular_status.hpp
[893.125s] -- Symlinking: /repo/ws/install/include/px4/px4/msg/collision_constraints.hpp
[893.142s] -- Symlinking: /repo/ws/install/include/px4/px4/msg/config_overrides.hpp
[893.155s] -- Symlinking: /repo/ws/install/include/px4/px4/msg/control_allocator_status.hpp
[893.169s] -- Symlinking: /repo/ws/install/include/px4/px4/msg/cpuload.hpp
[893.183s] -- Symlinking: /repo/ws/install/include/px4/px4/msg/dataman_request.hpp
[893.197s] -- Symlinking: /repo/ws/install/include/px4/px4/msg/dataman_response.hpp
[893.211s] -- Symlinking: /repo/ws/install/include/px4/px4/msg/debug_array.hpp
[893.225s] -- Symlinking: /repo/ws/install/include/px4/px4/msg/debug_key_value.hpp
[893.238s] -- Symlinking: /repo/ws/install/include/px4/px4/msg/debug_value.hpp
[893.253s] -- Symlinking: /repo/ws/install/include/px4/px4/msg/debug_vect.hpp
[893.266s] -- Symlinking: /repo/ws/install/include/px4/px4/msg/detail/ackermann_velocity_setpoint__builder.hpp
[893.280s] -- Symlinking: /repo/ws/install/include/px4/px4/msg/detail/ackermann_velocity_setpoint__struct.hpp
[893.294s] -- Symlinking: /repo/ws/install/include/px4/px4/msg/detail/ackermann_velocity_setpoint__traits.hpp
[893.307s] -- Symlinking: /repo/ws/install/include/px4/px4/msg/detail/ackermann_velocity_setpoint__type_support.hpp
[893.322s] -- Symlinking: /repo/ws/install/include/px4/px4/msg/detail/action_request__builder.hpp
[893.335s] -- Symlinking: /repo/ws/install/include/px4/px4/msg/detail/action_request__struct.hpp
[893.351s] -- Symlinking: /repo/ws/install/include/px4/px4/msg/detail/action_request__traits.hpp
[893.365s] -- Symlinking: /repo/ws/install/include/px4/px4/msg/detail/action_request__type_support.hpp
[893.378s] -- Symlinking: /repo/ws/install/include/px4/px4/msg/detail/actuator_armed__builder.hpp
[893.393s] -- Symlinking: /repo/ws/install/include/px4/px4/msg/detail/actuator_armed__struct.hpp
[893.406s] -- Symlinking: /repo/ws/install/include/px4/px4/msg/detail/actuator_armed__traits.hpp
[893.420s] -- Symlinking: /repo/ws/install/include/px4/px4/msg/detail/actuator_armed__type_support.hpp
[893.433s] -- Symlinking: /repo/ws/install/include/px4/px4/msg/detail/actuator_controls_status__builder.hpp
[893.448s] -- Symlinking: /repo/ws/install/include/px4/px4/msg/detail/actuator_controls_status__struct.hpp
[893.462s] -- Symlinking: /repo/ws/install/include/px4/px4/msg/detail/actuator_controls_status__traits.hpp
[893.476s] -- Symlinking: /repo/ws/install/include/px4/px4/msg/detail/actuator_controls_status__type_support.hpp
[893.492s] -- Symlinking: /repo/ws/install/include/px4/px4/msg/detail/actuator_motors__builder.hpp
[893.505s] -- Symlinking: /repo/ws/install/include/px4/px4/msg/detail/actuator_motors__struct.hpp
[893.520s] -- Symlinking: /repo/ws/install/include/px4/px4/msg/detail/actuator_motors__traits.hpp
[893.534s] -- Symlinking: /repo/ws/install/include/px4/px4/msg/detail/actuator_motors__type_support.hpp
[893.551s] -- Symlinking: /repo/ws/install/include/px4/px4/msg/detail/actuator_outputs__builder.hpp
[893.565s] -- Symlinking: /repo/ws/install/include/px4/px4/msg/detail/actuator_outputs__struct.hpp
[893.579s] -- Symlinking: /repo/ws/install/include/px4/px4/msg/detail/actuator_outputs__traits.hpp
[893.593s] -- Symlinking: /repo/ws/install/include/px4/px4/msg/detail/actuator_outputs__type_support.hpp
[893.606s] -- Symlinking: /repo/ws/install/include/px4/px4/msg/detail/actuator_servos__builder.hpp
[893.620s] -- Symlinking: /repo/ws/install/include/px4/px4/msg/detail/actuator_servos__struct.hpp
[893.634s] -- Symlinking: /repo/ws/install/include/px4/px4/msg/detail/actuator_servos__traits.hpp
[893.649s] -- Symlinking: /repo/ws/install/include/px4/px4/msg/detail/actuator_servos__type_support.hpp
[893.663s] -- Symlinking: /repo/ws/install/include/px4/px4/msg/detail/actuator_servos_trim__builder.hpp
[893.677s] -- Symlinking: /repo/ws/install/include/px4/px4/msg/detail/actuator_servos_trim__struct.hpp
[893.691s] -- Symlinking: /repo/ws/install/include/px4/px4/msg/detail/actuator_servos_trim__traits.hpp
[893.704s] -- Symlinking: /repo/ws/install/include/px4/px4/msg/detail/actuator_servos_trim__type_support.hpp
[893.719s] -- Symlinking: /repo/ws/install/include/px4/px4/msg/detail/actuator_test__builder.hpp
[893.733s] -- Symlinking: /repo/ws/install/include/px4/px4/msg/detail/actuator_test__struct.hpp
[893.749s] -- Symlinking: /repo/ws/install/include/px4/px4/msg/detail/actuator_test__traits.hpp
[893.764s] -- Symlinking: /repo/ws/install/include/px4/px4/msg/detail/actuator_test__type_support.hpp
[893.778s] -- Symlinking: /repo/ws/install/include/px4/px4/msg/detail/adc_report__builder.hpp
[893.792s] -- Symlinking: /repo/ws/install/include/px4/px4/msg/detail/adc_report__struct.hpp
[893.806s] -- Symlinking: /repo/ws/install/include/px4/px4/msg/detail/adc_report__traits.hpp
[893.821s] -- Symlinking: /repo/ws/install/include/px4/px4/msg/detail/adc_report__type_support.hpp
[893.835s] -- Symlinking: /repo/ws/install/include/px4/px4/msg/detail/airspeed__builder.hpp
[893.851s] -- Symlinking: /repo/ws/install/include/px4/px4/msg/detail/airspeed__struct.hpp
[893.865s] -- Symlinking: /repo/ws/install/include/px4/px4/msg/detail/airspeed__traits.hpp
[893.880s] -- Symlinking: /repo/ws/install/include/px4/px4/msg/detail/airspeed__type_support.hpp
[893.894s] -- Symlinking: /repo/ws/install/include/px4/px4/msg/detail/airspeed_validated__builder.hpp
[893.909s] -- Symlinking: /repo/ws/install/include/px4/px4/msg/detail/airspeed_validated__struct.hpp
[893.924s] -- Symlinking: /repo/ws/install/include/px4/px4/msg/detail/airspeed_validated__traits.hpp
[893.938s] -- Symlinking: /repo/ws/install/include/px4/px4/msg/detail/airspeed_validated__type_support.hpp
[893.953s] -- Symlinking: /repo/ws/install/include/px4/px4/msg/detail/airspeed_wind__builder.hpp
[893.968s] -- Symlinking: /repo/ws/install/include/px4/px4/msg/detail/airspeed_wind__struct.hpp
[893.982s] -- Symlinking: /repo/ws/install/include/px4/px4/msg/detail/airspeed_wind__traits.hpp
[893.997s] -- Symlinking: /repo/ws/install/include/px4/px4/msg/detail/airspeed_wind__type_support.hpp
[894.012s] -- Symlinking: /repo/ws/install/include/px4/px4/msg/detail/arming_check_reply__builder.hpp
[894.026s] -- Symlinking: /repo/ws/install/include/px4/px4/msg/detail/arming_check_reply__struct.hpp
[894.040s] -- Symlinking: /repo/ws/install/include/px4/px4/msg/detail/arming_check_reply__traits.hpp
[894.056s] -- Symlinking: /repo/ws/install/include/px4/px4/msg/detail/arming_check_reply__type_support.hpp
[894.070s] -- Symlinking: /repo/ws/install/include/px4/px4/msg/detail/arming_check_request__builder.hpp
[894.085s] -- Symlinking: /repo/ws/install/include/px4/px4/msg/detail/arming_check_request__struct.hpp
[894.100s] -- Symlinking: /repo/ws/install/include/px4/px4/msg/detail/arming_check_request__traits.hpp
[894.114s] -- Symlinking: /repo/ws/install/include/px4/px4/msg/detail/arming_check_request__type_support.hpp
[894.129s] -- Symlinking: /repo/ws/install/include/px4/px4/msg/detail/autotune_attitude_control_status__builder.hpp
[894.143s] -- Symlinking: /repo/ws/install/include/px4/px4/msg/detail/autotune_attitude_control_status__struct.hpp
[894.163s] -- Symlinking: /repo/ws/install/include/px4/px4/msg/detail/autotune_attitude_control_status__traits.hpp
[894.179s] -- Symlinking: /repo/ws/install/include/px4/px4/msg/detail/autotune_attitude_control_status__type_support.hpp
[894.193s] -- Symlinking: /repo/ws/install/include/px4/px4/msg/detail/battery_status__builder.hpp
[894.208s] -- Symlinking: /repo/ws/install/include/px4/px4/msg/detail/battery_status__struct.hpp
[894.224s] -- Symlinking: /repo/ws/install/include/px4/px4/msg/detail/battery_status__traits.hpp
[894.237s] -- Symlinking: /repo/ws/install/include/px4/px4/msg/detail/battery_status__type_support.hpp
[894.253s] -- Symlinking: /repo/ws/install/include/px4/px4/msg/detail/button_event__builder.hpp
[894.268s] -- Symlinking: /repo/ws/install/include/px4/px4/msg/detail/button_event__struct.hpp
[894.283s] -- Symlinking: /repo/ws/install/include/px4/px4/msg/detail/button_event__traits.hpp
[894.297s] -- Symlinking: /repo/ws/install/include/px4/px4/msg/detail/button_event__type_support.hpp
[894.311s] -- Symlinking: /repo/ws/install/include/px4/px4/msg/detail/camera_capture__builder.hpp
[894.327s] -- Symlinking: /repo/ws/install/include/px4/px4/msg/detail/camera_capture__struct.hpp
[894.341s] -- Symlinking: /repo/ws/install/include/px4/px4/msg/detail/camera_capture__traits.hpp
[894.356s] -- Symlinking: /repo/ws/install/include/px4/px4/msg/detail/camera_capture__type_support.hpp
[894.370s] -- Symlinking: /repo/ws/install/include/px4/px4/msg/detail/camera_status__builder.hpp
[894.384s] -- Symlinking: /repo/ws/install/include/px4/px4/msg/detail/camera_status__struct.hpp
[894.398s] -- Symlinking: /repo/ws/install/include/px4/px4/msg/detail/camera_status__traits.hpp
[894.411s] -- Symlinking: /repo/ws/install/include/px4/px4/msg/detail/camera_status__type_support.hpp
[894.425s] -- Symlinking: /repo/ws/install/include/px4/px4/msg/detail/camera_trigger__builder.hpp
[894.439s] -- Symlinking: /repo/ws/install/include/px4/px4/msg/detail/camera_trigger__struct.hpp
[894.454s] -- Symlinking: /repo/ws/install/include/px4/px4/msg/detail/camera_trigger__traits.hpp
[894.468s] -- Symlinking: /repo/ws/install/include/px4/px4/msg/detail/camera_trigger__type_support.hpp
[894.481s] -- Symlinking: /repo/ws/install/include/px4/px4/msg/detail/can_interface_status__builder.hpp
[894.496s] -- Symlinking: /repo/ws/install/include/px4/px4/msg/detail/can_interface_status__struct.hpp
[894.509s] -- Symlinking: /repo/ws/install/include/px4/px4/msg/detail/can_interface_status__traits.hpp
[894.523s] -- Symlinking: /repo/ws/install/include/px4/px4/msg/detail/can_interface_status__type_support.hpp
[894.537s] -- Symlinking: /repo/ws/install/include/px4/px4/msg/detail/cellular_status__builder.hpp
[894.551s] -- Symlinking: /repo/ws/install/include/px4/px4/msg/detail/cellular_status__struct.hpp
[894.568s] -- Symlinking: /repo/ws/install/include/px4/px4/msg/detail/cellular_status__traits.hpp
[894.582s] -- Symlinking: /repo/ws/install/include/px4/px4/msg/detail/cellular_status__type_support.hpp
[894.596s] -- Symlinking: /repo/ws/install/include/px4/px4/msg/detail/collision_constraints__builder.hpp
[894.609s] -- Symlinking: /repo/ws/install/include/px4/px4/msg/detail/collision_constraints__struct.hpp
[894.623s] -- Symlinking: /repo/ws/install/include/px4/px4/msg/detail/collision_constraints__traits.hpp
[894.637s] -- Symlinking: /repo/ws/install/include/px4/px4/msg/detail/collision_constraints__type_support.hpp
[894.652s] -- Symlinking: /repo/ws/install/include/px4/px4/msg/detail/config_overrides__builder.hpp
[894.666s] -- Symlinking: /repo/ws/install/include/px4/px4/msg/detail/config_overrides__struct.hpp
[894.680s] -- Symlinking: /repo/ws/install/include/px4/px4/msg/detail/config_overrides__traits.hpp
[894.693s] -- Symlinking: /repo/ws/install/include/px4/px4/msg/detail/config_overrides__type_support.hpp
[894.707s] -- Symlinking: /repo/ws/install/include/px4/px4/msg/detail/control_allocator_status__builder.hpp
[894.721s] -- Symlinking: /repo/ws/install/include/px4/px4/msg/detail/control_allocator_status__struct.hpp
[894.735s] -- Symlinking: /repo/ws/install/include/px4/px4/msg/detail/control_allocator_status__traits.hpp
[894.750s] -- Symlinking: /repo/ws/install/include/px4/px4/msg/detail/control_allocator_status__type_support.hpp
[894.764s] -- Symlinking: /repo/ws/install/include/px4/px4/msg/detail/cpuload__builder.hpp
[894.778s] -- Symlinking: /repo/ws/install/include/px4/px4/msg/detail/cpuload__struct.hpp
[894.792s] -- Symlinking: /repo/ws/install/include/px4/px4/msg/detail/cpuload__traits.hpp
[894.805s] -- Symlinking: /repo/ws/install/include/px4/px4/msg/detail/cpuload__type_support.hpp
[894.819s] -- Symlinking: /repo/ws/install/include/px4/px4/msg/detail/dataman_request__builder.hpp
[894.833s] -- Symlinking: /repo/ws/install/include/px4/px4/msg/detail/dataman_request__struct.hpp
[894.848s] -- Symlinking: /repo/ws/install/include/px4/px4/msg/detail/dataman_request__traits.hpp
[894.862s] -- Symlinking: /repo/ws/install/include/px4/px4/msg/detail/dataman_request__type_support.hpp
[894.876s] -- Symlinking: /repo/ws/install/include/px4/px4/msg/detail/dataman_response__builder.hpp
[894.889s] -- Symlinking: /repo/ws/install/include/px4/px4/msg/detail/dataman_response__struct.hpp
[894.903s] -- Symlinking: /repo/ws/install/include/px4/px4/msg/detail/dataman_response__traits.hpp
[894.917s] -- Symlinking: /repo/ws/install/include/px4/px4/msg/detail/dataman_response__type_support.hpp
[894.931s] -- Symlinking: /repo/ws/install/include/px4/px4/msg/detail/debug_array__builder.hpp
[894.946s] -- Symlinking: /repo/ws/install/include/px4/px4/msg/detail/debug_array__struct.hpp
[894.961s] -- Symlinking: /repo/ws/install/include/px4/px4/msg/detail/debug_array__traits.hpp
[894.975s] -- Symlinking: /repo/ws/install/include/px4/px4/msg/detail/debug_array__type_support.hpp
[894.989s] -- Symlinking: /repo/ws/install/include/px4/px4/msg/detail/debug_key_value__builder.hpp
[895.003s] -- Symlinking: /repo/ws/install/include/px4/px4/msg/detail/debug_key_value__struct.hpp
[895.017s] -- Symlinking: /repo/ws/install/include/px4/px4/msg/detail/debug_key_value__traits.hpp
[895.031s] -- Symlinking: /repo/ws/install/include/px4/px4/msg/detail/debug_key_value__type_support.hpp
[895.046s] -- Symlinking: /repo/ws/install/include/px4/px4/msg/detail/debug_value__builder.hpp
[895.060s] -- Symlinking: /repo/ws/install/include/px4/px4/msg/detail/debug_value__struct.hpp
[895.074s] -- Symlinking: /repo/ws/install/include/px4/px4/msg/detail/debug_value__traits.hpp
[895.087s] -- Symlinking: /repo/ws/install/include/px4/px4/msg/detail/debug_value__type_support.hpp
[895.101s] -- Symlinking: /repo/ws/install/include/px4/px4/msg/detail/debug_vect__builder.hpp
[895.115s] -- Symlinking: /repo/ws/install/include/px4/px4/msg/detail/debug_vect__struct.hpp
[895.129s] -- Symlinking: /repo/ws/install/include/px4/px4/msg/detail/debug_vect__traits.hpp
[895.142s] -- Symlinking: /repo/ws/install/include/px4/px4/msg/detail/debug_vect__type_support.hpp
[895.158s] -- Symlinking: /repo/ws/install/include/px4/px4/msg/detail/differential_pressure__builder.hpp
[895.172s] -- Symlinking: /repo/ws/install/include/px4/px4/msg/detail/differential_pressure__struct.hpp
[895.186s] -- Symlinking: /repo/ws/install/include/px4/px4/msg/detail/differential_pressure__traits.hpp
[895.200s] -- Symlinking: /repo/ws/install/include/px4/px4/msg/detail/differential_pressure__type_support.hpp
[895.214s] -- Symlinking: /repo/ws/install/include/px4/px4/msg/detail/differential_velocity_setpoint__builder.hpp
[895.228s] -- Symlinking: /repo/ws/install/include/px4/px4/msg/detail/differential_velocity_setpoint__struct.hpp
[895.241s] -- Symlinking: /repo/ws/install/include/px4/px4/msg/detail/differential_velocity_setpoint__traits.hpp
[895.256s] -- Symlinking: /repo/ws/install/include/px4/px4/msg/detail/differential_velocity_setpoint__type_support.hpp
[895.269s] -- Symlinking: /repo/ws/install/include/px4/px4/msg/detail/distance_sensor__builder.hpp
[895.284s] -- Symlinking: /repo/ws/install/include/px4/px4/msg/detail/distance_sensor__struct.hpp
[895.297s] -- Symlinking: /repo/ws/install/include/px4/px4/msg/detail/distance_sensor__traits.hpp
[895.310s] -- Symlinking: /repo/ws/install/include/px4/px4/msg/detail/distance_sensor__type_support.hpp
[895.324s] -- Symlinking: /repo/ws/install/include/px4/px4/msg/detail/distance_sensor_mode_change_request__builder.hpp
[895.339s] -- Symlinking: /repo/ws/install/include/px4/px4/msg/detail/distance_sensor_mode_change_request__struct.hpp
[895.353s] -- Symlinking: /repo/ws/install/include/px4/px4/msg/detail/distance_sensor_mode_change_request__traits.hpp
[895.367s] -- Symlinking: /repo/ws/install/include/px4/px4/msg/detail/distance_sensor_mode_change_request__type_support.hpp
[895.381s] -- Symlinking: /repo/ws/install/include/px4/px4/msg/detail/ekf2_timestamps__builder.hpp
[895.395s] -- Symlinking: /repo/ws/install/include/px4/px4/msg/detail/ekf2_timestamps__struct.hpp
[895.410s] -- Symlinking: /repo/ws/install/include/px4/px4/msg/detail/ekf2_timestamps__traits.hpp
[895.425s] -- Symlinking: /repo/ws/install/include/px4/px4/msg/detail/ekf2_timestamps__type_support.hpp
[895.439s] -- Symlinking: /repo/ws/install/include/px4/px4/msg/detail/esc_report__builder.hpp
[895.455s] -- Symlinking: /repo/ws/install/include/px4/px4/msg/detail/esc_report__struct.hpp
[895.469s] -- Symlinking: /repo/ws/install/include/px4/px4/msg/detail/esc_report__traits.hpp
[895.484s] -- Symlinking: /repo/ws/install/include/px4/px4/msg/detail/esc_report__type_support.hpp
[895.499s] -- Symlinking: /repo/ws/install/include/px4/px4/msg/detail/esc_status__builder.hpp
[895.513s] -- Symlinking: /repo/ws/install/include/px4/px4/msg/detail/esc_status__struct.hpp
[895.526s] -- Symlinking: /repo/ws/install/include/px4/px4/msg/detail/esc_status__traits.hpp
[895.540s] -- Symlinking: /repo/ws/install/include/px4/px4/msg/detail/esc_status__type_support.hpp
[895.555s] -- Symlinking: /repo/ws/install/include/px4/px4/msg/detail/estimator_aid_source1d__builder.hpp
[895.568s] -- Symlinking: /repo/ws/install/include/px4/px4/msg/detail/estimator_aid_source1d__struct.hpp
[895.582s] -- Symlinking: /repo/ws/install/include/px4/px4/msg/detail/estimator_aid_source1d__traits.hpp
[895.596s] -- Symlinking: /repo/ws/install/include/px4/px4/msg/detail/estimator_aid_source1d__type_support.hpp
[895.611s] -- Symlinking: /repo/ws/install/include/px4/px4/msg/detail/estimator_aid_source2d__builder.hpp
[895.626s] -- Symlinking: /repo/ws/install/include/px4/px4/msg/detail/estimator_aid_source2d__struct.hpp
[895.641s] -- Symlinking: /repo/ws/install/include/px4/px4/msg/detail/estimator_aid_source2d__traits.hpp
[895.656s] -- Symlinking: /repo/ws/install/include/px4/px4/msg/detail/estimator_aid_source2d__type_support.hpp
[895.669s] -- Symlinking: /repo/ws/install/include/px4/px4/msg/detail/estimator_aid_source3d__builder.hpp
[895.683s] -- Symlinking: /repo/ws/install/include/px4/px4/msg/detail/estimator_aid_source3d__struct.hpp
[895.697s] -- Symlinking: /repo/ws/install/include/px4/px4/msg/detail/estimator_aid_source3d__traits.hpp
[895.711s] -- Symlinking: /repo/ws/install/include/px4/px4/msg/detail/estimator_aid_source3d__type_support.hpp
[895.724s] -- Symlinking: /repo/ws/install/include/px4/px4/msg/detail/estimator_bias3d__builder.hpp
[895.738s] -- Symlinking: /repo/ws/install/include/px4/px4/msg/detail/estimator_bias3d__struct.hpp
[895.753s] -- Symlinking: /repo/ws/install/include/px4/px4/msg/detail/estimator_bias3d__traits.hpp
[895.768s] -- Symlinking: /repo/ws/install/include/px4/px4/msg/detail/estimator_bias3d__type_support.hpp
[895.781s] -- Symlinking: /repo/ws/install/include/px4/px4/msg/detail/estimator_bias__builder.hpp
[895.795s] -- Symlinking: /repo/ws/install/include/px4/px4/msg/detail/estimator_bias__struct.hpp
[895.809s] -- Symlinking: /repo/ws/install/include/px4/px4/msg/detail/estimator_bias__traits.hpp
[895.823s] -- Symlinking: /repo/ws/install/include/px4/px4/msg/detail/estimator_bias__type_support.hpp
[895.837s] -- Symlinking: /repo/ws/install/include/px4/px4/msg/detail/estimator_event_flags__builder.hpp
[895.852s] -- Symlinking: /repo/ws/install/include/px4/px4/msg/detail/estimator_event_flags__struct.hpp
[895.866s] -- Symlinking: /repo/ws/install/include/px4/px4/msg/detail/estimator_event_flags__traits.hpp
[895.879s] -- Symlinking: /repo/ws/install/include/px4/px4/msg/detail/estimator_event_flags__type_support.hpp
[895.894s] -- Symlinking: /repo/ws/install/include/px4/px4/msg/detail/estimator_gps_status__builder.hpp
[895.908s] -- Symlinking: /repo/ws/install/include/px4/px4/msg/detail/estimator_gps_status__struct.hpp
[895.923s] -- Symlinking: /repo/ws/install/include/px4/px4/msg/detail/estimator_gps_status__traits.hpp
[895.938s] -- Symlinking: /repo/ws/install/include/px4/px4/msg/detail/estimator_gps_status__type_support.hpp
[895.955s] -- Symlinking: /repo/ws/install/include/px4/px4/msg/detail/estimator_innovations__builder.hpp
[895.970s] -- Symlinking: /repo/ws/install/include/px4/px4/msg/detail/estimator_innovations__struct.hpp
[895.986s] -- Symlinking: /repo/ws/install/include/px4/px4/msg/detail/estimator_innovations__traits.hpp
[895.999s] -- Symlinking: /repo/ws/install/include/px4/px4/msg/detail/estimator_innovations__type_support.hpp
[896.015s] -- Symlinking: /repo/ws/install/include/px4/px4/msg/detail/estimator_selector_status__builder.hpp
[896.029s] -- Symlinking: /repo/ws/install/include/px4/px4/msg/detail/estimator_selector_status__struct.hpp
[896.044s] -- Symlinking: /repo/ws/install/include/px4/px4/msg/detail/estimator_selector_status__traits.hpp
[896.060s] -- Symlinking: /repo/ws/install/include/px4/px4/msg/detail/estimator_selector_status__type_support.hpp
[896.078s] -- Symlinking: /repo/ws/install/include/px4/px4/msg/detail/estimator_sensor_bias__builder.hpp
[896.093s] -- Symlinking: /repo/ws/install/include/px4/px4/msg/detail/estimator_sensor_bias__struct.hpp
[896.109s] -- Symlinking: /repo/ws/install/include/px4/px4/msg/detail/estimator_sensor_bias__traits.hpp
[896.127s] -- Symlinking: /repo/ws/install/include/px4/px4/msg/detail/estimator_sensor_bias__type_support.hpp
[896.144s] -- Symlinking: /repo/ws/install/include/px4/px4/msg/detail/estimator_states__builder.hpp
[896.162s] -- Symlinking: /repo/ws/install/include/px4/px4/msg/detail/estimator_states__struct.hpp
[896.179s] -- Symlinking: /repo/ws/install/include/px4/px4/msg/detail/estimator_states__traits.hpp
[896.196s] -- Symlinking: /repo/ws/install/include/px4/px4/msg/detail/estimator_states__type_support.hpp
[896.211s] -- Symlinking: /repo/ws/install/include/px4/px4/msg/detail/estimator_status__builder.hpp
[896.226s] -- Symlinking: /repo/ws/install/include/px4/px4/msg/detail/estimator_status__struct.hpp
[896.240s] -- Symlinking: /repo/ws/install/include/px4/px4/msg/detail/estimator_status__traits.hpp
[896.257s] -- Symlinking: /repo/ws/install/include/px4/px4/msg/detail/estimator_status__type_support.hpp
[896.272s] -- Symlinking: /repo/ws/install/include/px4/px4/msg/detail/estimator_status_flags__builder.hpp
[896.287s] -- Symlinking: /repo/ws/install/include/px4/px4/msg/detail/estimator_status_flags__struct.hpp
[896.301s] -- Symlinking: /repo/ws/install/include/px4/px4/msg/detail/estimator_status_flags__traits.hpp
[896.316s] -- Symlinking: /repo/ws/install/include/px4/px4/msg/detail/estimator_status_flags__type_support.hpp
[896.330s] -- Symlinking: /repo/ws/install/include/px4/px4/msg/detail/event__builder.hpp
[896.344s] -- Symlinking: /repo/ws/install/include/px4/px4/msg/detail/event__struct.hpp
[896.360s] -- Symlinking: /repo/ws/install/include/px4/px4/msg/detail/event__traits.hpp
[896.374s] -- Symlinking: /repo/ws/install/include/px4/px4/msg/detail/event__type_support.hpp
[896.389s] -- Symlinking: /repo/ws/install/include/px4/px4/msg/detail/failsafe_flags__builder.hpp
[896.402s] -- Symlinking: /repo/ws/install/include/px4/px4/msg/detail/failsafe_flags__struct.hpp
[896.417s] -- Symlinking: /repo/ws/install/include/px4/px4/msg/detail/failsafe_flags__traits.hpp
[896.431s] -- Symlinking: /repo/ws/install/include/px4/px4/msg/detail/failsafe_flags__type_support.hpp
[896.446s] -- Symlinking: /repo/ws/install/include/px4/px4/msg/detail/failure_detector_status__builder.hpp
[896.460s] -- Symlinking: /repo/ws/install/include/px4/px4/msg/detail/failure_detector_status__struct.hpp
[896.474s] -- Symlinking: /repo/ws/install/include/px4/px4/msg/detail/failure_detector_status__traits.hpp
[896.488s] -- Symlinking: /repo/ws/install/include/px4/px4/msg/detail/failure_detector_status__type_support.hpp
[896.502s] -- Symlinking: /repo/ws/install/include/px4/px4/msg/detail/figure_eight_status__builder.hpp
[896.517s] -- Symlinking: /repo/ws/install/include/px4/px4/msg/detail/figure_eight_status__struct.hpp
[896.532s] -- Symlinking: /repo/ws/install/include/px4/px4/msg/detail/figure_eight_status__traits.hpp
[896.548s] -- Symlinking: /repo/ws/install/include/px4/px4/msg/detail/figure_eight_status__type_support.hpp
[896.562s] -- Symlinking: /repo/ws/install/include/px4/px4/msg/detail/flight_phase_estimation__builder.hpp
[896.577s] -- Symlinking: /repo/ws/install/include/px4/px4/msg/detail/flight_phase_estimation__struct.hpp
[896.590s] -- Symlinking: /repo/ws/install/include/px4/px4/msg/detail/flight_phase_estimation__traits.hpp
[896.605s] -- Symlinking: /repo/ws/install/include/px4/px4/msg/detail/flight_phase_estimation__type_support.hpp
[896.618s] -- Symlinking: /repo/ws/install/include/px4/px4/msg/detail/follow_target__builder.hpp
[896.633s] -- Symlinking: /repo/ws/install/include/px4/px4/msg/detail/follow_target__struct.hpp
[896.648s] -- Symlinking: /repo/ws/install/include/px4/px4/msg/detail/follow_target__traits.hpp
[896.663s] -- Symlinking: /repo/ws/install/include/px4/px4/msg/detail/follow_target__type_support.hpp
[896.678s] -- Symlinking: /repo/ws/install/include/px4/px4/msg/detail/follow_target_estimator__builder.hpp
[896.693s] -- Symlinking: /repo/ws/install/include/px4/px4/msg/detail/follow_target_estimator__struct.hpp
[896.707s] -- Symlinking: /repo/ws/install/include/px4/px4/msg/detail/follow_target_estimator__traits.hpp
[896.721s] -- Symlinking: /repo/ws/install/include/px4/px4/msg/detail/follow_target_estimator__type_support.hpp
[896.735s] -- Symlinking: /repo/ws/install/include/px4/px4/msg/detail/follow_target_status__builder.hpp
[896.750s] -- Symlinking: /repo/ws/install/include/px4/px4/msg/detail/follow_target_status__struct.hpp
[896.764s] -- Symlinking: /repo/ws/install/include/px4/px4/msg/detail/follow_target_status__traits.hpp
[896.782s] -- Symlinking: /repo/ws/install/include/px4/px4/msg/detail/follow_target_status__type_support.hpp
[896.796s] -- Symlinking: /repo/ws/install/include/px4/px4/msg/detail/fuel_tank_status__builder.hpp
[896.809s] -- Symlinking: /repo/ws/install/include/px4/px4/msg/detail/fuel_tank_status__struct.hpp
[896.824s] -- Symlinking: /repo/ws/install/include/px4/px4/msg/detail/fuel_tank_status__traits.hpp
[896.838s] -- Symlinking: /repo/ws/install/include/px4/px4/msg/detail/fuel_tank_status__type_support.hpp
[896.854s] -- Symlinking: /repo/ws/install/include/px4/px4/msg/detail/generator_status__builder.hpp
[896.869s] -- Symlinking: /repo/ws/install/include/px4/px4/msg/detail/generator_status__struct.hpp
[896.884s] -- Symlinking: /repo/ws/install/include/px4/px4/msg/detail/generator_status__traits.hpp
[896.899s] -- Symlinking: /repo/ws/install/include/px4/px4/msg/detail/generator_status__type_support.hpp
[896.913s] -- Symlinking: /repo/ws/install/include/px4/px4/msg/detail/geofence_result__builder.hpp
[896.928s] -- Symlinking: /repo/ws/install/include/px4/px4/msg/detail/geofence_result__struct.hpp
[896.942s] -- Symlinking: /repo/ws/install/include/px4/px4/msg/detail/geofence_result__traits.hpp
[896.958s] -- Symlinking: /repo/ws/install/include/px4/px4/msg/detail/geofence_result__type_support.hpp
[896.973s] -- Symlinking: /repo/ws/install/include/px4/px4/msg/detail/geofence_status__builder.hpp
[896.987s] -- Symlinking: /repo/ws/install/include/px4/px4/msg/detail/geofence_status__struct.hpp
[897.002s] -- Symlinking: /repo/ws/install/include/px4/px4/msg/detail/geofence_status__traits.hpp
[897.017s] -- Symlinking: /repo/ws/install/include/px4/px4/msg/detail/geofence_status__type_support.hpp
[897.031s] -- Symlinking: /repo/ws/install/include/px4/px4/msg/detail/gimbal_controls__builder.hpp
[897.046s] -- Symlinking: /repo/ws/install/include/px4/px4/msg/detail/gimbal_controls__struct.hpp
[897.062s] -- Symlinking: /repo/ws/install/include/px4/px4/msg/detail/gimbal_controls__traits.hpp
[897.075s] -- Symlinking: /repo/ws/install/include/px4/px4/msg/detail/gimbal_controls__type_support.hpp
[897.089s] -- Symlinking: /repo/ws/install/include/px4/px4/msg/detail/gimbal_device_attitude_status__builder.hpp
[897.103s] -- Symlinking: /repo/ws/install/include/px4/px4/msg/detail/gimbal_device_attitude_status__struct.hpp
[897.119s] -- Symlinking: /repo/ws/install/include/px4/px4/msg/detail/gimbal_device_attitude_status__traits.hpp
[897.134s] -- Symlinking: /repo/ws/install/include/px4/px4/msg/detail/gimbal_device_attitude_status__type_support.hpp
[897.151s] -- Symlinking: /repo/ws/install/include/px4/px4/msg/detail/gimbal_device_information__builder.hpp
[897.164s] -- Symlinking: /repo/ws/install/include/px4/px4/msg/detail/gimbal_device_information__struct.hpp
[897.178s] -- Symlinking: /repo/ws/install/include/px4/px4/msg/detail/gimbal_device_information__traits.hpp
[897.194s] -- Symlinking: /repo/ws/install/include/px4/px4/msg/detail/gimbal_device_information__type_support.hpp
[897.207s] -- Symlinking: /repo/ws/install/include/px4/px4/msg/detail/gimbal_device_set_attitude__builder.hpp
[897.222s] -- Symlinking: /repo/ws/install/include/px4/px4/msg/detail/gimbal_device_set_attitude__struct.hpp
[897.237s] -- Symlinking: /repo/ws/install/include/px4/px4/msg/detail/gimbal_device_set_attitude__traits.hpp
[897.254s] -- Symlinking: /repo/ws/install/include/px4/px4/msg/detail/gimbal_device_set_attitude__type_support.hpp
[897.269s] -- Symlinking: /repo/ws/install/include/px4/px4/msg/detail/gimbal_manager_information__builder.hpp
[897.282s] -- Symlinking: /repo/ws/install/include/px4/px4/msg/detail/gimbal_manager_information__struct.hpp
[897.297s] -- Symlinking: /repo/ws/install/include/px4/px4/msg/detail/gimbal_manager_information__traits.hpp
[897.311s] -- Symlinking: /repo/ws/install/include/px4/px4/msg/detail/gimbal_manager_information__type_support.hpp
[897.324s] -- Symlinking: /repo/ws/install/include/px4/px4/msg/detail/gimbal_manager_set_attitude__builder.hpp
[897.338s] -- Symlinking: /repo/ws/install/include/px4/px4/msg/detail/gimbal_manager_set_attitude__struct.hpp
[897.353s] -- Symlinking: /repo/ws/install/include/px4/px4/msg/detail/gimbal_manager_set_attitude__traits.hpp
[897.367s] -- Symlinking: /repo/ws/install/include/px4/px4/msg/detail/gimbal_manager_set_attitude__type_support.hpp
[897.380s] -- Symlinking: /repo/ws/install/include/px4/px4/msg/detail/gimbal_manager_set_manual_control__builder.hpp
[897.394s] -- Symlinking: /repo/ws/install/include/px4/px4/msg/detail/gimbal_manager_set_manual_control__struct.hpp
[897.407s] -- Symlinking: /repo/ws/install/include/px4/px4/msg/detail/gimbal_manager_set_manual_control__traits.hpp
[897.421s] -- Symlinking: /repo/ws/install/include/px4/px4/msg/detail/gimbal_manager_set_manual_control__type_support.hpp
[897.435s] -- Symlinking: /repo/ws/install/include/px4/px4/msg/detail/gimbal_manager_status__builder.hpp
[897.449s] -- Symlinking: /repo/ws/install/include/px4/px4/msg/detail/gimbal_manager_status__struct.hpp
[897.463s] -- Symlinking: /repo/ws/install/include/px4/px4/msg/detail/gimbal_manager_status__traits.hpp
[897.477s] -- Symlinking: /repo/ws/install/include/px4/px4/msg/detail/gimbal_manager_status__type_support.hpp
[897.490s] -- Symlinking: /repo/ws/install/include/px4/px4/msg/detail/goto_setpoint__builder.hpp
[897.503s] -- Symlinking: /repo/ws/install/include/px4/px4/msg/detail/goto_setpoint__struct.hpp
[897.517s] -- Symlinking: /repo/ws/install/include/px4/px4/msg/detail/goto_setpoint__traits.hpp
[897.531s] -- Symlinking: /repo/ws/install/include/px4/px4/msg/detail/goto_setpoint__type_support.hpp
[897.544s] -- Symlinking: /repo/ws/install/include/px4/px4/msg/detail/gpio_config__builder.hpp
[897.561s] -- Symlinking: /repo/ws/install/include/px4/px4/msg/detail/gpio_config__struct.hpp
[897.575s] -- Symlinking: /repo/ws/install/include/px4/px4/msg/detail/gpio_config__traits.hpp
[897.588s] -- Symlinking: /repo/ws/install/include/px4/px4/msg/detail/gpio_config__type_support.hpp
[897.603s] -- Symlinking: /repo/ws/install/include/px4/px4/msg/detail/gpio_in__builder.hpp
[897.618s] -- Symlinking: /repo/ws/install/include/px4/px4/msg/detail/gpio_in__struct.hpp
[897.632s] -- Symlinking: /repo/ws/install/include/px4/px4/msg/detail/gpio_in__traits.hpp
[897.646s] -- Symlinking: /repo/ws/install/include/px4/px4/msg/detail/gpio_in__type_support.hpp
[897.661s] -- Symlinking: /repo/ws/install/include/px4/px4/msg/detail/gpio_out__builder.hpp
[897.676s] -- Symlinking: /repo/ws/install/include/px4/px4/msg/detail/gpio_out__struct.hpp
[897.690s] -- Symlinking: /repo/ws/install/include/px4/px4/msg/detail/gpio_out__traits.hpp
[897.705s] -- Symlinking: /repo/ws/install/include/px4/px4/msg/detail/gpio_out__type_support.hpp
[897.719s] -- Symlinking: /repo/ws/install/include/px4/px4/msg/detail/gpio_request__builder.hpp
[897.733s] -- Symlinking: /repo/ws/install/include/px4/px4/msg/detail/gpio_request__struct.hpp
[897.748s] -- Symlinking: /repo/ws/install/include/px4/px4/msg/detail/gpio_request__traits.hpp
[897.761s] -- Symlinking: /repo/ws/install/include/px4/px4/msg/detail/gpio_request__type_support.hpp
[897.776s] -- Symlinking: /repo/ws/install/include/px4/px4/msg/detail/gps_dump__builder.hpp
[897.790s] -- Symlinking: /repo/ws/install/include/px4/px4/msg/detail/gps_dump__struct.hpp
[897.804s] -- Symlinking: /repo/ws/install/include/px4/px4/msg/detail/gps_dump__traits.hpp
[897.818s] -- Symlinking: /repo/ws/install/include/px4/px4/msg/detail/gps_dump__type_support.hpp
[897.832s] -- Symlinking: /repo/ws/install/include/px4/px4/msg/detail/gps_inject_data__builder.hpp
[897.846s] -- Symlinking: /repo/ws/install/include/px4/px4/msg/detail/gps_inject_data__struct.hpp
[897.860s] -- Symlinking: /repo/ws/install/include/px4/px4/msg/detail/gps_inject_data__traits.hpp
[897.874s] -- Symlinking: /repo/ws/install/include/px4/px4/msg/detail/gps_inject_data__type_support.hpp
[897.888s] -- Symlinking: /repo/ws/install/include/px4/px4/msg/detail/gripper__builder.hpp
[897.901s] -- Symlinking: /repo/ws/install/include/px4/px4/msg/detail/gripper__struct.hpp
[897.915s] -- Symlinking: /repo/ws/install/include/px4/px4/msg/detail/gripper__traits.hpp
[897.928s] -- Symlinking: /repo/ws/install/include/px4/px4/msg/detail/gripper__type_support.hpp
[897.942s] -- Symlinking: /repo/ws/install/include/px4/px4/msg/detail/health_report__builder.hpp
[897.957s] -- Symlinking: /repo/ws/install/include/px4/px4/msg/detail/health_report__struct.hpp
[897.971s] -- Symlinking: /repo/ws/install/include/px4/px4/msg/detail/health_report__traits.hpp
[897.984s] -- Symlinking: /repo/ws/install/include/px4/px4/msg/detail/health_report__type_support.hpp
[897.998s] -- Symlinking: /repo/ws/install/include/px4/px4/msg/detail/heater_status__builder.hpp
[898.012s] -- Symlinking: /repo/ws/install/include/px4/px4/msg/detail/heater_status__struct.hpp
[898.027s] -- Symlinking: /repo/ws/install/include/px4/px4/msg/detail/heater_status__traits.hpp
[898.040s] -- Symlinking: /repo/ws/install/include/px4/px4/msg/detail/heater_status__type_support.hpp
[898.055s] -- Symlinking: /repo/ws/install/include/px4/px4/msg/detail/home_position__builder.hpp
[898.069s] -- Symlinking: /repo/ws/install/include/px4/px4/msg/detail/home_position__struct.hpp
[898.083s] -- Symlinking: /repo/ws/install/include/px4/px4/msg/detail/home_position__traits.hpp
[898.096s] -- Symlinking: /repo/ws/install/include/px4/px4/msg/detail/home_position__type_support.hpp
[898.110s] -- Symlinking: /repo/ws/install/include/px4/px4/msg/detail/hover_thrust_estimate__builder.hpp
[898.123s] -- Symlinking: /repo/ws/install/include/px4/px4/msg/detail/hover_thrust_estimate__struct.hpp
[898.138s] -- Symlinking: /repo/ws/install/include/px4/px4/msg/detail/hover_thrust_estimate__traits.hpp
[898.153s] -- Symlinking: /repo/ws/install/include/px4/px4/msg/detail/hover_thrust_estimate__type_support.hpp
[898.170s] -- Symlinking: /repo/ws/install/include/px4/px4/msg/detail/input_rc__builder.hpp
[898.186s] -- Symlinking: /repo/ws/install/include/px4/px4/msg/detail/input_rc__struct.hpp
[898.200s] -- Symlinking: /repo/ws/install/include/px4/px4/msg/detail/input_rc__traits.hpp
[898.213s] -- Symlinking: /repo/ws/install/include/px4/px4/msg/detail/input_rc__type_support.hpp
[898.228s] -- Symlinking: /repo/ws/install/include/px4/px4/msg/detail/internal_combustion_engine_control__builder.hpp
[898.242s] -- Symlinking: /repo/ws/install/include/px4/px4/msg/detail/internal_combustion_engine_control__struct.hpp
[898.257s] -- Symlinking: /repo/ws/install/include/px4/px4/msg/detail/internal_combustion_engine_control__traits.hpp
[898.271s] -- Symlinking: /repo/ws/install/include/px4/px4/msg/detail/internal_combustion_engine_control__type_support.hpp
[898.285s] -- Symlinking: /repo/ws/install/include/px4/px4/msg/detail/internal_combustion_engine_status__builder.hpp
[898.298s] -- Symlinking: /repo/ws/install/include/px4/px4/msg/detail/internal_combustion_engine_status__struct.hpp
[898.312s] -- Symlinking: /repo/ws/install/include/px4/px4/msg/detail/internal_combustion_engine_status__traits.hpp
[898.325s] -- Symlinking: /repo/ws/install/include/px4/px4/msg/detail/internal_combustion_engine_status__type_support.hpp
[898.339s] -- Symlinking: /repo/ws/install/include/px4/px4/msg/detail/iridiumsbd_status__builder.hpp
[898.354s] -- Symlinking: /repo/ws/install/include/px4/px4/msg/detail/iridiumsbd_status__struct.hpp
[898.368s] -- Symlinking: /repo/ws/install/include/px4/px4/msg/detail/iridiumsbd_status__traits.hpp
[898.382s] -- Symlinking: /repo/ws/install/include/px4/px4/msg/detail/iridiumsbd_status__type_support.hpp
[898.396s] -- Symlinking: /repo/ws/install/include/px4/px4/msg/detail/irlock_report__builder.hpp
[898.410s] -- Symlinking: /repo/ws/install/include/px4/px4/msg/detail/irlock_report__struct.hpp
[898.423s] -- Symlinking: /repo/ws/install/include/px4/px4/msg/detail/irlock_report__traits.hpp
[898.437s] -- Symlinking: /repo/ws/install/include/px4/px4/msg/detail/irlock_report__type_support.hpp
[898.452s] -- Symlinking: /repo/ws/install/include/px4/px4/msg/detail/landing_gear__builder.hpp
[898.465s] -- Symlinking: /repo/ws/install/include/px4/px4/msg/detail/landing_gear__struct.hpp
[898.479s] -- Symlinking: /repo/ws/install/include/px4/px4/msg/detail/landing_gear__traits.hpp
[898.493s] -- Symlinking: /repo/ws/install/include/px4/px4/msg/detail/landing_gear__type_support.hpp
[898.506s] -- Symlinking: /repo/ws/install/include/px4/px4/msg/detail/landing_gear_wheel__builder.hpp
[898.520s] -- Symlinking: /repo/ws/install/include/px4/px4/msg/detail/landing_gear_wheel__struct.hpp
[898.534s] -- Symlinking: /repo/ws/install/include/px4/px4/msg/detail/landing_gear_wheel__traits.hpp
[898.548s] -- Symlinking: /repo/ws/install/include/px4/px4/msg/detail/landing_gear_wheel__type_support.hpp
[898.563s] -- Symlinking: /repo/ws/install/include/px4/px4/msg/detail/landing_target_innovations__builder.hpp
[898.577s] -- Symlinking: /repo/ws/install/include/px4/px4/msg/detail/landing_target_innovations__struct.hpp
[898.591s] -- Symlinking: /repo/ws/install/include/px4/px4/msg/detail/landing_target_innovations__traits.hpp
[898.606s] -- Symlinking: /repo/ws/install/include/px4/px4/msg/detail/landing_target_innovations__type_support.hpp
[898.620s] -- Symlinking: /repo/ws/install/include/px4/px4/msg/detail/landing_target_pose__builder.hpp
[898.634s] -- Symlinking: /repo/ws/install/include/px4/px4/msg/detail/landing_target_pose__struct.hpp
[898.650s] -- Symlinking: /repo/ws/install/include/px4/px4/msg/detail/landing_target_pose__traits.hpp
[898.665s] -- Symlinking: /repo/ws/install/include/px4/px4/msg/detail/landing_target_pose__type_support.hpp
[898.680s] -- Symlinking: /repo/ws/install/include/px4/px4/msg/detail/launch_detection_status__builder.hpp
[898.694s] -- Symlinking: /repo/ws/install/include/px4/px4/msg/detail/launch_detection_status__struct.hpp
[898.708s] -- Symlinking: /repo/ws/install/include/px4/px4/msg/detail/launch_detection_status__traits.hpp
[898.722s] -- Symlinking: /repo/ws/install/include/px4/px4/msg/detail/launch_detection_status__type_support.hpp
[898.737s] -- Symlinking: /repo/ws/install/include/px4/px4/msg/detail/led_control__builder.hpp
[898.754s] -- Symlinking: /repo/ws/install/include/px4/px4/msg/detail/led_control__struct.hpp
[898.768s] -- Symlinking: /repo/ws/install/include/px4/px4/msg/detail/led_control__traits.hpp
[898.782s] -- Symlinking: /repo/ws/install/include/px4/px4/msg/detail/led_control__type_support.hpp
[898.796s] -- Symlinking: /repo/ws/install/include/px4/px4/msg/detail/log_message__builder.hpp
[898.810s] -- Symlinking: /repo/ws/install/include/px4/px4/msg/detail/log_message__struct.hpp
[898.826s] -- Symlinking: /repo/ws/install/include/px4/px4/msg/detail/log_message__traits.hpp
[898.839s] -- Symlinking: /repo/ws/install/include/px4/px4/msg/detail/log_message__type_support.hpp
[898.855s] -- Symlinking: /repo/ws/install/include/px4/px4/msg/detail/logger_status__builder.hpp
[898.870s] -- Symlinking: /repo/ws/install/include/px4/px4/msg/detail/logger_status__struct.hpp
[898.886s] -- Symlinking: /repo/ws/install/include/px4/px4/msg/detail/logger_status__traits.hpp
[898.900s] -- Symlinking: /repo/ws/install/include/px4/px4/msg/detail/logger_status__type_support.hpp
[898.914s] -- Symlinking: /repo/ws/install/include/px4/px4/msg/detail/mag_worker_data__builder.hpp
[898.929s] -- Symlinking: /repo/ws/install/include/px4/px4/msg/detail/mag_worker_data__struct.hpp
[898.943s] -- Symlinking: /repo/ws/install/include/px4/px4/msg/detail/mag_worker_data__traits.hpp
[898.958s] -- Symlinking: /repo/ws/install/include/px4/px4/msg/detail/mag_worker_data__type_support.hpp
[898.972s] -- Symlinking: /repo/ws/install/include/px4/px4/msg/detail/magnetometer_bias_estimate__builder.hpp
[898.987s] -- Symlinking: /repo/ws/install/include/px4/px4/msg/detail/magnetometer_bias_estimate__struct.hpp
[899.001s] -- Symlinking: /repo/ws/install/include/px4/px4/msg/detail/magnetometer_bias_estimate__traits.hpp
[899.015s] -- Symlinking: /repo/ws/install/include/px4/px4/msg/detail/magnetometer_bias_estimate__type_support.hpp
[899.030s] -- Symlinking: /repo/ws/install/include/px4/px4/msg/detail/manual_control_setpoint__builder.hpp
[899.054s] -- Symlinking: /repo/ws/install/include/px4/px4/msg/detail/manual_control_setpoint__struct.hpp
[899.079s] -- Symlinking: /repo/ws/install/include/px4/px4/msg/detail/manual_control_setpoint__traits.hpp
[899.102s] -- Symlinking: /repo/ws/install/include/px4/px4/msg/detail/manual_control_setpoint__type_support.hpp
[899.127s] -- Symlinking: /repo/ws/install/include/px4/px4/msg/detail/manual_control_switches__builder.hpp
[899.143s] -- Symlinking: /repo/ws/install/include/px4/px4/msg/detail/manual_control_switches__struct.hpp
[899.157s] -- Symlinking: /repo/ws/install/include/px4/px4/msg/detail/manual_control_switches__traits.hpp
[899.173s] -- Symlinking: /repo/ws/install/include/px4/px4/msg/detail/manual_control_switches__type_support.hpp
[899.188s] -- Symlinking: /repo/ws/install/include/px4/px4/msg/detail/mavlink_log__builder.hpp
[899.202s] -- Symlinking: /repo/ws/install/include/px4/px4/msg/detail/mavlink_log__struct.hpp
[899.216s] -- Symlinking: /repo/ws/install/include/px4/px4/msg/detail/mavlink_log__traits.hpp
[899.231s] -- Symlinking: /repo/ws/install/include/px4/px4/msg/detail/mavlink_log__type_support.hpp
[899.246s] -- Symlinking: /repo/ws/install/include/px4/px4/msg/detail/mavlink_tunnel__builder.hpp
[899.262s] -- Symlinking: /repo/ws/install/include/px4/px4/msg/detail/mavlink_tunnel__struct.hpp
[899.276s] -- Symlinking: /repo/ws/install/include/px4/px4/msg/detail/mavlink_tunnel__traits.hpp
[899.290s] -- Symlinking: /repo/ws/install/include/px4/px4/msg/detail/mavlink_tunnel__type_support.hpp
[899.303s] -- Symlinking: /repo/ws/install/include/px4/px4/msg/detail/message_format_request__builder.hpp
[899.317s] -- Symlinking: /repo/ws/install/include/px4/px4/msg/detail/message_format_request__struct.hpp
[899.331s] -- Symlinking: /repo/ws/install/include/px4/px4/msg/detail/message_format_request__traits.hpp
[899.345s] -- Symlinking: /repo/ws/install/include/px4/px4/msg/detail/message_format_request__type_support.hpp
[899.359s] -- Symlinking: /repo/ws/install/include/px4/px4/msg/detail/message_format_response__builder.hpp
[899.373s] -- Symlinking: /repo/ws/install/include/px4/px4/msg/detail/message_format_response__struct.hpp
[899.387s] -- Symlinking: /repo/ws/install/include/px4/px4/msg/detail/message_format_response__traits.hpp
[899.401s] -- Symlinking: /repo/ws/install/include/px4/px4/msg/detail/message_format_response__type_support.hpp
[899.416s] -- Symlinking: /repo/ws/install/include/px4/px4/msg/detail/mission__builder.hpp
[899.430s] -- Symlinking: /repo/ws/install/include/px4/px4/msg/detail/mission__struct.hpp
[899.444s] -- Symlinking: /repo/ws/install/include/px4/px4/msg/detail/mission__traits.hpp
[899.459s] -- Symlinking: /repo/ws/install/include/px4/px4/msg/detail/mission__type_support.hpp
[899.474s] -- Symlinking: /repo/ws/install/include/px4/px4/msg/detail/mission_result__builder.hpp
[899.488s] -- Symlinking: /repo/ws/install/include/px4/px4/msg/detail/mission_result__struct.hpp
[899.502s] -- Symlinking: /repo/ws/install/include/px4/px4/msg/detail/mission_result__traits.hpp
[899.516s] -- Symlinking: /repo/ws/install/include/px4/px4/msg/detail/mission_result__type_support.hpp
[899.530s] -- Symlinking: /repo/ws/install/include/px4/px4/msg/detail/mode_completed__builder.hpp
[899.545s] -- Symlinking: /repo/ws/install/include/px4/px4/msg/detail/mode_completed__struct.hpp
[899.560s] -- Symlinking: /repo/ws/install/include/px4/px4/msg/detail/mode_completed__traits.hpp
[899.573s] -- Symlinking: /repo/ws/install/include/px4/px4/msg/detail/mode_completed__type_support.hpp
[899.587s] -- Symlinking: /repo/ws/install/include/px4/px4/msg/detail/mount_orientation__builder.hpp
[899.600s] -- Symlinking: /repo/ws/install/include/px4/px4/msg/detail/mount_orientation__struct.hpp
[899.614s] -- Symlinking: /repo/ws/install/include/px4/px4/msg/detail/mount_orientation__traits.hpp
[899.628s] -- Symlinking: /repo/ws/install/include/px4/px4/msg/detail/mount_orientation__type_support.hpp
[899.643s] -- Symlinking: /repo/ws/install/include/px4/px4/msg/detail/navigator_mission_item__builder.hpp
[899.660s] -- Symlinking: /repo/ws/install/include/px4/px4/msg/detail/navigator_mission_item__struct.hpp
[899.671s] -- Symlinking: /repo/ws/install/include/px4/px4/msg/detail/navigator_mission_item__traits.hpp
[899.686s] -- Symlinking: /repo/ws/install/include/px4/px4/msg/detail/navigator_mission_item__type_support.hpp
[899.700s] -- Symlinking: /repo/ws/install/include/px4/px4/msg/detail/navigator_status__builder.hpp
[899.713s] -- Symlinking: /repo/ws/install/include/px4/px4/msg/detail/navigator_status__struct.hpp
[899.727s] -- Symlinking: /repo/ws/install/include/px4/px4/msg/detail/navigator_status__traits.hpp
[899.741s] -- Symlinking: /repo/ws/install/include/px4/px4/msg/detail/navigator_status__type_support.hpp
[899.755s] -- Symlinking: /repo/ws/install/include/px4/px4/msg/detail/normalized_unsigned_setpoint__builder.hpp
[899.769s] -- Symlinking: /repo/ws/install/include/px4/px4/msg/detail/normalized_unsigned_setpoint__struct.hpp
[899.784s] -- Symlinking: /repo/ws/install/include/px4/px4/msg/detail/normalized_unsigned_setpoint__traits.hpp
[899.798s] -- Symlinking: /repo/ws/install/include/px4/px4/msg/detail/normalized_unsigned_setpoint__type_support.hpp
[899.812s] -- Symlinking: /repo/ws/install/include/px4/px4/msg/detail/npfg_status__builder.hpp
[899.826s] -- Symlinking: /repo/ws/install/include/px4/px4/msg/detail/npfg_status__struct.hpp
[899.840s] -- Symlinking: /repo/ws/install/include/px4/px4/msg/detail/npfg_status__traits.hpp
[899.855s] -- Symlinking: /repo/ws/install/include/px4/px4/msg/detail/npfg_status__type_support.hpp
[899.869s] -- Symlinking: /repo/ws/install/include/px4/px4/msg/detail/obstacle_distance__builder.hpp
[899.883s] -- Symlinking: /repo/ws/install/include/px4/px4/msg/detail/obstacle_distance__struct.hpp
[899.896s] -- Symlinking: /repo/ws/install/include/px4/px4/msg/detail/obstacle_distance__traits.hpp
[899.911s] -- Symlinking: /repo/ws/install/include/px4/px4/msg/detail/obstacle_distance__type_support.hpp
[899.924s] -- Symlinking: /repo/ws/install/include/px4/px4/msg/detail/offboard_control_mode__builder.hpp
[899.938s] -- Symlinking: /repo/ws/install/include/px4/px4/msg/detail/offboard_control_mode__struct.hpp
[899.953s] -- Symlinking: /repo/ws/install/include/px4/px4/msg/detail/offboard_control_mode__traits.hpp
[899.968s] -- Symlinking: /repo/ws/install/include/px4/px4/msg/detail/offboard_control_mode__type_support.hpp
[899.982s] -- Symlinking: /repo/ws/install/include/px4/px4/msg/detail/onboard_computer_status__builder.hpp
[899.996s] -- Symlinking: /repo/ws/install/include/px4/px4/msg/detail/onboard_computer_status__struct.hpp
[900.010s] -- Symlinking: /repo/ws/install/include/px4/px4/msg/detail/onboard_computer_status__traits.hpp
[900.023s] -- Symlinking: /repo/ws/install/include/px4/px4/msg/detail/onboard_computer_status__type_support.hpp
[900.037s] -- Symlinking: /repo/ws/install/include/px4/px4/msg/detail/open_drone_id_arm_status__builder.hpp
[900.052s] -- Symlinking: /repo/ws/install/include/px4/px4/msg/detail/open_drone_id_arm_status__struct.hpp
[900.070s] -- Symlinking: /repo/ws/install/include/px4/px4/msg/detail/open_drone_id_arm_status__traits.hpp
[900.082s] -- Symlinking: /repo/ws/install/include/px4/px4/msg/detail/open_drone_id_arm_status__type_support.hpp
[900.095s] -- Symlinking: /repo/ws/install/include/px4/px4/msg/detail/open_drone_id_operator_id__builder.hpp
[900.109s] -- Symlinking: /repo/ws/install/include/px4/px4/msg/detail/open_drone_id_operator_id__struct.hpp
[900.123s] -- Symlinking: /repo/ws/install/include/px4/px4/msg/detail/open_drone_id_operator_id__traits.hpp
[900.138s] -- Symlinking: /repo/ws/install/include/px4/px4/msg/detail/open_drone_id_operator_id__type_support.hpp
[900.153s] -- Symlinking: /repo/ws/install/include/px4/px4/msg/detail/open_drone_id_self_id__builder.hpp
[900.167s] -- Symlinking: /repo/ws/install/include/px4/px4/msg/detail/open_drone_id_self_id__struct.hpp
[900.181s] -- Symlinking: /repo/ws/install/include/px4/px4/msg/detail/open_drone_id_self_id__traits.hpp
[900.195s] -- Symlinking: /repo/ws/install/include/px4/px4/msg/detail/open_drone_id_self_id__type_support.hpp
[900.209s] -- Symlinking: /repo/ws/install/include/px4/px4/msg/detail/open_drone_id_system__builder.hpp
[900.223s] -- Symlinking: /repo/ws/install/include/px4/px4/msg/detail/open_drone_id_system__struct.hpp
[900.237s] -- Symlinking: /repo/ws/install/include/px4/px4/msg/detail/open_drone_id_system__traits.hpp
[900.253s] -- Symlinking: /repo/ws/install/include/px4/px4/msg/detail/open_drone_id_system__type_support.hpp
[900.266s] -- Symlinking: /repo/ws/install/include/px4/px4/msg/detail/orb_test__builder.hpp
[900.280s] -- Symlinking: /repo/ws/install/include/px4/px4/msg/detail/orb_test__struct.hpp
[900.293s] -- Symlinking: /repo/ws/install/include/px4/px4/msg/detail/orb_test__traits.hpp
[900.307s] -- Symlinking: /repo/ws/install/include/px4/px4/msg/detail/orb_test__type_support.hpp
[900.321s] -- Symlinking: /repo/ws/install/include/px4/px4/msg/detail/orb_test_large__builder.hpp
[900.334s] -- Symlinking: /repo/ws/install/include/px4/px4/msg/detail/orb_test_large__struct.hpp
[900.349s] -- Symlinking: /repo/ws/install/include/px4/px4/msg/detail/orb_test_large__traits.hpp
[900.363s] -- Symlinking: /repo/ws/install/include/px4/px4/msg/detail/orb_test_large__type_support.hpp
[900.377s] -- Symlinking: /repo/ws/install/include/px4/px4/msg/detail/orb_test_medium__builder.hpp
[900.391s] -- Symlinking: /repo/ws/install/include/px4/px4/msg/detail/orb_test_medium__struct.hpp
[900.405s] -- Symlinking: /repo/ws/install/include/px4/px4/msg/detail/orb_test_medium__traits.hpp
[900.419s] -- Symlinking: /repo/ws/install/include/px4/px4/msg/detail/orb_test_medium__type_support.hpp
[900.432s] -- Symlinking: /repo/ws/install/include/px4/px4/msg/detail/orbit_status__builder.hpp
[900.446s] -- Symlinking: /repo/ws/install/include/px4/px4/msg/detail/orbit_status__struct.hpp
[900.461s] -- Symlinking: /repo/ws/install/include/px4/px4/msg/detail/orbit_status__traits.hpp
[900.474s] -- Symlinking: /repo/ws/install/include/px4/px4/msg/detail/orbit_status__type_support.hpp
[900.488s] -- Symlinking: /repo/ws/install/include/px4/px4/msg/detail/parameter_reset_request__builder.hpp
[900.502s] -- Symlinking: /repo/ws/install/include/px4/px4/msg/detail/parameter_reset_request__struct.hpp
[900.515s] -- Symlinking: /repo/ws/install/include/px4/px4/msg/detail/parameter_reset_request__traits.hpp
[900.529s] -- Symlinking: /repo/ws/install/include/px4/px4/msg/detail/parameter_reset_request__type_support.hpp
[900.543s] -- Symlinking: /repo/ws/install/include/px4/px4/msg/detail/parameter_set_used_request__builder.hpp
[900.559s] -- Symlinking: /repo/ws/install/include/px4/px4/msg/detail/parameter_set_used_request__struct.hpp
[900.573s] -- Symlinking: /repo/ws/install/include/px4/px4/msg/detail/parameter_set_used_request__traits.hpp
[900.586s] -- Symlinking: /repo/ws/install/include/px4/px4/msg/detail/parameter_set_used_request__type_support.hpp
[900.599s] -- Symlinking: /repo/ws/install/include/px4/px4/msg/detail/parameter_set_value_request__builder.hpp
[900.613s] -- Symlinking: /repo/ws/install/include/px4/px4/msg/detail/parameter_set_value_request__struct.hpp
[900.627s] -- Symlinking: /repo/ws/install/include/px4/px4/msg/detail/parameter_set_value_request__traits.hpp
[900.640s] -- Symlinking: /repo/ws/install/include/px4/px4/msg/detail/parameter_set_value_request__type_support.hpp
[900.661s] -- Symlinking: /repo/ws/install/include/px4/px4/msg/detail/parameter_set_value_response__builder.hpp
[900.673s] -- Symlinking: /repo/ws/install/include/px4/px4/msg/detail/parameter_set_value_response__struct.hpp
[900.687s] -- Symlinking: /repo/ws/install/include/px4/px4/msg/detail/parameter_set_value_response__traits.hpp
[900.702s] -- Symlinking: /repo/ws/install/include/px4/px4/msg/detail/parameter_set_value_response__type_support.hpp
[900.716s] -- Symlinking: /repo/ws/install/include/px4/px4/msg/detail/parameter_update__builder.hpp
[900.730s] -- Symlinking: /repo/ws/install/include/px4/px4/msg/detail/parameter_update__struct.hpp
[900.743s] -- Symlinking: /repo/ws/install/include/px4/px4/msg/detail/parameter_update__traits.hpp
[900.759s] -- Symlinking: /repo/ws/install/include/px4/px4/msg/detail/parameter_update__type_support.hpp
[900.773s] -- Symlinking: /repo/ws/install/include/px4/px4/msg/detail/ping__builder.hpp
[900.788s] -- Symlinking: /repo/ws/install/include/px4/px4/msg/detail/ping__struct.hpp
[900.802s] -- Symlinking: /repo/ws/install/include/px4/px4/msg/detail/ping__traits.hpp
[900.815s] -- Symlinking: /repo/ws/install/include/px4/px4/msg/detail/ping__type_support.hpp
[900.829s] -- Symlinking: /repo/ws/install/include/px4/px4/msg/detail/position_controller_landing_status__builder.hpp
[900.843s] -- Symlinking: /repo/ws/install/include/px4/px4/msg/detail/position_controller_landing_status__struct.hpp
[900.858s] -- Symlinking: /repo/ws/install/include/px4/px4/msg/detail/position_controller_landing_status__traits.hpp
[900.872s] -- Symlinking: /repo/ws/install/include/px4/px4/msg/detail/position_controller_landing_status__type_support.hpp
[900.886s] -- Symlinking: /repo/ws/install/include/px4/px4/msg/detail/position_controller_status__builder.hpp
[900.900s] -- Symlinking: /repo/ws/install/include/px4/px4/msg/detail/position_controller_status__struct.hpp
[900.913s] -- Symlinking: /repo/ws/install/include/px4/px4/msg/detail/position_controller_status__traits.hpp
[900.927s] -- Symlinking: /repo/ws/install/include/px4/px4/msg/detail/position_controller_status__type_support.hpp
[900.941s] -- Symlinking: /repo/ws/install/include/px4/px4/msg/detail/position_setpoint__builder.hpp
[900.955s] -- Symlinking: /repo/ws/install/include/px4/px4/msg/detail/position_setpoint__struct.hpp
[900.969s] -- Symlinking: /repo/ws/install/include/px4/px4/msg/detail/position_setpoint__traits.hpp
[900.983s] -- Symlinking: /repo/ws/install/include/px4/px4/msg/detail/position_setpoint__type_support.hpp
[900.997s] -- Symlinking: /repo/ws/install/include/px4/px4/msg/detail/position_setpoint_triplet__builder.hpp
[901.011s] -- Symlinking: /repo/ws/install/include/px4/px4/msg/detail/position_setpoint_triplet__struct.hpp
[901.024s] -- Symlinking: /repo/ws/install/include/px4/px4/msg/detail/position_setpoint_triplet__traits.hpp
[901.038s] -- Symlinking: /repo/ws/install/include/px4/px4/msg/detail/position_setpoint_triplet__type_support.hpp
[901.052s] -- Symlinking: /repo/ws/install/include/px4/px4/msg/detail/power_button_state__builder.hpp
[901.067s] -- Symlinking: /repo/ws/install/include/px4/px4/msg/detail/power_button_state__struct.hpp
[901.081s] -- Symlinking: /repo/ws/install/include/px4/px4/msg/detail/power_button_state__traits.hpp
[901.095s] -- Symlinking: /repo/ws/install/include/px4/px4/msg/detail/power_button_state__type_support.hpp
[901.108s] -- Symlinking: /repo/ws/install/include/px4/px4/msg/detail/power_monitor__builder.hpp
[901.122s] -- Symlinking: /repo/ws/install/include/px4/px4/msg/detail/power_monitor__struct.hpp
[901.136s] -- Symlinking: /repo/ws/install/include/px4/px4/msg/detail/power_monitor__traits.hpp
[901.151s] -- Symlinking: /repo/ws/install/include/px4/px4/msg/detail/power_monitor__type_support.hpp
[901.164s] -- Symlinking: /repo/ws/install/include/px4/px4/msg/detail/pps_capture__builder.hpp
[901.179s] -- Symlinking: /repo/ws/install/include/px4/px4/msg/detail/pps_capture__struct.hpp
[901.196s] -- Symlinking: /repo/ws/install/include/px4/px4/msg/detail/pps_capture__traits.hpp
[901.208s] -- Symlinking: /repo/ws/install/include/px4/px4/msg/detail/pps_capture__type_support.hpp
[901.223s] -- Symlinking: /repo/ws/install/include/px4/px4/msg/detail/pure_pursuit_status__builder.hpp
[901.238s] -- Symlinking: /repo/ws/install/include/px4/px4/msg/detail/pure_pursuit_status__struct.hpp
[901.254s] -- Symlinking: /repo/ws/install/include/px4/px4/msg/detail/pure_pursuit_status__traits.hpp
[901.269s] -- Symlinking: /repo/ws/install/include/px4/px4/msg/detail/pure_pursuit_status__type_support.hpp
[901.283s] -- Symlinking: /repo/ws/install/include/px4/px4/msg/detail/pwm_input__builder.hpp
[901.298s] -- Symlinking: /repo/ws/install/include/px4/px4/msg/detail/pwm_input__struct.hpp
[901.313s] -- Symlinking: /repo/ws/install/include/px4/px4/msg/detail/pwm_input__traits.hpp
[901.327s] -- Symlinking: /repo/ws/install/include/px4/px4/msg/detail/pwm_input__type_support.hpp
[901.342s] -- Symlinking: /repo/ws/install/include/px4/px4/msg/detail/px4io_status__builder.hpp
[901.356s] -- Symlinking: /repo/ws/install/include/px4/px4/msg/detail/px4io_status__struct.hpp
[901.372s] -- Symlinking: /repo/ws/install/include/px4/px4/msg/detail/px4io_status__traits.hpp
[901.387s] -- Symlinking: /repo/ws/install/include/px4/px4/msg/detail/px4io_status__type_support.hpp
[901.401s] -- Symlinking: /repo/ws/install/include/px4/px4/msg/detail/qshell_req__builder.hpp
[901.415s] -- Symlinking: /repo/ws/install/include/px4/px4/msg/detail/qshell_req__struct.hpp
[901.430s] -- Symlinking: /repo/ws/install/include/px4/px4/msg/detail/qshell_req__traits.hpp
[901.444s] -- Symlinking: /repo/ws/install/include/px4/px4/msg/detail/qshell_req__type_support.hpp
[901.460s] -- Symlinking: /repo/ws/install/include/px4/px4/msg/detail/qshell_retval__builder.hpp
[901.475s] -- Symlinking: /repo/ws/install/include/px4/px4/msg/detail/qshell_retval__struct.hpp
[901.488s] -- Symlinking: /repo/ws/install/include/px4/px4/msg/detail/qshell_retval__traits.hpp
[901.503s] -- Symlinking: /repo/ws/install/include/px4/px4/msg/detail/qshell_retval__type_support.hpp
[901.518s] -- Symlinking: /repo/ws/install/include/px4/px4/msg/detail/radio_status__builder.hpp
[901.532s] -- Symlinking: /repo/ws/install/include/px4/px4/msg/detail/radio_status__struct.hpp
[901.547s] -- Symlinking: /repo/ws/install/include/px4/px4/msg/detail/radio_status__traits.hpp
[901.563s] -- Symlinking: /repo/ws/install/include/px4/px4/msg/detail/radio_status__type_support.hpp
[901.578s] -- Symlinking: /repo/ws/install/include/px4/px4/msg/detail/rate_ctrl_status__builder.hpp
[901.592s] -- Symlinking: /repo/ws/install/include/px4/px4/msg/detail/rate_ctrl_status__struct.hpp
[901.606s] -- Symlinking: /repo/ws/install/include/px4/px4/msg/detail/rate_ctrl_status__traits.hpp
[901.621s] -- Symlinking: /repo/ws/install/include/px4/px4/msg/detail/rate_ctrl_status__type_support.hpp
[901.635s] -- Symlinking: /repo/ws/install/include/px4/px4/msg/detail/rc_channels__builder.hpp
[901.650s] -- Symlinking: /repo/ws/install/include/px4/px4/msg/detail/rc_channels__struct.hpp
[901.666s] -- Symlinking: /repo/ws/install/include/px4/px4/msg/detail/rc_channels__traits.hpp
[901.680s] -- Symlinking: /repo/ws/install/include/px4/px4/msg/detail/rc_channels__type_support.hpp
[901.694s] -- Symlinking: /repo/ws/install/include/px4/px4/msg/detail/rc_parameter_map__builder.hpp
[901.709s] -- Symlinking: /repo/ws/install/include/px4/px4/msg/detail/rc_parameter_map__struct.hpp
[901.724s] -- Symlinking: /repo/ws/install/include/px4/px4/msg/detail/rc_parameter_map__traits.hpp
[901.738s] -- Symlinking: /repo/ws/install/include/px4/px4/msg/detail/rc_parameter_map__type_support.hpp
[901.752s] -- Symlinking: /repo/ws/install/include/px4/px4/msg/detail/register_ext_component_reply__builder.hpp
[901.767s] -- Symlinking: /repo/ws/install/include/px4/px4/msg/detail/register_ext_component_reply__struct.hpp
[901.781s] -- Symlinking: /repo/ws/install/include/px4/px4/msg/detail/register_ext_component_reply__traits.hpp
[901.795s] -- Symlinking: /repo/ws/install/include/px4/px4/msg/detail/register_ext_component_reply__type_support.hpp
[901.808s] -- Symlinking: /repo/ws/install/include/px4/px4/msg/detail/register_ext_component_request__builder.hpp
[901.823s] -- Symlinking: /repo/ws/install/include/px4/px4/msg/detail/register_ext_component_request__struct.hpp
[901.838s] -- Symlinking: /repo/ws/install/include/px4/px4/msg/detail/register_ext_component_request__traits.hpp
[901.853s] -- Symlinking: /repo/ws/install/include/px4/px4/msg/detail/register_ext_component_request__type_support.hpp
[901.868s] -- Symlinking: /repo/ws/install/include/px4/px4/msg/detail/rover_attitude_setpoint__builder.hpp
[901.883s] -- Symlinking: /repo/ws/install/include/px4/px4/msg/detail/rover_attitude_setpoint__struct.hpp
[901.897s] -- Symlinking: /repo/ws/install/include/px4/px4/msg/detail/rover_attitude_setpoint__traits.hpp
[901.912s] -- Symlinking: /repo/ws/install/include/px4/px4/msg/detail/rover_attitude_setpoint__type_support.hpp
[901.927s] -- Symlinking: /repo/ws/install/include/px4/px4/msg/detail/rover_attitude_status__builder.hpp
[901.941s] -- Symlinking: /repo/ws/install/include/px4/px4/msg/detail/rover_attitude_status__struct.hpp
[901.957s] -- Symlinking: /repo/ws/install/include/px4/px4/msg/detail/rover_attitude_status__traits.hpp
[901.971s] -- Symlinking: /repo/ws/install/include/px4/px4/msg/detail/rover_attitude_status__type_support.hpp
[901.985s] -- Symlinking: /repo/ws/install/include/px4/px4/msg/detail/rover_position_setpoint__builder.hpp
[902.000s] -- Symlinking: /repo/ws/install/include/px4/px4/msg/detail/rover_position_setpoint__struct.hpp
[902.014s] -- Symlinking: /repo/ws/install/include/px4/px4/msg/detail/rover_position_setpoint__traits.hpp
[902.030s] -- Symlinking: /repo/ws/install/include/px4/px4/msg/detail/rover_position_setpoint__type_support.hpp
[902.044s] -- Symlinking: /repo/ws/install/include/px4/px4/msg/detail/rover_rate_setpoint__builder.hpp
[902.060s] -- Symlinking: /repo/ws/install/include/px4/px4/msg/detail/rover_rate_setpoint__struct.hpp
[902.074s] -- Symlinking: /repo/ws/install/include/px4/px4/msg/detail/rover_rate_setpoint__traits.hpp
[902.089s] -- Symlinking: /repo/ws/install/include/px4/px4/msg/detail/rover_rate_setpoint__type_support.hpp
[902.103s] -- Symlinking: /repo/ws/install/include/px4/px4/msg/detail/rover_rate_status__builder.hpp
[902.117s] -- Symlinking: /repo/ws/install/include/px4/px4/msg/detail/rover_rate_status__struct.hpp
[902.131s] -- Symlinking: /repo/ws/install/include/px4/px4/msg/detail/rover_rate_status__traits.hpp
[902.146s] -- Symlinking: /repo/ws/install/include/px4/px4/msg/detail/rover_rate_status__type_support.hpp
[902.161s] -- Symlinking: /repo/ws/install/include/px4/px4/msg/detail/rover_steering_setpoint__builder.hpp
[902.176s] -- Symlinking: /repo/ws/install/include/px4/px4/msg/detail/rover_steering_setpoint__struct.hpp
[902.189s] -- Symlinking: /repo/ws/install/include/px4/px4/msg/detail/rover_steering_setpoint__traits.hpp
[902.204s] -- Symlinking: /repo/ws/install/include/px4/px4/msg/detail/rover_steering_setpoint__type_support.hpp
[902.218s] -- Symlinking: /repo/ws/install/include/px4/px4/msg/detail/rover_throttle_setpoint__builder.hpp
[902.232s] -- Symlinking: /repo/ws/install/include/px4/px4/msg/detail/rover_throttle_setpoint__struct.hpp
[902.245s] -- Symlinking: /repo/ws/install/include/px4/px4/msg/detail/rover_throttle_setpoint__traits.hpp
[902.262s] -- Symlinking: /repo/ws/install/include/px4/px4/msg/detail/rover_throttle_setpoint__type_support.hpp
[902.276s] -- Symlinking: /repo/ws/install/include/px4/px4/msg/detail/rover_velocity_status__builder.hpp
[902.289s] -- Symlinking: /repo/ws/install/include/px4/px4/msg/detail/rover_velocity_status__struct.hpp
[902.304s] -- Symlinking: /repo/ws/install/include/px4/px4/msg/detail/rover_velocity_status__traits.hpp
[902.317s] -- Symlinking: /repo/ws/install/include/px4/px4/msg/detail/rover_velocity_status__type_support.hpp
[902.331s] -- Symlinking: /repo/ws/install/include/px4/px4/msg/detail/rpm__builder.hpp
[902.345s] -- Symlinking: /repo/ws/install/include/px4/px4/msg/detail/rpm__struct.hpp
[902.362s] -- Symlinking: /repo/ws/install/include/px4/px4/msg/detail/rpm__traits.hpp
[902.377s] -- Symlinking: /repo/ws/install/include/px4/px4/msg/detail/rpm__type_support.hpp
[902.391s] -- Symlinking: /repo/ws/install/include/px4/px4/msg/detail/rtl_status__builder.hpp
[902.405s] -- Symlinking: /repo/ws/install/include/px4/px4/msg/detail/rtl_status__struct.hpp
[902.419s] -- Symlinking: /repo/ws/install/include/px4/px4/msg/detail/rtl_status__traits.hpp
[902.432s] -- Symlinking: /repo/ws/install/include/px4/px4/msg/detail/rtl_status__type_support.hpp
[902.446s] -- Symlinking: /repo/ws/install/include/px4/px4/msg/detail/rtl_time_estimate__builder.hpp
[902.460s] -- Symlinking: /repo/ws/install/include/px4/px4/msg/detail/rtl_time_estimate__struct.hpp
[902.474s] -- Symlinking: /repo/ws/install/include/px4/px4/msg/detail/rtl_time_estimate__traits.hpp
[902.488s] -- Symlinking: /repo/ws/install/include/px4/px4/msg/detail/rtl_time_estimate__type_support.hpp
[902.502s] -- Symlinking: /repo/ws/install/include/px4/px4/msg/detail/satellite_info__builder.hpp
[902.514s] -- Symlinking: /repo/ws/install/include/px4/px4/msg/detail/satellite_info__struct.hpp
[902.528s] -- Symlinking: /repo/ws/install/include/px4/px4/msg/detail/satellite_info__traits.hpp
[902.543s] -- Symlinking: /repo/ws/install/include/px4/px4/msg/detail/satellite_info__type_support.hpp
[902.558s] -- Symlinking: /repo/ws/install/include/px4/px4/msg/detail/sensor_accel__builder.hpp
[902.572s] -- Symlinking: /repo/ws/install/include/px4/px4/msg/detail/sensor_accel__struct.hpp
[902.585s] -- Symlinking: /repo/ws/install/include/px4/px4/msg/detail/sensor_accel__traits.hpp
[902.599s] -- Symlinking: /repo/ws/install/include/px4/px4/msg/detail/sensor_accel__type_support.hpp
[902.612s] -- Symlinking: /repo/ws/install/include/px4/px4/msg/detail/sensor_accel_fifo__builder.hpp
[902.626s] -- Symlinking: /repo/ws/install/include/px4/px4/msg/detail/sensor_accel_fifo__struct.hpp
[902.640s] -- Symlinking: /repo/ws/install/include/px4/px4/msg/detail/sensor_accel_fifo__traits.hpp
[902.654s] -- Symlinking: /repo/ws/install/include/px4/px4/msg/detail/sensor_accel_fifo__type_support.hpp
[902.669s] -- Symlinking: /repo/ws/install/include/px4/px4/msg/detail/sensor_airflow__builder.hpp
[902.683s] -- Symlinking: /repo/ws/install/include/px4/px4/msg/detail/sensor_airflow__struct.hpp
[902.697s] -- Symlinking: /repo/ws/install/include/px4/px4/msg/detail/sensor_airflow__traits.hpp
[902.711s] -- Symlinking: /repo/ws/install/include/px4/px4/msg/detail/sensor_airflow__type_support.hpp
[902.725s] -- Symlinking: /repo/ws/install/include/px4/px4/msg/detail/sensor_baro__builder.hpp
[902.739s] -- Symlinking: /repo/ws/install/include/px4/px4/msg/detail/sensor_baro__struct.hpp
[902.753s] -- Symlinking: /repo/ws/install/include/px4/px4/msg/detail/sensor_baro__traits.hpp
[902.768s] -- Symlinking: /repo/ws/install/include/px4/px4/msg/detail/sensor_baro__type_support.hpp
[902.781s] -- Symlinking: /repo/ws/install/include/px4/px4/msg/detail/sensor_combined__builder.hpp
[902.795s] -- Symlinking: /repo/ws/install/include/px4/px4/msg/detail/sensor_combined__struct.hpp
[902.810s] -- Symlinking: /repo/ws/install/include/px4/px4/msg/detail/sensor_combined__traits.hpp
[902.823s] -- Symlinking: /repo/ws/install/include/px4/px4/msg/detail/sensor_combined__type_support.hpp
[902.837s] -- Symlinking: /repo/ws/install/include/px4/px4/msg/detail/sensor_correction__builder.hpp
[902.851s] -- Symlinking: /repo/ws/install/include/px4/px4/msg/detail/sensor_correction__struct.hpp
[902.866s] -- Symlinking: /repo/ws/install/include/px4/px4/msg/detail/sensor_correction__traits.hpp
[902.879s] -- Symlinking: /repo/ws/install/include/px4/px4/msg/detail/sensor_correction__type_support.hpp
[902.893s] -- Symlinking: /repo/ws/install/include/px4/px4/msg/detail/sensor_gnss_relative__builder.hpp
[902.907s] -- Symlinking: /repo/ws/install/include/px4/px4/msg/detail/sensor_gnss_relative__struct.hpp
[902.920s] -- Symlinking: /repo/ws/install/include/px4/px4/msg/detail/sensor_gnss_relative__traits.hpp
[902.934s] -- Symlinking: /repo/ws/install/include/px4/px4/msg/detail/sensor_gnss_relative__type_support.hpp
[902.949s] -- Symlinking: /repo/ws/install/include/px4/px4/msg/detail/sensor_gps__builder.hpp
[902.963s] -- Symlinking: /repo/ws/install/include/px4/px4/msg/detail/sensor_gps__struct.hpp
[902.977s] -- Symlinking: /repo/ws/install/include/px4/px4/msg/detail/sensor_gps__traits.hpp
[902.991s] -- Symlinking: /repo/ws/install/include/px4/px4/msg/detail/sensor_gps__type_support.hpp
[903.004s] -- Symlinking: /repo/ws/install/include/px4/px4/msg/detail/sensor_gyro__builder.hpp
[903.018s] -- Symlinking: /repo/ws/install/include/px4/px4/msg/detail/sensor_gyro__struct.hpp
[903.031s] -- Symlinking: /repo/ws/install/include/px4/px4/msg/detail/sensor_gyro__traits.hpp
[903.045s] -- Symlinking: /repo/ws/install/include/px4/px4/msg/detail/sensor_gyro__type_support.hpp
[903.060s] -- Symlinking: /repo/ws/install/include/px4/px4/msg/detail/sensor_gyro_fft__builder.hpp
[903.074s] -- Symlinking: /repo/ws/install/include/px4/px4/msg/detail/sensor_gyro_fft__struct.hpp
[903.088s] -- Symlinking: /repo/ws/install/include/px4/px4/msg/detail/sensor_gyro_fft__traits.hpp
[903.102s] -- Symlinking: /repo/ws/install/include/px4/px4/msg/detail/sensor_gyro_fft__type_support.hpp
[903.116s] -- Symlinking: /repo/ws/install/include/px4/px4/msg/detail/sensor_gyro_fifo__builder.hpp
[903.129s] -- Symlinking: /repo/ws/install/include/px4/px4/msg/detail/sensor_gyro_fifo__struct.hpp
[903.144s] -- Symlinking: /repo/ws/install/include/px4/px4/msg/detail/sensor_gyro_fifo__traits.hpp
[903.160s] -- Symlinking: /repo/ws/install/include/px4/px4/msg/detail/sensor_gyro_fifo__type_support.hpp
[903.175s] -- Symlinking: /repo/ws/install/include/px4/px4/msg/detail/sensor_hygrometer__builder.hpp
[903.189s] -- Symlinking: /repo/ws/install/include/px4/px4/msg/detail/sensor_hygrometer__struct.hpp
[903.203s] -- Symlinking: /repo/ws/install/include/px4/px4/msg/detail/sensor_hygrometer__traits.hpp
[903.218s] -- Symlinking: /repo/ws/install/include/px4/px4/msg/detail/sensor_hygrometer__type_support.hpp
[903.232s] -- Symlinking: /repo/ws/install/include/px4/px4/msg/detail/sensor_mag__builder.hpp
[903.247s] -- Symlinking: /repo/ws/install/include/px4/px4/msg/detail/sensor_mag__struct.hpp
[903.264s] -- Symlinking: /repo/ws/install/include/px4/px4/msg/detail/sensor_mag__traits.hpp
[903.280s] -- Symlinking: /repo/ws/install/include/px4/px4/msg/detail/sensor_mag__type_support.hpp
[903.295s] -- Symlinking: /repo/ws/install/include/px4/px4/msg/detail/sensor_optical_flow__builder.hpp
[903.309s] -- Symlinking: /repo/ws/install/include/px4/px4/msg/detail/sensor_optical_flow__struct.hpp
[903.323s] -- Symlinking: /repo/ws/install/include/px4/px4/msg/detail/sensor_optical_flow__traits.hpp
[903.338s] -- Symlinking: /repo/ws/install/include/px4/px4/msg/detail/sensor_optical_flow__type_support.hpp
[903.352s] -- Symlinking: /repo/ws/install/include/px4/px4/msg/detail/sensor_preflight_mag__builder.hpp
[903.367s] -- Symlinking: /repo/ws/install/include/px4/px4/msg/detail/sensor_preflight_mag__struct.hpp
[903.380s] -- Symlinking: /repo/ws/install/include/px4/px4/msg/detail/sensor_preflight_mag__traits.hpp
[903.394s] -- Symlinking: /repo/ws/install/include/px4/px4/msg/detail/sensor_preflight_mag__type_support.hpp
[903.408s] -- Symlinking: /repo/ws/install/include/px4/px4/msg/detail/sensor_selection__builder.hpp
[903.422s] -- Symlinking: /repo/ws/install/include/px4/px4/msg/detail/sensor_selection__struct.hpp
[903.435s] -- Symlinking: /repo/ws/install/include/px4/px4/msg/detail/sensor_selection__traits.hpp
[903.449s] -- Symlinking: /repo/ws/install/include/px4/px4/msg/detail/sensor_selection__type_support.hpp
[903.464s] -- Symlinking: /repo/ws/install/include/px4/px4/msg/detail/sensor_uwb__builder.hpp
[903.478s] -- Symlinking: /repo/ws/install/include/px4/px4/msg/detail/sensor_uwb__struct.hpp
[903.491s] -- Symlinking: /repo/ws/install/include/px4/px4/msg/detail/sensor_uwb__traits.hpp
[903.505s] -- Symlinking: /repo/ws/install/include/px4/px4/msg/detail/sensor_uwb__type_support.hpp
[903.519s] -- Symlinking: /repo/ws/install/include/px4/px4/msg/detail/sensors_status__builder.hpp
[903.534s] -- Symlinking: /repo/ws/install/include/px4/px4/msg/detail/sensors_status__struct.hpp
[903.548s] -- Symlinking: /repo/ws/install/include/px4/px4/msg/detail/sensors_status__traits.hpp
[903.563s] -- Symlinking: /repo/ws/install/include/px4/px4/msg/detail/sensors_status__type_support.hpp
[903.577s] -- Symlinking: /repo/ws/install/include/px4/px4/msg/detail/sensors_status_imu__builder.hpp
[903.591s] -- Symlinking: /repo/ws/install/include/px4/px4/msg/detail/sensors_status_imu__struct.hpp
[903.605s] -- Symlinking: /repo/ws/install/include/px4/px4/msg/detail/sensors_status_imu__traits.hpp
[903.619s] -- Symlinking: /repo/ws/install/include/px4/px4/msg/detail/sensors_status_imu__type_support.hpp
[903.633s] -- Symlinking: /repo/ws/install/include/px4/px4/msg/detail/system_power__builder.hpp
[903.646s] -- Symlinking: /repo/ws/install/include/px4/px4/msg/detail/system_power__struct.hpp
[903.661s] -- Symlinking: /repo/ws/install/include/px4/px4/msg/detail/system_power__traits.hpp
[903.675s] -- Symlinking: /repo/ws/install/include/px4/px4/msg/detail/system_power__type_support.hpp
[903.688s] -- Symlinking: /repo/ws/install/include/px4/px4/msg/detail/takeoff_status__builder.hpp
[903.702s] -- Symlinking: /repo/ws/install/include/px4/px4/msg/detail/takeoff_status__struct.hpp
[903.716s] -- Symlinking: /repo/ws/install/include/px4/px4/msg/detail/takeoff_status__traits.hpp
[903.729s] -- Symlinking: /repo/ws/install/include/px4/px4/msg/detail/takeoff_status__type_support.hpp
[903.743s] -- Symlinking: /repo/ws/install/include/px4/px4/msg/detail/task_stack_info__builder.hpp
[903.757s] -- Symlinking: /repo/ws/install/include/px4/px4/msg/detail/task_stack_info__struct.hpp
[903.772s] -- Symlinking: /repo/ws/install/include/px4/px4/msg/detail/task_stack_info__traits.hpp
[903.787s] -- Symlinking: /repo/ws/install/include/px4/px4/msg/detail/task_stack_info__type_support.hpp
[903.801s] -- Symlinking: /repo/ws/install/include/px4/px4/msg/detail/tecs_status__builder.hpp
[903.817s] -- Symlinking: /repo/ws/install/include/px4/px4/msg/detail/tecs_status__struct.hpp
[903.831s] -- Symlinking: /repo/ws/install/include/px4/px4/msg/detail/tecs_status__traits.hpp
[903.843s] -- Symlinking: /repo/ws/install/include/px4/px4/msg/detail/tecs_status__type_support.hpp
[903.859s] -- Symlinking: /repo/ws/install/include/px4/px4/msg/detail/telemetry_status__builder.hpp
[903.874s] -- Symlinking: /repo/ws/install/include/px4/px4/msg/detail/telemetry_status__struct.hpp
[903.888s] -- Symlinking: /repo/ws/install/include/px4/px4/msg/detail/telemetry_status__traits.hpp
[903.902s] -- Symlinking: /repo/ws/install/include/px4/px4/msg/detail/telemetry_status__type_support.hpp
[903.917s] -- Symlinking: /repo/ws/install/include/px4/px4/msg/detail/tiltrotor_extra_controls__builder.hpp
[903.932s] -- Symlinking: /repo/ws/install/include/px4/px4/msg/detail/tiltrotor_extra_controls__struct.hpp
[903.945s] -- Symlinking: /repo/ws/install/include/px4/px4/msg/detail/tiltrotor_extra_controls__traits.hpp
[903.960s] -- Symlinking: /repo/ws/install/include/px4/px4/msg/detail/tiltrotor_extra_controls__type_support.hpp
[903.973s] -- Symlinking: /repo/ws/install/include/px4/px4/msg/detail/timesync_status__builder.hpp
[903.987s] -- Symlinking: /repo/ws/install/include/px4/px4/msg/detail/timesync_status__struct.hpp
[904.001s] -- Symlinking: /repo/ws/install/include/px4/px4/msg/detail/timesync_status__traits.hpp
[904.016s] -- Symlinking: /repo/ws/install/include/px4/px4/msg/detail/timesync_status__type_support.hpp
[904.030s] -- Symlinking: /repo/ws/install/include/px4/px4/msg/detail/trajectory_setpoint6dof__builder.hpp
[904.044s] -- Symlinking: /repo/ws/install/include/px4/px4/msg/detail/trajectory_setpoint6dof__struct.hpp
[904.061s] -- Symlinking: /repo/ws/install/include/px4/px4/msg/detail/trajectory_setpoint6dof__traits.hpp
[904.075s] -- Symlinking: /repo/ws/install/include/px4/px4/msg/detail/trajectory_setpoint6dof__type_support.hpp
[904.089s] -- Symlinking: /repo/ws/install/include/px4/px4/msg/detail/trajectory_setpoint__builder.hpp
[904.102s] -- Symlinking: /repo/ws/install/include/px4/px4/msg/detail/trajectory_setpoint__struct.hpp
[904.116s] -- Symlinking: /repo/ws/install/include/px4/px4/msg/detail/trajectory_setpoint__traits.hpp
[904.130s] -- Symlinking: /repo/ws/install/include/px4/px4/msg/detail/trajectory_setpoint__type_support.hpp
[904.144s] -- Symlinking: /repo/ws/install/include/px4/px4/msg/detail/transponder_report__builder.hpp
[904.159s] -- Symlinking: /repo/ws/install/include/px4/px4/msg/detail/transponder_report__struct.hpp
[904.174s] -- Symlinking: /repo/ws/install/include/px4/px4/msg/detail/transponder_report__traits.hpp
[904.188s] -- Symlinking: /repo/ws/install/include/px4/px4/msg/detail/transponder_report__type_support.hpp
[904.202s] -- Symlinking: /repo/ws/install/include/px4/px4/msg/detail/tune_control__builder.hpp
[904.216s] -- Symlinking: /repo/ws/install/include/px4/px4/msg/detail/tune_control__struct.hpp
[904.229s] -- Symlinking: /repo/ws/install/include/px4/px4/msg/detail/tune_control__traits.hpp
[904.243s] -- Symlinking: /repo/ws/install/include/px4/px4/msg/detail/tune_control__type_support.hpp
[904.258s] -- Symlinking: /repo/ws/install/include/px4/px4/msg/detail/uavcan_parameter_request__builder.hpp
[904.272s] -- Symlinking: /repo/ws/install/include/px4/px4/msg/detail/uavcan_parameter_request__struct.hpp
[904.285s] -- Symlinking: /repo/ws/install/include/px4/px4/msg/detail/uavcan_parameter_request__traits.hpp
[904.299s] -- Symlinking: /repo/ws/install/include/px4/px4/msg/detail/uavcan_parameter_request__type_support.hpp
[904.313s] -- Symlinking: /repo/ws/install/include/px4/px4/msg/detail/uavcan_parameter_value__builder.hpp
[904.326s] -- Symlinking: /repo/ws/install/include/px4/px4/msg/detail/uavcan_parameter_value__struct.hpp
[904.341s] -- Symlinking: /repo/ws/install/include/px4/px4/msg/detail/uavcan_parameter_value__traits.hpp
[904.355s] -- Symlinking: /repo/ws/install/include/px4/px4/msg/detail/uavcan_parameter_value__type_support.hpp
[904.370s] -- Symlinking: /repo/ws/install/include/px4/px4/msg/detail/ulog_stream__builder.hpp
[904.383s] -- Symlinking: /repo/ws/install/include/px4/px4/msg/detail/ulog_stream__struct.hpp
[904.397s] -- Symlinking: /repo/ws/install/include/px4/px4/msg/detail/ulog_stream__traits.hpp
[904.410s] -- Symlinking: /repo/ws/install/include/px4/px4/msg/detail/ulog_stream__type_support.hpp
[904.424s] -- Symlinking: /repo/ws/install/include/px4/px4/msg/detail/ulog_stream_ack__builder.hpp
[904.438s] -- Symlinking: /repo/ws/install/include/px4/px4/msg/detail/ulog_stream_ack__struct.hpp
[904.453s] -- Symlinking: /repo/ws/install/include/px4/px4/msg/detail/ulog_stream_ack__traits.hpp
[904.469s] -- Symlinking: /repo/ws/install/include/px4/px4/msg/detail/ulog_stream_ack__type_support.hpp
[904.483s] -- Symlinking: /repo/ws/install/include/px4/px4/msg/detail/unregister_ext_component__builder.hpp
[904.497s] -- Symlinking: /repo/ws/install/include/px4/px4/msg/detail/unregister_ext_component__struct.hpp
[904.510s] -- Symlinking: /repo/ws/install/include/px4/px4/msg/detail/unregister_ext_component__traits.hpp
[904.524s] -- Symlinking: /repo/ws/install/include/px4/px4/msg/detail/unregister_ext_component__type_support.hpp
[904.537s] -- Symlinking: /repo/ws/install/include/px4/px4/msg/detail/vehicle_acceleration__builder.hpp
[904.550s] -- Symlinking: /repo/ws/install/include/px4/px4/msg/detail/vehicle_acceleration__struct.hpp
[904.564s] -- Symlinking: /repo/ws/install/include/px4/px4/msg/detail/vehicle_acceleration__traits.hpp
[904.577s] -- Symlinking: /repo/ws/install/include/px4/px4/msg/detail/vehicle_acceleration__type_support.hpp
[904.591s] -- Symlinking: /repo/ws/install/include/px4/px4/msg/detail/vehicle_air_data__builder.hpp
[904.604s] -- Symlinking: /repo/ws/install/include/px4/px4/msg/detail/vehicle_air_data__struct.hpp
[904.618s] -- Symlinking: /repo/ws/install/include/px4/px4/msg/detail/vehicle_air_data__traits.hpp
[904.631s] -- Symlinking: /repo/ws/install/include/px4/px4/msg/detail/vehicle_air_data__type_support.hpp
[904.645s] -- Symlinking: /repo/ws/install/include/px4/px4/msg/detail/vehicle_angular_acceleration_setpoint__builder.hpp
[904.659s] -- Symlinking: /repo/ws/install/include/px4/px4/msg/detail/vehicle_angular_acceleration_setpoint__struct.hpp
[904.673s] -- Symlinking: /repo/ws/install/include/px4/px4/msg/detail/vehicle_angular_acceleration_setpoint__traits.hpp
[904.686s] -- Symlinking: /repo/ws/install/include/px4/px4/msg/detail/vehicle_angular_acceleration_setpoint__type_support.hpp
[904.700s] -- Symlinking: /repo/ws/install/include/px4/px4/msg/detail/vehicle_angular_velocity__builder.hpp
[904.714s] -- Symlinking: /repo/ws/install/include/px4/px4/msg/detail/vehicle_angular_velocity__struct.hpp
[904.728s] -- Symlinking: /repo/ws/install/include/px4/px4/msg/detail/vehicle_angular_velocity__traits.hpp
[904.742s] -- Symlinking: /repo/ws/install/include/px4/px4/msg/detail/vehicle_angular_velocity__type_support.hpp
[904.755s] -- Symlinking: /repo/ws/install/include/px4/px4/msg/detail/vehicle_attitude__builder.hpp
[904.770s] -- Symlinking: /repo/ws/install/include/px4/px4/msg/detail/vehicle_attitude__struct.hpp
[904.783s] -- Symlinking: /repo/ws/install/include/px4/px4/msg/detail/vehicle_attitude__traits.hpp
[904.796s] -- Symlinking: /repo/ws/install/include/px4/px4/msg/detail/vehicle_attitude__type_support.hpp
[904.810s] -- Symlinking: /repo/ws/install/include/px4/px4/msg/detail/vehicle_attitude_setpoint__builder.hpp
[904.825s] -- Symlinking: /repo/ws/install/include/px4/px4/msg/detail/vehicle_attitude_setpoint__struct.hpp
[904.839s] -- Symlinking: /repo/ws/install/include/px4/px4/msg/detail/vehicle_attitude_setpoint__traits.hpp
[904.854s] -- Symlinking: /repo/ws/install/include/px4/px4/msg/detail/vehicle_attitude_setpoint__type_support.hpp
[904.868s] -- Symlinking: /repo/ws/install/include/px4/px4/msg/detail/vehicle_command__builder.hpp
[904.882s] -- Symlinking: /repo/ws/install/include/px4/px4/msg/detail/vehicle_command__struct.hpp
[904.895s] -- Symlinking: /repo/ws/install/include/px4/px4/msg/detail/vehicle_command__traits.hpp
[904.909s] -- Symlinking: /repo/ws/install/include/px4/px4/msg/detail/vehicle_command__type_support.hpp
[904.923s] -- Symlinking: /repo/ws/install/include/px4/px4/msg/detail/vehicle_command_ack__builder.hpp
[904.938s] -- Symlinking: /repo/ws/install/include/px4/px4/msg/detail/vehicle_command_ack__struct.hpp
[904.952s] -- Symlinking: /repo/ws/install/include/px4/px4/msg/detail/vehicle_command_ack__traits.hpp
[904.967s] -- Symlinking: /repo/ws/install/include/px4/px4/msg/detail/vehicle_command_ack__type_support.hpp
[904.981s] -- Symlinking: /repo/ws/install/include/px4/px4/msg/detail/vehicle_constraints__builder.hpp
[904.994s] -- Symlinking: /repo/ws/install/include/px4/px4/msg/detail/vehicle_constraints__struct.hpp
[905.008s] -- Symlinking: /repo/ws/install/include/px4/px4/msg/detail/vehicle_constraints__traits.hpp
[905.022s] -- Symlinking: /repo/ws/install/include/px4/px4/msg/detail/vehicle_constraints__type_support.hpp
[905.037s] -- Symlinking: /repo/ws/install/include/px4/px4/msg/detail/vehicle_control_mode__builder.hpp
[905.051s] -- Symlinking: /repo/ws/install/include/px4/px4/msg/detail/vehicle_control_mode__struct.hpp
[905.065s] -- Symlinking: /repo/ws/install/include/px4/px4/msg/detail/vehicle_control_mode__traits.hpp
[905.079s] -- Symlinking: /repo/ws/install/include/px4/px4/msg/detail/vehicle_control_mode__type_support.hpp
[905.092s] -- Symlinking: /repo/ws/install/include/px4/px4/msg/detail/vehicle_global_position__builder.hpp
[905.105s] -- Symlinking: /repo/ws/install/include/px4/px4/msg/detail/vehicle_global_position__struct.hpp
[905.119s] -- Symlinking: /repo/ws/install/include/px4/px4/msg/detail/vehicle_global_position__traits.hpp
[905.132s] -- Symlinking: /repo/ws/install/include/px4/px4/msg/detail/vehicle_global_position__type_support.hpp
[905.146s] -- Symlinking: /repo/ws/install/include/px4/px4/msg/detail/vehicle_imu__builder.hpp
[905.161s] -- Symlinking: /repo/ws/install/include/px4/px4/msg/detail/vehicle_imu__struct.hpp
[905.174s] -- Symlinking: /repo/ws/install/include/px4/px4/msg/detail/vehicle_imu__traits.hpp
[905.188s] -- Symlinking: /repo/ws/install/include/px4/px4/msg/detail/vehicle_imu__type_support.hpp
[905.202s] -- Symlinking: /repo/ws/install/include/px4/px4/msg/detail/vehicle_imu_status__builder.hpp
[905.216s] -- Symlinking: /repo/ws/install/include/px4/px4/msg/detail/vehicle_imu_status__struct.hpp
[905.230s] -- Symlinking: /repo/ws/install/include/px4/px4/msg/detail/vehicle_imu_status__traits.hpp
[905.244s] -- Symlinking: /repo/ws/install/include/px4/px4/msg/detail/vehicle_imu_status__type_support.hpp
[905.257s] -- Symlinking: /repo/ws/install/include/px4/px4/msg/detail/vehicle_land_detected__builder.hpp
[905.272s] -- Symlinking: /repo/ws/install/include/px4/px4/msg/detail/vehicle_land_detected__struct.hpp
[905.286s] -- Symlinking: /repo/ws/install/include/px4/px4/msg/detail/vehicle_land_detected__traits.hpp
[905.299s] -- Symlinking: /repo/ws/install/include/px4/px4/msg/detail/vehicle_land_detected__type_support.hpp
[905.314s] -- Symlinking: /repo/ws/install/include/px4/px4/msg/detail/vehicle_local_position__builder.hpp
[905.328s] -- Symlinking: /repo/ws/install/include/px4/px4/msg/detail/vehicle_local_position__struct.hpp
[905.341s] -- Symlinking: /repo/ws/install/include/px4/px4/msg/detail/vehicle_local_position__traits.hpp
[905.355s] -- Symlinking: /repo/ws/install/include/px4/px4/msg/detail/vehicle_local_position__type_support.hpp
[905.370s] -- Symlinking: /repo/ws/install/include/px4/px4/msg/detail/vehicle_local_position_setpoint__builder.hpp
[905.383s] -- Symlinking: /repo/ws/install/include/px4/px4/msg/detail/vehicle_local_position_setpoint__struct.hpp
[905.397s] -- Symlinking: /repo/ws/install/include/px4/px4/msg/detail/vehicle_local_position_setpoint__traits.hpp
[905.411s] -- Symlinking: /repo/ws/install/include/px4/px4/msg/detail/vehicle_local_position_setpoint__type_support.hpp
[905.425s] -- Symlinking: /repo/ws/install/include/px4/px4/msg/detail/vehicle_magnetometer__builder.hpp
[905.440s] -- Symlinking: /repo/ws/install/include/px4/px4/msg/detail/vehicle_magnetometer__struct.hpp
[905.455s] -- Symlinking: /repo/ws/install/include/px4/px4/msg/detail/vehicle_magnetometer__traits.hpp
[905.469s] -- Symlinking: /repo/ws/install/include/px4/px4/msg/detail/vehicle_magnetometer__type_support.hpp
[905.486s] -- Symlinking: /repo/ws/install/include/px4/px4/msg/detail/vehicle_odometry__builder.hpp
[905.502s] -- Symlinking: /repo/ws/install/include/px4/px4/msg/detail/vehicle_odometry__struct.hpp
[905.516s] -- Symlinking: /repo/ws/install/include/px4/px4/msg/detail/vehicle_odometry__traits.hpp
[905.530s] -- Symlinking: /repo/ws/install/include/px4/px4/msg/detail/vehicle_odometry__type_support.hpp
[905.545s] -- Symlinking: /repo/ws/install/include/px4/px4/msg/detail/vehicle_optical_flow__builder.hpp
[905.561s] -- Symlinking: /repo/ws/install/include/px4/px4/msg/detail/vehicle_optical_flow__struct.hpp
[905.576s] -- Symlinking: /repo/ws/install/include/px4/px4/msg/detail/vehicle_optical_flow__traits.hpp
[905.590s] -- Symlinking: /repo/ws/install/include/px4/px4/msg/detail/vehicle_optical_flow__type_support.hpp
[905.604s] -- Symlinking: /repo/ws/install/include/px4/px4/msg/detail/vehicle_optical_flow_vel__builder.hpp
[905.618s] -- Symlinking: /repo/ws/install/include/px4/px4/msg/detail/vehicle_optical_flow_vel__struct.hpp
[905.631s] -- Symlinking: /repo/ws/install/include/px4/px4/msg/detail/vehicle_optical_flow_vel__traits.hpp
[905.645s] -- Symlinking: /repo/ws/install/include/px4/px4/msg/detail/vehicle_optical_flow_vel__type_support.hpp
[905.660s] -- Symlinking: /repo/ws/install/include/px4/px4/msg/detail/vehicle_rates_setpoint__builder.hpp
[905.674s] -- Symlinking: /repo/ws/install/include/px4/px4/msg/detail/vehicle_rates_setpoint__struct.hpp
[905.688s] -- Symlinking: /repo/ws/install/include/px4/px4/msg/detail/vehicle_rates_setpoint__traits.hpp
[905.702s] -- Symlinking: /repo/ws/install/include/px4/px4/msg/detail/vehicle_rates_setpoint__type_support.hpp
[905.715s] -- Symlinking: /repo/ws/install/include/px4/px4/msg/detail/vehicle_roi__builder.hpp
[905.729s] -- Symlinking: /repo/ws/install/include/px4/px4/msg/detail/vehicle_roi__struct.hpp
[905.743s] -- Symlinking: /repo/ws/install/include/px4/px4/msg/detail/vehicle_roi__traits.hpp
[905.756s] -- Symlinking: /repo/ws/install/include/px4/px4/msg/detail/vehicle_roi__type_support.hpp
[905.770s] -- Symlinking: /repo/ws/install/include/px4/px4/msg/detail/vehicle_status__builder.hpp
[905.783s] -- Symlinking: /repo/ws/install/include/px4/px4/msg/detail/vehicle_status__struct.hpp
[905.797s] -- Symlinking: /repo/ws/install/include/px4/px4/msg/detail/vehicle_status__traits.hpp
[905.811s] -- Symlinking: /repo/ws/install/include/px4/px4/msg/detail/vehicle_status__type_support.hpp
[905.825s] -- Symlinking: /repo/ws/install/include/px4/px4/msg/detail/vehicle_thrust_setpoint__builder.hpp
[905.838s] -- Symlinking: /repo/ws/install/include/px4/px4/msg/detail/vehicle_thrust_setpoint__struct.hpp
[905.853s] -- Symlinking: /repo/ws/install/include/px4/px4/msg/detail/vehicle_thrust_setpoint__traits.hpp
[905.867s] -- Symlinking: /repo/ws/install/include/px4/px4/msg/detail/vehicle_thrust_setpoint__type_support.hpp
[905.881s] -- Symlinking: /repo/ws/install/include/px4/px4/msg/detail/vehicle_torque_setpoint__builder.hpp
[905.894s] -- Symlinking: /repo/ws/install/include/px4/px4/msg/detail/vehicle_torque_setpoint__struct.hpp
[905.908s] -- Symlinking: /repo/ws/install/include/px4/px4/msg/detail/vehicle_torque_setpoint__traits.hpp
[905.920s] -- Symlinking: /repo/ws/install/include/px4/px4/msg/detail/vehicle_torque_setpoint__type_support.hpp
[905.934s] -- Symlinking: /repo/ws/install/include/px4/px4/msg/detail/velocity_limits__builder.hpp
[905.947s] -- Symlinking: /repo/ws/install/include/px4/px4/msg/detail/velocity_limits__struct.hpp
[905.963s] -- Symlinking: /repo/ws/install/include/px4/px4/msg/detail/velocity_limits__traits.hpp
[905.977s] -- Symlinking: /repo/ws/install/include/px4/px4/msg/detail/velocity_limits__type_support.hpp
[905.991s] -- Symlinking: /repo/ws/install/include/px4/px4/msg/detail/vtol_vehicle_status__builder.hpp
[906.005s] -- Symlinking: /repo/ws/install/include/px4/px4/msg/detail/vtol_vehicle_status__struct.hpp
[906.019s] -- Symlinking: /repo/ws/install/include/px4/px4/msg/detail/vtol_vehicle_status__traits.hpp
[906.033s] -- Symlinking: /repo/ws/install/include/px4/px4/msg/detail/vtol_vehicle_status__type_support.hpp
[906.046s] -- Symlinking: /repo/ws/install/include/px4/px4/msg/detail/wheel_encoders__builder.hpp
[906.062s] -- Symlinking: /repo/ws/install/include/px4/px4/msg/detail/wheel_encoders__struct.hpp
[906.077s] -- Symlinking: /repo/ws/install/include/px4/px4/msg/detail/wheel_encoders__traits.hpp
[906.090s] -- Symlinking: /repo/ws/install/include/px4/px4/msg/detail/wheel_encoders__type_support.hpp
[906.105s] -- Symlinking: /repo/ws/install/include/px4/px4/msg/detail/wind__builder.hpp
[906.121s] -- Symlinking: /repo/ws/install/include/px4/px4/msg/detail/wind__struct.hpp
[906.138s] -- Symlinking: /repo/ws/install/include/px4/px4/msg/detail/wind__traits.hpp
[906.156s] -- Symlinking: /repo/ws/install/include/px4/px4/msg/detail/wind__type_support.hpp
[906.169s] -- Symlinking: /repo/ws/install/include/px4/px4/msg/detail/yaw_estimator_status__builder.hpp
[906.185s] -- Symlinking: /repo/ws/install/include/px4/px4/msg/detail/yaw_estimator_status__struct.hpp
[906.199s] -- Symlinking: /repo/ws/install/include/px4/px4/msg/detail/yaw_estimator_status__traits.hpp
[906.214s] -- Symlinking: /repo/ws/install/include/px4/px4/msg/detail/yaw_estimator_status__type_support.hpp
[906.228s] -- Symlinking: /repo/ws/install/include/px4/px4/msg/differential_pressure.hpp
[906.242s] -- Symlinking: /repo/ws/install/include/px4/px4/msg/differential_velocity_setpoint.hpp
[906.254s] -- Symlinking: /repo/ws/install/include/px4/px4/msg/distance_sensor.hpp
[906.268s] -- Symlinking: /repo/ws/install/include/px4/px4/msg/distance_sensor_mode_change_request.hpp
[906.282s] -- Symlinking: /repo/ws/install/include/px4/px4/msg/ekf2_timestamps.hpp
[906.296s] -- Symlinking: /repo/ws/install/include/px4/px4/msg/esc_report.hpp
[906.308s] -- Symlinking: /repo/ws/install/include/px4/px4/msg/esc_status.hpp
[906.321s] -- Symlinking: /repo/ws/install/include/px4/px4/msg/estimator_aid_source1d.hpp
[906.335s] -- Symlinking: /repo/ws/install/include/px4/px4/msg/estimator_aid_source2d.hpp
[906.348s] -- Symlinking: /repo/ws/install/include/px4/px4/msg/estimator_aid_source3d.hpp
[906.364s] -- Symlinking: /repo/ws/install/include/px4/px4/msg/estimator_bias.hpp
[906.380s] -- Symlinking: /repo/ws/install/include/px4/px4/msg/estimator_bias3d.hpp
[906.398s] -- Symlinking: /repo/ws/install/include/px4/px4/msg/estimator_event_flags.hpp
[906.411s] -- Symlinking: /repo/ws/install/include/px4/px4/msg/estimator_gps_status.hpp
[906.424s] -- Symlinking: /repo/ws/install/include/px4/px4/msg/estimator_innovations.hpp
[906.439s] -- Symlinking: /repo/ws/install/include/px4/px4/msg/estimator_selector_status.hpp
[906.455s] -- Symlinking: /repo/ws/install/include/px4/px4/msg/estimator_sensor_bias.hpp
[906.469s] -- Symlinking: /repo/ws/install/include/px4/px4/msg/estimator_states.hpp
[906.483s] -- Symlinking: /repo/ws/install/include/px4/px4/msg/estimator_status.hpp
[906.498s] -- Symlinking: /repo/ws/install/include/px4/px4/msg/estimator_status_flags.hpp
[906.513s] -- Symlinking: /repo/ws/install/include/px4/px4/msg/event.hpp
[906.528s] -- Symlinking: /repo/ws/install/include/px4/px4/msg/failsafe_flags.hpp
[906.542s] -- Symlinking: /repo/ws/install/include/px4/px4/msg/failure_detector_status.hpp
[906.555s] -- Symlinking: /repo/ws/install/include/px4/px4/msg/figure_eight_status.hpp
[906.571s] -- Symlinking: /repo/ws/install/include/px4/px4/msg/flight_phase_estimation.hpp
[906.586s] -- Symlinking: /repo/ws/install/include/px4/px4/msg/follow_target.hpp
[906.600s] -- Symlinking: /repo/ws/install/include/px4/px4/msg/follow_target_estimator.hpp
[906.614s] -- Symlinking: /repo/ws/install/include/px4/px4/msg/follow_target_status.hpp
[906.628s] -- Symlinking: /repo/ws/install/include/px4/px4/msg/fuel_tank_status.hpp
[906.642s] -- Symlinking: /repo/ws/install/include/px4/px4/msg/generator_status.hpp
[906.656s] -- Symlinking: /repo/ws/install/include/px4/px4/msg/geofence_result.hpp
[906.672s] -- Symlinking: /repo/ws/install/include/px4/px4/msg/geofence_status.hpp
[906.686s] -- Symlinking: /repo/ws/install/include/px4/px4/msg/gimbal_controls.hpp
[906.700s] -- Symlinking: /repo/ws/install/include/px4/px4/msg/gimbal_device_attitude_status.hpp
[906.714s] -- Symlinking: /repo/ws/install/include/px4/px4/msg/gimbal_device_information.hpp
[906.727s] -- Symlinking: /repo/ws/install/include/px4/px4/msg/gimbal_device_set_attitude.hpp
[906.741s] -- Symlinking: /repo/ws/install/include/px4/px4/msg/gimbal_manager_information.hpp
[906.755s] -- Symlinking: /repo/ws/install/include/px4/px4/msg/gimbal_manager_set_attitude.hpp
[906.769s] -- Symlinking: /repo/ws/install/include/px4/px4/msg/gimbal_manager_set_manual_control.hpp
[906.782s] -- Symlinking: /repo/ws/install/include/px4/px4/msg/gimbal_manager_status.hpp
[906.795s] -- Symlinking: /repo/ws/install/include/px4/px4/msg/goto_setpoint.hpp
[906.808s] -- Symlinking: /repo/ws/install/include/px4/px4/msg/gpio_config.hpp
[906.821s] -- Symlinking: /repo/ws/install/include/px4/px4/msg/gpio_in.hpp
[906.835s] -- Symlinking: /repo/ws/install/include/px4/px4/msg/gpio_out.hpp
[906.849s] -- Symlinking: /repo/ws/install/include/px4/px4/msg/gpio_request.hpp
[906.864s] -- Symlinking: /repo/ws/install/include/px4/px4/msg/gps_dump.hpp
[906.877s] -- Symlinking: /repo/ws/install/include/px4/px4/msg/gps_inject_data.hpp
[906.891s] -- Symlinking: /repo/ws/install/include/px4/px4/msg/gripper.hpp
[906.904s] -- Symlinking: /repo/ws/install/include/px4/px4/msg/health_report.hpp
[906.918s] -- Symlinking: /repo/ws/install/include/px4/px4/msg/heater_status.hpp
[906.932s] -- Symlinking: /repo/ws/install/include/px4/px4/msg/home_position.hpp
[906.946s] -- Symlinking: /repo/ws/install/include/px4/px4/msg/hover_thrust_estimate.hpp
[906.960s] -- Symlinking: /repo/ws/install/include/px4/px4/msg/input_rc.hpp
[906.974s] -- Symlinking: /repo/ws/install/include/px4/px4/msg/internal_combustion_engine_control.hpp
[906.988s] -- Symlinking: /repo/ws/install/include/px4/px4/msg/internal_combustion_engine_status.hpp
[907.001s] -- Symlinking: /repo/ws/install/include/px4/px4/msg/iridiumsbd_status.hpp
[907.014s] -- Symlinking: /repo/ws/install/include/px4/px4/msg/irlock_report.hpp
[907.027s] -- Symlinking: /repo/ws/install/include/px4/px4/msg/landing_gear.hpp
[907.041s] -- Symlinking: /repo/ws/install/include/px4/px4/msg/landing_gear_wheel.hpp
[907.054s] -- Symlinking: /repo/ws/install/include/px4/px4/msg/landing_target_innovations.hpp
[907.069s] -- Symlinking: /repo/ws/install/include/px4/px4/msg/landing_target_pose.hpp
[907.082s] -- Symlinking: /repo/ws/install/include/px4/px4/msg/launch_detection_status.hpp
[907.096s] -- Symlinking: /repo/ws/install/include/px4/px4/msg/led_control.hpp
[907.110s] -- Symlinking: /repo/ws/install/include/px4/px4/msg/log_message.hpp
[907.124s] -- Symlinking: /repo/ws/install/include/px4/px4/msg/logger_status.hpp
[907.138s] -- Symlinking: /repo/ws/install/include/px4/px4/msg/mag_worker_data.hpp
[907.152s] -- Symlinking: /repo/ws/install/include/px4/px4/msg/magnetometer_bias_estimate.hpp
[907.167s] -- Symlinking: /repo/ws/install/include/px4/px4/msg/manual_control_setpoint.hpp
[907.180s] -- Symlinking: /repo/ws/install/include/px4/px4/msg/manual_control_switches.hpp
[907.194s] -- Symlinking: /repo/ws/install/include/px4/px4/msg/mavlink_log.hpp
[907.208s] -- Symlinking: /repo/ws/install/include/px4/px4/msg/mavlink_tunnel.hpp
[907.222s] -- Symlinking: /repo/ws/install/include/px4/px4/msg/message_format_request.hpp
[907.236s] -- Symlinking: /repo/ws/install/include/px4/px4/msg/message_format_response.hpp
[907.251s] -- Symlinking: /repo/ws/install/include/px4/px4/msg/mission.hpp
[907.267s] -- Symlinking: /repo/ws/install/include/px4/px4/msg/mission_result.hpp
[907.281s] -- Symlinking: /repo/ws/install/include/px4/px4/msg/mode_completed.hpp
[907.296s] -- Symlinking: /repo/ws/install/include/px4/px4/msg/mount_orientation.hpp
[907.309s] -- Symlinking: /repo/ws/install/include/px4/px4/msg/navigator_mission_item.hpp
[907.322s] -- Symlinking: /repo/ws/install/include/px4/px4/msg/navigator_status.hpp
[907.336s] -- Symlinking: /repo/ws/install/include/px4/px4/msg/normalized_unsigned_setpoint.hpp
[907.351s] -- Symlinking: /repo/ws/install/include/px4/px4/msg/npfg_status.hpp
[907.366s] -- Symlinking: /repo/ws/install/include/px4/px4/msg/obstacle_distance.hpp
[907.381s] -- Symlinking: /repo/ws/install/include/px4/px4/msg/offboard_control_mode.hpp
[907.396s] -- Symlinking: /repo/ws/install/include/px4/px4/msg/onboard_computer_status.hpp
[907.409s] -- Symlinking: /repo/ws/install/include/px4/px4/msg/open_drone_id_arm_status.hpp
[907.423s] -- Symlinking: /repo/ws/install/include/px4/px4/msg/open_drone_id_operator_id.hpp
[907.436s] -- Symlinking: /repo/ws/install/include/px4/px4/msg/open_drone_id_self_id.hpp
[907.450s] -- Symlinking: /repo/ws/install/include/px4/px4/msg/open_drone_id_system.hpp
[907.464s] -- Symlinking: /repo/ws/install/include/px4/px4/msg/orb_test.hpp
[907.478s] -- Symlinking: /repo/ws/install/include/px4/px4/msg/orb_test_large.hpp
[907.492s] -- Symlinking: /repo/ws/install/include/px4/px4/msg/orb_test_medium.hpp
[907.507s] -- Symlinking: /repo/ws/install/include/px4/px4/msg/orbit_status.hpp
[907.521s] -- Symlinking: /repo/ws/install/include/px4/px4/msg/parameter_reset_request.hpp
[907.535s] -- Symlinking: /repo/ws/install/include/px4/px4/msg/parameter_set_used_request.hpp
[907.550s] -- Symlinking: /repo/ws/install/include/px4/px4/msg/parameter_set_value_request.hpp
[907.565s] -- Symlinking: /repo/ws/install/include/px4/px4/msg/parameter_set_value_response.hpp
[907.580s] -- Symlinking: /repo/ws/install/include/px4/px4/msg/parameter_update.hpp
[907.594s] -- Symlinking: /repo/ws/install/include/px4/px4/msg/ping.hpp
[907.609s] -- Symlinking: /repo/ws/install/include/px4/px4/msg/position_controller_landing_status.hpp
[907.623s] -- Symlinking: /repo/ws/install/include/px4/px4/msg/position_controller_status.hpp
[907.637s] -- Symlinking: /repo/ws/install/include/px4/px4/msg/position_setpoint.hpp
[907.651s] -- Symlinking: /repo/ws/install/include/px4/px4/msg/position_setpoint_triplet.hpp
[907.666s] -- Symlinking: /repo/ws/install/include/px4/px4/msg/power_button_state.hpp
[907.681s] -- Symlinking: /repo/ws/install/include/px4/px4/msg/power_monitor.hpp
[907.695s] -- Symlinking: /repo/ws/install/include/px4/px4/msg/pps_capture.hpp
[907.709s] -- Symlinking: /repo/ws/install/include/px4/px4/msg/pure_pursuit_status.hpp
[907.723s] -- Symlinking: /repo/ws/install/include/px4/px4/msg/pwm_input.hpp
[907.738s] -- Symlinking: /repo/ws/install/include/px4/px4/msg/px4io_status.hpp
[907.752s] -- Symlinking: /repo/ws/install/include/px4/px4/msg/qshell_req.hpp
[907.767s] -- Symlinking: /repo/ws/install/include/px4/px4/msg/qshell_retval.hpp
[907.781s] -- Symlinking: /repo/ws/install/include/px4/px4/msg/radio_status.hpp
[907.794s] -- Symlinking: /repo/ws/install/include/px4/px4/msg/rate_ctrl_status.hpp
[907.807s] -- Symlinking: /repo/ws/install/include/px4/px4/msg/rc_channels.hpp
[907.822s] -- Symlinking: /repo/ws/install/include/px4/px4/msg/rc_parameter_map.hpp
[907.835s] -- Symlinking: /repo/ws/install/include/px4/px4/msg/register_ext_component_reply.hpp
[907.849s] -- Symlinking: /repo/ws/install/include/px4/px4/msg/register_ext_component_request.hpp
[907.864s] -- Symlinking: /repo/ws/install/include/px4/px4/msg/rosidl_generator_cpp__visibility_control.hpp
[907.877s] -- Symlinking: /repo/ws/install/include/px4/px4/msg/rover_attitude_setpoint.hpp
[907.891s] -- Symlinking: /repo/ws/install/include/px4/px4/msg/rover_attitude_status.hpp
[907.905s] -- Symlinking: /repo/ws/install/include/px4/px4/msg/rover_position_setpoint.hpp
[907.918s] -- Symlinking: /repo/ws/install/include/px4/px4/msg/rover_rate_setpoint.hpp
[907.931s] -- Symlinking: /repo/ws/install/include/px4/px4/msg/rover_rate_status.hpp
[907.944s] -- Symlinking: /repo/ws/install/include/px4/px4/msg/rover_steering_setpoint.hpp
[907.958s] -- Symlinking: /repo/ws/install/include/px4/px4/msg/rover_throttle_setpoint.hpp
[907.972s] -- Symlinking: /repo/ws/install/include/px4/px4/msg/rover_velocity_status.hpp
[907.985s] -- Symlinking: /repo/ws/install/include/px4/px4/msg/rpm.hpp
[907.999s] -- Symlinking: /repo/ws/install/include/px4/px4/msg/rtl_status.hpp
[908.014s] -- Symlinking: /repo/ws/install/include/px4/px4/msg/rtl_time_estimate.hpp
[908.028s] -- Symlinking: /repo/ws/install/include/px4/px4/msg/satellite_info.hpp
[908.042s] -- Symlinking: /repo/ws/install/include/px4/px4/msg/sensor_accel.hpp
[908.056s] -- Symlinking: /repo/ws/install/include/px4/px4/msg/sensor_accel_fifo.hpp
[908.070s] -- Symlinking: /repo/ws/install/include/px4/px4/msg/sensor_airflow.hpp
[908.084s] -- Symlinking: /repo/ws/install/include/px4/px4/msg/sensor_baro.hpp
[908.097s] -- Symlinking: /repo/ws/install/include/px4/px4/msg/sensor_combined.hpp
[908.110s] -- Symlinking: /repo/ws/install/include/px4/px4/msg/sensor_correction.hpp
[908.125s] -- Symlinking: /repo/ws/install/include/px4/px4/msg/sensor_gnss_relative.hpp
[908.139s] -- Symlinking: /repo/ws/install/include/px4/px4/msg/sensor_gps.hpp
[908.152s] -- Symlinking: /repo/ws/install/include/px4/px4/msg/sensor_gyro.hpp
[908.169s] -- Symlinking: /repo/ws/install/include/px4/px4/msg/sensor_gyro_fft.hpp
[908.182s] -- Symlinking: /repo/ws/install/include/px4/px4/msg/sensor_gyro_fifo.hpp
[908.197s] -- Symlinking: /repo/ws/install/include/px4/px4/msg/sensor_hygrometer.hpp
[908.211s] -- Symlinking: /repo/ws/install/include/px4/px4/msg/sensor_mag.hpp
[908.224s] -- Symlinking: /repo/ws/install/include/px4/px4/msg/sensor_optical_flow.hpp
[908.238s] -- Symlinking: /repo/ws/install/include/px4/px4/msg/sensor_preflight_mag.hpp
[908.251s] -- Symlinking: /repo/ws/install/include/px4/px4/msg/sensor_selection.hpp
[908.266s] -- Symlinking: /repo/ws/install/include/px4/px4/msg/sensor_uwb.hpp
[908.280s] -- Symlinking: /repo/ws/install/include/px4/px4/msg/sensors_status.hpp
[908.294s] -- Symlinking: /repo/ws/install/include/px4/px4/msg/sensors_status_imu.hpp
[908.307s] -- Symlinking: /repo/ws/install/include/px4/px4/msg/system_power.hpp
[908.320s] -- Symlinking: /repo/ws/install/include/px4/px4/msg/takeoff_status.hpp
[908.334s] -- Symlinking: /repo/ws/install/include/px4/px4/msg/task_stack_info.hpp
[908.347s] -- Symlinking: /repo/ws/install/include/px4/px4/msg/tecs_status.hpp
[908.362s] -- Symlinking: /repo/ws/install/include/px4/px4/msg/telemetry_status.hpp
[908.376s] -- Symlinking: /repo/ws/install/include/px4/px4/msg/tiltrotor_extra_controls.hpp
[908.390s] -- Symlinking: /repo/ws/install/include/px4/px4/msg/timesync_status.hpp
[908.404s] -- Symlinking: /repo/ws/install/include/px4/px4/msg/trajectory_setpoint.hpp
[908.418s] -- Symlinking: /repo/ws/install/include/px4/px4/msg/trajectory_setpoint6dof.hpp
[908.431s] -- Symlinking: /repo/ws/install/include/px4/px4/msg/transponder_report.hpp
[908.444s] -- Symlinking: /repo/ws/install/include/px4/px4/msg/tune_control.hpp
[908.457s] -- Symlinking: /repo/ws/install/include/px4/px4/msg/uavcan_parameter_request.hpp
[908.472s] -- Symlinking: /repo/ws/install/include/px4/px4/msg/uavcan_parameter_value.hpp
[908.486s] -- Symlinking: /repo/ws/install/include/px4/px4/msg/ulog_stream.hpp
[908.501s] -- Symlinking: /repo/ws/install/include/px4/px4/msg/ulog_stream_ack.hpp
[908.516s] -- Symlinking: /repo/ws/install/include/px4/px4/msg/unregister_ext_component.hpp
[908.531s] -- Symlinking: /repo/ws/install/include/px4/px4/msg/vehicle_acceleration.hpp
[908.546s] -- Symlinking: /repo/ws/install/include/px4/px4/msg/vehicle_air_data.hpp
[908.560s] -- Symlinking: /repo/ws/install/include/px4/px4/msg/vehicle_angular_acceleration_setpoint.hpp
[908.575s] -- Symlinking: /repo/ws/install/include/px4/px4/msg/vehicle_angular_velocity.hpp
[908.589s] -- Symlinking: /repo/ws/install/include/px4/px4/msg/vehicle_attitude.hpp
[908.606s] -- Symlinking: /repo/ws/install/include/px4/px4/msg/vehicle_attitude_setpoint.hpp
[908.623s] -- Symlinking: /repo/ws/install/include/px4/px4/msg/vehicle_command.hpp
[908.638s] -- Symlinking: /repo/ws/install/include/px4/px4/msg/vehicle_command_ack.hpp
[908.655s] -- Symlinking: /repo/ws/install/include/px4/px4/msg/vehicle_constraints.hpp
[908.673s] -- Symlinking: /repo/ws/install/include/px4/px4/msg/vehicle_control_mode.hpp
[908.690s] -- Symlinking: /repo/ws/install/include/px4/px4/msg/vehicle_global_position.hpp
[908.711s] -- Symlinking: /repo/ws/install/include/px4/px4/msg/vehicle_imu.hpp
[908.729s] -- Symlinking: /repo/ws/install/include/px4/px4/msg/vehicle_imu_status.hpp
[908.746s] -- Symlinking: /repo/ws/install/include/px4/px4/msg/vehicle_land_detected.hpp
[908.761s] -- Symlinking: /repo/ws/install/include/px4/px4/msg/vehicle_local_position.hpp
[908.779s] -- Symlinking: /repo/ws/install/include/px4/px4/msg/vehicle_local_position_setpoint.hpp
[908.793s] -- Symlinking: /repo/ws/install/include/px4/px4/msg/vehicle_magnetometer.hpp
[908.808s] -- Symlinking: /repo/ws/install/include/px4/px4/msg/vehicle_odometry.hpp
[908.821s] -- Symlinking: /repo/ws/install/include/px4/px4/msg/vehicle_optical_flow.hpp
[908.837s] -- Symlinking: /repo/ws/install/include/px4/px4/msg/vehicle_optical_flow_vel.hpp
[908.852s] -- Symlinking: /repo/ws/install/include/px4/px4/msg/vehicle_rates_setpoint.hpp
[908.867s] -- Symlinking: /repo/ws/install/include/px4/px4/msg/vehicle_roi.hpp
[908.881s] -- Symlinking: /repo/ws/install/include/px4/px4/msg/vehicle_status.hpp
[908.895s] -- Symlinking: /repo/ws/install/include/px4/px4/msg/vehicle_thrust_setpoint.hpp
[908.909s] -- Symlinking: /repo/ws/install/include/px4/px4/msg/vehicle_torque_setpoint.hpp
[908.924s] -- Symlinking: /repo/ws/install/include/px4/px4/msg/velocity_limits.hpp
[908.938s] -- Symlinking: /repo/ws/install/include/px4/px4/msg/vtol_vehicle_status.hpp
[908.952s] -- Symlinking: /repo/ws/install/include/px4/px4/msg/wheel_encoders.hpp
[908.967s] -- Symlinking: /repo/ws/install/include/px4/px4/msg/wind.hpp
[908.981s] -- Symlinking: /repo/ws/install/include/px4/px4/msg/yaw_estimator_status.hpp
[909.011s] -- Symlinking: /repo/ws/install/include/px4/px4/msg/detail/ackermann_velocity_setpoint__rosidl_typesupport_fastrtps_cpp.hpp
[909.025s] -- Symlinking: /repo/ws/install/include/px4/px4/msg/detail/action_request__rosidl_typesupport_fastrtps_cpp.hpp
[909.039s] -- Symlinking: /repo/ws/install/include/px4/px4/msg/detail/actuator_armed__rosidl_typesupport_fastrtps_cpp.hpp
[909.053s] -- Symlinking: /repo/ws/install/include/px4/px4/msg/detail/actuator_controls_status__rosidl_typesupport_fastrtps_cpp.hpp
[909.068s] -- Symlinking: /repo/ws/install/include/px4/px4/msg/detail/actuator_motors__rosidl_typesupport_fastrtps_cpp.hpp
[909.083s] -- Symlinking: /repo/ws/install/include/px4/px4/msg/detail/actuator_outputs__rosidl_typesupport_fastrtps_cpp.hpp
[909.098s] -- Symlinking: /repo/ws/install/include/px4/px4/msg/detail/actuator_servos__rosidl_typesupport_fastrtps_cpp.hpp
[909.113s] -- Symlinking: /repo/ws/install/include/px4/px4/msg/detail/actuator_servos_trim__rosidl_typesupport_fastrtps_cpp.hpp
[909.127s] -- Symlinking: /repo/ws/install/include/px4/px4/msg/detail/actuator_test__rosidl_typesupport_fastrtps_cpp.hpp
[909.140s] -- Symlinking: /repo/ws/install/include/px4/px4/msg/detail/adc_report__rosidl_typesupport_fastrtps_cpp.hpp
[909.155s] -- Symlinking: /repo/ws/install/include/px4/px4/msg/detail/airspeed__rosidl_typesupport_fastrtps_cpp.hpp
[909.170s] -- Symlinking: /repo/ws/install/include/px4/px4/msg/detail/airspeed_validated__rosidl_typesupport_fastrtps_cpp.hpp
[909.184s] -- Symlinking: /repo/ws/install/include/px4/px4/msg/detail/airspeed_wind__rosidl_typesupport_fastrtps_cpp.hpp
[909.198s] -- Symlinking: /repo/ws/install/include/px4/px4/msg/detail/arming_check_reply__rosidl_typesupport_fastrtps_cpp.hpp
[909.211s] -- Symlinking: /repo/ws/install/include/px4/px4/msg/detail/arming_check_request__rosidl_typesupport_fastrtps_cpp.hpp
[909.224s] -- Symlinking: /repo/ws/install/include/px4/px4/msg/detail/autotune_attitude_control_status__rosidl_typesupport_fastrtps_cpp.hpp
[909.237s] -- Symlinking: /repo/ws/install/include/px4/px4/msg/detail/battery_status__rosidl_typesupport_fastrtps_cpp.hpp
[909.250s] -- Symlinking: /repo/ws/install/include/px4/px4/msg/detail/button_event__rosidl_typesupport_fastrtps_cpp.hpp
[909.264s] -- Symlinking: /repo/ws/install/include/px4/px4/msg/detail/camera_capture__rosidl_typesupport_fastrtps_cpp.hpp
[909.277s] -- Symlinking: /repo/ws/install/include/px4/px4/msg/detail/camera_status__rosidl_typesupport_fastrtps_cpp.hpp
[909.291s] -- Symlinking: /repo/ws/install/include/px4/px4/msg/detail/camera_trigger__rosidl_typesupport_fastrtps_cpp.hpp
[909.304s] -- Symlinking: /repo/ws/install/include/px4/px4/msg/detail/can_interface_status__rosidl_typesupport_fastrtps_cpp.hpp
[909.319s] -- Symlinking: /repo/ws/install/include/px4/px4/msg/detail/cellular_status__rosidl_typesupport_fastrtps_cpp.hpp
[909.333s] -- Symlinking: /repo/ws/install/include/px4/px4/msg/detail/collision_constraints__rosidl_typesupport_fastrtps_cpp.hpp
[909.346s] -- Symlinking: /repo/ws/install/include/px4/px4/msg/detail/config_overrides__rosidl_typesupport_fastrtps_cpp.hpp
[909.360s] -- Symlinking: /repo/ws/install/include/px4/px4/msg/detail/control_allocator_status__rosidl_typesupport_fastrtps_cpp.hpp
[909.375s] -- Symlinking: /repo/ws/install/include/px4/px4/msg/detail/cpuload__rosidl_typesupport_fastrtps_cpp.hpp
[909.389s] -- Symlinking: /repo/ws/install/include/px4/px4/msg/detail/dataman_request__rosidl_typesupport_fastrtps_cpp.hpp
[909.404s] -- Symlinking: /repo/ws/install/include/px4/px4/msg/detail/dataman_response__rosidl_typesupport_fastrtps_cpp.hpp
[909.418s] -- Symlinking: /repo/ws/install/include/px4/px4/msg/detail/debug_array__rosidl_typesupport_fastrtps_cpp.hpp
[909.433s] -- Symlinking: /repo/ws/install/include/px4/px4/msg/detail/debug_key_value__rosidl_typesupport_fastrtps_cpp.hpp
[909.445s] -- Symlinking: /repo/ws/install/include/px4/px4/msg/detail/debug_value__rosidl_typesupport_fastrtps_cpp.hpp
[909.459s] -- Symlinking: /repo/ws/install/include/px4/px4/msg/detail/debug_vect__rosidl_typesupport_fastrtps_cpp.hpp
[909.472s] -- Symlinking: /repo/ws/install/include/px4/px4/msg/detail/differential_pressure__rosidl_typesupport_fastrtps_cpp.hpp
[909.486s] -- Symlinking: /repo/ws/install/include/px4/px4/msg/detail/differential_velocity_setpoint__rosidl_typesupport_fastrtps_cpp.hpp
[909.499s] -- Symlinking: /repo/ws/install/include/px4/px4/msg/detail/distance_sensor__rosidl_typesupport_fastrtps_cpp.hpp
[909.512s] -- Symlinking: /repo/ws/install/include/px4/px4/msg/detail/distance_sensor_mode_change_request__rosidl_typesupport_fastrtps_cpp.hpp
[909.526s] -- Symlinking: /repo/ws/install/include/px4/px4/msg/detail/ekf2_timestamps__rosidl_typesupport_fastrtps_cpp.hpp
[909.540s] -- Symlinking: /repo/ws/install/include/px4/px4/msg/detail/esc_report__rosidl_typesupport_fastrtps_cpp.hpp
[909.554s] -- Symlinking: /repo/ws/install/include/px4/px4/msg/detail/esc_status__rosidl_typesupport_fastrtps_cpp.hpp
[909.570s] -- Symlinking: /repo/ws/install/include/px4/px4/msg/detail/estimator_aid_source1d__rosidl_typesupport_fastrtps_cpp.hpp
[909.585s] -- Symlinking: /repo/ws/install/include/px4/px4/msg/detail/estimator_aid_source2d__rosidl_typesupport_fastrtps_cpp.hpp
[909.599s] -- Symlinking: /repo/ws/install/include/px4/px4/msg/detail/estimator_aid_source3d__rosidl_typesupport_fastrtps_cpp.hpp
[909.613s] -- Symlinking: /repo/ws/install/include/px4/px4/msg/detail/estimator_bias3d__rosidl_typesupport_fastrtps_cpp.hpp
[909.626s] -- Symlinking: /repo/ws/install/include/px4/px4/msg/detail/estimator_bias__rosidl_typesupport_fastrtps_cpp.hpp
[909.640s] -- Symlinking: /repo/ws/install/include/px4/px4/msg/detail/estimator_event_flags__rosidl_typesupport_fastrtps_cpp.hpp
[909.653s] -- Symlinking: /repo/ws/install/include/px4/px4/msg/detail/estimator_gps_status__rosidl_typesupport_fastrtps_cpp.hpp
[909.668s] -- Symlinking: /repo/ws/install/include/px4/px4/msg/detail/estimator_innovations__rosidl_typesupport_fastrtps_cpp.hpp
[909.682s] -- Symlinking: /repo/ws/install/include/px4/px4/msg/detail/estimator_selector_status__rosidl_typesupport_fastrtps_cpp.hpp
[909.696s] -- Symlinking: /repo/ws/install/include/px4/px4/msg/detail/estimator_sensor_bias__rosidl_typesupport_fastrtps_cpp.hpp
[909.710s] -- Symlinking: /repo/ws/install/include/px4/px4/msg/detail/estimator_states__rosidl_typesupport_fastrtps_cpp.hpp
[909.725s] -- Symlinking: /repo/ws/install/include/px4/px4/msg/detail/estimator_status__rosidl_typesupport_fastrtps_cpp.hpp
[909.741s] -- Symlinking: /repo/ws/install/include/px4/px4/msg/detail/estimator_status_flags__rosidl_typesupport_fastrtps_cpp.hpp
[909.754s] -- Symlinking: /repo/ws/install/include/px4/px4/msg/detail/event__rosidl_typesupport_fastrtps_cpp.hpp
[909.769s] -- Symlinking: /repo/ws/install/include/px4/px4/msg/detail/failsafe_flags__rosidl_typesupport_fastrtps_cpp.hpp
[909.785s] -- Symlinking: /repo/ws/install/include/px4/px4/msg/detail/failure_detector_status__rosidl_typesupport_fastrtps_cpp.hpp
[909.801s] -- Symlinking: /repo/ws/install/include/px4/px4/msg/detail/figure_eight_status__rosidl_typesupport_fastrtps_cpp.hpp
[909.817s] -- Symlinking: /repo/ws/install/include/px4/px4/msg/detail/flight_phase_estimation__rosidl_typesupport_fastrtps_cpp.hpp
[909.832s] -- Symlinking: /repo/ws/install/include/px4/px4/msg/detail/follow_target__rosidl_typesupport_fastrtps_cpp.hpp
[909.847s] -- Symlinking: /repo/ws/install/include/px4/px4/msg/detail/follow_target_estimator__rosidl_typesupport_fastrtps_cpp.hpp
[909.863s] -- Symlinking: /repo/ws/install/include/px4/px4/msg/detail/follow_target_status__rosidl_typesupport_fastrtps_cpp.hpp
[909.881s] -- Symlinking: /repo/ws/install/include/px4/px4/msg/detail/fuel_tank_status__rosidl_typesupport_fastrtps_cpp.hpp
[909.898s] -- Symlinking: /repo/ws/install/include/px4/px4/msg/detail/generator_status__rosidl_typesupport_fastrtps_cpp.hpp
[909.914s] -- Symlinking: /repo/ws/install/include/px4/px4/msg/detail/geofence_result__rosidl_typesupport_fastrtps_cpp.hpp
[909.930s] -- Symlinking: /repo/ws/install/include/px4/px4/msg/detail/geofence_status__rosidl_typesupport_fastrtps_cpp.hpp
[909.946s] -- Symlinking: /repo/ws/install/include/px4/px4/msg/detail/gimbal_controls__rosidl_typesupport_fastrtps_cpp.hpp
[909.964s] -- Symlinking: /repo/ws/install/include/px4/px4/msg/detail/gimbal_device_attitude_status__rosidl_typesupport_fastrtps_cpp.hpp
[909.978s] -- Symlinking: /repo/ws/install/include/px4/px4/msg/detail/gimbal_device_information__rosidl_typesupport_fastrtps_cpp.hpp
[909.995s] -- Symlinking: /repo/ws/install/include/px4/px4/msg/detail/gimbal_device_set_attitude__rosidl_typesupport_fastrtps_cpp.hpp
[910.011s] -- Symlinking: /repo/ws/install/include/px4/px4/msg/detail/gimbal_manager_information__rosidl_typesupport_fastrtps_cpp.hpp
[910.026s] -- Symlinking: /repo/ws/install/include/px4/px4/msg/detail/gimbal_manager_set_attitude__rosidl_typesupport_fastrtps_cpp.hpp
[910.040s] -- Symlinking: /repo/ws/install/include/px4/px4/msg/detail/gimbal_manager_set_manual_control__rosidl_typesupport_fastrtps_cpp.hpp
[910.057s] -- Symlinking: /repo/ws/install/include/px4/px4/msg/detail/gimbal_manager_status__rosidl_typesupport_fastrtps_cpp.hpp
[910.073s] -- Symlinking: /repo/ws/install/include/px4/px4/msg/detail/goto_setpoint__rosidl_typesupport_fastrtps_cpp.hpp
[910.089s] -- Symlinking: /repo/ws/install/include/px4/px4/msg/detail/gpio_config__rosidl_typesupport_fastrtps_cpp.hpp
[910.103s] -- Symlinking: /repo/ws/install/include/px4/px4/msg/detail/gpio_in__rosidl_typesupport_fastrtps_cpp.hpp
[910.118s] -- Symlinking: /repo/ws/install/include/px4/px4/msg/detail/gpio_out__rosidl_typesupport_fastrtps_cpp.hpp
[910.136s] -- Symlinking: /repo/ws/install/include/px4/px4/msg/detail/gpio_request__rosidl_typesupport_fastrtps_cpp.hpp
[910.152s] -- Symlinking: /repo/ws/install/include/px4/px4/msg/detail/gps_dump__rosidl_typesupport_fastrtps_cpp.hpp
[910.172s] -- Symlinking: /repo/ws/install/include/px4/px4/msg/detail/gps_inject_data__rosidl_typesupport_fastrtps_cpp.hpp
[910.194s] -- Symlinking: /repo/ws/install/include/px4/px4/msg/detail/gripper__rosidl_typesupport_fastrtps_cpp.hpp
[910.212s] -- Symlinking: /repo/ws/install/include/px4/px4/msg/detail/health_report__rosidl_typesupport_fastrtps_cpp.hpp
[910.230s] -- Symlinking: /repo/ws/install/include/px4/px4/msg/detail/heater_status__rosidl_typesupport_fastrtps_cpp.hpp
[910.248s] -- Symlinking: /repo/ws/install/include/px4/px4/msg/detail/home_position__rosidl_typesupport_fastrtps_cpp.hpp
[910.263s] -- Symlinking: /repo/ws/install/include/px4/px4/msg/detail/hover_thrust_estimate__rosidl_typesupport_fastrtps_cpp.hpp
[910.280s] -- Symlinking: /repo/ws/install/include/px4/px4/msg/detail/input_rc__rosidl_typesupport_fastrtps_cpp.hpp
[910.296s] -- Symlinking: /repo/ws/install/include/px4/px4/msg/detail/internal_combustion_engine_control__rosidl_typesupport_fastrtps_cpp.hpp
[910.311s] -- Symlinking: /repo/ws/install/include/px4/px4/msg/detail/internal_combustion_engine_status__rosidl_typesupport_fastrtps_cpp.hpp
[910.325s] -- Symlinking: /repo/ws/install/include/px4/px4/msg/detail/iridiumsbd_status__rosidl_typesupport_fastrtps_cpp.hpp
[910.341s] -- Symlinking: /repo/ws/install/include/px4/px4/msg/detail/irlock_report__rosidl_typesupport_fastrtps_cpp.hpp
[910.357s] -- Symlinking: /repo/ws/install/include/px4/px4/msg/detail/landing_gear__rosidl_typesupport_fastrtps_cpp.hpp
[910.375s] -- Symlinking: /repo/ws/install/include/px4/px4/msg/detail/landing_gear_wheel__rosidl_typesupport_fastrtps_cpp.hpp
[910.389s] -- Symlinking: /repo/ws/install/include/px4/px4/msg/detail/landing_target_innovations__rosidl_typesupport_fastrtps_cpp.hpp
[910.404s] -- Symlinking: /repo/ws/install/include/px4/px4/msg/detail/landing_target_pose__rosidl_typesupport_fastrtps_cpp.hpp
[910.419s] -- Symlinking: /repo/ws/install/include/px4/px4/msg/detail/launch_detection_status__rosidl_typesupport_fastrtps_cpp.hpp
[910.437s] -- Symlinking: /repo/ws/install/include/px4/px4/msg/detail/led_control__rosidl_typesupport_fastrtps_cpp.hpp
[910.452s] -- Symlinking: /repo/ws/install/include/px4/px4/msg/detail/log_message__rosidl_typesupport_fastrtps_cpp.hpp
[910.468s] -- Symlinking: /repo/ws/install/include/px4/px4/msg/detail/logger_status__rosidl_typesupport_fastrtps_cpp.hpp
[910.483s] -- Symlinking: /repo/ws/install/include/px4/px4/msg/detail/mag_worker_data__rosidl_typesupport_fastrtps_cpp.hpp
[910.501s] -- Symlinking: /repo/ws/install/include/px4/px4/msg/detail/magnetometer_bias_estimate__rosidl_typesupport_fastrtps_cpp.hpp
[910.516s] -- Symlinking: /repo/ws/install/include/px4/px4/msg/detail/manual_control_setpoint__rosidl_typesupport_fastrtps_cpp.hpp
[910.532s] -- Symlinking: /repo/ws/install/include/px4/px4/msg/detail/manual_control_switches__rosidl_typesupport_fastrtps_cpp.hpp
[910.548s] -- Symlinking: /repo/ws/install/include/px4/px4/msg/detail/mavlink_log__rosidl_typesupport_fastrtps_cpp.hpp
[910.563s] -- Symlinking: /repo/ws/install/include/px4/px4/msg/detail/mavlink_tunnel__rosidl_typesupport_fastrtps_cpp.hpp
[910.579s] -- Symlinking: /repo/ws/install/include/px4/px4/msg/detail/message_format_request__rosidl_typesupport_fastrtps_cpp.hpp
[910.594s] -- Symlinking: /repo/ws/install/include/px4/px4/msg/detail/message_format_response__rosidl_typesupport_fastrtps_cpp.hpp
[910.609s] -- Symlinking: /repo/ws/install/include/px4/px4/msg/detail/mission__rosidl_typesupport_fastrtps_cpp.hpp
[910.623s] -- Symlinking: /repo/ws/install/include/px4/px4/msg/detail/mission_result__rosidl_typesupport_fastrtps_cpp.hpp
[910.637s] -- Symlinking: /repo/ws/install/include/px4/px4/msg/detail/mode_completed__rosidl_typesupport_fastrtps_cpp.hpp
[910.651s] -- Symlinking: /repo/ws/install/include/px4/px4/msg/detail/mount_orientation__rosidl_typesupport_fastrtps_cpp.hpp
[910.665s] -- Symlinking: /repo/ws/install/include/px4/px4/msg/detail/navigator_mission_item__rosidl_typesupport_fastrtps_cpp.hpp
[910.681s] -- Symlinking: /repo/ws/install/include/px4/px4/msg/detail/navigator_status__rosidl_typesupport_fastrtps_cpp.hpp
[910.694s] -- Symlinking: /repo/ws/install/include/px4/px4/msg/detail/normalized_unsigned_setpoint__rosidl_typesupport_fastrtps_cpp.hpp
[910.712s] -- Symlinking: /repo/ws/install/include/px4/px4/msg/detail/npfg_status__rosidl_typesupport_fastrtps_cpp.hpp
[910.723s] -- Symlinking: /repo/ws/install/include/px4/px4/msg/detail/obstacle_distance__rosidl_typesupport_fastrtps_cpp.hpp
[910.737s] -- Symlinking: /repo/ws/install/include/px4/px4/msg/detail/offboard_control_mode__rosidl_typesupport_fastrtps_cpp.hpp
[910.752s] -- Symlinking: /repo/ws/install/include/px4/px4/msg/detail/onboard_computer_status__rosidl_typesupport_fastrtps_cpp.hpp
[910.767s] -- Symlinking: /repo/ws/install/include/px4/px4/msg/detail/open_drone_id_arm_status__rosidl_typesupport_fastrtps_cpp.hpp
[910.786s] -- Symlinking: /repo/ws/install/include/px4/px4/msg/detail/open_drone_id_operator_id__rosidl_typesupport_fastrtps_cpp.hpp
[910.800s] -- Symlinking: /repo/ws/install/include/px4/px4/msg/detail/open_drone_id_self_id__rosidl_typesupport_fastrtps_cpp.hpp
[910.815s] -- Symlinking: /repo/ws/install/include/px4/px4/msg/detail/open_drone_id_system__rosidl_typesupport_fastrtps_cpp.hpp
[910.832s] -- Symlinking: /repo/ws/install/include/px4/px4/msg/detail/orb_test__rosidl_typesupport_fastrtps_cpp.hpp
[910.846s] -- Symlinking: /repo/ws/install/include/px4/px4/msg/detail/orb_test_large__rosidl_typesupport_fastrtps_cpp.hpp
[910.865s] -- Symlinking: /repo/ws/install/include/px4/px4/msg/detail/orb_test_medium__rosidl_typesupport_fastrtps_cpp.hpp
[910.881s] -- Symlinking: /repo/ws/install/include/px4/px4/msg/detail/orbit_status__rosidl_typesupport_fastrtps_cpp.hpp
[910.895s] -- Symlinking: /repo/ws/install/include/px4/px4/msg/detail/parameter_reset_request__rosidl_typesupport_fastrtps_cpp.hpp
[910.910s] -- Symlinking: /repo/ws/install/include/px4/px4/msg/detail/parameter_set_used_request__rosidl_typesupport_fastrtps_cpp.hpp
[910.926s] -- Symlinking: /repo/ws/install/include/px4/px4/msg/detail/parameter_set_value_request__rosidl_typesupport_fastrtps_cpp.hpp
[910.941s] -- Symlinking: /repo/ws/install/include/px4/px4/msg/detail/parameter_set_value_response__rosidl_typesupport_fastrtps_cpp.hpp
[910.957s] -- Symlinking: /repo/ws/install/include/px4/px4/msg/detail/parameter_update__rosidl_typesupport_fastrtps_cpp.hpp
[910.971s] -- Symlinking: /repo/ws/install/include/px4/px4/msg/detail/ping__rosidl_typesupport_fastrtps_cpp.hpp
[910.986s] -- Symlinking: /repo/ws/install/include/px4/px4/msg/detail/position_controller_landing_status__rosidl_typesupport_fastrtps_cpp.hpp
[911.000s] -- Symlinking: /repo/ws/install/include/px4/px4/msg/detail/position_controller_status__rosidl_typesupport_fastrtps_cpp.hpp
[911.016s] -- Symlinking: /repo/ws/install/include/px4/px4/msg/detail/position_setpoint__rosidl_typesupport_fastrtps_cpp.hpp
[911.033s] -- Symlinking: /repo/ws/install/include/px4/px4/msg/detail/position_setpoint_triplet__rosidl_typesupport_fastrtps_cpp.hpp
[911.047s] -- Symlinking: /repo/ws/install/include/px4/px4/msg/detail/power_button_state__rosidl_typesupport_fastrtps_cpp.hpp
[911.061s] -- Symlinking: /repo/ws/install/include/px4/px4/msg/detail/power_monitor__rosidl_typesupport_fastrtps_cpp.hpp
[911.082s] -- Symlinking: /repo/ws/install/include/px4/px4/msg/detail/pps_capture__rosidl_typesupport_fastrtps_cpp.hpp
[911.100s] -- Symlinking: /repo/ws/install/include/px4/px4/msg/detail/pure_pursuit_status__rosidl_typesupport_fastrtps_cpp.hpp
[911.116s] -- Symlinking: /repo/ws/install/include/px4/px4/msg/detail/pwm_input__rosidl_typesupport_fastrtps_cpp.hpp
[911.130s] -- Symlinking: /repo/ws/install/include/px4/px4/msg/detail/px4io_status__rosidl_typesupport_fastrtps_cpp.hpp
[911.143s] -- Symlinking: /repo/ws/install/include/px4/px4/msg/detail/qshell_req__rosidl_typesupport_fastrtps_cpp.hpp
[911.158s] -- Symlinking: /repo/ws/install/include/px4/px4/msg/detail/qshell_retval__rosidl_typesupport_fastrtps_cpp.hpp
[911.175s] -- Symlinking: /repo/ws/install/include/px4/px4/msg/detail/radio_status__rosidl_typesupport_fastrtps_cpp.hpp
[911.193s] -- Symlinking: /repo/ws/install/include/px4/px4/msg/detail/rate_ctrl_status__rosidl_typesupport_fastrtps_cpp.hpp
[911.209s] -- Symlinking: /repo/ws/install/include/px4/px4/msg/detail/rc_channels__rosidl_typesupport_fastrtps_cpp.hpp
[911.224s] -- Symlinking: /repo/ws/install/include/px4/px4/msg/detail/rc_parameter_map__rosidl_typesupport_fastrtps_cpp.hpp
[911.238s] -- Symlinking: /repo/ws/install/include/px4/px4/msg/detail/register_ext_component_reply__rosidl_typesupport_fastrtps_cpp.hpp
[911.251s] -- Symlinking: /repo/ws/install/include/px4/px4/msg/detail/register_ext_component_request__rosidl_typesupport_fastrtps_cpp.hpp
[911.270s] -- Symlinking: /repo/ws/install/include/px4/px4/msg/detail/rover_attitude_setpoint__rosidl_typesupport_fastrtps_cpp.hpp
[911.284s] -- Symlinking: /repo/ws/install/include/px4/px4/msg/detail/rover_attitude_status__rosidl_typesupport_fastrtps_cpp.hpp
[911.299s] -- Symlinking: /repo/ws/install/include/px4/px4/msg/detail/rover_position_setpoint__rosidl_typesupport_fastrtps_cpp.hpp
[911.313s] -- Symlinking: /repo/ws/install/include/px4/px4/msg/detail/rover_rate_setpoint__rosidl_typesupport_fastrtps_cpp.hpp
[911.326s] -- Symlinking: /repo/ws/install/include/px4/px4/msg/detail/rover_rate_status__rosidl_typesupport_fastrtps_cpp.hpp
[911.340s] -- Symlinking: /repo/ws/install/include/px4/px4/msg/detail/rover_steering_setpoint__rosidl_typesupport_fastrtps_cpp.hpp
[911.354s] -- Symlinking: /repo/ws/install/include/px4/px4/msg/detail/rover_throttle_setpoint__rosidl_typesupport_fastrtps_cpp.hpp
[911.370s] -- Symlinking: /repo/ws/install/include/px4/px4/msg/detail/rover_velocity_status__rosidl_typesupport_fastrtps_cpp.hpp
[911.386s] -- Symlinking: /repo/ws/install/include/px4/px4/msg/detail/rpm__rosidl_typesupport_fastrtps_cpp.hpp
[911.401s] -- Symlinking: /repo/ws/install/include/px4/px4/msg/detail/rtl_status__rosidl_typesupport_fastrtps_cpp.hpp
[911.417s] -- Symlinking: /repo/ws/install/include/px4/px4/msg/detail/rtl_time_estimate__rosidl_typesupport_fastrtps_cpp.hpp
[911.432s] -- Symlinking: /repo/ws/install/include/px4/px4/msg/detail/satellite_info__rosidl_typesupport_fastrtps_cpp.hpp
[911.446s] -- Symlinking: /repo/ws/install/include/px4/px4/msg/detail/sensor_accel__rosidl_typesupport_fastrtps_cpp.hpp
[911.460s] -- Symlinking: /repo/ws/install/include/px4/px4/msg/detail/sensor_accel_fifo__rosidl_typesupport_fastrtps_cpp.hpp
[911.476s] -- Symlinking: /repo/ws/install/include/px4/px4/msg/detail/sensor_airflow__rosidl_typesupport_fastrtps_cpp.hpp
[911.491s] -- Symlinking: /repo/ws/install/include/px4/px4/msg/detail/sensor_baro__rosidl_typesupport_fastrtps_cpp.hpp
[911.505s] -- Symlinking: /repo/ws/install/include/px4/px4/msg/detail/sensor_combined__rosidl_typesupport_fastrtps_cpp.hpp
[911.519s] -- Symlinking: /repo/ws/install/include/px4/px4/msg/detail/sensor_correction__rosidl_typesupport_fastrtps_cpp.hpp
[911.533s] -- Symlinking: /repo/ws/install/include/px4/px4/msg/detail/sensor_gnss_relative__rosidl_typesupport_fastrtps_cpp.hpp
[911.547s] -- Symlinking: /repo/ws/install/include/px4/px4/msg/detail/sensor_gps__rosidl_typesupport_fastrtps_cpp.hpp
[911.561s] -- Symlinking: /repo/ws/install/include/px4/px4/msg/detail/sensor_gyro__rosidl_typesupport_fastrtps_cpp.hpp
[911.576s] -- Symlinking: /repo/ws/install/include/px4/px4/msg/detail/sensor_gyro_fft__rosidl_typesupport_fastrtps_cpp.hpp
[911.590s] -- Symlinking: /repo/ws/install/include/px4/px4/msg/detail/sensor_gyro_fifo__rosidl_typesupport_fastrtps_cpp.hpp
[911.604s] -- Symlinking: /repo/ws/install/include/px4/px4/msg/detail/sensor_hygrometer__rosidl_typesupport_fastrtps_cpp.hpp
[911.618s] -- Symlinking: /repo/ws/install/include/px4/px4/msg/detail/sensor_mag__rosidl_typesupport_fastrtps_cpp.hpp
[911.632s] -- Symlinking: /repo/ws/install/include/px4/px4/msg/detail/sensor_optical_flow__rosidl_typesupport_fastrtps_cpp.hpp
[911.646s] -- Symlinking: /repo/ws/install/include/px4/px4/msg/detail/sensor_preflight_mag__rosidl_typesupport_fastrtps_cpp.hpp
[911.660s] -- Symlinking: /repo/ws/install/include/px4/px4/msg/detail/sensor_selection__rosidl_typesupport_fastrtps_cpp.hpp
[911.675s] -- Symlinking: /repo/ws/install/include/px4/px4/msg/detail/sensor_uwb__rosidl_typesupport_fastrtps_cpp.hpp
[911.689s] -- Symlinking: /repo/ws/install/include/px4/px4/msg/detail/sensors_status__rosidl_typesupport_fastrtps_cpp.hpp
[911.703s] -- Symlinking: /repo/ws/install/include/px4/px4/msg/detail/sensors_status_imu__rosidl_typesupport_fastrtps_cpp.hpp
[911.716s] -- Symlinking: /repo/ws/install/include/px4/px4/msg/detail/system_power__rosidl_typesupport_fastrtps_cpp.hpp
[911.730s] -- Symlinking: /repo/ws/install/include/px4/px4/msg/detail/takeoff_status__rosidl_typesupport_fastrtps_cpp.hpp
[911.744s] -- Symlinking: /repo/ws/install/include/px4/px4/msg/detail/task_stack_info__rosidl_typesupport_fastrtps_cpp.hpp
[911.758s] -- Symlinking: /repo/ws/install/include/px4/px4/msg/detail/tecs_status__rosidl_typesupport_fastrtps_cpp.hpp
[911.772s] -- Symlinking: /repo/ws/install/include/px4/px4/msg/detail/telemetry_status__rosidl_typesupport_fastrtps_cpp.hpp
[911.786s] -- Symlinking: /repo/ws/install/include/px4/px4/msg/detail/tiltrotor_extra_controls__rosidl_typesupport_fastrtps_cpp.hpp
[911.801s] -- Symlinking: /repo/ws/install/include/px4/px4/msg/detail/timesync_status__rosidl_typesupport_fastrtps_cpp.hpp
[911.815s] -- Symlinking: /repo/ws/install/include/px4/px4/msg/detail/trajectory_setpoint6dof__rosidl_typesupport_fastrtps_cpp.hpp
[911.831s] -- Symlinking: /repo/ws/install/include/px4/px4/msg/detail/trajectory_setpoint__rosidl_typesupport_fastrtps_cpp.hpp
[911.846s] -- Symlinking: /repo/ws/install/include/px4/px4/msg/detail/transponder_report__rosidl_typesupport_fastrtps_cpp.hpp
[911.861s] -- Symlinking: /repo/ws/install/include/px4/px4/msg/detail/tune_control__rosidl_typesupport_fastrtps_cpp.hpp
[911.876s] -- Symlinking: /repo/ws/install/include/px4/px4/msg/detail/uavcan_parameter_request__rosidl_typesupport_fastrtps_cpp.hpp
[911.891s] -- Symlinking: /repo/ws/install/include/px4/px4/msg/detail/uavcan_parameter_value__rosidl_typesupport_fastrtps_cpp.hpp
[911.907s] -- Symlinking: /repo/ws/install/include/px4/px4/msg/detail/ulog_stream__rosidl_typesupport_fastrtps_cpp.hpp
[911.924s] -- Symlinking: /repo/ws/install/include/px4/px4/msg/detail/ulog_stream_ack__rosidl_typesupport_fastrtps_cpp.hpp
[911.937s] -- Symlinking: /repo/ws/install/include/px4/px4/msg/detail/unregister_ext_component__rosidl_typesupport_fastrtps_cpp.hpp
[911.952s] -- Symlinking: /repo/ws/install/include/px4/px4/msg/detail/vehicle_acceleration__rosidl_typesupport_fastrtps_cpp.hpp
[911.966s] -- Symlinking: /repo/ws/install/include/px4/px4/msg/detail/vehicle_air_data__rosidl_typesupport_fastrtps_cpp.hpp
[911.982s] -- Symlinking: /repo/ws/install/include/px4/px4/msg/detail/vehicle_angular_acceleration_setpoint__rosidl_typesupport_fastrtps_cpp.hpp
[911.997s] -- Symlinking: /repo/ws/install/include/px4/px4/msg/detail/vehicle_angular_velocity__rosidl_typesupport_fastrtps_cpp.hpp
[912.013s] -- Symlinking: /repo/ws/install/include/px4/px4/msg/detail/vehicle_attitude__rosidl_typesupport_fastrtps_cpp.hpp
[912.028s] -- Symlinking: /repo/ws/install/include/px4/px4/msg/detail/vehicle_attitude_setpoint__rosidl_typesupport_fastrtps_cpp.hpp
[912.042s] -- Symlinking: /repo/ws/install/include/px4/px4/msg/detail/vehicle_command__rosidl_typesupport_fastrtps_cpp.hpp
[912.056s] -- Symlinking: /repo/ws/install/include/px4/px4/msg/detail/vehicle_command_ack__rosidl_typesupport_fastrtps_cpp.hpp
[912.073s] -- Symlinking: /repo/ws/install/include/px4/px4/msg/detail/vehicle_constraints__rosidl_typesupport_fastrtps_cpp.hpp
[912.086s] -- Symlinking: /repo/ws/install/include/px4/px4/msg/detail/vehicle_control_mode__rosidl_typesupport_fastrtps_cpp.hpp
[912.101s] -- Symlinking: /repo/ws/install/include/px4/px4/msg/detail/vehicle_global_position__rosidl_typesupport_fastrtps_cpp.hpp
[912.115s] -- Symlinking: /repo/ws/install/include/px4/px4/msg/detail/vehicle_imu__rosidl_typesupport_fastrtps_cpp.hpp
[912.130s] -- Symlinking: /repo/ws/install/include/px4/px4/msg/detail/vehicle_imu_status__rosidl_typesupport_fastrtps_cpp.hpp
[912.145s] -- Symlinking: /repo/ws/install/include/px4/px4/msg/detail/vehicle_land_detected__rosidl_typesupport_fastrtps_cpp.hpp
[912.159s] -- Symlinking: /repo/ws/install/include/px4/px4/msg/detail/vehicle_local_position__rosidl_typesupport_fastrtps_cpp.hpp
[912.174s] -- Symlinking: /repo/ws/install/include/px4/px4/msg/detail/vehicle_local_position_setpoint__rosidl_typesupport_fastrtps_cpp.hpp
[912.189s] -- Symlinking: /repo/ws/install/include/px4/px4/msg/detail/vehicle_magnetometer__rosidl_typesupport_fastrtps_cpp.hpp
[912.206s] -- Symlinking: /repo/ws/install/include/px4/px4/msg/detail/vehicle_odometry__rosidl_typesupport_fastrtps_cpp.hpp
[912.224s] -- Symlinking: /repo/ws/install/include/px4/px4/msg/detail/vehicle_optical_flow__rosidl_typesupport_fastrtps_cpp.hpp
[912.240s] -- Symlinking: /repo/ws/install/include/px4/px4/msg/detail/vehicle_optical_flow_vel__rosidl_typesupport_fastrtps_cpp.hpp
[912.257s] -- Symlinking: /repo/ws/install/include/px4/px4/msg/detail/vehicle_rates_setpoint__rosidl_typesupport_fastrtps_cpp.hpp
[912.272s] -- Symlinking: /repo/ws/install/include/px4/px4/msg/detail/vehicle_roi__rosidl_typesupport_fastrtps_cpp.hpp
[912.285s] -- Symlinking: /repo/ws/install/include/px4/px4/msg/detail/vehicle_status__rosidl_typesupport_fastrtps_cpp.hpp
[912.300s] -- Symlinking: /repo/ws/install/include/px4/px4/msg/detail/vehicle_thrust_setpoint__rosidl_typesupport_fastrtps_cpp.hpp
[912.313s] -- Symlinking: /repo/ws/install/include/px4/px4/msg/detail/vehicle_torque_setpoint__rosidl_typesupport_fastrtps_cpp.hpp
[912.328s] -- Symlinking: /repo/ws/install/include/px4/px4/msg/detail/velocity_limits__rosidl_typesupport_fastrtps_cpp.hpp
[912.343s] -- Symlinking: /repo/ws/install/include/px4/px4/msg/detail/vtol_vehicle_status__rosidl_typesupport_fastrtps_cpp.hpp
[912.357s] -- Symlinking: /repo/ws/install/include/px4/px4/msg/detail/wheel_encoders__rosidl_typesupport_fastrtps_cpp.hpp
[912.371s] -- Symlinking: /repo/ws/install/include/px4/px4/msg/detail/wind__rosidl_typesupport_fastrtps_cpp.hpp
[912.386s] -- Symlinking: /repo/ws/install/include/px4/px4/msg/detail/yaw_estimator_status__rosidl_typesupport_fastrtps_cpp.hpp
[912.400s] -- Symlinking: /repo/ws/install/include/px4/px4/msg/rosidl_typesupport_fastrtps_cpp__visibility_control.h
[912.421s] -- Symlinking: /repo/ws/install/include/px4/px4/msg/detail/ackermann_velocity_setpoint__rosidl_typesupport_introspection_c.h
[912.436s] -- Symlinking: /repo/ws/install/include/px4/px4/msg/detail/action_request__rosidl_typesupport_introspection_c.h
[912.450s] -- Symlinking: /repo/ws/install/include/px4/px4/msg/detail/actuator_armed__rosidl_typesupport_introspection_c.h
[912.464s] -- Symlinking: /repo/ws/install/include/px4/px4/msg/detail/actuator_controls_status__rosidl_typesupport_introspection_c.h
[912.478s] -- Symlinking: /repo/ws/install/include/px4/px4/msg/detail/actuator_motors__rosidl_typesupport_introspection_c.h
[912.494s] -- Symlinking: /repo/ws/install/include/px4/px4/msg/detail/actuator_outputs__rosidl_typesupport_introspection_c.h
[912.508s] -- Symlinking: /repo/ws/install/include/px4/px4/msg/detail/actuator_servos__rosidl_typesupport_introspection_c.h
[912.521s] -- Symlinking: /repo/ws/install/include/px4/px4/msg/detail/actuator_servos_trim__rosidl_typesupport_introspection_c.h
[912.535s] -- Symlinking: /repo/ws/install/include/px4/px4/msg/detail/actuator_test__rosidl_typesupport_introspection_c.h
[912.549s] -- Symlinking: /repo/ws/install/include/px4/px4/msg/detail/adc_report__rosidl_typesupport_introspection_c.h
[912.563s] -- Symlinking: /repo/ws/install/include/px4/px4/msg/detail/airspeed__rosidl_typesupport_introspection_c.h
[912.577s] -- Symlinking: /repo/ws/install/include/px4/px4/msg/detail/airspeed_validated__rosidl_typesupport_introspection_c.h
[912.593s] -- Symlinking: /repo/ws/install/include/px4/px4/msg/detail/airspeed_wind__rosidl_typesupport_introspection_c.h
[912.607s] -- Symlinking: /repo/ws/install/include/px4/px4/msg/detail/arming_check_reply__rosidl_typesupport_introspection_c.h
[912.620s] -- Symlinking: /repo/ws/install/include/px4/px4/msg/detail/arming_check_request__rosidl_typesupport_introspection_c.h
[912.634s] -- Symlinking: /repo/ws/install/include/px4/px4/msg/detail/autotune_attitude_control_status__rosidl_typesupport_introspection_c.h
[912.648s] -- Symlinking: /repo/ws/install/include/px4/px4/msg/detail/battery_status__rosidl_typesupport_introspection_c.h
[912.662s] -- Symlinking: /repo/ws/install/include/px4/px4/msg/detail/button_event__rosidl_typesupport_introspection_c.h
[912.676s] -- Symlinking: /repo/ws/install/include/px4/px4/msg/detail/camera_capture__rosidl_typesupport_introspection_c.h
[912.691s] -- Symlinking: /repo/ws/install/include/px4/px4/msg/detail/camera_status__rosidl_typesupport_introspection_c.h
[912.704s] -- Symlinking: /repo/ws/install/include/px4/px4/msg/detail/camera_trigger__rosidl_typesupport_introspection_c.h
[912.717s] -- Symlinking: /repo/ws/install/include/px4/px4/msg/detail/can_interface_status__rosidl_typesupport_introspection_c.h
[912.731s] -- Symlinking: /repo/ws/install/include/px4/px4/msg/detail/cellular_status__rosidl_typesupport_introspection_c.h
[912.746s] -- Symlinking: /repo/ws/install/include/px4/px4/msg/detail/collision_constraints__rosidl_typesupport_introspection_c.h
[912.760s] -- Symlinking: /repo/ws/install/include/px4/px4/msg/detail/config_overrides__rosidl_typesupport_introspection_c.h
[912.777s] -- Symlinking: /repo/ws/install/include/px4/px4/msg/detail/control_allocator_status__rosidl_typesupport_introspection_c.h
[912.791s] -- Symlinking: /repo/ws/install/include/px4/px4/msg/detail/cpuload__rosidl_typesupport_introspection_c.h
[912.804s] -- Symlinking: /repo/ws/install/include/px4/px4/msg/detail/dataman_request__rosidl_typesupport_introspection_c.h
[912.818s] -- Symlinking: /repo/ws/install/include/px4/px4/msg/detail/dataman_response__rosidl_typesupport_introspection_c.h
[912.832s] -- Symlinking: /repo/ws/install/include/px4/px4/msg/detail/debug_array__rosidl_typesupport_introspection_c.h
[912.846s] -- Symlinking: /repo/ws/install/include/px4/px4/msg/detail/debug_key_value__rosidl_typesupport_introspection_c.h
[912.860s] -- Symlinking: /repo/ws/install/include/px4/px4/msg/detail/debug_value__rosidl_typesupport_introspection_c.h
[912.874s] -- Symlinking: /repo/ws/install/include/px4/px4/msg/detail/debug_vect__rosidl_typesupport_introspection_c.h
[912.889s] -- Symlinking: /repo/ws/install/include/px4/px4/msg/detail/differential_pressure__rosidl_typesupport_introspection_c.h
[912.903s] -- Symlinking: /repo/ws/install/include/px4/px4/msg/detail/differential_velocity_setpoint__rosidl_typesupport_introspection_c.h
[912.917s] -- Symlinking: /repo/ws/install/include/px4/px4/msg/detail/distance_sensor__rosidl_typesupport_introspection_c.h
[912.932s] -- Symlinking: /repo/ws/install/include/px4/px4/msg/detail/distance_sensor_mode_change_request__rosidl_typesupport_introspection_c.h
[912.946s] -- Symlinking: /repo/ws/install/include/px4/px4/msg/detail/ekf2_timestamps__rosidl_typesupport_introspection_c.h
[912.960s] -- Symlinking: /repo/ws/install/include/px4/px4/msg/detail/esc_report__rosidl_typesupport_introspection_c.h
[912.975s] -- Symlinking: /repo/ws/install/include/px4/px4/msg/detail/esc_status__rosidl_typesupport_introspection_c.h
[912.990s] -- Symlinking: /repo/ws/install/include/px4/px4/msg/detail/estimator_aid_source1d__rosidl_typesupport_introspection_c.h
[913.003s] -- Symlinking: /repo/ws/install/include/px4/px4/msg/detail/estimator_aid_source2d__rosidl_typesupport_introspection_c.h
[913.017s] -- Symlinking: /repo/ws/install/include/px4/px4/msg/detail/estimator_aid_source3d__rosidl_typesupport_introspection_c.h
[913.030s] -- Symlinking: /repo/ws/install/include/px4/px4/msg/detail/estimator_bias3d__rosidl_typesupport_introspection_c.h
[913.044s] -- Symlinking: /repo/ws/install/include/px4/px4/msg/detail/estimator_bias__rosidl_typesupport_introspection_c.h
[913.058s] -- Symlinking: /repo/ws/install/include/px4/px4/msg/detail/estimator_event_flags__rosidl_typesupport_introspection_c.h
[913.072s] -- Symlinking: /repo/ws/install/include/px4/px4/msg/detail/estimator_gps_status__rosidl_typesupport_introspection_c.h
[913.087s] -- Symlinking: /repo/ws/install/include/px4/px4/msg/detail/estimator_innovations__rosidl_typesupport_introspection_c.h
[913.100s] -- Symlinking: /repo/ws/install/include/px4/px4/msg/detail/estimator_selector_status__rosidl_typesupport_introspection_c.h
[913.114s] -- Symlinking: /repo/ws/install/include/px4/px4/msg/detail/estimator_sensor_bias__rosidl_typesupport_introspection_c.h
[913.128s] -- Symlinking: /repo/ws/install/include/px4/px4/msg/detail/estimator_states__rosidl_typesupport_introspection_c.h
[913.142s] -- Symlinking: /repo/ws/install/include/px4/px4/msg/detail/estimator_status__rosidl_typesupport_introspection_c.h
[913.156s] -- Symlinking: /repo/ws/install/include/px4/px4/msg/detail/estimator_status_flags__rosidl_typesupport_introspection_c.h
[913.170s] -- Symlinking: /repo/ws/install/include/px4/px4/msg/detail/event__rosidl_typesupport_introspection_c.h
[913.184s] -- Symlinking: /repo/ws/install/include/px4/px4/msg/detail/failsafe_flags__rosidl_typesupport_introspection_c.h
[913.198s] -- Symlinking: /repo/ws/install/include/px4/px4/msg/detail/failure_detector_status__rosidl_typesupport_introspection_c.h
[913.212s] -- Symlinking: /repo/ws/install/include/px4/px4/msg/detail/figure_eight_status__rosidl_typesupport_introspection_c.h
[913.226s] -- Symlinking: /repo/ws/install/include/px4/px4/msg/detail/flight_phase_estimation__rosidl_typesupport_introspection_c.h
[913.239s] -- Symlinking: /repo/ws/install/include/px4/px4/msg/detail/follow_target__rosidl_typesupport_introspection_c.h
[913.254s] -- Symlinking: /repo/ws/install/include/px4/px4/msg/detail/follow_target_estimator__rosidl_typesupport_introspection_c.h
[913.267s] -- Symlinking: /repo/ws/install/include/px4/px4/msg/detail/follow_target_status__rosidl_typesupport_introspection_c.h
[913.282s] -- Symlinking: /repo/ws/install/include/px4/px4/msg/detail/fuel_tank_status__rosidl_typesupport_introspection_c.h
[913.296s] -- Symlinking: /repo/ws/install/include/px4/px4/msg/detail/generator_status__rosidl_typesupport_introspection_c.h
[913.310s] -- Symlinking: /repo/ws/install/include/px4/px4/msg/detail/geofence_result__rosidl_typesupport_introspection_c.h
[913.324s] -- Symlinking: /repo/ws/install/include/px4/px4/msg/detail/geofence_status__rosidl_typesupport_introspection_c.h
[913.338s] -- Symlinking: /repo/ws/install/include/px4/px4/msg/detail/gimbal_controls__rosidl_typesupport_introspection_c.h
[913.353s] -- Symlinking: /repo/ws/install/include/px4/px4/msg/detail/gimbal_device_attitude_status__rosidl_typesupport_introspection_c.h
[913.369s] -- Symlinking: /repo/ws/install/include/px4/px4/msg/detail/gimbal_device_information__rosidl_typesupport_introspection_c.h
[913.384s] -- Symlinking: /repo/ws/install/include/px4/px4/msg/detail/gimbal_device_set_attitude__rosidl_typesupport_introspection_c.h
[913.397s] -- Symlinking: /repo/ws/install/include/px4/px4/msg/detail/gimbal_manager_information__rosidl_typesupport_introspection_c.h
[913.411s] -- Symlinking: /repo/ws/install/include/px4/px4/msg/detail/gimbal_manager_set_attitude__rosidl_typesupport_introspection_c.h
[913.424s] -- Symlinking: /repo/ws/install/include/px4/px4/msg/detail/gimbal_manager_set_manual_control__rosidl_typesupport_introspection_c.h
[913.437s] -- Symlinking: /repo/ws/install/include/px4/px4/msg/detail/gimbal_manager_status__rosidl_typesupport_introspection_c.h
[913.451s] -- Symlinking: /repo/ws/install/include/px4/px4/msg/detail/goto_setpoint__rosidl_typesupport_introspection_c.h
[913.465s] -- Symlinking: /repo/ws/install/include/px4/px4/msg/detail/gpio_config__rosidl_typesupport_introspection_c.h
[913.480s] -- Symlinking: /repo/ws/install/include/px4/px4/msg/detail/gpio_in__rosidl_typesupport_introspection_c.h
[913.493s] -- Symlinking: /repo/ws/install/include/px4/px4/msg/detail/gpio_out__rosidl_typesupport_introspection_c.h
[913.507s] -- Symlinking: /repo/ws/install/include/px4/px4/msg/detail/gpio_request__rosidl_typesupport_introspection_c.h
[913.521s] -- Symlinking: /repo/ws/install/include/px4/px4/msg/detail/gps_dump__rosidl_typesupport_introspection_c.h
[913.535s] -- Symlinking: /repo/ws/install/include/px4/px4/msg/detail/gps_inject_data__rosidl_typesupport_introspection_c.h
[913.549s] -- Symlinking: /repo/ws/install/include/px4/px4/msg/detail/gripper__rosidl_typesupport_introspection_c.h
[913.563s] -- Symlinking: /repo/ws/install/include/px4/px4/msg/detail/health_report__rosidl_typesupport_introspection_c.h
[913.578s] -- Symlinking: /repo/ws/install/include/px4/px4/msg/detail/heater_status__rosidl_typesupport_introspection_c.h
[913.592s] -- Symlinking: /repo/ws/install/include/px4/px4/msg/detail/home_position__rosidl_typesupport_introspection_c.h
[913.606s] -- Symlinking: /repo/ws/install/include/px4/px4/msg/detail/hover_thrust_estimate__rosidl_typesupport_introspection_c.h
[913.619s] -- Symlinking: /repo/ws/install/include/px4/px4/msg/detail/input_rc__rosidl_typesupport_introspection_c.h
[913.634s] -- Symlinking: /repo/ws/install/include/px4/px4/msg/detail/internal_combustion_engine_control__rosidl_typesupport_introspection_c.h
[913.652s] -- Symlinking: /repo/ws/install/include/px4/px4/msg/detail/internal_combustion_engine_status__rosidl_typesupport_introspection_c.h
[913.663s] -- Symlinking: /repo/ws/install/include/px4/px4/msg/detail/iridiumsbd_status__rosidl_typesupport_introspection_c.h
[913.680s] -- Symlinking: /repo/ws/install/include/px4/px4/msg/detail/irlock_report__rosidl_typesupport_introspection_c.h
[913.694s] -- Symlinking: /repo/ws/install/include/px4/px4/msg/detail/landing_gear__rosidl_typesupport_introspection_c.h
[913.708s] -- Symlinking: /repo/ws/install/include/px4/px4/msg/detail/landing_gear_wheel__rosidl_typesupport_introspection_c.h
[913.723s] -- Symlinking: /repo/ws/install/include/px4/px4/msg/detail/landing_target_innovations__rosidl_typesupport_introspection_c.h
[913.738s] -- Symlinking: /repo/ws/install/include/px4/px4/msg/detail/landing_target_pose__rosidl_typesupport_introspection_c.h
[913.752s] -- Symlinking: /repo/ws/install/include/px4/px4/msg/detail/launch_detection_status__rosidl_typesupport_introspection_c.h
[913.766s] -- Symlinking: /repo/ws/install/include/px4/px4/msg/detail/led_control__rosidl_typesupport_introspection_c.h
[913.781s] -- Symlinking: /repo/ws/install/include/px4/px4/msg/detail/log_message__rosidl_typesupport_introspection_c.h
[913.795s] -- Symlinking: /repo/ws/install/include/px4/px4/msg/detail/logger_status__rosidl_typesupport_introspection_c.h
[913.809s] -- Symlinking: /repo/ws/install/include/px4/px4/msg/detail/mag_worker_data__rosidl_typesupport_introspection_c.h
[913.823s] -- Symlinking: /repo/ws/install/include/px4/px4/msg/detail/magnetometer_bias_estimate__rosidl_typesupport_introspection_c.h
[913.836s] -- Symlinking: /repo/ws/install/include/px4/px4/msg/detail/manual_control_setpoint__rosidl_typesupport_introspection_c.h
[913.851s] -- Symlinking: /repo/ws/install/include/px4/px4/msg/detail/manual_control_switches__rosidl_typesupport_introspection_c.h
[913.864s] -- Symlinking: /repo/ws/install/include/px4/px4/msg/detail/mavlink_log__rosidl_typesupport_introspection_c.h
[913.878s] -- Symlinking: /repo/ws/install/include/px4/px4/msg/detail/mavlink_tunnel__rosidl_typesupport_introspection_c.h
[913.893s] -- Symlinking: /repo/ws/install/include/px4/px4/msg/detail/message_format_request__rosidl_typesupport_introspection_c.h
[913.906s] -- Symlinking: /repo/ws/install/include/px4/px4/msg/detail/message_format_response__rosidl_typesupport_introspection_c.h
[913.919s] -- Symlinking: /repo/ws/install/include/px4/px4/msg/detail/mission__rosidl_typesupport_introspection_c.h
[913.934s] -- Symlinking: /repo/ws/install/include/px4/px4/msg/detail/mission_result__rosidl_typesupport_introspection_c.h
[913.947s] -- Symlinking: /repo/ws/install/include/px4/px4/msg/detail/mode_completed__rosidl_typesupport_introspection_c.h
[913.961s] -- Symlinking: /repo/ws/install/include/px4/px4/msg/detail/mount_orientation__rosidl_typesupport_introspection_c.h
[913.975s] -- Symlinking: /repo/ws/install/include/px4/px4/msg/detail/navigator_mission_item__rosidl_typesupport_introspection_c.h
[913.990s] -- Symlinking: /repo/ws/install/include/px4/px4/msg/detail/navigator_status__rosidl_typesupport_introspection_c.h
[914.004s] -- Symlinking: /repo/ws/install/include/px4/px4/msg/detail/normalized_unsigned_setpoint__rosidl_typesupport_introspection_c.h
[914.019s] -- Symlinking: /repo/ws/install/include/px4/px4/msg/detail/npfg_status__rosidl_typesupport_introspection_c.h
[914.033s] -- Symlinking: /repo/ws/install/include/px4/px4/msg/detail/obstacle_distance__rosidl_typesupport_introspection_c.h
[914.047s] -- Symlinking: /repo/ws/install/include/px4/px4/msg/detail/offboard_control_mode__rosidl_typesupport_introspection_c.h
[914.063s] -- Symlinking: /repo/ws/install/include/px4/px4/msg/detail/onboard_computer_status__rosidl_typesupport_introspection_c.h
[914.078s] -- Symlinking: /repo/ws/install/include/px4/px4/msg/detail/open_drone_id_arm_status__rosidl_typesupport_introspection_c.h
[914.093s] -- Symlinking: /repo/ws/install/include/px4/px4/msg/detail/open_drone_id_operator_id__rosidl_typesupport_introspection_c.h
[914.106s] -- Symlinking: /repo/ws/install/include/px4/px4/msg/detail/open_drone_id_self_id__rosidl_typesupport_introspection_c.h
[914.121s] -- Symlinking: /repo/ws/install/include/px4/px4/msg/detail/open_drone_id_system__rosidl_typesupport_introspection_c.h
[914.136s] -- Symlinking: /repo/ws/install/include/px4/px4/msg/detail/orb_test__rosidl_typesupport_introspection_c.h
[914.150s] -- Symlinking: /repo/ws/install/include/px4/px4/msg/detail/orb_test_large__rosidl_typesupport_introspection_c.h
[914.164s] -- Symlinking: /repo/ws/install/include/px4/px4/msg/detail/orb_test_medium__rosidl_typesupport_introspection_c.h
[914.179s] -- Symlinking: /repo/ws/install/include/px4/px4/msg/detail/orbit_status__rosidl_typesupport_introspection_c.h
[914.193s] -- Symlinking: /repo/ws/install/include/px4/px4/msg/detail/parameter_reset_request__rosidl_typesupport_introspection_c.h
[914.206s] -- Symlinking: /repo/ws/install/include/px4/px4/msg/detail/parameter_set_used_request__rosidl_typesupport_introspection_c.h
[914.220s] -- Symlinking: /repo/ws/install/include/px4/px4/msg/detail/parameter_set_value_request__rosidl_typesupport_introspection_c.h
[914.234s] -- Symlinking: /repo/ws/install/include/px4/px4/msg/detail/parameter_set_value_response__rosidl_typesupport_introspection_c.h
[914.248s] -- Symlinking: /repo/ws/install/include/px4/px4/msg/detail/parameter_update__rosidl_typesupport_introspection_c.h
[914.262s] -- Symlinking: /repo/ws/install/include/px4/px4/msg/detail/ping__rosidl_typesupport_introspection_c.h
[914.277s] -- Symlinking: /repo/ws/install/include/px4/px4/msg/detail/position_controller_landing_status__rosidl_typesupport_introspection_c.h
[914.291s] -- Symlinking: /repo/ws/install/include/px4/px4/msg/detail/position_controller_status__rosidl_typesupport_introspection_c.h
[914.306s] -- Symlinking: /repo/ws/install/include/px4/px4/msg/detail/position_setpoint__rosidl_typesupport_introspection_c.h
[914.319s] -- Symlinking: /repo/ws/install/include/px4/px4/msg/detail/position_setpoint_triplet__rosidl_typesupport_introspection_c.h
[914.333s] -- Symlinking: /repo/ws/install/include/px4/px4/msg/detail/power_button_state__rosidl_typesupport_introspection_c.h
[914.347s] -- Symlinking: /repo/ws/install/include/px4/px4/msg/detail/power_monitor__rosidl_typesupport_introspection_c.h
[914.361s] -- Symlinking: /repo/ws/install/include/px4/px4/msg/detail/pps_capture__rosidl_typesupport_introspection_c.h
[914.375s] -- Symlinking: /repo/ws/install/include/px4/px4/msg/detail/pure_pursuit_status__rosidl_typesupport_introspection_c.h
[914.389s] -- Symlinking: /repo/ws/install/include/px4/px4/msg/detail/pwm_input__rosidl_typesupport_introspection_c.h
[914.403s] -- Symlinking: /repo/ws/install/include/px4/px4/msg/detail/px4io_status__rosidl_typesupport_introspection_c.h
[914.417s] -- Symlinking: /repo/ws/install/include/px4/px4/msg/detail/qshell_req__rosidl_typesupport_introspection_c.h
[914.430s] -- Symlinking: /repo/ws/install/include/px4/px4/msg/detail/qshell_retval__rosidl_typesupport_introspection_c.h
[914.444s] -- Symlinking: /repo/ws/install/include/px4/px4/msg/detail/radio_status__rosidl_typesupport_introspection_c.h
[914.458s] -- Symlinking: /repo/ws/install/include/px4/px4/msg/detail/rate_ctrl_status__rosidl_typesupport_introspection_c.h
[914.472s] -- Symlinking: /repo/ws/install/include/px4/px4/msg/detail/rc_channels__rosidl_typesupport_introspection_c.h
[914.488s] -- Symlinking: /repo/ws/install/include/px4/px4/msg/detail/rc_parameter_map__rosidl_typesupport_introspection_c.h
[914.502s] -- Symlinking: /repo/ws/install/include/px4/px4/msg/detail/register_ext_component_reply__rosidl_typesupport_introspection_c.h
[914.517s] -- Symlinking: /repo/ws/install/include/px4/px4/msg/detail/register_ext_component_request__rosidl_typesupport_introspection_c.h
[914.530s] -- Symlinking: /repo/ws/install/include/px4/px4/msg/detail/rover_attitude_setpoint__rosidl_typesupport_introspection_c.h
[914.544s] -- Symlinking: /repo/ws/install/include/px4/px4/msg/detail/rover_attitude_status__rosidl_typesupport_introspection_c.h
[914.557s] -- Symlinking: /repo/ws/install/include/px4/px4/msg/detail/rover_position_setpoint__rosidl_typesupport_introspection_c.h
[914.571s] -- Symlinking: /repo/ws/install/include/px4/px4/msg/detail/rover_rate_setpoint__rosidl_typesupport_introspection_c.h
[914.586s] -- Symlinking: /repo/ws/install/include/px4/px4/msg/detail/rover_rate_status__rosidl_typesupport_introspection_c.h
[914.600s] -- Symlinking: /repo/ws/install/include/px4/px4/msg/detail/rover_steering_setpoint__rosidl_typesupport_introspection_c.h
[914.614s] -- Symlinking: /repo/ws/install/include/px4/px4/msg/detail/rover_throttle_setpoint__rosidl_typesupport_introspection_c.h
[914.628s] -- Symlinking: /repo/ws/install/include/px4/px4/msg/detail/rover_velocity_status__rosidl_typesupport_introspection_c.h
[914.642s] -- Symlinking: /repo/ws/install/include/px4/px4/msg/detail/rpm__rosidl_typesupport_introspection_c.h
[914.655s] -- Symlinking: /repo/ws/install/include/px4/px4/msg/detail/rtl_status__rosidl_typesupport_introspection_c.h
[914.669s] -- Symlinking: /repo/ws/install/include/px4/px4/msg/detail/rtl_time_estimate__rosidl_typesupport_introspection_c.h
[914.683s] -- Symlinking: /repo/ws/install/include/px4/px4/msg/detail/satellite_info__rosidl_typesupport_introspection_c.h
[914.697s] -- Symlinking: /repo/ws/install/include/px4/px4/msg/detail/sensor_accel__rosidl_typesupport_introspection_c.h
[914.710s] -- Symlinking: /repo/ws/install/include/px4/px4/msg/detail/sensor_accel_fifo__rosidl_typesupport_introspection_c.h
[914.724s] -- Symlinking: /repo/ws/install/include/px4/px4/msg/detail/sensor_airflow__rosidl_typesupport_introspection_c.h
[914.738s] -- Symlinking: /repo/ws/install/include/px4/px4/msg/detail/sensor_baro__rosidl_typesupport_introspection_c.h
[914.752s] -- Symlinking: /repo/ws/install/include/px4/px4/msg/detail/sensor_combined__rosidl_typesupport_introspection_c.h
[914.765s] -- Symlinking: /repo/ws/install/include/px4/px4/msg/detail/sensor_correction__rosidl_typesupport_introspection_c.h
[914.780s] -- Symlinking: /repo/ws/install/include/px4/px4/msg/detail/sensor_gnss_relative__rosidl_typesupport_introspection_c.h
[914.793s] -- Symlinking: /repo/ws/install/include/px4/px4/msg/detail/sensor_gps__rosidl_typesupport_introspection_c.h
[914.807s] -- Symlinking: /repo/ws/install/include/px4/px4/msg/detail/sensor_gyro__rosidl_typesupport_introspection_c.h
[914.821s] -- Symlinking: /repo/ws/install/include/px4/px4/msg/detail/sensor_gyro_fft__rosidl_typesupport_introspection_c.h
[914.835s] -- Symlinking: /repo/ws/install/include/px4/px4/msg/detail/sensor_gyro_fifo__rosidl_typesupport_introspection_c.h
[914.849s] -- Symlinking: /repo/ws/install/include/px4/px4/msg/detail/sensor_hygrometer__rosidl_typesupport_introspection_c.h
[914.863s] -- Symlinking: /repo/ws/install/include/px4/px4/msg/detail/sensor_mag__rosidl_typesupport_introspection_c.h
[914.877s] -- Symlinking: /repo/ws/install/include/px4/px4/msg/detail/sensor_optical_flow__rosidl_typesupport_introspection_c.h
[914.891s] -- Symlinking: /repo/ws/install/include/px4/px4/msg/detail/sensor_preflight_mag__rosidl_typesupport_introspection_c.h
[914.904s] -- Symlinking: /repo/ws/install/include/px4/px4/msg/detail/sensor_selection__rosidl_typesupport_introspection_c.h
[914.918s] -- Symlinking: /repo/ws/install/include/px4/px4/msg/detail/sensor_uwb__rosidl_typesupport_introspection_c.h
[914.931s] -- Symlinking: /repo/ws/install/include/px4/px4/msg/detail/sensors_status__rosidl_typesupport_introspection_c.h
[914.945s] -- Symlinking: /repo/ws/install/include/px4/px4/msg/detail/sensors_status_imu__rosidl_typesupport_introspection_c.h
[914.959s] -- Symlinking: /repo/ws/install/include/px4/px4/msg/detail/system_power__rosidl_typesupport_introspection_c.h
[914.973s] -- Symlinking: /repo/ws/install/include/px4/px4/msg/detail/takeoff_status__rosidl_typesupport_introspection_c.h
[914.988s] -- Symlinking: /repo/ws/install/include/px4/px4/msg/detail/task_stack_info__rosidl_typesupport_introspection_c.h
[915.003s] -- Symlinking: /repo/ws/install/include/px4/px4/msg/detail/tecs_status__rosidl_typesupport_introspection_c.h
[915.017s] -- Symlinking: /repo/ws/install/include/px4/px4/msg/detail/telemetry_status__rosidl_typesupport_introspection_c.h
[915.030s] -- Symlinking: /repo/ws/install/include/px4/px4/msg/detail/tiltrotor_extra_controls__rosidl_typesupport_introspection_c.h
[915.044s] -- Symlinking: /repo/ws/install/include/px4/px4/msg/detail/timesync_status__rosidl_typesupport_introspection_c.h
[915.057s] -- Symlinking: /repo/ws/install/include/px4/px4/msg/detail/trajectory_setpoint6dof__rosidl_typesupport_introspection_c.h
[915.071s] -- Symlinking: /repo/ws/install/include/px4/px4/msg/detail/trajectory_setpoint__rosidl_typesupport_introspection_c.h
[915.085s] -- Symlinking: /repo/ws/install/include/px4/px4/msg/detail/transponder_report__rosidl_typesupport_introspection_c.h
[915.099s] -- Symlinking: /repo/ws/install/include/px4/px4/msg/detail/tune_control__rosidl_typesupport_introspection_c.h
[915.113s] -- Symlinking: /repo/ws/install/include/px4/px4/msg/detail/uavcan_parameter_request__rosidl_typesupport_introspection_c.h
[915.126s] -- Symlinking: /repo/ws/install/include/px4/px4/msg/detail/uavcan_parameter_value__rosidl_typesupport_introspection_c.h
[915.140s] -- Symlinking: /repo/ws/install/include/px4/px4/msg/detail/ulog_stream__rosidl_typesupport_introspection_c.h
[915.156s] -- Symlinking: /repo/ws/install/include/px4/px4/msg/detail/ulog_stream_ack__rosidl_typesupport_introspection_c.h
[915.169s] -- Symlinking: /repo/ws/install/include/px4/px4/msg/detail/unregister_ext_component__rosidl_typesupport_introspection_c.h
[915.185s] -- Symlinking: /repo/ws/install/include/px4/px4/msg/detail/vehicle_acceleration__rosidl_typesupport_introspection_c.h
[915.199s] -- Symlinking: /repo/ws/install/include/px4/px4/msg/detail/vehicle_air_data__rosidl_typesupport_introspection_c.h
[915.213s] -- Symlinking: /repo/ws/install/include/px4/px4/msg/detail/vehicle_angular_acceleration_setpoint__rosidl_typesupport_introspection_c.h
[915.226s] -- Symlinking: /repo/ws/install/include/px4/px4/msg/detail/vehicle_angular_velocity__rosidl_typesupport_introspection_c.h
[915.240s] -- Symlinking: /repo/ws/install/include/px4/px4/msg/detail/vehicle_attitude__rosidl_typesupport_introspection_c.h
[915.254s] -- Symlinking: /repo/ws/install/include/px4/px4/msg/detail/vehicle_attitude_setpoint__rosidl_typesupport_introspection_c.h
[915.271s] -- Symlinking: /repo/ws/install/include/px4/px4/msg/detail/vehicle_command__rosidl_typesupport_introspection_c.h
[915.284s] -- Symlinking: /repo/ws/install/include/px4/px4/msg/detail/vehicle_command_ack__rosidl_typesupport_introspection_c.h
[915.298s] -- Symlinking: /repo/ws/install/include/px4/px4/msg/detail/vehicle_constraints__rosidl_typesupport_introspection_c.h
[915.312s] -- Symlinking: /repo/ws/install/include/px4/px4/msg/detail/vehicle_control_mode__rosidl_typesupport_introspection_c.h
[915.325s] -- Symlinking: /repo/ws/install/include/px4/px4/msg/detail/vehicle_global_position__rosidl_typesupport_introspection_c.h
[915.340s] -- Symlinking: /repo/ws/install/include/px4/px4/msg/detail/vehicle_imu__rosidl_typesupport_introspection_c.h
[915.354s] -- Symlinking: /repo/ws/install/include/px4/px4/msg/detail/vehicle_imu_status__rosidl_typesupport_introspection_c.h
[915.368s] -- Symlinking: /repo/ws/install/include/px4/px4/msg/detail/vehicle_land_detected__rosidl_typesupport_introspection_c.h
[915.383s] -- Symlinking: /repo/ws/install/include/px4/px4/msg/detail/vehicle_local_position__rosidl_typesupport_introspection_c.h
[915.397s] -- Symlinking: /repo/ws/install/include/px4/px4/msg/detail/vehicle_local_position_setpoint__rosidl_typesupport_introspection_c.h
[915.411s] -- Symlinking: /repo/ws/install/include/px4/px4/msg/detail/vehicle_magnetometer__rosidl_typesupport_introspection_c.h
[915.425s] -- Symlinking: /repo/ws/install/include/px4/px4/msg/detail/vehicle_odometry__rosidl_typesupport_introspection_c.h
[915.439s] -- Symlinking: /repo/ws/install/include/px4/px4/msg/detail/vehicle_optical_flow__rosidl_typesupport_introspection_c.h
[915.453s] -- Symlinking: /repo/ws/install/include/px4/px4/msg/detail/vehicle_optical_flow_vel__rosidl_typesupport_introspection_c.h
[915.469s] -- Symlinking: /repo/ws/install/include/px4/px4/msg/detail/vehicle_rates_setpoint__rosidl_typesupport_introspection_c.h
[915.484s] -- Symlinking: /repo/ws/install/include/px4/px4/msg/detail/vehicle_roi__rosidl_typesupport_introspection_c.h
[915.499s] -- Symlinking: /repo/ws/install/include/px4/px4/msg/detail/vehicle_status__rosidl_typesupport_introspection_c.h
[915.514s] -- Symlinking: /repo/ws/install/include/px4/px4/msg/detail/vehicle_thrust_setpoint__rosidl_typesupport_introspection_c.h
[915.528s] -- Symlinking: /repo/ws/install/include/px4/px4/msg/detail/vehicle_torque_setpoint__rosidl_typesupport_introspection_c.h
[915.543s] -- Symlinking: /repo/ws/install/include/px4/px4/msg/detail/velocity_limits__rosidl_typesupport_introspection_c.h
[915.557s] -- Symlinking: /repo/ws/install/include/px4/px4/msg/detail/vtol_vehicle_status__rosidl_typesupport_introspection_c.h
[915.572s] -- Symlinking: /repo/ws/install/include/px4/px4/msg/detail/wheel_encoders__rosidl_typesupport_introspection_c.h
[915.587s] -- Symlinking: /repo/ws/install/include/px4/px4/msg/detail/wind__rosidl_typesupport_introspection_c.h
[915.602s] -- Symlinking: /repo/ws/install/include/px4/px4/msg/detail/yaw_estimator_status__rosidl_typesupport_introspection_c.h
[915.617s] -- Symlinking: /repo/ws/install/include/px4/px4/msg/rosidl_typesupport_introspection_c__visibility_control.h
[915.637s] -- Symlinking: /repo/ws/install/include/px4/px4/msg/detail/ackermann_velocity_setpoint__rosidl_typesupport_introspection_cpp.hpp
[915.652s] -- Symlinking: /repo/ws/install/include/px4/px4/msg/detail/action_request__rosidl_typesupport_introspection_cpp.hpp
[915.666s] -- Symlinking: /repo/ws/install/include/px4/px4/msg/detail/actuator_armed__rosidl_typesupport_introspection_cpp.hpp
[915.682s] -- Symlinking: /repo/ws/install/include/px4/px4/msg/detail/actuator_controls_status__rosidl_typesupport_introspection_cpp.hpp
[915.697s] -- Symlinking: /repo/ws/install/include/px4/px4/msg/detail/actuator_motors__rosidl_typesupport_introspection_cpp.hpp
[915.711s] -- Symlinking: /repo/ws/install/include/px4/px4/msg/detail/actuator_outputs__rosidl_typesupport_introspection_cpp.hpp
[915.725s] -- Symlinking: /repo/ws/install/include/px4/px4/msg/detail/actuator_servos__rosidl_typesupport_introspection_cpp.hpp
[915.739s] -- Symlinking: /repo/ws/install/include/px4/px4/msg/detail/actuator_servos_trim__rosidl_typesupport_introspection_cpp.hpp
[915.753s] -- Symlinking: /repo/ws/install/include/px4/px4/msg/detail/actuator_test__rosidl_typesupport_introspection_cpp.hpp
[915.766s] -- Symlinking: /repo/ws/install/include/px4/px4/msg/detail/adc_report__rosidl_typesupport_introspection_cpp.hpp
[915.781s] -- Symlinking: /repo/ws/install/include/px4/px4/msg/detail/airspeed__rosidl_typesupport_introspection_cpp.hpp
[915.795s] -- Symlinking: /repo/ws/install/include/px4/px4/msg/detail/airspeed_validated__rosidl_typesupport_introspection_cpp.hpp
[915.809s] -- Symlinking: /repo/ws/install/include/px4/px4/msg/detail/airspeed_wind__rosidl_typesupport_introspection_cpp.hpp
[915.823s] -- Symlinking: /repo/ws/install/include/px4/px4/msg/detail/arming_check_reply__rosidl_typesupport_introspection_cpp.hpp
[915.837s] -- Symlinking: /repo/ws/install/include/px4/px4/msg/detail/arming_check_request__rosidl_typesupport_introspection_cpp.hpp
[915.851s] -- Symlinking: /repo/ws/install/include/px4/px4/msg/detail/autotune_attitude_control_status__rosidl_typesupport_introspection_cpp.hpp
[915.864s] -- Symlinking: /repo/ws/install/include/px4/px4/msg/detail/battery_status__rosidl_typesupport_introspection_cpp.hpp
[915.880s] -- Symlinking: /repo/ws/install/include/px4/px4/msg/detail/button_event__rosidl_typesupport_introspection_cpp.hpp
[915.895s] -- Symlinking: /repo/ws/install/include/px4/px4/msg/detail/camera_capture__rosidl_typesupport_introspection_cpp.hpp
[915.909s] -- Symlinking: /repo/ws/install/include/px4/px4/msg/detail/camera_status__rosidl_typesupport_introspection_cpp.hpp
[915.923s] -- Symlinking: /repo/ws/install/include/px4/px4/msg/detail/camera_trigger__rosidl_typesupport_introspection_cpp.hpp
[915.937s] -- Symlinking: /repo/ws/install/include/px4/px4/msg/detail/can_interface_status__rosidl_typesupport_introspection_cpp.hpp
[915.951s] -- Symlinking: /repo/ws/install/include/px4/px4/msg/detail/cellular_status__rosidl_typesupport_introspection_cpp.hpp
[915.964s] -- Symlinking: /repo/ws/install/include/px4/px4/msg/detail/collision_constraints__rosidl_typesupport_introspection_cpp.hpp
[915.979s] -- Symlinking: /repo/ws/install/include/px4/px4/msg/detail/config_overrides__rosidl_typesupport_introspection_cpp.hpp
[915.993s] -- Symlinking: /repo/ws/install/include/px4/px4/msg/detail/control_allocator_status__rosidl_typesupport_introspection_cpp.hpp
[916.007s] -- Symlinking: /repo/ws/install/include/px4/px4/msg/detail/cpuload__rosidl_typesupport_introspection_cpp.hpp
[916.020s] -- Symlinking: /repo/ws/install/include/px4/px4/msg/detail/dataman_request__rosidl_typesupport_introspection_cpp.hpp
[916.034s] -- Symlinking: /repo/ws/install/include/px4/px4/msg/detail/dataman_response__rosidl_typesupport_introspection_cpp.hpp
[916.048s] -- Symlinking: /repo/ws/install/include/px4/px4/msg/detail/debug_array__rosidl_typesupport_introspection_cpp.hpp
[916.062s] -- Symlinking: /repo/ws/install/include/px4/px4/msg/detail/debug_key_value__rosidl_typesupport_introspection_cpp.hpp
[916.077s] -- Symlinking: /repo/ws/install/include/px4/px4/msg/detail/debug_value__rosidl_typesupport_introspection_cpp.hpp
[916.091s] -- Symlinking: /repo/ws/install/include/px4/px4/msg/detail/debug_vect__rosidl_typesupport_introspection_cpp.hpp
[916.107s] -- Symlinking: /repo/ws/install/include/px4/px4/msg/detail/differential_pressure__rosidl_typesupport_introspection_cpp.hpp
[916.121s] -- Symlinking: /repo/ws/install/include/px4/px4/msg/detail/differential_velocity_setpoint__rosidl_typesupport_introspection_cpp.hpp
[916.137s] -- Symlinking: /repo/ws/install/include/px4/px4/msg/detail/distance_sensor__rosidl_typesupport_introspection_cpp.hpp
[916.151s] -- Symlinking: /repo/ws/install/include/px4/px4/msg/detail/distance_sensor_mode_change_request__rosidl_typesupport_introspection_cpp.hpp
[916.166s] -- Symlinking: /repo/ws/install/include/px4/px4/msg/detail/ekf2_timestamps__rosidl_typesupport_introspection_cpp.hpp
[916.183s] -- Symlinking: /repo/ws/install/include/px4/px4/msg/detail/esc_report__rosidl_typesupport_introspection_cpp.hpp
[916.202s] -- Symlinking: /repo/ws/install/include/px4/px4/msg/detail/esc_status__rosidl_typesupport_introspection_cpp.hpp
[916.216s] -- Symlinking: /repo/ws/install/include/px4/px4/msg/detail/estimator_aid_source1d__rosidl_typesupport_introspection_cpp.hpp
[916.230s] -- Symlinking: /repo/ws/install/include/px4/px4/msg/detail/estimator_aid_source2d__rosidl_typesupport_introspection_cpp.hpp
[916.244s] -- Symlinking: /repo/ws/install/include/px4/px4/msg/detail/estimator_aid_source3d__rosidl_typesupport_introspection_cpp.hpp
[916.258s] -- Symlinking: /repo/ws/install/include/px4/px4/msg/detail/estimator_bias3d__rosidl_typesupport_introspection_cpp.hpp
[916.275s] -- Symlinking: /repo/ws/install/include/px4/px4/msg/detail/estimator_bias__rosidl_typesupport_introspection_cpp.hpp
[916.290s] -- Symlinking: /repo/ws/install/include/px4/px4/msg/detail/estimator_event_flags__rosidl_typesupport_introspection_cpp.hpp
[916.307s] -- Symlinking: /repo/ws/install/include/px4/px4/msg/detail/estimator_gps_status__rosidl_typesupport_introspection_cpp.hpp
[916.321s] -- Symlinking: /repo/ws/install/include/px4/px4/msg/detail/estimator_innovations__rosidl_typesupport_introspection_cpp.hpp
[916.335s] -- Symlinking: /repo/ws/install/include/px4/px4/msg/detail/estimator_selector_status__rosidl_typesupport_introspection_cpp.hpp
[916.349s] -- Symlinking: /repo/ws/install/include/px4/px4/msg/detail/estimator_sensor_bias__rosidl_typesupport_introspection_cpp.hpp
[916.363s] -- Symlinking: /repo/ws/install/include/px4/px4/msg/detail/estimator_states__rosidl_typesupport_introspection_cpp.hpp
[916.381s] -- Symlinking: /repo/ws/install/include/px4/px4/msg/detail/estimator_status__rosidl_typesupport_introspection_cpp.hpp
[916.397s] -- Symlinking: /repo/ws/install/include/px4/px4/msg/detail/estimator_status_flags__rosidl_typesupport_introspection_cpp.hpp
[916.412s] -- Symlinking: /repo/ws/install/include/px4/px4/msg/detail/event__rosidl_typesupport_introspection_cpp.hpp
[916.430s] -- Symlinking: /repo/ws/install/include/px4/px4/msg/detail/failsafe_flags__rosidl_typesupport_introspection_cpp.hpp
[916.441s] -- Symlinking: /repo/ws/install/include/px4/px4/msg/detail/failure_detector_status__rosidl_typesupport_introspection_cpp.hpp
[916.456s] -- Symlinking: /repo/ws/install/include/px4/px4/msg/detail/figure_eight_status__rosidl_typesupport_introspection_cpp.hpp
[916.473s] -- Symlinking: /repo/ws/install/include/px4/px4/msg/detail/flight_phase_estimation__rosidl_typesupport_introspection_cpp.hpp
[916.489s] -- Symlinking: /repo/ws/install/include/px4/px4/msg/detail/follow_target__rosidl_typesupport_introspection_cpp.hpp
[916.503s] -- Symlinking: /repo/ws/install/include/px4/px4/msg/detail/follow_target_estimator__rosidl_typesupport_introspection_cpp.hpp
[916.518s] -- Symlinking: /repo/ws/install/include/px4/px4/msg/detail/follow_target_status__rosidl_typesupport_introspection_cpp.hpp
[916.533s] -- Symlinking: /repo/ws/install/include/px4/px4/msg/detail/fuel_tank_status__rosidl_typesupport_introspection_cpp.hpp
[916.548s] -- Symlinking: /repo/ws/install/include/px4/px4/msg/detail/generator_status__rosidl_typesupport_introspection_cpp.hpp
[916.562s] -- Symlinking: /repo/ws/install/include/px4/px4/msg/detail/geofence_result__rosidl_typesupport_introspection_cpp.hpp
[916.576s] -- Symlinking: /repo/ws/install/include/px4/px4/msg/detail/geofence_status__rosidl_typesupport_introspection_cpp.hpp
[916.591s] -- Symlinking: /repo/ws/install/include/px4/px4/msg/detail/gimbal_controls__rosidl_typesupport_introspection_cpp.hpp
[916.605s] -- Symlinking: /repo/ws/install/include/px4/px4/msg/detail/gimbal_device_attitude_status__rosidl_typesupport_introspection_cpp.hpp
[916.619s] -- Symlinking: /repo/ws/install/include/px4/px4/msg/detail/gimbal_device_information__rosidl_typesupport_introspection_cpp.hpp
[916.634s] -- Symlinking: /repo/ws/install/include/px4/px4/msg/detail/gimbal_device_set_attitude__rosidl_typesupport_introspection_cpp.hpp
[916.648s] -- Symlinking: /repo/ws/install/include/px4/px4/msg/detail/gimbal_manager_information__rosidl_typesupport_introspection_cpp.hpp
[916.663s] -- Symlinking: /repo/ws/install/include/px4/px4/msg/detail/gimbal_manager_set_attitude__rosidl_typesupport_introspection_cpp.hpp
[916.681s] -- Symlinking: /repo/ws/install/include/px4/px4/msg/detail/gimbal_manager_set_manual_control__rosidl_typesupport_introspection_cpp.hpp
[916.693s] -- Symlinking: /repo/ws/install/include/px4/px4/msg/detail/gimbal_manager_status__rosidl_typesupport_introspection_cpp.hpp
[916.706s] -- Symlinking: /repo/ws/install/include/px4/px4/msg/detail/goto_setpoint__rosidl_typesupport_introspection_cpp.hpp
[916.720s] -- Symlinking: /repo/ws/install/include/px4/px4/msg/detail/gpio_config__rosidl_typesupport_introspection_cpp.hpp
[916.734s] -- Symlinking: /repo/ws/install/include/px4/px4/msg/detail/gpio_in__rosidl_typesupport_introspection_cpp.hpp
[916.748s] -- Symlinking: /repo/ws/install/include/px4/px4/msg/detail/gpio_out__rosidl_typesupport_introspection_cpp.hpp
[916.765s] -- Symlinking: /repo/ws/install/include/px4/px4/msg/detail/gpio_request__rosidl_typesupport_introspection_cpp.hpp
[916.789s] -- Symlinking: /repo/ws/install/include/px4/px4/msg/detail/gps_dump__rosidl_typesupport_introspection_cpp.hpp
[916.811s] -- Symlinking: /repo/ws/install/include/px4/px4/msg/detail/gps_inject_data__rosidl_typesupport_introspection_cpp.hpp
[916.832s] -- Symlinking: /repo/ws/install/include/px4/px4/msg/detail/gripper__rosidl_typesupport_introspection_cpp.hpp
[916.852s] -- Symlinking: /repo/ws/install/include/px4/px4/msg/detail/health_report__rosidl_typesupport_introspection_cpp.hpp
[916.871s] -- Symlinking: /repo/ws/install/include/px4/px4/msg/detail/heater_status__rosidl_typesupport_introspection_cpp.hpp
[916.891s] -- Symlinking: /repo/ws/install/include/px4/px4/msg/detail/home_position__rosidl_typesupport_introspection_cpp.hpp
[916.910s] -- Symlinking: /repo/ws/install/include/px4/px4/msg/detail/hover_thrust_estimate__rosidl_typesupport_introspection_cpp.hpp
[916.933s] -- Symlinking: /repo/ws/install/include/px4/px4/msg/detail/input_rc__rosidl_typesupport_introspection_cpp.hpp
[916.950s] -- Symlinking: /repo/ws/install/include/px4/px4/msg/detail/internal_combustion_engine_control__rosidl_typesupport_introspection_cpp.hpp
[916.965s] -- Symlinking: /repo/ws/install/include/px4/px4/msg/detail/internal_combustion_engine_status__rosidl_typesupport_introspection_cpp.hpp
[916.986s] -- Symlinking: /repo/ws/install/include/px4/px4/msg/detail/iridiumsbd_status__rosidl_typesupport_introspection_cpp.hpp
[917.001s] -- Symlinking: /repo/ws/install/include/px4/px4/msg/detail/irlock_report__rosidl_typesupport_introspection_cpp.hpp
[917.016s] -- Symlinking: /repo/ws/install/include/px4/px4/msg/detail/landing_gear__rosidl_typesupport_introspection_cpp.hpp
[917.034s] -- Symlinking: /repo/ws/install/include/px4/px4/msg/detail/landing_gear_wheel__rosidl_typesupport_introspection_cpp.hpp
[917.050s] -- Symlinking: /repo/ws/install/include/px4/px4/msg/detail/landing_target_innovations__rosidl_typesupport_introspection_cpp.hpp
[917.065s] -- Symlinking: /repo/ws/install/include/px4/px4/msg/detail/landing_target_pose__rosidl_typesupport_introspection_cpp.hpp
[917.080s] -- Symlinking: /repo/ws/install/include/px4/px4/msg/detail/launch_detection_status__rosidl_typesupport_introspection_cpp.hpp
[917.095s] -- Symlinking: /repo/ws/install/include/px4/px4/msg/detail/led_control__rosidl_typesupport_introspection_cpp.hpp
[917.110s] -- Symlinking: /repo/ws/install/include/px4/px4/msg/detail/log_message__rosidl_typesupport_introspection_cpp.hpp
[917.125s] -- Symlinking: /repo/ws/install/include/px4/px4/msg/detail/logger_status__rosidl_typesupport_introspection_cpp.hpp
[917.140s] -- Symlinking: /repo/ws/install/include/px4/px4/msg/detail/mag_worker_data__rosidl_typesupport_introspection_cpp.hpp
[917.156s] -- Symlinking: /repo/ws/install/include/px4/px4/msg/detail/magnetometer_bias_estimate__rosidl_typesupport_introspection_cpp.hpp
[917.170s] -- Symlinking: /repo/ws/install/include/px4/px4/msg/detail/manual_control_setpoint__rosidl_typesupport_introspection_cpp.hpp
[917.185s] -- Symlinking: /repo/ws/install/include/px4/px4/msg/detail/manual_control_switches__rosidl_typesupport_introspection_cpp.hpp
[917.204s] -- Symlinking: /repo/ws/install/include/px4/px4/msg/detail/mavlink_log__rosidl_typesupport_introspection_cpp.hpp
[917.219s] -- Symlinking: /repo/ws/install/include/px4/px4/msg/detail/mavlink_tunnel__rosidl_typesupport_introspection_cpp.hpp
[917.236s] -- Symlinking: /repo/ws/install/include/px4/px4/msg/detail/message_format_request__rosidl_typesupport_introspection_cpp.hpp
[917.251s] -- Symlinking: /repo/ws/install/include/px4/px4/msg/detail/message_format_response__rosidl_typesupport_introspection_cpp.hpp
[917.267s] -- Symlinking: /repo/ws/install/include/px4/px4/msg/detail/mission__rosidl_typesupport_introspection_cpp.hpp
[917.285s] -- Symlinking: /repo/ws/install/include/px4/px4/msg/detail/mission_result__rosidl_typesupport_introspection_cpp.hpp
[917.300s] -- Symlinking: /repo/ws/install/include/px4/px4/msg/detail/mode_completed__rosidl_typesupport_introspection_cpp.hpp
[917.316s] -- Symlinking: /repo/ws/install/include/px4/px4/msg/detail/mount_orientation__rosidl_typesupport_introspection_cpp.hpp
[917.334s] -- Symlinking: /repo/ws/install/include/px4/px4/msg/detail/navigator_mission_item__rosidl_typesupport_introspection_cpp.hpp
[917.350s] -- Symlinking: /repo/ws/install/include/px4/px4/msg/detail/navigator_status__rosidl_typesupport_introspection_cpp.hpp
[917.368s] -- Symlinking: /repo/ws/install/include/px4/px4/msg/detail/normalized_unsigned_setpoint__rosidl_typesupport_introspection_cpp.hpp
[917.393s] -- Symlinking: /repo/ws/install/include/px4/px4/msg/detail/npfg_status__rosidl_typesupport_introspection_cpp.hpp
[917.420s] -- Symlinking: /repo/ws/install/include/px4/px4/msg/detail/obstacle_distance__rosidl_typesupport_introspection_cpp.hpp
[917.438s] -- Symlinking: /repo/ws/install/include/px4/px4/msg/detail/offboard_control_mode__rosidl_typesupport_introspection_cpp.hpp
[917.468s] -- Symlinking: /repo/ws/install/include/px4/px4/msg/detail/onboard_computer_status__rosidl_typesupport_introspection_cpp.hpp
[917.492s] -- Symlinking: /repo/ws/install/include/px4/px4/msg/detail/open_drone_id_arm_status__rosidl_typesupport_introspection_cpp.hpp
[917.518s] -- Symlinking: /repo/ws/install/include/px4/px4/msg/detail/open_drone_id_operator_id__rosidl_typesupport_introspection_cpp.hpp
[917.559s] -- Symlinking: /repo/ws/install/include/px4/px4/msg/detail/open_drone_id_self_id__rosidl_typesupport_introspection_cpp.hpp
[917.593s] -- Symlinking: /repo/ws/install/include/px4/px4/msg/detail/open_drone_id_system__rosidl_typesupport_introspection_cpp.hpp
[917.616s] -- Symlinking: /repo/ws/install/include/px4/px4/msg/detail/orb_test__rosidl_typesupport_introspection_cpp.hpp
[917.641s] -- Symlinking: /repo/ws/install/include/px4/px4/msg/detail/orb_test_large__rosidl_typesupport_introspection_cpp.hpp
[917.658s] -- Symlinking: /repo/ws/install/include/px4/px4/msg/detail/orb_test_medium__rosidl_typesupport_introspection_cpp.hpp
[917.677s] -- Symlinking: /repo/ws/install/include/px4/px4/msg/detail/orbit_status__rosidl_typesupport_introspection_cpp.hpp
[917.693s] -- Symlinking: /repo/ws/install/include/px4/px4/msg/detail/parameter_reset_request__rosidl_typesupport_introspection_cpp.hpp
[917.710s] -- Symlinking: /repo/ws/install/include/px4/px4/msg/detail/parameter_set_used_request__rosidl_typesupport_introspection_cpp.hpp
[917.734s] -- Symlinking: /repo/ws/install/include/px4/px4/msg/detail/parameter_set_value_request__rosidl_typesupport_introspection_cpp.hpp
[917.753s] -- Symlinking: /repo/ws/install/include/px4/px4/msg/detail/parameter_set_value_response__rosidl_typesupport_introspection_cpp.hpp
[917.770s] -- Symlinking: /repo/ws/install/include/px4/px4/msg/detail/parameter_update__rosidl_typesupport_introspection_cpp.hpp
[917.790s] -- Symlinking: /repo/ws/install/include/px4/px4/msg/detail/ping__rosidl_typesupport_introspection_cpp.hpp
[917.806s] -- Symlinking: /repo/ws/install/include/px4/px4/msg/detail/position_controller_landing_status__rosidl_typesupport_introspection_cpp.hpp
[917.820s] -- Symlinking: /repo/ws/install/include/px4/px4/msg/detail/position_controller_status__rosidl_typesupport_introspection_cpp.hpp
[917.839s] -- Symlinking: /repo/ws/install/include/px4/px4/msg/detail/position_setpoint__rosidl_typesupport_introspection_cpp.hpp
[917.854s] -- Symlinking: /repo/ws/install/include/px4/px4/msg/detail/position_setpoint_triplet__rosidl_typesupport_introspection_cpp.hpp
[917.873s] -- Symlinking: /repo/ws/install/include/px4/px4/msg/detail/power_button_state__rosidl_typesupport_introspection_cpp.hpp
[917.890s] -- Symlinking: /repo/ws/install/include/px4/px4/msg/detail/power_monitor__rosidl_typesupport_introspection_cpp.hpp
[917.905s] -- Symlinking: /repo/ws/install/include/px4/px4/msg/detail/pps_capture__rosidl_typesupport_introspection_cpp.hpp
[917.924s] -- Symlinking: /repo/ws/install/include/px4/px4/msg/detail/pure_pursuit_status__rosidl_typesupport_introspection_cpp.hpp
[917.939s] -- Symlinking: /repo/ws/install/include/px4/px4/msg/detail/pwm_input__rosidl_typesupport_introspection_cpp.hpp
[917.961s] -- Symlinking: /repo/ws/install/include/px4/px4/msg/detail/px4io_status__rosidl_typesupport_introspection_cpp.hpp
[917.974s] -- Symlinking: /repo/ws/install/include/px4/px4/msg/detail/qshell_req__rosidl_typesupport_introspection_cpp.hpp
[917.992s] -- Symlinking: /repo/ws/install/include/px4/px4/msg/detail/qshell_retval__rosidl_typesupport_introspection_cpp.hpp
[918.010s] -- Symlinking: /repo/ws/install/include/px4/px4/msg/detail/radio_status__rosidl_typesupport_introspection_cpp.hpp
[918.024s] -- Symlinking: /repo/ws/install/include/px4/px4/msg/detail/rate_ctrl_status__rosidl_typesupport_introspection_cpp.hpp
[918.042s] -- Symlinking: /repo/ws/install/include/px4/px4/msg/detail/rc_channels__rosidl_typesupport_introspection_cpp.hpp
[918.057s] -- Symlinking: /repo/ws/install/include/px4/px4/msg/detail/rc_parameter_map__rosidl_typesupport_introspection_cpp.hpp
[918.073s] -- Symlinking: /repo/ws/install/include/px4/px4/msg/detail/register_ext_component_reply__rosidl_typesupport_introspection_cpp.hpp
[918.091s] -- Symlinking: /repo/ws/install/include/px4/px4/msg/detail/register_ext_component_request__rosidl_typesupport_introspection_cpp.hpp
[918.105s] -- Symlinking: /repo/ws/install/include/px4/px4/msg/detail/rover_attitude_setpoint__rosidl_typesupport_introspection_cpp.hpp
[918.123s] -- Symlinking: /repo/ws/install/include/px4/px4/msg/detail/rover_attitude_status__rosidl_typesupport_introspection_cpp.hpp
[918.137s] -- Symlinking: /repo/ws/install/include/px4/px4/msg/detail/rover_position_setpoint__rosidl_typesupport_introspection_cpp.hpp
[918.156s] -- Symlinking: /repo/ws/install/include/px4/px4/msg/detail/rover_rate_setpoint__rosidl_typesupport_introspection_cpp.hpp
[918.170s] -- Symlinking: /repo/ws/install/include/px4/px4/msg/detail/rover_rate_status__rosidl_typesupport_introspection_cpp.hpp
[918.188s] -- Symlinking: /repo/ws/install/include/px4/px4/msg/detail/rover_steering_setpoint__rosidl_typesupport_introspection_cpp.hpp
[918.210s] -- Symlinking: /repo/ws/install/include/px4/px4/msg/detail/rover_throttle_setpoint__rosidl_typesupport_introspection_cpp.hpp
[918.226s] -- Symlinking: /repo/ws/install/include/px4/px4/msg/detail/rover_velocity_status__rosidl_typesupport_introspection_cpp.hpp
[918.245s] -- Symlinking: /repo/ws/install/include/px4/px4/msg/detail/rpm__rosidl_typesupport_introspection_cpp.hpp
[918.264s] -- Symlinking: /repo/ws/install/include/px4/px4/msg/detail/rtl_status__rosidl_typesupport_introspection_cpp.hpp
[918.280s] -- Symlinking: /repo/ws/install/include/px4/px4/msg/detail/rtl_time_estimate__rosidl_typesupport_introspection_cpp.hpp
[918.298s] -- Symlinking: /repo/ws/install/include/px4/px4/msg/detail/satellite_info__rosidl_typesupport_introspection_cpp.hpp
[918.320s] -- Symlinking: /repo/ws/install/include/px4/px4/msg/detail/sensor_accel__rosidl_typesupport_introspection_cpp.hpp
[918.335s] -- Symlinking: /repo/ws/install/include/px4/px4/msg/detail/sensor_accel_fifo__rosidl_typesupport_introspection_cpp.hpp
[918.355s] -- Symlinking: /repo/ws/install/include/px4/px4/msg/detail/sensor_airflow__rosidl_typesupport_introspection_cpp.hpp
[918.370s] -- Symlinking: /repo/ws/install/include/px4/px4/msg/detail/sensor_baro__rosidl_typesupport_introspection_cpp.hpp
[918.387s] -- Symlinking: /repo/ws/install/include/px4/px4/msg/detail/sensor_combined__rosidl_typesupport_introspection_cpp.hpp
[918.407s] -- Symlinking: /repo/ws/install/include/px4/px4/msg/detail/sensor_correction__rosidl_typesupport_introspection_cpp.hpp
[918.422s] -- Symlinking: /repo/ws/install/include/px4/px4/msg/detail/sensor_gnss_relative__rosidl_typesupport_introspection_cpp.hpp
[918.440s] -- Symlinking: /repo/ws/install/include/px4/px4/msg/detail/sensor_gps__rosidl_typesupport_introspection_cpp.hpp
[918.456s] -- Symlinking: /repo/ws/install/include/px4/px4/msg/detail/sensor_gyro__rosidl_typesupport_introspection_cpp.hpp
[918.475s] -- Symlinking: /repo/ws/install/include/px4/px4/msg/detail/sensor_gyro_fft__rosidl_typesupport_introspection_cpp.hpp
[918.493s] -- Symlinking: /repo/ws/install/include/px4/px4/msg/detail/sensor_gyro_fifo__rosidl_typesupport_introspection_cpp.hpp
[918.511s] -- Symlinking: /repo/ws/install/include/px4/px4/msg/detail/sensor_hygrometer__rosidl_typesupport_introspection_cpp.hpp
[918.529s] -- Symlinking: /repo/ws/install/include/px4/px4/msg/detail/sensor_mag__rosidl_typesupport_introspection_cpp.hpp
[918.544s] -- Symlinking: /repo/ws/install/include/px4/px4/msg/detail/sensor_optical_flow__rosidl_typesupport_introspection_cpp.hpp
[918.563s] -- Symlinking: /repo/ws/install/include/px4/px4/msg/detail/sensor_preflight_mag__rosidl_typesupport_introspection_cpp.hpp
[918.577s] -- Symlinking: /repo/ws/install/include/px4/px4/msg/detail/sensor_selection__rosidl_typesupport_introspection_cpp.hpp
[918.598s] -- Symlinking: /repo/ws/install/include/px4/px4/msg/detail/sensor_uwb__rosidl_typesupport_introspection_cpp.hpp
[918.615s] -- Symlinking: /repo/ws/install/include/px4/px4/msg/detail/sensors_status__rosidl_typesupport_introspection_cpp.hpp
[918.637s] -- Symlinking: /repo/ws/install/include/px4/px4/msg/detail/sensors_status_imu__rosidl_typesupport_introspection_cpp.hpp
[918.654s] -- Symlinking: /repo/ws/install/include/px4/px4/msg/detail/system_power__rosidl_typesupport_introspection_cpp.hpp
[918.671s] -- Symlinking: /repo/ws/install/include/px4/px4/msg/detail/takeoff_status__rosidl_typesupport_introspection_cpp.hpp
[918.688s] -- Symlinking: /repo/ws/install/include/px4/px4/msg/detail/task_stack_info__rosidl_typesupport_introspection_cpp.hpp
[918.705s] -- Symlinking: /repo/ws/install/include/px4/px4/msg/detail/tecs_status__rosidl_typesupport_introspection_cpp.hpp
[918.726s] -- Symlinking: /repo/ws/install/include/px4/px4/msg/detail/telemetry_status__rosidl_typesupport_introspection_cpp.hpp
[918.745s] -- Symlinking: /repo/ws/install/include/px4/px4/msg/detail/tiltrotor_extra_controls__rosidl_typesupport_introspection_cpp.hpp
[918.761s] -- Symlinking: /repo/ws/install/include/px4/px4/msg/detail/timesync_status__rosidl_typesupport_introspection_cpp.hpp
[918.775s] -- Symlinking: /repo/ws/install/include/px4/px4/msg/detail/trajectory_setpoint6dof__rosidl_typesupport_introspection_cpp.hpp
[918.795s] -- Symlinking: /repo/ws/install/include/px4/px4/msg/detail/trajectory_setpoint__rosidl_typesupport_introspection_cpp.hpp
[918.815s] -- Symlinking: /repo/ws/install/include/px4/px4/msg/detail/transponder_report__rosidl_typesupport_introspection_cpp.hpp
[918.835s] -- Symlinking: /repo/ws/install/include/px4/px4/msg/detail/tune_control__rosidl_typesupport_introspection_cpp.hpp
[918.850s] -- Symlinking: /repo/ws/install/include/px4/px4/msg/detail/uavcan_parameter_request__rosidl_typesupport_introspection_cpp.hpp
[918.868s] -- Symlinking: /repo/ws/install/include/px4/px4/msg/detail/uavcan_parameter_value__rosidl_typesupport_introspection_cpp.hpp
[918.883s] -- Symlinking: /repo/ws/install/include/px4/px4/msg/detail/ulog_stream__rosidl_typesupport_introspection_cpp.hpp
[918.899s] -- Symlinking: /repo/ws/install/include/px4/px4/msg/detail/ulog_stream_ack__rosidl_typesupport_introspection_cpp.hpp
[918.917s] -- Symlinking: /repo/ws/install/include/px4/px4/msg/detail/unregister_ext_component__rosidl_typesupport_introspection_cpp.hpp
[918.932s] -- Symlinking: /repo/ws/install/include/px4/px4/msg/detail/vehicle_acceleration__rosidl_typesupport_introspection_cpp.hpp
[918.951s] -- Symlinking: /repo/ws/install/include/px4/px4/msg/detail/vehicle_air_data__rosidl_typesupport_introspection_cpp.hpp
[918.965s] -- Symlinking: /repo/ws/install/include/px4/px4/msg/detail/vehicle_angular_acceleration_setpoint__rosidl_typesupport_introspection_cpp.hpp
[918.981s] -- Symlinking: /repo/ws/install/include/px4/px4/msg/detail/vehicle_angular_velocity__rosidl_typesupport_introspection_cpp.hpp
[919.005s] -- Symlinking: /repo/ws/install/include/px4/px4/msg/detail/vehicle_attitude__rosidl_typesupport_introspection_cpp.hpp
[919.024s] -- Symlinking: /repo/ws/install/include/px4/px4/msg/detail/vehicle_attitude_setpoint__rosidl_typesupport_introspection_cpp.hpp
[919.042s] -- Symlinking: /repo/ws/install/include/px4/px4/msg/detail/vehicle_command__rosidl_typesupport_introspection_cpp.hpp
[919.059s] -- Symlinking: /repo/ws/install/include/px4/px4/msg/detail/vehicle_command_ack__rosidl_typesupport_introspection_cpp.hpp
[919.076s] -- Symlinking: /repo/ws/install/include/px4/px4/msg/detail/vehicle_constraints__rosidl_typesupport_introspection_cpp.hpp
[919.093s] -- Symlinking: /repo/ws/install/include/px4/px4/msg/detail/vehicle_control_mode__rosidl_typesupport_introspection_cpp.hpp
[919.108s] -- Symlinking: /repo/ws/install/include/px4/px4/msg/detail/vehicle_global_position__rosidl_typesupport_introspection_cpp.hpp
[919.126s] -- Symlinking: /repo/ws/install/include/px4/px4/msg/detail/vehicle_imu__rosidl_typesupport_introspection_cpp.hpp
[919.140s] -- Symlinking: /repo/ws/install/include/px4/px4/msg/detail/vehicle_imu_status__rosidl_typesupport_introspection_cpp.hpp
[919.159s] -- Symlinking: /repo/ws/install/include/px4/px4/msg/detail/vehicle_land_detected__rosidl_typesupport_introspection_cpp.hpp
[919.173s] -- Symlinking: /repo/ws/install/include/px4/px4/msg/detail/vehicle_local_position__rosidl_typesupport_introspection_cpp.hpp
[919.192s] -- Symlinking: /repo/ws/install/include/px4/px4/msg/detail/vehicle_local_position_setpoint__rosidl_typesupport_introspection_cpp.hpp
[919.211s] -- Symlinking: /repo/ws/install/include/px4/px4/msg/detail/vehicle_magnetometer__rosidl_typesupport_introspection_cpp.hpp
[919.229s] -- Symlinking: /repo/ws/install/include/px4/px4/msg/detail/vehicle_odometry__rosidl_typesupport_introspection_cpp.hpp
[919.247s] -- Symlinking: /repo/ws/install/include/px4/px4/msg/detail/vehicle_optical_flow__rosidl_typesupport_introspection_cpp.hpp
[919.263s] -- Symlinking: /repo/ws/install/include/px4/px4/msg/detail/vehicle_optical_flow_vel__rosidl_typesupport_introspection_cpp.hpp
[919.279s] -- Symlinking: /repo/ws/install/include/px4/px4/msg/detail/vehicle_rates_setpoint__rosidl_typesupport_introspection_cpp.hpp
[919.296s] -- Symlinking: /repo/ws/install/include/px4/px4/msg/detail/vehicle_roi__rosidl_typesupport_introspection_cpp.hpp
[919.313s] -- Symlinking: /repo/ws/install/include/px4/px4/msg/detail/vehicle_status__rosidl_typesupport_introspection_cpp.hpp
[919.331s] -- Symlinking: /repo/ws/install/include/px4/px4/msg/detail/vehicle_thrust_setpoint__rosidl_typesupport_introspection_cpp.hpp
[919.352s] -- Symlinking: /repo/ws/install/include/px4/px4/msg/detail/vehicle_torque_setpoint__rosidl_typesupport_introspection_cpp.hpp
[919.366s] -- Symlinking: /repo/ws/install/include/px4/px4/msg/detail/velocity_limits__rosidl_typesupport_introspection_cpp.hpp
[919.381s] -- Symlinking: /repo/ws/install/include/px4/px4/msg/detail/vtol_vehicle_status__rosidl_typesupport_introspection_cpp.hpp
[919.399s] -- Symlinking: /repo/ws/install/include/px4/px4/msg/detail/wheel_encoders__rosidl_typesupport_introspection_cpp.hpp
[919.419s] -- Symlinking: /repo/ws/install/include/px4/px4/msg/detail/wind__rosidl_typesupport_introspection_cpp.hpp
[919.439s] -- Symlinking: /repo/ws/install/include/px4/px4/msg/detail/yaw_estimator_status__rosidl_typesupport_introspection_cpp.hpp
[919.456s] -- Symlinking: /repo/ws/install/share/px4/environment/pythonpath.sh
[919.474s] -- Symlinking: /repo/ws/install/share/px4/environment/pythonpath.dsv
[919.492s] -- Symlinking: /repo/ws/install/lib/python3.12/site-packages/px4-1.14.0-py3.12.egg-info/PKG-INFO
[919.512s] -- Symlinking: /repo/ws/install/lib/python3.12/site-packages/px4-1.14.0-py3.12.egg-info/SOURCES.txt
[919.535s] -- Symlinking: /repo/ws/install/lib/python3.12/site-packages/px4-1.14.0-py3.12.egg-info/dependency_links.txt
[919.552s] -- Symlinking: /repo/ws/install/lib/python3.12/site-packages/px4-1.14.0-py3.12.egg-info/top_level.txt
[919.584s] -- Symlinking: /repo/ws/install/lib/python3.12/site-packages/px4/__init__.py
[919.606s] -- Symlinking: /repo/ws/install/lib/python3.12/site-packages/px4/_px4_s.ep.rosidl_typesupport_c.c
[919.623s] -- Symlinking: /repo/ws/install/lib/python3.12/site-packages/px4/_px4_s.ep.rosidl_typesupport_fastrtps_c.c
[919.640s] -- Symlinking: /repo/ws/install/lib/python3.12/site-packages/px4/_px4_s.ep.rosidl_typesupport_introspection_c.c
[919.654s] -- Symlinking: /repo/ws/install/lib/python3.12/site-packages/px4/msg/__init__.py
[919.672s] -- Symlinking: /repo/ws/install/lib/python3.12/site-packages/px4/msg/_ackermann_velocity_setpoint.py
[919.690s] -- Symlinking: /repo/ws/install/lib/python3.12/site-packages/px4/msg/_ackermann_velocity_setpoint_s.c
[919.705s] -- Symlinking: /repo/ws/install/lib/python3.12/site-packages/px4/msg/_action_request.py
[919.724s] -- Symlinking: /repo/ws/install/lib/python3.12/site-packages/px4/msg/_action_request_s.c
[919.739s] -- Symlinking: /repo/ws/install/lib/python3.12/site-packages/px4/msg/_actuator_armed.py
[919.759s] -- Symlinking: /repo/ws/install/lib/python3.12/site-packages/px4/msg/_actuator_armed_s.c
[919.774s] -- Symlinking: /repo/ws/install/lib/python3.12/site-packages/px4/msg/_actuator_controls_status.py
[919.792s] -- Symlinking: /repo/ws/install/lib/python3.12/site-packages/px4/msg/_actuator_controls_status_s.c
[919.812s] -- Symlinking: /repo/ws/install/lib/python3.12/site-packages/px4/msg/_actuator_motors.py
[919.828s] -- Symlinking: /repo/ws/install/lib/python3.12/site-packages/px4/msg/_actuator_motors_s.c
[919.850s] -- Symlinking: /repo/ws/install/lib/python3.12/site-packages/px4/msg/_actuator_outputs.py
[919.870s] -- Symlinking: /repo/ws/install/lib/python3.12/site-packages/px4/msg/_actuator_outputs_s.c
[919.887s] -- Symlinking: /repo/ws/install/lib/python3.12/site-packages/px4/msg/_actuator_servos.py
[919.902s] -- Symlinking: /repo/ws/install/lib/python3.12/site-packages/px4/msg/_actuator_servos_s.c
[919.922s] -- Symlinking: /repo/ws/install/lib/python3.12/site-packages/px4/msg/_actuator_servos_trim.py
[919.937s] -- Symlinking: /repo/ws/install/lib/python3.12/site-packages/px4/msg/_actuator_servos_trim_s.c
[919.956s] -- Symlinking: /repo/ws/install/lib/python3.12/site-packages/px4/msg/_actuator_test.py
[919.970s] -- Symlinking: /repo/ws/install/lib/python3.12/site-packages/px4/msg/_actuator_test_s.c
[919.984s] -- Symlinking: /repo/ws/install/lib/python3.12/site-packages/px4/msg/_adc_report.py
[920.006s] -- Symlinking: /repo/ws/install/lib/python3.12/site-packages/px4/msg/_adc_report_s.c
[920.021s] -- Symlinking: /repo/ws/install/lib/python3.12/site-packages/px4/msg/_airspeed.py
[920.039s] -- Symlinking: /repo/ws/install/lib/python3.12/site-packages/px4/msg/_airspeed_s.c
[920.054s] -- Symlinking: /repo/ws/install/lib/python3.12/site-packages/px4/msg/_airspeed_validated.py
[920.071s] -- Symlinking: /repo/ws/install/lib/python3.12/site-packages/px4/msg/_airspeed_validated_s.c
[920.086s] -- Symlinking: /repo/ws/install/lib/python3.12/site-packages/px4/msg/_airspeed_wind.py
[920.102s] -- Symlinking: /repo/ws/install/lib/python3.12/site-packages/px4/msg/_airspeed_wind_s.c
[920.119s] -- Symlinking: /repo/ws/install/lib/python3.12/site-packages/px4/msg/_arming_check_reply.py
[920.134s] -- Symlinking: /repo/ws/install/lib/python3.12/site-packages/px4/msg/_arming_check_reply_s.c
[920.153s] -- Symlinking: /repo/ws/install/lib/python3.12/site-packages/px4/msg/_arming_check_request.py
[920.168s] -- Symlinking: /repo/ws/install/lib/python3.12/site-packages/px4/msg/_arming_check_request_s.c
[920.183s] -- Symlinking: /repo/ws/install/lib/python3.12/site-packages/px4/msg/_autotune_attitude_control_status.py
[920.204s] -- Symlinking: /repo/ws/install/lib/python3.12/site-packages/px4/msg/_autotune_attitude_control_status_s.c
[920.219s] -- Symlinking: /repo/ws/install/lib/python3.12/site-packages/px4/msg/_battery_status.py
[920.238s] -- Symlinking: /repo/ws/install/lib/python3.12/site-packages/px4/msg/_battery_status_s.c
[920.254s] -- Symlinking: /repo/ws/install/lib/python3.12/site-packages/px4/msg/_button_event.py
[920.270s] -- Symlinking: /repo/ws/install/lib/python3.12/site-packages/px4/msg/_button_event_s.c
[920.285s] -- Symlinking: /repo/ws/install/lib/python3.12/site-packages/px4/msg/_camera_capture.py
[920.300s] -- Symlinking: /repo/ws/install/lib/python3.12/site-packages/px4/msg/_camera_capture_s.c
[920.319s] -- Symlinking: /repo/ws/install/lib/python3.12/site-packages/px4/msg/_camera_status.py
[920.333s] -- Symlinking: /repo/ws/install/lib/python3.12/site-packages/px4/msg/_camera_status_s.c
[920.353s] -- Symlinking: /repo/ws/install/lib/python3.12/site-packages/px4/msg/_camera_trigger.py
[920.367s] -- Symlinking: /repo/ws/install/lib/python3.12/site-packages/px4/msg/_camera_trigger_s.c
[920.387s] -- Symlinking: /repo/ws/install/lib/python3.12/site-packages/px4/msg/_can_interface_status.py
[920.413s] -- Symlinking: /repo/ws/install/lib/python3.12/site-packages/px4/msg/_can_interface_status_s.c
[920.435s] -- Symlinking: /repo/ws/install/lib/python3.12/site-packages/px4/msg/_cellular_status.py
[920.455s] -- Symlinking: /repo/ws/install/lib/python3.12/site-packages/px4/msg/_cellular_status_s.c
[920.476s] -- Symlinking: /repo/ws/install/lib/python3.12/site-packages/px4/msg/_collision_constraints.py
[920.495s] -- Symlinking: /repo/ws/install/lib/python3.12/site-packages/px4/msg/_collision_constraints_s.c
[920.513s] -- Symlinking: /repo/ws/install/lib/python3.12/site-packages/px4/msg/_config_overrides.py
[920.534s] -- Symlinking: /repo/ws/install/lib/python3.12/site-packages/px4/msg/_config_overrides_s.c
[920.552s] -- Symlinking: /repo/ws/install/lib/python3.12/site-packages/px4/msg/_control_allocator_status.py
[920.573s] -- Symlinking: /repo/ws/install/lib/python3.12/site-packages/px4/msg/_control_allocator_status_s.c
[920.589s] -- Symlinking: /repo/ws/install/lib/python3.12/site-packages/px4/msg/_cpuload.py
[920.613s] -- Symlinking: /repo/ws/install/lib/python3.12/site-packages/px4/msg/_cpuload_s.c
[920.636s] -- Symlinking: /repo/ws/install/lib/python3.12/site-packages/px4/msg/_dataman_request.py
[920.658s] -- Symlinking: /repo/ws/install/lib/python3.12/site-packages/px4/msg/_dataman_request_s.c
[920.677s] -- Symlinking: /repo/ws/install/lib/python3.12/site-packages/px4/msg/_dataman_response.py
[920.695s] -- Symlinking: /repo/ws/install/lib/python3.12/site-packages/px4/msg/_dataman_response_s.c
[920.713s] -- Symlinking: /repo/ws/install/lib/python3.12/site-packages/px4/msg/_debug_array.py
[920.731s] -- Symlinking: /repo/ws/install/lib/python3.12/site-packages/px4/msg/_debug_array_s.c
[920.751s] -- Symlinking: /repo/ws/install/lib/python3.12/site-packages/px4/msg/_debug_key_value.py
[920.766s] -- Symlinking: /repo/ws/install/lib/python3.12/site-packages/px4/msg/_debug_key_value_s.c
[920.780s] -- Symlinking: /repo/ws/install/lib/python3.12/site-packages/px4/msg/_debug_value.py
[920.802s] -- Symlinking: /repo/ws/install/lib/python3.12/site-packages/px4/msg/_debug_value_s.c
[920.818s] -- Symlinking: /repo/ws/install/lib/python3.12/site-packages/px4/msg/_debug_vect.py
[920.835s] -- Symlinking: /repo/ws/install/lib/python3.12/site-packages/px4/msg/_debug_vect_s.c
[920.850s] -- Symlinking: /repo/ws/install/lib/python3.12/site-packages/px4/msg/_differential_pressure.py
[920.868s] -- Symlinking: /repo/ws/install/lib/python3.12/site-packages/px4/msg/_differential_pressure_s.c
[920.882s] -- Symlinking: /repo/ws/install/lib/python3.12/site-packages/px4/msg/_differential_velocity_setpoint.py
[920.898s] -- Symlinking: /repo/ws/install/lib/python3.12/site-packages/px4/msg/_differential_velocity_setpoint_s.c
[920.917s] -- Symlinking: /repo/ws/install/lib/python3.12/site-packages/px4/msg/_distance_sensor.py
[920.932s] -- Symlinking: /repo/ws/install/lib/python3.12/site-packages/px4/msg/_distance_sensor_mode_change_request.py
[920.956s] -- Symlinking: /repo/ws/install/lib/python3.12/site-packages/px4/msg/_distance_sensor_mode_change_request_s.c
[920.970s] -- Symlinking: /repo/ws/install/lib/python3.12/site-packages/px4/msg/_distance_sensor_s.c
[920.987s] -- Symlinking: /repo/ws/install/lib/python3.12/site-packages/px4/msg/_ekf2_timestamps.py
[921.008s] -- Symlinking: /repo/ws/install/lib/python3.12/site-packages/px4/msg/_ekf2_timestamps_s.c
[921.024s] -- Symlinking: /repo/ws/install/lib/python3.12/site-packages/px4/msg/_esc_report.py
[921.041s] -- Symlinking: /repo/ws/install/lib/python3.12/site-packages/px4/msg/_esc_report_s.c
[921.057s] -- Symlinking: /repo/ws/install/lib/python3.12/site-packages/px4/msg/_esc_status.py
[921.074s] -- Symlinking: /repo/ws/install/lib/python3.12/site-packages/px4/msg/_esc_status_s.c
[921.091s] -- Symlinking: /repo/ws/install/lib/python3.12/site-packages/px4/msg/_estimator_aid_source1d.py
[921.106s] -- Symlinking: /repo/ws/install/lib/python3.12/site-packages/px4/msg/_estimator_aid_source1d_s.c
[921.123s] -- Symlinking: /repo/ws/install/lib/python3.12/site-packages/px4/msg/_estimator_aid_source2d.py
[921.139s] -- Symlinking: /repo/ws/install/lib/python3.12/site-packages/px4/msg/_estimator_aid_source2d_s.c
[921.156s] -- Symlinking: /repo/ws/install/lib/python3.12/site-packages/px4/msg/_estimator_aid_source3d.py
[921.170s] -- Symlinking: /repo/ws/install/lib/python3.12/site-packages/px4/msg/_estimator_aid_source3d_s.c
[921.185s] -- Symlinking: /repo/ws/install/lib/python3.12/site-packages/px4/msg/_estimator_bias.py
[921.207s] -- Symlinking: /repo/ws/install/lib/python3.12/site-packages/px4/msg/_estimator_bias3d.py
[921.223s] -- Symlinking: /repo/ws/install/lib/python3.12/site-packages/px4/msg/_estimator_bias3d_s.c
[921.240s] -- Symlinking: /repo/ws/install/lib/python3.12/site-packages/px4/msg/_estimator_bias_s.c
[921.255s] -- Symlinking: /repo/ws/install/lib/python3.12/site-packages/px4/msg/_estimator_event_flags.py
[921.272s] -- Symlinking: /repo/ws/install/lib/python3.12/site-packages/px4/msg/_estimator_event_flags_s.c
[921.287s] -- Symlinking: /repo/ws/install/lib/python3.12/site-packages/px4/msg/_estimator_gps_status.py
[921.306s] -- Symlinking: /repo/ws/install/lib/python3.12/site-packages/px4/msg/_estimator_gps_status_s.c
[921.324s] -- Symlinking: /repo/ws/install/lib/python3.12/site-packages/px4/msg/_estimator_innovations.py
[921.339s] -- Symlinking: /repo/ws/install/lib/python3.12/site-packages/px4/msg/_estimator_innovations_s.c
[921.357s] -- Symlinking: /repo/ws/install/lib/python3.12/site-packages/px4/msg/_estimator_selector_status.py
[921.372s] -- Symlinking: /repo/ws/install/lib/python3.12/site-packages/px4/msg/_estimator_selector_status_s.c
[921.389s] -- Symlinking: /repo/ws/install/lib/python3.12/site-packages/px4/msg/_estimator_sensor_bias.py
[921.410s] -- Symlinking: /repo/ws/install/lib/python3.12/site-packages/px4/msg/_estimator_sensor_bias_s.c
[921.427s] -- Symlinking: /repo/ws/install/lib/python3.12/site-packages/px4/msg/_estimator_states.py
[921.443s] -- Symlinking: /repo/ws/install/lib/python3.12/site-packages/px4/msg/_estimator_states_s.c
[921.457s] -- Symlinking: /repo/ws/install/lib/python3.12/site-packages/px4/msg/_estimator_status.py
[921.478s] -- Symlinking: /repo/ws/install/lib/python3.12/site-packages/px4/msg/_estimator_status_flags.py
[921.495s] -- Symlinking: /repo/ws/install/lib/python3.12/site-packages/px4/msg/_estimator_status_flags_s.c
[921.515s] -- Symlinking: /repo/ws/install/lib/python3.12/site-packages/px4/msg/_estimator_status_s.c
[921.535s] -- Symlinking: /repo/ws/install/lib/python3.12/site-packages/px4/msg/_event.py
[921.553s] -- Symlinking: /repo/ws/install/lib/python3.12/site-packages/px4/msg/_event_s.c
[921.567s] -- Symlinking: /repo/ws/install/lib/python3.12/site-packages/px4/msg/_failsafe_flags.py
[921.582s] -- Symlinking: /repo/ws/install/lib/python3.12/site-packages/px4/msg/_failsafe_flags_s.c
[921.603s] -- Symlinking: /repo/ws/install/lib/python3.12/site-packages/px4/msg/_failure_detector_status.py
[921.620s] -- Symlinking: /repo/ws/install/lib/python3.12/site-packages/px4/msg/_failure_detector_status_s.c
[921.639s] -- Symlinking: /repo/ws/install/lib/python3.12/site-packages/px4/msg/_figure_eight_status.py
[921.653s] -- Symlinking: /repo/ws/install/lib/python3.12/site-packages/px4/msg/_figure_eight_status_s.c
[921.669s] -- Symlinking: /repo/ws/install/lib/python3.12/site-packages/px4/msg/_flight_phase_estimation.py
[921.683s] -- Symlinking: /repo/ws/install/lib/python3.12/site-packages/px4/msg/_flight_phase_estimation_s.c
[921.699s] -- Symlinking: /repo/ws/install/lib/python3.12/site-packages/px4/msg/_follow_target.py
[921.717s] -- Symlinking: /repo/ws/install/lib/python3.12/site-packages/px4/msg/_follow_target_estimator.py
[921.731s] -- Symlinking: /repo/ws/install/lib/python3.12/site-packages/px4/msg/_follow_target_estimator_s.c
[921.749s] -- Symlinking: /repo/ws/install/lib/python3.12/site-packages/px4/msg/_follow_target_s.c
[921.763s] -- Symlinking: /repo/ws/install/lib/python3.12/site-packages/px4/msg/_follow_target_status.py
[921.777s] -- Symlinking: /repo/ws/install/lib/python3.12/site-packages/px4/msg/_follow_target_status_s.c
[921.792s] -- Symlinking: /repo/ws/install/lib/python3.12/site-packages/px4/msg/_fuel_tank_status.py
[921.810s] -- Symlinking: /repo/ws/install/lib/python3.12/site-packages/px4/msg/_fuel_tank_status_s.c
[921.827s] -- Symlinking: /repo/ws/install/lib/python3.12/site-packages/px4/msg/_generator_status.py
[921.845s] -- Symlinking: /repo/ws/install/lib/python3.12/site-packages/px4/msg/_generator_status_s.c
[921.863s] -- Symlinking: /repo/ws/install/lib/python3.12/site-packages/px4/msg/_geofence_result.py
[921.881s] -- Symlinking: /repo/ws/install/lib/python3.12/site-packages/px4/msg/_geofence_result_s.c
[921.899s] -- Symlinking: /repo/ws/install/lib/python3.12/site-packages/px4/msg/_geofence_status.py
[921.920s] -- Symlinking: /repo/ws/install/lib/python3.12/site-packages/px4/msg/_geofence_status_s.c
[921.935s] -- Symlinking: /repo/ws/install/lib/python3.12/site-packages/px4/msg/_gimbal_controls.py
[921.953s] -- Symlinking: /repo/ws/install/lib/python3.12/site-packages/px4/msg/_gimbal_controls_s.c
[921.967s] -- Symlinking: /repo/ws/install/lib/python3.12/site-packages/px4/msg/_gimbal_device_attitude_status.py
[921.981s] -- Symlinking: /repo/ws/install/lib/python3.12/site-packages/px4/msg/_gimbal_device_attitude_status_s.c
[922.004s] -- Symlinking: /repo/ws/install/lib/python3.12/site-packages/px4/msg/_gimbal_device_information.py
[922.018s] -- Symlinking: /repo/ws/install/lib/python3.12/site-packages/px4/msg/_gimbal_device_information_s.c
[922.039s] -- Symlinking: /repo/ws/install/lib/python3.12/site-packages/px4/msg/_gimbal_device_set_attitude.py
[922.054s] -- Symlinking: /repo/ws/install/lib/python3.12/site-packages/px4/msg/_gimbal_device_set_attitude_s.c
[922.072s] -- Symlinking: /repo/ws/install/lib/python3.12/site-packages/px4/msg/_gimbal_manager_information.py
[922.087s] -- Symlinking: /repo/ws/install/lib/python3.12/site-packages/px4/msg/_gimbal_manager_information_s.c
[922.104s] -- Symlinking: /repo/ws/install/lib/python3.12/site-packages/px4/msg/_gimbal_manager_set_attitude.py
[922.123s] -- Symlinking: /repo/ws/install/lib/python3.12/site-packages/px4/msg/_gimbal_manager_set_attitude_s.c
[922.139s] -- Symlinking: /repo/ws/install/lib/python3.12/site-packages/px4/msg/_gimbal_manager_set_manual_control.py
[922.157s] -- Symlinking: /repo/ws/install/lib/python3.12/site-packages/px4/msg/_gimbal_manager_set_manual_control_s.c
[922.171s] -- Symlinking: /repo/ws/install/lib/python3.12/site-packages/px4/msg/_gimbal_manager_status.py
[922.185s] -- Symlinking: /repo/ws/install/lib/python3.12/site-packages/px4/msg/_gimbal_manager_status_s.c
[922.204s] -- Symlinking: /repo/ws/install/lib/python3.12/site-packages/px4/msg/_goto_setpoint.py
[922.220s] -- Symlinking: /repo/ws/install/lib/python3.12/site-packages/px4/msg/_goto_setpoint_s.c
[922.237s] -- Symlinking: /repo/ws/install/lib/python3.12/site-packages/px4/msg/_gpio_config.py
[922.252s] -- Symlinking: /repo/ws/install/lib/python3.12/site-packages/px4/msg/_gpio_config_s.c
[922.272s] -- Symlinking: /repo/ws/install/lib/python3.12/site-packages/px4/msg/_gpio_in.py
[922.288s] -- Symlinking: /repo/ws/install/lib/python3.12/site-packages/px4/msg/_gpio_in_s.c
[922.311s] -- Symlinking: /repo/ws/install/lib/python3.12/site-packages/px4/msg/_gpio_out.py
[922.329s] -- Symlinking: /repo/ws/install/lib/python3.12/site-packages/px4/msg/_gpio_out_s.c
[922.349s] -- Symlinking: /repo/ws/install/lib/python3.12/site-packages/px4/msg/_gpio_request.py
[922.365s] -- Symlinking: /repo/ws/install/lib/python3.12/site-packages/px4/msg/_gpio_request_s.c
[922.381s] -- Symlinking: /repo/ws/install/lib/python3.12/site-packages/px4/msg/_gps_dump.py
[922.400s] -- Symlinking: /repo/ws/install/lib/python3.12/site-packages/px4/msg/_gps_dump_s.c
[922.416s] -- Symlinking: /repo/ws/install/lib/python3.12/site-packages/px4/msg/_gps_inject_data.py
[922.435s] -- Symlinking: /repo/ws/install/lib/python3.12/site-packages/px4/msg/_gps_inject_data_s.c
[922.450s] -- Symlinking: /repo/ws/install/lib/python3.12/site-packages/px4/msg/_gripper.py
[922.472s] -- Symlinking: /repo/ws/install/lib/python3.12/site-packages/px4/msg/_gripper_s.c
[922.486s] -- Symlinking: /repo/ws/install/lib/python3.12/site-packages/px4/msg/_health_report.py
[922.505s] -- Symlinking: /repo/ws/install/lib/python3.12/site-packages/px4/msg/_health_report_s.c
[922.526s] -- Symlinking: /repo/ws/install/lib/python3.12/site-packages/px4/msg/_heater_status.py
[922.547s] -- Symlinking: /repo/ws/install/lib/python3.12/site-packages/px4/msg/_heater_status_s.c
[922.564s] -- Symlinking: /repo/ws/install/lib/python3.12/site-packages/px4/msg/_home_position.py
[922.581s] -- Symlinking: /repo/ws/install/lib/python3.12/site-packages/px4/msg/_home_position_s.c
[922.604s] -- Symlinking: /repo/ws/install/lib/python3.12/site-packages/px4/msg/_hover_thrust_estimate.py
[922.623s] -- Symlinking: /repo/ws/install/lib/python3.12/site-packages/px4/msg/_hover_thrust_estimate_s.c
[922.646s] -- Symlinking: /repo/ws/install/lib/python3.12/site-packages/px4/msg/_input_rc.py
[922.665s] -- Symlinking: /repo/ws/install/lib/python3.12/site-packages/px4/msg/_input_rc_s.c
[922.684s] -- Symlinking: /repo/ws/install/lib/python3.12/site-packages/px4/msg/_internal_combustion_engine_control.py
[922.707s] -- Symlinking: /repo/ws/install/lib/python3.12/site-packages/px4/msg/_internal_combustion_engine_control_s.c
[922.730s] -- Symlinking: /repo/ws/install/lib/python3.12/site-packages/px4/msg/_internal_combustion_engine_status.py
[922.751s] -- Symlinking: /repo/ws/install/lib/python3.12/site-packages/px4/msg/_internal_combustion_engine_status_s.c
[922.766s] -- Symlinking: /repo/ws/install/lib/python3.12/site-packages/px4/msg/_iridiumsbd_status.py
[922.782s] -- Symlinking: /repo/ws/install/lib/python3.12/site-packages/px4/msg/_iridiumsbd_status_s.c
[922.802s] -- Symlinking: /repo/ws/install/lib/python3.12/site-packages/px4/msg/_irlock_report.py
[922.824s] -- Symlinking: /repo/ws/install/lib/python3.12/site-packages/px4/msg/_irlock_report_s.c
[922.844s] -- Symlinking: /repo/ws/install/lib/python3.12/site-packages/px4/msg/_landing_gear.py
[922.863s] -- Symlinking: /repo/ws/install/lib/python3.12/site-packages/px4/msg/_landing_gear_s.c
[922.880s] -- Symlinking: /repo/ws/install/lib/python3.12/site-packages/px4/msg/_landing_gear_wheel.py
[922.897s] -- Symlinking: /repo/ws/install/lib/python3.12/site-packages/px4/msg/_landing_gear_wheel_s.c
[922.918s] -- Symlinking: /repo/ws/install/lib/python3.12/site-packages/px4/msg/_landing_target_innovations.py
[922.933s] -- Symlinking: /repo/ws/install/lib/python3.12/site-packages/px4/msg/_landing_target_innovations_s.c
[922.953s] -- Symlinking: /repo/ws/install/lib/python3.12/site-packages/px4/msg/_landing_target_pose.py
[922.967s] -- Symlinking: /repo/ws/install/lib/python3.12/site-packages/px4/msg/_landing_target_pose_s.c
[922.982s] -- Symlinking: /repo/ws/install/lib/python3.12/site-packages/px4/msg/_launch_detection_status.py
[923.002s] -- Symlinking: /repo/ws/install/lib/python3.12/site-packages/px4/msg/_launch_detection_status_s.c
[923.019s] -- Symlinking: /repo/ws/install/lib/python3.12/site-packages/px4/msg/_led_control.py
[923.040s] -- Symlinking: /repo/ws/install/lib/python3.12/site-packages/px4/msg/_led_control_s.c
[923.056s] -- Symlinking: /repo/ws/install/lib/python3.12/site-packages/px4/msg/_log_message.py
[923.074s] -- Symlinking: /repo/ws/install/lib/python3.12/site-packages/px4/msg/_log_message_s.c
[923.089s] -- Symlinking: /repo/ws/install/lib/python3.12/site-packages/px4/msg/_logger_status.py
[923.104s] -- Symlinking: /repo/ws/install/lib/python3.12/site-packages/px4/msg/_logger_status_s.c
[923.123s] -- Symlinking: /repo/ws/install/lib/python3.12/site-packages/px4/msg/_mag_worker_data.py
[923.139s] -- Symlinking: /repo/ws/install/lib/python3.12/site-packages/px4/msg/_mag_worker_data_s.c
[923.156s] -- Symlinking: /repo/ws/install/lib/python3.12/site-packages/px4/msg/_magnetometer_bias_estimate.py
[923.170s] -- Symlinking: /repo/ws/install/lib/python3.12/site-packages/px4/msg/_magnetometer_bias_estimate_s.c
[923.185s] -- Symlinking: /repo/ws/install/lib/python3.12/site-packages/px4/msg/_manual_control_setpoint.py
[923.206s] -- Symlinking: /repo/ws/install/lib/python3.12/site-packages/px4/msg/_manual_control_setpoint_s.c
[923.223s] -- Symlinking: /repo/ws/install/lib/python3.12/site-packages/px4/msg/_manual_control_switches.py
[923.243s] -- Symlinking: /repo/ws/install/lib/python3.12/site-packages/px4/msg/_manual_control_switches_s.c
[923.265s] -- Symlinking: /repo/ws/install/lib/python3.12/site-packages/px4/msg/_mavlink_log.py
[923.280s] -- Symlinking: /repo/ws/install/lib/python3.12/site-packages/px4/msg/_mavlink_log_s.c
[923.297s] -- Symlinking: /repo/ws/install/lib/python3.12/site-packages/px4/msg/_mavlink_tunnel.py
[923.313s] -- Symlinking: /repo/ws/install/lib/python3.12/site-packages/px4/msg/_mavlink_tunnel_s.c
[923.332s] -- Symlinking: /repo/ws/install/lib/python3.12/site-packages/px4/msg/_message_format_request.py
[923.351s] -- Symlinking: /repo/ws/install/lib/python3.12/site-packages/px4/msg/_message_format_request_s.c
[923.365s] -- Symlinking: /repo/ws/install/lib/python3.12/site-packages/px4/msg/_message_format_response.py
[923.379s] -- Symlinking: /repo/ws/install/lib/python3.12/site-packages/px4/msg/_message_format_response_s.c
[923.397s] -- Symlinking: /repo/ws/install/lib/python3.12/site-packages/px4/msg/_mission.py
[923.415s] -- Symlinking: /repo/ws/install/lib/python3.12/site-packages/px4/msg/_mission_result.py
[923.430s] -- Symlinking: /repo/ws/install/lib/python3.12/site-packages/px4/msg/_mission_result_s.c
[923.448s] -- Symlinking: /repo/ws/install/lib/python3.12/site-packages/px4/msg/_mission_s.c
[923.468s] -- Symlinking: /repo/ws/install/lib/python3.12/site-packages/px4/msg/_mode_completed.py
[923.484s] -- Symlinking: /repo/ws/install/lib/python3.12/site-packages/px4/msg/_mode_completed_s.c
[923.501s] -- Symlinking: /repo/ws/install/lib/python3.12/site-packages/px4/msg/_mount_orientation.py
[923.523s] -- Symlinking: /repo/ws/install/lib/python3.12/site-packages/px4/msg/_mount_orientation_s.c
[923.543s] -- Symlinking: /repo/ws/install/lib/python3.12/site-packages/px4/msg/_navigator_mission_item.py
[923.559s] -- Symlinking: /repo/ws/install/lib/python3.12/site-packages/px4/msg/_navigator_mission_item_s.c
[923.574s] -- Symlinking: /repo/ws/install/lib/python3.12/site-packages/px4/msg/_navigator_status.py
[923.588s] -- Symlinking: /repo/ws/install/lib/python3.12/site-packages/px4/msg/_navigator_status_s.c
[923.606s] -- Symlinking: /repo/ws/install/lib/python3.12/site-packages/px4/msg/_normalized_unsigned_setpoint.py
[923.622s] -- Symlinking: /repo/ws/install/lib/python3.12/site-packages/px4/msg/_normalized_unsigned_setpoint_s.c
[923.642s] -- Symlinking: /repo/ws/install/lib/python3.12/site-packages/px4/msg/_npfg_status.py
[923.661s] -- Symlinking: /repo/ws/install/lib/python3.12/site-packages/px4/msg/_npfg_status_s.c
[923.678s] -- Symlinking: /repo/ws/install/lib/python3.12/site-packages/px4/msg/_obstacle_distance.py
[923.694s] -- Symlinking: /repo/ws/install/lib/python3.12/site-packages/px4/msg/_obstacle_distance_s.c
[923.713s] -- Symlinking: /repo/ws/install/lib/python3.12/site-packages/px4/msg/_offboard_control_mode.py
[923.729s] -- Symlinking: /repo/ws/install/lib/python3.12/site-packages/px4/msg/_offboard_control_mode_s.c
[923.751s] -- Symlinking: /repo/ws/install/lib/python3.12/site-packages/px4/msg/_onboard_computer_status.py
[923.766s] -- Symlinking: /repo/ws/install/lib/python3.12/site-packages/px4/msg/_onboard_computer_status_s.c
[923.780s] -- Symlinking: /repo/ws/install/lib/python3.12/site-packages/px4/msg/_open_drone_id_arm_status.py
[923.799s] -- Symlinking: /repo/ws/install/lib/python3.12/site-packages/px4/msg/_open_drone_id_arm_status_s.c
[923.815s] -- Symlinking: /repo/ws/install/lib/python3.12/site-packages/px4/msg/_open_drone_id_operator_id.py
[923.834s] -- Symlinking: /repo/ws/install/lib/python3.12/site-packages/px4/msg/_open_drone_id_operator_id_s.c
[923.848s] -- Symlinking: /repo/ws/install/lib/python3.12/site-packages/px4/msg/_open_drone_id_self_id.py
[923.869s] -- Symlinking: /repo/ws/install/lib/python3.12/site-packages/px4/msg/_open_drone_id_self_id_s.c
[923.882s] -- Symlinking: /repo/ws/install/lib/python3.12/site-packages/px4/msg/_open_drone_id_system.py
[923.899s] -- Symlinking: /repo/ws/install/lib/python3.12/site-packages/px4/msg/_open_drone_id_system_s.c
[923.915s] -- Symlinking: /repo/ws/install/lib/python3.12/site-packages/px4/msg/_orb_test.py
[923.933s] -- Symlinking: /repo/ws/install/lib/python3.12/site-packages/px4/msg/_orb_test_large.py
[923.952s] -- Symlinking: /repo/ws/install/lib/python3.12/site-packages/px4/msg/_orb_test_large_s.c
[923.967s] -- Symlinking: /repo/ws/install/lib/python3.12/site-packages/px4/msg/_orb_test_medium.py
[923.981s] -- Symlinking: /repo/ws/install/lib/python3.12/site-packages/px4/msg/_orb_test_medium_s.c
[923.998s] -- Symlinking: /repo/ws/install/lib/python3.12/site-packages/px4/msg/_orb_test_s.c
[924.014s] -- Symlinking: /repo/ws/install/lib/python3.12/site-packages/px4/msg/_orbit_status.py
[924.033s] -- Symlinking: /repo/ws/install/lib/python3.12/site-packages/px4/msg/_orbit_status_s.c
[924.046s] -- Symlinking: /repo/ws/install/lib/python3.12/site-packages/px4/msg/_parameter_reset_request.py
[924.065s] -- Symlinking: /repo/ws/install/lib/python3.12/site-packages/px4/msg/_parameter_reset_request_s.c
[924.079s] -- Symlinking: /repo/ws/install/lib/python3.12/site-packages/px4/msg/_parameter_set_used_request.py
[924.094s] -- Symlinking: /repo/ws/install/lib/python3.12/site-packages/px4/msg/_parameter_set_used_request_s.c
[924.111s] -- Symlinking: /repo/ws/install/lib/python3.12/site-packages/px4/msg/_parameter_set_value_request.py
[924.127s] -- Symlinking: /repo/ws/install/lib/python3.12/site-packages/px4/msg/_parameter_set_value_request_s.c
[924.150s] -- Symlinking: /repo/ws/install/lib/python3.12/site-packages/px4/msg/_parameter_set_value_response.py
[924.165s] -- Symlinking: /repo/ws/install/lib/python3.12/site-packages/px4/msg/_parameter_set_value_response_s.c
[924.178s] -- Symlinking: /repo/ws/install/lib/python3.12/site-packages/px4/msg/_parameter_update.py
[924.197s] -- Symlinking: /repo/ws/install/lib/python3.12/site-packages/px4/msg/_parameter_update_s.c
[924.213s] -- Symlinking: /repo/ws/install/lib/python3.12/site-packages/px4/msg/_ping.py
[924.233s] -- Symlinking: /repo/ws/install/lib/python3.12/site-packages/px4/msg/_ping_s.c
[924.247s] -- Symlinking: /repo/ws/install/lib/python3.12/site-packages/px4/msg/_position_controller_landing_status.py
[924.268s] -- Symlinking: /repo/ws/install/lib/python3.12/site-packages/px4/msg/_position_controller_landing_status_s.c
[924.282s] -- Symlinking: /repo/ws/install/lib/python3.12/site-packages/px4/msg/_position_controller_status.py
[924.298s] -- Symlinking: /repo/ws/install/lib/python3.12/site-packages/px4/msg/_position_controller_status_s.c
[924.318s] -- Symlinking: /repo/ws/install/lib/python3.12/site-packages/px4/msg/_position_setpoint.py
[924.336s] -- Symlinking: /repo/ws/install/lib/python3.12/site-packages/px4/msg/_position_setpoint_s.c
[924.355s] -- Symlinking: /repo/ws/install/lib/python3.12/site-packages/px4/msg/_position_setpoint_triplet.py
[924.370s] -- Symlinking: /repo/ws/install/lib/python3.12/site-packages/px4/msg/_position_setpoint_triplet_s.c
[924.385s] -- Symlinking: /repo/ws/install/lib/python3.12/site-packages/px4/msg/_power_button_state.py
[924.412s] -- Symlinking: /repo/ws/install/lib/python3.12/site-packages/px4/msg/_power_button_state_s.c
[924.437s] -- Symlinking: /repo/ws/install/lib/python3.12/site-packages/px4/msg/_power_monitor.py
[924.451s] -- Symlinking: /repo/ws/install/lib/python3.12/site-packages/px4/msg/_power_monitor_s.c
[924.471s] -- Symlinking: /repo/ws/install/lib/python3.12/site-packages/px4/msg/_pps_capture.py
[924.485s] -- Symlinking: /repo/ws/install/lib/python3.12/site-packages/px4/msg/_pps_capture_s.c
[924.507s] -- Symlinking: /repo/ws/install/lib/python3.12/site-packages/px4/msg/_pure_pursuit_status.py
[924.527s] -- Symlinking: /repo/ws/install/lib/python3.12/site-packages/px4/msg/_pure_pursuit_status_s.c
[924.548s] -- Symlinking: /repo/ws/install/lib/python3.12/site-packages/px4/msg/_pwm_input.py
[924.563s] -- Symlinking: /repo/ws/install/lib/python3.12/site-packages/px4/msg/_pwm_input_s.c
[924.578s] -- Symlinking: /repo/ws/install/lib/python3.12/site-packages/px4/msg/_px4io_status.py
[924.598s] -- Symlinking: /repo/ws/install/lib/python3.12/site-packages/px4/msg/_px4io_status_s.c
[924.615s] -- Symlinking: /repo/ws/install/lib/python3.12/site-packages/px4/msg/_qshell_req.py
[924.639s] -- Symlinking: /repo/ws/install/lib/python3.12/site-packages/px4/msg/_qshell_req_s.c
[924.654s] -- Symlinking: /repo/ws/install/lib/python3.12/site-packages/px4/msg/_qshell_retval.py
[924.675s] -- Symlinking: /repo/ws/install/lib/python3.12/site-packages/px4/msg/_qshell_retval_s.c
[924.690s] -- Symlinking: /repo/ws/install/lib/python3.12/site-packages/px4/msg/_radio_status.py
[924.706s] -- Symlinking: /repo/ws/install/lib/python3.12/site-packages/px4/msg/_radio_status_s.c
[924.726s] -- Symlinking: /repo/ws/install/lib/python3.12/site-packages/px4/msg/_rate_ctrl_status.py
[924.741s] -- Symlinking: /repo/ws/install/lib/python3.12/site-packages/px4/msg/_rate_ctrl_status_s.c
[924.758s] -- Symlinking: /repo/ws/install/lib/python3.12/site-packages/px4/msg/_rc_channels.py
[924.773s] -- Symlinking: /repo/ws/install/lib/python3.12/site-packages/px4/msg/_rc_channels_s.c
[924.790s] -- Symlinking: /repo/ws/install/lib/python3.12/site-packages/px4/msg/_rc_parameter_map.py
[924.809s] -- Symlinking: /repo/ws/install/lib/python3.12/site-packages/px4/msg/_rc_parameter_map_s.c
[924.825s] -- Symlinking: /repo/ws/install/lib/python3.12/site-packages/px4/msg/_register_ext_component_reply.py
[924.842s] -- Symlinking: /repo/ws/install/lib/python3.12/site-packages/px4/msg/_register_ext_component_reply_s.c
[924.857s] -- Symlinking: /repo/ws/install/lib/python3.12/site-packages/px4/msg/_register_ext_component_request.py
[924.875s] -- Symlinking: /repo/ws/install/lib/python3.12/site-packages/px4/msg/_register_ext_component_request_s.c
[924.890s] -- Symlinking: /repo/ws/install/lib/python3.12/site-packages/px4/msg/_rover_attitude_setpoint.py
[924.907s] -- Symlinking: /repo/ws/install/lib/python3.12/site-packages/px4/msg/_rover_attitude_setpoint_s.c
[924.926s] -- Symlinking: /repo/ws/install/lib/python3.12/site-packages/px4/msg/_rover_attitude_status.py
[924.944s] -- Symlinking: /repo/ws/install/lib/python3.12/site-packages/px4/msg/_rover_attitude_status_s.c
[924.961s] -- Symlinking: /repo/ws/install/lib/python3.12/site-packages/px4/msg/_rover_position_setpoint.py
[924.975s] -- Symlinking: /repo/ws/install/lib/python3.12/site-packages/px4/msg/_rover_position_setpoint_s.c
[924.992s] -- Symlinking: /repo/ws/install/lib/python3.12/site-packages/px4/msg/_rover_rate_setpoint.py
[925.010s] -- Symlinking: /repo/ws/install/lib/python3.12/site-packages/px4/msg/_rover_rate_setpoint_s.c
[925.026s] -- Symlinking: /repo/ws/install/lib/python3.12/site-packages/px4/msg/_rover_rate_status.py
[925.044s] -- Symlinking: /repo/ws/install/lib/python3.12/site-packages/px4/msg/_rover_rate_status_s.c
[925.066s] -- Symlinking: /repo/ws/install/lib/python3.12/site-packages/px4/msg/_rover_steering_setpoint.py
[925.080s] -- Symlinking: /repo/ws/install/lib/python3.12/site-packages/px4/msg/_rover_steering_setpoint_s.c
[925.095s] -- Symlinking: /repo/ws/install/lib/python3.12/site-packages/px4/msg/_rover_throttle_setpoint.py
[925.114s] -- Symlinking: /repo/ws/install/lib/python3.12/site-packages/px4/msg/_rover_throttle_setpoint_s.c
[925.130s] -- Symlinking: /repo/ws/install/lib/python3.12/site-packages/px4/msg/_rover_velocity_status.py
[925.152s] -- Symlinking: /repo/ws/install/lib/python3.12/site-packages/px4/msg/_rover_velocity_status_s.c
[925.166s] -- Symlinking: /repo/ws/install/lib/python3.12/site-packages/px4/msg/_rpm.py
[925.180s] -- Symlinking: /repo/ws/install/lib/python3.12/site-packages/px4/msg/_rpm_s.c
[925.198s] -- Symlinking: /repo/ws/install/lib/python3.12/site-packages/px4/msg/_rtl_status.py
[925.214s] -- Symlinking: /repo/ws/install/lib/python3.12/site-packages/px4/msg/_rtl_status_s.c
[925.233s] -- Symlinking: /repo/ws/install/lib/python3.12/site-packages/px4/msg/_rtl_time_estimate.py
[925.247s] -- Symlinking: /repo/ws/install/lib/python3.12/site-packages/px4/msg/_rtl_time_estimate_s.c
[925.267s] -- Symlinking: /repo/ws/install/lib/python3.12/site-packages/px4/msg/_satellite_info.py
[925.281s] -- Symlinking: /repo/ws/install/lib/python3.12/site-packages/px4/msg/_satellite_info_s.c
[925.296s] -- Symlinking: /repo/ws/install/lib/python3.12/site-packages/px4/msg/_sensor_accel.py
[925.312s] -- Symlinking: /repo/ws/install/lib/python3.12/site-packages/px4/msg/_sensor_accel_fifo.py
[925.331s] -- Symlinking: /repo/ws/install/lib/python3.12/site-packages/px4/msg/_sensor_accel_fifo_s.c
[925.352s] -- Symlinking: /repo/ws/install/lib/python3.12/site-packages/px4/msg/_sensor_accel_s.c
[925.366s] -- Symlinking: /repo/ws/install/lib/python3.12/site-packages/px4/msg/_sensor_airflow.py
[925.380s] -- Symlinking: /repo/ws/install/lib/python3.12/site-packages/px4/msg/_sensor_airflow_s.c
[925.399s] -- Symlinking: /repo/ws/install/lib/python3.12/site-packages/px4/msg/_sensor_baro.py
[925.419s] -- Symlinking: /repo/ws/install/lib/python3.12/site-packages/px4/msg/_sensor_baro_s.c
[925.438s] -- Symlinking: /repo/ws/install/lib/python3.12/site-packages/px4/msg/_sensor_combined.py
[925.455s] -- Symlinking: /repo/ws/install/lib/python3.12/site-packages/px4/msg/_sensor_combined_s.c
[925.473s] -- Symlinking: /repo/ws/install/lib/python3.12/site-packages/px4/msg/_sensor_correction.py
[925.487s] -- Symlinking: /repo/ws/install/lib/python3.12/site-packages/px4/msg/_sensor_correction_s.c
[925.505s] -- Symlinking: /repo/ws/install/lib/python3.12/site-packages/px4/msg/_sensor_gnss_relative.py
[925.529s] -- Symlinking: /repo/ws/install/lib/python3.12/site-packages/px4/msg/_sensor_gnss_relative_s.c
[925.548s] -- Symlinking: /repo/ws/install/lib/python3.12/site-packages/px4/msg/_sensor_gps.py
[925.563s] -- Symlinking: /repo/ws/install/lib/python3.12/site-packages/px4/msg/_sensor_gps_s.c
[925.579s] -- Symlinking: /repo/ws/install/lib/python3.12/site-packages/px4/msg/_sensor_gyro.py
[925.598s] -- Symlinking: /repo/ws/install/lib/python3.12/site-packages/px4/msg/_sensor_gyro_fft.py
[925.614s] -- Symlinking: /repo/ws/install/lib/python3.12/site-packages/px4/msg/_sensor_gyro_fft_s.c
[925.631s] -- Symlinking: /repo/ws/install/lib/python3.12/site-packages/px4/msg/_sensor_gyro_fifo.py
[925.647s] -- Symlinking: /repo/ws/install/lib/python3.12/site-packages/px4/msg/_sensor_gyro_fifo_s.c
[925.665s] -- Symlinking: /repo/ws/install/lib/python3.12/site-packages/px4/msg/_sensor_gyro_s.c
[925.679s] -- Symlinking: /repo/ws/install/lib/python3.12/site-packages/px4/msg/_sensor_hygrometer.py
[925.695s] -- Symlinking: /repo/ws/install/lib/python3.12/site-packages/px4/msg/_sensor_hygrometer_s.c
[925.713s] -- Symlinking: /repo/ws/install/lib/python3.12/site-packages/px4/msg/_sensor_mag.py
[925.728s] -- Symlinking: /repo/ws/install/lib/python3.12/site-packages/px4/msg/_sensor_mag_s.c
[925.752s] -- Symlinking: /repo/ws/install/lib/python3.12/site-packages/px4/msg/_sensor_optical_flow.py
[925.767s] -- Symlinking: /repo/ws/install/lib/python3.12/site-packages/px4/msg/_sensor_optical_flow_s.c
[925.780s] -- Symlinking: /repo/ws/install/lib/python3.12/site-packages/px4/msg/_sensor_preflight_mag.py
[925.800s] -- Symlinking: /repo/ws/install/lib/python3.12/site-packages/px4/msg/_sensor_preflight_mag_s.c
[925.820s] -- Symlinking: /repo/ws/install/lib/python3.12/site-packages/px4/msg/_sensor_selection.py
[925.838s] -- Symlinking: /repo/ws/install/lib/python3.12/site-packages/px4/msg/_sensor_selection_s.c
[925.856s] -- Symlinking: /repo/ws/install/lib/python3.12/site-packages/px4/msg/_sensor_uwb.py
[925.873s] -- Symlinking: /repo/ws/install/lib/python3.12/site-packages/px4/msg/_sensor_uwb_s.c
[925.888s] -- Symlinking: /repo/ws/install/lib/python3.12/site-packages/px4/msg/_sensors_status.py
[925.904s] -- Symlinking: /repo/ws/install/lib/python3.12/site-packages/px4/msg/_sensors_status_imu.py
[925.924s] -- Symlinking: /repo/ws/install/lib/python3.12/site-packages/px4/msg/_sensors_status_imu_s.c
[925.941s] -- Symlinking: /repo/ws/install/lib/python3.12/site-packages/px4/msg/_sensors_status_s.c
[925.957s] -- Symlinking: /repo/ws/install/lib/python3.12/site-packages/px4/msg/_system_power.py
[925.971s] -- Symlinking: /repo/ws/install/lib/python3.12/site-packages/px4/msg/_system_power_s.c
[925.987s] -- Symlinking: /repo/ws/install/lib/python3.12/site-packages/px4/msg/_takeoff_status.py
[926.005s] -- Symlinking: /repo/ws/install/lib/python3.12/site-packages/px4/msg/_takeoff_status_s.c
[926.022s] -- Symlinking: /repo/ws/install/lib/python3.12/site-packages/px4/msg/_task_stack_info.py
[926.041s] -- Symlinking: /repo/ws/install/lib/python3.12/site-packages/px4/msg/_task_stack_info_s.c
[926.057s] -- Symlinking: /repo/ws/install/lib/python3.12/site-packages/px4/msg/_tecs_status.py
[926.075s] -- Symlinking: /repo/ws/install/lib/python3.12/site-packages/px4/msg/_tecs_status_s.c
[926.094s] -- Symlinking: /repo/ws/install/lib/python3.12/site-packages/px4/msg/_telemetry_status.py
[926.115s] -- Symlinking: /repo/ws/install/lib/python3.12/site-packages/px4/msg/_telemetry_status_s.c
[926.130s] -- Symlinking: /repo/ws/install/lib/python3.12/site-packages/px4/msg/_tiltrotor_extra_controls.py
[926.152s] -- Symlinking: /repo/ws/install/lib/python3.12/site-packages/px4/msg/_tiltrotor_extra_controls_s.c
[926.168s] -- Symlinking: /repo/ws/install/lib/python3.12/site-packages/px4/msg/_timesync_status.py
[926.181s] -- Symlinking: /repo/ws/install/lib/python3.12/site-packages/px4/msg/_timesync_status_s.c
[926.195s] -- Symlinking: /repo/ws/install/lib/python3.12/site-packages/px4/msg/_trajectory_setpoint.py
[926.212s] -- Symlinking: /repo/ws/install/lib/python3.12/site-packages/px4/msg/_trajectory_setpoint6dof.py
[926.230s] -- Symlinking: /repo/ws/install/lib/python3.12/site-packages/px4/msg/_trajectory_setpoint6dof_s.c
[926.245s] -- Symlinking: /repo/ws/install/lib/python3.12/site-packages/px4/msg/_trajectory_setpoint_s.c
[926.268s] -- Symlinking: /repo/ws/install/lib/python3.12/site-packages/px4/msg/_transponder_report.py
[926.285s] -- Symlinking: /repo/ws/install/lib/python3.12/site-packages/px4/msg/_transponder_report_s.c
[926.307s] -- Symlinking: /repo/ws/install/lib/python3.12/site-packages/px4/msg/_tune_control.py
[926.330s] -- Symlinking: /repo/ws/install/lib/python3.12/site-packages/px4/msg/_tune_control_s.c
[926.352s] -- Symlinking: /repo/ws/install/lib/python3.12/site-packages/px4/msg/_uavcan_parameter_request.py
[926.365s] -- Symlinking: /repo/ws/install/lib/python3.12/site-packages/px4/msg/_uavcan_parameter_request_s.c
[926.380s] -- Symlinking: /repo/ws/install/lib/python3.12/site-packages/px4/msg/_uavcan_parameter_value.py
[926.399s] -- Symlinking: /repo/ws/install/lib/python3.12/site-packages/px4/msg/_uavcan_parameter_value_s.c
[926.418s] -- Symlinking: /repo/ws/install/lib/python3.12/site-packages/px4/msg/_ulog_stream.py
[926.438s] -- Symlinking: /repo/ws/install/lib/python3.12/site-packages/px4/msg/_ulog_stream_ack.py
[926.453s] -- Symlinking: /repo/ws/install/lib/python3.12/site-packages/px4/msg/_ulog_stream_ack_s.c
[926.468s] -- Symlinking: /repo/ws/install/lib/python3.12/site-packages/px4/msg/_ulog_stream_s.c
[926.489s] -- Symlinking: /repo/ws/install/lib/python3.12/site-packages/px4/msg/_unregister_ext_component.py
[926.506s] -- Symlinking: /repo/ws/install/lib/python3.12/site-packages/px4/msg/_unregister_ext_component_s.c
[926.528s] -- Symlinking: /repo/ws/install/lib/python3.12/site-packages/px4/msg/_vehicle_acceleration.py
[926.549s] -- Symlinking: /repo/ws/install/lib/python3.12/site-packages/px4/msg/_vehicle_acceleration_s.c
[926.564s] -- Symlinking: /repo/ws/install/lib/python3.12/site-packages/px4/msg/_vehicle_air_data.py
[926.580s] -- Symlinking: /repo/ws/install/lib/python3.12/site-packages/px4/msg/_vehicle_air_data_s.c
[926.600s] -- Symlinking: /repo/ws/install/lib/python3.12/site-packages/px4/msg/_vehicle_angular_acceleration_setpoint.py
[926.620s] -- Symlinking: /repo/ws/install/lib/python3.12/site-packages/px4/msg/_vehicle_angular_acceleration_setpoint_s.c
[926.642s] -- Symlinking: /repo/ws/install/lib/python3.12/site-packages/px4/msg/_vehicle_angular_velocity.py
[926.663s] -- Symlinking: /repo/ws/install/lib/python3.12/site-packages/px4/msg/_vehicle_angular_velocity_s.c
[926.680s] -- Symlinking: /repo/ws/install/lib/python3.12/site-packages/px4/msg/_vehicle_attitude.py
[926.696s] -- Symlinking: /repo/ws/install/lib/python3.12/site-packages/px4/msg/_vehicle_attitude_s.c
[926.723s] -- Symlinking: /repo/ws/install/lib/python3.12/site-packages/px4/msg/_vehicle_attitude_setpoint.py
[926.740s] -- Symlinking: /repo/ws/install/lib/python3.12/site-packages/px4/msg/_vehicle_attitude_setpoint_s.c
[926.760s] -- Symlinking: /repo/ws/install/lib/python3.12/site-packages/px4/msg/_vehicle_command.py
[926.774s] -- Symlinking: /repo/ws/install/lib/python3.12/site-packages/px4/msg/_vehicle_command_ack.py
[926.792s] -- Symlinking: /repo/ws/install/lib/python3.12/site-packages/px4/msg/_vehicle_command_ack_s.c
[926.812s] -- Symlinking: /repo/ws/install/lib/python3.12/site-packages/px4/msg/_vehicle_command_s.c
[926.831s] -- Symlinking: /repo/ws/install/lib/python3.12/site-packages/px4/msg/_vehicle_constraints.py
[926.846s] -- Symlinking: /repo/ws/install/lib/python3.12/site-packages/px4/msg/_vehicle_constraints_s.c
[926.861s] -- Symlinking: /repo/ws/install/lib/python3.12/site-packages/px4/msg/_vehicle_control_mode.py
[926.878s] -- Symlinking: /repo/ws/install/lib/python3.12/site-packages/px4/msg/_vehicle_control_mode_s.c
[926.894s] -- Symlinking: /repo/ws/install/lib/python3.12/site-packages/px4/msg/_vehicle_global_position.py
[926.914s] -- Symlinking: /repo/ws/install/lib/python3.12/site-packages/px4/msg/_vehicle_global_position_s.c
[926.930s] -- Symlinking: /repo/ws/install/lib/python3.12/site-packages/px4/msg/_vehicle_imu.py
[926.949s] -- Symlinking: /repo/ws/install/lib/python3.12/site-packages/px4/msg/_vehicle_imu_s.c
[926.964s] -- Symlinking: /repo/ws/install/lib/python3.12/site-packages/px4/msg/_vehicle_imu_status.py
[926.979s] -- Symlinking: /repo/ws/install/lib/python3.12/site-packages/px4/msg/_vehicle_imu_status_s.c
[927.001s] -- Symlinking: /repo/ws/install/lib/python3.12/site-packages/px4/msg/_vehicle_land_detected.py
[927.018s] -- Symlinking: /repo/ws/install/lib/python3.12/site-packages/px4/msg/_vehicle_land_detected_s.c
[927.038s] -- Symlinking: /repo/ws/install/lib/python3.12/site-packages/px4/msg/_vehicle_local_position.py
[927.054s] -- Symlinking: /repo/ws/install/lib/python3.12/site-packages/px4/msg/_vehicle_local_position_s.c
[927.072s] -- Symlinking: /repo/ws/install/lib/python3.12/site-packages/px4/msg/_vehicle_local_position_setpoint.py
[927.086s] -- Symlinking: /repo/ws/install/lib/python3.12/site-packages/px4/msg/_vehicle_local_position_setpoint_s.c
[927.103s] -- Symlinking: /repo/ws/install/lib/python3.12/site-packages/px4/msg/_vehicle_magnetometer.py
[927.125s] -- Symlinking: /repo/ws/install/lib/python3.12/site-packages/px4/msg/_vehicle_magnetometer_s.c
[927.142s] -- Symlinking: /repo/ws/install/lib/python3.12/site-packages/px4/msg/_vehicle_odometry.py
[927.159s] -- Symlinking: /repo/ws/install/lib/python3.12/site-packages/px4/msg/_vehicle_odometry_s.c
[927.172s] -- Symlinking: /repo/ws/install/lib/python3.12/site-packages/px4/msg/_vehicle_optical_flow.py
[927.187s] -- Symlinking: /repo/ws/install/lib/python3.12/site-packages/px4/msg/_vehicle_optical_flow_s.c
[927.207s] -- Symlinking: /repo/ws/install/lib/python3.12/site-packages/px4/msg/_vehicle_optical_flow_vel.py
[927.223s] -- Symlinking: /repo/ws/install/lib/python3.12/site-packages/px4/msg/_vehicle_optical_flow_vel_s.c
[927.239s] -- Symlinking: /repo/ws/install/lib/python3.12/site-packages/px4/msg/_vehicle_rates_setpoint.py
[927.254s] -- Symlinking: /repo/ws/install/lib/python3.12/site-packages/px4/msg/_vehicle_rates_setpoint_s.c
[927.272s] -- Symlinking: /repo/ws/install/lib/python3.12/site-packages/px4/msg/_vehicle_roi.py
[927.286s] -- Symlinking: /repo/ws/install/lib/python3.12/site-packages/px4/msg/_vehicle_roi_s.c
[927.304s] -- Symlinking: /repo/ws/install/lib/python3.12/site-packages/px4/msg/_vehicle_status.py
[927.319s] -- Symlinking: /repo/ws/install/lib/python3.12/site-packages/px4/msg/_vehicle_status_s.c
[927.336s] -- Symlinking: /repo/ws/install/lib/python3.12/site-packages/px4/msg/_vehicle_thrust_setpoint.py
[927.355s] -- Symlinking: /repo/ws/install/lib/python3.12/site-packages/px4/msg/_vehicle_thrust_setpoint_s.c
[927.369s] -- Symlinking: /repo/ws/install/lib/python3.12/site-packages/px4/msg/_vehicle_torque_setpoint.py
[927.383s] -- Symlinking: /repo/ws/install/lib/python3.12/site-packages/px4/msg/_vehicle_torque_setpoint_s.c
[927.400s] -- Symlinking: /repo/ws/install/lib/python3.12/site-packages/px4/msg/_velocity_limits.py
[927.418s] -- Symlinking: /repo/ws/install/lib/python3.12/site-packages/px4/msg/_velocity_limits_s.c
[927.438s] -- Symlinking: /repo/ws/install/lib/python3.12/site-packages/px4/msg/_vtol_vehicle_status.py
[927.452s] -- Symlinking: /repo/ws/install/lib/python3.12/site-packages/px4/msg/_vtol_vehicle_status_s.c
[927.468s] -- Symlinking: /repo/ws/install/lib/python3.12/site-packages/px4/msg/_wheel_encoders.py
[927.487s] -- Symlinking: /repo/ws/install/lib/python3.12/site-packages/px4/msg/_wheel_encoders_s.c
[927.503s] -- Symlinking: /repo/ws/install/lib/python3.12/site-packages/px4/msg/_wind.py
[927.524s] -- Symlinking: /repo/ws/install/lib/python3.12/site-packages/px4/msg/_wind_s.c
[927.540s] -- Symlinking: /repo/ws/install/lib/python3.12/site-packages/px4/msg/_yaw_estimator_status.py
[927.558s] -- Symlinking: /repo/ws/install/lib/python3.12/site-packages/px4/msg/_yaw_estimator_status_s.c
[927.572s] -- Symlinking: /repo/ws/install/lib/python3.12/site-packages/px4/px4_s__rosidl_typesupport_c.so
[927.589s] -- Symlinking: /repo/ws/install/lib/python3.12/site-packages/px4/px4_s__rosidl_typesupport_fastrtps_c.so
[927.613s] -- Symlinking: /repo/ws/install/lib/python3.12/site-packages/px4/px4_s__rosidl_typesupport_introspection_c.so
[927.633s] -- Up-to-date symlink: /repo/ws/install/lib/python3.12/site-packages/px4/px4_s__rosidl_typesupport_fastrtps_c.so
[927.634s] -- Up-to-date symlink: /repo/ws/install/lib/python3.12/site-packages/px4/px4_s__rosidl_typesupport_introspection_c.so
[927.634s] -- Up-to-date symlink: /repo/ws/install/lib/python3.12/site-packages/px4/px4_s__rosidl_typesupport_c.so
[927.634s] -- Symlinking: /repo/ws/install/share/px4/msg/AckermannVelocitySetpoint.idl
[927.648s] -- Symlinking: /repo/ws/install/share/px4/msg/ActionRequest.idl
[927.662s] -- Symlinking: /repo/ws/install/share/px4/msg/ActuatorArmed.idl
[927.682s] -- Symlinking: /repo/ws/install/share/px4/msg/ActuatorControlsStatus.idl
[927.697s] -- Symlinking: /repo/ws/install/share/px4/msg/ActuatorOutputs.idl
[927.716s] -- Symlinking: /repo/ws/install/share/px4/msg/ActuatorServosTrim.idl
[927.730s] -- Symlinking: /repo/ws/install/share/px4/msg/ActuatorTest.idl
[927.750s] -- Symlinking: /repo/ws/install/share/px4/msg/AdcReport.idl
[927.763s] -- Symlinking: /repo/ws/install/share/px4/msg/Airspeed.idl
[927.777s] -- Symlinking: /repo/ws/install/share/px4/msg/AirspeedWind.idl
[927.795s] -- Symlinking: /repo/ws/install/share/px4/msg/AutotuneAttitudeControlStatus.idl
[927.813s] -- Symlinking: /repo/ws/install/share/px4/msg/ButtonEvent.idl
[927.833s] -- Symlinking: /repo/ws/install/share/px4/msg/CameraCapture.idl
[927.848s] -- Symlinking: /repo/ws/install/share/px4/msg/CameraStatus.idl
[927.862s] -- Symlinking: /repo/ws/install/share/px4/msg/CameraTrigger.idl
[927.880s] -- Symlinking: /repo/ws/install/share/px4/msg/CanInterfaceStatus.idl
[927.894s] -- Symlinking: /repo/ws/install/share/px4/msg/CellularStatus.idl
[927.912s] -- Symlinking: /repo/ws/install/share/px4/msg/CollisionConstraints.idl
[927.927s] -- Symlinking: /repo/ws/install/share/px4/msg/ControlAllocatorStatus.idl
[927.946s] -- Symlinking: /repo/ws/install/share/px4/msg/Cpuload.idl
[927.961s] -- Symlinking: /repo/ws/install/share/px4/msg/DatamanRequest.idl
[927.976s] -- Symlinking: /repo/ws/install/share/px4/msg/DatamanResponse.idl
[927.994s] -- Symlinking: /repo/ws/install/share/px4/msg/DebugArray.idl
[928.013s] -- Symlinking: /repo/ws/install/share/px4/msg/DebugKeyValue.idl
[928.033s] -- Symlinking: /repo/ws/install/share/px4/msg/DebugValue.idl
[928.047s] -- Symlinking: /repo/ws/install/share/px4/msg/DebugVect.idl
[928.063s] -- Symlinking: /repo/ws/install/share/px4/msg/DifferentialPressure.idl
[928.083s] -- Symlinking: /repo/ws/install/share/px4/msg/DifferentialVelocitySetpoint.idl
[928.102s] -- Symlinking: /repo/ws/install/share/px4/msg/DistanceSensor.idl
[928.123s] -- Symlinking: /repo/ws/install/share/px4/msg/DistanceSensorModeChangeRequest.idl
[928.140s] -- Symlinking: /repo/ws/install/share/px4/msg/Ekf2Timestamps.idl
[928.157s] -- Symlinking: /repo/ws/install/share/px4/msg/EscReport.idl
[928.173s] -- Symlinking: /repo/ws/install/share/px4/msg/EscStatus.idl
[928.187s] -- Symlinking: /repo/ws/install/share/px4/msg/EstimatorAidSource1d.idl
[928.210s] -- Symlinking: /repo/ws/install/share/px4/msg/EstimatorAidSource2d.idl
[928.227s] -- Symlinking: /repo/ws/install/share/px4/msg/EstimatorAidSource3d.idl
[928.247s] -- Symlinking: /repo/ws/install/share/px4/msg/EstimatorBias.idl
[928.261s] -- Symlinking: /repo/ws/install/share/px4/msg/EstimatorBias3d.idl
[928.279s] -- Symlinking: /repo/ws/install/share/px4/msg/EstimatorEventFlags.idl
[928.299s] -- Symlinking: /repo/ws/install/share/px4/msg/EstimatorGpsStatus.idl
[928.318s] -- Symlinking: /repo/ws/install/share/px4/msg/EstimatorInnovations.idl
[928.333s] -- Symlinking: /repo/ws/install/share/px4/msg/EstimatorSelectorStatus.idl
[928.352s] -- Symlinking: /repo/ws/install/share/px4/msg/EstimatorSensorBias.idl
[928.367s] -- Symlinking: /repo/ws/install/share/px4/msg/EstimatorStates.idl
[928.384s] -- Symlinking: /repo/ws/install/share/px4/msg/EstimatorStatus.idl
[928.403s] -- Symlinking: /repo/ws/install/share/px4/msg/EstimatorStatusFlags.idl
[928.420s] -- Symlinking: /repo/ws/install/share/px4/msg/Event.idl
[928.438s] -- Symlinking: /repo/ws/install/share/px4/msg/FailsafeFlags.idl
[928.454s] -- Symlinking: /repo/ws/install/share/px4/msg/FailureDetectorStatus.idl
[928.473s] -- Symlinking: /repo/ws/install/share/px4/msg/FigureEightStatus.idl
[928.488s] -- Symlinking: /repo/ws/install/share/px4/msg/FlightPhaseEstimation.idl
[928.505s] -- Symlinking: /repo/ws/install/share/px4/msg/FollowTarget.idl
[928.524s] -- Symlinking: /repo/ws/install/share/px4/msg/FollowTargetEstimator.idl
[928.545s] -- Symlinking: /repo/ws/install/share/px4/msg/FollowTargetStatus.idl
[928.560s] -- Symlinking: /repo/ws/install/share/px4/msg/FuelTankStatus.idl
[928.577s] -- Symlinking: /repo/ws/install/share/px4/msg/GeneratorStatus.idl
[928.597s] -- Symlinking: /repo/ws/install/share/px4/msg/GeofenceResult.idl
[928.616s] -- Symlinking: /repo/ws/install/share/px4/msg/GeofenceStatus.idl
[928.636s] -- Symlinking: /repo/ws/install/share/px4/msg/GimbalControls.idl
[928.649s] -- Symlinking: /repo/ws/install/share/px4/msg/GimbalDeviceAttitudeStatus.idl
[928.663s] -- Symlinking: /repo/ws/install/share/px4/msg/GimbalDeviceInformation.idl
[928.685s] -- Symlinking: /repo/ws/install/share/px4/msg/GimbalDeviceSetAttitude.idl
[928.702s] -- Symlinking: /repo/ws/install/share/px4/msg/GimbalManagerInformation.idl
[928.720s] -- Symlinking: /repo/ws/install/share/px4/msg/GimbalManagerSetAttitude.idl
[928.736s] -- Symlinking: /repo/ws/install/share/px4/msg/GimbalManagerSetManualControl.idl
[928.754s] -- Symlinking: /repo/ws/install/share/px4/msg/GimbalManagerStatus.idl
[928.768s] -- Symlinking: /repo/ws/install/share/px4/msg/GpioConfig.idl
[928.782s] -- Symlinking: /repo/ws/install/share/px4/msg/GpioIn.idl
[928.804s] -- Symlinking: /repo/ws/install/share/px4/msg/GpioOut.idl
[928.822s] -- Symlinking: /repo/ws/install/share/px4/msg/GpioRequest.idl
[928.842s] -- Symlinking: /repo/ws/install/share/px4/msg/GpsDump.idl
[928.857s] -- Symlinking: /repo/ws/install/share/px4/msg/GpsInjectData.idl
[928.874s] -- Symlinking: /repo/ws/install/share/px4/msg/Gripper.idl
[928.890s] -- Symlinking: /repo/ws/install/share/px4/msg/HealthReport.idl
[928.906s] -- Symlinking: /repo/ws/install/share/px4/msg/HeaterStatus.idl
[928.925s] -- Symlinking: /repo/ws/install/share/px4/msg/HoverThrustEstimate.idl
[928.942s] -- Symlinking: /repo/ws/install/share/px4/msg/InputRc.idl
[928.960s] -- Symlinking: /repo/ws/install/share/px4/msg/InternalCombustionEngineControl.idl
[928.976s] -- Symlinking: /repo/ws/install/share/px4/msg/InternalCombustionEngineStatus.idl
[928.996s] -- Symlinking: /repo/ws/install/share/px4/msg/IridiumsbdStatus.idl
[929.014s] -- Symlinking: /repo/ws/install/share/px4/msg/IrlockReport.idl
[929.036s] -- Symlinking: /repo/ws/install/share/px4/msg/LandingGear.idl
[929.050s] -- Symlinking: /repo/ws/install/share/px4/msg/LandingGearWheel.idl
[929.064s] -- Symlinking: /repo/ws/install/share/px4/msg/LandingTargetInnovations.idl
[929.084s] -- Symlinking: /repo/ws/install/share/px4/msg/LandingTargetPose.idl
[929.098s] -- Symlinking: /repo/ws/install/share/px4/msg/LaunchDetectionStatus.idl
[929.120s] -- Symlinking: /repo/ws/install/share/px4/msg/LedControl.idl
[929.134s] -- Symlinking: /repo/ws/install/share/px4/msg/LogMessage.idl
[929.155s] -- Symlinking: /repo/ws/install/share/px4/msg/LoggerStatus.idl
[929.173s] -- Symlinking: /repo/ws/install/share/px4/msg/MagWorkerData.idl
[929.186s] -- Symlinking: /repo/ws/install/share/px4/msg/MagnetometerBiasEstimate.idl
[929.208s] -- Symlinking: /repo/ws/install/share/px4/msg/ManualControlSwitches.idl
[929.224s] -- Symlinking: /repo/ws/install/share/px4/msg/MavlinkLog.idl
[929.245s] -- Symlinking: /repo/ws/install/share/px4/msg/MavlinkTunnel.idl
[929.260s] -- Symlinking: /repo/ws/install/share/px4/msg/MessageFormatRequest.idl
[929.280s] -- Symlinking: /repo/ws/install/share/px4/msg/MessageFormatResponse.idl
[929.296s] -- Symlinking: /repo/ws/install/share/px4/msg/Mission.idl
[929.317s] -- Symlinking: /repo/ws/install/share/px4/msg/MissionResult.idl
[929.331s] -- Symlinking: /repo/ws/install/share/px4/msg/MountOrientation.idl
[929.351s] -- Symlinking: /repo/ws/install/share/px4/msg/NavigatorMissionItem.idl
[929.366s] -- Symlinking: /repo/ws/install/share/px4/msg/NavigatorStatus.idl
[929.381s] -- Symlinking: /repo/ws/install/share/px4/msg/NormalizedUnsignedSetpoint.idl
[929.402s] -- Symlinking: /repo/ws/install/share/px4/msg/NpfgStatus.idl
[929.418s] -- Symlinking: /repo/ws/install/share/px4/msg/ObstacleDistance.idl
[929.437s] -- Symlinking: /repo/ws/install/share/px4/msg/OffboardControlMode.idl
[929.451s] -- Symlinking: /repo/ws/install/share/px4/msg/OnboardComputerStatus.idl
[929.468s] -- Symlinking: /repo/ws/install/share/px4/msg/OpenDroneIdArmStatus.idl
[929.487s] -- Symlinking: /repo/ws/install/share/px4/msg/OpenDroneIdOperatorId.idl
[929.502s] -- Symlinking: /repo/ws/install/share/px4/msg/OpenDroneIdSelfId.idl
[929.521s] -- Symlinking: /repo/ws/install/share/px4/msg/OpenDroneIdSystem.idl
[929.537s] -- Symlinking: /repo/ws/install/share/px4/msg/OrbTest.idl
[929.554s] -- Symlinking: /repo/ws/install/share/px4/msg/OrbTestLarge.idl
[929.568s] -- Symlinking: /repo/ws/install/share/px4/msg/OrbTestMedium.idl
[929.584s] -- Symlinking: /repo/ws/install/share/px4/msg/OrbitStatus.idl
[929.604s] -- Symlinking: /repo/ws/install/share/px4/msg/ParameterResetRequest.idl
[929.620s] -- Symlinking: /repo/ws/install/share/px4/msg/ParameterSetUsedRequest.idl
[929.640s] -- Symlinking: /repo/ws/install/share/px4/msg/ParameterSetValueRequest.idl
[929.654s] -- Symlinking: /repo/ws/install/share/px4/msg/ParameterSetValueResponse.idl
[929.670s] -- Symlinking: /repo/ws/install/share/px4/msg/ParameterUpdate.idl
[929.688s] -- Symlinking: /repo/ws/install/share/px4/msg/Ping.idl
[929.705s] -- Symlinking: /repo/ws/install/share/px4/msg/PositionControllerLandingStatus.idl
[929.724s] -- Symlinking: /repo/ws/install/share/px4/msg/PositionControllerStatus.idl
[929.741s] -- Symlinking: /repo/ws/install/share/px4/msg/PositionSetpoint.idl
[929.761s] -- Symlinking: /repo/ws/install/share/px4/msg/PositionSetpointTriplet.idl
[929.775s] -- Symlinking: /repo/ws/install/share/px4/msg/PowerButtonState.idl
[929.792s] -- Symlinking: /repo/ws/install/share/px4/msg/PowerMonitor.idl
[929.811s] -- Symlinking: /repo/ws/install/share/px4/msg/PpsCapture.idl
[929.826s] -- Symlinking: /repo/ws/install/share/px4/msg/PurePursuitStatus.idl
[929.843s] -- Symlinking: /repo/ws/install/share/px4/msg/PwmInput.idl
[929.857s] -- Symlinking: /repo/ws/install/share/px4/msg/Px4ioStatus.idl
[929.875s] -- Symlinking: /repo/ws/install/share/px4/msg/QshellReq.idl
[929.891s] -- Symlinking: /repo/ws/install/share/px4/msg/QshellRetval.idl
[929.906s] -- Symlinking: /repo/ws/install/share/px4/msg/RadioStatus.idl
[929.924s] -- Symlinking: /repo/ws/install/share/px4/msg/RateCtrlStatus.idl
[929.941s] -- Symlinking: /repo/ws/install/share/px4/msg/RcChannels.idl
[929.957s] -- Symlinking: /repo/ws/install/share/px4/msg/RcParameterMap.idl
[929.972s] -- Symlinking: /repo/ws/install/share/px4/msg/RoverAttitudeSetpoint.idl
[929.987s] -- Symlinking: /repo/ws/install/share/px4/msg/RoverAttitudeStatus.idl
[930.004s] -- Symlinking: /repo/ws/install/share/px4/msg/RoverPositionSetpoint.idl
[930.020s] -- Symlinking: /repo/ws/install/share/px4/msg/RoverRateSetpoint.idl
[930.038s] -- Symlinking: /repo/ws/install/share/px4/msg/RoverRateStatus.idl
[930.053s] -- Symlinking: /repo/ws/install/share/px4/msg/RoverSteeringSetpoint.idl
[930.068s] -- Symlinking: /repo/ws/install/share/px4/msg/RoverThrottleSetpoint.idl
[930.087s] -- Symlinking: /repo/ws/install/share/px4/msg/RoverVelocityStatus.idl
[930.101s] -- Symlinking: /repo/ws/install/share/px4/msg/Rpm.idl
[930.122s] -- Symlinking: /repo/ws/install/share/px4/msg/RtlStatus.idl
[930.138s] -- Symlinking: /repo/ws/install/share/px4/msg/RtlTimeEstimate.idl
[930.157s] -- Symlinking: /repo/ws/install/share/px4/msg/SatelliteInfo.idl
[930.172s] -- Symlinking: /repo/ws/install/share/px4/msg/SensorAccel.idl
[930.187s] -- Symlinking: /repo/ws/install/share/px4/msg/SensorAccelFifo.idl
[930.205s] -- Symlinking: /repo/ws/install/share/px4/msg/SensorAirflow.idl
[930.221s] -- Symlinking: /repo/ws/install/share/px4/msg/SensorBaro.idl
[930.239s] -- Symlinking: /repo/ws/install/share/px4/msg/SensorCombined.idl
[930.255s] -- Symlinking: /repo/ws/install/share/px4/msg/SensorCorrection.idl
[930.273s] -- Symlinking: /repo/ws/install/share/px4/msg/SensorGnssRelative.idl
[930.291s] -- Symlinking: /repo/ws/install/share/px4/msg/SensorGps.idl
[930.306s] -- Symlinking: /repo/ws/install/share/px4/msg/SensorGyro.idl
[930.326s] -- Symlinking: /repo/ws/install/share/px4/msg/SensorGyroFft.idl
[930.349s] -- Symlinking: /repo/ws/install/share/px4/msg/SensorGyroFifo.idl
[930.364s] -- Symlinking: /repo/ws/install/share/px4/msg/SensorHygrometer.idl
[930.379s] -- Symlinking: /repo/ws/install/share/px4/msg/SensorMag.idl
[930.399s] -- Symlinking: /repo/ws/install/share/px4/msg/SensorOpticalFlow.idl
[930.418s] -- Symlinking: /repo/ws/install/share/px4/msg/SensorPreflightMag.idl
[930.437s] -- Symlinking: /repo/ws/install/share/px4/msg/SensorSelection.idl
[930.452s] -- Symlinking: /repo/ws/install/share/px4/msg/SensorUwb.idl
[930.467s] -- Symlinking: /repo/ws/install/share/px4/msg/SensorsStatus.idl
[930.486s] -- Symlinking: /repo/ws/install/share/px4/msg/SensorsStatusImu.idl
[930.501s] -- Symlinking: /repo/ws/install/share/px4/msg/SystemPower.idl
[930.520s] -- Symlinking: /repo/ws/install/share/px4/msg/TakeoffStatus.idl
[930.535s] -- Symlinking: /repo/ws/install/share/px4/msg/TaskStackInfo.idl
[930.554s] -- Symlinking: /repo/ws/install/share/px4/msg/TecsStatus.idl
[930.568s] -- Symlinking: /repo/ws/install/share/px4/msg/TelemetryStatus.idl
[930.583s] -- Symlinking: /repo/ws/install/share/px4/msg/TiltrotorExtraControls.idl
[930.603s] -- Symlinking: /repo/ws/install/share/px4/msg/TimesyncStatus.idl
[930.622s] -- Symlinking: /repo/ws/install/share/px4/msg/TrajectorySetpoint6dof.idl
[930.641s] -- Symlinking: /repo/ws/install/share/px4/msg/TransponderReport.idl
[930.656s] -- Symlinking: /repo/ws/install/share/px4/msg/TuneControl.idl
[930.672s] -- Symlinking: /repo/ws/install/share/px4/msg/UavcanParameterRequest.idl
[930.691s] -- Symlinking: /repo/ws/install/share/px4/msg/UavcanParameterValue.idl
[930.709s] -- Symlinking: /repo/ws/install/share/px4/msg/UlogStream.idl
[930.729s] -- Symlinking: /repo/ws/install/share/px4/msg/UlogStreamAck.idl
[930.751s] -- Symlinking: /repo/ws/install/share/px4/msg/VehicleAcceleration.idl
[930.767s] -- Symlinking: /repo/ws/install/share/px4/msg/VehicleAirData.idl
[930.782s] -- Symlinking: /repo/ws/install/share/px4/msg/VehicleAngularAccelerationSetpoint.idl
[930.803s] -- Symlinking: /repo/ws/install/share/px4/msg/VehicleConstraints.idl
[930.819s] -- Symlinking: /repo/ws/install/share/px4/msg/VehicleImu.idl
[930.837s] -- Symlinking: /repo/ws/install/share/px4/msg/VehicleImuStatus.idl
[930.851s] -- Symlinking: /repo/ws/install/share/px4/msg/VehicleLocalPositionSetpoint.idl
[930.866s] -- Symlinking: /repo/ws/install/share/px4/msg/VehicleMagnetometer.idl
[930.886s] -- Symlinking: /repo/ws/install/share/px4/msg/VehicleOpticalFlow.idl
[930.901s] -- Symlinking: /repo/ws/install/share/px4/msg/VehicleOpticalFlowVel.idl
[930.921s] -- Symlinking: /repo/ws/install/share/px4/msg/VehicleRoi.idl
[930.939s] -- Symlinking: /repo/ws/install/share/px4/msg/VehicleThrustSetpoint.idl
[930.957s] -- Symlinking: /repo/ws/install/share/px4/msg/VehicleTorqueSetpoint.idl
[930.971s] -- Symlinking: /repo/ws/install/share/px4/msg/VelocityLimits.idl
[930.986s] -- Symlinking: /repo/ws/install/share/px4/msg/WheelEncoders.idl
[931.004s] -- Symlinking: /repo/ws/install/share/px4/msg/Wind.idl
[931.021s] -- Symlinking: /repo/ws/install/share/px4/msg/YawEstimatorStatus.idl
[931.038s] -- Symlinking: /repo/ws/install/share/px4/msg/ActuatorMotors.idl
[931.053s] -- Symlinking: /repo/ws/install/share/px4/msg/ActuatorServos.idl
[931.067s] -- Symlinking: /repo/ws/install/share/px4/msg/AirspeedValidated.idl
[931.085s] -- Symlinking: /repo/ws/install/share/px4/msg/ArmingCheckReply.idl
[931.099s] -- Symlinking: /repo/ws/install/share/px4/msg/ArmingCheckRequest.idl
[931.119s] -- Symlinking: /repo/ws/install/share/px4/msg/BatteryStatus.idl
[931.133s] -- Symlinking: /repo/ws/install/share/px4/msg/ConfigOverrides.idl
[931.152s] -- Symlinking: /repo/ws/install/share/px4/msg/GotoSetpoint.idl
[931.170s] -- Symlinking: /repo/ws/install/share/px4/msg/HomePosition.idl
[931.184s] -- Symlinking: /repo/ws/install/share/px4/msg/ManualControlSetpoint.idl
[931.204s] -- Symlinking: /repo/ws/install/share/px4/msg/ModeCompleted.idl
[931.225s] -- Symlinking: /repo/ws/install/share/px4/msg/RegisterExtComponentReply.idl
[931.242s] -- Symlinking: /repo/ws/install/share/px4/msg/RegisterExtComponentRequest.idl
[931.257s] -- Symlinking: /repo/ws/install/share/px4/msg/TrajectorySetpoint.idl
[931.272s] -- Symlinking: /repo/ws/install/share/px4/msg/UnregisterExtComponent.idl
[931.291s] -- Symlinking: /repo/ws/install/share/px4/msg/VehicleAngularVelocity.idl
[931.306s] -- Symlinking: /repo/ws/install/share/px4/msg/VehicleAttitude.idl
[931.323s] -- Symlinking: /repo/ws/install/share/px4/msg/VehicleAttitudeSetpoint.idl
[931.340s] -- Symlinking: /repo/ws/install/share/px4/msg/VehicleCommand.idl
[931.357s] -- Symlinking: /repo/ws/install/share/px4/msg/VehicleCommandAck.idl
[931.373s] -- Symlinking: /repo/ws/install/share/px4/msg/VehicleControlMode.idl
[931.390s] -- Symlinking: /repo/ws/install/share/px4/msg/VehicleGlobalPosition.idl
[931.408s] -- Symlinking: /repo/ws/install/share/px4/msg/VehicleLandDetected.idl
[931.426s] -- Symlinking: /repo/ws/install/share/px4/msg/VehicleLocalPosition.idl
[931.443s] -- Symlinking: /repo/ws/install/share/px4/msg/VehicleOdometry.idl
[931.458s] -- Symlinking: /repo/ws/install/share/px4/msg/VehicleRatesSetpoint.idl
[931.474s] -- Symlinking: /repo/ws/install/share/px4/msg/VehicleStatus.idl
[931.492s] -- Symlinking: /repo/ws/install/share/px4/msg/VtolVehicleStatus.idl
[931.507s] -- Symlinking: /repo/ws/install/share/px4/msg/AckermannVelocitySetpoint.msg
[931.525s] -- Symlinking: /repo/ws/install/share/px4/msg/ActionRequest.msg
[931.543s] -- Symlinking: /repo/ws/install/share/px4/msg/ActuatorArmed.msg
[931.559s] -- Symlinking: /repo/ws/install/share/px4/msg/ActuatorControlsStatus.msg
[931.574s] -- Symlinking: /repo/ws/install/share/px4/msg/ActuatorOutputs.msg
[931.589s] -- Symlinking: /repo/ws/install/share/px4/msg/ActuatorServosTrim.msg
[931.606s] -- Symlinking: /repo/ws/install/share/px4/msg/ActuatorTest.msg
[931.625s] -- Symlinking: /repo/ws/install/share/px4/msg/AdcReport.msg
[931.641s] -- Symlinking: /repo/ws/install/share/px4/msg/Airspeed.msg
[931.656s] -- Symlinking: /repo/ws/install/share/px4/msg/AirspeedWind.msg
[931.670s] -- Symlinking: /repo/ws/install/share/px4/msg/AutotuneAttitudeControlStatus.msg
[931.687s] -- Symlinking: /repo/ws/install/share/px4/msg/ButtonEvent.msg
[931.701s] -- Symlinking: /repo/ws/install/share/px4/msg/CameraCapture.msg
[931.718s] -- Symlinking: /repo/ws/install/share/px4/msg/CameraStatus.msg
[931.735s] -- Symlinking: /repo/ws/install/share/px4/msg/CameraTrigger.msg
[931.754s] -- Symlinking: /repo/ws/install/share/px4/msg/CanInterfaceStatus.msg
[931.768s] -- Symlinking: /repo/ws/install/share/px4/msg/CellularStatus.msg
[931.783s] -- Symlinking: /repo/ws/install/share/px4/msg/CollisionConstraints.msg
[931.801s] -- Symlinking: /repo/ws/install/share/px4/msg/ControlAllocatorStatus.msg
[931.818s] -- Symlinking: /repo/ws/install/share/px4/msg/Cpuload.msg
[931.836s] -- Symlinking: /repo/ws/install/share/px4/msg/DatamanRequest.msg
[931.849s] -- Symlinking: /repo/ws/install/share/px4/msg/DatamanResponse.msg
[931.867s] -- Symlinking: /repo/ws/install/share/px4/msg/DebugArray.msg
[931.884s] -- Symlinking: /repo/ws/install/share/px4/msg/DebugKeyValue.msg
[931.900s] -- Symlinking: /repo/ws/install/share/px4/msg/DebugValue.msg
[931.918s] -- Symlinking: /repo/ws/install/share/px4/msg/DebugVect.msg
[931.934s] -- Symlinking: /repo/ws/install/share/px4/msg/DifferentialPressure.msg
[931.952s] -- Symlinking: /repo/ws/install/share/px4/msg/DifferentialVelocitySetpoint.msg
[931.966s] -- Symlinking: /repo/ws/install/share/px4/msg/DistanceSensor.msg
[931.980s] -- Symlinking: /repo/ws/install/share/px4/msg/DistanceSensorModeChangeRequest.msg
[931.999s] -- Symlinking: /repo/ws/install/share/px4/msg/Ekf2Timestamps.msg
[932.017s] -- Symlinking: /repo/ws/install/share/px4/msg/EscReport.msg
[932.038s] -- Symlinking: /repo/ws/install/share/px4/msg/EscStatus.msg
[932.053s] -- Symlinking: /repo/ws/install/share/px4/msg/EstimatorAidSource1d.msg
[932.068s] -- Symlinking: /repo/ws/install/share/px4/msg/EstimatorAidSource2d.msg
[932.085s] -- Symlinking: /repo/ws/install/share/px4/msg/EstimatorAidSource3d.msg
[932.100s] -- Symlinking: /repo/ws/install/share/px4/msg/EstimatorBias.msg
[932.118s] -- Symlinking: /repo/ws/install/share/px4/msg/EstimatorBias3d.msg
[932.134s] -- Symlinking: /repo/ws/install/share/px4/msg/EstimatorEventFlags.msg
[932.152s] -- Symlinking: /repo/ws/install/share/px4/msg/EstimatorGpsStatus.msg
[932.167s] -- Symlinking: /repo/ws/install/share/px4/msg/EstimatorInnovations.msg
[932.186s] -- Symlinking: /repo/ws/install/share/px4/msg/EstimatorSelectorStatus.msg
[932.204s] -- Symlinking: /repo/ws/install/share/px4/msg/EstimatorSensorBias.msg
[932.223s] -- Symlinking: /repo/ws/install/share/px4/msg/EstimatorStates.msg
[932.240s] -- Symlinking: /repo/ws/install/share/px4/msg/EstimatorStatus.msg
[932.254s] -- Symlinking: /repo/ws/install/share/px4/msg/EstimatorStatusFlags.msg
[932.270s] -- Symlinking: /repo/ws/install/share/px4/msg/Event.msg
[932.286s] -- Symlinking: /repo/ws/install/share/px4/msg/FailsafeFlags.msg
[932.301s] -- Symlinking: /repo/ws/install/share/px4/msg/FailureDetectorStatus.msg
[932.321s] -- Symlinking: /repo/ws/install/share/px4/msg/FigureEightStatus.msg
[932.338s] -- Symlinking: /repo/ws/install/share/px4/msg/FlightPhaseEstimation.msg
[932.357s] -- Symlinking: /repo/ws/install/share/px4/msg/FollowTarget.msg
[932.372s] -- Symlinking: /repo/ws/install/share/px4/msg/FollowTargetEstimator.msg
[932.387s] -- Symlinking: /repo/ws/install/share/px4/msg/FollowTargetStatus.msg
[932.407s] -- Symlinking: /repo/ws/install/share/px4/msg/FuelTankStatus.msg
[932.433s] -- Symlinking: /repo/ws/install/share/px4/msg/GeneratorStatus.msg
[932.448s] -- Symlinking: /repo/ws/install/share/px4/msg/GeofenceResult.msg
[932.465s] -- Symlinking: /repo/ws/install/share/px4/msg/GeofenceStatus.msg
[932.487s] -- Symlinking: /repo/ws/install/share/px4/msg/GimbalControls.msg
[932.501s] -- Symlinking: /repo/ws/install/share/px4/msg/GimbalDeviceAttitudeStatus.msg
[932.520s] -- Symlinking: /repo/ws/install/share/px4/msg/GimbalDeviceInformation.msg
[932.535s] -- Symlinking: /repo/ws/install/share/px4/msg/GimbalDeviceSetAttitude.msg
[932.553s] -- Symlinking: /repo/ws/install/share/px4/msg/GimbalManagerInformation.msg
[932.569s] -- Symlinking: /repo/ws/install/share/px4/msg/GimbalManagerSetAttitude.msg
[932.586s] -- Symlinking: /repo/ws/install/share/px4/msg/GimbalManagerSetManualControl.msg
[932.603s] -- Symlinking: /repo/ws/install/share/px4/msg/GimbalManagerStatus.msg
[932.623s] -- Symlinking: /repo/ws/install/share/px4/msg/GpioConfig.msg
[932.641s] -- Symlinking: /repo/ws/install/share/px4/msg/GpioIn.msg
[932.655s] -- Symlinking: /repo/ws/install/share/px4/msg/GpioOut.msg
[932.671s] -- Symlinking: /repo/ws/install/share/px4/msg/GpioRequest.msg
[932.693s] -- Symlinking: /repo/ws/install/share/px4/msg/GpsDump.msg
[932.709s] -- Symlinking: /repo/ws/install/share/px4/msg/GpsInjectData.msg
[932.729s] -- Symlinking: /repo/ws/install/share/px4/msg/Gripper.msg
[932.749s] -- Symlinking: /repo/ws/install/share/px4/msg/HealthReport.msg
[932.762s] -- Symlinking: /repo/ws/install/share/px4/msg/HeaterStatus.msg
[932.777s] -- Symlinking: /repo/ws/install/share/px4/msg/HoverThrustEstimate.msg
[932.796s] -- Symlinking: /repo/ws/install/share/px4/msg/InputRc.msg
[932.810s] -- Symlinking: /repo/ws/install/share/px4/msg/InternalCombustionEngineControl.msg
[932.837s] -- Symlinking: /repo/ws/install/share/px4/msg/InternalCombustionEngineStatus.msg
[932.851s] -- Symlinking: /repo/ws/install/share/px4/msg/IridiumsbdStatus.msg
[932.867s] -- Symlinking: /repo/ws/install/share/px4/msg/IrlockReport.msg
[932.886s] -- Symlinking: /repo/ws/install/share/px4/msg/LandingGear.msg
[932.905s] -- Symlinking: /repo/ws/install/share/px4/msg/LandingGearWheel.msg
[932.923s] -- Symlinking: /repo/ws/install/share/px4/msg/LandingTargetInnovations.msg
[932.949s] -- Symlinking: /repo/ws/install/share/px4/msg/LandingTargetPose.msg
[932.965s] -- Symlinking: /repo/ws/install/share/px4/msg/LaunchDetectionStatus.msg
[932.980s] -- Symlinking: /repo/ws/install/share/px4/msg/LedControl.msg
[932.999s] -- Symlinking: /repo/ws/install/share/px4/msg/LogMessage.msg
[933.013s] -- Symlinking: /repo/ws/install/share/px4/msg/LoggerStatus.msg
[933.035s] -- Symlinking: /repo/ws/install/share/px4/msg/MagWorkerData.msg
[933.049s] -- Symlinking: /repo/ws/install/share/px4/msg/MagnetometerBiasEstimate.msg
[933.065s] -- Symlinking: /repo/ws/install/share/px4/msg/ManualControlSwitches.msg
[933.088s] -- Symlinking: /repo/ws/install/share/px4/msg/MavlinkLog.msg
[933.109s] -- Symlinking: /repo/ws/install/share/px4/msg/MavlinkTunnel.msg
[933.130s] -- Symlinking: /repo/ws/install/share/px4/msg/MessageFormatRequest.msg
[933.149s] -- Symlinking: /repo/ws/install/share/px4/msg/MessageFormatResponse.msg
[933.163s] -- Symlinking: /repo/ws/install/share/px4/msg/Mission.msg
[933.178s] -- Symlinking: /repo/ws/install/share/px4/msg/MissionResult.msg
[933.196s] -- Symlinking: /repo/ws/install/share/px4/msg/MountOrientation.msg
[933.212s] -- Symlinking: /repo/ws/install/share/px4/msg/NavigatorMissionItem.msg
[933.235s] -- Symlinking: /repo/ws/install/share/px4/msg/NavigatorStatus.msg
[933.250s] -- Symlinking: /repo/ws/install/share/px4/msg/NormalizedUnsignedSetpoint.msg
[933.265s] -- Symlinking: /repo/ws/install/share/px4/msg/NpfgStatus.msg
[933.286s] -- Symlinking: /repo/ws/install/share/px4/msg/ObstacleDistance.msg
[933.305s] -- Symlinking: /repo/ws/install/share/px4/msg/OffboardControlMode.msg
[933.322s] -- Symlinking: /repo/ws/install/share/px4/msg/OnboardComputerStatus.msg
[933.346s] -- Symlinking: /repo/ws/install/share/px4/msg/OpenDroneIdArmStatus.msg
[933.364s] -- Symlinking: /repo/ws/install/share/px4/msg/OpenDroneIdOperatorId.msg
[933.378s] -- Symlinking: /repo/ws/install/share/px4/msg/OpenDroneIdSelfId.msg
[933.399s] -- Symlinking: /repo/ws/install/share/px4/msg/OpenDroneIdSystem.msg
[933.415s] -- Symlinking: /repo/ws/install/share/px4/msg/OrbTest.msg
[933.434s] -- Symlinking: /repo/ws/install/share/px4/msg/OrbTestLarge.msg
[933.448s] -- Symlinking: /repo/ws/install/share/px4/msg/OrbTestMedium.msg
[933.464s] -- Symlinking: /repo/ws/install/share/px4/msg/OrbitStatus.msg
[933.485s] -- Symlinking: /repo/ws/install/share/px4/msg/ParameterResetRequest.msg
[933.508s] -- Symlinking: /repo/ws/install/share/px4/msg/ParameterSetUsedRequest.msg
[933.539s] -- Symlinking: /repo/ws/install/share/px4/msg/ParameterSetValueRequest.msg
[933.557s] -- Symlinking: /repo/ws/install/share/px4/msg/ParameterSetValueResponse.msg
[933.571s] -- Symlinking: /repo/ws/install/share/px4/msg/ParameterUpdate.msg
[933.587s] -- Symlinking: /repo/ws/install/share/px4/msg/Ping.msg
[933.604s] -- Symlinking: /repo/ws/install/share/px4/msg/PositionControllerLandingStatus.msg
[933.622s] -- Symlinking: /repo/ws/install/share/px4/msg/PositionControllerStatus.msg
[933.641s] -- Symlinking: /repo/ws/install/share/px4/msg/PositionSetpoint.msg
[933.656s] -- Symlinking: /repo/ws/install/share/px4/msg/PositionSetpointTriplet.msg
[933.670s] -- Symlinking: /repo/ws/install/share/px4/msg/PowerButtonState.msg
[933.689s] -- Symlinking: /repo/ws/install/share/px4/msg/PowerMonitor.msg
[933.709s] -- Symlinking: /repo/ws/install/share/px4/msg/PpsCapture.msg
[933.728s] -- Symlinking: /repo/ws/install/share/px4/msg/PurePursuitStatus.msg
[933.750s] -- Symlinking: /repo/ws/install/share/px4/msg/PwmInput.msg
[933.765s] -- Symlinking: /repo/ws/install/share/px4/msg/Px4ioStatus.msg
[933.779s] -- Symlinking: /repo/ws/install/share/px4/msg/QshellReq.msg
[933.798s] -- Symlinking: /repo/ws/install/share/px4/msg/QshellRetval.msg
[933.813s] -- Symlinking: /repo/ws/install/share/px4/msg/RadioStatus.msg
[933.829s] -- Symlinking: /repo/ws/install/share/px4/msg/RateCtrlStatus.msg
[933.846s] -- Symlinking: /repo/ws/install/share/px4/msg/RcChannels.msg
[933.860s] -- Symlinking: /repo/ws/install/share/px4/msg/RcParameterMap.msg
[933.880s] -- Symlinking: /repo/ws/install/share/px4/msg/RoverAttitudeSetpoint.msg
[933.899s] -- Symlinking: /repo/ws/install/share/px4/msg/RoverAttitudeStatus.msg
[933.916s] -- Symlinking: /repo/ws/install/share/px4/msg/RoverPositionSetpoint.msg
[933.932s] -- Symlinking: /repo/ws/install/share/px4/msg/RoverRateSetpoint.msg
[933.950s] -- Symlinking: /repo/ws/install/share/px4/msg/RoverRateStatus.msg
[933.964s] -- Symlinking: /repo/ws/install/share/px4/msg/RoverSteeringSetpoint.msg
[933.979s] -- Symlinking: /repo/ws/install/share/px4/msg/RoverThrottleSetpoint.msg
[934.002s] -- Symlinking: /repo/ws/install/share/px4/msg/RoverVelocityStatus.msg
[934.017s] -- Symlinking: /repo/ws/install/share/px4/msg/Rpm.msg
[934.038s] -- Symlinking: /repo/ws/install/share/px4/msg/RtlStatus.msg
[934.055s] -- Symlinking: /repo/ws/install/share/px4/msg/RtlTimeEstimate.msg
[934.070s] -- Symlinking: /repo/ws/install/share/px4/msg/SatelliteInfo.msg
[934.088s] -- Symlinking: /repo/ws/install/share/px4/msg/SensorAccel.msg
[934.104s] -- Symlinking: /repo/ws/install/share/px4/msg/SensorAccelFifo.msg
[934.122s] -- Symlinking: /repo/ws/install/share/px4/msg/SensorAirflow.msg
[934.138s] -- Symlinking: /repo/ws/install/share/px4/msg/SensorBaro.msg
[934.156s] -- Symlinking: /repo/ws/install/share/px4/msg/SensorCombined.msg
[934.171s] -- Symlinking: /repo/ws/install/share/px4/msg/SensorCorrection.msg
[934.186s] -- Symlinking: /repo/ws/install/share/px4/msg/SensorGnssRelative.msg
[934.205s] -- Symlinking: /repo/ws/install/share/px4/msg/SensorGps.msg
[934.220s] -- Symlinking: /repo/ws/install/share/px4/msg/SensorGyro.msg
[934.238s] -- Symlinking: /repo/ws/install/share/px4/msg/SensorGyroFft.msg
[934.253s] -- Symlinking: /repo/ws/install/share/px4/msg/SensorGyroFifo.msg
[934.269s] -- Symlinking: /repo/ws/install/share/px4/msg/SensorHygrometer.msg
[934.287s] -- Symlinking: /repo/ws/install/share/px4/msg/SensorMag.msg
[934.306s] -- Symlinking: /repo/ws/install/share/px4/msg/SensorOpticalFlow.msg
[934.324s] -- Symlinking: /repo/ws/install/share/px4/msg/SensorPreflightMag.msg
[934.346s] -- Symlinking: /repo/ws/install/share/px4/msg/SensorSelection.msg
[934.364s] -- Symlinking: /repo/ws/install/share/px4/msg/SensorUwb.msg
[934.380s] -- Symlinking: /repo/ws/install/share/px4/msg/SensorsStatus.msg
[934.399s] -- Symlinking: /repo/ws/install/share/px4/msg/SensorsStatusImu.msg
[934.413s] -- Symlinking: /repo/ws/install/share/px4/msg/SystemPower.msg
[934.433s] -- Symlinking: /repo/ws/install/share/px4/msg/TakeoffStatus.msg
[934.448s] -- Symlinking: /repo/ws/install/share/px4/msg/TaskStackInfo.msg
[934.464s] -- Symlinking: /repo/ws/install/share/px4/msg/TecsStatus.msg
[934.482s] -- Symlinking: /repo/ws/install/share/px4/msg/TelemetryStatus.msg
[934.496s] -- Symlinking: /repo/ws/install/share/px4/msg/TiltrotorExtraControls.msg
[934.515s] -- Symlinking: /repo/ws/install/share/px4/msg/TimesyncStatus.msg
[934.532s] -- Symlinking: /repo/ws/install/share/px4/msg/TrajectorySetpoint6dof.msg
[934.552s] -- Symlinking: /repo/ws/install/share/px4/msg/TransponderReport.msg
[934.567s] -- Symlinking: /repo/ws/install/share/px4/msg/TuneControl.msg
[934.580s] -- Symlinking: /repo/ws/install/share/px4/msg/UavcanParameterRequest.msg
[934.601s] -- Symlinking: /repo/ws/install/share/px4/msg/UavcanParameterValue.msg
[934.617s] -- Symlinking: /repo/ws/install/share/px4/msg/UlogStream.msg
[934.637s] -- Symlinking: /repo/ws/install/share/px4/msg/UlogStreamAck.msg
[934.655s] -- Symlinking: /repo/ws/install/share/px4/msg/VehicleAcceleration.msg
[934.671s] -- Symlinking: /repo/ws/install/share/px4/msg/VehicleAirData.msg
[934.690s] -- Symlinking: /repo/ws/install/share/px4/msg/VehicleAngularAccelerationSetpoint.msg
[934.708s] -- Symlinking: /repo/ws/install/share/px4/msg/VehicleConstraints.msg
[934.725s] -- Symlinking: /repo/ws/install/share/px4/msg/VehicleImu.msg
[934.746s] -- Symlinking: /repo/ws/install/share/px4/msg/VehicleImuStatus.msg
[934.762s] -- Symlinking: /repo/ws/install/share/px4/msg/VehicleLocalPositionSetpoint.msg
[934.778s] -- Symlinking: /repo/ws/install/share/px4/msg/VehicleMagnetometer.msg
[934.798s] -- Symlinking: /repo/ws/install/share/px4/msg/VehicleOpticalFlow.msg
[934.813s] -- Symlinking: /repo/ws/install/share/px4/msg/VehicleOpticalFlowVel.msg
[934.836s] -- Symlinking: /repo/ws/install/share/px4/msg/VehicleRoi.msg
[934.852s] -- Symlinking: /repo/ws/install/share/px4/msg/VehicleThrustSetpoint.msg
[934.866s] -- Symlinking: /repo/ws/install/share/px4/msg/VehicleTorqueSetpoint.msg
[934.885s] -- Symlinking: /repo/ws/install/share/px4/msg/VelocityLimits.msg
[934.900s] -- Symlinking: /repo/ws/install/share/px4/msg/WheelEncoders.msg
[934.918s] -- Symlinking: /repo/ws/install/share/px4/msg/Wind.msg
[934.936s] -- Symlinking: /repo/ws/install/share/px4/msg/YawEstimatorStatus.msg
[934.954s] -- Symlinking: /repo/ws/install/share/px4/versioned/ActuatorMotors.msg
[934.969s] -- Symlinking: /repo/ws/install/share/px4/versioned/ActuatorServos.msg
[934.985s] -- Symlinking: /repo/ws/install/share/px4/versioned/AirspeedValidated.msg
[935.004s] -- Symlinking: /repo/ws/install/share/px4/versioned/ArmingCheckReply.msg
[935.019s] -- Symlinking: /repo/ws/install/share/px4/versioned/ArmingCheckRequest.msg
[935.038s] -- Symlinking: /repo/ws/install/share/px4/versioned/BatteryStatus.msg
[935.053s] -- Symlinking: /repo/ws/install/share/px4/versioned/ConfigOverrides.msg
[935.069s] -- Symlinking: /repo/ws/install/share/px4/versioned/GotoSetpoint.msg
[935.087s] -- Symlinking: /repo/ws/install/share/px4/versioned/HomePosition.msg
[935.102s] -- Symlinking: /repo/ws/install/share/px4/versioned/ManualControlSetpoint.msg
[935.122s] -- Symlinking: /repo/ws/install/share/px4/versioned/ModeCompleted.msg
[935.138s] -- Symlinking: /repo/ws/install/share/px4/versioned/RegisterExtComponentReply.msg
[935.152s] -- Symlinking: /repo/ws/install/share/px4/versioned/RegisterExtComponentRequest.msg
[935.172s] -- Symlinking: /repo/ws/install/share/px4/versioned/TrajectorySetpoint.msg
[935.187s] -- Symlinking: /repo/ws/install/share/px4/versioned/UnregisterExtComponent.msg
[935.205s] -- Symlinking: /repo/ws/install/share/px4/versioned/VehicleAngularVelocity.msg
[935.221s] -- Symlinking: /repo/ws/install/share/px4/versioned/VehicleAttitude.msg
[935.239s] -- Symlinking: /repo/ws/install/share/px4/versioned/VehicleAttitudeSetpoint.msg
[935.255s] -- Symlinking: /repo/ws/install/share/px4/versioned/VehicleCommand.msg
[935.270s] -- Symlinking: /repo/ws/install/share/px4/versioned/VehicleCommandAck.msg
[935.289s] -- Symlinking: /repo/ws/install/share/px4/versioned/VehicleControlMode.msg
[935.309s] -- Symlinking: /repo/ws/install/share/px4/versioned/VehicleGlobalPosition.msg
[935.327s] -- Symlinking: /repo/ws/install/share/px4/versioned/VehicleLandDetected.msg
[935.347s] -- Symlinking: /repo/ws/install/share/px4/versioned/VehicleLocalPosition.msg
[935.363s] -- Symlinking: /repo/ws/install/share/px4/versioned/VehicleOdometry.msg
[935.377s] -- Symlinking: /repo/ws/install/share/px4/versioned/VehicleRatesSetpoint.msg
[935.398s] -- Symlinking: /repo/ws/install/share/px4/versioned/VehicleStatus.msg
[935.413s] -- Symlinking: /repo/ws/install/share/px4/versioned/VtolVehicleStatus.msg
[935.434s] -- Symlinking: /repo/ws/install/share/ament_index/resource_index/package_run_dependencies/px4
[935.449s] -- Symlinking: /repo/ws/install/share/ament_index/resource_index/parent_prefix_path/px4
[935.465s] -- Symlinking: /repo/ws/install/share/px4/environment/ament_prefix_path.sh
[935.487s] -- Symlinking: /repo/ws/install/share/px4/environment/ament_prefix_path.dsv
[935.509s] -- Symlinking: /repo/ws/install/share/px4/environment/path.sh
[935.533s] -- Symlinking: /repo/ws/install/share/px4/environment/path.dsv
[935.550s] -- Symlinking: /repo/ws/install/share/px4/local_setup.bash
[935.571s] -- Symlinking: /repo/ws/install/share/px4/local_setup.sh
[935.587s] -- Symlinking: /repo/ws/install/share/px4/local_setup.zsh
[935.607s] -- Symlinking: /repo/ws/install/share/px4/local_setup.dsv
[935.626s] -- Symlinking: /repo/ws/install/share/px4/package.dsv
[935.643s] -- Symlinking: /repo/ws/install/share/ament_index/resource_index/packages/px4
[935.659s] -- Symlinking: /repo/ws/install/share/px4/cmake/px4Config.cmake
[935.678s] -- Symlinking: /repo/ws/install/share/px4/cmake/px4Config-version.cmake
[935.694s] -- Symlinking: /repo/ws/install/share/px4/package.xml
[935.715s] -- Installing: /repo/ws/install/lib/libpx4__rosidl_generator_c.so
[935.728s] -- Set non-toolchain portion of runtime path of "/repo/ws/install/lib/libpx4__rosidl_generator_c.so" to ""
[935.729s] -- Installing: /repo/ws/install/lib/libpx4__rosidl_typesupport_fastrtps_c.so
[935.759s] -- Set non-toolchain portion of runtime path of "/repo/ws/install/lib/libpx4__rosidl_typesupport_fastrtps_c.so" to ""
[935.759s] -- Installing: /repo/ws/install/lib/libpx4__rosidl_typesupport_fastrtps_cpp.so
[935.791s] -- Set non-toolchain portion of runtime path of "/repo/ws/install/lib/libpx4__rosidl_typesupport_fastrtps_cpp.so" to ""
[935.792s] -- Installing: /repo/ws/install/lib/libpx4__rosidl_typesupport_introspection_c.so
[935.798s] -- Set non-toolchain portion of runtime path of "/repo/ws/install/lib/libpx4__rosidl_typesupport_introspection_c.so" to ""
[935.798s] -- Installing: /repo/ws/install/lib/libpx4__rosidl_typesupport_c.so
[935.801s] -- Set non-toolchain portion of runtime path of "/repo/ws/install/lib/libpx4__rosidl_typesupport_c.so" to ""
[935.802s] -- Installing: /repo/ws/install/lib/libpx4__rosidl_typesupport_introspection_cpp.so
[935.809s] -- Set non-toolchain portion of runtime path of "/repo/ws/install/lib/libpx4__rosidl_typesupport_introspection_cpp.so" to ""
[935.809s] -- Installing: /repo/ws/install/lib/libpx4__rosidl_typesupport_cpp.so
[935.814s] -- Set non-toolchain portion of runtime path of "/repo/ws/install/lib/libpx4__rosidl_typesupport_cpp.so" to ""
[936.227s] Listing '/repo/ws/install/lib/python3.12/site-packages/px4'...
[936.227s] Compiling '/repo/ws/install/lib/python3.12/site-packages/px4/__init__.py'...
[936.227s] Listing '/repo/ws/install/lib/python3.12/site-packages/px4/msg'...
[936.228s] Compiling '/repo/ws/install/lib/python3.12/site-packages/px4/msg/__init__.py'...
[936.228s] Compiling '/repo/ws/install/lib/python3.12/site-packages/px4/msg/_ackermann_velocity_setpoint.py'...
[936.228s] Compiling '/repo/ws/install/lib/python3.12/site-packages/px4/msg/_action_request.py'...
[936.228s] Compiling '/repo/ws/install/lib/python3.12/site-packages/px4/msg/_actuator_armed.py'...
[936.228s] Compiling '/repo/ws/install/lib/python3.12/site-packages/px4/msg/_actuator_controls_status.py'...
[936.228s] Compiling '/repo/ws/install/lib/python3.12/site-packages/px4/msg/_actuator_motors.py'...
[936.228s] Compiling '/repo/ws/install/lib/python3.12/site-packages/px4/msg/_actuator_outputs.py'...
[936.228s] Compiling '/repo/ws/install/lib/python3.12/site-packages/px4/msg/_actuator_servos.py'...
[936.229s] Compiling '/repo/ws/install/lib/python3.12/site-packages/px4/msg/_actuator_servos_trim.py'...
[936.230s] Compiling '/repo/ws/install/lib/python3.12/site-packages/px4/msg/_actuator_test.py'...
[936.230s] Compiling '/repo/ws/install/lib/python3.12/site-packages/px4/msg/_adc_report.py'...
[936.230s] Compiling '/repo/ws/install/lib/python3.12/site-packages/px4/msg/_airspeed.py'...
[936.230s] Compiling '/repo/ws/install/lib/python3.12/site-packages/px4/msg/_airspeed_validated.py'...
[936.230s] Compiling '/repo/ws/install/lib/python3.12/site-packages/px4/msg/_airspeed_wind.py'...
[936.230s] Compiling '/repo/ws/install/lib/python3.12/site-packages/px4/msg/_arming_check_reply.py'...
[936.230s] Compiling '/repo/ws/install/lib/python3.12/site-packages/px4/msg/_arming_check_request.py'...
[936.230s] Compiling '/repo/ws/install/lib/python3.12/site-packages/px4/msg/_autotune_attitude_control_status.py'...
[936.230s] Compiling '/repo/ws/install/lib/python3.12/site-packages/px4/msg/_battery_status.py'...
[936.231s] Compiling '/repo/ws/install/lib/python3.12/site-packages/px4/msg/_button_event.py'...
[936.231s] Compiling '/repo/ws/install/lib/python3.12/site-packages/px4/msg/_camera_capture.py'...
[936.231s] Compiling '/repo/ws/install/lib/python3.12/site-packages/px4/msg/_camera_status.py'...
[936.231s] Compiling '/repo/ws/install/lib/python3.12/site-packages/px4/msg/_camera_trigger.py'...
[936.231s] Compiling '/repo/ws/install/lib/python3.12/site-packages/px4/msg/_can_interface_status.py'...
[936.231s] Compiling '/repo/ws/install/lib/python3.12/site-packages/px4/msg/_cellular_status.py'...
[936.231s] Compiling '/repo/ws/install/lib/python3.12/site-packages/px4/msg/_collision_constraints.py'...
[936.231s] Compiling '/repo/ws/install/lib/python3.12/site-packages/px4/msg/_config_overrides.py'...
[936.231s] Compiling '/repo/ws/install/lib/python3.12/site-packages/px4/msg/_control_allocator_status.py'...
[936.231s] Compiling '/repo/ws/install/lib/python3.12/site-packages/px4/msg/_cpuload.py'...
[936.232s] Compiling '/repo/ws/install/lib/python3.12/site-packages/px4/msg/_dataman_request.py'...
[936.232s] Compiling '/repo/ws/install/lib/python3.12/site-packages/px4/msg/_dataman_response.py'...
[936.232s] Compiling '/repo/ws/install/lib/python3.12/site-packages/px4/msg/_debug_array.py'...
[936.232s] Compiling '/repo/ws/install/lib/python3.12/site-packages/px4/msg/_debug_key_value.py'...
[936.232s] Compiling '/repo/ws/install/lib/python3.12/site-packages/px4/msg/_debug_value.py'...
[936.232s] Compiling '/repo/ws/install/lib/python3.12/site-packages/px4/msg/_debug_vect.py'...
[936.232s] Compiling '/repo/ws/install/lib/python3.12/site-packages/px4/msg/_differential_pressure.py'...
[936.233s] Compiling '/repo/ws/install/lib/python3.12/site-packages/px4/msg/_differential_velocity_setpoint.py'...
[936.233s] Compiling '/repo/ws/install/lib/python3.12/site-packages/px4/msg/_distance_sensor.py'...
[936.233s] Compiling '/repo/ws/install/lib/python3.12/site-packages/px4/msg/_distance_sensor_mode_change_request.py'...
[936.234s] Compiling '/repo/ws/install/lib/python3.12/site-packages/px4/msg/_ekf2_timestamps.py'...
[936.234s] Compiling '/repo/ws/install/lib/python3.12/site-packages/px4/msg/_esc_report.py'...
[936.234s] Compiling '/repo/ws/install/lib/python3.12/site-packages/px4/msg/_esc_status.py'...
[936.234s] Compiling '/repo/ws/install/lib/python3.12/site-packages/px4/msg/_estimator_aid_source1d.py'...
[936.234s] Compiling '/repo/ws/install/lib/python3.12/site-packages/px4/msg/_estimator_aid_source2d.py'...
[936.234s] Compiling '/repo/ws/install/lib/python3.12/site-packages/px4/msg/_estimator_aid_source3d.py'...
[936.234s] Compiling '/repo/ws/install/lib/python3.12/site-packages/px4/msg/_estimator_bias.py'...
[936.234s] Compiling '/repo/ws/install/lib/python3.12/site-packages/px4/msg/_estimator_bias3d.py'...
[936.234s] Compiling '/repo/ws/install/lib/python3.12/site-packages/px4/msg/_estimator_event_flags.py'...
[936.234s] Compiling '/repo/ws/install/lib/python3.12/site-packages/px4/msg/_estimator_gps_status.py'...
[936.234s] Compiling '/repo/ws/install/lib/python3.12/site-packages/px4/msg/_estimator_innovations.py'...
[936.234s] Compiling '/repo/ws/install/lib/python3.12/site-packages/px4/msg/_estimator_selector_status.py'...
[936.235s] Compiling '/repo/ws/install/lib/python3.12/site-packages/px4/msg/_estimator_sensor_bias.py'...
[936.235s] Compiling '/repo/ws/install/lib/python3.12/site-packages/px4/msg/_estimator_states.py'...
[936.235s] Compiling '/repo/ws/install/lib/python3.12/site-packages/px4/msg/_estimator_status.py'...
[936.235s] Compiling '/repo/ws/install/lib/python3.12/site-packages/px4/msg/_estimator_status_flags.py'...
[936.235s] Compiling '/repo/ws/install/lib/python3.12/site-packages/px4/msg/_event.py'...
[936.235s] Compiling '/repo/ws/install/lib/python3.12/site-packages/px4/msg/_failsafe_flags.py'...
[936.235s] Compiling '/repo/ws/install/lib/python3.12/site-packages/px4/msg/_failure_detector_status.py'...
[936.235s] Compiling '/repo/ws/install/lib/python3.12/site-packages/px4/msg/_figure_eight_status.py'...
[936.235s] Compiling '/repo/ws/install/lib/python3.12/site-packages/px4/msg/_flight_phase_estimation.py'...
[936.235s] Compiling '/repo/ws/install/lib/python3.12/site-packages/px4/msg/_follow_target.py'...
[936.235s] Compiling '/repo/ws/install/lib/python3.12/site-packages/px4/msg/_follow_target_estimator.py'...
[936.236s] Compiling '/repo/ws/install/lib/python3.12/site-packages/px4/msg/_follow_target_status.py'...
[936.236s] Compiling '/repo/ws/install/lib/python3.12/site-packages/px4/msg/_fuel_tank_status.py'...
[936.236s] Compiling '/repo/ws/install/lib/python3.12/site-packages/px4/msg/_generator_status.py'...
[936.236s] Compiling '/repo/ws/install/lib/python3.12/site-packages/px4/msg/_geofence_result.py'...
[936.236s] Compiling '/repo/ws/install/lib/python3.12/site-packages/px4/msg/_geofence_status.py'...
[936.236s] Compiling '/repo/ws/install/lib/python3.12/site-packages/px4/msg/_gimbal_controls.py'...
[936.236s] Compiling '/repo/ws/install/lib/python3.12/site-packages/px4/msg/_gimbal_device_attitude_status.py'...
[936.236s] Compiling '/repo/ws/install/lib/python3.12/site-packages/px4/msg/_gimbal_device_information.py'...
[936.236s] Compiling '/repo/ws/install/lib/python3.12/site-packages/px4/msg/_gimbal_device_set_attitude.py'...
[936.236s] Compiling '/repo/ws/install/lib/python3.12/site-packages/px4/msg/_gimbal_manager_information.py'...
[936.236s] Compiling '/repo/ws/install/lib/python3.12/site-packages/px4/msg/_gimbal_manager_set_attitude.py'...
[936.237s] Compiling '/repo/ws/install/lib/python3.12/site-packages/px4/msg/_gimbal_manager_set_manual_control.py'...
[936.237s] Compiling '/repo/ws/install/lib/python3.12/site-packages/px4/msg/_gimbal_manager_status.py'...
[936.237s] Compiling '/repo/ws/install/lib/python3.12/site-packages/px4/msg/_goto_setpoint.py'...
[936.237s] Compiling '/repo/ws/install/lib/python3.12/site-packages/px4/msg/_gpio_config.py'...
[936.237s] Compiling '/repo/ws/install/lib/python3.12/site-packages/px4/msg/_gpio_in.py'...
[936.237s] Compiling '/repo/ws/install/lib/python3.12/site-packages/px4/msg/_gpio_out.py'...
[936.237s] Compiling '/repo/ws/install/lib/python3.12/site-packages/px4/msg/_gpio_request.py'...
[936.237s] Compiling '/repo/ws/install/lib/python3.12/site-packages/px4/msg/_gps_dump.py'...
[936.237s] Compiling '/repo/ws/install/lib/python3.12/site-packages/px4/msg/_gps_inject_data.py'...
[936.237s] Compiling '/repo/ws/install/lib/python3.12/site-packages/px4/msg/_gripper.py'...
[936.237s] Compiling '/repo/ws/install/lib/python3.12/site-packages/px4/msg/_health_report.py'...
[936.237s] Compiling '/repo/ws/install/lib/python3.12/site-packages/px4/msg/_heater_status.py'...
[936.238s] Compiling '/repo/ws/install/lib/python3.12/site-packages/px4/msg/_home_position.py'...
[936.238s] Compiling '/repo/ws/install/lib/python3.12/site-packages/px4/msg/_hover_thrust_estimate.py'...
[936.238s] Compiling '/repo/ws/install/lib/python3.12/site-packages/px4/msg/_input_rc.py'...
[936.574s] Compiling '/repo/ws/install/lib/python3.12/site-packages/px4/msg/_internal_combustion_engine_control.py'...
[936.574s] Compiling '/repo/ws/install/lib/python3.12/site-packages/px4/msg/_internal_combustion_engine_status.py'...
[936.574s] Compiling '/repo/ws/install/lib/python3.12/site-packages/px4/msg/_iridiumsbd_status.py'...
[936.575s] Compiling '/repo/ws/install/lib/python3.12/site-packages/px4/msg/_irlock_report.py'...
[936.575s] Compiling '/repo/ws/install/lib/python3.12/site-packages/px4/msg/_landing_gear.py'...
[936.575s] Compiling '/repo/ws/install/lib/python3.12/site-packages/px4/msg/_landing_gear_wheel.py'...
[936.576s] Compiling '/repo/ws/install/lib/python3.12/site-packages/px4/msg/_landing_target_innovations.py'...
[936.576s] Compiling '/repo/ws/install/lib/python3.12/site-packages/px4/msg/_landing_target_pose.py'...
[936.576s] Compiling '/repo/ws/install/lib/python3.12/site-packages/px4/msg/_launch_detection_status.py'...
[936.576s] Compiling '/repo/ws/install/lib/python3.12/site-packages/px4/msg/_led_control.py'...
[936.576s] Compiling '/repo/ws/install/lib/python3.12/site-packages/px4/msg/_log_message.py'...
[936.576s] Compiling '/repo/ws/install/lib/python3.12/site-packages/px4/msg/_logger_status.py'...
[936.576s] Compiling '/repo/ws/install/lib/python3.12/site-packages/px4/msg/_mag_worker_data.py'...
[936.576s] Compiling '/repo/ws/install/lib/python3.12/site-packages/px4/msg/_magnetometer_bias_estimate.py'...
[936.576s] Compiling '/repo/ws/install/lib/python3.12/site-packages/px4/msg/_manual_control_setpoint.py'...
[936.576s] Compiling '/repo/ws/install/lib/python3.12/site-packages/px4/msg/_manual_control_switches.py'...
[936.576s] Compiling '/repo/ws/install/lib/python3.12/site-packages/px4/msg/_mavlink_log.py'...
[936.576s] Compiling '/repo/ws/install/lib/python3.12/site-packages/px4/msg/_mavlink_tunnel.py'...
[936.576s] Compiling '/repo/ws/install/lib/python3.12/site-packages/px4/msg/_message_format_request.py'...
[936.577s] Compiling '/repo/ws/install/lib/python3.12/site-packages/px4/msg/_message_format_response.py'...
[936.577s] Compiling '/repo/ws/install/lib/python3.12/site-packages/px4/msg/_mission.py'...
[936.577s] Compiling '/repo/ws/install/lib/python3.12/site-packages/px4/msg/_mission_result.py'...
[936.577s] Compiling '/repo/ws/install/lib/python3.12/site-packages/px4/msg/_mode_completed.py'...
[936.577s] Compiling '/repo/ws/install/lib/python3.12/site-packages/px4/msg/_mount_orientation.py'...
[936.577s] Compiling '/repo/ws/install/lib/python3.12/site-packages/px4/msg/_navigator_mission_item.py'...
[936.577s] Compiling '/repo/ws/install/lib/python3.12/site-packages/px4/msg/_navigator_status.py'...
[936.577s] Compiling '/repo/ws/install/lib/python3.12/site-packages/px4/msg/_normalized_unsigned_setpoint.py'...
[936.577s] Compiling '/repo/ws/install/lib/python3.12/site-packages/px4/msg/_npfg_status.py'...
[936.577s] Compiling '/repo/ws/install/lib/python3.12/site-packages/px4/msg/_obstacle_distance.py'...
[936.577s] Compiling '/repo/ws/install/lib/python3.12/site-packages/px4/msg/_offboard_control_mode.py'...
[936.578s] Compiling '/repo/ws/install/lib/python3.12/site-packages/px4/msg/_onboard_computer_status.py'...
[936.578s] Compiling '/repo/ws/install/lib/python3.12/site-packages/px4/msg/_open_drone_id_arm_status.py'...
[936.578s] Compiling '/repo/ws/install/lib/python3.12/site-packages/px4/msg/_open_drone_id_operator_id.py'...
[936.578s] Compiling '/repo/ws/install/lib/python3.12/site-packages/px4/msg/_open_drone_id_self_id.py'...
[936.578s] Compiling '/repo/ws/install/lib/python3.12/site-packages/px4/msg/_open_drone_id_system.py'...
[936.578s] Compiling '/repo/ws/install/lib/python3.12/site-packages/px4/msg/_orb_test.py'...
[936.578s] Compiling '/repo/ws/install/lib/python3.12/site-packages/px4/msg/_orb_test_large.py'...
[936.578s] Compiling '/repo/ws/install/lib/python3.12/site-packages/px4/msg/_orb_test_medium.py'...
[936.578s] Compiling '/repo/ws/install/lib/python3.12/site-packages/px4/msg/_orbit_status.py'...
[936.578s] Compiling '/repo/ws/install/lib/python3.12/site-packages/px4/msg/_parameter_reset_request.py'...
[936.578s] Compiling '/repo/ws/install/lib/python3.12/site-packages/px4/msg/_parameter_set_used_request.py'...
[936.578s] Compiling '/repo/ws/install/lib/python3.12/site-packages/px4/msg/_parameter_set_value_request.py'...
[936.578s] Compiling '/repo/ws/install/lib/python3.12/site-packages/px4/msg/_parameter_set_value_response.py'...
[936.579s] Compiling '/repo/ws/install/lib/python3.12/site-packages/px4/msg/_parameter_update.py'...
[936.579s] Compiling '/repo/ws/install/lib/python3.12/site-packages/px4/msg/_ping.py'...
[936.579s] Compiling '/repo/ws/install/lib/python3.12/site-packages/px4/msg/_position_controller_landing_status.py'...
[936.579s] Compiling '/repo/ws/install/lib/python3.12/site-packages/px4/msg/_position_controller_status.py'...
[936.579s] Compiling '/repo/ws/install/lib/python3.12/site-packages/px4/msg/_position_setpoint.py'...
[936.579s] Compiling '/repo/ws/install/lib/python3.12/site-packages/px4/msg/_position_setpoint_triplet.py'...
[936.579s] Compiling '/repo/ws/install/lib/python3.12/site-packages/px4/msg/_power_button_state.py'...
[936.579s] Compiling '/repo/ws/install/lib/python3.12/site-packages/px4/msg/_power_monitor.py'...
[936.579s] Compiling '/repo/ws/install/lib/python3.12/site-packages/px4/msg/_pps_capture.py'...
[936.579s] Compiling '/repo/ws/install/lib/python3.12/site-packages/px4/msg/_pure_pursuit_status.py'...
[936.579s] Compiling '/repo/ws/install/lib/python3.12/site-packages/px4/msg/_pwm_input.py'...
[936.579s] Compiling '/repo/ws/install/lib/python3.12/site-packages/px4/msg/_px4io_status.py'...
[936.579s] Compiling '/repo/ws/install/lib/python3.12/site-packages/px4/msg/_qshell_req.py'...
[936.580s] Compiling '/repo/ws/install/lib/python3.12/site-packages/px4/msg/_qshell_retval.py'...
[936.580s] Compiling '/repo/ws/install/lib/python3.12/site-packages/px4/msg/_radio_status.py'...
[936.580s] Compiling '/repo/ws/install/lib/python3.12/site-packages/px4/msg/_rate_ctrl_status.py'...
[936.580s] Compiling '/repo/ws/install/lib/python3.12/site-packages/px4/msg/_rc_channels.py'...
[936.580s] Compiling '/repo/ws/install/lib/python3.12/site-packages/px4/msg/_rc_parameter_map.py'...
[936.580s] Compiling '/repo/ws/install/lib/python3.12/site-packages/px4/msg/_register_ext_component_reply.py'...
[936.580s] Compiling '/repo/ws/install/lib/python3.12/site-packages/px4/msg/_register_ext_component_request.py'...
[936.580s] Compiling '/repo/ws/install/lib/python3.12/site-packages/px4/msg/_rover_attitude_setpoint.py'...
[936.580s] Compiling '/repo/ws/install/lib/python3.12/site-packages/px4/msg/_rover_attitude_status.py'...
[936.581s] Compiling '/repo/ws/install/lib/python3.12/site-packages/px4/msg/_rover_position_setpoint.py'...
[936.581s] Compiling '/repo/ws/install/lib/python3.12/site-packages/px4/msg/_rover_rate_setpoint.py'...
[936.581s] Compiling '/repo/ws/install/lib/python3.12/site-packages/px4/msg/_rover_rate_status.py'...
[936.581s] Compiling '/repo/ws/install/lib/python3.12/site-packages/px4/msg/_rover_steering_setpoint.py'...
[936.582s] Compiling '/repo/ws/install/lib/python3.12/site-packages/px4/msg/_rover_throttle_setpoint.py'...
[936.582s] Compiling '/repo/ws/install/lib/python3.12/site-packages/px4/msg/_rover_velocity_status.py'...
[936.582s] Compiling '/repo/ws/install/lib/python3.12/site-packages/px4/msg/_rpm.py'...
[936.582s] Compiling '/repo/ws/install/lib/python3.12/site-packages/px4/msg/_rtl_status.py'...
[936.582s] Compiling '/repo/ws/install/lib/python3.12/site-packages/px4/msg/_rtl_time_estimate.py'...
[936.582s] Compiling '/repo/ws/install/lib/python3.12/site-packages/px4/msg/_satellite_info.py'...
[936.582s] Compiling '/repo/ws/install/lib/python3.12/site-packages/px4/msg/_sensor_accel.py'...
[936.582s] Compiling '/repo/ws/install/lib/python3.12/site-packages/px4/msg/_sensor_accel_fifo.py'...
[936.582s] Compiling '/repo/ws/install/lib/python3.12/site-packages/px4/msg/_sensor_airflow.py'...
[936.583s] Compiling '/repo/ws/install/lib/python3.12/site-packages/px4/msg/_sensor_baro.py'...
[936.584s] Compiling '/repo/ws/install/lib/python3.12/site-packages/px4/msg/_sensor_combined.py'...
[936.584s] Compiling '/repo/ws/install/lib/python3.12/site-packages/px4/msg/_sensor_correction.py'...
[936.584s] Compiling '/repo/ws/install/lib/python3.12/site-packages/px4/msg/_sensor_gnss_relative.py'...
[936.584s] Compiling '/repo/ws/install/lib/python3.12/site-packages/px4/msg/_sensor_gps.py'...
[936.584s] Compiling '/repo/ws/install/lib/python3.12/site-packages/px4/msg/_sensor_gyro.py'...
[936.584s] Compiling '/repo/ws/install/lib/python3.12/site-packages/px4/msg/_sensor_gyro_fft.py'...
[936.585s] Compiling '/repo/ws/install/lib/python3.12/site-packages/px4/msg/_sensor_gyro_fifo.py'...
[936.585s] Compiling '/repo/ws/install/lib/python3.12/site-packages/px4/msg/_sensor_hygrometer.py'...
[936.585s] Compiling '/repo/ws/install/lib/python3.12/site-packages/px4/msg/_sensor_mag.py'...
[936.585s] Compiling '/repo/ws/install/lib/python3.12/site-packages/px4/msg/_sensor_optical_flow.py'...
[936.800s] Compiling '/repo/ws/install/lib/python3.12/site-packages/px4/msg/_sensor_preflight_mag.py'...
[936.800s] Compiling '/repo/ws/install/lib/python3.12/site-packages/px4/msg/_sensor_selection.py'...
[936.800s] Compiling '/repo/ws/install/lib/python3.12/site-packages/px4/msg/_sensor_uwb.py'...
[936.800s] Compiling '/repo/ws/install/lib/python3.12/site-packages/px4/msg/_sensors_status.py'...
[936.800s] Compiling '/repo/ws/install/lib/python3.12/site-packages/px4/msg/_sensors_status_imu.py'...
[936.800s] Compiling '/repo/ws/install/lib/python3.12/site-packages/px4/msg/_system_power.py'...
[936.800s] Compiling '/repo/ws/install/lib/python3.12/site-packages/px4/msg/_takeoff_status.py'...
[936.800s] Compiling '/repo/ws/install/lib/python3.12/site-packages/px4/msg/_task_stack_info.py'...
[936.801s] Compiling '/repo/ws/install/lib/python3.12/site-packages/px4/msg/_tecs_status.py'...
[936.801s] Compiling '/repo/ws/install/lib/python3.12/site-packages/px4/msg/_telemetry_status.py'...
[936.801s] Compiling '/repo/ws/install/lib/python3.12/site-packages/px4/msg/_tiltrotor_extra_controls.py'...
[936.801s] Compiling '/repo/ws/install/lib/python3.12/site-packages/px4/msg/_timesync_status.py'...
[936.801s] Compiling '/repo/ws/install/lib/python3.12/site-packages/px4/msg/_trajectory_setpoint.py'...
[936.801s] Compiling '/repo/ws/install/lib/python3.12/site-packages/px4/msg/_trajectory_setpoint6dof.py'...
[936.801s] Compiling '/repo/ws/install/lib/python3.12/site-packages/px4/msg/_transponder_report.py'...
[936.801s] Compiling '/repo/ws/install/lib/python3.12/site-packages/px4/msg/_tune_control.py'...
[936.801s] Compiling '/repo/ws/install/lib/python3.12/site-packages/px4/msg/_uavcan_parameter_request.py'...
[936.801s] Compiling '/repo/ws/install/lib/python3.12/site-packages/px4/msg/_uavcan_parameter_value.py'...
[936.802s] Compiling '/repo/ws/install/lib/python3.12/site-packages/px4/msg/_ulog_stream.py'...
[936.802s] Compiling '/repo/ws/install/lib/python3.12/site-packages/px4/msg/_ulog_stream_ack.py'...
[936.802s] Compiling '/repo/ws/install/lib/python3.12/site-packages/px4/msg/_unregister_ext_component.py'...
[936.802s] Compiling '/repo/ws/install/lib/python3.12/site-packages/px4/msg/_vehicle_acceleration.py'...
[936.802s] Compiling '/repo/ws/install/lib/python3.12/site-packages/px4/msg/_vehicle_air_data.py'...
[936.802s] Compiling '/repo/ws/install/lib/python3.12/site-packages/px4/msg/_vehicle_angular_acceleration_setpoint.py'...
[936.802s] Compiling '/repo/ws/install/lib/python3.12/site-packages/px4/msg/_vehicle_angular_velocity.py'...
[936.802s] Compiling '/repo/ws/install/lib/python3.12/site-packages/px4/msg/_vehicle_attitude.py'...
[936.802s] Compiling '/repo/ws/install/lib/python3.12/site-packages/px4/msg/_vehicle_attitude_setpoint.py'...
[936.802s] Compiling '/repo/ws/install/lib/python3.12/site-packages/px4/msg/_vehicle_command.py'...
[936.802s] Compiling '/repo/ws/install/lib/python3.12/site-packages/px4/msg/_vehicle_command_ack.py'...
[936.803s] Compiling '/repo/ws/install/lib/python3.12/site-packages/px4/msg/_vehicle_constraints.py'...
[936.803s] Compiling '/repo/ws/install/lib/python3.12/site-packages/px4/msg/_vehicle_control_mode.py'...
[936.803s] Compiling '/repo/ws/install/lib/python3.12/site-packages/px4/msg/_vehicle_global_position.py'...
[936.803s] Compiling '/repo/ws/install/lib/python3.12/site-packages/px4/msg/_vehicle_imu.py'...
[936.803s] Compiling '/repo/ws/install/lib/python3.12/site-packages/px4/msg/_vehicle_imu_status.py'...
[936.803s] Compiling '/repo/ws/install/lib/python3.12/site-packages/px4/msg/_vehicle_land_detected.py'...
[936.803s] Compiling '/repo/ws/install/lib/python3.12/site-packages/px4/msg/_vehicle_local_position.py'...
[936.803s] Compiling '/repo/ws/install/lib/python3.12/site-packages/px4/msg/_vehicle_local_position_setpoint.py'...
[936.803s] Compiling '/repo/ws/install/lib/python3.12/site-packages/px4/msg/_vehicle_magnetometer.py'...
[936.803s] Compiling '/repo/ws/install/lib/python3.12/site-packages/px4/msg/_vehicle_odometry.py'...
[936.803s] Compiling '/repo/ws/install/lib/python3.12/site-packages/px4/msg/_vehicle_optical_flow.py'...
[936.804s] Compiling '/repo/ws/install/lib/python3.12/site-packages/px4/msg/_vehicle_optical_flow_vel.py'...
[936.804s] Compiling '/repo/ws/install/lib/python3.12/site-packages/px4/msg/_vehicle_rates_setpoint.py'...
[936.804s] Compiling '/repo/ws/install/lib/python3.12/site-packages/px4/msg/_vehicle_roi.py'...
[936.804s] Compiling '/repo/ws/install/lib/python3.12/site-packages/px4/msg/_vehicle_status.py'...
[936.804s] Compiling '/repo/ws/install/lib/python3.12/site-packages/px4/msg/_vehicle_thrust_setpoint.py'...
[936.804s] Compiling '/repo/ws/install/lib/python3.12/site-packages/px4/msg/_vehicle_torque_setpoint.py'...
[936.804s] Compiling '/repo/ws/install/lib/python3.12/site-packages/px4/msg/_velocity_limits.py'...
[936.804s] Compiling '/repo/ws/install/lib/python3.12/site-packages/px4/msg/_vtol_vehicle_status.py'...
[936.804s] Compiling '/repo/ws/install/lib/python3.12/site-packages/px4/msg/_wheel_encoders.py'...
[936.804s] Compiling '/repo/ws/install/lib/python3.12/site-packages/px4/msg/_wind.py'...
[936.804s] Compiling '/repo/ws/install/lib/python3.12/site-packages/px4/msg/_yaw_estimator_status.py'...
[936.807s] -- Installing: /repo/ws/install/lib/libpx4__rosidl_generator_py.so
[936.816s] -- Set non-toolchain portion of runtime path of "/repo/ws/install/lib/libpx4__rosidl_generator_py.so" to ""
[936.818s] Invoked command in '/repo/ws/build/px4' returned '0': CMAKE_PREFIX_PATH=${CMAKE_PREFIX_PATH}:/opt/ros/jazzy /usr/bin/cmake --install /repo/ws/build/px4
